Record,Location,X,Y,Longitude,Latitude,Date,Time,Environment,Road_Surface,Traffic_Control,Collision_Location,Light,Collision_Classification,Impact_type,Neighborhood
208,ALBERT ST @ PRESTON ST,366161.0315,5030463.902,-75.71606,45.41142,2017-07-07,11:43:00 PM,01 - Clear,01 - Dry,01 - Traffic signal,02 - Intersection related,07 - Dark,03 - P.D. only,03 - Rear end,Little Italy
209,ALBERT ST @ PRESTON ST,366159.3742,5030466.008,-75.71608,45.41144,2017-09-29,4:16:00 PM,01 - Clear,01 - Dry,01 - Traffic signal,02 - Intersection related,01 - Daylight,02 - Non-fatal injury,03 - Rear end,Centretown West
210,ALBERT ST @ PRESTON ST,366162.4137,5030466.288,-75.71604,45.41144,2017-01-04,10:00:00 PM,03 - Snow,03 - Loose snow,01 - Traffic signal,02 - Intersection related,07 - Dark,03 - P.D. only,03 - Rear end,Centretown West
211,ALBERT ST @ PRESTON ST,366161.0315,5030465.24,-75.71606,45.41143,2017-04-13,7:32:00 PM,01 - Clear,01 - Dry,01 - Traffic signal,02 - Intersection related,01 - Daylight,02 - Non-fatal injury,03 - Rear end,Centretown West
212,ALBERT ST btwn BANK ST & O'CONNOR ST,367526.9968,5031511.208,-75.69848,45.42072,2017-03-20,3:13:00 PM,01 - Clear,01 - Dry,10 - No control,01 - Non intersection,01 - Daylight,03 - P.D. only,04 - Sideswipe,Downtown
213,ALBERT ST btwn BAY ST & LYON ST N,366975.1369,5031162.316,-75.70557,45.41763,2017-05-25,4:00:00 PM,02 - Rain,02 - Wet,10 - No control,04 - At/near private drive,01 - Daylight,03 - P.D. only,02 - Angle,Downtown
214,ALBERT ST btwn BAY ST & LYON ST N,367000.0957,5031180.635,-75.70525,45.4178,2017-12-28,8:55:00 AM,01 - Clear,06 - Ice,10 - No control,01 - Non intersection,01 - Daylight,02 - Non-fatal injury,03 - Rear end,Downtown
215,ALBERT ST btwn BRONSON AVE & BAY ST,366891.5461,5031111.756,-75.70665,45.41719,2017-06-16,5:16:00 PM,01 - Clear,01 - Dry,10 - No control,01 - Non intersection,01 - Daylight,03 - P.D. only,04 - Sideswipe,Downtown
216,ALBERT ST btwn BRONSON AVE & BAY ST,366899.6847,5031118.975,-75.70654,45.41725,2017-09-14,1:21:00 PM,01 - Clear,01 - Dry,10 - No control,01 - Non intersection,01 - Daylight,03 - P.D. only,04 - Sideswipe,Downtown
217,ALBERT ST btwn BRONSON AVE & BAY ST,366904.2339,5031117.5,-75.70648,45.41724,2017-12-03,1:52:00 PM,01 - Clear,01 - Dry,10 - No control,01 - Non intersection,01 - Daylight,03 - P.D. only,04 - Sideswipe,Downtown
218,ALBERT ST btwn BRONSON AVE & BAY ST,366916.6185,5031127.62,-75.70632,45.41733,2017-02-15,8:58:00 AM,03 - Snow,03 - Loose snow,10 - No control,01 - Non intersection,01 - Daylight,02 - Non-fatal injury,03 - Rear end,Downtown
219,ALBERT ST btwn CITY CENTRE AVE & PRESTON ST,366132.9378,5030447.18,-75.71642,45.41127,2017-03-09,12:03:00 PM,01 - Clear,01 - Dry,10 - No control,01 - Non intersection,01 - Daylight,03 - P.D. only,04 - Sideswipe,Little Italy
220,ALBERT ST btwn KENT ST & BANK ST,367359.0598,5031407.221,-75.70064,45.4198,2017-05-10,10:47:00 PM,01 - Clear,01 - Dry,10 - No control,01 - Non intersection,07 - Dark,03 - P.D. only,04 - Sideswipe,Downtown
221,ALBERT ST btwn KENT ST & BANK ST,367315.1398,5031378.797,-75.7012,45.41955,2017-02-02,9:27:00 AM,01 - Clear,02 - Wet,10 - No control,01 - Non intersection,01 - Daylight,02 - Non-fatal injury,07 - SMV other,Downtown
222,ALBERT ST btwn LORNE AVE & PERKINS ST,366519.3287,5030686.767,-75.71146,45.4134,2017-02-21,5:44:00 PM,02 - Rain,02 - Wet,10 - No control,01 - Non intersection,05 - Dusk,03 - P.D. only,04 - Sideswipe,Centretown West
223,ALBERT ST btwn LYON ST N & KENT ST,367179.2671,5031291.926,-75.70295,45.41878,2017-03-24,9:47:00 AM,03 - Snow,03 - Loose snow,10 - No control,01 - Non intersection,01 - Daylight,03 - P.D. only,03 - Rear end,Downtown
224,ALBERT ST btwn METCALFE ST & ELGIN ST,367709.3827,5031624.812,-75.69613,45.42173,2017-10-24,8:41:00 AM,02 - Rain,02 - Wet,10 - No control,01 - Non intersection,01 - Daylight,02 - Non-fatal injury,07 - SMV other,Downtown
225,ALBERT ST btwn METCALFE ST & ELGIN ST,367733.6396,5031640.414,-75.69582,45.42187,2017-11-14,10:17:00 PM,01 - Clear,01 - Dry,10 - No control,01 - Non intersection,07 - Dark,02 - Non-fatal injury,03 - Rear end,Downtown
226,ALBERT ST btwn PRESTON ST & Continuation of ALBERT ST,366252.439,5030526.232,-75.71489,45.41197,2017-07-10,5:10:00 PM,01 - Clear,01 - Dry,10 - No control,01 - Non intersection,01 - Daylight,02 - Non-fatal injury,07 - SMV other,Centretown West
227,ALBERT ST btwn SCOTT ST & CITY CENTRE AVE (1),365728.5757,5030212.691,-75.72162,45.4092,2017-10-02,8:37:00 AM,01 - Clear,01 - Dry,10 - No control,01 - Non intersection,01 - Daylight,03 - P.D. only,04 - Sideswipe,LeBreton Flats
228,ALBERT ST btwn SCOTT ST & CITY CENTRE AVE (1),365654.5228,5030150.413,-75.72257,45.40864,2017-03-15,9:10:00 AM,05 - Drifting Snow,03 - Loose snow,10 - No control,01 - Non intersection,01 - Daylight,03 - P.D. only,03 - Rear end,Mechanicsville
229,ALBERT ST btwn SLATER ST & BRICKHILL ST,366599.109,5030752.673,-75.71043,45.41398,2017-04-07,9:46:00 AM,01 - Clear,01 - Dry,10 - No control,01 - Non intersection,01 - Daylight,03 - P.D. only,04 - Sideswipe,LeBreton Flats
230,ALBERT ST btwn TRANSIT & SLATER ST,366582.4038,5030724.029,-75.71065,45.41372,2017-05-30,8:12:00 PM,02 - Rain,02 - Wet,10 - No control,01 - Non intersection,01 - Daylight,02 - Non-fatal injury,04 - Sideswipe,Centretown West
231,ALBION RD @ BANK ST,371947.0624,5024129.499,-75.64301,45.3539,2017-06-12,5:48:00 PM,01 - Clear,01 - Dry,01 - Traffic signal,03 - At intersection,01 - Daylight,02 - Non-fatal injury,02 - Angle,Emerald Woods - Sawmill Creek
232,ALBION RD @ BANK ST,371946.7279,5024127.996,-75.64301,45.35388,2017-07-22,11:11:00 AM,01 - Clear,01 - Dry,01 - Traffic signal,02 - Intersection related,01 - Daylight,03 - P.D. only,03 - Rear end,Emerald Woods - Sawmill Creek
233,ALBION RD @ BANK ST,371946.2769,5024128.823,-75.64302,45.35389,2017-11-19,5:27:00 PM,01 - Clear,01 - Dry,01 - Traffic signal,02 - Intersection related,07 - Dark,03 - P.D. only,02 - Angle,Emerald Woods - Sawmill Creek
234,ALBION RD @ BANK ST,371947.5863,5024129.499,-75.643,45.3539,2017-01-12,5:34:00 PM,02 - Rain,02 - Wet,01 - Traffic signal,02 - Intersection related,05 - Dusk,03 - P.D. only,03 - Rear end,Emerald Woods - Sawmill Creek
235,ALBION RD @ BANK ST,371945.9774,5024129.124,-75.64302,45.35389,2017-02-14,8:39:00 AM,01 - Clear,04 - Slush,01 - Traffic signal,02 - Intersection related,01 - Daylight,03 - P.D. only,03 - Rear end,Emerald Woods - Sawmill Creek
236,ALBION RD @ BANK ST,371945.7246,5024129.499,-75.64303,45.3539,2017-03-16,1:10:00 PM,01 - Clear,02 - Wet,01 - Traffic signal,02 - Intersection related,01 - Daylight,03 - P.D. only,02 - Angle,Emerald Woods - Sawmill Creek
237,ALBION RD @ BANK ST,371947.0624,5024130.837,-75.64301,45.35391,2017-04-13,5:55:00 PM,01 - Clear,01 - Dry,01 - Traffic signal,02 - Intersection related,01 - Daylight,03 - P.D. only,03 - Rear end,Emerald Woods - Sawmill Creek
238,ALBION RD @ BANK ST,371947.0624,5024128.831,-75.64301,45.35389,2017-04-13,4:10:00 PM,01 - Clear,01 - Dry,01 - Traffic signal,03 - At intersection,01 - Daylight,03 - P.D. only,05 - Turning movement,Emerald Woods - Sawmill Creek
239,ALBION RD @ BRIDLE PATH DR,372107.0633,5023740.502,-75.64102,45.35038,2017-06-09,10:57:00 AM,01 - Clear,01 - Dry,01 - Traffic signal,03 - At intersection,01 - Daylight,02 - Non-fatal injury,01 - Approaching,Blossom Park - Blossom Park West - Sawmill Creek/ Timbermill
240,ALBION RD @ BRIDLE PATH DR,372106.3944,5023739.833,-75.64103,45.35037,2017-11-05,3:31:00 AM,02 - Rain,02 - Wet,01 - Traffic signal,02 - Intersection related,07 - Dark,02 - Non-fatal injury,07 - SMV other,Emerald Woods - Sawmill Creek
241,ALBION RD @ CAHILL DR,371726.2775,5024667.972,-75.64575,45.35876,2017-02-04,8:50:00 AM,01 - Clear,01 - Dry,02 - Stop sign,03 - At intersection,01 - Daylight,03 - P.D. only,02 - Angle,South Keys - Heron Gate - Greenboro West
242,ALBION RD @ DES MESANGES DR,371989.392,5024021.515,-75.64248,45.35292,2017-05-31,12:54:00 AM,01 - Clear,02 - Wet,10 - No control,03 - At intersection,07 - Dark,01 - Fatal injury,05 - Turning movement,Emerald Woods - Sawmill Creek
243,ALBION RD @ FINDLAY CREEK DR,374010.0249,5019208.543,-75.61737,45.30942,2017-02-15,3:30:00 PM,01 - Clear,01 - Dry,01 - Traffic signal,02 - Intersection related,01 - Daylight,03 - P.D. only,04 - Sideswipe,Greenbelt
244,ALBION RD @ GOTH AVE,372332.8177,5023198.98,-75.63821,45.34549,2017-12-22,9:49:00 PM,01 - Clear,05 - Packed snow,02 - Stop sign,03 - At intersection,07 - Dark,03 - P.D. only,02 - Angle,Blossom Park - Blossom Park West - Sawmill Creek/ Timbermill
245,ALBION RD @ HEATHERINGTON RD,371119.8075,5026147.376,-75.65329,45.37213,2017-11-26,7:14:00 PM,03 - Snow,06 - Ice,02 - Stop sign,02 - Intersection related,07 - Dark,03 - P.D. only,03 - Rear end,Ledbury - Heron Gate - Ridgemont - Elmwood
246,ALBION RD @ HUNT CLUB RD,371868.0682,5024320.518,-75.64399,45.35562,2017-06-04,10:05:00 AM,01 - Clear,01 - Dry,01 - Traffic signal,02 - Intersection related,01 - Daylight,03 - P.D. only,03 - Rear end,South Keys - Heron Gate - Greenboro West
247,ALBION RD @ HUNT CLUB RD,371866.7304,5024319.849,-75.64401,45.35562,2017-06-08,5:25:00 PM,01 - Clear,01 - Dry,01 - Traffic signal,02 - Intersection related,01 - Daylight,03 - P.D. only,03 - Rear end,South Keys - Heron Gate - Greenboro West
248,ALBION RD @ HUNT CLUB RD,371867.3993,5024320.518,-75.644,45.35562,2017-05-18,9:04:00 AM,01 - Clear,01 - Dry,01 - Traffic signal,03 - At intersection,01 - Daylight,03 - P.D. only,02 - Angle,South Keys - Heron Gate - Greenboro West
249,ALBION RD @ HUNT CLUB RD,371867.7337,5024319.808,-75.644,45.35562,2017-12-12,6:10:00 PM,03 - Snow,03 - Loose snow,01 - Traffic signal,02 - Intersection related,07 - Dark,03 - P.D. only,03 - Rear end,South Keys - Heron Gate - Greenboro West
250,ALBION RD @ HUNT CLUB RD,371868.0682,5024320.518,-75.64399,45.35562,2017-04-20,6:45:00 PM,01 - Clear,01 - Dry,01 - Traffic signal,02 - Intersection related,01 - Daylight,03 - P.D. only,02 - Angle,South Keys - Heron Gate - Greenboro West
251,ALBION RD @ HUNT CLUB RD,371866.7304,5024319.849,-75.64401,45.35562,2017-03-18,5:24:00 PM,01 - Clear,01 - Dry,01 - Traffic signal,03 - At intersection,01 - Daylight,03 - P.D. only,05 - Turning movement,South Keys - Heron Gate - Greenboro West
252,ALBION RD @ JOHNSTON RD,371504.5336,5025226.417,-75.64851,45.36381,2017-07-17,6:30:00 PM,01 - Clear,01 - Dry,02 - Stop sign,02 - Intersection related,01 - Daylight,03 - P.D. only,03 - Rear end,South Keys - Heron Gate - Greenboro West
253,ALBION RD @ LESTER RD,372694.4088,5022333.834,-75.63372,45.33767,2017-06-01,8:28:00 AM,01 - Clear,01 - Dry,01 - Traffic signal,02 - Intersection related,01 - Daylight,03 - P.D. only,03 - Rear end,Greenbelt
254,ALBION RD @ LESTER RD,372694.2337,5022331.477,-75.63372,45.33765,2017-06-28,9:33:00 PM,01 - Clear,01 - Dry,01 - Traffic signal,02 - Intersection related,07 - Dark,03 - P.D. only,03 - Rear end,Greenbelt
255,ALBION RD @ LESTER RD,372695.0777,5022331.158,-75.63371,45.33764,2017-07-01,10:01:00 PM,02 - Rain,02 - Wet,01 - Traffic signal,03 - At intersection,07 - Dark,03 - P.D. only,05 - Turning movement,Greenbelt
256,ALBION RD @ LESTER RD,372694.9347,5022332.734,-75.63371,45.33766,2017-07-01,2:23:00 PM,01 - Clear,01 - Dry,01 - Traffic signal,03 - At intersection,01 - Daylight,02 - Non-fatal injury,02 - Angle,Greenbelt
257,ALBION RD @ LESTER RD,372695.501,5022332.931,-75.6337,45.33766,2017-11-12,8:13:00 PM,01 - Clear,01 - Dry,01 - Traffic signal,03 - At intersection,07 - Dark,03 - P.D. only,05 - Turning movement,Greenbelt
258,ALBION RD @ MCMAHON AVE,372363.2135,5023122.276,-75.63784,45.34479,2017-01-13,5:28:00 PM,01 - Clear,01 - Dry,02 - Stop sign,03 - At intersection,05 - Dusk,02 - Non-fatal injury,03 - Rear end,Emerald Woods - Sawmill Creek
259,ALBION RD @ MITCH OWENS RD,375907.3921,5014803.492,-75.59381,45.26959,2017-06-26,8:37:00 AM,01 - Clear,01 - Dry,01 - Traffic signal,03 - At intersection,01 - Daylight,02 - Non-fatal injury,05 - Turning movement,Greely
260,ALBION RD @ MITCH OWENS RD,375907.0886,5014805.118,-75.59381,45.26961,2017-04-24,5:30:00 PM,01 - Clear,01 - Dry,01 - Traffic signal,02 - Intersection related,01 - Daylight,02 - Non-fatal injury,03 - Rear end,Osgoode
261,ALBION RD @ MITCH OWENS RD,375907.656,5014805.126,-75.5938,45.26961,2017-06-15,11:04:00 PM,02 - Rain,02 - Wet,01 - Traffic signal,02 - Intersection related,07 - Dark,03 - P.D. only,04 - Sideswipe,Osgoode
262,ALBION RD @ MITCH OWENS RD,375902.7131,5014805.107,-75.59387,45.26961,2017-07-25,4:23:00 PM,01 - Clear,01 - Dry,01 - Traffic signal,02 - Intersection related,01 - Daylight,03 - P.D. only,03 - Rear end,Osgoode
263,ALBION RD @ MITCH OWENS RD,375907.7009,5014804.212,-75.5938,45.2696,2017-08-25,7:06:00 AM,01 - Clear,01 - Dry,01 - Traffic signal,03 - At intersection,01 - Daylight,03 - P.D. only,05 - Turning movement,Greely
264,ALBION RD @ MITCH OWENS RD,375906.7541,5014803.903,-75.59382,45.2696,2017-10-03,12:07:00 PM,01 - Clear,01 - Dry,01 - Traffic signal,02 - Intersection related,01 - Daylight,03 - P.D. only,03 - Rear end,Greely
265,ALBION RD @ MITCH OWENS RD,375906.7541,5014804.449,-75.59382,45.2696,2017-10-04,12:10:00 PM,02 - Rain,02 - Wet,01 - Traffic signal,02 - Intersection related,01 - Daylight,02 - Non-fatal injury,03 - Rear end,Greely
266,ALBION RD @ MITCH OWENS RD,375904.1311,5014806.525,-75.59385,45.26962,2017-09-27,6:53:00 AM,01 - Clear,01 - Dry,01 - Traffic signal,03 - At intersection,03 - Dawn,03 - P.D. only,05 - Turning movement,Osgoode
267,ALBION RD @ MITCH OWENS RD,375905.8074,5014804.212,-75.59383,45.2696,2017-09-27,3:57:00 PM,01 - Clear,01 - Dry,01 - Traffic signal,02 - Intersection related,01 - Daylight,03 - P.D. only,03 - Rear end,Osgoode
268,ALBION RD @ MITCH OWENS RD,375907.7009,5014804.686,-75.5938,45.2696,2017-12-14,8:01:00 AM,01 - Clear,02 - Wet,01 - Traffic signal,02 - Intersection related,01 - Daylight,02 - Non-fatal injury,03 - Rear end,Greely
269,ALBION RD @ MITCH OWENS RD,375907.2051,5014804.224,-75.59381,45.2696,2017-11-30,10:25:00 AM,01 - Clear,01 - Dry,01 - Traffic signal,02 - Intersection related,01 - Daylight,03 - P.D. only,05 - Turning movement,Greely
270,ALBION RD @ MITCH OWENS RD,375907.7099,5014804.688,-75.5938,45.2696,2017-12-11,5:59:00 AM,01 - Clear,01 - Dry,01 - Traffic signal,03 - At intersection,07 - Dark,03 - P.D. only,05 - Turning movement,Greely
271,ALBION RD @ MITCH OWENS RD,375907.232,5014805.166,-75.59381,45.26961,2017-12-02,9:48:00 AM,01 - Clear,01 - Dry,01 - Traffic signal,03 - At intersection,01 - Daylight,02 - Non-fatal injury,05 - Turning movement,Osgoode
272,ALBION RD @ MITCH OWENS RD,375907.7099,5014804.21,-75.5938,45.2696,2017-12-14,7:19:00 AM,01 - Clear,01 - Dry,01 - Traffic signal,03 - At intersection,03 - Dawn,03 - P.D. only,05 - Turning movement,Greely
273,ALBION RD @ MITCH OWENS RD,375905.5195,5014803.215,-75.59383,45.26959,2017-02-10,9:50:00 AM,01 - Clear,01 - Dry,01 - Traffic signal,02 - Intersection related,01 - Daylight,03 - P.D. only,03 - Rear end,Osgoode
274,ALBION RD @ MITCH OWENS RD,375906.2114,5014805.263,-75.59382,45.26961,2017-02-03,6:33:00 AM,01 - Clear,01 - Dry,01 - Traffic signal,03 - At intersection,03 - Dawn,03 - P.D. only,05 - Turning movement,Osgoode
275,ALBION RD @ MITCH OWENS RD,375906.2114,5014805.263,-75.59382,45.26961,2017-01-29,10:15:00 PM,03 - Snow,03 - Loose snow,01 - Traffic signal,02 - Intersection related,07 - Dark,03 - P.D. only,07 - SMV other,Osgoode
276,ALBION RD @ MITCH OWENS RD,375907.7574,5014804.449,-75.5938,45.2696,2017-01-04,3:03:00 PM,01 - Clear,02 - Wet,01 - Traffic signal,02 - Intersection related,01 - Daylight,02 - Non-fatal injury,03 - Rear end,Greely
277,ALBION RD @ MITCH OWENS RD,375907.0886,5014804.449,-75.59381,45.2696,2017-04-21,8:24:00 AM,02 - Rain,02 - Wet,01 - Traffic signal,03 - At intersection,01 - Daylight,03 - P.D. only,05 - Turning movement,Greely
278,ALBION RD @ MITCH OWENS RD,375906.4197,5014805.787,-75.59382,45.26961,2017-03-14,6:37:00 AM,03 - Snow,02 - Wet,01 - Traffic signal,03 - At intersection,03 - Dawn,02 - Non-fatal injury,05 - Turning movement,Osgoode
279,ALBION RD @ RIDEAU RD,375092.7522,5016675.362,-75.60392,45.28652,2017-06-29,4:43:00 PM,02 - Rain,02 - Wet,01 - Traffic signal,02 - Intersection related,01 - Daylight,03 - P.D. only,03 - Rear end,Greenbelt
280,ALBION RD @ RIDEAU RD,375095.6248,5016668.836,-75.60389,45.28646,2017-08-14,8:17:00 AM,01 - Clear,01 - Dry,01 - Traffic signal,02 - Intersection related,01 - Daylight,02 - Non-fatal injury,03 - Rear end,Greenbelt
281,ALBION RD @ RIDEAU RD,375093.5027,5016674.835,-75.60391,45.28651,2017-02-09,12:09:00 PM,01 - Clear,01 - Dry,01 - Traffic signal,03 - At intersection,01 - Daylight,02 - Non-fatal injury,02 - Angle,Greenbelt
282,ALBION RD @ RIDEAU RD,375085.303,5016667.346,-75.60402,45.28645,2017-01-02,10:29:00 AM,01 - Clear,01 - Dry,01 - Traffic signal,03 - At intersection,01 - Daylight,03 - P.D. only,02 - Angle,Greenbelt
283,ALBION RD @ SOUTHGATE RD/ROYAL OAK CRT,371818.0759,5024441.904,-75.64461,45.35672,2017-02-07,1:26:00 AM,03 - Snow,03 - Loose snow,02 - Stop sign,03 - At intersection,07 - Dark,03 - P.D. only,07 - SMV other,South Keys - Heron Gate - Greenboro West
284,ALBION RD @ WYLDEWOOD ST,372293.1171,5023293.265,-75.63871,45.34634,2017-07-24,1:11:00 PM,02 - Rain,02 - Wet,02 - Stop sign,02 - Intersection related,01 - Daylight,02 - Non-fatal injury,03 - Rear end,Blossom Park - Blossom Park West - Sawmill Creek/ Timbermill
285,ALBION RD btwn 210 S OF HIGH RD/EARL ARMSTRONG RD/RIDEAU CARLETON RACE,375036.2305,5016797.537,-75.60463,45.28762,2017-05-08,2:50:00 PM,01 - Clear,01 - Dry,10 - No control,01 - Non intersection,01 - Daylight,03 - P.D. only,07 - SMV other,Greenbelt
286,ALBION RD btwn 210 S OF HIGH RD/EARL ARMSTRONG RD/RIDEAU CARLETON RACE,374719.8262,5017529.732,-75.60856,45.29424,2017-07-19,8:23:00 PM,01 - Clear,01 - Dry,10 - No control,01 - Non intersection,05 - Dusk,03 - P.D. only,07 - SMV other,Greenbelt
287,ALBION RD btwn ALBION RD S & BANK ST,371942.2407,5024141.038,-75.64307,45.354,2017-08-11,6:08:00 PM,01 - Clear,01 - Dry,10 - No control,04 - At/near private drive,01 - Daylight,02 - Non-fatal injury,02 - Angle,Emerald Woods - Sawmill Creek
288,ALBION RD btwn BANK ST & DES MESANGES DR,371951.0757,5024115.453,-75.64296,45.35377,2017-04-05,9:54:00 AM,01 - Clear,01 - Dry,10 - No control,04 - At/near private drive,01 - Daylight,03 - P.D. only,02 - Angle,Emerald Woods - Sawmill Creek
289,ALBION RD btwn DEL ZOTTO AVE & HIGH RD,374027.0818,5019165.065,-75.61716,45.30903,2017-06-08,12:52:00 AM,01 - Clear,01 - Dry,10 - No control,01 - Non intersection,07 - Dark,02 - Non-fatal injury,07 - SMV other,Greenbelt
290,ALBION RD btwn DEL ZOTTO AVE & HIGH RD,373998.3192,5019236.637,-75.61752,45.30967,2017-09-15,7:55:00 AM,01 - Clear,01 - Dry,10 - No control,01 - Non intersection,01 - Daylight,02 - Non-fatal injury,03 - Rear end,Greenbelt
291,ALBION RD btwn DEL ZOTTO AVE & HIGH RD,374528.4213,5017980.844,-75.61093,45.29832,2017-04-07,1:14:00 PM,02 - Rain,02 - Wet,10 - No control,01 - Non intersection,01 - Daylight,03 - P.D. only,07 - SMV other,Greenbelt
292,ALBION RD btwn DEL ZOTTO AVE & HIGH RD,374204.2875,5018734.975,-75.61496,45.30514,2017-03-24,9:05:00 PM,03 - Snow,03 - Loose snow,10 - No control,04 - At/near private drive,07 - Dark,03 - P.D. only,04 - Sideswipe,Greenbelt
293,ALBION RD btwn DEL ZOTTO AVE & HIGH RD,373885.4385,5019496.124,-75.61892,45.31202,2017-12-30,12:58:00 PM,03 - Snow,03 - Loose snow,10 - No control,04 - At/near private drive,01 - Daylight,02 - Non-fatal injury,07 - SMV other,Greenbelt
294,ALBION RD btwn HIGH RD/EARL ARMSTRONG RD & 210 S OF HIGH RD/EARL ARMST,374669.1583,5017633.848,-75.60919,45.29518,2017-05-05,8:56:00 AM,02 - Rain,02 - Wet,10 - No control,01 - Non intersection,01 - Daylight,03 - P.D. only,07 - SMV other,Greenbelt
295,ALBION RD btwn KILLYMOON WAY & MITCH OWENS RD,375853.9504,5014924.92,-75.59447,45.27069,2017-05-09,4:48:00 PM,01 - Clear,01 - Dry,10 - No control,04 - At/near private drive,01 - Daylight,02 - Non-fatal injury,03 - Rear end,Osgoode
296,ALBION RD btwn KILLYMOON WAY & MITCH OWENS RD,375888.1004,5014855.198,-75.59405,45.27006,2017-03-06,3:36:00 PM,01 - Clear,01 - Dry,10 - No control,04 - At/near private drive,01 - Daylight,03 - P.D. only,05 - Turning movement,Osgoode
297,ALBION RD btwn LESTER RD & LEITRIM RD,373041.2318,5021500.573,-75.62941,45.33014,2017-05-16,3:59:00 PM,01 - Clear,01 - Dry,10 - No control,01 - Non intersection,01 - Daylight,02 - Non-fatal injury,03 - Rear end,Greenbelt
298,ALBION RD btwn LESTER RD & LEITRIM RD,372750.6572,5022197.49,-75.63302,45.33643,2017-09-02,10:55:00 PM,01 - Clear,01 - Dry,10 - No control,01 - Non intersection,07 - Dark,02 - Non-fatal injury,07 - SMV other,Greenbelt
299,ALBION RD btwn LESTER RD & LEITRIM RD,372733.0864,5022241.372,-75.63324,45.33683,2017-10-05,5:37:00 PM,01 - Clear,01 - Dry,10 - No control,01 - Non intersection,01 - Daylight,02 - Non-fatal injury,05 - Turning movement,Greenbelt
300,ALBION RD btwn LESTER RD & LEITRIM RD,372754.5394,5022194.391,-75.63297,45.33641,2017-11-29,4:20:00 PM,01 - Clear,01 - Dry,10 - No control,01 - Non intersection,05 - Dusk,03 - P.D. only,03 - Rear end,Greenbelt
301,ALBION RD btwn LESTER RD & LEITRIM RD,372772.0007,5022147.212,-75.63275,45.33598,2017-04-10,4:19:00 PM,01 - Clear,01 - Dry,10 - No control,01 - Non intersection,01 - Daylight,03 - P.D. only,03 - Rear end,Greenbelt
302,ALBION RD btwn LESTER RD & LEITRIM RD,372773.3385,5022149.887,-75.63274,45.336,2017-03-14,4:27:00 PM,03 - Snow,03 - Loose snow,10 - No control,01 - Non intersection,01 - Daylight,03 - P.D. only,03 - Rear end,Greenbelt
303,ALBION RD btwn LESTER RD & LEITRIM RD,373394.4101,5020648.756,-75.62502,45.32244,2017-02-27,7:07:00 AM,01 - Clear,01 - Dry,10 - No control,01 - Non intersection,03 - Dawn,03 - P.D. only,07 - SMV other,Greenbelt
304,ALBION RD btwn LESTER RD & LEITRIM RD,372772.1375,5022146.9,-75.63275,45.33598,2017-12-18,11:24:00 PM,01 - Clear,04 - Slush,10 - No control,01 - Non intersection,07 - Dark,03 - P.D. only,07 - SMV other,Greenbelt
305,ALBION RD btwn RIDEAU RD & TULLAMORE ST,375543.8378,5015640.055,-75.59832,45.27716,2017-06-27,2:37:00 PM,01 - Clear,02 - Wet,10 - No control,01 - Non intersection,01 - Daylight,03 - P.D. only,07 - SMV other,Osgoode
306,ALBION RD btwn RIDEAU RD & TULLAMORE ST,375489.628,5015757.941,-75.599,45.27822,2017-03-15,9:30:00 AM,03 - Snow,03 - Loose snow,10 - No control,01 - Non intersection,01 - Daylight,02 - Non-fatal injury,07 - SMV other,Greenbelt
307,ALBION RD btwn RIDEAU RD & TULLAMORE ST,375287.6731,5016226.747,-75.6015,45.28246,2017-04-07,12:24:00 AM,02 - Rain,02 - Wet,10 - No control,01 - Non intersection,07 - Dark,03 - P.D. only,07 - SMV other,Greenbelt
308,ALBION RD/COLLISTON CRES E @ WALKLEY RD,371033.4917,5026354.601,-75.65437,45.374,2017-06-17,7:42:00 PM,01 - Clear,01 - Dry,01 - Traffic signal,02 - Intersection related,01 - Daylight,02 - Non-fatal injury,01 - Approaching,Ledbury - Heron Gate - Ridgemont - Elmwood
309,ALBION RD/COLLISTON CRES E @ WALKLEY RD,371035.169,5026354.797,-75.65435,45.374,2017-07-25,12:05:00 PM,01 - Clear,01 - Dry,01 - Traffic signal,03 - At intersection,01 - Daylight,02 - Non-fatal injury,05 - Turning movement,Ledbury - Heron Gate - Ridgemont - Elmwood
310,ALBION RD/COLLISTON CRES E @ WALKLEY RD,371033.1263,5026353.497,-75.65437,45.37399,2017-07-22,6:01:00 AM,01 - Clear,01 - Dry,01 - Traffic signal,03 - At intersection,03 - Dawn,02 - Non-fatal injury,07 - SMV other,Ledbury - Heron Gate - Ridgemont - Elmwood
311,ALBION RD/COLLISTON CRES E @ WALKLEY RD,371033.2609,5026354.972,-75.65437,45.37401,2017-07-19,1:11:00 PM,01 - Clear,01 - Dry,01 - Traffic signal,02 - Intersection related,01 - Daylight,03 - P.D. only,03 - Rear end,Ledbury - Heron Gate - Ridgemont - Elmwood
312,ALBION RD/COLLISTON CRES E @ WALKLEY RD,371035.1233,5026355.622,-75.65435,45.37401,2017-11-18,6:54:00 PM,01 - Clear,01 - Dry,01 - Traffic signal,03 - At intersection,07 - Dark,02 - Non-fatal injury,05 - Turning movement,Ledbury - Heron Gate - Ridgemont - Elmwood