Record,Location,X,Y,Longitude,Latitude,Date,Time,Environment,Road_Surface,Traffic_Control,Collision_Location,Light,Collision_Classification,Impact_type,Neighborhood
313,ALBION RD/COLLISTON CRES E @ WALKLEY RD,371034.3133,5026355.314,-75.65436,45.37401,2017-03-01,6:22:00 PM,02 - Rain,02 - Wet,01 - Traffic signal,03 - At intersection,07 - Dark,03 - P.D. only,05 - Turning movement,Ledbury - Heron Gate - Ridgemont - Elmwood
314,ALBURY CRES N @ DELAMERE DR N,349190.0183,5013423.709,-75.9344,45.25937,2017-10-15,9:23:00 PM,01 - Clear,01 - Dry,02 - Stop sign,02 - Intersection related,07 - Dark,03 - P.D. only,03 - Rear end,Crossing Bridge
315,ALCIDE AVE @ ROCKDALE RD,394763.1996,5024415.457,-75.35181,45.35391,2017-11-15,5:51:00 PM,01 - Clear,01 - Dry,02 - Stop sign,03 - At intersection,07 - Dark,03 - P.D. only,02 - Angle,Navan - Vars
316,ALDBURN PL @ ABBEYHILL DR,353286.1664,5017353.717,-75.88182,45.29446,2017-01-17,6:21:00 PM,01 - Clear,01 - Dry,10 - No control,02 - Intersection related,07 - Dark,03 - P.D. only,02 - Angle,Glen Cairn - Kanata South Business Park
317,ALDERCREST DR @ VIEWMOUNT DR,364428.3641,5022642.496,-75.73914,45.3412,2017-03-31,3:08:00 PM,01 - Clear,01 - Dry,02 - Stop sign,02 - Intersection related,01 - Daylight,03 - P.D. only,01 - Approaching,Crestview - Meadowlands
318,ALDERGROVE WAY @ OLD PRESCOTT RD,377677.7537,5014172.776,-75.57134,45.26374,2017-10-04,1:00:00 PM,01 - Clear,01 - Dry,02 - Stop sign,03 - At intersection,01 - Daylight,03 - P.D. only,02 - Angle,Greely
319,ALDERGROVE WAY @ OLD PRESCOTT RD,377679.2349,5014171.199,-75.57132,45.26372,2017-12-15,2:09:00 PM,01 - Clear,05 - Packed snow,02 - Stop sign,03 - At intersection,01 - Daylight,02 - Non-fatal injury,02 - Angle,Greely
320,ALDGATE CRES btwn SHERWAY DR & SHERWAY DR,362738.0533,5015114.169,-75.76159,45.2736,2017-08-11,2:00:00 PM,01 - Clear,01 - Dry,10 - No control,01 - Non intersection,99 - Other,03 - P.D. only,06 - SMV unattended vehicle,Barrhaven West - Old Barrhaven
321,ALERT RD/AIRPORT PKWY/UPLANDS DR RAMP 62 @ LES,371305.9317,5021353.254,-75.65156,45.32898,2017-05-13,12:29:00 PM,02 - Rain,02 - Wet,01 - Traffic signal,03 - At intersection,01 - Daylight,03 - P.D. only,02 - Angle,Greenbelt
322,ALERT RD/AIRPORT PKWY/UPLANDS DR RAMP 62 @ LES,371310.8709,5021357.057,-75.6515,45.32901,2017-04-29,12:00:00 AM,01 - Clear,01 - Dry,01 - Traffic signal,03 - At intersection,07 - Dark,03 - P.D. only,07 - SMV other,Greenbelt
323,ALERT RD/AIRPORT PKWY/UPLANDS DR RAMP 62 @ LES,371305.7179,5021355.172,-75.65157,45.32899,2017-07-28,6:00:00 AM,01 - Clear,01 - Dry,01 - Traffic signal,02 - Intersection related,01 - Daylight,03 - P.D. only,03 - Rear end,Greenbelt
324,ALERT RD/AIRPORT PKWY/UPLANDS DR RAMP 62 @ LES,371308.8588,5021353.784,-75.65153,45.32898,2017-08-03,9:35:00 AM,01 - Clear,01 - Dry,01 - Traffic signal,02 - Intersection related,01 - Daylight,03 - P.D. only,05 - Turning movement,Greenbelt
325,ALERT RD/AIRPORT PKWY/UPLANDS DR RAMP 62 @ LES,371307.1576,5021354.098,-75.65155,45.32898,2017-06-27,2:07:00 PM,02 - Rain,02 - Wet,01 - Traffic signal,02 - Intersection related,01 - Daylight,03 - P.D. only,03 - Rear end,Greenbelt
326,ALERT RD/AIRPORT PKWY/UPLANDS DR RAMP 62 @ LES,371306.5976,5021356.281,-75.65155,45.329,2017-09-27,4:05:00 PM,02 - Rain,02 - Wet,01 - Traffic signal,02 - Intersection related,01 - Daylight,03 - P.D. only,04 - Sideswipe,Greenbelt
327,ALERT RD/AIRPORT PKWY/UPLANDS DR RAMP 62 @ LES,371306.1651,5021355.138,-75.65156,45.32899,2017-01-21,2:04:00 PM,01 - Clear,02 - Wet,01 - Traffic signal,02 - Intersection related,01 - Daylight,03 - P.D. only,05 - Turning movement,Greenbelt
328,ALERT RD/AIRPORT PKWY/UPLANDS DR RAMP 62 @ LES,371307.0423,5021353.113,-75.65155,45.32898,2017-04-23,4:37:00 PM,01 - Clear,01 - Dry,01 - Traffic signal,02 - Intersection related,01 - Daylight,02 - Non-fatal injury,07 - SMV other,Greenbelt
329,ALERT RD/AIRPORT PKWY/UPLANDS DR RAMP 62 @ LES,371305.0356,5021354.45,-75.65157,45.32899,2017-03-20,5:33:00 PM,01 - Clear,01 - Dry,01 - Traffic signal,02 - Intersection related,01 - Daylight,03 - P.D. only,04 - Sideswipe,Greenbelt
330,ALESTHER ST @ DONALD ST,371992.3861,5032461.253,-75.6413,45.42886,2017-05-18,9:02:00 AM,01 - Clear,01 - Dry,02 - Stop sign,02 - Intersection related,01 - Daylight,03 - P.D. only,03 - Rear end,Overbrook
331,ALESTHER ST @ DONALD ST,371992.7205,5032460.823,-75.64129,45.42885,2017-09-10,5:57:00 PM,01 - Clear,01 - Dry,02 - Stop sign,03 - At intersection,01 - Daylight,03 - P.D. only,05 - Turning movement,Overbrook
332,ALESTHER ST @ WOLFFDALE CRES S,372057.0431,5032294.919,-75.64049,45.42735,2017-12-09,1:30:00 PM,01 - Clear,01 - Dry,10 - No control,03 - At intersection,01 - Daylight,03 - P.D. only,04 - Sideswipe,Overbrook
333,ALESTHER ST btwn PRINCE ALBERT ST & END,372158.2667,5032060.027,-75.63923,45.42523,2017-08-21,2:49:00 PM,01 - Clear,01 - Dry,10 - No control,01 - Non intersection,01 - Daylight,03 - P.D. only,06 - SMV unattended vehicle,Overbrook
334,ALESTHER ST btwn WOLFFDALE CRES & WOLFFDALE CRES,372031.0679,5032362.221,-75.64081,45.42796,2017-04-05,2:14:00 PM,01 - Clear,01 - Dry,10 - No control,04 - At/near private drive,01 - Daylight,03 - P.D. only,03 - Rear end,Overbrook
335,ALEUTIAN RD @ CHINOOK CRES N,359142.3299,5022612.155,-75.80659,45.34135,2017-06-02,8:20:00 AM,01 - Clear,01 - Dry,03 - Yield sign,03 - At intersection,01 - Daylight,03 - P.D. only,02 - Angle,Qualicum - Redwood Park
336,ALEUTIAN RD btwn CHINOOK CRES & CHINOOK CRES,359389.5499,5022218.822,-75.80348,45.33779,2017-02-16,4:30:00 PM,01 - Clear,02 - Wet,10 - No control,01 - Non intersection,01 - Daylight,02 - Non-fatal injury,07 - SMV other,Qualicum - Redwood Park
337,ALEXANDRA BR btwn MURRAY ST & END,367140.5385,5032511.822,-75.70329,45.42976,2017-12-14,8:10:00 AM,01 - Clear,01 - Dry,10 - No control,07 - Overpass or bridge,01 - Daylight,03 - P.D. only,03 - Rear end,Bywar
338,ALGOMA RD @ COMSTOCK RD,373662.6734,5031108.273,-75.62014,45.41652,2017-12-13,10:41:00 AM,01 - Clear,04 - Slush,02 - Stop sign,03 - At intersection,01 - Daylight,03 - P.D. only,05 - Turning movement,Industrial Park
339,ALGOMA RD @ STAR TOP RD,373930.0655,5031214.232,-75.61671,45.41745,2017-11-18,2:03:00 PM,04 - Freezing Rain,06 - Ice,02 - Stop sign,02 - Intersection related,01 - Daylight,03 - P.D. only,05 - Turning movement,Industrial Park
340,ALGOMA RD @ STAR TOP RD,373932.5843,5031218.022,-75.61668,45.41748,2017-01-05,10:18:00 AM,01 - Clear,06 - Ice,02 - Stop sign,02 - Intersection related,01 - Daylight,03 - P.D. only,03 - Rear end,Industrial Park
341,ALICE ST @ LANDRY ST,369559.7086,5033491.587,-75.67225,45.43836,2017-06-26,6:33:00 PM,01 - Clear,01 - Dry,02 - Stop sign,02 - Intersection related,01 - Daylight,03 - P.D. only,06 - SMV unattended vehicle,Vanier North
342,ALLEN BLVD @ MCARTHUR AVE,370750.7051,5032749.346,-75.65712,45.43157,2017-06-03,12:13:00 PM,01 - Clear,01 - Dry,01 - Traffic signal,02 - Intersection related,01 - Daylight,03 - P.D. only,04 - Sideswipe,Vanier South
343,ALLEN BLVD @ MCARTHUR AVE,370751.1785,5032750.282,-75.65712,45.43158,2017-10-17,9:03:00 AM,01 - Clear,01 - Dry,01 - Traffic signal,03 - At intersection,01 - Daylight,02 - Non-fatal injury,04 - Sideswipe,Vanier South
344,ALLEN BLVD @ MCARTHUR AVE,370750.3707,5032748.903,-75.65713,45.43156,2017-11-24,4:00:00 PM,01 - Clear,01 - Dry,01 - Traffic signal,03 - At intersection,01 - Daylight,03 - P.D. only,05 - Turning movement,Vanier South
345,ALLEN BLVD @ MCARTHUR AVE,370751.0396,5032749.572,-75.65712,45.43157,2017-11-13,3:07:00 PM,01 - Clear,01 - Dry,01 - Traffic signal,02 - Intersection related,01 - Daylight,03 - P.D. only,04 - Sideswipe,Vanier South
346,ALLENBY RD @ AYTON LANE,349519.6144,5023314.387,-75.9293,45.34835,2017-01-25,7:29:00 AM,03 - Snow,03 - Loose snow,02 - Stop sign,02 - Intersection related,03 - Dawn,03 - P.D. only,07 - SMV other,Morgan's Grant
347,ALLENBY RD/IPSWICH TER @ FLAMBOROUGH WAY,349321.1987,5023067.502,-75.93186,45.34614,2017-03-06,6:09:00 PM,04 - Freezing Rain,02 - Wet,02 - Stop sign,02 - Intersection related,05 - Dusk,03 - P.D. only,02 - Angle,Morgan's Grant
348,ALPINE AVE @ CARLING AVE,360497.0115,5024942.519,-75.78904,45.36221,2017-05-03,10:50:00 AM,01 - Clear,01 - Dry,01 - Traffic signal,03 - At intersection,01 - Daylight,03 - P.D. only,02 - Angle,Whitehaven - Queensway Terrace North
349,ALPINE AVE @ CARLING AVE,360497.6803,5024943.188,-75.78903,45.36222,2017-05-19,12:10:00 PM,01 - Clear,01 - Dry,01 - Traffic signal,02 - Intersection related,01 - Daylight,02 - Non-fatal injury,03 - Rear end,Whitehaven - Queensway Terrace North
350,ALPINE AVE @ CARLING AVE,360498.3492,5024943.188,-75.78902,45.36222,2017-06-28,6:50:00 PM,02 - Rain,02 - Wet,01 - Traffic signal,02 - Intersection related,01 - Daylight,03 - P.D. only,03 - Rear end,Whitehaven - Queensway Terrace North
351,ALPINE AVE @ CARLING AVE,360497.748,5024942.251,-75.78903,45.36221,2017-07-21,5:26:00 PM,01 - Clear,01 - Dry,01 - Traffic signal,02 - Intersection related,01 - Daylight,03 - P.D. only,04 - Sideswipe,Whitehaven - Queensway Terrace North
352,ALPINE AVE @ CARLING AVE,360496.1991,5024942.758,-75.78905,45.36222,2017-08-21,7:08:00 PM,01 - Clear,01 - Dry,01 - Traffic signal,02 - Intersection related,01 - Daylight,03 - P.D. only,03 - Rear end,Whitehaven - Queensway Terrace North
353,ALPINE AVE @ CARLING AVE,360496.1306,5024941.972,-75.78905,45.36221,2017-10-05,4:26:00 PM,01 - Clear,01 - Dry,01 - Traffic signal,03 - At intersection,01 - Daylight,03 - P.D. only,05 - Turning movement,Whitehaven - Queensway Terrace North
354,ALPINE AVE @ CARLING AVE,360495.0048,5024942.519,-75.78907,45.36221,2017-11-12,4:39:00 PM,01 - Clear,01 - Dry,01 - Traffic signal,03 - At intersection,05 - Dusk,03 - P.D. only,02 - Angle,Whitehaven - Queensway Terrace North
355,ALPINE AVE @ CARLING AVE,360497.54,5024942.735,-75.78903,45.36222,2017-11-21,4:47:00 PM,01 - Clear,01 - Dry,01 - Traffic signal,02 - Intersection related,05 - Dusk,02 - Non-fatal injury,04 - Sideswipe,Whitehaven - Queensway Terrace North
356,ALPINE AVE @ CARLING AVE,360496.677,5024943.229,-75.78904,45.36222,2017-11-08,3:40:00 PM,01 - Clear,01 - Dry,01 - Traffic signal,02 - Intersection related,01 - Daylight,03 - P.D. only,03 - Rear end,Whitehaven - Queensway Terrace North
357,ALPINE AVE @ CARLING AVE,360497.1504,5024941.809,-75.78904,45.36221,2017-01-31,4:56:00 PM,01 - Clear,01 - Dry,01 - Traffic signal,02 - Intersection related,05 - Dusk,03 - P.D. only,05 - Turning movement,Whitehaven - Queensway Terrace North
358,ALPINE AVE @ CARLING AVE,360496.2036,5024941.809,-75.78905,45.36221,2017-01-13,3:28:00 PM,01 - Clear,01 - Dry,01 - Traffic signal,02 - Intersection related,01 - Daylight,03 - P.D. only,03 - Rear end,Whitehaven - Queensway Terrace North
359,ALPINE AVE @ CARLING AVE,360497.6803,5024941.85,-75.78903,45.36221,2017-03-03,1:41:00 PM,01 - Clear,01 - Dry,01 - Traffic signal,03 - At intersection,01 - Daylight,03 - P.D. only,02 - Angle,Whitehaven - Queensway Terrace North
360,ALPINE AVE btwn CARLING AVE & ELMHURST ST,360534.7764,5024842.598,-75.78857,45.36131,2017-09-17,1:55:00 PM,01 - Clear,01 - Dry,10 - No control,01 - Non intersection,01 - Daylight,03 - P.D. only,06 - SMV unattended vehicle,Whitehaven - Queensway Terrace North
361,ALPINE AVE btwn HENLEY ST & CLARENDA ST,360725.1351,5024369.459,-75.78619,45.35704,2017-06-20,8:04:00 AM,01 - Clear,01 - Dry,10 - No control,01 - Non intersection,01 - Daylight,03 - P.D. only,06 - SMV unattended vehicle,Whitehaven - Queensway Terrace North
362,ALTA VISTA DR @ BANK ST,370248.4036,5026201.408,-75.66441,45.3727,2017-05-28,6:29:00 PM,01 - Clear,01 - Dry,01 - Traffic signal,02 - Intersection related,01 - Daylight,03 - P.D. only,03 - Rear end,Ledbury - Heron Gate - Ridgemont - Elmwood
363,ALTA VISTA DR @ BANK ST,370247.7347,5026199.402,-75.66442,45.37268,2017-05-23,10:41:00 AM,01 - Clear,01 - Dry,01 - Traffic signal,02 - Intersection related,01 - Daylight,03 - P.D. only,03 - Rear end,Ledbury - Heron Gate - Ridgemont - Elmwood
364,ALTA VISTA DR @ BANK ST,370246.3969,5026201.408,-75.66444,45.3727,2017-06-26,7:35:00 AM,01 - Clear,01 - Dry,01 - Traffic signal,02 - Intersection related,01 - Daylight,02 - Non-fatal injury,03 - Rear end,Ledbury - Heron Gate - Ridgemont - Elmwood
365,ALTA VISTA DR @ BANK ST,370246.4627,5026199.936,-75.66444,45.37269,2017-08-04,1:13:00 PM,01 - Clear,01 - Dry,01 - Traffic signal,02 - Intersection related,01 - Daylight,03 - P.D. only,04 - Sideswipe,Ledbury - Heron Gate - Ridgemont - Elmwood
366,ALTA VISTA DR @ BANK ST,370248.735,5026200.073,-75.66441,45.37269,2017-08-11,12:40:00 PM,01 - Clear,01 - Dry,01 - Traffic signal,03 - At intersection,01 - Daylight,03 - P.D. only,03 - Rear end,Ledbury - Heron Gate - Ridgemont - Elmwood
367,ALTA VISTA DR @ BANK ST,370248.2911,5026201.405,-75.66441,45.3727,2017-07-31,2:42:00 PM,01 - Clear,01 - Dry,01 - Traffic signal,02 - Intersection related,01 - Daylight,02 - Non-fatal injury,03 - Rear end,Ledbury - Heron Gate - Ridgemont - Elmwood
368,ALTA VISTA DR @ BANK ST,370248.4036,5026200.739,-75.66441,45.37269,2017-11-13,11:00:00 AM,01 - Clear,01 - Dry,01 - Traffic signal,02 - Intersection related,01 - Daylight,03 - P.D. only,04 - Sideswipe,Ledbury - Heron Gate - Ridgemont - Elmwood
369,ALTA VISTA DR @ BANK ST,370248.547,5026200.5,-75.66441,45.37269,2017-12-18,11:00:00 AM,03 - Snow,03 - Loose snow,01 - Traffic signal,02 - Intersection related,01 - Daylight,03 - P.D. only,04 - Sideswipe,Ledbury - Heron Gate - Ridgemont - Elmwood
370,ALTA VISTA DR @ BILLINGS AVE,370350.0966,5028611.306,-75.66279,45.39437,2017-08-04,10:00:00 PM,01 - Clear,01 - Dry,02 - Stop sign,02 - Intersection related,07 - Dark,02 - Non-fatal injury,02 - Angle,Alta Vista
371,ALTA VISTA DR @ CUNNINGHAM AVE,370344.5675,5028017.11,-75.66294,45.38903,2017-08-23,6:17:00 PM,02 - Rain,02 - Wet,02 - Stop sign,02 - Intersection related,01 - Daylight,03 - P.D. only,03 - Rear end,Alta Vista
372,ALTA VISTA DR @ CUNNINGHAM AVE,370345.3672,5028018.331,-75.66293,45.38904,2017-10-02,11:38:00 PM,01 - Clear,01 - Dry,02 - Stop sign,03 - At intersection,07 - Dark,03 - P.D. only,03 - Rear end,Alta Vista
373,ALTA VISTA DR @ CUNNINGHAM AVE,370344.5675,5028017.11,-75.66294,45.38903,2017-10-03,2:11:00 PM,01 - Clear,01 - Dry,02 - Stop sign,03 - At intersection,01 - Daylight,02 - Non-fatal injury,02 - Angle,Alta Vista
374,ALTA VISTA DR @ CUNNINGHAM AVE,370344.2495,5028016.361,-75.66295,45.38902,2017-11-02,2:19:00 PM,02 - Rain,02 - Wet,02 - Stop sign,02 - Intersection related,01 - Daylight,02 - Non-fatal injury,03 - Rear end,Alta Vista
375,ALTA VISTA DR @ CUNNINGHAM AVE,370345.0574,5028016.876,-75.66294,45.38902,2017-11-25,10:16:00 AM,02 - Rain,02 - Wet,02 - Stop sign,02 - Intersection related,01 - Daylight,03 - P.D. only,03 - Rear end,Alta Vista
376,ALTA VISTA DR @ DALE AVE,370697.7179,5030197.361,-75.65814,45.40861,2017-12-13,8:10:00 AM,01 - Clear,04 - Slush,02 - Stop sign,02 - Intersection related,01 - Daylight,03 - P.D. only,03 - Rear end,Industrial Park
377,ALTA VISTA DR @ DALE AVE,370697.2445,5030197.845,-75.65815,45.40861,2017-12-18,3:37:00 PM,03 - Snow,04 - Slush,02 - Stop sign,03 - At intersection,01 - Daylight,03 - P.D. only,05 - Turning movement,Industrial Park
378,ALTA VISTA DR @ KILBORN AVE,370365.3887,5027752.877,-75.66271,45.38665,2017-05-18,6:21:00 PM,01 - Clear,01 - Dry,01 - Traffic signal,02 - Intersection related,01 - Daylight,03 - P.D. only,04 - Sideswipe,Alta Vista
379,ALTA VISTA DR @ KILBORN AVE,370365.2497,5027752.723,-75.66271,45.38665,2017-10-04,5:12:00 PM,01 - Clear,01 - Dry,01 - Traffic signal,02 - Intersection related,01 - Daylight,03 - P.D. only,03 - Rear end,Alta Vista
380,ALTA VISTA DR @ KILBORN AVE,370366.0053,5027751.925,-75.6627,45.38664,2017-12-14,11:32:00 AM,01 - Clear,02 - Wet,01 - Traffic signal,03 - At intersection,01 - Daylight,03 - P.D. only,02 - Angle,Alta Vista
381,ALTA VISTA DR @ PALEN AVE,370423.0535,5027285.213,-75.66204,45.38243,2017-10-21,12:48:00 PM,01 - Clear,01 - Dry,02 - Stop sign,03 - At intersection,01 - Daylight,03 - P.D. only,02 - Angle,Alta Vista
382,ALTA VISTA DR @ PALEN AVE,370422.3868,5027284.484,-75.66205,45.38243,2017-12-11,10:03:00 AM,01 - Clear,01 - Dry,02 - Stop sign,02 - Intersection related,01 - Daylight,03 - P.D. only,03 - Rear end,Alta Vista
383,ALTA VISTA DR @ RANDALL AVE,370407.7183,5027366.542,-75.66222,45.38317,2017-06-15,11:10:00 AM,01 - Clear,01 - Dry,01 - Traffic signal,02 - Intersection related,01 - Daylight,02 - Non-fatal injury,03 - Rear end,Alta Vista
384,ALTA VISTA DR @ RANDALL AVE,370408.3872,5027366.542,-75.66221,45.38317,2017-03-02,2:49:00 PM,01 - Clear,01 - Dry,01 - Traffic signal,02 - Intersection related,01 - Daylight,03 - P.D. only,03 - Rear end,Alta Vista
385,ALTA VISTA DR @ ROGER RD,370406.0537,5028878.548,-75.66204,45.39677,2017-06-19,3:57:00 PM,01 - Clear,01 - Dry,02 - Stop sign,03 - At intersection,01 - Daylight,02 - Non-fatal injury,05 - Turning movement,Alta Vista
386,ALTA VISTA DR @ SMYTH RD,370433.0504,5029081.558,-75.66167,45.3986,2017-05-19,2:58:00 PM,01 - Clear,01 - Dry,01 - Traffic signal,02 - Intersection related,01 - Daylight,02 - Non-fatal injury,03 - Rear end,Alta Vista
387,ALTA VISTA DR @ SMYTH RD,370431.7126,5029082.226,-75.66169,45.3986,2017-06-14,4:46:00 PM,01 - Clear,01 - Dry,01 - Traffic signal,02 - Intersection related,01 - Daylight,03 - P.D. only,03 - Rear end,Alta Vista
388,ALTA VISTA DR @ SMYTH RD,370433.998,5029080.916,-75.66166,45.39859,2017-08-16,9:53:00 AM,01 - Clear,01 - Dry,01 - Traffic signal,02 - Intersection related,01 - Daylight,03 - P.D. only,03 - Rear end,Alta Vista
389,ALTA VISTA DR @ SMYTH RD,370432.2298,5029082.105,-75.66168,45.3986,2017-08-29,12:07:00 PM,01 - Clear,01 - Dry,01 - Traffic signal,02 - Intersection related,01 - Daylight,03 - P.D. only,03 - Rear end,Alta Vista
390,ALTA VISTA DR @ SMYTH RD,370432.7159,5029081.239,-75.66168,45.39859,2017-07-28,10:10:00 PM,01 - Clear,01 - Dry,01 - Traffic signal,03 - At intersection,07 - Dark,03 - P.D. only,05 - Turning movement,Alta Vista
391,ALTA VISTA DR @ SMYTH RD,370431.7601,5029081.796,-75.66169,45.3986,2017-09-10,6:25:00 PM,01 - Clear,01 - Dry,01 - Traffic signal,03 - At intersection,01 - Daylight,03 - P.D. only,05 - Turning movement,Alta Vista
392,ALTA VISTA DR @ SMYTH RD,370431.6477,5029083.035,-75.66169,45.39861,2017-09-26,10:05:00 AM,01 - Clear,01 - Dry,01 - Traffic signal,03 - At intersection,01 - Daylight,03 - P.D. only,05 - Turning movement,Alta Vista
393,ALTA VISTA DR @ SMYTH RD,370432.3815,5029082.226,-75.66168,45.3986,2017-10-30,8:20:00 AM,02 - Rain,02 - Wet,01 - Traffic signal,03 - At intersection,01 - Daylight,03 - P.D. only,99 - Other,Alta Vista
394,ALTA VISTA DR @ SMYTH RD,370435.1,5029083.345,-75.66165,45.39861,2017-12-12,6:55:00 AM,03 - Snow,03 - Loose snow,01 - Traffic signal,03 - At intersection,07 - Dark,03 - P.D. only,05 - Turning movement,Alta Vista
395,ALTA VISTA DR @ SMYTH RD,370431.7126,5029082.895,-75.66169,45.39861,2017-11-12,8:14:00 PM,01 - Clear,01 - Dry,01 - Traffic signal,03 - At intersection,07 - Dark,03 - P.D. only,05 - Turning movement,Alta Vista
396,ALTA VISTA DR @ SMYTH RD,370431.9654,5029082.683,-75.66169,45.39861,2017-01-13,5:45:00 PM,01 - Clear,01 - Dry,01 - Traffic signal,03 - At intersection,07 - Dark,02 - Non-fatal injury,05 - Turning movement,Alta Vista
397,ALTA VISTA DR @ SMYTH RD,370433.0504,5029080.889,-75.66167,45.39859,2017-02-10,5:58:00 PM,01 - Clear,01 - Dry,01 - Traffic signal,03 - At intersection,07 - Dark,03 - P.D. only,05 - Turning movement,Alta Vista
398,ALTA VISTA DR @ SMYTH RD,370431.9654,5029081.558,-75.66169,45.3986,2017-02-09,5:43:00 PM,01 - Clear,01 - Dry,01 - Traffic signal,03 - At intersection,05 - Dusk,03 - P.D. only,05 - Turning movement,Alta Vista
399,ALTA VISTA DR @ SMYTH RD,370432.3815,5029082.895,-75.66168,45.39861,2017-04-06,6:16:00 AM,01 - Clear,01 - Dry,01 - Traffic signal,03 - At intersection,01 - Daylight,02 - Non-fatal injury,05 - Turning movement,Alta Vista
400,ALTA VISTA DR @ SMYTH RD,370431.7126,5029082.226,-75.66169,45.3986,2017-03-08,2:43:00 PM,01 - Clear,01 - Dry,01 - Traffic signal,03 - At intersection,01 - Daylight,02 - Non-fatal injury,02 - Angle,Alta Vista
401,ALTA VISTA DR @ SMYTH RD,370433.7192,5029083.564,-75.66166,45.39861,2017-02-22,8:55:00 AM,01 - Clear,01 - Dry,01 - Traffic signal,03 - At intersection,01 - Daylight,03 - P.D. only,05 - Turning movement,Alta Vista
402,ALTA VISTA DR @ SMYTH RD,370433.1753,5029081.7,-75.66167,45.3986,2017-12-29,12:58:00 PM,01 - Clear,01 - Dry,01 - Traffic signal,03 - At intersection,01 - Daylight,03 - P.D. only,05 - Turning movement,Alta Vista
403,ALTA VISTA DR btwn AYERS AVE & RIDGEMONT AVE,370519.1078,5026482.648,-75.66092,45.3752,2017-12-21,2:05:00 PM,01 - Clear,01 - Dry,10 - No control,04 - At/near private drive,01 - Daylight,03 - P.D. only,03 - Rear end,Ledbury - Heron Gate - Ridgemont - Elmwood
404,ALTA VISTA DR btwn BANK ST & EDGE HILL PL,370324.7406,5026251.323,-75.66343,45.37314,2017-07-24,5:19:00 PM,01 - Clear,01 - Dry,10 - No control,04 - At/near private drive,01 - Daylight,03 - P.D. only,02 - Angle,Ledbury - Heron Gate - Ridgemont - Elmwood
405,ALTA VISTA DR btwn BANK ST & EDGE HILL PL,370313.8976,5026238.223,-75.66357,45.37302,2017-02-21,10:15:00 PM,01 - Clear,01 - Dry,10 - No control,04 - At/near private drive,07 - Dark,03 - P.D. only,02 - Angle,Ledbury - Heron Gate - Ridgemont - Elmwood
406,ALTA VISTA DR btwn CLONTARF AVE & RANDALL AVE,370401.2335,5027426.601,-75.6623,45.38371,2017-11-11,3:19:00 PM,01 - Clear,01 - Dry,10 - No control,01 - Non intersection,01 - Daylight,02 - Non-fatal injury,03 - Rear end,Alta Vista
407,ALTA VISTA DR btwn CRESTVIEW RD & ROGER RD,370395.4396,5028847.367,-75.66218,45.39649,2017-02-09,12:00:00 AM,01 - Clear,01 - Dry,10 - No control,01 - Non intersection,00 - Unknown,03 - P.D. only,06 - SMV unattended vehicle,Alta Vista
408,ALTA VISTA DR btwn DALE AVE & 75 S OF CALEDON ST,370703.3888,5030210.319,-75.65807,45.40873,2017-06-08,5:44:00 PM,01 - Clear,01 - Dry,10 - No control,04 - At/near private drive,01 - Daylight,03 - P.D. only,02 - Angle,Industrial Park
409,ALTA VISTA DR btwn DALE AVE & 75 S OF CALEDON ST,370707.4163,5030223.18,-75.65801,45.40884,2017-06-02,7:40:00 AM,01 - Clear,01 - Dry,10 - No control,04 - At/near private drive,01 - Daylight,03 - P.D. only,99 - Other,Industrial Park
410,ALTA VISTA DR btwn DALE AVE & 75 S OF CALEDON ST,370704.1505,5030219.149,-75.65806,45.40881,2017-07-21,4:02:00 PM,01 - Clear,01 - Dry,10 - No control,04 - At/near private drive,01 - Daylight,03 - P.D. only,02 - Angle,Industrial Park
411,ALTA VISTA DR btwn KILBORN AVE & CAVENDISH RD,370353.8868,5027851.901,-75.66285,45.38754,2017-08-29,4:20:00 AM,01 - Clear,01 - Dry,10 - No control,01 - Non intersection,07 - Dark,03 - P.D. only,07 - SMV other,Alta Vista
412,ALTA VISTA DR btwn KILBORN AVE & CAVENDISH RD,370354.6863,5027861.238,-75.66283,45.38762,2017-03-06,4:54:00 PM,02 - Rain,06 - Ice,10 - No control,01 - Non intersection,01 - Daylight,03 - P.D. only,03 - Rear end,Alta Vista
413,ALTA VISTA DR btwn PALEN AVE & WESMAR DR,370426.5987,5027265.76,-75.662,45.38226,2017-09-09,4:20:00 PM,01 - Clear,01 - Dry,10 - No control,01 - Non intersection,01 - Daylight,03 - P.D. only,03 - Rear end,Alta Vista
414,ALTA VISTA DR btwn ROLLAND AVE & INDUSTRIAL AVE,370882.7899,5030539.491,-75.65573,45.41167,2017-05-14,9:57:00 PM,01 - Clear,01 - Dry,10 - No control,01 - Non intersection,07 - Dark,03 - P.D. only,06 - SMV unattended vehicle,Industrial Park
415,ALTA VISTA DR btwn SMYTH RD & VALOUR DR,370413.8065,5029182.822,-75.6619,45.39951,2017-11-21,7:55:00 AM,01 - Clear,01 - Dry,10 - No control,01 - Non intersection,01 - Daylight,03 - P.D. only,01 - Approaching,Industrial Park
416,ALTA VISTA DR btwn SMYTH RD & VALOUR DR,370419.0035,5029161.156,-75.66184,45.39931,2017-03-17,8:34:00 AM,01 - Clear,01 - Dry,10 - No control,01 - Non intersection,01 - Daylight,03 - P.D. only,03 - Rear end,Industrial Park
417,ALTHA AVE @ MONTREAL RD,370623.2106,5033374.217,-75.65867,45.4372,2017-01-27,5:06:00 PM,03 - Snow,02 - Wet,02 - Stop sign,02 - Intersection related,05 - Dusk,03 - P.D. only,03 - Rear end,Vanier South