Record,Location,X,Y,Longitude,Latitude,Date,Time,Environment,Road_Surface,Traffic_Control,Collision_Location,Light,Collision_Classification,Impact_type,Neighborhood
418,ALTHA AVE @ MONTREAL RD,370621.5825,5033374.624,-75.65869,45.43721,2017-01-03,5:56:00 PM,04 - Freezing Rain,04 - Slush,02 - Stop sign,03 - At intersection,07 - Dark,03 - P.D. only,02 - Angle,Vanier South
419,AMBASSADOR AVE @ CITY PARK DR,374194.2283,5032623.596,-75.61314,45.4301,2017-11-02,6:56:00 PM,02 - Rain,02 - Wet,02 - Stop sign,02 - Intersection related,07 - Dark,03 - P.D. only,02 - Angle,Industrial Park
420,AMBERCREST ST btwn MEADOWCROFT CRES & END,372810.0666,5033048.548,-75.63077,45.43406,2017-03-23,12:00:00 AM,01 - Clear,01 - Dry,10 - No control,01 - Non intersection,00 - Unknown,03 - P.D. only,06 - SMV unattended vehicle,Carson Grove - Carson Meadows
421,AMBERWOOD CRES @ EDENBROOK CRT,367087.9488,5020460.452,-75.70548,45.32133,2017-12-18,10:06:00 PM,03 - Snow,03 - Loose snow,10 - No control,02 - Intersection related,07 - Dark,03 - P.D. only,01 - Approaching,Merivale Gardens - Grenfell Glen - Pineglen - Country Place
422,AMBERWOOD CRES @ MERIVALE RD,366410.7088,5020017.151,-75.71417,45.3174,2017-06-01,6:46:00 PM,02 - Rain,02 - Wet,01 - Traffic signal,02 - Intersection related,01 - Daylight,03 - P.D. only,03 - Rear end,Merivale Gardens - Grenfell Glen - Pineglen - Country Place
423,AMBLESIDE DR @ NEW ORCHARD AVE,361267.7689,5026282.139,-75.77905,45.37421,2017-05-04,7:56:00 AM,01 - Clear,01 - Dry,03 - Yield sign,03 - At intersection,01 - Daylight,03 - P.D. only,02 - Angle,Carlingwood West - Glabar Park - McKellar Heights
424,AMESBROOKE DR @ MAITLAND AVE,363769.8315,5025177.705,-75.74724,45.36406,2017-10-25,7:30:00 PM,01 - Clear,01 - Dry,02 - Stop sign,02 - Intersection related,07 - Dark,03 - P.D. only,04 - Sideswipe,Braemar Park - Bel Air Heights - Copeland Park
425,AMIENS ST @ PRESTONE DR,382919.0261,5037525.329,-75.50087,45.47328,2017-07-23,4:30:00 PM,01 - Clear,01 - Dry,02 - Stop sign,03 - At intersection,01 - Daylight,03 - P.D. only,02 - Angle,Queenswood Heights
426,AMIENS ST @ TENTH LINE RD,383352.3935,5037568.225,-75.49532,45.47362,2017-05-01,3:35:00 PM,02 - Rain,02 - Wet,01 - Traffic signal,02 - Intersection related,01 - Daylight,03 - P.D. only,99 - Other,Orl¨¦ans
427,AMIENS ST @ TENTH LINE RD,383352.7279,5037568.935,-75.49532,45.47363,2017-11-07,2:41:00 PM,01 - Clear,01 - Dry,01 - Traffic signal,02 - Intersection related,01 - Daylight,03 - P.D. only,05 - Turning movement,Orl¨¦ans
428,AMIENS ST btwn PRESTONE DR & PRESTWICK DR,383028.1219,5037480.767,-75.49948,45.47287,2017-06-06,10:49:00 PM,01 - Clear,01 - Dry,10 - No control,01 - Non intersection,07 - Dark,02 - Non-fatal injury,01 - Approaching,Queenswood Heights
429,AMIENS ST btwn PRESTONE DR & PRESTWICK DR,382974.8711,5037502.636,-75.50016,45.47307,2017-05-09,12:00:00 AM,01 - Clear,01 - Dry,10 - No control,01 - Non intersection,00 - Unknown,03 - P.D. only,06 - SMV unattended vehicle,Queenswood Heights
430,ANALDEA DR/ WHITE ALDER AVE @ BANK ST,375698.0844,5020812.82,-75.59562,45.32368,2017-06-23,5:53:00 PM,02 - Rain,02 - Wet,01 - Traffic signal,02 - Intersection related,01 - Daylight,03 - P.D. only,03 - Rear end,Greenbelt
431,ANALDEA DR/ WHITE ALDER AVE @ BANK ST,375696.2214,5020814.508,-75.59564,45.3237,2017-05-27,1:30:00 PM,01 - Clear,01 - Dry,01 - Traffic signal,02 - Intersection related,01 - Daylight,03 - P.D. only,03 - Rear end,Greenbelt
432,ANALDEA DR/ WHITE ALDER AVE @ BANK ST,375697.8669,5020815.06,-75.59562,45.3237,2017-09-01,8:24:00 AM,01 - Clear,01 - Dry,01 - Traffic signal,02 - Intersection related,01 - Daylight,02 - Non-fatal injury,03 - Rear end,Greenbelt
433,ANALDEA DR/ WHITE ALDER AVE @ BANK ST,375697.7499,5020813.726,-75.59562,45.32369,2017-08-25,5:00:00 PM,01 - Clear,01 - Dry,01 - Traffic signal,02 - Intersection related,01 - Daylight,03 - P.D. only,02 - Angle,Greenbelt
434,ANALDEA DR/ WHITE ALDER AVE @ BANK ST,375696.8561,5020814.607,-75.59563,45.3237,2017-09-08,5:30:00 PM,02 - Rain,02 - Wet,01 - Traffic signal,02 - Intersection related,01 - Daylight,03 - P.D. only,03 - Rear end,Greenbelt
435,ANALDEA DR/ WHITE ALDER AVE @ BANK ST,375697.272,5020812.772,-75.59563,45.32368,2017-12-12,6:34:00 PM,03 - Snow,03 - Loose snow,01 - Traffic signal,02 - Intersection related,07 - Dark,03 - P.D. only,04 - Sideswipe,Greenbelt
436,ANALDEA DR/ WHITE ALDER AVE @ BANK ST,375698.6967,5020813.253,-75.59561,45.32369,2017-11-08,10:48:00 AM,01 - Clear,01 - Dry,01 - Traffic signal,03 - At intersection,01 - Daylight,03 - P.D. only,03 - Rear end,Greenbelt
437,ANALDEA DR/ WHITE ALDER AVE @ BANK ST,375698.0844,5020812.82,-75.59562,45.32368,2017-03-18,4:13:00 PM,01 - Clear,01 - Dry,01 - Traffic signal,03 - At intersection,01 - Daylight,03 - P.D. only,07 - SMV other,Greenbelt
438,ANALDEA DR/ WHITE ALDER AVE @ BANK ST,375696.0777,5020814.158,-75.59564,45.3237,2017-03-18,10:31:00 AM,01 - Clear,01 - Dry,01 - Traffic signal,02 - Intersection related,01 - Daylight,02 - Non-fatal injury,03 - Rear end,Greenbelt
439,ANAND PRIV btwn END & WALKLEY RD,370246.627,5025799.813,-75.66449,45.36909,2017-04-24,12:58:00 PM,01 - Clear,01 - Dry,10 - No control,04 - At/near private drive,01 - Daylight,03 - P.D. only,02 - Angle,Ledbury - Heron Gate - Ridgemont - Elmwood
440,ANAND PRIV btwn END & WALKLEY RD,370230.443,5025835.603,-75.66469,45.36941,2017-09-23,8:48:00 PM,01 - Clear,01 - Dry,10 - No control,04 - At/near private drive,07 - Dark,03 - P.D. only,02 - Angle,Ledbury - Heron Gate - Ridgemont - Elmwood
441,ANCASTER AVE @ RICHMOND RD,361485.5156,5026521.368,-75.77624,45.37634,2017-10-06,4:31:00 PM,01 - Clear,01 - Dry,02 - Stop sign,02 - Intersection related,01 - Daylight,02 - Non-fatal injury,03 - Rear end,Carlingwood West - Glabar Park - McKellar Heights
442,ANDALUSIAN CRES btwn DANZIG TERR & WESTPHALIAN AVE,353352.6789,5015619.489,-75.88114,45.27885,2017-02-23,12:00:00 AM,01 - Clear,01 - Dry,10 - No control,01 - Non intersection,00 - Unknown,03 - P.D. only,06 - SMV unattended vehicle,Glen Cairn - Kanata South Business Park
443,ANDERSON RD @ DOLMAN RIDGE RD,378310.8028,5030274.779,-75.56088,45.40855,2017-12-23,3:34:00 PM,03 - Snow,05 - Packed snow,02 - Stop sign,02 - Intersection related,01 - Daylight,03 - P.D. only,01 - Approaching,Greenbelt
444,ANDERSON RD @ EIGHTH LINE RD,381251.1085,5022942.836,-75.52446,45.34227,2017-11-26,8:05:00 PM,03 - Snow,03 - Loose snow,02 - Stop sign,02 - Intersection related,07 - Dark,03 - P.D. only,07 - SMV other,Greenbelt
445,ANDERSON RD @ HWY 417 ANDERSON IC104R51,380169.1805,5025655.668,-75.53785,45.36679,2017-11-02,8:17:00 AM,02 - Rain,02 - Wet,02 - Stop sign,02 - Intersection related,01 - Daylight,03 - P.D. only,07 - SMV other,Greenbelt
446,ANDERSON RD @ INNES RD,376281.0756,5031842.902,-75.58658,45.42287,2017-04-26,9:03:00 AM,01 - Clear,01 - Dry,01 - Traffic signal,02 - Intersection related,01 - Daylight,03 - P.D. only,03 - Rear end,Greenbelt
447,ANDERSON RD @ INNES RD,376280.2056,5031840.225,-75.5866,45.42284,2017-07-14,5:41:00 PM,01 - Clear,01 - Dry,01 - Traffic signal,02 - Intersection related,01 - Daylight,03 - P.D. only,04 - Sideswipe,Greenbelt
448,ANDERSON RD @ INNES RD,376281.4886,5031840.93,-75.58658,45.42285,2017-06-29,2:58:00 PM,02 - Rain,02 - Wet,01 - Traffic signal,02 - Intersection related,01 - Daylight,03 - P.D. only,03 - Rear end,Greenbelt
449,ANDERSON RD @ INNES RD,376282.017,5031842.521,-75.58657,45.42286,2017-07-14,6:19:00 AM,01 - Clear,01 - Dry,01 - Traffic signal,03 - At intersection,01 - Daylight,02 - Non-fatal injury,02 - Angle,Greenbelt
450,ANDERSON RD @ INNES RD,376281.0756,5031842.233,-75.58658,45.42286,2017-07-10,8:45:00 AM,01 - Clear,01 - Dry,01 - Traffic signal,02 - Intersection related,01 - Daylight,03 - P.D. only,03 - Rear end,Greenbelt
451,ANDERSON RD @ INNES RD,376279.7378,5031840.895,-75.5866,45.42285,2017-10-30,6:19:00 AM,02 - Rain,02 - Wet,01 - Traffic signal,03 - At intersection,03 - Dawn,02 - Non-fatal injury,05 - Turning movement,Greenbelt
452,ANDERSON RD @ INNES RD,376279.8473,5031840.894,-75.5866,45.42285,2017-09-20,8:37:00 AM,01 - Clear,01 - Dry,01 - Traffic signal,02 - Intersection related,01 - Daylight,03 - P.D. only,03 - Rear end,Greenbelt
453,ANDERSON RD @ INNES RD,376281.219,5031841.803,-75.58658,45.42286,2017-12-06,7:32:00 PM,01 - Clear,01 - Dry,01 - Traffic signal,02 - Intersection related,07 - Dark,03 - P.D. only,03 - Rear end,Greenbelt
454,ANDERSON RD @ INNES RD,376280.1947,5031841.564,-75.5866,45.42286,2017-01-25,12:50:00 PM,01 - Clear,01 - Dry,01 - Traffic signal,02 - Intersection related,01 - Daylight,02 - Non-fatal injury,03 - Rear end,Greenbelt
455,ANDERSON RD @ INNES RD,376280.7411,5031841.189,-75.58659,45.42285,2017-02-10,7:29:00 AM,01 - Clear,06 - Ice,01 - Traffic signal,02 - Intersection related,01 - Daylight,03 - P.D. only,03 - Rear end,Greenbelt
456,ANDERSON RD @ INNES RD,376282.1748,5031841.803,-75.58657,45.42286,2017-12-19,11:11:00 AM,03 - Snow,03 - Loose snow,01 - Traffic signal,03 - At intersection,01 - Daylight,03 - P.D. only,03 - Rear end,Greenbelt
457,ANDERSON RD @ LEITRIM RD,380472.2732,5024908.129,-75.5341,45.36003,2017-02-08,8:53:00 AM,01 - Clear,02 - Wet,02 - Stop sign,02 - Intersection related,01 - Daylight,02 - Non-fatal injury,07 - SMV other,Greenbelt
458,ANDERSON RD @ RIDGE RD,379029.2982,5028507.384,-75.55197,45.39257,2017-08-07,3:30:00 PM,01 - Clear,01 - Dry,02 - Stop sign,03 - At intersection,01 - Daylight,03 - P.D. only,02 - Angle,Greenbelt
459,ANDERSON RD @ RIDGE RD,379030.0919,5028507.863,-75.55196,45.39258,2017-02-04,3:41:00 PM,01 - Clear,01 - Dry,02 - Stop sign,02 - Intersection related,01 - Daylight,03 - P.D. only,03 - Rear end,Greenbelt
460,ANDERSON RD btwn DESJARDINS ST & WEIR RD,377667.7481,5031526.973,-75.56891,45.41988,2017-05-07,7:01:00 PM,01 - Clear,01 - Dry,10 - No control,01 - Non intersection,01 - Daylight,03 - P.D. only,04 - Sideswipe,Greenbelt
461,ANDERSON RD btwn DESJARDINS ST & WEIR RD,377745.2002,5031508.747,-75.56793,45.41971,2017-12-31,7:30:00 PM,03 - Snow,03 - Loose snow,10 - No control,01 - Non intersection,07 - Dark,03 - P.D. only,07 - SMV other,Greenbelt
462,ANDERSON RD btwn DOLMAN RIDGE RD & RIDGE RD,378769.4816,5029160.353,-75.55519,45.39847,2017-10-07,10:51:00 PM,01 - Clear,01 - Dry,10 - No control,01 - Non intersection,07 - Dark,02 - Non-fatal injury,01 - Approaching,Greenbelt
463,ANDERSON RD btwn DOLMAN RIDGE RD & RIDGE RD,379012.3272,5028555.907,-75.55218,45.39301,2017-09-08,11:45:00 PM,01 - Clear,01 - Dry,10 - No control,01 - Non intersection,07 - Dark,03 - P.D. only,07 - SMV other,Greenbelt
464,ANDERSON RD btwn DOLMAN RIDGE RD & RIDGE RD,378606.2807,5029559.832,-75.55722,45.40209,2017-11-07,5:31:00 PM,01 - Clear,01 - Dry,10 - No control,01 - Non intersection,07 - Dark,03 - P.D. only,07 - SMV other,Greenbelt
465,ANDERSON RD btwn HWY417 IC104 RAMP51 & LEITRIM RD,380336.9566,5025244.019,-75.53577,45.36307,2017-10-27,12:00:00 AM,01 - Clear,01 - Dry,10 - No control,01 - Non intersection,07 - Dark,03 - P.D. only,07 - SMV other,Greenbelt
466,ANDERSON RD btwn HWY417 IC104 RAMP51 & LEITRIM RD,380377.312,5025132.04,-75.53528,45.36206,2017-01-28,2:25:00 AM,01 - Clear,01 - Dry,10 - No control,01 - Non intersection,07 - Dark,03 - P.D. only,07 - SMV other,Greenbelt
467,ANDERSON RD btwn HWY417 IC104 RAMP51 & LEITRIM RD,380319.5248,5025281.319,-75.53599,45.36341,2017-01-23,11:30:00 AM,01 - Clear,01 - Dry,10 - No control,01 - Non intersection,01 - Daylight,03 - P.D. only,07 - SMV other,Greenbelt
468,ANDERSON RD btwn INNES RD & DESJARDINS ST,376774.721,5031611.464,-75.58031,45.42074,2017-11-07,8:52:00 PM,02 - Rain,02 - Wet,10 - No control,01 - Non intersection,07 - Dark,02 - Non-fatal injury,07 - SMV other,Greenbelt
469,ANDERSON RD btwn INNES RD & DESJARDINS ST,377490.4077,5031576.649,-75.57117,45.42035,2017-11-05,5:34:00 AM,02 - Rain,02 - Wet,10 - No control,01 - Non intersection,07 - Dark,03 - P.D. only,07 - SMV other,Greenbelt
470,ANDERSON RD btwn INNES RD & DESJARDINS ST,376667.6282,5031603.844,-75.58168,45.42068,2017-12-15,3:50:00 PM,03 - Snow,03 - Loose snow,10 - No control,01 - Non intersection,01 - Daylight,03 - P.D. only,07 - SMV other,Greenbelt
471,ANDERSON RD btwn RUSSELL RD & HWY417 IC104 RAMP61,379786.8139,5026610.7,-75.54259,45.37543,2017-09-01,9:18:00 PM,01 - Clear,01 - Dry,10 - No control,01 - Non intersection,07 - Dark,03 - P.D. only,07 - SMV other,Greenbelt
472,ANDERSON RD btwn RUSSELL RD & HWY417 IC104 RAMP61,379937.9602,5026234.618,-75.54072,45.37203,2017-09-16,2:59:00 AM,01 - Clear,01 - Dry,10 - No control,01 - Non intersection,07 - Dark,03 - P.D. only,07 - SMV other,Greenbelt
473,ANDERSON RD btwn WEIR RD & DOLMAN RIDGE RD,377927.2648,5031135.827,-75.56566,45.41634,2017-08-12,1:14:00 PM,01 - Clear,01 - Dry,10 - No control,04 - At/near private drive,01 - Daylight,02 - Non-fatal injury,05 - Turning movement,Greenbelt
474,ANDERSON RD btwn WEIR RD & DOLMAN RIDGE RD,377886.0656,5031228.663,-75.56617,45.41718,2017-01-27,6:09:00 PM,05 - Drifting Snow,03 - Loose snow,10 - No control,01 - Non intersection,07 - Dark,03 - P.D. only,07 - SMV other,Greenbelt
475,ANDERSON RD/WEIR RD @ RENAUD RD,377767.2971,5031502.434,-75.56764,45.41965,2017-11-07,11:46:00 PM,01 - Clear,01 - Dry,11 - Roundabout,03 - At intersection,07 - Dark,03 - P.D. only,07 - SMV other,Greenbelt
476,ANDERSON RD/WEIR RD @ RENAUD RD,377768.0826,5031503.561,-75.56763,45.41966,2017-11-04,6:40:00 PM,01 - Clear,02 - Wet,11 - Roundabout,02 - Intersection related,07 - Dark,03 - P.D. only,07 - SMV other,Greenbelt
477,ANDERSON RD/WEIR RD @ RENAUD RD,377768.4986,5031503.937,-75.56763,45.41966,2017-02-22,3:14:00 PM,01 - Clear,01 - Dry,11 - Roundabout,02 - Intersection related,01 - Daylight,03 - P.D. only,03 - Rear end,Greenbelt
478,ANDERSON RD/WEIR RD @ RENAUD RD,377766.7448,5031503.561,-75.56765,45.41966,2017-04-10,5:30:00 PM,02 - Rain,02 - Wet,11 - Roundabout,03 - At intersection,01 - Daylight,03 - P.D. only,07 - SMV other,Greenbelt
479,ANDERSON ST @ PRESTON ST,366360.3679,5030007.915,-75.71357,45.4073,2017-05-02,5:03:00 PM,01 - Clear,01 - Dry,02 - Stop sign,02 - Intersection related,01 - Daylight,03 - P.D. only,06 - SMV unattended vehicle,Little Italy
480,ANDERSON ST @ PRESTON ST,366360.6769,5030006.86,-75.71357,45.40729,2017-10-13,4:15:00 PM,01 - Clear,01 - Dry,02 - Stop sign,02 - Intersection related,01 - Daylight,03 - P.D. only,01 - Approaching,Little Italy
481,ANDERSON ST @ PRESTON ST,366360.3679,5030006.577,-75.71357,45.40729,2017-02-11,9:25:00 AM,01 - Clear,01 - Dry,02 - Stop sign,02 - Intersection related,01 - Daylight,03 - P.D. only,05 - Turning movement,Little Italy
482,ANDRE AUDET AVE @ DUNDONALD DR,364934.617,5012032.691,-75.73397,45.24569,2017-12-01,1:51:00 PM,01 - Clear,01 - Dry,02 - Stop sign,03 - At intersection,01 - Daylight,03 - P.D. only,02 - Angle,New Barrhaven
483,ANGLEHART AVE btwn WOODHAVEN HGTS & DES ARBRES ST,383042.9266,5036153.774,-75.49951,45.46093,2017-09-15,8:53:00 PM,01 - Clear,01 - Dry,10 - No control,01 - Non intersection,07 - Dark,03 - P.D. only,06 - SMV unattended vehicle,Queenswood Heights
484,ANJANA CIRC btwn MOFFATT POND CRT & TARTARUGA LANE,361655.0166,5013934.787,-75.77552,45.26307,2017-04-13,11:26:00 AM,01 - Clear,01 - Dry,10 - No control,04 - At/near private drive,01 - Daylight,03 - P.D. only,02 - Angle,Munster Hamlet - Richmond
485,ANN ST @ TIGHE ST,368787.1199,5009762.629,-75.68519,45.22492,2017-08-24,12:00:00 AM,01 - Clear,01 - Dry,02 - Stop sign,02 - Intersection related,00 - Unknown,03 - P.D. only,06 - SMV unattended vehicle,Manotick
486,ANNA AVE @ CARLING AVE,365198.1754,5027892.792,-75.72868,45.38837,2017-10-24,6:59:00 AM,02 - Rain,02 - Wet,02 - Stop sign,02 - Intersection related,07 - Dark,02 - Non-fatal injury,07 - SMV other,Carlington
487,ANNA AVE @ CARLING AVE,365197.6975,5027891.358,-75.72868,45.38836,2017-11-02,7:28:00 AM,02 - Rain,02 - Wet,02 - Stop sign,02 - Intersection related,03 - Dawn,03 - P.D. only,03 - Rear end,Carlington
488,ANTARES DR btwn AURIGA DR & WEST HUNT CLUB RD,367063.6876,5022053.099,-75.70559,45.33566,2017-09-28,4:48:00 PM,01 - Clear,01 - Dry,10 - No control,01 - Non intersection,01 - Daylight,03 - P.D. only,03 - Rear end,Industrial Park
489,ANTARES DR btwn CAPELLA CRT & AURIGA DR (1),366769.1702,5021541.133,-75.70941,45.33108,2017-01-04,10:45:00 AM,01 - Clear,04 - Slush,10 - No control,04 - At/near private drive,01 - Daylight,03 - P.D. only,02 - Angle,Industrial Park
490,ANTIGONISH AVE @ OLD MONTREAL RD,384866.4789,5039358.577,-75.47567,45.48956,2017-12-23,3:33:00 PM,03 - Snow,03 - Loose snow,02 - Stop sign,03 - At intersection,01 - Daylight,03 - P.D. only,02 - Angle,Cardinal Creek
491,ANTOCHI LANE @ MANOTICK MAIN ST,369646.9474,5009133.888,-75.67432,45.21918,2017-07-27,9:30:00 AM,01 - Clear,01 - Dry,02 - Stop sign,02 - Intersection related,01 - Daylight,03 - P.D. only,03 - Rear end,Manotick
492,ANTOCHI LANE @ MANOTICK MAIN ST,369646.6804,5009135.392,-75.67432,45.2192,2017-02-14,10:46:00 PM,03 - Snow,03 - Loose snow,02 - Stop sign,02 - Intersection related,07 - Dark,03 - P.D. only,07 - SMV other,Manotick
493,APPLE HILL DR @ SIEVERIGHT AVE,372436.717,5024313.089,-75.63673,45.3555,2017-01-05,5:05:00 PM,01 - Clear,06 - Ice,02 - Stop sign,02 - Intersection related,05 - Dusk,03 - P.D. only,03 - Rear end,Blossom Park - Blossom Park West - Sawmill Creek/ Timbermill
494,APPLE ORCHARD RD @ MANOTICK STATION RD,374363.7358,5011410.09,-75.61395,45.23921,2017-05-11,6:07:00 PM,01 - Clear,01 - Dry,02 - Stop sign,03 - At intersection,01 - Daylight,02 - Non-fatal injury,03 - Rear end,Osgoode
495,APPLE ORCHARD RD @ STAGECOACH RD,376240.0897,5012602.758,-75.58988,45.24976,2017-10-07,1:54:00 PM,01 - Clear,01 - Dry,02 - Stop sign,03 - At intersection,01 - Daylight,02 - Non-fatal injury,02 - Angle,Greely
496,APPLEFORD ST @ CROWNHILL ST,374698.0888,5033713.131,-75.60654,45.43986,2017-01-30,7:42:00 AM,01 - Clear,06 - Ice,02 - Stop sign,03 - At intersection,03 - Dawn,03 - P.D. only,02 - Angle,Beacon Hill South - Cardinal Heights
497,APPLEFORD ST @ ELMRIDGE DR,374956.7345,5033815.253,-75.60322,45.44075,2017-06-18,12:19:00 PM,02 - Rain,02 - Wet,02 - Stop sign,03 - At intersection,01 - Daylight,02 - Non-fatal injury,05 - Turning movement,Beacon Hill South - Cardinal Heights
498,APPLETON DR @ MEADOWBROOK RD,374929.0689,5032231.899,-75.6038,45.42651,2017-03-20,9:09:00 AM,01 - Clear,01 - Dry,02 - Stop sign,03 - At intersection,01 - Daylight,03 - P.D. only,05 - Turning movement,Pineview
499,AQUAVIEW DR @ BRIAN COBURN BLVD,384776.739,5035181.942,-75.4775,45.45199,2017-04-24,8:15:00 AM,01 - Clear,01 - Dry,02 - Stop sign,03 - At intersection,01 - Daylight,03 - P.D. only,02 - Angle,Avalon
500,AQUAVIEW DR @ BRIAN COBURN BLVD,384775.7572,5035179.377,-75.47751,45.45197,2017-11-26,4:52:00 AM,03 - Snow,06 - Ice,02 - Stop sign,02 - Intersection related,07 - Dark,03 - P.D. only,07 - SMV other,Avalon
501,AQUAVIEW DR @ ESPRIT DR,384967.9388,5035746.361,-75.47496,45.45705,2017-01-04,7:36:00 PM,03 - Snow,03 - Loose snow,02 - Stop sign,03 - At intersection,07 - Dark,03 - P.D. only,02 - Angle,Avalon
502,AQUAVIEW DR btwn BEAUCACHE PRIV & BLACKBURN BYPS,384754.9588,5035223.728,-75.47777,45.45237,2017-07-09,8:18:00 PM,01 - Clear,01 - Dry,10 - No control,01 - Non intersection,05 - Dusk,02 - Non-fatal injury,04 - Sideswipe,Avalon
503,AQUAVIEW DR btwn LAVOIE ST & SCHUBERT CIRC,385293.1232,5035837.643,-75.47079,45.45783,2017-03-31,5:30:00 PM,03 - Snow,04 - Slush,10 - No control,01 - Non intersection,01 - Daylight,03 - P.D. only,06 - SMV unattended vehicle,Avalon
504,ARBEATHA ST @ ARNOLD DR,357685.6535,5019639.138,-75.82549,45.31471,2017-11-19,11:32:00 AM,02 - Rain,03 - Loose snow,03 - Yield sign,02 - Intersection related,01 - Daylight,03 - P.D. only,07 - SMV other,Bells Corners East
505,ARCH ST @ CANTERBURY AVE,372876.1832,5028056.353,-75.63061,45.38914,2017-10-04,9:21:00 PM,01 - Clear,02 - Wet,02 - Stop sign,02 - Intersection related,07 - Dark,03 - P.D. only,03 - Rear end,Urbandale
506,ARCH ST @ CHAPMAN BLVD,372782.7333,5028923.542,-75.63168,45.39695,2017-03-14,12:25:00 PM,03 - Snow,02 - Wet,02 - Stop sign,03 - At intersection,01 - Daylight,02 - Non-fatal injury,02 - Angle,Elmvale - Eastway - Riverview - Riverview Park West
507,ARCH ST btwn FLEMING AVE & CANTERBURY AVE,372865.1992,5028178.153,-75.63073,45.39024,2017-02-10,9:29:00 PM,03 - Snow,03 - Loose snow,10 - No control,04 - At/near private drive,07 - Dark,03 - P.D. only,05 - Turning movement,Urbandale
508,ARDMORE ST btwn EARNSCLIFFE GROVE & GUERNSEY PL,367939.3541,5014186.178,-75.69542,45.2648,2017-02-23,8:30:00 AM,01 - Clear,02 - Wet,10 - No control,01 - Non intersection,01 - Daylight,03 - P.D. only,06 - SMV unattended vehicle,Greenbelt
509,ARENA PL @ BANK ST,375400.2612,5021518.549,-75.59931,45.33006,2017-10-11,7:00:00 AM,01 - Clear,01 - Dry,02 - Stop sign,02 - Intersection related,03 - Dawn,02 - Non-fatal injury,02 - Angle,Greenbelt
510,ARENA PL @ BANK ST,375400.0022,5021520.613,-75.59932,45.33008,2017-01-19,7:39:00 AM,01 - Clear,02 - Wet,02 - Stop sign,02 - Intersection related,03 - Dawn,03 - P.D. only,02 - Angle,Greenbelt
511,ARGYLE AVE @ O'CONNOR ST,368185.0453,5030484.904,-75.6902,45.41143,2017-04-27,3:10:00 PM,01 - Clear,01 - Dry,01 - Traffic signal,03 - At intersection,01 - Daylight,02 - Non-fatal injury,05 - Turning movement,Centretown
512,ARGYLE AVE @ O'CONNOR ST,368186.383,5030485.573,-75.69018,45.41144,2017-05-05,8:47:00 PM,02 - Rain,02 - Wet,01 - Traffic signal,03 - At intersection,07 - Dark,03 - P.D. only,02 - Angle,Centretown
513,ARGYLE AVE @ O'CONNOR ST,368185.5964,5030485.348,-75.69019,45.41143,2017-09-01,12:00:00 AM,01 - Clear,01 - Dry,01 - Traffic signal,02 - Intersection related,00 - Unknown,03 - P.D. only,06 - SMV unattended vehicle,Centretown
514,ARGYLE AVE @ O'CONNOR ST,368185.7141,5030484.904,-75.69019,45.41143,2017-11-13,5:30:00 PM,01 - Clear,01 - Dry,01 - Traffic signal,03 - At intersection,07 - Dark,02 - Non-fatal injury,05 - Turning movement,Centretown
515,ARGYLE AVE btwn ELGIN ST & CARTIER ST,368515.0034,5030647.638,-75.68597,45.41286,2017-02-04,12:30:00 AM,01 - Clear,01 - Dry,10 - No control,01 - Non intersection,07 - Dark,03 - P.D. only,06 - SMV unattended vehicle,Golden Triangle
516,ARGYLE AVE btwn METCALFE ST & METCALFE ST,368374.7143,5030599.676,-75.68776,45.41245,2017-08-20,10:45:00 AM,01 - Clear,01 - Dry,10 - No control,04 - At/near private drive,01 - Daylight,03 - P.D. only,05 - Turning movement,Centretown
517,ARGYLE AVE btwn O'CONNOR ST & METCALFE ST,368223.9453,5030509.114,-75.6897,45.41164,2017-01-09,3:48:00 PM,01 - Clear,06 - Ice,10 - No control,01 - Non intersection,01 - Daylight,03 - P.D. only,06 - SMV unattended vehicle,Centretown
518,ARGYLE AVE S @ ELGIN ST,368509.0524,5030646.259,-75.68604,45.41285,2017-02-11,5:00:00 AM,03 - Snow,05 - Packed snow,02 - Stop sign,03 - At intersection,07 - Dark,03 - P.D. only,02 - Angle,Centretown
519,ARGYLE AVE S @ ELGIN ST,368509.7773,5030645.351,-75.68603,45.41284,2017-01-18,2:17:00 PM,03 - Snow,05 - Packed snow,02 - Stop sign,02 - Intersection related,01 - Daylight,03 - P.D. only,03 - Rear end,Centretown
520,ARGYLE AVE W @ METCALFE ST,368338.1123,5030579.175,-75.68823,45.41226,2017-07-12,11:30:00 PM,02 - Rain,02 - Wet,01 - Traffic signal,03 - At intersection,07 - Dark,02 - Non-fatal injury,07 - SMV other,Centretown
521,ARGYLE AVE W @ METCALFE ST,368336.7138,5030579.91,-75.68825,45.41227,2017-03-06,6:56:00 PM,04 - Freezing Rain,06 - Ice,01 - Traffic signal,03 - At intersection,07 - Dark,03 - P.D. only,04 - Sideswipe,Centretown
522,ARLINGTON AVE @ BANK ST,368006.3694,5030344.901,-75.6925,45.41019,2017-11-14,5:11:00 PM,01 - Clear,01 - Dry,02 - Stop sign,02 - Intersection related,07 - Dark,02 - Non-fatal injury,07 - SMV other,Centretown
523,ARLINGTON AVE @ BANK ST,368005.7005,5030344.232,-75.69251,45.41018,2017-03-02,2:53:00 PM,01 - Clear,01 - Dry,02 - Stop sign,02 - Intersection related,01 - Daylight,03 - P.D. only,03 - Rear end,Centretown
524,ARLINGTON AVE @ BOOTH ST,366831.0319,5029702.899,-75.7076,45.40451,2017-04-18,9:00:00 PM,01 - Clear,01 - Dry,02 - Stop sign,02 - Intersection related,07 - Dark,03 - P.D. only,03 - Rear end,Centretown West