Record,Location,X,Y,Longitude,Latitude,Date,Time,Environment,Road_Surface,Traffic_Control,Collision_Location,Light,Collision_Classification,Impact_type,Neighborhood
525,ARLINGTON AVE @ BRONSON AVE,367222.1999,5029867.563,-75.70258,45.40596,2017-06-05,6:01:00 PM,01 - Clear,01 - Dry,01 - Traffic signal,02 - Intersection related,01 - Daylight,03 - P.D. only,03 - Rear end,Centretown West
526,ARLINGTON AVE @ BRONSON AVE,367222.375,5029868.901,-75.70258,45.40597,2017-05-23,7:42:00 PM,01 - Clear,01 - Dry,01 - Traffic signal,03 - At intersection,01 - Daylight,02 - Non-fatal injury,02 - Angle,Centretown West
527,ARLINGTON AVE @ BRONSON AVE,367223.0439,5029866.226,-75.70257,45.40595,2017-06-30,3:33:00 PM,02 - Rain,02 - Wet,01 - Traffic signal,02 - Intersection related,01 - Daylight,03 - P.D. only,03 - Rear end,Centretown West
528,ARLINGTON AVE @ BRONSON AVE,367222.8756,5029868.212,-75.70257,45.40597,2017-12-14,1:50:00 PM,03 - Snow,04 - Slush,01 - Traffic signal,02 - Intersection related,01 - Daylight,03 - P.D. only,02 - Angle,Centretown West
529,ARLINGTON AVE @ BRONSON AVE,367223.4599,5029868.689,-75.70256,45.40597,2017-01-08,12:33:00 PM,01 - Clear,01 - Dry,01 - Traffic signal,03 - At intersection,01 - Daylight,03 - P.D. only,05 - Turning movement,Centretown West
530,ARLINGTON AVE @ BRONSON AVE,367222.375,5029866.226,-75.70258,45.40595,2017-03-10,12:42:00 PM,01 - Clear,01 - Dry,01 - Traffic signal,03 - At intersection,01 - Daylight,03 - P.D. only,05 - Turning movement,Centretown West
531,ARLINGTON AVE @ KENT ST,367869.3475,5030257.89,-75.69426,45.40942,2017-08-01,3:25:00 PM,01 - Clear,01 - Dry,01 - Traffic signal,03 - At intersection,01 - Daylight,03 - P.D. only,05 - Turning movement,Centretown
532,ARLINGTON AVE @ KENT ST,367867.6386,5030257.839,-75.69429,45.40942,2017-07-22,7:46:00 PM,01 - Clear,01 - Dry,01 - Traffic signal,02 - Intersection related,01 - Daylight,03 - P.D. only,04 - Sideswipe,Centretown
533,ARLINGTON AVE @ KENT ST,367868.7095,5030258.117,-75.69427,45.40942,2017-09-22,2:30:00 PM,01 - Clear,01 - Dry,01 - Traffic signal,03 - At intersection,01 - Daylight,03 - P.D. only,04 - Sideswipe,Centretown
534,ARLINGTON AVE @ KENT ST,367868.3751,5030258.24,-75.69428,45.40942,2017-02-08,1:49:00 PM,01 - Clear,01 - Dry,01 - Traffic signal,03 - At intersection,01 - Daylight,03 - P.D. only,02 - Angle,Centretown
535,ARLINGTON AVE @ KENT ST,367871.1786,5030255.102,-75.69424,45.40939,2017-02-14,6:32:00 PM,01 - Clear,03 - Loose snow,01 - Traffic signal,02 - Intersection related,07 - Dark,03 - P.D. only,04 - Sideswipe,Centretown
536,ARLINGTON AVE @ KENT ST,367867.181,5030258.59,-75.69429,45.40942,2017-03-29,6:53:00 PM,01 - Clear,01 - Dry,01 - Traffic signal,02 - Intersection related,07 - Dark,03 - P.D. only,04 - Sideswipe,Centretown
537,ARLINGTON AVE @ KENT ST,367869.044,5030255.564,-75.69427,45.40939,2017-03-11,8:46:00 AM,01 - Clear,01 - Dry,01 - Traffic signal,03 - At intersection,01 - Daylight,03 - P.D. only,05 - Turning movement,Centretown
538,ARLINGTON AVE btwn ARTHUR LANE N & CAMBRIDGE ST N,367106.774,5029818.81,-75.70406,45.40553,2017-06-28,7:56:00 PM,01 - Clear,01 - Dry,10 - No control,01 - Non intersection,01 - Daylight,03 - P.D. only,04 - Sideswipe,Centretown West
539,ARLINGTON AVE btwn BOOTH ST & LEBRETON ST N,366836.7053,5029705.575,-75.70752,45.40454,2017-09-24,12:00:00 AM,01 - Clear,01 - Dry,10 - No control,01 - Non intersection,00 - Unknown,03 - P.D. only,06 - SMV unattended vehicle,Centretown West
540,ARLINGTON AVE btwn KENT ST & BANK ST,367964.0809,5030319.34,-75.69305,45.40996,2017-10-12,5:56:00 PM,01 - Clear,01 - Dry,10 - No control,01 - Non intersection,01 - Daylight,03 - P.D. only,04 - Sideswipe,Centretown
541,ARMAGH WAY @ WOODFORD WAY,365039.3666,5017137.454,-75.73201,45.29161,2017-03-01,5:36:00 PM,02 - Rain,02 - Wet,03 - Yield sign,03 - At intersection,01 - Daylight,03 - P.D. only,02 - Angle,New Barrhaven
542,ARMSTRONG ST @ BAYVIEW RD,365685.5587,5030021.271,-75.72219,45.40748,2017-07-27,5:39:00 PM,01 - Clear,01 - Dry,02 - Stop sign,03 - At intersection,01 - Daylight,03 - P.D. only,05 - Turning movement,Centretow
543,ARMSTRONG ST @ GARLAND ST,365582.9436,5029876.439,-75.72352,45.40619,2017-02-10,12:25:00 PM,01 - Clear,06 - Ice,,02 - Intersection related,01 - Daylight,03 - P.D. only,07 - SMV other,Mechanicsville
544,ARMSTRONG ST @ PINHEY ST,365407.6918,5029608.728,-75.72579,45.40379,2017-01-21,1:31:00 PM,01 - Clear,02 - Wet,02 - Stop sign,03 - At intersection,01 - Daylight,03 - P.D. only,02 - Angle,Hintonburg
545,ARMSTRONG ST btwn MERTON ST & GARLAND ST,365568.5462,5029853.659,-75.7237,45.40598,2017-10-26,12:00:00 AM,01 - Clear,01 - Dry,10 - No control,01 - Non intersection,00 - Unknown,03 - P.D. only,06 - SMV unattended vehicle,Mechanicsville
546,ARMSTRONG ST btwn MERTON ST & GARLAND ST,365545.9472,5029819.169,-75.724,45.40567,2017-02-13,9:40:00 AM,01 - Clear,01 - Dry,10 - No control,04 - At/near private drive,01 - Daylight,03 - P.D. only,99 - Other,Mechanicsville
547,ARNOT RD @ DYNES RD,366596.377,5025576.198,-75.71111,45.3674,2017-12-04,3:18:00 PM,01 - Clear,01 - Dry,02 - Stop sign,03 - At intersection,01 - Daylight,02 - Non-fatal injury,06 - SMV unattended vehicle,Carleton Heights - Rideauview
548,ARNOT RD btwn FISHER AVE & DYNES RD,366369.9257,5025670.936,-75.71399,45.36828,2017-03-31,4:11:00 PM,01 - Clear,01 - Dry,10 - No control,01 - Non intersection,01 - Daylight,03 - P.D. only,04 - Sideswipe,Civic Hospital - Experimental Farm - Central Park
549,ARROWGRASS WAY btwn MONTMERE AVE & LINARIA WALK,386567.5692,5036419.912,-75.4544,45.46292,2017-03-16,5:56:00 PM,01 - Clear,05 - Packed snow,10 - No control,04 - At/near private drive,01 - Daylight,03 - P.D. only,06 - SMV unattended vehicle,Notting Hill
550,ARTHUR ST @ SOMERSET ST,366831.3739,5030390.895,-75.70751,45.41071,2017-05-18,9:25:00 PM,01 - Clear,01 - Dry,01 - Traffic signal,03 - At intersection,07 - Dark,02 - Non-fatal injury,07 - SMV other,Centretown West
551,ARTHUR ST @ SOMERSET ST,366830.1751,5030391.327,-75.70752,45.41071,2017-10-11,5:57:00 PM,01 - Clear,01 - Dry,01 - Traffic signal,02 - Intersection related,07 - Dark,03 - P.D. only,04 - Sideswipe,Centretown West
552,ARTHUR ST @ SOMERSET ST,366829.7017,5030391.348,-75.70753,45.41071,2017-11-06,7:50:00 PM,01 - Clear,01 - Dry,01 - Traffic signal,02 - Intersection related,07 - Dark,03 - P.D. only,05 - Turning movement,Centretown West
553,ASH LANE @ DRIVEWAY (THE),365993.1915,5027598.584,-75.71856,45.38565,2017-12-20,5:18:00 PM,01 - Clear,03 - Loose snow,02 - Stop sign,02 - Intersection related,07 - Dark,02 - Non-fatal injury,03 - Rear end,Civic Hospital - Experimental Farm - Central Park
554,ASHGROVE CRES btwn MOORCROFT RD & PARKFIELD CRES,361501.1324,5022089.508,-75.77655,45.33646,2017-07-08,12:45:00 PM,01 - Clear,01 - Dry,10 - No control,01 - Non intersection,01 - Daylight,03 - P.D. only,06 - SMV unattended vehicle,Briar Green - Leslie Park
555,ASHTON STATION RD @ HIGHWAY 7,339964.5451,5003788.022,-76.05262,45.17319,2017-12-22,2:07:00 PM,01 - Clear,05 - Packed snow,02 - Stop sign,02 - Intersection related,01 - Daylight,03 - P.D. only,99 - Other,Munster Hamlet - Richmond
556,ASHTON STATION RD @ HIGHWAY 7,339956.8602,5003795.447,-76.05272,45.17325,2017-04-16,5:52:00 AM,01 - Clear,01 - Dry,02 - Stop sign,02 - Intersection related,03 - Dawn,03 - P.D. only,07 - SMV other,Munster Hamlet - Richmond
557,ASHTON STATION RD btwn DOUGLAS SIDE RD(BECKWITH TWP) & OVERPASS RD,339605.4697,5004208.077,-76.05716,45.17698,2017-09-11,6:59:00 AM,01 - Clear,01 - Dry,10 - No control,01 - Non intersection,01 - Daylight,03 - P.D. only,07 - SMV other,Munster Hamlet - Richmond
558,ASHTON STATION RD btwn DOUGLAS SIDE RD(BECKWITH TWP) & OVERPASS RD,339664.5235,5004135.332,-76.05641,45.17633,2017-10-29,6:18:00 PM,02 - Rain,02 - Wet,10 - No control,01 - Non intersection,07 - Dark,03 - P.D. only,07 - SMV other,Munster Hamlet - Richmond
559,ASHTON STATION RD btwn FRANKTOWN RD & KING'S CREEK RD(BECKWITH TWP),346784.7039,4995903.743,-75.96652,45.10186,2017-01-23,5:29:00 AM,04 - Freezing Rain,06 - Ice,10 - No control,01 - Non intersection,07 - Dark,03 - P.D. only,07 - SMV other,Goulbourn
560,ASHTON STATION RD btwn MALLOCH LANE & COPELAND RD,344722.4725,4998280.184,-75.99253,45.12337,2017-02-04,12:00:00 PM,01 - Clear,06 - Ice,10 - No control,01 - Non intersection,01 - Daylight,03 - P.D. only,07 - SMV other,Beckwith
561,ASHTON STATION RD btwn OLD MILL RD (BECKWITH TWP) & ORMROD RD,341523.5906,5001995.735,-76.03292,45.15698,2017-06-11,10:51:00 PM,01 - Clear,01 - Dry,10 - No control,01 - Non intersection,07 - Dark,03 - P.D. only,03 - Rear end,Munster Hamlet - Richmond
562,ASHWOOD CRES @ MEADOWLANDS DR,364688.1774,5023631.791,-75.7357,45.35007,2017-12-21,12:30:00 PM,01 - Clear,01 - Dry,02 - Stop sign,02 - Intersection related,01 - Daylight,03 - P.D. only,03 - Rear end,Crestview - Meadowlands
563,ASPER TRAIL CIR btwn ASPER TRAIL CIR & RIVERTREE ST,356078.9487,5015414.187,-75.84642,45.27681,2017-07-03,2:00:00 PM,01 - Clear,01 - Dry,10 - No control,04 - At/near private drive,01 - Daylight,03 - P.D. only,06 - SMV unattended vehicle,Bridlewood - Emerald Meadows
564,ASPER TRAIL CIR btwn ASPER TRAIL CIR & RIVERTREE ST,356098.5784,5015425.972,-75.84617,45.27692,2017-02-09,5:47:00 PM,05 - Drifting Snow,02 - Wet,10 - No control,01 - Non intersection,05 - Dusk,03 - P.D. only,06 - SMV unattended vehicle,Bridlewood - Emerald Meadows
565,ASSALY RD @ REGINA ST,360661.3486,5025600.538,-75.78687,45.36812,2017-04-26,11:28:00 AM,01 - Clear,01 - Dry,02 - Stop sign,03 - At intersection,01 - Daylight,03 - P.D. only,04 - Sideswipe,Woodroffe - Lincoln Heights
566,ASSALY RD @ RICHMOND RD,360729.2424,5025529.613,-75.78601,45.36748,2017-08-20,11:40:00 AM,01 - Clear,01 - Dry,01 - Traffic signal,02 - Intersection related,01 - Daylight,03 - P.D. only,02 - Angle,Woodroffe - Lincoln Heights
567,ASSALY RD @ RICHMOND RD,360729.6739,5025529.769,-75.786,45.36748,2017-02-21,5:45:00 PM,02 - Rain,02 - Wet,01 - Traffic signal,02 - Intersection related,07 - Dark,03 - P.D. only,06 - SMV unattended vehicle,Woodroffe - Lincoln Heights
568,ASSINIBOINE DR btwn REDPINE DR & CHESTERTON DR,365631.2737,5023532.073,-75.72368,45.3491,2017-02-16,12:26:00 PM,01 - Clear,05 - Packed snow,10 - No control,01 - Non intersection,01 - Daylight,03 - P.D. only,01 - Approaching,Borden Farm - Stewart Farm - Parkwood Hills - Fisher Glen
569,ASTELIA CRES btwn SANTOLINA ST & SANTOLINA ST,349861.8855,5016161.087,-75.92559,45.28396,2017-07-15,12:00:00 AM,01 - Clear,01 - Dry,10 - No control,01 - Non intersection,00 - Unknown,03 - P.D. only,06 - SMV unattended vehicle,Stittsville
570,ASTERVALE ST @ SWEETFERN CRES,384686.0318,5034232.316,-75.47881,45.44346,2017-12-27,12:40:00 PM,01 - Clear,02 - Wet,02 - Stop sign,02 - Intersection related,01 - Daylight,03 - P.D. only,02 - Angle,Avalon
571,ASTORIA CRES @ STONEWAY DR,366342.6962,5016245.979,-75.71551,45.28347,2017-02-18,6:52:00 PM,01 - Clear,01 - Dry,02 - Stop sign,02 - Intersection related,07 - Dark,03 - P.D. only,04 - Sideswipe,Chapman Mills - Rideau Crest - Davidson Heights
572,ASTURCON ST @ LIVERY ST,352651.3981,5015239.662,-75.89012,45.27549,2017-03-07,8:36:00 AM,04 - Freezing Rain,06 - Ice,02 - Stop sign,03 - At intersection,01 - Daylight,03 - P.D. only,02 - Angle,Stittsville - Basswood
573,ASTURCON ST @ LIVERY ST,352651.3981,5015239.662,-75.89012,45.27549,2017-03-07,8:24:00 AM,04 - Freezing Rain,06 - Ice,02 - Stop sign,03 - At intersection,01 - Daylight,03 - P.D. only,02 - Angle,Stittsville - Basswood
574,ATHLONE AVE @ SCOTT ST,363326.0488,5028732.997,-75.75248,45.39609,2017-10-04,4:57:00 PM,02 - Rain,02 - Wet,01 - Traffic signal,03 - At intersection,01 - Daylight,02 - Non-fatal injury,07 - SMV other,Westboro
575,ATHLONE AVE btwn RICHMOND RD & BYRON AVE,363469.4086,5028408.78,-75.75069,45.39316,2017-03-18,1:08:00 PM,01 - Clear,01 - Dry,10 - No control,01 - Non intersection,01 - Daylight,03 - P.D. only,06 - SMV unattended vehicle,Westboro
576,ATHLONE AVE btwn SCOTT ST & RICHMOND RD,363445.1688,5028460.727,-75.75099,45.39363,2017-08-31,8:21:00 AM,01 - Clear,01 - Dry,10 - No control,01 - Non intersection,01 - Daylight,02 - Non-fatal injury,07 - SMV other,Westboro
577,ATHLONE AVE btwn SCOTT ST & RICHMOND RD,363400.1984,5028562.029,-75.75156,45.39455,2017-09-14,2:24:00 PM,01 - Clear,01 - Dry,10 - No control,04 - At/near private drive,01 - Daylight,03 - P.D. only,06 - SMV unattended vehicle,Westboro
578,ATLANTIS AVE @ LANARK AVE,362836.5581,5028741.54,-75.75873,45.39621,2017-07-30,6:39:00 PM,01 - Clear,01 - Dry,02 - Stop sign,02 - Intersection related,01 - Daylight,03 - P.D. only,99 - Other,Westboro Beach
579,"AUBEPINES, PROMENADE DES @ DECOEUR, PROMENADE",384166.1719,5034563.429,-75.4854,45.4465,2017-01-17,12:00:00 AM,01 - Clear,01 - Dry,02 - Stop sign,02 - Intersection related,00 - Unknown,03 - P.D. only,06 - SMV unattended vehicle,Avalon
580,AUDREY AVE btwn SUSAN ST & WALKLEY RD,373996.7676,5028236.167,-75.61628,45.39065,2017-12-29,9:30:00 PM,99 - Other,04 - Slush,10 - No control,01 - Non intersection,07 - Dark,03 - P.D. only,06 - SMV unattended vehicle,Hawthorne Meadows
581,AUGUSTA ST @ RIDEAU ST,369013.1435,5032715.921,-75.67933,45.43143,2017-04-01,5:24:00 AM,03 - Snow,03 - Loose snow,01 - Traffic signal,03 - At intersection,07 - Dark,02 - Non-fatal injury,07 - SMV other,Lower Town
582,AUGUSTA ST @ RIDEAU ST,369011.8532,5032716.542,-75.67935,45.43143,2017-12-20,12:00:00 AM,01 - Clear,04 - Slush,01 - Traffic signal,02 - Intersection related,00 - Unknown,03 - P.D. only,06 - SMV unattended vehicle,Lower Town
583,AURIGA DR @ DEAKIN ST,367145.2598,5021590.041,-75.70461,45.33149,2017-10-05,1:12:00 PM,01 - Clear,01 - Dry,02 - Stop sign,02 - Intersection related,01 - Daylight,03 - P.D. only,04 - Sideswipe,Industrial Park
584,AUTOPARK PRIV btwn HUNTMAR DR & END,349476.0316,5017517.309,-75.93038,45.29619,2017-12-01,6:39:00 PM,01 - Clear,01 - Dry,10 - No control,01 - Non intersection,07 - Dark,03 - P.D. only,06 - SMV unattended vehicle,Stittsville - Basswood
585,AUTOPARK PRIV btwn HUNTMAR DR & END,349420.9007,5017465.234,-75.93109,45.29572,2017-02-22,8:02:00 AM,01 - Clear,02 - Wet,10 - No control,04 - At/near private drive,01 - Daylight,03 - P.D. only,02 - Angle,Stittsville - Basswood
586,AVATION PKWY/HEMLOCK PRIV NB ONRAMP btwn HEMLOCK PRIV & AVIATION PKWY,371588.9278,5034952.256,-75.64611,45.45131,2017-11-20,11:05:00 AM,01 - Clear,01 - Dry,10 - No control,01 - Non intersection,01 - Daylight,03 - P.D. only,99 - Other,Gloucester
587,AVATION PKWY/ROCKCLIFFE PKWY EB ONRAMP btwn AVIATION PKWY & ROCKCLIFFE,371806.0473,5035382.254,-75.64328,45.45516,2017-09-05,5:50:00 PM,01 - Clear,01 - Dry,10 - No control,01 - Non intersection,01 - Daylight,02 - Non-fatal injury,03 - Rear end,Gloucester
588,AVATION PKWY/ROCKCLIFFE PKWY WB ONRAMP btwn ROCKCLIFFE PKWY & AVIATION,371575.8933,5035524.441,-75.6462,45.45646,2017-04-02,12:25:00 PM,01 - Clear,01 - Dry,10 - No control,01 - Non intersection,01 - Daylight,03 - P.D. only,03 - Rear end,Gloucester
589,AVE. DU PERE CHARLEBOIS AVE btwn AVE. MONSEIGNEUR LEMIEUX AVE & AVE. V,371195.6529,5032218.102,-75.65151,45.42675,2017-12-31,12:00:00 AM,03 - Snow,05 - Packed snow,10 - No control,01 - Non intersection,00 - Unknown,03 - P.D. only,06 - SMV unattended vehicle,Overbrook
590,AVENUE L @ TREMBLAY RD,371495.3836,5031312.894,-75.6478,45.41857,2017-04-03,5:02:00 PM,01 - Clear,01 - Dry,02 - Stop sign,02 - Intersection related,01 - Daylight,03 - P.D. only,02 - Angle,Industrial Park
591,AVENUE P btwn AVENUE R & END,371947.4709,5031139.073,-75.64205,45.41696,2017-07-03,12:07:00 PM,01 - Clear,01 - Dry,10 - No control,04 - At/near private drive,01 - Daylight,02 - Non-fatal injury,99 - Other,Industrial Park
592,AVENUE RD/ECHO DR @ RIVERDALE AVE,369113.0562,5029041.774,-75.67854,45.39836,2017-11-15,3:53:00 PM,01 - Clear,01 - Dry,02 - Stop sign,03 - At intersection,01 - Daylight,02 - Non-fatal injury,07 - SMV other,Old Ottawa East
593,AVENUE U btwn TREMBLAY RD & END,372130.8805,5031320.901,-75.63968,45.41858,2017-11-14,6:05:00 PM,01 - Clear,02 - Wet,10 - No control,01 - Non intersection,07 - Dark,03 - P.D. only,06 - SMV unattended vehicle,Industrial Park
594,AVIATION PKWY @ AVIATION/ROCKCLIFFE PKWY WB ON,371682.8014,5035492.323,-75.64484,45.45616,2017-10-23,3:21:00 PM,01 - Clear,01 - Dry,02 - Stop sign,03 - At intersection,01 - Daylight,03 - P.D. only,02 - Angle,Gloucester
595,AVIATION PKWY @ MONTREAL RD,372148.3888,5034108.583,-75.63908,45.44366,2017-06-12,4:00:00 PM,01 - Clear,01 - Dry,01 - Traffic signal,02 - Intersection related,01 - Daylight,03 - P.D. only,99 - Other,Cummings
596,AVIATION PKWY @ MONTREAL RD,372146.3822,5034109.921,-75.6391,45.44368,2017-05-08,3:48:00 PM,01 - Clear,01 - Dry,01 - Traffic signal,02 - Intersection related,01 - Daylight,03 - P.D. only,04 - Sideswipe,Cummings
597,AVIATION PKWY @ MONTREAL RD,372147.0511,5034108.583,-75.63909,45.44366,2017-04-28,7:56:00 AM,01 - Clear,01 - Dry,01 - Traffic signal,02 - Intersection related,01 - Daylight,02 - Non-fatal injury,03 - Rear end,Cummings
598,AVIATION PKWY @ MONTREAL RD,372146.3822,5034108.583,-75.6391,45.44366,2017-06-05,9:40:00 AM,01 - Clear,01 - Dry,01 - Traffic signal,02 - Intersection related,01 - Daylight,03 - P.D. only,03 - Rear end,Cummings
599,AVIATION PKWY @ MONTREAL RD,372146.8914,5034108.637,-75.6391,45.44366,2017-10-02,6:48:00 PM,01 - Clear,01 - Dry,01 - Traffic signal,02 - Intersection related,07 - Dark,03 - P.D. only,03 - Rear end,Cummings
600,AVIATION PKWY @ MONTREAL RD,372147.23,5034108.888,-75.63909,45.44367,2017-10-27,11:16:00 AM,01 - Clear,01 - Dry,01 - Traffic signal,02 - Intersection related,01 - Daylight,03 - P.D. only,02 - Angle,Cummings
601,AVIATION PKWY @ MONTREAL RD,372146.8647,5034108.689,-75.6391,45.44366,2017-10-05,3:20:00 PM,01 - Clear,01 - Dry,01 - Traffic signal,02 - Intersection related,01 - Daylight,03 - P.D. only,03 - Rear end,Cummings
602,AVIATION PKWY @ MONTREAL RD,372148.3888,5034107.914,-75.63908,45.44366,2017-10-28,11:45:00 PM,02 - Rain,02 - Wet,01 - Traffic signal,03 - At intersection,07 - Dark,02 - Non-fatal injury,05 - Turning movement,Cummings
603,AVIATION PKWY @ MONTREAL RD,372147.19,5034108.346,-75.63909,45.44366,2017-10-16,12:38:00 PM,01 - Clear,01 - Dry,01 - Traffic signal,02 - Intersection related,01 - Daylight,03 - P.D. only,04 - Sideswipe,Cummings
604,AVIATION PKWY @ MONTREAL RD,372146.7166,5034107.873,-75.6391,45.44366,2017-10-17,6:00:00 AM,01 - Clear,01 - Dry,01 - Traffic signal,03 - At intersection,07 - Dark,03 - P.D. only,05 - Turning movement,Cummings
605,AVIATION PKWY @ MONTREAL RD,372148.3559,5034107.49,-75.63908,45.44365,2017-10-07,8:18:00 PM,01 - Clear,01 - Dry,01 - Traffic signal,02 - Intersection related,07 - Dark,02 - Non-fatal injury,03 - Rear end,Cummings
606,AVIATION PKWY @ MONTREAL RD,372145.2157,5034110.459,-75.63912,45.44368,2017-02-13,10:18:00 AM,03 - Snow,03 - Loose snow,01 - Traffic signal,02 - Intersection related,01 - Daylight,03 - P.D. only,03 - Rear end,Cummings
607,AVIATION PKWY @ MONTREAL RD,372147.0511,5034108.583,-75.63909,45.44366,2017-01-06,8:45:00 AM,01 - Clear,01 - Dry,01 - Traffic signal,02 - Intersection related,01 - Daylight,03 - P.D. only,04 - Sideswipe,Cummings
608,AVIATION PKWY @ MONTREAL RD,372147.2478,5034108.26,-75.63909,45.44366,2017-02-10,8:06:00 AM,01 - Clear,01 - Dry,01 - Traffic signal,03 - At intersection,01 - Daylight,03 - P.D. only,02 - Angle,Cummings
609,AVIATION PKWY @ MONTREAL RD,372147.0511,5034109.252,-75.63909,45.44367,2017-04-09,3:31:00 PM,02 - Rain,02 - Wet,01 - Traffic signal,02 - Intersection related,01 - Daylight,03 - P.D. only,04 - Sideswipe,Cummings
610,AVIATION PKWY @ MONTREAL RD,372147.0511,5034109.252,-75.63909,45.44367,2017-04-05,3:30:00 PM,01 - Clear,01 - Dry,01 - Traffic signal,02 - Intersection related,01 - Daylight,03 - P.D. only,04 - Sideswipe,Cummings
611,AVIATION PKWY @ MONTREAL RD,372146.4342,5034108.194,-75.6391,45.44366,2017-03-24,11:31:00 AM,03 - Snow,04 - Slush,01 - Traffic signal,03 - At intersection,01 - Daylight,03 - P.D. only,03 - Rear end,Cummings
612,AVIATION PKWY @ MONTREAL RD,372146.7167,5034108.583,-75.6391,45.44366,2017-07-22,8:41:00 AM,01 - Clear,01 - Dry,01 - Traffic signal,02 - Intersection related,01 - Daylight,03 - P.D. only,02 - Angle,Cummings
613,AVIATION PKWY @ MONTREAL RD,372146.3759,5034108.623,-75.6391,45.44366,2017-03-11,8:00:00 PM,01 - Clear,06 - Ice,01 - Traffic signal,02 - Intersection related,07 - Dark,03 - P.D. only,03 - Rear end,Cummings
614,AVIATION PKWY @ MONTREAL RD,372147.2483,5034108.558,-75.63909,45.44366,2017-01-13,9:49:00 AM,03 - Snow,02 - Wet,01 - Traffic signal,02 - Intersection related,01 - Daylight,03 - P.D. only,99 - Other,Cummings
615,AVIATION PKWY @ MONTREAL RD,372147.1945,5034107.388,-75.63909,45.44365,2017-12-29,6:59:00 PM,01 - Clear,02 - Wet,01 - Traffic signal,02 - Intersection related,07 - Dark,02 - Non-fatal injury,03 - Rear end,Cummings
616,AVIATION PKWY @ OGILVIE RD,373110.7142,5032375.507,-75.62702,45.42798,2017-08-16,4:49:00 PM,01 - Clear,01 - Dry,01 - Traffic signal,02 - Intersection related,01 - Daylight,03 - P.D. only,02 - Angle,Industrial Park
617,AVIATION PKWY @ OGILVIE RD,373109.8512,5032375.938,-75.62703,45.42798,2017-08-19,6:20:00 PM,01 - Clear,01 - Dry,01 - Traffic signal,02 - Intersection related,01 - Daylight,03 - P.D. only,03 - Rear end,Industrial Park
618,AVIATION PKWY @ OGILVIE RD,373111.1921,5032376.347,-75.62701,45.42798,2017-08-07,4:23:00 PM,01 - Clear,01 - Dry,01 - Traffic signal,03 - At intersection,01 - Daylight,02 - Non-fatal injury,02 - Angle,Industrial Park
619,AVIATION PKWY @ OGILVIE RD,373110.4922,5032376.808,-75.62702,45.42799,2017-08-22,10:45:00 AM,01 - Clear,01 - Dry,01 - Traffic signal,02 - Intersection related,01 - Daylight,03 - P.D. only,04 - Sideswipe,Industrial Park
620,AVIATION PKWY @ OGILVIE RD,373110.645,5032376.727,-75.62702,45.42799,2017-10-05,3:01:00 PM,01 - Clear,01 - Dry,01 - Traffic signal,03 - At intersection,01 - Daylight,02 - Non-fatal injury,05 - Turning movement,Industrial Park
621,AVIATION PKWY @ OGILVIE RD,373111.1876,5032376.822,-75.62701,45.42799,2017-10-17,11:20:00 AM,01 - Clear,01 - Dry,01 - Traffic signal,02 - Intersection related,01 - Daylight,03 - P.D. only,04 - Sideswipe,Industrial Park
622,AVIATION PKWY @ OGILVIE RD,373109.7109,5032377.255,-75.62703,45.42799,2017-11-17,1:00:00 PM,01 - Clear,01 - Dry,01 - Traffic signal,02 - Intersection related,01 - Daylight,03 - P.D. only,03 - Rear end,Industrial Park
623,AVIATION PKWY @ OGILVIE RD,373110.7142,5032374.869,-75.62702,45.42797,2017-01-10,10:15:00 PM,03 - Snow,04 - Slush,01 - Traffic signal,02 - Intersection related,07 - Dark,03 - P.D. only,04 - Sideswipe,Industrial Park
624,AVIATION PKWY @ OGILVIE RD,373110.3798,5032377.255,-75.62702,45.42799,2017-02-23,1:27:00 PM,01 - Clear,02 - Wet,01 - Traffic signal,02 - Intersection related,01 - Daylight,03 - P.D. only,03 - Rear end,Industrial Park
625,AVIATION PKWY @ OGILVIE RD,373110.7141,5032376.586,-75.62702,45.42799,2017-11-20,4:48:00 PM,01 - Clear,01 - Dry,01 - Traffic signal,03 - At intersection,05 - Dusk,02 - Non-fatal injury,05 - Turning movement,Industrial Park
626,AVIATION PKWY @ OGILVIE RD,373111.8951,5032375.551,-75.627,45.42798,2017-12-16,12:53:00 PM,03 - Snow,02 - Wet,01 - Traffic signal,02 - Intersection related,01 - Daylight,03 - P.D. only,03 - Rear end,Industrial Park
627,AVIATION PKWY @ OGILVIE RD,373110.7142,5032376.585,-75.62702,45.42799,2017-06-11,4:30:00 PM,01 - Clear,01 - Dry,01 - Traffic signal,02 - Intersection related,01 - Daylight,03 - P.D. only,02 - Angle,Industrial Park
628,AVIATION PKWY @ OGILVIE RD,373109.6813,5032376.765,-75.62703,45.42799,2017-12-27,12:09:00 AM,01 - Clear,01 - Dry,01 - Traffic signal,03 - At intersection,07 - Dark,02 - Non-fatal injury,05 - Turning movement,Industrial Park
629,AVIATION PKWY btwn AVIATION PKWY & TO BE DETERMINED,372662.0163,5032900,-75.63268,45.43274,2017-03-02,8:34:00 AM,06 - Strong wind,02 - Wet,10 - No control,01 - Non intersection,01 - Daylight,03 - P.D. only,07 - SMV other,Cummings