Record,Location,X,Y,Longitude,Latitude,Date,Time,Environment,Road_Surface,Traffic_Control,Collision_Location,Light,Collision_Classification,Impact_type,Neighborhood
630,AVIATION PKWY btwn LA CITE PRIV & AVIATION PKWY (1),372471.9024,5033215.168,-75.63506,45.43559,2017-10-23,6:36:00 PM,01 - Clear,01 - Dry,10 - No control,01 - Non intersection,07 - Dark,03 - P.D. only,03 - Rear end,Cummings
631,AVIATION PKWY btwn LA CITE PRIV & AVIATION PKWY (2),372507.2508,5033235.348,-75.63461,45.43577,2017-12-13,3:19:00 PM,01 - Clear,03 - Loose snow,10 - No control,01 - Non intersection,01 - Daylight,02 - Non-fatal injury,07 - SMV other,Carson Grove - Carson Meadows
632,AVIATION PKWY NB @ LA CITE PRIV,372501.1672,5033246.482,-75.63469,45.43587,2017-03-20,7:29:00 PM,01 - Clear,01 - Dry,02 - Stop sign,02 - Intersection related,07 - Dark,03 - P.D. only,02 - Angle,Carson Grove - Carson Meadows
633,AVIATION PKWY NB @ LA CITE PRIV,372501.244,5033247.756,-75.63469,45.43588,2017-01-03,7:40:00 PM,04 - Freezing Rain,06 - Ice,02 - Stop sign,02 - Intersection related,07 - Dark,03 - P.D. only,99 - Other,Carson Grove - Carson Meadows
634,AVIATION PKWY NB @ LA CITE PRIV,372501.3527,5033247.857,-75.63468,45.43589,2017-08-17,2:16:00 PM,01 - Clear,01 - Dry,02 - Stop sign,02 - Intersection related,01 - Daylight,02 - Non-fatal injury,02 - Angle,Carson Grove - Carson Meadows
635,AVOCADO ST btwn BOURBON ST & PLANTE DR,370169.5111,5024464.491,-75.66565,45.35708,2017-09-27,11:00:00 PM,01 - Clear,01 - Dry,10 - No control,01 - Non intersection,07 - Dark,03 - P.D. only,06 - SMV unattended vehicle,Hunt Club East - Western Community
636,AVONCOURT WAY btwn HARKNESS AVE & WALKLEY RD,369597.194,5025529.971,-75.67281,45.36672,2017-09-12,9:39:00 PM,01 - Clear,01 - Dry,10 - No control,01 - Non intersection,07 - Dark,03 - P.D. only,06 - SMV unattended vehicle,Riverside Park
637,AVONDALE AVE @ MELBOURNE AVE,363388.735,5027520.776,-75.75183,45.38518,2017-09-16,12:50:00 PM,01 - Clear,01 - Dry,02 - Stop sign,03 - At intersection,01 - Daylight,03 - P.D. only,02 - Angle,Westboro
638,AVONDALE AVE @ MELBOURNE AVE,363390.7837,5027519.444,-75.7518,45.38516,2017-01-11,5:25:00 PM,03 - Snow,02 - Wet,02 - Stop sign,03 - At intersection,05 - Dusk,03 - P.D. only,02 - Angle,Carlingwood - McKellar Park - Laurentien View
639,AVONHURST AVE btwn WILTSHIRE CIRC & LONGSHIRE CIRC,365446.1494,5016381.616,-75.72692,45.28477,2017-03-31,5:30:00 PM,03 - Snow,05 - Packed snow,10 - No control,04 - At/near private drive,05 - Dusk,03 - P.D. only,06 - SMV unattended vehicle,New Barrhaven
640,AXIS WAY btwn COMPASS ST & LYNN VALLEY TERR,382138.6414,5033613.723,-75.51147,45.43818,2017-03-03,7:06:00 AM,01 - Clear,01 - Dry,10 - No control,04 - At/near private drive,03 - Dawn,03 - P.D. only,06 - SMV unattended vehicle,Chapel Hill South
641,AXIS WAY btwn FERN CASEY ST & LYNN VALLEY TERR,353950.9325,5016140.063,-75.87347,45.2835,2017-10-12,7:29:00 PM,01 - Clear,01 - Dry,10 - No control,04 - At/near private drive,07 - Dark,03 - P.D. only,06 - SMV unattended vehicle,Glen Cairn - Kanata South Business Park
642,AYLMER AVE @ BANK ST,368673.7124,5028730.457,-75.68419,45.3956,2017-08-01,5:39:00 PM,01 - Clear,01 - Dry,01 - Traffic signal,02 - Intersection related,01 - Daylight,03 - P.D. only,03 - Rear end,Old Ottawa South
643,AYLMER AVE @ BANK ST,368675.0532,5028728.873,-75.68417,45.39559,2017-08-30,8:10:00 AM,01 - Clear,01 - Dry,01 - Traffic signal,02 - Intersection related,01 - Daylight,03 - P.D. only,03 - Rear end,Old Ottawa South
644,AYLMER AVE @ BANK ST,368674.0469,5028728.206,-75.68418,45.39558,2017-07-01,10:34:00 PM,01 - Clear,02 - Wet,01 - Traffic signal,02 - Intersection related,07 - Dark,02 - Non-fatal injury,03 - Rear end,Old Ottawa South
645,AYLMER AVE @ BANK ST,368674.7157,5028730.881,-75.68417,45.3956,2017-07-08,6:29:00 PM,01 - Clear,01 - Dry,01 - Traffic signal,03 - At intersection,01 - Daylight,02 - Non-fatal injury,07 - SMV other,Old Ottawa South
646,AYLMER AVE @ BANK ST,368673.5441,5028729.002,-75.68419,45.39559,2017-01-31,5:10:00 PM,01 - Clear,01 - Dry,01 - Traffic signal,02 - Intersection related,05 - Dusk,03 - P.D. only,03 - Rear end,Old Ottawa South
647,AYLMER AVE btwn GROSVENOR AVE & BARTON ST,368480.6608,5028612.453,-75.68667,45.39456,2017-09-04,4:28:00 PM,01 - Clear,01 - Dry,10 - No control,01 - Non intersection,01 - Daylight,02 - Non-fatal injury,06 - SMV unattended vehicle,Old Ottawa South
648,AYLMER AVE btwn ROSEDALE AVE & GROSVENOR AVE,368396.1627,5028560.311,-75.68775,45.39409,2017-02-15,12:00:00 AM,03 - Snow,03 - Loose snow,10 - No control,01 - Non intersection,00 - Unknown,03 - P.D. only,06 - SMV unattended vehicle,Old Ottawa South
649,BADGELEY AVE btwn REMNOR AVE & GOULBOURN FORCED RD,349579.7541,5020568.735,-75.92878,45.32364,2017-07-18,12:06:00 PM,01 - Clear,01 - Dry,10 - No control,04 - At/near private drive,01 - Daylight,03 - P.D. only,06 - SMV unattended vehicle,Kanata Lakes - Marchwood Lakeside - Morgan's Grant - Kanata
650,BALSAM ST @ ROCHESTER ST,366631.4959,5029861.262,-75.71013,45.40596,2017-07-13,7:00:00 PM,01 - Clear,01 - Dry,02 - Stop sign,02 - Intersection related,01 - Daylight,02 - Non-fatal injury,03 - Rear end,Little Italy
651,BANFF AVE @ KITCHENER AVE,370724.688,5025605.136,-75.65841,45.36729,2017-01-04,3:41:00 PM,03 - Snow,06 - Ice,02 - Stop sign,03 - At intersection,01 - Daylight,03 - P.D. only,02 - Angle,Ledbury - Heron Gate - Ridgemont - Elmwood
652,BANFF AVE @ KITCHENER AVE,370725.4416,5025604.674,-75.6584,45.36728,2017-01-05,7:20:00 PM,01 - Clear,06 - Ice,02 - Stop sign,02 - Intersection related,07 - Dark,03 - P.D. only,03 - Rear end,Ledbury - Heron Gate - Ridgemont - Elmwood
653,BANFF AVE @ SURREY AVE,370576.0598,5025920.864,-75.66027,45.37014,2017-11-29,4:39:00 PM,01 - Clear,01 - Dry,02 - Stop sign,03 - At intersection,05 - Dusk,02 - Non-fatal injury,02 - Angle,Ledbury - Heron Gate - Ridgemont - Elmwood
654,BANFF AVE @ WALKLEY RD,370503.7257,5026043.909,-75.66117,45.37126,2017-02-05,3:11:00 PM,01 - Clear,02 - Wet,01 - Traffic signal,02 - Intersection related,01 - Daylight,03 - P.D. only,03 - Rear end,Ledbury - Heron Gate - Ridgemont - Elmwood
655,BANFF AVE @ WALKLEY RD,370505.3979,5026043.534,-75.66115,45.37125,2017-03-08,6:45:00 AM,03 - Snow,05 - Packed snow,01 - Traffic signal,02 - Intersection related,01 - Daylight,02 - Non-fatal injury,05 - Turning movement,Ledbury - Heron Gate - Ridgemont - Elmwood
656,BANFF AVE btwn KITCHENER AVE & LEDBURY AVE,370733.4239,5025584.127,-75.6583,45.3671,2017-11-05,12:00:00 AM,02 - Rain,02 - Wet,10 - No control,01 - Non intersection,00 - Unknown,03 - P.D. only,06 - SMV unattended vehicle,Ledbury - Heron Gate - Ridgemont - Elmwood
657,BANK ST @ 80 S OF HUNT CLUB RD/TOWNGATE PLAZA,371688.3124,5024096.287,-75.64632,45.35362,2017-02-13,2:20:00 PM,01 - Clear,02 - Wet,01 - Traffic signal,03 - At intersection,01 - Daylight,03 - P.D. only,02 - Angle,South Keys - Heron Gate - Greenboro West
658,BANK ST @ BILLINGS TRANSIT,369445.4896,5027740.905,-75.67446,45.38662,2017-01-04,9:00:00 PM,03 - Snow,06 - Ice,01 - Traffic signal,02 - Intersection related,07 - Dark,02 - Non-fatal injury,03 - Rear end,Alta Vista
659,BANK ST @ CAHILL DR/DAZE ST,371306.2062,5024315.814,-75.65116,45.35563,2017-08-08,12:58:00 PM,01 - Clear,01 - Dry,01 - Traffic signal,02 - Intersection related,01 - Daylight,02 - Non-fatal injury,03 - Rear end,South Keys - Heron Gate - Greenboro West
660,BANK ST @ CAHILL DR/DAZE ST,371307.2465,5024317.375,-75.65115,45.35565,2017-08-21,7:15:00 PM,01 - Clear,01 - Dry,01 - Traffic signal,03 - At intersection,01 - Daylight,03 - P.D. only,05 - Turning movement,South Keys - Heron Gate - Greenboro West
661,BANK ST @ CAHILL DR/DAZE ST,371307.5099,5024315.769,-75.65115,45.35563,2017-09-02,3:35:00 PM,01 - Clear,01 - Dry,01 - Traffic signal,02 - Intersection related,01 - Daylight,03 - P.D. only,03 - Rear end,South Keys - Heron Gate - Greenboro West
662,BANK ST @ CAHILL DR/DAZE ST,371307.3114,5024317.615,-75.65115,45.35565,2017-08-30,3:15:00 PM,01 - Clear,01 - Dry,01 - Traffic signal,03 - At intersection,01 - Daylight,02 - Non-fatal injury,02 - Angle,South Keys - Heron Gate - Greenboro West
663,BANK ST @ CAHILL DR/DAZE ST,371307.1495,5024316.728,-75.65115,45.35564,2017-07-01,1:37:00 PM,02 - Rain,02 - Wet,01 - Traffic signal,03 - At intersection,01 - Daylight,02 - Non-fatal injury,05 - Turning movement,South Keys - Heron Gate - Greenboro West
664,BANK ST @ CAHILL DR/DAZE ST,371307.7618,5024315.544,-75.65114,45.35563,2017-09-25,11:29:00 AM,01 - Clear,01 - Dry,01 - Traffic signal,03 - At intersection,01 - Daylight,02 - Non-fatal injury,02 - Angle,South Keys - Heron Gate - Greenboro West
665,BANK ST @ CAHILL DR/DAZE ST,371307.4177,5024316.285,-75.65115,45.35564,2017-01-22,2:30:00 PM,01 - Clear,01 - Dry,01 - Traffic signal,02 - Intersection related,01 - Daylight,02 - Non-fatal injury,05 - Turning movement,South Keys - Heron Gate - Greenboro West
666,BANK ST @ CAHILL DR/DAZE ST,371307.6734,5024317.586,-75.65114,45.35565,2017-01-05,8:05:00 AM,01 - Clear,06 - Ice,01 - Traffic signal,02 - Intersection related,01 - Daylight,03 - P.D. only,03 - Rear end,South Keys - Heron Gate - Greenboro West
667,BANK ST @ CAHILL DR/DAZE ST,371306.4806,5024317.396,-75.65116,45.35565,2017-03-30,8:45:00 AM,01 - Clear,01 - Dry,01 - Traffic signal,02 - Intersection related,01 - Daylight,02 - Non-fatal injury,04 - Sideswipe,South Keys - Heron Gate - Greenboro West
668,BANK ST @ CAMERON AVE,368943.4149,5028262.655,-75.6808,45.39137,2017-06-29,8:09:00 AM,01 - Clear,01 - Dry,01 - Traffic signal,02 - Intersection related,01 - Daylight,03 - P.D. only,04 - Sideswipe,Old Ottawa South
669,BANK ST @ CATHERINE ST,368038.9673,5030268.708,-75.6921,45.4095,2017-08-02,3:33:00 PM,01 - Clear,01 - Dry,01 - Traffic signal,02 - Intersection related,01 - Daylight,03 - P.D. only,04 - Sideswipe,Centretown
670,BANK ST @ CATHERINE ST,368040.7983,5030268.118,-75.69207,45.40949,2017-10-13,12:00:00 PM,01 - Clear,01 - Dry,01 - Traffic signal,02 - Intersection related,01 - Daylight,02 - Non-fatal injury,03 - Rear end,Centretown
671,BANK ST @ CATHERINE ST,368040.9006,5030267.566,-75.69207,45.40949,2017-09-06,8:38:00 AM,01 - Clear,01 - Dry,01 - Traffic signal,02 - Intersection related,01 - Daylight,03 - P.D. only,07 - SMV other,Centretown
672,BANK ST @ CATHERINE ST,368039.7054,5030267.335,-75.69209,45.40949,2017-10-04,9:50:00 PM,01 - Clear,02 - Wet,01 - Traffic signal,02 - Intersection related,07 - Dark,03 - P.D. only,03 - Rear end,Centretown
673,BANK ST @ CATHERINE ST,368039.5565,5030266.67,-75.69209,45.40948,2017-10-19,4:21:00 PM,01 - Clear,01 - Dry,01 - Traffic signal,02 - Intersection related,01 - Daylight,02 - Non-fatal injury,07 - SMV other,Centretown
674,BANK ST @ CATHERINE ST,368039.371,5030268.241,-75.69209,45.40949,2017-11-15,5:19:00 PM,01 - Clear,01 - Dry,01 - Traffic signal,03 - At intersection,07 - Dark,02 - Non-fatal injury,07 - SMV other,Centretown
675,BANK ST @ CATHERINE ST,368040.0399,5030267.572,-75.69208,45.40949,2017-11-13,10:44:00 PM,01 - Clear,01 - Dry,01 - Traffic signal,03 - At intersection,07 - Dark,02 - Non-fatal injury,02 - Angle,Centretown
676,BANK ST @ CATHERINE ST,368040.6522,5030267.335,-75.69207,45.40949,2017-12-15,9:24:00 AM,01 - Clear,01 - Dry,01 - Traffic signal,02 - Intersection related,01 - Daylight,02 - Non-fatal injury,03 - Rear end,Centretown
677,BANK ST @ CATHERINE ST,368039.371,5030269.579,-75.69209,45.40951,2017-12-02,7:13:00 PM,01 - Clear,01 - Dry,01 - Traffic signal,03 - At intersection,07 - Dark,03 - P.D. only,05 - Turning movement,Centretown
678,BANK ST @ CATHERINE ST,368040.4559,5030266.446,-75.69208,45.40948,2017-02-14,2:17:00 PM,01 - Clear,02 - Wet,01 - Traffic signal,03 - At intersection,01 - Daylight,03 - P.D. only,02 - Angle,Centretown
679,BANK ST @ CATHERINE ST,368041.3336,5030267.301,-75.69207,45.40948,2017-01-27,6:53:00 AM,01 - Clear,01 - Dry,01 - Traffic signal,03 - At intersection,07 - Dark,02 - Non-fatal injury,07 - SMV other,Centretown
680,BANK ST @ CATHERINE ST,368040.5638,5030266.714,-75.69208,45.40948,2017-01-12,8:49:00 AM,02 - Rain,02 - Wet,01 - Traffic signal,02 - Intersection related,01 - Daylight,03 - P.D. only,04 - Sideswipe,Centretown
681,BANK ST @ CATHERINE ST,368042.1745,5030266.337,-75.69206,45.40948,2017-02-07,1:35:00 PM,01 - Clear,01 - Dry,01 - Traffic signal,02 - Intersection related,01 - Daylight,03 - P.D. only,02 - Angle,Centretown
682,BANK ST @ CATHERINE ST,368041.3776,5030266.903,-75.69207,45.40948,2017-03-11,4:35:00 PM,01 - Clear,01 - Dry,01 - Traffic signal,02 - Intersection related,01 - Daylight,03 - P.D. only,04 - Sideswipe,Centretown
683,BANK ST @ CATHERINE ST,368039.371,5030266.234,-75.69209,45.40948,2017-04-06,4:34:00 PM,02 - Rain,02 - Wet,01 - Traffic signal,02 - Intersection related,01 - Daylight,03 - P.D. only,03 - Rear end,Centretown
684,BANK ST @ CATHERINE ST,368040.0399,5030269.579,-75.69208,45.40951,2017-04-09,12:35:00 PM,01 - Clear,01 - Dry,01 - Traffic signal,03 - At intersection,01 - Daylight,03 - P.D. only,02 - Angle,Centretown
685,BANK ST @ CECIL AVE,369945.2219,5026989.546,-75.66818,45.37982,2017-06-27,3:16:00 PM,01 - Clear,01 - Dry,02 - Stop sign,03 - At intersection,01 - Daylight,03 - P.D. only,02 - Angle,Alta Vista
686,BANK ST @ CECIL AVE,369946.3846,5026990.883,-75.66816,45.37983,2017-07-11,11:58:00 AM,01 - Clear,01 - Dry,02 - Stop sign,03 - At intersection,01 - Daylight,02 - Non-fatal injury,02 - Angle,Alta Vista
687,BANK ST @ CECIL AVE,369944.4621,5026989.45,-75.66819,45.37982,2017-12-12,12:00:00 AM,03 - Snow,03 - Loose snow,02 - Stop sign,02 - Intersection related,00 - Unknown,03 - P.D. only,06 - SMV unattended vehicle,Alta Vista
688,BANK ST @ CHAMBERLAIN AVE N/ISABELLA ST,368083.0466,5030167.9,-75.69155,45.40859,2017-04-29,1:25:00 PM,01 - Clear,01 - Dry,01 - Traffic signal,02 - Intersection related,01 - Daylight,03 - P.D. only,04 - Sideswipe,The Glebe
689,BANK ST @ CHAMBERLAIN AVE N/ISABELLA ST,368082.7121,5030166.333,-75.69155,45.40857,2017-07-16,8:49:00 AM,01 - Clear,01 - Dry,01 - Traffic signal,03 - At intersection,01 - Daylight,02 - Non-fatal injury,02 - Angle,The Glebe
690,BANK ST @ CHAMBERLAIN AVE N/ISABELLA ST,368082.4146,5030166.856,-75.69155,45.40858,2017-08-24,8:58:00 PM,01 - Clear,01 - Dry,01 - Traffic signal,02 - Intersection related,05 - Dusk,03 - P.D. only,04 - Sideswipe,The Glebe
691,BANK ST @ CHAMBERLAIN AVE N/ISABELLA ST,368082.7121,5030168.066,-75.69155,45.40859,2017-07-11,5:16:00 PM,02 - Rain,02 - Wet,01 - Traffic signal,02 - Intersection related,01 - Daylight,03 - P.D. only,03 - Rear end,The Glebe
692,BANK ST @ CHAMBERLAIN AVE N/ISABELLA ST,368082.8009,5030166.688,-75.69155,45.40858,2017-07-16,10:56:00 AM,01 - Clear,01 - Dry,01 - Traffic signal,03 - At intersection,01 - Daylight,03 - P.D. only,02 - Angle,The Glebe
693,BANK ST @ CHAMBERLAIN AVE N/ISABELLA ST,368083.1248,5030166.701,-75.69154,45.40858,2017-09-23,2:50:00 PM,01 - Clear,01 - Dry,01 - Traffic signal,03 - At intersection,01 - Daylight,03 - P.D. only,02 - Angle,The Glebe
694,BANK ST @ CHAMBERLAIN AVE N/ISABELLA ST,368082.8152,5030166.675,-75.69155,45.40858,2017-09-13,5:30:00 AM,01 - Clear,01 - Dry,01 - Traffic signal,03 - At intersection,07 - Dark,03 - P.D. only,02 - Angle,The Glebe
695,BANK ST @ CHAMBERLAIN AVE N/ISABELLA ST,368081.7088,5030166.562,-75.69156,45.40857,2017-02-27,2:49:00 PM,01 - Clear,01 - Dry,01 - Traffic signal,02 - Intersection related,01 - Daylight,03 - P.D. only,02 - Angle,The Glebe
696,BANK ST @ CHAMBERLAIN AVE N/ISABELLA ST,368082.3777,5030165.893,-75.69155,45.40857,2017-04-08,3:02:00 PM,01 - Clear,01 - Dry,01 - Traffic signal,03 - At intersection,01 - Daylight,03 - P.D. only,05 - Turning movement,The Glebe
697,BANK ST @ CHAMBERLAIN AVE N/ISABELLA ST,368083.0466,5030167.231,-75.69155,45.40858,2017-12-15,4:39:00 PM,03 - Snow,02 - Wet,01 - Traffic signal,02 - Intersection related,05 - Dusk,03 - P.D. only,04 - Sideswipe,The Glebe
698,BANK ST @ COLLINS AVE/WILDWOOD AVE,370049.5021,5026697.842,-75.66689,45.37718,2017-08-09,3:13:00 PM,01 - Clear,01 - Dry,02 - Stop sign,02 - Intersection related,01 - Daylight,03 - P.D. only,03 - Rear end,Ledbury - Heron Gate - Ridgemont - Elmwood
699,BANK ST @ COLLINS AVE/WILDWOOD AVE,370049.9693,5026697.162,-75.66688,45.37718,2017-01-09,1:29:00 PM,03 - Snow,04 - Slush,02 - Stop sign,03 - At intersection,01 - Daylight,03 - P.D. only,02 - Angle,Ledbury - Heron Gate - Ridgemont - Elmwood
700,BANK ST @ COLLINS AVE/WILDWOOD AVE,370050.3854,5026699.544,-75.66687,45.3772,2017-04-10,1:20:00 PM,01 - Clear,01 - Dry,02 - Stop sign,03 - At intersection,01 - Daylight,02 - Non-fatal injury,07 - SMV other,Ledbury - Heron Gate - Ridgemont - Elmwood
701,BANK ST @ CONROY RD,375044.7501,5022238.269,-75.60375,45.33658,2017-07-09,3:25:00 PM,01 - Clear,01 - Dry,01 - Traffic signal,02 - Intersection related,01 - Daylight,02 - Non-fatal injury,01 - Approaching,Greenbelt
702,BANK ST @ CONROY RD,375045.416,5022237.833,-75.60374,45.33657,2017-09-07,7:24:00 AM,02 - Rain,02 - Wet,01 - Traffic signal,02 - Intersection related,01 - Daylight,03 - P.D. only,03 - Rear end,Greenbelt
703,BANK ST @ CONROY RD,375044.7501,5022237.782,-75.60375,45.33657,2017-11-08,5:33:00 PM,01 - Clear,01 - Dry,01 - Traffic signal,02 - Intersection related,07 - Dark,03 - P.D. only,02 - Angle,Greenbelt
704,BANK ST @ CONROY RD,375044.2406,5022237.48,-75.60375,45.33657,2017-04-13,6:34:00 PM,01 - Clear,01 - Dry,01 - Traffic signal,02 - Intersection related,01 - Daylight,02 - Non-fatal injury,03 - Rear end,Greenbelt
705,BANK ST @ CONROY RD,375043.7468,5022237.161,-75.60376,45.33657,2017-03-23,5:00:00 PM,01 - Clear,01 - Dry,01 - Traffic signal,03 - At intersection,01 - Daylight,03 - P.D. only,02 - Angle,Greenbelt
706,BANK ST @ DALMENY RD/MARVELVILLE RD,385829.3662,5004376.213,-75.46908,45.1747,2017-11-16,5:37:00 PM,02 - Rain,02 - Wet,02 - Stop sign,03 - At intersection,07 - Dark,02 - Non-fatal injury,02 - Angle,Metcalfe
707,BANK ST @ DALMENY RD/MARVELVILLE RD,385827.7775,5004368.352,-75.4691,45.17463,2017-12-13,4:29:00 PM,01 - Clear,02 - Wet,02 - Stop sign,02 - Intersection related,05 - Dusk,03 - P.D. only,02 - Angle,Metcalfe
708,BANK ST @ DAVIDSON RD/LESTER RD,373673.0726,5022923.513,-75.62115,45.34288,2017-06-26,2:37:00 PM,01 - Clear,01 - Dry,01 - Traffic signal,02 - Intersection related,01 - Daylight,02 - Non-fatal injury,03 - Rear end,Blossom Park - Blossom Park West - Sawmill Creek/ Timbermill
709,BANK ST @ DAVIDSON RD/LESTER RD,373672.4037,5022924.851,-75.62116,45.34289,2017-06-17,8:38:00 PM,01 - Clear,01 - Dry,01 - Traffic signal,03 - At intersection,05 - Dusk,03 - P.D. only,05 - Turning movement,Blossom Park - Blossom Park West - Sawmill Creek/ Timbermill
710,BANK ST @ DAVIDSON RD/LESTER RD,373673.7414,5022922.844,-75.62114,45.34287,2017-06-15,10:13:00 AM,01 - Clear,01 - Dry,01 - Traffic signal,03 - At intersection,01 - Daylight,03 - P.D. only,05 - Turning movement,Blossom Park - Blossom Park West - Sawmill Creek/ Timbermill
711,BANK ST @ DAVIDSON RD/LESTER RD,373671.9127,5022924.564,-75.62116,45.34289,2017-05-05,2:25:00 PM,02 - Rain,02 - Wet,01 - Traffic signal,03 - At intersection,01 - Daylight,02 - Non-fatal injury,02 - Angle,Blossom Park - Blossom Park West - Sawmill Creek/ Timbermill
712,BANK ST @ DAVIDSON RD/LESTER RD,373673.833,5022920.825,-75.62114,45.34285,2017-09-12,4:59:00 PM,01 - Clear,01 - Dry,01 - Traffic signal,02 - Intersection related,01 - Daylight,02 - Non-fatal injury,03 - Rear end,Blossom Park - Blossom Park West - Sawmill Creek/ Timbermill
713,BANK ST @ DAVIDSON RD/LESTER RD,373674.7393,5022919.488,-75.62113,45.34284,2017-12-15,6:12:00 AM,01 - Clear,05 - Packed snow,01 - Traffic signal,02 - Intersection related,07 - Dark,03 - P.D. only,03 - Rear end,Blossom Park - Blossom Park West - Sawmill Creek/ Timbermill
714,BANK ST @ DAVIDSON RD/LESTER RD,373674.5621,5022925.212,-75.62113,45.34289,2017-01-11,5:38:00 PM,01 - Clear,01 - Dry,01 - Traffic signal,03 - At intersection,05 - Dusk,03 - P.D. only,02 - Angle,Blossom Park - Blossom Park West - Sawmill Creek/ Timbermill
715,BANK ST @ DAVIDSON RD/LESTER RD,373672.7381,5022924.696,-75.62115,45.34289,2017-01-15,1:00:00 PM,01 - Clear,01 - Dry,01 - Traffic signal,02 - Intersection related,01 - Daylight,03 - P.D. only,03 - Rear end,Blossom Park - Blossom Park West - Sawmill Creek/ Timbermill
716,BANK ST @ DAVIDSON RD/LESTER RD,373686.3892,5022936.625,-75.62098,45.34299,2017-02-09,5:39:00 PM,01 - Clear,01 - Dry,01 - Traffic signal,03 - At intersection,05 - Dusk,03 - P.D. only,05 - Turning movement,Blossom Park - Blossom Park West - Sawmill Creek/ Timbermill
717,BANK ST @ DAVIDSON RD/LESTER RD,373674.5678,5022922.388,-75.62113,45.34287,2017-12-26,11:25:00 AM,01 - Clear,04 - Slush,01 - Traffic signal,03 - At intersection,01 - Daylight,02 - Non-fatal injury,02 - Angle,Blossom Park - Blossom Park West - Sawmill Creek/ Timbermill
718,BANK ST @ ECHO DR,368662.0456,5028758.878,-75.68433,45.39586,2017-02-22,2:35:00 PM,01 - Clear,01 - Dry,02 - Stop sign,03 - At intersection,01 - Daylight,03 - P.D. only,02 - Angle,Old Ottawa South
719,BANK ST @ ECHO DR,368662.1121,5028758.712,-75.68433,45.39585,2017-01-24,9:05:00 AM,04 - Freezing Rain,06 - Ice,02 - Stop sign,02 - Intersection related,01 - Daylight,03 - P.D. only,01 - Approaching,Old Ottawa South
720,BANK ST @ ERIE AVE,370133.9701,5026480.652,-75.66584,45.37522,2017-01-14,12:26:00 PM,01 - Clear,01 - Dry,01 - Traffic signal,02 - Intersection related,01 - Daylight,03 - P.D. only,03 - Rear end,Ledbury - Heron Gate - Ridgemont - Elmwood
721,BANK ST @ EVANS AVE,369918.8807,5027061.599,-75.6685,45.38047,2017-08-23,6:44:00 PM,01 - Clear,01 - Dry,02 - Stop sign,03 - At intersection,01 - Daylight,02 - Non-fatal injury,02 - Angle,Alta Vista
722,BANK ST @ EVANS AVE,369917.6007,5027062.064,-75.66852,45.38047,2017-09-08,2:45:00 PM,01 - Clear,01 - Dry,02 - Stop sign,02 - Intersection related,01 - Daylight,02 - Non-fatal injury,05 - Turning movement,Alta Vista
723,BANK ST @ EVANS AVE,369918.9725,5027062.526,-75.6685,45.38048,2017-09-06,5:30:00 PM,01 - Clear,01 - Dry,02 - Stop sign,02 - Intersection related,01 - Daylight,03 - P.D. only,03 - Rear end,Alta Vista
724,BANK ST @ EVANS AVE,369917.7442,5027062.971,-75.66852,45.38048,2017-03-31,11:03:00 AM,01 - Clear,01 - Dry,02 - Stop sign,02 - Intersection related,01 - Daylight,03 - P.D. only,05 - Turning movement,Alta Vista
725,BANK ST @ EVANS AVE,369918.489,5027062.434,-75.66851,45.38048,2017-12-16,11:00:00 AM,01 - Clear,02 - Wet,02 - Stop sign,03 - At intersection,01 - Daylight,02 - Non-fatal injury,02 - Angle,Alta Vista
726,BANK ST @ EXHIBITION WAY,368529.3623,5029085.164,-75.68598,45.3988,2017-08-12,11:20:00 AM,01 - Clear,01 - Dry,01 - Traffic signal,02 - Intersection related,01 - Daylight,03 - P.D. only,03 - Rear end,The Glebe
727,BANK ST @ FIFTH AVE,368398.379,5029400.558,-75.68762,45.40165,2017-05-15,8:48:00 AM,01 - Clear,01 - Dry,01 - Traffic signal,03 - At intersection,01 - Daylight,03 - P.D. only,05 - Turning movement,The Glebe
728,BANK ST @ FIFTH AVE,368397.7101,5029400.558,-75.68763,45.40165,2017-06-26,10:42:00 PM,02 - Rain,02 - Wet,01 - Traffic signal,02 - Intersection related,07 - Dark,03 - P.D. only,03 - Rear end,The Glebe
729,BANK ST @ FIFTH AVE,368399.1868,5029400.795,-75.68761,45.40166,2017-12-16,4:52:00 PM,01 - Clear,02 - Wet,01 - Traffic signal,02 - Intersection related,07 - Dark,03 - P.D. only,06 - SMV unattended vehicle,The Glebe
730,BANK ST @ FIRST AVE,368272.7069,5029701.561,-75.68918,45.40437,2017-10-31,4:32:00 PM,01 - Clear,01 - Dry,01 - Traffic signal,03 - At intersection,01 - Daylight,03 - P.D. only,02 - Angle,The Glebe
731,BANK ST @ FIRST AVE,368274.0447,5029703.568,-75.68917,45.40439,2017-12-14,9:14:00 AM,01 - Clear,02 - Wet,01 - Traffic signal,02 - Intersection related,01 - Daylight,03 - P.D. only,04 - Sideswipe,The Glebe
732,BANK ST @ FIRST AVE,368274.0447,5029705.574,-75.68917,45.40441,2017-03-08,9:51:00 AM,01 - Clear,01 - Dry,01 - Traffic signal,02 - Intersection related,01 - Daylight,03 - P.D. only,04 - Sideswipe,The Glebe