Record,Location,X,Y,Longitude,Latitude,Date,Time,Environment,Road_Surface,Traffic_Control,Collision_Location,Light,Collision_Classification,Impact_type,Neighborhood
733,BANK ST @ FLORENCE ST,367876.45,5030630.062,-75.69413,45.41276,2017-08-01,9:40:00 PM,01 - Clear,01 - Dry,02 - Stop sign,03 - At intersection,07 - Dark,02 - Non-fatal injury,02 - Angle,Centretown
734,BANK ST @ FOURTH AVE,368367.1699,5029476.019,-75.68801,45.40234,2017-07-19,5:03:00 PM,01 - Clear,01 - Dry,02 - Stop sign,03 - At intersection,01 - Daylight,03 - P.D. only,05 - Turning movement,The Glebe
735,BANK ST @ FOURTH AVE,368368.0508,5029476.566,-75.68799,45.40234,2017-03-28,9:28:00 AM,01 - Clear,02 - Wet,02 - Stop sign,03 - At intersection,01 - Daylight,03 - P.D. only,02 - Angle,The Glebe
736,BANK ST @ GLADSTONE AVE,367916.7064,5030562.8,-75.69362,45.41215,2017-06-04,3:16:00 PM,01 - Clear,01 - Dry,01 - Traffic signal,03 - At intersection,01 - Daylight,03 - P.D. only,02 - Angle,Centretown
737,BANK ST @ GLADSTONE AVE,367917.0409,5030562.571,-75.69362,45.41215,2017-06-13,8:33:00 AM,01 - Clear,01 - Dry,01 - Traffic signal,02 - Intersection related,01 - Daylight,03 - P.D. only,03 - Rear end,Centretown
738,BANK ST @ GLADSTONE AVE,367916.7064,5030562.571,-75.69362,45.41215,2017-08-08,5:37:00 PM,01 - Clear,01 - Dry,01 - Traffic signal,02 - Intersection related,01 - Daylight,03 - P.D. only,04 - Sideswipe,Centretown
739,BANK ST @ GLADSTONE AVE,367916.372,5030561.902,-75.69362,45.41215,2017-11-02,7:13:00 PM,02 - Rain,02 - Wet,01 - Traffic signal,03 - At intersection,07 - Dark,02 - Non-fatal injury,03 - Rear end,Centretown
740,BANK ST @ GLADSTONE AVE,367916.233,5030562.807,-75.69363,45.41216,2017-11-03,9:09:00 PM,01 - Clear,01 - Dry,01 - Traffic signal,02 - Intersection related,07 - Dark,02 - Non-fatal injury,03 - Rear end,Centretown
741,BANK ST @ GLADSTONE AVE,367915.7031,5030561.902,-75.69363,45.41215,2017-04-22,12:04:00 PM,01 - Clear,01 - Dry,01 - Traffic signal,02 - Intersection related,01 - Daylight,03 - P.D. only,04 - Sideswipe,Centretown
742,BANK ST @ GLEBE AVE,368237.9939,5029785.849,-75.68962,45.40514,2017-01-09,7:55:00 AM,03 - Snow,06 - Ice,01 - Traffic signal,03 - At intersection,01 - Daylight,03 - P.D. only,05 - Turning movement,The Glebe
743,BANK ST @ GLEN AVE,368804.4602,5028434.599,-75.68256,45.39293,2017-08-01,3:00:00 PM,01 - Clear,01 - Dry,01 - Traffic signal,02 - Intersection related,01 - Daylight,03 - P.D. only,03 - Rear end,Old Ottawa South
744,BANK ST @ GLEN AVE,368804.063,5028433.914,-75.68256,45.39292,2017-08-05,8:19:00 AM,01 - Clear,01 - Dry,01 - Traffic signal,02 - Intersection related,01 - Daylight,03 - P.D. only,06 - SMV unattended vehicle,Old Ottawa South
745,BANK ST @ GLOUCESTER ST,367524.1385,5031197.935,-75.69855,45.4179,2017-08-17,12:00:00 AM,01 - Clear,01 - Dry,01 - Traffic signal,02 - Intersection related,00 - Unknown,03 - P.D. only,06 - SMV unattended vehicle,Centretown
746,BANK ST @ GLOUCESTER ST,367523.1606,5031199.675,-75.69857,45.41792,2017-01-16,2:16:00 PM,01 - Clear,01 - Dry,01 - Traffic signal,03 - At intersection,01 - Daylight,03 - P.D. only,02 - Angle,Centretown
747,BANK ST @ GROVE AVE,368848.016,5028371.617,-75.68201,45.39235,2017-09-24,11:57:00 AM,01 - Clear,01 - Dry,02 - Stop sign,02 - Intersection related,01 - Daylight,03 - P.D. only,06 - SMV unattended vehicle,Old Ottawa South
748,BANK ST @ HERON RD,369996.0545,5026852.88,-75.66755,45.37858,2017-05-02,11:17:00 PM,01 - Clear,02 - Wet,01 - Traffic signal,03 - At intersection,07 - Dark,02 - Non-fatal injury,02 - Angle,Alta Vista
749,BANK ST @ HERON RD,369997.3922,5026851.542,-75.66753,45.37857,2017-05-31,5:19:00 PM,01 - Clear,01 - Dry,01 - Traffic signal,02 - Intersection related,01 - Daylight,03 - P.D. only,04 - Sideswipe,Alta Vista
750,BANK ST @ HERON RD,369995.2105,5026850.523,-75.66756,45.37856,2017-05-12,7:58:00 AM,01 - Clear,01 - Dry,01 - Traffic signal,02 - Intersection related,01 - Daylight,03 - P.D. only,04 - Sideswipe,Alta Vista
751,BANK ST @ HERON RD,369995.3856,5026852.211,-75.66756,45.37858,2017-05-20,4:10:00 PM,01 - Clear,01 - Dry,01 - Traffic signal,02 - Intersection related,01 - Daylight,02 - Non-fatal injury,03 - Rear end,Alta Vista
752,BANK ST @ HERON RD,369995.2105,5026849.504,-75.66756,45.37855,2017-05-05,12:31:00 PM,02 - Rain,02 - Wet,01 - Traffic signal,03 - At intersection,01 - Daylight,03 - P.D. only,04 - Sideswipe,Alta Vista
753,BANK ST @ HERON RD,369996.0545,5026852.211,-75.66755,45.37858,2017-07-04,12:34:00 PM,01 - Clear,01 - Dry,01 - Traffic signal,03 - At intersection,01 - Daylight,02 - Non-fatal injury,02 - Angle,Alta Vista
754,BANK ST @ HERON RD,369995.1185,5026850.64,-75.66756,45.37856,2017-07-23,7:05:00 PM,01 - Clear,01 - Dry,01 - Traffic signal,02 - Intersection related,01 - Daylight,03 - P.D. only,03 - Rear end,Alta Vista
755,BANK ST @ HERON RD,369995.2466,5026850.832,-75.66756,45.37857,2017-09-07,8:34:00 PM,02 - Rain,02 - Wet,01 - Traffic signal,03 - At intersection,07 - Dark,02 - Non-fatal injury,02 - Angle,Alta Vista
756,BANK ST @ HERON RD,369994.7733,5026851.779,-75.66756,45.37857,2017-10-13,2:35:00 PM,01 - Clear,01 - Dry,01 - Traffic signal,02 - Intersection related,01 - Daylight,03 - P.D. only,03 - Rear end,Alta Vista
757,BANK ST @ HERON RD,369994.7733,5026850.832,-75.66756,45.37857,2017-12-11,9:25:00 AM,01 - Clear,01 - Dry,01 - Traffic signal,02 - Intersection related,01 - Daylight,03 - P.D. only,02 - Angle,Alta Vista
758,BANK ST @ HERON RD,369996.0545,5026853.549,-75.66755,45.37859,2017-12-15,8:18:00 AM,01 - Clear,02 - Wet,01 - Traffic signal,03 - At intersection,01 - Daylight,03 - P.D. only,02 - Angle,Alta Vista
759,BANK ST @ HERON RD,369997.1401,5026851.779,-75.66753,45.37857,2017-12-11,11:50:00 AM,01 - Clear,01 - Dry,01 - Traffic signal,02 - Intersection related,01 - Daylight,03 - P.D. only,03 - Rear end,Alta Vista
760,BANK ST @ HERON RD,369996.2295,5026848.485,-75.66755,45.37854,2017-11-17,9:45:00 PM,01 - Clear,01 - Dry,01 - Traffic signal,02 - Intersection related,07 - Dark,02 - Non-fatal injury,03 - Rear end,Alta Vista
761,BANK ST @ HERON RD,369995.3856,5026851.542,-75.66756,45.37857,2017-12-01,6:33:00 PM,01 - Clear,01 - Dry,01 - Traffic signal,02 - Intersection related,07 - Dark,03 - P.D. only,04 - Sideswipe,Alta Vista
762,BANK ST @ HERON RD,369996.4705,5026850.792,-75.66754,45.37856,2017-02-02,4:57:00 PM,01 - Clear,02 - Wet,01 - Traffic signal,02 - Intersection related,01 - Daylight,03 - P.D. only,03 - Rear end,Alta Vista
763,BANK ST @ HERON RD,369995.3856,5026851.542,-75.66756,45.37857,2017-02-09,4:55:00 PM,01 - Clear,01 - Dry,01 - Traffic signal,03 - At intersection,01 - Daylight,03 - P.D. only,05 - Turning movement,Alta Vista
764,BANK ST @ HERON RD,369995.72,5026851.814,-75.66755,45.37857,2017-01-27,5:05:00 PM,01 - Clear,02 - Wet,01 - Traffic signal,03 - At intersection,05 - Dusk,03 - P.D. only,05 - Turning movement,Alta Vista
765,BANK ST @ HERON RD,369996.9546,5026849.073,-75.66754,45.37855,2017-02-22,3:05:00 AM,01 - Clear,02 - Wet,01 - Traffic signal,02 - Intersection related,07 - Dark,03 - P.D. only,07 - SMV other,Alta Vista
766,BANK ST @ HERON RD,369995.3856,5026850.873,-75.66756,45.37857,2017-04-07,11:13:00 PM,01 - Clear,01 - Dry,01 - Traffic signal,02 - Intersection related,07 - Dark,03 - P.D. only,03 - Rear end,Alta Vista
767,BANK ST @ HERON RD,369995.72,5026850.359,-75.66755,45.37856,2017-12-26,1:15:00 PM,01 - Clear,02 - Wet,01 - Traffic signal,03 - At intersection,01 - Daylight,03 - P.D. only,04 - Sideswipe,Alta Vista
768,BANK ST @ HOLMWOOD AVE,368482.7113,5029197.559,-75.68657,45.39982,2017-05-10,8:45:00 PM,01 - Clear,01 - Dry,01 - Traffic signal,03 - At intersection,07 - Dark,03 - P.D. only,05 - Turning movement,The Glebe
769,BANK ST @ HOLMWOOD AVE,368480.7047,5029196.89,-75.68659,45.39981,2017-03-17,12:17:00 PM,01 - Clear,01 - Dry,01 - Traffic signal,03 - At intersection,01 - Daylight,03 - P.D. only,05 - Turning movement,The Glebe
770,BANK ST @ HOPEWELL AVE,368768.7083,5028504.228,-75.683,45.39356,2017-05-16,9:28:00 AM,01 - Clear,01 - Dry,02 - Stop sign,02 - Intersection related,01 - Daylight,03 - P.D. only,03 - Rear end,Old Ottawa South
771,BANK ST @ HOPEWELL AVE,368769.0428,5028504.221,-75.683,45.39356,2017-05-23,9:33:00 PM,01 - Clear,01 - Dry,02 - Stop sign,02 - Intersection related,07 - Dark,03 - P.D. only,02 - Angle,Old Ottawa South
772,BANK ST @ HOPEWELL AVE,368769.2548,5028503.005,-75.683,45.39354,2017-02-03,6:44:00 PM,01 - Clear,01 - Dry,02 - Stop sign,03 - At intersection,07 - Dark,02 - Non-fatal injury,01 - Approaching,Old Ottawa South
773,BANK ST @ HOPEWELL AVE,368769.1817,5028504.262,-75.683,45.39356,2017-12-17,3:38:00 PM,03 - Snow,05 - Packed snow,02 - Stop sign,02 - Intersection related,01 - Daylight,03 - P.D. only,01 - Approaching,Old Ottawa South
774,BANK ST @ HUNT CLUB RD,371609.4496,5024096.015,-75.64732,45.35363,2017-06-22,5:20:00 PM,01 - Clear,01 - Dry,01 - Traffic signal,02 - Intersection related,01 - Daylight,03 - P.D. only,04 - Sideswipe,South Keys - Heron Gate - Greenboro West
775,BANK ST @ HUNT CLUB RD,371608.4021,5024096.506,-75.64733,45.35363,2017-04-24,8:57:00 PM,01 - Clear,01 - Dry,01 - Traffic signal,03 - At intersection,07 - Dark,03 - P.D. only,05 - Turning movement,South Keys - Heron Gate - Greenboro West
776,BANK ST @ HUNT CLUB RD,371608.4021,5024097.175,-75.64733,45.35364,2017-04-25,5:17:00 AM,01 - Clear,01 - Dry,01 - Traffic signal,03 - At intersection,03 - Dawn,03 - P.D. only,02 - Angle,South Keys - Heron Gate - Greenboro West
777,BANK ST @ HUNT CLUB RD,371607.7332,5024096.506,-75.64734,45.35363,2017-05-09,5:51:00 AM,01 - Clear,01 - Dry,01 - Traffic signal,03 - At intersection,01 - Daylight,02 - Non-fatal injury,02 - Angle,South Keys - Heron Gate - Greenboro West
778,BANK ST @ HUNT CLUB RD,371609.246,5024098.544,-75.64732,45.35365,2017-06-12,6:00:00 PM,01 - Clear,01 - Dry,01 - Traffic signal,02 - Intersection related,01 - Daylight,03 - P.D. only,03 - Rear end,South Keys - Heron Gate - Greenboro West
779,BANK ST @ HUNT CLUB RD,371609.8075,5024095.703,-75.64732,45.35362,2017-07-30,8:38:00 PM,01 - Clear,01 - Dry,01 - Traffic signal,02 - Intersection related,05 - Dusk,03 - P.D. only,04 - Sideswipe,South Keys - Heron Gate - Greenboro West
780,BANK ST @ HUNT CLUB RD,371609.6833,5024096.743,-75.64732,45.35363,2017-07-29,3:29:00 PM,01 - Clear,01 - Dry,01 - Traffic signal,02 - Intersection related,01 - Daylight,03 - P.D. only,03 - Rear end,South Keys - Heron Gate - Greenboro West
781,BANK ST @ HUNT CLUB RD,371610.1566,5024096.743,-75.64731,45.35363,2017-08-29,10:42:00 AM,01 - Clear,01 - Dry,01 - Traffic signal,03 - At intersection,01 - Daylight,03 - P.D. only,05 - Turning movement,South Keys - Heron Gate - Greenboro West
782,BANK ST @ HUNT CLUB RD,371608.2586,5024096.745,-75.64734,45.35363,2017-09-02,9:41:00 AM,01 - Clear,01 - Dry,01 - Traffic signal,03 - At intersection,01 - Daylight,03 - P.D. only,02 - Angle,South Keys - Heron Gate - Greenboro West
783,BANK ST @ HUNT CLUB RD,371609.8294,5024097.053,-75.64732,45.35364,2017-10-10,2:00:00 PM,01 - Clear,01 - Dry,01 - Traffic signal,02 - Intersection related,01 - Daylight,03 - P.D. only,04 - Sideswipe,South Keys - Heron Gate - Greenboro West
784,BANK ST @ HUNT CLUB RD,371609.283,5024095.96,-75.64732,45.35363,2017-09-25,2:53:00 PM,01 - Clear,01 - Dry,01 - Traffic signal,03 - At intersection,01 - Daylight,02 - Non-fatal injury,02 - Angle,South Keys - Heron Gate - Greenboro West
785,BANK ST @ HUNT CLUB RD,371607.7898,5024097.216,-75.64734,45.35364,2017-09-30,11:00:00 AM,01 - Clear,01 - Dry,01 - Traffic signal,02 - Intersection related,01 - Daylight,03 - P.D. only,03 - Rear end,South Keys - Heron Gate - Greenboro West
786,BANK ST @ HUNT CLUB RD,371609.283,5024095.96,-75.64732,45.35363,2017-09-29,1:00:00 PM,01 - Clear,01 - Dry,01 - Traffic signal,02 - Intersection related,01 - Daylight,03 - P.D. only,04 - Sideswipe,South Keys - Heron Gate - Greenboro West
787,BANK ST @ HUNT CLUB RD,371609.2099,5024096.27,-75.64732,45.35363,2017-09-06,5:55:00 PM,01 - Clear,01 - Dry,01 - Traffic signal,02 - Intersection related,01 - Daylight,03 - P.D. only,03 - Rear end,South Keys - Heron Gate - Greenboro West
788,BANK ST @ HUNT CLUB RD,371607.7332,5024097.175,-75.64734,45.35364,2017-11-09,12:08:00 PM,02 - Rain,02 - Wet,01 - Traffic signal,03 - At intersection,01 - Daylight,03 - P.D. only,07 - SMV other,South Keys - Heron Gate - Greenboro West
789,BANK ST @ HUNT CLUB RD,371608.7365,5024096.732,-75.64733,45.35363,2017-11-28,3:40:00 PM,01 - Clear,01 - Dry,01 - Traffic signal,02 - Intersection related,01 - Daylight,03 - P.D. only,03 - Rear end,South Keys - Heron Gate - Greenboro West
790,BANK ST @ HUNT CLUB RD,371608.7365,5024096.131,-75.64733,45.35363,2017-02-10,12:40:00 PM,01 - Clear,01 - Dry,01 - Traffic signal,02 - Intersection related,01 - Daylight,03 - P.D. only,03 - Rear end,South Keys - Heron Gate - Greenboro West
791,BANK ST @ HUNT CLUB RD,371608.7365,5024097.053,-75.64733,45.35364,2017-02-02,7:10:00 AM,01 - Clear,01 - Dry,01 - Traffic signal,02 - Intersection related,03 - Dawn,03 - P.D. only,03 - Rear end,South Keys - Heron Gate - Greenboro West
792,BANK ST @ HUNT CLUB RD,371607.0198,5024094.789,-75.64735,45.35362,2017-01-06,11:04:00 AM,01 - Clear,06 - Ice,01 - Traffic signal,02 - Intersection related,01 - Daylight,03 - P.D. only,03 - Rear end,South Keys - Heron Gate - Greenboro West
793,BANK ST @ HUNT CLUB RD,371609.2099,5024095.323,-75.64732,45.35362,2017-01-05,10:29:00 PM,02 - Rain,06 - Ice,01 - Traffic signal,02 - Intersection related,07 - Dark,03 - P.D. only,03 - Rear end,South Keys - Heron Gate - Greenboro West
794,BANK ST @ HUNT CLUB RD,371608.7365,5024097.632,-75.64733,45.35364,2017-02-14,12:08:00 AM,01 - Clear,01 - Dry,01 - Traffic signal,03 - At intersection,07 - Dark,03 - P.D. only,07 - SMV other,South Keys - Heron Gate - Greenboro West
795,BANK ST @ HUNT CLUB RD,371608.4021,5024096.506,-75.64733,45.35363,2017-04-17,1:56:00 PM,01 - Clear,01 - Dry,01 - Traffic signal,02 - Intersection related,01 - Daylight,02 - Non-fatal injury,07 - SMV other,South Keys - Heron Gate - Greenboro West
796,BANK ST @ HUNT CLUB RD,371608.2586,5024096.267,-75.64734,45.35363,2017-12-28,8:10:00 AM,03 - Snow,03 - Loose snow,01 - Traffic signal,02 - Intersection related,01 - Daylight,03 - P.D. only,03 - Rear end,South Keys - Heron Gate - Greenboro West
797,BANK ST @ JOHN QUINN RD,383423.7907,5010701.075,-75.49868,45.23188,2017-05-14,8:39:00 AM,02 - Rain,02 - Wet,02 - Stop sign,02 - Intersection related,01 - Daylight,03 - P.D. only,01 - Approaching,Osgoode
798,BANK ST @ JOHN QUINN RD,383418.6037,5010702.307,-75.49875,45.23189,2017-02-14,4:40:00 AM,01 - Clear,01 - Dry,02 - Stop sign,02 - Intersection related,07 - Dark,03 - P.D. only,07 - SMV other,Osgoode
799,BANK ST @ JOHNSTON RD,370852.065,5024838.859,-75.65689,45.36038,2017-06-21,11:29:00 AM,01 - Clear,01 - Dry,01 - Traffic signal,03 - At intersection,01 - Daylight,02 - Non-fatal injury,05 - Turning movement,South Keys - Heron Gate - Greenboro West
800,BANK ST @ JOHNSTON RD,370850.0583,5024839.528,-75.65691,45.36039,2017-04-29,5:22:00 PM,01 - Clear,01 - Dry,01 - Traffic signal,03 - At intersection,01 - Daylight,02 - Non-fatal injury,02 - Angle,South Keys - Heron Gate - Greenboro West
801,BANK ST @ JOHNSTON RD,370851.7305,5024840.175,-75.65689,45.36039,2017-08-17,8:34:00 PM,01 - Clear,01 - Dry,01 - Traffic signal,03 - At intersection,07 - Dark,03 - P.D. only,05 - Turning movement,South Keys - Heron Gate - Greenboro West
802,BANK ST @ JOHNSTON RD,370850.7272,5024839.528,-75.6569,45.36039,2017-10-31,9:35:00 AM,01 - Clear,01 - Dry,01 - Traffic signal,02 - Intersection related,01 - Daylight,02 - Non-fatal injury,07 - SMV other,South Keys - Heron Gate - Greenboro West
803,BANK ST @ JOHNSTON RD,370851.7873,5024839.646,-75.65689,45.36039,2017-10-11,5:19:00 PM,01 - Clear,01 - Dry,01 - Traffic signal,02 - Intersection related,01 - Daylight,03 - P.D. only,03 - Rear end,South Keys - Heron Gate - Greenboro West
804,BANK ST @ JOHNSTON RD,370851.3961,5024838.19,-75.6569,45.36038,2017-11-18,11:35:00 AM,04 - Freezing Rain,06 - Ice,01 - Traffic signal,02 - Intersection related,01 - Daylight,03 - P.D. only,04 - Sideswipe,South Keys - Heron Gate - Greenboro West
805,BANK ST @ JOHNSTON RD,370851.3961,5024838.19,-75.6569,45.36038,2017-11-24,5:21:00 PM,01 - Clear,01 - Dry,01 - Traffic signal,03 - At intersection,07 - Dark,03 - P.D. only,05 - Turning movement,South Keys - Heron Gate - Greenboro West
806,BANK ST @ JOHNSTON RD,370852.1815,5024839.753,-75.65689,45.36039,2017-12-03,6:05:00 PM,01 - Clear,01 - Dry,01 - Traffic signal,03 - At intersection,07 - Dark,02 - Non-fatal injury,05 - Turning movement,South Keys - Heron Gate - Greenboro West
807,BANK ST @ JOHNSTON RD,370850.0583,5024839.528,-75.65691,45.36039,2017-11-24,9:51:00 AM,01 - Clear,01 - Dry,01 - Traffic signal,02 - Intersection related,01 - Daylight,03 - P.D. only,03 - Rear end,South Keys - Heron Gate - Greenboro West
808,BANK ST @ JOHNSTON RD,370853.4472,5024842.103,-75.65687,45.36041,2017-01-05,4:30:00 PM,01 - Clear,06 - Ice,01 - Traffic signal,02 - Intersection related,01 - Daylight,03 - P.D. only,03 - Rear end,South Keys - Heron Gate - Greenboro West
809,BANK ST @ JOHNSTON RD,370853.2314,5024838.402,-75.65687,45.36038,2017-01-31,6:02:00 PM,01 - Clear,01 - Dry,01 - Traffic signal,03 - At intersection,07 - Dark,02 - Non-fatal injury,07 - SMV other,South Keys - Heron Gate - Greenboro West
810,BANK ST @ JOHNSTON RD,370852.2732,5024839.257,-75.65688,45.36039,2017-01-27,4:35:00 PM,01 - Clear,01 - Dry,01 - Traffic signal,02 - Intersection related,01 - Daylight,03 - P.D. only,99 - Other,South Keys - Heron Gate - Greenboro West
811,BANK ST @ JOHNSTON RD,370853.2314,5024839.153,-75.65687,45.36038,2017-03-09,4:12:00 PM,01 - Clear,01 - Dry,01 - Traffic signal,02 - Intersection related,01 - Daylight,03 - P.D. only,03 - Rear end,South Keys - Heron Gate - Greenboro West
812,BANK ST @ JOHNSTON RD,370852.065,5024839.528,-75.65689,45.36039,2017-03-06,6:16:00 PM,04 - Freezing Rain,06 - Ice,01 - Traffic signal,03 - At intersection,05 - Dusk,02 - Non-fatal injury,05 - Turning movement,South Keys - Heron Gate - Greenboro West
813,BANK ST @ JOHNSTON RD,370851.0117,5024838.411,-75.6569,45.36038,2017-12-21,10:29:00 AM,01 - Clear,01 - Dry,01 - Traffic signal,03 - At intersection,01 - Daylight,02 - Non-fatal injury,03 - Rear end,South Keys - Heron Gate - Greenboro West
814,BANK ST @ KILBORN AVE/BELANGER AVE,369654.0544,5027426.21,-75.67184,45.38377,2017-05-13,1:54:00 PM,02 - Rain,02 - Wet,01 - Traffic signal,03 - At intersection,01 - Daylight,03 - P.D. only,05 - Turning movement,Alta Vista
815,BANK ST @ KILBORN AVE/BELANGER AVE,369653.2104,5027427.548,-75.67185,45.38379,2017-11-22,10:49:00 AM,01 - Clear,02 - Wet,01 - Traffic signal,03 - At intersection,01 - Daylight,02 - Non-fatal injury,05 - Turning movement,Alta Vista
816,BANK ST @ KILBORN AVE/BELANGER AVE,369655.9713,5027427.923,-75.67181,45.38379,2017-02-14,6:03:00 PM,03 - Snow,03 - Loose snow,01 - Traffic signal,03 - At intersection,07 - Dark,03 - P.D. only,05 - Turning movement,Alta Vista
817,BANK ST @ KILBORN AVE/BELANGER AVE,369654.3801,5027426.295,-75.67183,45.38377,2017-01-01,11:41:00 AM,01 - Clear,02 - Wet,01 - Traffic signal,02 - Intersection related,01 - Daylight,03 - P.D. only,99 - Other,Alta Vista
818,BANK ST @ KILBORN AVE/BELANGER AVE,369654.7232,5027426.879,-75.67183,45.38378,2017-03-01,8:36:00 AM,02 - Rain,02 - Wet,01 - Traffic signal,03 - At intersection,01 - Daylight,02 - Non-fatal injury,05 - Turning movement,Alta Vista
819,BANK ST @ KINGSDALE AVE,373269.2902,5023501.065,-75.62622,45.34811,2017-10-05,2:12:00 PM,01 - Clear,01 - Dry,02 - Stop sign,03 - At intersection,01 - Daylight,03 - P.D. only,02 - Angle,Blossom Park - Blossom Park West - Sawmill Creek/ Timbermill
820,BANK ST @ KINGSDALE AVE,373270.4159,5023501.188,-75.62621,45.34811,2017-12-04,3:03:00 PM,01 - Clear,01 - Dry,02 - Stop sign,03 - At intersection,01 - Daylight,03 - P.D. only,02 - Angle,Blossom Park - Blossom Park West - Sawmill Creek/ Timbermill
821,BANK ST @ KINGSDALE AVE,373268.4286,5023499.357,-75.62623,45.3481,2017-01-30,9:44:00 PM,01 - Clear,01 - Dry,02 - Stop sign,03 - At intersection,07 - Dark,03 - P.D. only,02 - Angle,Blossom Park - Blossom Park West - Sawmill Creek/ Timbermill
822,BANK ST @ LAURIER AVE,367481.7036,5031264.251,-75.69909,45.41851,2017-06-09,2:56:00 PM,01 - Clear,01 - Dry,01 - Traffic signal,03 - At intersection,01 - Daylight,02 - Non-fatal injury,05 - Turning movement,Downtown
823,BANK ST @ LAURIER AVE,367481.2098,5031264.569,-75.69909,45.41851,2017-06-01,3:01:00 PM,01 - Clear,01 - Dry,01 - Traffic signal,03 - At intersection,01 - Daylight,02 - Non-fatal injury,07 - SMV other,Downtown
824,BANK ST @ LAURIER AVE,367480.7003,5031265.321,-75.6991,45.41852,2017-08-03,4:30:00 PM,01 - Clear,01 - Dry,01 - Traffic signal,02 - Intersection related,01 - Daylight,03 - P.D. only,04 - Sideswipe,Downtown
825,BANK ST @ LAURIER AVE,367482.3725,5031266.257,-75.69908,45.41852,2017-10-02,7:06:00 PM,01 - Clear,01 - Dry,01 - Traffic signal,03 - At intersection,07 - Dark,02 - Non-fatal injury,05 - Turning movement,Downtown
826,BANK ST @ LAURIER AVE,367481.6039,5031264.852,-75.69909,45.41851,2017-09-06,12:53:00 PM,01 - Clear,01 - Dry,01 - Traffic signal,02 - Intersection related,01 - Daylight,02 - Non-fatal injury,04 - Sideswipe,Downtown
827,BANK ST @ LEITRIM RD,375359.4264,5021619.497,-75.59982,45.33098,2017-05-18,8:30:00 PM,02 - Rain,02 - Wet,01 - Traffic signal,02 - Intersection related,05 - Dusk,03 - P.D. only,03 - Rear end,Greenbelt
828,BANK ST @ LEITRIM RD,375356.7509,5021620.835,-75.59985,45.33099,2017-05-05,3:54:00 PM,02 - Rain,02 - Wet,01 - Traffic signal,02 - Intersection related,01 - Daylight,03 - P.D. only,03 - Rear end,Greenbelt
829,BANK ST @ LEITRIM RD,375357.7542,5021619.229,-75.59984,45.33097,2017-07-12,9:09:00 PM,02 - Rain,02 - Wet,01 - Traffic signal,03 - At intersection,07 - Dark,03 - P.D. only,04 - Sideswipe,Greenbelt
830,BANK ST @ LEITRIM RD,375358.6561,5021619.272,-75.59983,45.33097,2017-09-27,4:07:00 PM,01 - Clear,02 - Wet,01 - Traffic signal,03 - At intersection,01 - Daylight,03 - P.D. only,05 - Turning movement,Greenbelt
831,BANK ST @ LEITRIM RD,375356.7509,5021619.497,-75.59985,45.33098,2017-10-04,12:25:00 PM,02 - Rain,02 - Wet,01 - Traffic signal,02 - Intersection related,01 - Daylight,03 - P.D. only,03 - Rear end,Greenbelt
832,BANK ST @ LEITRIM RD,375357.7542,5021620.623,-75.59984,45.33099,2017-01-11,9:37:00 AM,01 - Clear,02 - Wet,01 - Traffic signal,03 - At intersection,01 - Daylight,03 - P.D. only,02 - Angle,Greenbelt
833,BANK ST @ LEITRIM RD,375358.6126,5021617.78,-75.59983,45.33096,2017-01-09,7:15:00 AM,01 - Clear,02 - Wet,01 - Traffic signal,02 - Intersection related,03 - Dawn,03 - P.D. only,03 - Rear end,Greenbelt
834,BANK ST @ LEITRIM RD,375357.2115,5021618.683,-75.59985,45.33097,2017-01-06,7:55:00 AM,01 - Clear,02 - Wet,01 - Traffic signal,03 - At intersection,01 - Daylight,02 - Non-fatal injury,05 - Turning movement,Greenbelt
835,BANK ST @ LEITRIM RD,375357.4198,5021617.49,-75.59985,45.33096,2017-03-14,12:36:00 PM,03 - Snow,03 - Loose snow,01 - Traffic signal,02 - Intersection related,01 - Daylight,03 - P.D. only,04 - Sideswipe,Greenbelt
836,BANK ST @ LEWIS ST,367810.7155,5030735.567,-75.69495,45.41372,2017-01-30,1:17:00 PM,01 - Clear,05 - Packed snow,02 - Stop sign,02 - Intersection related,01 - Daylight,03 - P.D. only,99 - Other,Centretown
837,BANK ST @ LISGAR ST,367604.7138,5031064.332,-75.69754,45.4167,2017-10-06,10:30:00 AM,01 - Clear,01 - Dry,01 - Traffic signal,03 - At intersection,01 - Daylight,03 - P.D. only,02 - Angle,Centretown
838,BANK ST @ MACLAREN ST,367741.1674,5030846.382,-75.69583,45.41472,2017-10-17,4:39:00 PM,01 - Clear,01 - Dry,01 - Traffic signal,02 - Intersection related,01 - Daylight,02 - Non-fatal injury,03 - Rear end,Centretown
839,BANK ST @ MARCO ST,377859.1028,5015733.469,-75.5688,45.27776,2017-02-12,7:01:00 PM,03 - Snow,03 - Loose snow,02 - Stop sign,03 - At intersection,07 - Dark,02 - Non-fatal injury,02 - Angle,Greely