Record,Location,X,Y,Longitude,Latitude,Date,Time,Environment,Road_Surface,Traffic_Control,Collision_Location,Light,Collision_Classification,Impact_type,Neighborhood
840,BANK ST @ MASON ST,377900.0501,5015640.45,-75.56829,45.27692,2017-01-02,3:45:00 PM,01 - Clear,01 - Dry,02 - Stop sign,02 - Intersection related,01 - Daylight,02 - Non-fatal injury,03 - Rear end,Greely
841,BANK ST @ MCLEOD ST,367947.7066,5030488.242,-75.69323,45.41148,2017-05-13,11:01:00 AM,01 - Clear,01 - Dry,02 - Stop sign,02 - Intersection related,01 - Daylight,03 - P.D. only,06 - SMV unattended vehicle,Centretown
842,BANK ST @ MCLEOD ST,367949.8277,5030488.052,-75.69321,45.41148,2017-10-04,8:30:00 AM,01 - Clear,01 - Dry,02 - Stop sign,03 - At intersection,01 - Daylight,02 - Non-fatal injury,07 - SMV other,Centretown
843,BANK ST @ MITCH OWENS RD,377760.4379,5015946.791,-75.57003,45.27969,2017-04-30,8:21:00 AM,01 - Clear,01 - Dry,01 - Traffic signal,03 - At intersection,01 - Daylight,03 - P.D. only,05 - Turning movement,Osgoode
844,BANK ST @ MITCH OWENS RD,377758.7657,5015947.234,-75.57005,45.27969,2017-06-05,4:11:00 PM,01 - Clear,01 - Dry,01 - Traffic signal,03 - At intersection,01 - Daylight,03 - P.D. only,03 - Rear end,Osgoode
845,BANK ST @ MITCH OWENS RD,377757.4712,5015948.538,-75.57007,45.27971,2017-08-19,4:25:00 PM,01 - Clear,01 - Dry,01 - Traffic signal,02 - Intersection related,01 - Daylight,03 - P.D. only,05 - Turning movement,Osgoode
846,BANK ST @ MITCH OWENS RD,377758.2923,5015947.223,-75.57005,45.27969,2017-10-05,2:24:00 PM,01 - Clear,01 - Dry,01 - Traffic signal,03 - At intersection,01 - Daylight,02 - Non-fatal injury,05 - Turning movement,Osgoode
847,BANK ST @ MITCH OWENS RD,377759.5162,5015946.334,-75.57004,45.27969,2017-01-09,12:09:00 PM,01 - Clear,02 - Wet,01 - Traffic signal,03 - At intersection,01 - Daylight,03 - P.D. only,05 - Turning movement,Osgoode
848,BANK ST @ MITCH OWENS RD,377759.1002,5015946.122,-75.57004,45.27968,2017-04-21,1:00:00 PM,01 - Clear,01 - Dry,01 - Traffic signal,03 - At intersection,01 - Daylight,03 - P.D. only,05 - Turning movement,Osgoode
849,BANK ST @ ORVILLE KEMP ST,375212.7626,5021967.112,-75.60164,45.33412,2017-06-22,7:41:00 AM,01 - Clear,01 - Dry,02 - Stop sign,02 - Intersection related,01 - Daylight,02 - Non-fatal injury,03 - Rear end,Greenbelt
850,BANK ST @ OSSINGTON AVE,368891.0519,5028319.885,-75.68146,45.39189,2017-06-10,7:07:00 PM,01 - Clear,01 - Dry,10 - No control,03 - At intersection,01 - Daylight,02 - Non-fatal injury,05 - Turning movement,Old Ottawa South
851,BANK ST @ OSSINGTON AVE,368891.7412,5028321.829,-75.68146,45.3919,2017-12-21,12:04:00 PM,01 - Clear,02 - Wet,10 - No control,03 - At intersection,01 - Daylight,03 - P.D. only,04 - Sideswipe,Old Ottawa South
852,BANK ST @ PARK LANE,374041.7728,5022694.843,-75.61648,45.34078,2017-08-12,6:27:00 PM,02 - Rain,02 - Wet,02 - Stop sign,03 - At intersection,01 - Daylight,02 - Non-fatal injury,07 - SMV other,Greenbelt
853,BANK ST @ PARK LANE,374039.2609,5022691.262,-75.61651,45.34075,2017-08-12,5:01:00 PM,01 - Clear,02 - Wet,02 - Stop sign,03 - At intersection,01 - Daylight,03 - P.D. only,07 - SMV other,Greenbelt
854,BANK ST @ PORTLAND AVE,370106.4088,5026552.26,-75.66618,45.37587,2017-12-24,5:10:00 PM,01 - Clear,05 - Packed snow,02 - Stop sign,03 - At intersection,07 - Dark,03 - P.D. only,02 - Angle,Ledbury - Heron Gate - Ridgemont - Elmwood
855,BANK ST @ POWELL AVE,368174.0421,5029945.561,-75.69041,45.40658,2017-05-19,3:07:00 PM,01 - Clear,01 - Dry,02 - Stop sign,02 - Intersection related,01 - Daylight,03 - P.D. only,02 - Angle,The Glebe
856,BANK ST @ QUEEN ST,367343.3696,5031488.911,-75.70083,45.42054,2017-05-11,4:40:00 PM,01 - Clear,01 - Dry,01 - Traffic signal,02 - Intersection related,01 - Daylight,03 - P.D. only,04 - Sideswipe,Downtown
857,BANK ST @ QUEENSDALE AVE,373337.7462,5023444.845,-75.62536,45.3476,2017-05-24,2:00:00 PM,01 - Clear,01 - Dry,01 - Traffic signal,02 - Intersection related,01 - Daylight,02 - Non-fatal injury,03 - Rear end,Blossom Park - Blossom Park West - Sawmill Creek/ Timbermill
858,BANK ST @ QUEENSDALE AVE,373336.7429,5023446.662,-75.62537,45.34762,2017-07-23,2:18:00 PM,01 - Clear,01 - Dry,01 - Traffic signal,02 - Intersection related,01 - Daylight,03 - P.D. only,03 - Rear end,Blossom Park - Blossom Park West - Sawmill Creek/ Timbermill
859,BANK ST @ QUEENSDALE AVE,373337.3921,5023446.115,-75.62536,45.34761,2017-10-19,2:36:00 PM,01 - Clear,01 - Dry,01 - Traffic signal,03 - At intersection,01 - Daylight,03 - P.D. only,05 - Turning movement,Blossom Park - Blossom Park West - Sawmill Creek/ Timbermill
860,BANK ST @ QUEENSDALE AVE,373336.3398,5023446.309,-75.62537,45.34761,2017-09-27,3:29:00 PM,02 - Rain,02 - Wet,01 - Traffic signal,02 - Intersection related,01 - Daylight,03 - P.D. only,03 - Rear end,Blossom Park - Blossom Park West - Sawmill Creek/ Timbermill
861,BANK ST @ QUEENSDALE AVE,373337.0774,5023446.182,-75.62536,45.34761,2017-12-15,5:12:00 PM,03 - Snow,04 - Slush,01 - Traffic signal,03 - At intersection,07 - Dark,03 - P.D. only,05 - Turning movement,Blossom Park - Blossom Park West - Sawmill Creek/ Timbermill
862,BANK ST @ QUEENSDALE AVE,373337.2163,5023444.33,-75.62536,45.3476,2017-12-15,5:00:00 PM,03 - Snow,03 - Loose snow,01 - Traffic signal,03 - At intersection,07 - Dark,03 - P.D. only,02 - Angle,Blossom Park - Blossom Park West - Sawmill Creek/ Timbermill
863,BANK ST @ RANDALL AVE,369740.1986,5027282.78,-75.67076,45.38248,2017-10-02,3:25:00 PM,01 - Clear,01 - Dry,01 - Traffic signal,03 - At intersection,01 - Daylight,02 - Non-fatal injury,05 - Turning movement,Alta Vista
864,BANK ST @ RANDALL AVE,369739.6735,5027282.558,-75.67076,45.38247,2017-09-30,7:45:00 PM,01 - Clear,01 - Dry,01 - Traffic signal,02 - Intersection related,07 - Dark,03 - P.D. only,03 - Rear end,Alta Vista
865,BANK ST @ RIDEAU RD,376955.7558,5017843.804,-75.58001,45.29684,2017-05-19,10:20:00 AM,01 - Clear,01 - Dry,01 - Traffic signal,03 - At intersection,01 - Daylight,03 - P.D. only,03 - Rear end,Greenbelt
866,BANK ST @ RIDEAU RD,376954.7527,5017844.473,-75.58002,45.29685,2017-07-05,7:47:00 PM,01 - Clear,01 - Dry,01 - Traffic signal,03 - At intersection,01 - Daylight,01 - Fatal injury,05 - Turning movement,Greenbelt
867,BANK ST @ RIDEAU RD,376954.9745,5017845.582,-75.58002,45.29686,2017-08-29,12:53:00 PM,01 - Clear,01 - Dry,01 - Traffic signal,02 - Intersection related,01 - Daylight,02 - Non-fatal injury,03 - Rear end,Greenbelt
868,BANK ST @ RIDEAU RD,376954.7525,5017844.172,-75.58002,45.29685,2017-07-17,2:35:00 PM,01 - Clear,01 - Dry,01 - Traffic signal,02 - Intersection related,01 - Daylight,03 - P.D. only,03 - Rear end,Greenbelt
869,BANK ST @ RIDEAU RD,376955.7558,5017843.804,-75.58001,45.29684,2017-03-15,4:20:00 PM,03 - Snow,06 - Ice,01 - Traffic signal,02 - Intersection related,01 - Daylight,02 - Non-fatal injury,03 - Rear end,Greenbelt
870,BANK ST @ RIDEAU RD,376954.243,5017845.492,-75.58003,45.29686,2017-04-03,12:07:00 PM,01 - Clear,01 - Dry,01 - Traffic signal,02 - Intersection related,01 - Daylight,03 - P.D. only,04 - Sideswipe,Greenbelt
871,BANK ST @ RIDEAU RD,376956.4247,5017845.142,-75.58,45.29685,2017-03-02,1:25:00 PM,01 - Clear,01 - Dry,01 - Traffic signal,03 - At intersection,01 - Daylight,03 - P.D. only,05 - Turning movement,Greenbelt
872,BANK ST @ RIDEAU RD,376953.7492,5017845.81,-75.58003,45.29686,2017-03-26,3:52:00 PM,01 - Clear,01 - Dry,01 - Traffic signal,02 - Intersection related,01 - Daylight,03 - P.D. only,03 - Rear end,Greenbelt
873,BANK ST @ RIDEAU RD,376954.7525,5017845.189,-75.58002,45.29685,2017-12-25,10:57:00 PM,03 - Snow,05 - Packed snow,01 - Traffic signal,02 - Intersection related,07 - Dark,03 - P.D. only,07 - SMV other,Greenbelt
874,BANK ST @ RIDGEMONT AVE,370079.7209,5026627.294,-75.66651,45.37655,2017-10-21,5:37:00 PM,01 - Clear,01 - Dry,02 - Stop sign,02 - Intersection related,07 - Dark,02 - Non-fatal injury,03 - Rear end,Ledbury - Heron Gate - Ridgemont - Elmwood
875,BANK ST @ RIVERDALE AVE,369077.5351,5028116.986,-75.67911,45.39004,2017-01-28,10:21:00 AM,03 - Snow,02 - Wet,01 - Traffic signal,02 - Intersection related,01 - Daylight,02 - Non-fatal injury,04 - Sideswipe,Old Ottawa South
876,BANK ST @ RIVERDALE AVE,369077.382,5028118.881,-75.67911,45.39006,2017-12-22,7:48:00 PM,03 - Snow,03 - Loose snow,01 - Traffic signal,02 - Intersection related,07 - Dark,03 - P.D. only,02 - Angle,Old Ottawa South
877,BANK ST @ RIVERSIDE DR N,369225.3815,5027982.877,-75.67724,45.38882,2017-05-26,1:17:00 PM,02 - Rain,02 - Wet,01 - Traffic signal,03 - At intersection,01 - Daylight,03 - P.D. only,05 - Turning movement,Alta Vista
878,BANK ST @ RIVERSIDE DR N,369227.3881,5027983.546,-75.67721,45.38883,2017-05-25,1:27:00 PM,01 - Clear,01 - Dry,01 - Traffic signal,02 - Intersection related,01 - Daylight,03 - P.D. only,04 - Sideswipe,Alta Vista
879,BANK ST @ RIVERSIDE DR N,369226.1938,5027983.785,-75.67723,45.38883,2017-08-31,3:55:00 PM,01 - Clear,01 - Dry,01 - Traffic signal,02 - Intersection related,01 - Daylight,03 - P.D. only,03 - Rear end,Alta Vista
880,BANK ST @ RIVERSIDE DR N,369226.6627,5027982.836,-75.67722,45.38882,2017-08-30,11:35:00 AM,01 - Clear,01 - Dry,01 - Traffic signal,03 - At intersection,01 - Daylight,02 - Non-fatal injury,02 - Angle,Alta Vista
881,BANK ST @ RIVERSIDE DR N,369225.3815,5027984.215,-75.67724,45.38883,2017-07-09,3:09:00 PM,01 - Clear,01 - Dry,01 - Traffic signal,03 - At intersection,01 - Daylight,03 - P.D. only,02 - Angle,Alta Vista
882,BANK ST @ RIVERSIDE DR N,369226.3247,5027983.85,-75.67723,45.38883,2017-08-09,7:59:00 AM,01 - Clear,01 - Dry,01 - Traffic signal,02 - Intersection related,01 - Daylight,03 - P.D. only,04 - Sideswipe,Alta Vista
883,BANK ST @ RIVERSIDE DR N,369225.1695,5027984.092,-75.67724,45.38883,2017-10-12,12:00:00 AM,01 - Clear,01 - Dry,01 - Traffic signal,02 - Intersection related,00 - Unknown,03 - P.D. only,04 - Sideswipe,Alta Vista
884,BANK ST @ RIVERSIDE DR N,369224.2822,5027984.263,-75.67725,45.38883,2017-09-19,10:08:00 AM,01 - Clear,01 - Dry,01 - Traffic signal,03 - At intersection,01 - Daylight,03 - P.D. only,02 - Angle,Alta Vista
885,BANK ST @ RIVERSIDE DR N,369225.7159,5027983.309,-75.67723,45.38883,2017-09-11,12:02:00 PM,01 - Clear,01 - Dry,01 - Traffic signal,02 - Intersection related,01 - Daylight,03 - P.D. only,03 - Rear end,Alta Vista
886,BANK ST @ RIVERSIDE DR N,369225.3815,5027982.877,-75.67724,45.38882,2017-11-02,11:15:00 PM,02 - Rain,02 - Wet,01 - Traffic signal,03 - At intersection,07 - Dark,03 - P.D. only,02 - Angle,Alta Vista
887,BANK ST @ RIVERSIDE DR N,369225.8641,5027983.203,-75.67723,45.38883,2017-12-07,3:40:00 PM,01 - Clear,01 - Dry,01 - Traffic signal,02 - Intersection related,01 - Daylight,03 - P.D. only,03 - Rear end,Alta Vista
888,BANK ST @ RIVERSIDE DR N,369226.0504,5027983.546,-75.67723,45.38883,2017-11-26,1:40:00 AM,02 - Rain,02 - Wet,01 - Traffic signal,03 - At intersection,07 - Dark,03 - P.D. only,02 - Angle,Alta Vista
889,BANK ST @ RIVERSIDE DR N,369226.0504,5027983.546,-75.67723,45.38883,2017-12-03,8:27:00 AM,01 - Clear,01 - Dry,01 - Traffic signal,03 - At intersection,01 - Daylight,02 - Non-fatal injury,02 - Angle,Alta Vista
890,BANK ST @ RIVERSIDE DR N,369223.9992,5027984.404,-75.67726,45.38884,2017-01-09,11:59:00 AM,01 - Clear,01 - Dry,01 - Traffic signal,02 - Intersection related,01 - Daylight,03 - P.D. only,04 - Sideswipe,Alta Vista
891,BANK ST @ RIVERSIDE DR N,369226.6106,5027983.31,-75.67722,45.38883,2017-01-19,11:17:00 AM,01 - Clear,01 - Dry,01 - Traffic signal,03 - At intersection,01 - Daylight,03 - P.D. only,03 - Rear end,Alta Vista
892,BANK ST @ RIVERSIDE DR N,369225.3815,5027985.553,-75.67724,45.38885,2017-02-15,5:57:00 PM,03 - Snow,03 - Loose snow,01 - Traffic signal,02 - Intersection related,07 - Dark,03 - P.D. only,03 - Rear end,Alta Vista
893,BANK ST @ RIVERSIDE DR N,369225.1695,5027983.546,-75.67724,45.38883,2017-01-20,6:35:00 AM,01 - Clear,01 - Dry,01 - Traffic signal,03 - At intersection,07 - Dark,03 - P.D. only,02 - Angle,Alta Vista
894,BANK ST @ RIVERSIDE DR N,369226.9505,5027983.546,-75.67722,45.38883,2017-01-05,9:05:00 AM,01 - Clear,01 - Dry,01 - Traffic signal,03 - At intersection,01 - Daylight,03 - P.D. only,02 - Angle,Alta Vista
895,BANK ST @ RIVERSIDE DR N,369226.7192,5027984.215,-75.67722,45.38883,2017-02-28,9:04:00 PM,01 - Clear,01 - Dry,01 - Traffic signal,03 - At intersection,07 - Dark,03 - P.D. only,05 - Turning movement,Alta Vista
896,BANK ST @ RIVERSIDE DR N,369226.2504,5027982.715,-75.67723,45.38882,2017-12-24,1:58:00 PM,01 - Clear,01 - Dry,01 - Traffic signal,02 - Intersection related,01 - Daylight,02 - Non-fatal injury,07 - SMV other,Alta Vista
897,BANK ST @ RIVERSIDE DR N,369225.238,5027983.785,-75.67724,45.38883,2017-12-28,11:27:00 PM,03 - Snow,06 - Ice,01 - Traffic signal,02 - Intersection related,07 - Dark,03 - P.D. only,03 - Rear end,Alta Vista
898,BANK ST @ RIVERSIDE DR S,369305.0516,5027892.546,-75.67623,45.388,2017-06-24,2:28:00 PM,01 - Clear,01 - Dry,01 - Traffic signal,02 - Intersection related,01 - Daylight,03 - P.D. only,03 - Rear end,Alta Vista
899,BANK ST @ RIVERSIDE DR S,369305.6271,5027894.312,-75.67623,45.38802,2017-08-26,3:16:00 PM,01 - Clear,01 - Dry,01 - Traffic signal,02 - Intersection related,01 - Daylight,03 - P.D. only,03 - Rear end,Alta Vista
900,BANK ST @ RIVERSIDE DR S,369304.6239,5027896.121,-75.67624,45.38803,2017-09-26,9:27:00 PM,01 - Clear,01 - Dry,01 - Traffic signal,03 - At intersection,07 - Dark,03 - P.D. only,02 - Angle,Alta Vista
901,BANK ST @ RIVERSIDE DR S,369305.619,5027893.426,-75.67623,45.38801,2017-09-12,3:41:00 AM,01 - Clear,01 - Dry,01 - Traffic signal,02 - Intersection related,07 - Dark,02 - Non-fatal injury,07 - SMV other,Alta Vista
902,BANK ST @ RIVERSIDE DR S,369305.7204,5027893.884,-75.67622,45.38801,2017-12-14,2:26:00 PM,01 - Clear,01 - Dry,01 - Traffic signal,02 - Intersection related,01 - Daylight,03 - P.D. only,04 - Sideswipe,Alta Vista
903,BANK ST @ RIVERSIDE DR S,369303.0449,5027893.884,-75.67626,45.38801,2017-01-04,6:09:00 PM,03 - Snow,06 - Ice,01 - Traffic signal,02 - Intersection related,07 - Dark,03 - P.D. only,07 - SMV other,Alta Vista
904,BANK ST @ RIVERSIDE DR S,369305.0516,5027893.215,-75.67623,45.38801,2017-04-15,6:28:00 PM,02 - Rain,02 - Wet,01 - Traffic signal,02 - Intersection related,01 - Daylight,03 - P.D. only,07 - SMV other,Alta Vista
905,BANK ST @ RIVERSIDE DR S,369305.0516,5027893.215,-75.67623,45.38801,2017-03-25,9:09:00 AM,01 - Clear,01 - Dry,01 - Traffic signal,03 - At intersection,01 - Daylight,03 - P.D. only,02 - Angle,Alta Vista
906,BANK ST @ ROSEBELLA AVE,373205.2316,5023550.534,-75.62703,45.34856,2017-02-28,8:53:00 PM,01 - Clear,01 - Dry,01 - Traffic signal,02 - Intersection related,07 - Dark,02 - Non-fatal injury,03 - Rear end,Blossom Park - Blossom Park West - Sawmill Creek/ Timbermill
907,BANK ST @ ROTARY WAY,375523.5441,5021226.117,-75.59778,45.32742,2017-11-17,7:45:00 AM,01 - Clear,01 - Dry,01 - Traffic signal,02 - Intersection related,03 - Dawn,03 - P.D. only,03 - Rear end,Greenbelt
908,BANK ST @ ROTARY WAY,375523.5441,5021226.117,-75.59778,45.32742,2017-12-11,4:40:00 PM,01 - Clear,02 - Wet,01 - Traffic signal,02 - Intersection related,05 - Dusk,03 - P.D. only,03 - Rear end,Greenbelt
909,BANK ST @ SECOND AVE,368306.8795,5029627.453,-75.68876,45.4037,2017-08-14,9:08:00 AM,01 - Clear,01 - Dry,02 - Stop sign,03 - At intersection,01 - Daylight,02 - Non-fatal injury,07 - SMV other,The Glebe
910,BANK ST @ SECOND AVE,368305.159,5029628.56,-75.68878,45.40371,2017-09-30,10:54:00 AM,01 - Clear,01 - Dry,02 - Stop sign,02 - Intersection related,01 - Daylight,02 - Non-fatal injury,01 - Approaching,The Glebe
911,BANK ST @ SECOND AVE,368306.7087,5029627.223,-75.68876,45.4037,2017-04-13,8:30:00 AM,01 - Clear,01 - Dry,02 - Stop sign,02 - Intersection related,01 - Daylight,03 - P.D. only,04 - Sideswipe,The Glebe
912,BANK ST @ SIEVERIGHT AVE,372194.9947,5024131.83,-75.63984,45.35389,2017-11-11,11:01:00 AM,01 - Clear,01 - Dry,02 - Stop sign,03 - At intersection,01 - Daylight,02 - Non-fatal injury,02 - Angle,Blossom Park - Blossom Park West - Sawmill Creek/ Timbermill
913,BANK ST @ SIEVERIGHT AVE,372194.8733,5024132.46,-75.63985,45.3539,2017-02-17,5:54:00 PM,01 - Clear,01 - Dry,02 - Stop sign,02 - Intersection related,07 - Dark,03 - P.D. only,02 - Angle,Blossom Park - Blossom Park West - Sawmill Creek/ Timbermill
914,BANK ST @ SLATER ST,367423.6991,5031355.246,-75.69982,45.41933,2017-05-08,2:08:00 PM,01 - Clear,02 - Wet,01 - Traffic signal,02 - Intersection related,01 - Daylight,03 - P.D. only,03 - Rear end,Downtown
915,BANK ST @ SLATER ST,367425.0369,5031354.577,-75.6998,45.41932,2017-06-29,4:35:00 PM,02 - Rain,02 - Wet,01 - Traffic signal,02 - Intersection related,01 - Daylight,03 - P.D. only,04 - Sideswipe,Downtown
916,BANK ST @ SLATER ST,367425.9294,5031355.48,-75.69979,45.41933,2017-09-25,2:24:00 AM,01 - Clear,01 - Dry,01 - Traffic signal,02 - Intersection related,07 - Dark,02 - Non-fatal injury,03 - Rear end,Downtown
917,BANK ST @ SLATER ST,367424.4407,5031354.577,-75.69981,45.41932,2017-12-09,5:33:00 PM,03 - Snow,02 - Wet,01 - Traffic signal,02 - Intersection related,07 - Dark,03 - P.D. only,03 - Rear end,Downtown
918,BANK ST @ SLATER ST,367424.5509,5031353.871,-75.69981,45.41932,2017-01-15,6:18:00 AM,01 - Clear,02 - Wet,01 - Traffic signal,03 - At intersection,07 - Dark,02 - Non-fatal injury,02 - Angle,Downtown
919,BANK ST @ SLATER ST,367423.7557,5031354.814,-75.69982,45.41933,2017-12-18,9:24:00 AM,03 - Snow,04 - Slush,01 - Traffic signal,03 - At intersection,01 - Daylight,02 - Non-fatal injury,03 - Rear end,Downtown
920,BANK ST @ SNAKE ISLAND RD/VICTORIA ST,383697.6337,5010121.835,-75.49529,45.22664,2017-07-18,9:31:00 AM,01 - Clear,01 - Dry,01 - Traffic signal,02 - Intersection related,01 - Daylight,02 - Non-fatal injury,07 - SMV other,Metcalfe
921,BANK ST @ SNAKE ISLAND RD/VICTORIA ST,383696.4539,5010121.407,-75.4953,45.22664,2017-12-01,4:30:00 PM,01 - Clear,01 - Dry,01 - Traffic signal,03 - At intersection,05 - Dusk,03 - P.D. only,05 - Turning movement,Metcalfe
922,BANK ST @ SNAKE ISLAND RD/VICTORIA ST,383698.1263,5010122.229,-75.49528,45.22664,2017-11-11,9:00:00 AM,01 - Clear,01 - Dry,01 - Traffic signal,03 - At intersection,01 - Daylight,03 - P.D. only,05 - Turning movement,Metcalfe
923,BANK ST @ SNAKE ISLAND RD/VICTORIA ST,383696.4539,5010121.407,-75.4953,45.22664,2017-11-30,10:49:00 AM,01 - Clear,01 - Dry,01 - Traffic signal,03 - At intersection,01 - Daylight,03 - P.D. only,05 - Turning movement,Metcalfe
924,BANK ST @ SNAKE ISLAND RD/VICTORIA ST,383695.785,5010120.738,-75.49531,45.22663,2017-11-13,5:11:00 AM,01 - Clear,01 - Dry,01 - Traffic signal,03 - At intersection,07 - Dark,03 - P.D. only,07 - SMV other,Metcalfe
925,BANK ST @ SNAKE ISLAND RD/VICTORIA ST,383696.6889,5010122.043,-75.4953,45.22664,2017-12-21,1:00:00 PM,01 - Clear,01 - Dry,01 - Traffic signal,03 - At intersection,01 - Daylight,02 - Non-fatal injury,05 - Turning movement,Metcalfe
926,BANK ST @ SNAKE ISLAND RD/VICTORIA ST,383696.3149,5010121.644,-75.4953,45.22664,2017-12-17,7:18:00 PM,01 - Clear,01 - Dry,01 - Traffic signal,02 - Intersection related,07 - Dark,03 - P.D. only,07 - SMV other,Metcalfe
927,BANK ST @ SOMERSET ST,367694.1565,5030916.657,-75.69642,45.41536,2017-10-05,9:54:00 AM,01 - Clear,01 - Dry,01 - Traffic signal,02 - Intersection related,01 - Daylight,03 - P.D. only,04 - Sideswipe,Centretown
928,BANK ST @ SOMERSET ST,367695.6497,5030915.801,-75.6964,45.41535,2017-09-21,4:22:00 PM,01 - Clear,01 - Dry,01 - Traffic signal,03 - At intersection,01 - Daylight,03 - P.D. only,05 - Turning movement,Centretown
929,BANK ST @ SOMERSET ST,367694.1602,5030916.921,-75.69642,45.41536,2017-01-20,10:35:00 PM,01 - Clear,02 - Wet,01 - Traffic signal,03 - At intersection,07 - Dark,02 - Non-fatal injury,07 - SMV other,Centretown
930,BANK ST @ SOUTHKEYS SC,371084.064,5024522.853,-75.65397,45.35752,2017-06-04,3:30:00 PM,01 - Clear,01 - Dry,01 - Traffic signal,02 - Intersection related,01 - Daylight,02 - Non-fatal injury,03 - Rear end,South Keys - Heron Gate - Greenboro West
931,BANK ST @ SOUTHKEYS SC,371083.3951,5024520.847,-75.65398,45.3575,2017-04-23,1:08:00 PM,01 - Clear,01 - Dry,01 - Traffic signal,03 - At intersection,01 - Daylight,02 - Non-fatal injury,05 - Turning movement,South Keys - Heron Gate - Greenboro West
932,BANK ST @ ST. BERNARD ST,373005.2865,5023708.414,-75.62956,45.35,2017-10-21,9:18:00 AM,01 - Clear,01 - Dry,01 - Traffic signal,03 - At intersection,01 - Daylight,03 - P.D. only,02 - Angle,Blossom Park - Blossom Park West - Sawmill Creek/ Timbermill
933,BANK ST @ ST. PAUL AVE,370508.2795,5025560.736,-75.66118,45.36691,2017-08-15,7:27:00 PM,01 - Clear,01 - Dry,02 - Stop sign,02 - Intersection related,05 - Dusk,03 - P.D. only,03 - Rear end,Ledbury - Heron Gate - Ridgemont - Elmwood
934,BANK ST @ SUNNYSIDE AVE,368735.0587,5028581.618,-75.68342,45.39425,2017-06-25,9:30:00 AM,01 - Clear,01 - Dry,01 - Traffic signal,02 - Intersection related,01 - Daylight,03 - P.D. only,04 - Sideswipe,Old Ottawa South
935,BANK ST @ SUNNYSIDE AVE,368734.3743,5028582.218,-75.68343,45.39426,2017-05-20,5:53:00 PM,01 - Clear,01 - Dry,01 - Traffic signal,02 - Intersection related,01 - Daylight,03 - P.D. only,04 - Sideswipe,Old Ottawa South
936,BANK ST @ SUNNYSIDE AVE,368733.1023,5028580.746,-75.68345,45.39425,2017-08-10,1:59:00 PM,01 - Clear,01 - Dry,01 - Traffic signal,03 - At intersection,01 - Daylight,03 - P.D. only,04 - Sideswipe,Old Ottawa South
937,BANK ST @ SUNNYSIDE AVE,368733.762,5028580.366,-75.68344,45.39424,2017-09-25,9:17:00 PM,01 - Clear,01 - Dry,01 - Traffic signal,03 - At intersection,07 - Dark,02 - Non-fatal injury,05 - Turning movement,Old Ottawa South
938,BANK ST @ SUNNYSIDE AVE,368735.1866,5028581.31,-75.68342,45.39425,2017-09-11,7:46:00 AM,01 - Clear,01 - Dry,01 - Traffic signal,03 - At intersection,01 - Daylight,02 - Non-fatal injury,05 - Turning movement,Old Ottawa South
939,BANK ST @ SUNNYSIDE AVE,368735.712,5028581.549,-75.68341,45.39425,2017-11-09,9:06:00 PM,02 - Rain,02 - Wet,01 - Traffic signal,03 - At intersection,07 - Dark,02 - Non-fatal injury,07 - SMV other,Old Ottawa South
940,BANK ST @ SUNNYSIDE AVE,368735.7942,5028581.278,-75.68341,45.39425,2017-01-28,8:58:00 AM,02 - Rain,02 - Wet,01 - Traffic signal,03 - At intersection,01 - Daylight,03 - P.D. only,05 - Turning movement,Old Ottawa South
941,BANK ST @ SUNNYSIDE AVE,368735.712,5028580.211,-75.68341,45.39424,2017-03-14,12:42:00 PM,01 - Clear,03 - Loose snow,01 - Traffic signal,03 - At intersection,01 - Daylight,03 - P.D. only,05 - Turning movement,Old Ottawa South
942,BANK ST @ SURREY AVE,370385.823,5025809.303,-75.66271,45.36916,2017-06-27,8:07:00 AM,01 - Clear,01 - Dry,02 - Stop sign,03 - At intersection,01 - Daylight,03 - P.D. only,05 - Turning movement,Ledbury - Heron Gate - Ridgemont - Elmwood
943,BANK ST @ SURREY AVE,370383.7023,5025810.199,-75.66274,45.36917,2017-09-01,1:59:00 PM,01 - Clear,01 - Dry,02 - Stop sign,03 - At intersection,01 - Daylight,03 - P.D. only,02 - Angle,Ledbury - Heron Gate - Ridgemont - Elmwood
944,BANK ST @ SURREY AVE,370383.4549,5025810.735,-75.66274,45.36917,2017-12-07,8:39:00 AM,01 - Clear,01 - Dry,02 - Stop sign,03 - At intersection,01 - Daylight,03 - P.D. only,02 - Angle,Ledbury - Heron Gate - Ridgemont - Elmwood
945,BANK ST @ SURREY AVE,370383.5611,5025810.455,-75.66274,45.36917,2017-12-08,6:22:00 PM,01 - Clear,01 - Dry,02 - Stop sign,03 - At intersection,07 - Dark,03 - P.D. only,02 - Angle,Ledbury - Heron Gate - Ridgemont - Elmwood
946,BANK ST @ THIRD AVE,368336.0698,5029549.64,-75.68839,45.403,2017-08-02,5:58:00 PM,01 - Clear,01 - Dry,01 - Traffic signal,02 - Intersection related,01 - Daylight,03 - P.D. only,06 - SMV unattended vehicle,The Glebe
947,BANK ST @ THIRD AVE,368337.305,5029552.723,-75.68838,45.40303,2017-10-03,5:12:00 PM,01 - Clear,01 - Dry,01 - Traffic signal,02 - Intersection related,01 - Daylight,03 - P.D. only,03 - Rear end,The Glebe