Record,Location,X,Y,Longitude,Latitude,Date,Time,Environment,Road_Surface,Traffic_Control,Collision_Location,Light,Collision_Classification,Impact_type,Neighborhood
948,BANK ST @ VANCOUVER AVE,370442.1832,5025683.523,-75.66201,45.36802,2017-12-14,8:21:00 AM,01 - Clear,06 - Ice,02 - Stop sign,02 - Intersection related,01 - Daylight,03 - P.D. only,03 - Rear end,Ledbury - Heron Gate - Ridgemont - Elmwood
949,BANK ST @ VANCOUVER AVE,370440.902,5025683.759,-75.66202,45.36802,2017-11-19,7:07:00 AM,03 - Snow,06 - Ice,02 - Stop sign,03 - At intersection,03 - Dawn,02 - Non-fatal injury,07 - SMV other,Ledbury - Heron Gate - Ridgemont - Elmwood
950,BANK ST @ WALKLEY RD,370336.8487,5025946.397,-75.66332,45.3704,2017-05-24,1:21:00 PM,01 - Clear,01 - Dry,01 - Traffic signal,02 - Intersection related,01 - Daylight,03 - P.D. only,04 - Sideswipe,Ledbury - Heron Gate - Ridgemont - Elmwood
951,BANK ST @ WALKLEY RD,370338.3615,5025949.773,-75.6633,45.37043,2017-05-25,1:29:00 PM,01 - Clear,01 - Dry,01 - Traffic signal,02 - Intersection related,01 - Daylight,03 - P.D. only,03 - Rear end,Ledbury - Heron Gate - Ridgemont - Elmwood
952,BANK ST @ WALKLEY RD,370339.3805,5025945.697,-75.66328,45.37039,2017-06-08,3:22:00 PM,01 - Clear,01 - Dry,01 - Traffic signal,02 - Intersection related,01 - Daylight,03 - P.D. only,03 - Rear end,Ledbury - Heron Gate - Ridgemont - Elmwood
953,BANK ST @ WALKLEY RD,370338.074,5025947.957,-75.6633,45.37041,2017-08-28,9:40:00 PM,01 - Clear,01 - Dry,01 - Traffic signal,02 - Intersection related,07 - Dark,03 - P.D. only,03 - Rear end,Ledbury - Heron Gate - Ridgemont - Elmwood
954,BANK ST @ WALKLEY RD,370338.5179,5025948.845,-75.66329,45.37042,2017-08-31,9:03:00 PM,01 - Clear,01 - Dry,01 - Traffic signal,02 - Intersection related,07 - Dark,03 - P.D. only,04 - Sideswipe,Ledbury - Heron Gate - Ridgemont - Elmwood
955,BANK ST @ WALKLEY RD,370338.074,5025947.513,-75.6633,45.37041,2017-08-30,12:28:00 PM,01 - Clear,01 - Dry,01 - Traffic signal,03 - At intersection,01 - Daylight,03 - P.D. only,03 - Rear end,Ledbury - Heron Gate - Ridgemont - Elmwood
956,BANK ST @ WALKLEY RD,370337.3741,5025947.974,-75.66331,45.37041,2017-09-14,5:30:00 PM,01 - Clear,01 - Dry,01 - Traffic signal,02 - Intersection related,01 - Daylight,03 - P.D. only,03 - Rear end,Ledbury - Heron Gate - Ridgemont - Elmwood
957,BANK ST @ WALKLEY RD,370337.3786,5025948.445,-75.66331,45.37041,2017-09-05,9:43:00 PM,01 - Clear,01 - Dry,01 - Traffic signal,03 - At intersection,07 - Dark,03 - P.D. only,05 - Turning movement,Ledbury - Heron Gate - Ridgemont - Elmwood
958,BANK ST @ WALKLEY RD,370338.1865,5025946.397,-75.6633,45.3704,2017-10-21,7:39:00 PM,01 - Clear,01 - Dry,01 - Traffic signal,02 - Intersection related,07 - Dark,02 - Non-fatal injury,99 - Other,Ledbury - Heron Gate - Ridgemont - Elmwood
959,BANK ST @ WALKLEY RD,370338.9449,5025946.096,-75.66329,45.37039,2017-09-26,8:20:00 AM,01 - Clear,01 - Dry,01 - Traffic signal,03 - At intersection,01 - Daylight,03 - P.D. only,02 - Angle,Ledbury - Heron Gate - Ridgemont - Elmwood
960,BANK ST @ WALKLEY RD,370337.852,5025948.445,-75.6633,45.37041,2017-10-24,8:23:00 AM,02 - Rain,02 - Wet,01 - Traffic signal,02 - Intersection related,01 - Daylight,03 - P.D. only,04 - Sideswipe,Ledbury - Heron Gate - Ridgemont - Elmwood
961,BANK ST @ WALKLEY RD,370338.303,5025947.509,-75.6633,45.37041,2017-11-17,2:12:00 PM,01 - Clear,01 - Dry,01 - Traffic signal,02 - Intersection related,01 - Daylight,03 - P.D. only,04 - Sideswipe,Ledbury - Heron Gate - Ridgemont - Elmwood
962,BANK ST @ WALKLEY RD,370338.1865,5025947.735,-75.6633,45.37041,2017-12-10,12:21:00 PM,01 - Clear,02 - Wet,01 - Traffic signal,03 - At intersection,01 - Daylight,03 - P.D. only,02 - Angle,Ledbury - Heron Gate - Ridgemont - Elmwood
963,BANK ST @ WALKLEY RD,370338.8553,5025948.404,-75.66329,45.37041,2017-12-04,4:47:00 PM,01 - Clear,01 - Dry,01 - Traffic signal,02 - Intersection related,05 - Dusk,02 - Non-fatal injury,07 - SMV other,Ledbury - Heron Gate - Ridgemont - Elmwood
964,BANK ST @ WALKLEY RD,370336.9053,5025947.025,-75.66332,45.3704,2017-01-17,4:15:00 PM,01 - Clear,01 - Dry,01 - Traffic signal,02 - Intersection related,01 - Daylight,03 - P.D. only,03 - Rear end,Ledbury - Heron Gate - Ridgemont - Elmwood
965,BANK ST @ WALKLEY RD,370338.7104,5025948.593,-75.66329,45.37042,2017-01-15,2:30:00 PM,01 - Clear,01 - Dry,01 - Traffic signal,02 - Intersection related,01 - Daylight,03 - P.D. only,03 - Rear end,Ledbury - Heron Gate - Ridgemont - Elmwood
966,BANK ST @ WALKLEY RD,370337.7796,5025947.427,-75.6633,45.3704,2017-01-02,4:50:00 PM,01 - Clear,01 - Dry,01 - Traffic signal,02 - Intersection related,05 - Dusk,03 - P.D. only,04 - Sideswipe,Ledbury - Heron Gate - Ridgemont - Elmwood
967,BANK ST @ WALKLEY RD,370337.8521,5025947.735,-75.6633,45.37041,2017-01-05,4:50:00 PM,01 - Clear,06 - Ice,01 - Traffic signal,03 - At intersection,05 - Dusk,03 - P.D. only,02 - Angle,Ledbury - Heron Gate - Ridgemont - Elmwood
968,BANK ST @ WALKLEY RD,370336.9936,5025946.018,-75.66331,45.37039,2017-01-14,2:17:00 PM,01 - Clear,01 - Dry,01 - Traffic signal,02 - Intersection related,01 - Daylight,02 - Non-fatal injury,03 - Rear end,Ledbury - Heron Gate - Ridgemont - Elmwood
969,BANK ST @ WALKLEY RD,370339.5687,5025948.593,-75.66328,45.37042,2017-01-04,10:48:00 AM,03 - Snow,03 - Loose snow,01 - Traffic signal,02 - Intersection related,01 - Daylight,03 - P.D. only,03 - Rear end,Ledbury - Heron Gate - Ridgemont - Elmwood
970,BANK ST @ WALKLEY RD,370338.8553,5025947.066,-75.66329,45.3704,2017-03-03,7:14:00 PM,01 - Clear,01 - Dry,01 - Traffic signal,02 - Intersection related,07 - Dark,03 - P.D. only,03 - Rear end,Ledbury - Heron Gate - Ridgemont - Elmwood
971,BANK ST @ WALKLEY RD,370336.8487,5025948.404,-75.66332,45.37041,2017-03-21,3:22:00 PM,01 - Clear,01 - Dry,01 - Traffic signal,02 - Intersection related,01 - Daylight,02 - Non-fatal injury,03 - Rear end,Ledbury - Heron Gate - Ridgemont - Elmwood
972,BANK ST @ WALKLEY RD,370337.5176,5025947.066,-75.66331,45.3704,2017-04-01,12:18:00 AM,03 - Snow,03 - Loose snow,01 - Traffic signal,03 - At intersection,07 - Dark,03 - P.D. only,02 - Angle,Ledbury - Heron Gate - Ridgemont - Elmwood
973,BANK ST @ WALKLEY RD,370338.8553,5025949.073,-75.66329,45.37042,2017-03-24,2:55:00 PM,02 - Rain,02 - Wet,01 - Traffic signal,02 - Intersection related,01 - Daylight,03 - P.D. only,02 - Angle,Ledbury - Heron Gate - Ridgemont - Elmwood
974,BANK ST @ WALKLEY RD,370338.1865,5025947.735,-75.6633,45.37041,2017-04-07,1:35:00 PM,02 - Rain,02 - Wet,01 - Traffic signal,02 - Intersection related,01 - Daylight,02 - Non-fatal injury,03 - Rear end,Ledbury - Heron Gate - Ridgemont - Elmwood
975,BANK ST @ WALKLEY RD,370338.1865,5025949.073,-75.6633,45.37042,2017-04-07,1:46:00 AM,02 - Rain,02 - Wet,01 - Traffic signal,03 - At intersection,07 - Dark,02 - Non-fatal injury,07 - SMV other,Ledbury - Heron Gate - Ridgemont - Elmwood
976,BANK ST @ WALKLEY RD,370338.303,5025948.411,-75.6633,45.37041,2017-12-30,5:03:00 PM,01 - Clear,01 - Dry,01 - Traffic signal,02 - Intersection related,07 - Dark,03 - P.D. only,03 - Rear end,Ledbury - Heron Gate - Ridgemont - Elmwood
977,BANK ST @ WALKLEY RD,370338.3254,5025947.498,-75.6633,45.37041,2017-12-24,11:11:00 AM,01 - Clear,01 - Dry,01 - Traffic signal,02 - Intersection related,01 - Daylight,03 - P.D. only,03 - Rear end,Ledbury - Heron Gate - Ridgemont - Elmwood
978,BANK ST @ WELLINGTON ST,367258.7103,5031627.905,-75.70189,45.4218,2017-05-02,4:09:00 PM,02 - Rain,02 - Wet,01 - Traffic signal,02 - Intersection related,01 - Daylight,03 - P.D. only,04 - Sideswipe,Downtown
979,BANK ST @ WELLINGTON ST,367257.6745,5031629.144,-75.7019,45.42181,2017-07-27,11:36:00 AM,01 - Clear,01 - Dry,01 - Traffic signal,02 - Intersection related,01 - Daylight,03 - P.D. only,03 - Rear end,Downtown
980,BANK ST @ WELLINGTON ST,367258.1539,5031629.691,-75.7019,45.42181,2017-09-05,3:55:00 PM,01 - Clear,01 - Dry,01 - Traffic signal,02 - Intersection related,01 - Daylight,03 - P.D. only,04 - Sideswipe,Downtown
981,BANK ST @ WELLINGTON ST,367257.707,5031627.379,-75.7019,45.42179,2017-11-21,6:02:00 PM,01 - Clear,02 - Wet,01 - Traffic signal,03 - At intersection,07 - Dark,03 - P.D. only,07 - SMV other,Downtown
982,BANK ST @ WELLINGTON ST,367257.3726,5031627.236,-75.70191,45.42179,2017-04-22,6:36:00 AM,02 - Rain,02 - Wet,01 - Traffic signal,02 - Intersection related,01 - Daylight,02 - Non-fatal injury,03 - Rear end,Downtown
983,BANK ST @ WELLINGTON ST,367257.7053,5031628.572,-75.7019,45.4218,2017-07-14,5:32:00 PM,01 - Clear,01 - Dry,01 - Traffic signal,02 - Intersection related,01 - Daylight,03 - P.D. only,07 - SMV other,Downtown
984,BANK ST @ WILTON CRES,368577.0692,5028965.905,-75.68539,45.39773,2017-07-28,5:07:00 PM,01 - Clear,01 - Dry,02 - Stop sign,03 - At intersection,01 - Daylight,02 - Non-fatal injury,05 - Turning movement,The Glebe
985,BANK ST @ WILTON CRES,368577.8342,5028966.533,-75.68538,45.39773,2017-09-24,1:23:00 PM,01 - Clear,01 - Dry,02 - Stop sign,02 - Intersection related,01 - Daylight,02 - Non-fatal injury,04 - Sideswipe,The Glebe
986,BANK ST @ WILTON CRES,368577.8474,5028966.675,-75.68538,45.39773,2017-12-14,8:45:00 AM,01 - Clear,01 - Dry,02 - Stop sign,02 - Intersection related,01 - Daylight,03 - P.D. only,02 - Angle,The Glebe
987,BANK ST btwn 112 N OF ALBION RD & OT/GL BOUNDARY,371843.7772,5024120.302,-75.64433,45.35382,2017-08-01,10:46:00 AM,01 - Clear,01 - Dry,10 - No control,04 - At/near private drive,01 - Daylight,03 - P.D. only,02 - Angle,Emerald Woods - Sawmill Creek
988,BANK ST btwn 112 N OF ALBION RD & OT/GL BOUNDARY,371855.8371,5024121.358,-75.64417,45.35383,2017-09-25,5:06:00 PM,01 - Clear,01 - Dry,10 - No control,04 - At/near private drive,01 - Daylight,03 - P.D. only,02 - Angle,Emerald Woods - Sawmill Creek
989,BANK ST btwn 112 N OF ALBION RD & OT/GL BOUNDARY,371838.5717,5024119.926,-75.64439,45.35382,2017-02-10,9:01:00 AM,01 - Clear,01 - Dry,10 - No control,04 - At/near private drive,01 - Daylight,03 - P.D. only,05 - Turning movement,Emerald Woods - Sawmill Creek
990,BANK ST btwn 73 N OF EVANS BLVD & EVANS AVE,369900.7307,5027091.323,-75.66873,45.38074,2017-05-11,1:34:00 PM,01 - Clear,01 - Dry,10 - No control,04 - At/near private drive,01 - Daylight,02 - Non-fatal injury,02 - Angle,Alta Vista
991,BANK ST btwn 73 N OF EVANS BLVD & EVANS AVE,369905.5646,5027085.319,-75.66867,45.38068,2017-09-12,4:30:00 PM,01 - Clear,01 - Dry,10 - No control,01 - Non intersection,01 - Daylight,03 - P.D. only,99 - Other,Alta Vista
992,BANK ST btwn ALBION RD & SIEVERIGHT AVE,372067.614,5024140.616,-75.64147,45.35398,2017-02-17,2:04:00 PM,01 - Clear,01 - Dry,10 - No control,04 - At/near private drive,01 - Daylight,03 - P.D. only,05 - Turning movement,Blossom Park - Blossom Park West - Sawmill Creek/ Timbermill
993,BANK ST btwn ALBION RD & SIEVERIGHT AVE,372110.2731,5024142.208,-75.64092,45.35399,2017-02-28,6:29:00 PM,01 - Clear,01 - Dry,10 - No control,04 - At/near private drive,07 - Dark,03 - P.D. only,02 - Angle,Blossom Park - Blossom Park West - Sawmill Creek/ Timbermill
994,BANK ST btwn ALBION RD & SIEVERIGHT AVE,372048.0657,5024140.871,-75.64172,45.35399,2017-04-09,5:09:00 PM,01 - Clear,01 - Dry,10 - No control,01 - Non intersection,01 - Daylight,03 - P.D. only,04 - Sideswipe,Blossom Park - Blossom Park West - Sawmill Creek/ Timbermill
995,BANK ST btwn ALTA VISTA DR & ERIE AVE,370242.3835,5026218.8,-75.66449,45.37286,2017-06-28,4:35:00 PM,01 - Clear,01 - Dry,10 - No control,04 - At/near private drive,01 - Daylight,03 - P.D. only,02 - Angle,Ledbury - Heron Gate - Ridgemont - Elmwood
996,BANK ST btwn ALTA VISTA DR & ERIE AVE,370239.1377,5026222.43,-75.66453,45.37289,2017-08-04,10:48:00 AM,01 - Clear,01 - Dry,10 - No control,04 - At/near private drive,01 - Daylight,03 - P.D. only,02 - Angle,Ledbury - Heron Gate - Ridgemont - Elmwood
997,BANK ST btwn ALTA VISTA DR & ERIE AVE,370228.1874,5026248.313,-75.66466,45.37312,2017-09-07,1:11:00 PM,02 - Rain,02 - Wet,10 - No control,01 - Non intersection,01 - Daylight,03 - P.D. only,03 - Rear end,Ledbury - Heron Gate - Ridgemont - Elmwood
998,BANK ST btwn ALTA VISTA DR & ERIE AVE,370243.0524,5026216.124,-75.66448,45.37283,2017-11-07,9:30:00 AM,01 - Clear,01 - Dry,10 - No control,01 - Non intersection,01 - Daylight,03 - P.D. only,04 - Sideswipe,Ledbury - Heron Gate - Ridgemont - Elmwood
999,BANK ST btwn ALTA VISTA DR & ERIE AVE,370243.0524,5026214.117,-75.66448,45.37281,2017-03-12,2:52:00 PM,01 - Clear,01 - Dry,10 - No control,01 - Non intersection,01 - Daylight,03 - P.D. only,04 - Sideswipe,Ledbury - Heron Gate - Ridgemont - Elmwood
1000,BANK ST btwn ALTA VISTA DR & ERIE AVE,370170.5066,5026383.874,-75.66538,45.37435,2017-03-09,3:50:00 PM,01 - Clear,01 - Dry,10 - No control,01 - Non intersection,01 - Daylight,03 - P.D. only,03 - Rear end,Ledbury - Heron Gate - Ridgemont - Elmwood
1001,BANK ST btwn ALTA VISTA DR & ERIE AVE,370229.0056,5026251.576,-75.66465,45.37315,2017-03-15,4:24:00 PM,03 - Snow,03 - Loose snow,10 - No control,04 - At/near private drive,01 - Daylight,03 - P.D. only,02 - Angle,Ledbury - Heron Gate - Ridgemont - Elmwood
1002,BANK ST btwn ALTA VISTA DR & ERIE AVE,370181.3235,5026361.923,-75.66525,45.37415,2017-12-18,2:05:00 PM,03 - Snow,03 - Loose snow,10 - No control,04 - At/near private drive,01 - Daylight,03 - P.D. only,02 - Angle,Ledbury - Heron Gate - Ridgemont - Elmwood
1003,BANK ST btwn ALTA VISTA DR & ERIE AVE,370161.5697,5026411.731,-75.66549,45.3746,2017-12-29,3:06:00 PM,01 - Clear,06 - Ice,10 - No control,01 - Non intersection,01 - Daylight,03 - P.D. only,02 - Angle,Ledbury - Heron Gate - Ridgemont - Elmwood
1004,BANK ST btwn ALTA VISTA DR & WALKLEY RD,370304.1868,5026044.413,-75.66372,45.37128,2017-07-11,11:38:00 AM,01 - Clear,01 - Dry,10 - No control,01 - Non intersection,01 - Daylight,03 - P.D. only,04 - Sideswipe,Ledbury - Heron Gate - Ridgemont - Elmwood
1005,BANK ST btwn ALTA VISTA DR & WALKLEY RD,370305.355,5026043.792,-75.66371,45.37128,2017-12-14,12:50:00 PM,01 - Clear,05 - Packed snow,10 - No control,01 - Non intersection,01 - Daylight,03 - P.D. only,04 - Sideswipe,Ledbury - Heron Gate - Ridgemont - Elmwood
1006,BANK ST btwn ARENA PL & WHITE ALDER AVE,375481.7381,5021331.134,-75.5983,45.32837,2017-06-07,3:44:00 PM,01 - Clear,01 - Dry,10 - No control,04 - At/near private drive,01 - Daylight,03 - P.D. only,02 - Angle,Greenbelt
1007,BANK ST btwn ARENA PL & WHITE ALDER AVE,375522.6894,5021255.038,-75.59779,45.32768,2017-04-27,4:25:00 PM,01 - Clear,01 - Dry,10 - No control,04 - At/near private drive,01 - Daylight,03 - P.D. only,02 - Angle,Greenbelt
1008,BANK ST btwn ARENA PL & WHITE ALDER AVE,375414.6117,5021483.884,-75.59914,45.32975,2017-09-18,4:10:00 PM,01 - Clear,01 - Dry,10 - No control,01 - Non intersection,01 - Daylight,03 - P.D. only,03 - Rear end,Greenbelt
1009,BANK ST btwn ARENA PL & WHITE ALDER AVE,375434.6257,5021437.151,-75.59889,45.32933,2017-09-10,12:58:00 AM,01 - Clear,01 - Dry,10 - No control,01 - Non intersection,07 - Dark,03 - P.D. only,07 - SMV other,Greenbelt
1010,BANK ST btwn ARENA PL & WHITE ALDER AVE,375504.333,5021256.635,-75.59802,45.3277,2017-11-25,12:46:00 AM,01 - Clear,01 - Dry,10 - No control,01 - Non intersection,07 - Dark,03 - P.D. only,07 - SMV other,Greenbelt
1011,BANK ST btwn ARENA PL & WHITE ALDER AVE,375668.4419,5020883.232,-75.59598,45.32432,2017-02-02,6:03:00 PM,01 - Clear,01 - Dry,10 - No control,04 - At/near private drive,07 - Dark,03 - P.D. only,02 - Angle,Greenbelt
1012,BANK ST btwn ARENA PL & WHITE ALDER AVE,375536.8567,5021212.536,-75.59762,45.3273,2017-03-08,4:03:00 PM,02 - Rain,02 - Wet,10 - No control,01 - Non intersection,01 - Daylight,03 - P.D. only,03 - Rear end,Greenbelt
1013,BANK ST btwn ARENA PL & WHITE ALDER AVE,375620.1168,5020996.448,-75.59658,45.32534,2017-12-24,1:16:00 PM,01 - Clear,02 - Wet,10 - No control,01 - Non intersection,01 - Daylight,03 - P.D. only,03 - Rear end,Greenbelt
1014,BANK ST btwn ARLINGTON AVE & CATHERINE ST,368026.6619,5030303.692,-75.69225,45.40981,2017-05-18,11:15:00 AM,01 - Clear,01 - Dry,10 - No control,01 - Non intersection,01 - Daylight,03 - P.D. only,04 - Sideswipe,Centretown
1015,BANK ST btwn ARLINGTON AVE & CATHERINE ST,368022.8918,5030309.351,-75.6923,45.40986,2017-04-21,9:47:00 PM,01 - Clear,01 - Dry,10 - No control,01 - Non intersection,07 - Dark,03 - P.D. only,04 - Sideswipe,Centretown
1016,BANK ST btwn BANK ST & TURN LANE,377800.9802,5015859.713,-75.56952,45.2789,2017-11-11,9:27:00 AM,01 - Clear,01 - Dry,10 - No control,01 - Non intersection,01 - Daylight,03 - P.D. only,05 - Turning movement,Osgoode
1017,BANK ST btwn BANK ST EXTENSION NB & JOHNSTON RD,370588.1879,5025392.206,-75.66018,45.36539,2017-11-01,11:28:00 AM,02 - Rain,02 - Wet,10 - No control,01 - Non intersection,01 - Daylight,02 - Non-fatal injury,03 - Rear end,Ledbury - Heron Gate - Ridgemont - Elmwood
1018,BANK ST btwn BANK ST EXTENSION NB & JOHNSTON RD,370627.1944,5025304.235,-75.6597,45.36459,2017-01-29,9:00:00 PM,03 - Snow,03 - Loose snow,10 - No control,01 - Non intersection,07 - Dark,03 - P.D. only,07 - SMV other,Ledbury - Heron Gate - Ridgemont - Elmwood
1019,BANK ST btwn BANK ST EXTENSION NB & JOHNSTON RD,370807.9537,5024931.373,-75.65744,45.36122,2017-01-09,11:58:00 AM,01 - Clear,02 - Wet,10 - No control,01 - Non intersection,01 - Daylight,03 - P.D. only,04 - Sideswipe,South Keys - Heron Gate - Greenboro West
1020,BANK ST btwn BANK ST EXTENSION NB & JOHNSTON RD,370555.8516,5025467.88,-75.66058,45.36607,2017-04-10,10:09:00 AM,01 - Clear,01 - Dry,10 - No control,04 - At/near private drive,01 - Daylight,02 - Non-fatal injury,07 - SMV other,Ledbury - Heron Gate - Ridgemont - Elmwood
1021,BANK ST btwn BELANGER AVE & ROCKINGHAM AVE,369681.3481,5027375.041,-75.6715,45.38331,2017-05-23,11:48:00 AM,01 - Clear,01 - Dry,10 - No control,01 - Non intersection,01 - Daylight,03 - P.D. only,04 - Sideswipe,Alta Vista
1022,BANK ST btwn BELANGER AVE & ROCKINGHAM AVE,369666.0945,5027404.136,-75.67169,45.38357,2017-05-10,4:00:00 PM,01 - Clear,01 - Dry,10 - No control,04 - At/near private drive,01 - Daylight,03 - P.D. only,03 - Rear end,Alta Vista
1023,BANK ST btwn BELANGER AVE & ROCKINGHAM AVE,369659.4055,5027418.852,-75.67177,45.38371,2017-03-26,1:55:00 PM,02 - Rain,03 - Loose snow,10 - No control,04 - At/near private drive,01 - Daylight,03 - P.D. only,02 - Angle,Alta Vista
1024,BANK ST btwn BELMONT AVE & GROVE AVE,368841.3199,5028381.838,-75.68209,45.39245,2017-05-20,1:47:00 PM,01 - Clear,01 - Dry,10 - No control,01 - Non intersection,01 - Daylight,03 - P.D. only,04 - Sideswipe,Old Ottawa South
1025,BANK ST btwn BELMONT AVE & GROVE AVE,368838.7363,5028383.446,-75.68212,45.39246,2017-06-21,9:05:00 AM,01 - Clear,01 - Dry,10 - No control,04 - At/near private drive,01 - Daylight,03 - P.D. only,05 - Turning movement,Old Ottawa South
1026,BANK ST btwn BELMONT AVE & GROVE AVE,368830.4565,5028394.421,-75.68223,45.39256,2017-11-02,7:36:00 PM,02 - Rain,02 - Wet,10 - No control,04 - At/near private drive,07 - Dark,02 - Non-fatal injury,02 - Angle,Old Ottawa South
1027,BANK ST btwn BELMONT AVE & GROVE AVE,368837.181,5028387.081,-75.68214,45.39249,2017-02-16,10:20:00 AM,01 - Clear,02 - Wet,10 - No control,04 - At/near private drive,01 - Daylight,03 - P.D. only,02 - Angle,Old Ottawa South
1028,BANK ST btwn BLAIS RD & RIDEAU RD,376910.2709,5017948.152,-75.58057,45.29779,2017-06-14,5:14:00 PM,01 - Clear,01 - Dry,10 - No control,04 - At/near private drive,01 - Daylight,03 - P.D. only,05 - Turning movement,Greenbelt
1029,BANK ST btwn BLAIS RD & RIDEAU RD,376493.3565,5018870.994,-75.58575,45.30613,2017-07-08,12:45:00 PM,01 - Clear,01 - Dry,10 - No control,01 - Non intersection,01 - Daylight,02 - Non-fatal injury,03 - Rear end,Greenbelt
1030,BANK ST btwn BLAIS RD & RIDEAU RD,376838.7762,5018117.372,-75.58146,45.29932,2017-12-14,10:03:00 AM,01 - Clear,02 - Wet,10 - No control,01 - Non intersection,01 - Daylight,02 - Non-fatal injury,03 - Rear end,Greenbelt
1031,BANK ST btwn BOYD RD & KENNEDY RD,387307.2337,5001938.671,-75.45068,45.1526,2017-03-15,7:16:00 PM,03 - Snow,06 - Ice,10 - No control,01 - Non intersection,07 - Dark,03 - P.D. only,07 - SMV other,Metcalfe
1032,BANK ST btwn CAHILL DR & TURN LANE (1),371534.1311,5024118.734,-75.64828,45.35384,2017-08-31,5:12:00 PM,01 - Clear,01 - Dry,10 - No control,04 - At/near private drive,01 - Daylight,03 - P.D. only,05 - Turning movement,South Keys - Heron Gate - Greenboro West
1033,BANK ST btwn CAHILL DR & TURN LANE (1),371520.7766,5024125.938,-75.64845,45.3539,2017-03-27,5:41:00 PM,02 - Rain,02 - Wet,10 - No control,04 - At/near private drive,01 - Daylight,03 - P.D. only,02 - Angle,South Keys - Heron Gate - Greenboro West
1034,BANK ST btwn CAHILL DR & TURN LANE (1),371414.2707,5024208.45,-75.6498,45.35466,2017-03-08,3:01:00 PM,01 - Clear,01 - Dry,10 - No control,04 - At/near private drive,01 - Daylight,03 - P.D. only,02 - Angle,South Keys - Heron Gate - Greenboro West
1035,BANK ST btwn CAHILL DR & TURN LANE (2),371536.1626,5024134.918,-75.64825,45.35398,2017-01-05,3:18:00 PM,01 - Clear,02 - Wet,10 - No control,01 - Non intersection,01 - Daylight,03 - P.D. only,01 - Approaching,South Keys - Heron Gate - Greenboro West
1036,BANK ST btwn CECIL AVE & HERON RD,369947.8939,5026977.964,-75.66815,45.37971,2017-04-22,6:04:00 PM,01 - Clear,01 - Dry,10 - No control,01 - Non intersection,01 - Daylight,02 - Non-fatal injury,03 - Rear end,Alta Vista
1037,BANK ST btwn CENOTE RD & STONE SCHOOL RD,381563.8297,5011951.662,-75.52217,45.24334,2017-04-06,6:02:00 AM,01 - Clear,01 - Dry,10 - No control,01 - Non intersection,03 - Dawn,03 - P.D. only,07 - SMV other,Osgoode
1038,BANK ST btwn CENOTE RD & STONE SCHOOL RD,381402.6431,5012093.032,-75.5242,45.24463,2017-03-21,8:22:00 PM,01 - Clear,01 - Dry,10 - No control,01 - Non intersection,07 - Dark,03 - P.D. only,07 - SMV other,Osgoode
1039,BANK ST btwn CHAMBERLAIN AVE S & PRETORIA AVE,368098.9811,5030126.838,-75.69135,45.40822,2017-06-28,8:32:00 AM,01 - Clear,01 - Dry,10 - No control,01 - Non intersection,01 - Daylight,03 - P.D. only,04 - Sideswipe,The Glebe
1040,BANK ST btwn CHAMBERLAIN AVE S & PRETORIA AVE,368103.1134,5030121.077,-75.6913,45.40816,2017-03-01,11:55:00 AM,02 - Rain,02 - Wet,10 - No control,01 - Non intersection,01 - Daylight,03 - P.D. only,04 - Sideswipe,The Glebe
1041,BANK ST btwn CHESLEY ST & RIVERDALE AVE,369061.4218,5028134.926,-75.67931,45.39021,2017-05-06,1:13:00 AM,02 - Rain,02 - Wet,10 - No control,04 - At/near private drive,07 - Dark,02 - Non-fatal injury,05 - Turning movement,Old Ottawa South
1042,BANK ST btwn CHESLEY ST & RIVERDALE AVE,369022.1042,5028176.614,-75.67981,45.39058,2017-10-20,6:09:00 AM,01 - Clear,01 - Dry,10 - No control,04 - At/near private drive,03 - Dawn,02 - Non-fatal injury,03 - Rear end,Old Ottawa South
1043,BANK ST btwn CLAREY AVE & HOLMWOOD AVE,368464.6666,5029239.926,-75.68679,45.4002,2017-04-27,12:00:00 AM,01 - Clear,01 - Dry,10 - No control,01 - Non intersection,00 - Unknown,03 - P.D. only,06 - SMV unattended vehicle,The Glebe
1044,BANK ST btwn COOPER ST & SOMERSET ST W,367678.9838,5030944.327,-75.69661,45.41561,2017-07-19,12:00:00 AM,01 - Clear,01 - Dry,10 - No control,01 - Non intersection,00 - Unknown,03 - P.D. only,06 - SMV unattended vehicle,Centretown
1045,BANK ST btwn COUNCILLOR'S WAY & ST. BERNARD ST,372964.3188,5023740.995,-75.63008,45.3503,2017-12-12,8:23:00 PM,03 - Snow,03 - Loose snow,10 - No control,04 - At/near private drive,07 - Dark,03 - P.D. only,03 - Rear end,Blossom Park - Blossom Park West - Sawmill Creek/ Timbermill
1046,BANK ST btwn COUNCILLOR'S WAY & ST. BERNARD ST,372911.081,5023788.9,-75.63075,45.35074,2017-01-02,8:11:00 AM,01 - Clear,01 - Dry,10 - No control,04 - At/near private drive,01 - Daylight,03 - P.D. only,02 - Angle,Blossom Park - Blossom Park West - Sawmill Creek/ Timbermill
1047,BANK ST btwn EVANS BLVD & CECIL AVE,369936.2451,5027013.908,-75.66829,45.38004,2017-01-20,4:35:00 PM,01 - Clear,01 - Dry,10 - No control,04 - At/near private drive,01 - Daylight,02 - Non-fatal injury,02 - Angle,Alta Vista
1048,BANK ST btwn EVANS BLVD & CECIL AVE,369938.0361,5027010.537,-75.66827,45.38001,2017-03-21,10:00:00 PM,01 - Clear,01 - Dry,10 - No control,04 - At/near private drive,07 - Dark,03 - P.D. only,03 - Rear end,Alta Vista