Record,Location,X,Y,Longitude,Latitude,Date,Time,Environment,Road_Surface,Traffic_Control,Collision_Location,Light,Collision_Classification,Impact_type,Neighborhood
1049,BANK ST btwn EVANS BLVD & CECIL AVE,369937.8254,5027010.537,-75.66827,45.38001,2017-04-05,4:14:00 PM,01 - Clear,01 - Dry,10 - No control,01 - Non intersection,01 - Daylight,03 - P.D. only,05 - Turning movement,Alta Vista
1050,BANK ST btwn FIFTH AVE & REGENT ST,368403.0612,5029391.863,-75.68756,45.40158,2017-04-13,4:48:00 PM,01 - Clear,01 - Dry,10 - No control,01 - Non intersection,01 - Daylight,03 - P.D. only,04 - Sideswipe,The Glebe
1051,BANK ST btwn FINDLAY CREEK DR & BLAIS RD,376003.4146,5020091.515,-75.59183,45.31716,2017-10-19,8:01:00 AM,01 - Clear,01 - Dry,10 - No control,01 - Non intersection,01 - Daylight,02 - Non-fatal injury,07 - SMV other,Greenbelt
1052,BANK ST btwn FIRST AVE & SECOND AVE,368302.0251,5029637.141,-75.68882,45.40379,2017-06-26,6:38:00 PM,01 - Clear,01 - Dry,10 - No control,01 - Non intersection,01 - Daylight,03 - P.D. only,99 - Other,The Glebe
1053,BANK ST btwn FOXBAR AVE & ST. PAUL AVE,370491.7122,5025587.597,-75.66139,45.36715,2017-06-21,9:43:00 PM,01 - Clear,01 - Dry,10 - No control,01 - Non intersection,07 - Dark,03 - P.D. only,03 - Rear end,Ledbury - Heron Gate - Ridgemont - Elmwood
1054,BANK ST btwn GILMOUR ST & LEWIS ST,367801.086,5030751.828,-75.69507,45.41387,2017-04-07,11:32:00 AM,01 - Clear,01 - Dry,10 - No control,01 - Non intersection,01 - Daylight,03 - P.D. only,05 - Turning movement,Centretown
1055,BANK ST btwn GLOUCESTER ST & NEPEAN ST,367536.0465,5031178.259,-75.6984,45.41773,2017-12-11,8:33:00 PM,01 - Clear,01 - Dry,10 - No control,01 - Non intersection,07 - Dark,03 - P.D. only,06 - SMV unattended vehicle,Centretown
1056,BANK ST btwn HERON RD & ANOKA ST,370004.9456,5026828.368,-75.66744,45.37836,2017-10-24,9:00:00 AM,01 - Clear,01 - Dry,10 - No control,04 - At/near private drive,01 - Daylight,03 - P.D. only,02 - Angle,Alta Vista
1057,BANK ST btwn HERON RD & ANOKA ST,370008.1453,5026816.656,-75.6674,45.37826,2017-12-08,11:46:00 AM,01 - Clear,01 - Dry,10 - No control,01 - Non intersection,01 - Daylight,03 - P.D. only,03 - Rear end,Alta Vista
1058,BANK ST btwn HERON RD & ANOKA ST,370003.3625,5026831.162,-75.66746,45.37839,2017-11-04,2:22:00 AM,01 - Clear,01 - Dry,10 - No control,04 - At/near private drive,07 - Dark,03 - P.D. only,02 - Angle,Alta Vista
1059,BANK ST btwn HERON RD & ANOKA ST,370003.0173,5026826.951,-75.66746,45.37835,2017-02-12,2:19:00 PM,03 - Snow,04 - Slush,10 - No control,04 - At/near private drive,01 - Daylight,03 - P.D. only,02 - Angle,Alta Vista
1060,BANK ST btwn HOPEWELL AVE & GLEN AVE,368792.0783,5028460.742,-75.68271,45.39316,2017-03-31,12:00:00 AM,01 - Clear,01 - Dry,10 - No control,01 - Non intersection,00 - Unknown,03 - P.D. only,06 - SMV unattended vehicle,Old Ottawa South
1061,BANK ST btwn KENNEDY RD & BELMEADE RD,387805.2042,5001309.22,-75.44445,45.14688,2017-05-31,1:52:00 PM,01 - Clear,01 - Dry,10 - No control,01 - Non intersection,01 - Daylight,03 - P.D. only,07 - SMV other,Metcalfe
1062,BANK ST btwn LANSDOWNE PARK & WILTON CRES,368539.0613,5029066.19,-75.68586,45.39863,2017-03-21,1:16:00 PM,01 - Clear,01 - Dry,10 - No control,01 - Non intersection,01 - Daylight,03 - P.D. only,06 - SMV unattended vehicle,The Glebe
1063,BANK ST btwn LEITRIM RD & ARENA PL,375379.0136,5021570.992,-75.59958,45.33054,2017-10-25,4:12:00 PM,01 - Clear,01 - Dry,10 - No control,04 - At/near private drive,01 - Daylight,03 - P.D. only,02 - Angle,Greenbelt
1064,BANK ST btwn LESTER RD & PARK LANE,373914.7087,5022738.693,-75.61809,45.34119,2017-02-07,7:29:00 AM,01 - Clear,04 - Slush,10 - No control,01 - Non intersection,01 - Daylight,02 - Non-fatal injury,01 - Approaching,Greenbelt
1065,BANK ST btwn LYNCH ST & CONROY RD,374881.0717,5022346.285,-75.60582,45.33756,2017-10-11,11:43:00 PM,01 - Clear,01 - Dry,10 - No control,01 - Non intersection,07 - Dark,03 - P.D. only,03 - Rear end,Greenbelt
1066,BANK ST btwn MACLAREN ST & GILMOUR ST,367779.6813,5030789.287,-75.69534,45.41421,2017-05-05,12:00:00 AM,01 - Clear,01 - Dry,10 - No control,01 - Non intersection,00 - Unknown,03 - P.D. only,06 - SMV unattended vehicle,Centretown
1067,BANK ST btwn MACLAREN ST & GILMOUR ST,367749.4024,5030836.872,-75.69572,45.41464,2017-03-26,3:04:00 AM,01 - Clear,01 - Dry,10 - No control,01 - Non intersection,07 - Dark,03 - P.D. only,04 - Sideswipe,Centretown
1068,BANK ST btwn MASON ST & MEADOW DR,377915.4792,5015611.018,-75.5681,45.27665,2017-05-02,7:46:00 AM,01 - Clear,01 - Dry,10 - No control,01 - Non intersection,01 - Daylight,03 - P.D. only,03 - Rear end,Greely
1069,BANK ST btwn MCLEOD ST & FLORA ST,367956.0692,5030468.339,-75.69313,45.4113,2017-06-13,10:45:00 AM,01 - Clear,01 - Dry,10 - No control,01 - Non intersection,01 - Daylight,03 - P.D. only,04 - Sideswipe,Centretown
1070,BANK ST btwn MCLEOD ST & FLORA ST,367960.4156,5030456.804,-75.69308,45.4112,2017-11-03,1:01:00 PM,01 - Clear,01 - Dry,10 - No control,01 - Non intersection,01 - Daylight,03 - P.D. only,04 - Sideswipe,Centretown
1071,BANK ST btwn NOTTING HILL AVE & VANCOUVER AVE,370436.2197,5025691.117,-75.66208,45.36809,2017-12-13,12:15:00 AM,03 - Snow,05 - Packed snow,10 - No control,01 - Non intersection,07 - Dark,02 - Non-fatal injury,07 - SMV other,Ledbury - Heron Gate - Ridgemont - Elmwood
1072,BANK ST btwn ORVILLE KEMP ST & LEITRIM RD,375295.8813,5021769.999,-75.60061,45.33234,2017-05-22,3:01:00 PM,02 - Rain,02 - Wet,10 - No control,01 - Non intersection,01 - Daylight,03 - P.D. only,03 - Rear end,Greenbelt
1073,BANK ST btwn ORVILLE KEMP ST & LEITRIM RD,375280.1211,5021806.243,-75.60081,45.33266,2017-09-14,12:09:00 PM,01 - Clear,01 - Dry,10 - No control,01 - Non intersection,01 - Daylight,03 - P.D. only,05 - Turning movement,Greenbelt
1074,BANK ST btwn ORVILLE KEMP ST & LEITRIM RD,375261.7155,5021853.553,-75.60103,45.33309,2017-09-15,12:09:00 AM,01 - Clear,01 - Dry,10 - No control,01 - Non intersection,07 - Dark,03 - P.D. only,07 - SMV other,Greenbelt
1075,BANK ST btwn ORVILLE KEMP ST & LEITRIM RD,375352.2897,5021629.333,-75.59991,45.33107,2017-10-01,6:09:00 PM,01 - Clear,01 - Dry,10 - No control,01 - Non intersection,01 - Daylight,03 - P.D. only,07 - SMV other,Greenbelt
1076,BANK ST btwn PARKWAY RD & MEADOW DR,378892.9197,5014129.85,-75.55587,45.26322,2017-12-14,6:45:00 AM,01 - Clear,01 - Dry,10 - No control,01 - Non intersection,07 - Dark,03 - P.D. only,07 - SMV other,Greely
1077,BANK ST btwn PHILNOR ST & SALE BARN RD,379965.3011,5013553.096,-75.54229,45.25792,2017-01-17,5:45:00 PM,03 - Snow,03 - Loose snow,10 - No control,01 - Non intersection,07 - Dark,03 - P.D. only,07 - SMV other,Greely
1078,BANK ST btwn QUEENSDALE AVE & LESTER RD,373345.6852,5023435.764,-75.62526,45.34752,2017-11-03,1:32:00 PM,01 - Clear,01 - Dry,10 - No control,01 - Non intersection,01 - Daylight,02 - Non-fatal injury,03 - Rear end,Blossom Park - Blossom Park West - Sawmill Creek/ Timbermill
1079,BANK ST btwn QUEENSDALE AVE & LESTER RD,373383.2312,5023402.704,-75.62478,45.34722,2017-04-23,2:04:00 PM,01 - Clear,01 - Dry,10 - No control,04 - At/near private drive,01 - Daylight,03 - P.D. only,02 - Angle,Blossom Park - Blossom Park West - Sawmill Creek/ Timbermill
1080,BANK ST btwn RANDALL AVE & 73 N OF EVANS BLVD,369780.8623,5027230.37,-75.67024,45.382,2017-05-27,4:45:00 PM,01 - Clear,01 - Dry,10 - No control,01 - Non intersection,01 - Daylight,03 - P.D. only,04 - Sideswipe,Alta Vista
1081,BANK ST btwn RANDALL AVE & 73 N OF EVANS BLVD,369758.7888,5027258.464,-75.67052,45.38226,2017-04-28,1:20:00 PM,01 - Clear,01 - Dry,10 - No control,04 - At/near private drive,01 - Daylight,03 - P.D. only,02 - Angle,Alta Vista
1082,BANK ST btwn RANDALL AVE & 73 N OF EVANS BLVD,369870.2294,5027130.926,-75.66912,45.3811,2017-05-16,4:23:00 PM,01 - Clear,01 - Dry,10 - No control,01 - Non intersection,01 - Daylight,03 - P.D. only,03 - Rear end,Alta Vista
1083,BANK ST btwn RANDALL AVE & 73 N OF EVANS BLVD,369793.6384,5027220.437,-75.67008,45.38191,2017-07-25,8:54:00 AM,01 - Clear,01 - Dry,10 - No control,04 - At/near private drive,01 - Daylight,03 - P.D. only,05 - Turning movement,Alta Vista
1084,BANK ST btwn RANDALL AVE & 73 N OF EVANS BLVD,369811.4391,5027201.136,-75.66986,45.38173,2017-11-03,3:45:00 PM,01 - Clear,01 - Dry,10 - No control,04 - At/near private drive,01 - Daylight,03 - P.D. only,02 - Angle,Alta Vista
1085,BANK ST btwn RANDALL AVE & 73 N OF EVANS BLVD,369854.1403,5027150.84,-75.66932,45.38128,2017-04-22,10:31:00 AM,01 - Clear,01 - Dry,10 - No control,04 - At/near private drive,01 - Daylight,03 - P.D. only,02 - Angle,Alta Vista
1086,BANK ST btwn RIDEAU RD & TURN LANE,377149.5128,5017382.488,-75.5776,45.29267,2017-05-05,11:27:00 AM,02 - Rain,02 - Wet,10 - No control,01 - Non intersection,01 - Daylight,03 - P.D. only,03 - Rear end,Greenbelt
1087,BANK ST btwn RIDEAU RD & TURN LANE,377110.3278,5017474.055,-75.57809,45.2935,2017-06-30,1:18:00 PM,02 - Rain,02 - Wet,10 - No control,01 - Non intersection,01 - Daylight,03 - P.D. only,03 - Rear end,Greenbelt
1088,BANK ST btwn RIDEAU RD & TURN LANE,377553.6402,5016403.634,-75.5726,45.28382,2017-10-28,11:01:00 AM,01 - Clear,01 - Dry,10 - No control,01 - Non intersection,01 - Daylight,02 - Non-fatal injury,03 - Rear end,Osgoode
1089,BANK ST btwn RIDEAU RD & TURN LANE,376988.8891,5017752.762,-75.5796,45.29602,2017-03-15,2:05:00 AM,03 - Snow,03 - Loose snow,10 - No control,01 - Non intersection,07 - Dark,02 - Non-fatal injury,01 - Approaching,Greenbelt
1090,BANK ST btwn RIDEAU RD & TURN LANE,377626.6587,5016235.085,-75.57169,45.2823,2017-03-08,3:46:00 AM,01 - Clear,02 - Wet,10 - No control,01 - Non intersection,07 - Dark,03 - P.D. only,07 - SMV other,Osgoode
1091,BANK ST btwn RIVERDALE AVE & RIVERSIDE DR,369161.8363,5028039.733,-75.67804,45.38934,2017-05-25,9:50:00 AM,01 - Clear,01 - Dry,10 - No control,01 - Non intersection,01 - Daylight,03 - P.D. only,04 - Sideswipe,Ol
1092,BANK ST btwn RIVERSIDE DR & BILLINGS TRANSIT,369369.7587,5027823.171,-75.67542,45.38737,2017-08-01,5:22:00 PM,01 - Clear,01 - Dry,10 - No control,01 - Non intersection,01 - Daylight,02 - Non-fatal injury,05 - Turning movement,Alta Vista
1093,BANK ST btwn RIVERSIDE DR & BILLINGS TRANSIT,369398.8629,5027789.654,-75.67505,45.38707,2017-08-08,7:44:00 PM,01 - Clear,01 - Dry,10 - No control,04 - At/near private drive,01 - Daylight,02 - Non-fatal injury,05 - Turning movement,Alta Vista
1094,BANK ST btwn RIVERSIDE DR & BILLINGS TRANSIT,369406.3906,5027783.189,-75.67495,45.38701,2017-08-12,8:38:00 AM,01 - Clear,01 - Dry,10 - No control,04 - At/near private drive,01 - Daylight,03 - P.D. only,02 - Angle,Alta Vista
1095,BANK ST btwn RIVERSIDE DR & BILLINGS TRANSIT,369372.7104,5027820.158,-75.67538,45.38734,2017-10-02,3:06:00 PM,01 - Clear,01 - Dry,10 - No control,01 - Non intersection,01 - Daylight,02 - Non-fatal injury,04 - Sideswipe,Alta Vista
1096,BANK ST btwn RIVERSIDE DR & BILLINGS TRANSIT,369380.8758,5027813.998,-75.67528,45.38729,2017-01-27,1:18:00 PM,01 - Clear,01 - Dry,10 - No control,04 - At/near private drive,01 - Daylight,03 - P.D. only,02 - Angle,Alta Vista
1097,BANK ST btwn RIVERSIDE DR & BILLINGS TRANSIT,369410.0683,5027780.172,-75.67491,45.38698,2017-04-20,6:00:00 AM,01 - Clear,02 - Wet,10 - No control,01 - Non intersection,07 - Dark,03 - P.D. only,99 - Other,Alta Vista
1098,BANK ST btwn RIVERSIDE DR & RIVERSIDE DR,369291.0268,5027907.051,-75.67641,45.38813,2017-11-07,8:20:00 PM,01 - Clear,01 - Dry,10 - No control,04 - At/near private drive,07 - Dark,03 - P.D. only,05 - Turning movement,Alta Vista
1099,BANK ST btwn SALE BARN RD & GREY'S CREEK RD,380146.2426,5013406.303,-75.54001,45.25658,2017-09-02,9:04:00 PM,01 - Clear,01 - Dry,10 - No control,01 - Non intersection,07 - Dark,03 - P.D. only,07 - SMV other,Osgoode
1100,BANK ST btwn SIEVERIGHT AVE & ATHANS AVE,372483.6955,5024016.337,-75.63618,45.35283,2017-06-09,6:30:00 PM,01 - Clear,01 - Dry,10 - No control,04 - At/near private drive,01 - Daylight,02 - Non-fatal injury,03 - Rear end,Blossom Park - Blossom Park West - Sawmill Creek/ Timbermill
1101,BANK ST btwn SOUTHKEYS SC & CAHILL DR/DAZE ST,371226.2477,5024389.258,-75.65217,45.3563,2017-07-26,8:58:00 PM,01 - Clear,01 - Dry,10 - No control,01 - Non intersection,05 - Dusk,02 - Non-fatal injury,05 - Turning movement,South Keys - Heron Gate - Greenboro West
1102,BANK ST btwn SOUTHKEYS SC & CAHILL DR/DAZE ST,371176.0903,5024435.347,-75.65281,45.35672,2017-01-21,8:23:00 AM,"07 - Fog, mist, smoke, dust",02 - Wet,10 - No control,01 - Non intersection,01 - Daylight,03 - P.D. only,03 - Rear end,South Keys - Heron Gate - Greenboro West
1103,BANK ST btwn SPRINGHILL RD & DALMENY RD,385687.3092,5004748.954,-75.47083,45.17807,2017-05-21,11:11:00 PM,02 - Rain,02 - Wet,10 - No control,01 - Non intersection,07 - Dark,02 - Non-fatal injury,07 - SMV other,Metcalfe
1104,BANK ST btwn SPRINGHILL RD & DALMENY RD,385624.7399,5004936.67,-75.47159,45.17977,2017-11-06,5:39:00 PM,01 - Clear,01 - Dry,10 - No control,01 - Non intersection,07 - Dark,03 - P.D. only,07 - SMV other,Metcalfe
1105,BANK ST btwn ST. PAUL AVE & KITCHENER AVE,370521.8126,5025533.417,-75.66101,45.36666,2017-06-05,5:30:00 PM,01 - Clear,01 - Dry,10 - No control,01 - Non intersection,01 - Daylight,03 - P.D. only,03 - Rear end,Ledbury - Heron Gate - Ridgemont - Elmwood
1106,BANK ST btwn ST. PAUL AVE & KITCHENER AVE,370524.7814,5025529.558,-75.66097,45.36663,2017-10-15,3:36:00 PM,01 - Clear,01 - Dry,10 - No control,04 - At/near private drive,01 - Daylight,03 - P.D. only,02 - Angle,Ledbury - Heron Gate - Ridgemont - Elmwood
1107,BANK ST btwn ST. PAUL AVE & KITCHENER AVE,370535.6192,5025509.291,-75.66084,45.36644,2017-12-15,2:05:00 PM,03 - Snow,04 - Slush,10 - No control,04 - At/near private drive,01 - Daylight,03 - P.D. only,02 - Angle,Ledbury - Heron Gate - Ridgemont - Elmwood
1108,BANK ST btwn SUNNYSIDE AVE & HOPEWELL AVE,368753.1034,5028544.091,-75.6832,45.39392,2017-07-05,5:15:00 PM,01 - Clear,01 - Dry,10 - No control,01 - Non intersection,01 - Daylight,02 - Non-fatal injury,04 - Sideswipe,Old Ottawa South
1109,BANK ST btwn TURN LANE & MITCH OWENS RD,377694.2264,5016082.361,-75.57085,45.28092,2017-11-21,5:50:00 PM,01 - Clear,01 - Dry,10 - No control,01 - Non intersection,07 - Dark,03 - P.D. only,07 - SMV other,Osgoode
1110,BANK ST btwn TURN LANE & SPRINGHILL RD,384426.001,5008086.194,-75.48634,45.20824,2017-06-04,2:54:00 AM,01 - Clear,01 - Dry,10 - No control,01 - Non intersection,07 - Dark,03 - P.D. only,03 - Rear end,Metcalfe
1111,BANK ST btwn TURN LANE & SPRINGHILL RD,384444.568,5008179.029,-75.48609,45.20908,2017-05-28,4:02:00 PM,01 - Clear,01 - Dry,10 - No control,04 - At/near private drive,01 - Daylight,02 - Non-fatal injury,05 - Turning movement,Metcalfe
1112,BANK ST btwn TURN LANE & SPRINGHILL RD,384046.7632,5009181.074,-75.49099,45.21814,2017-10-23,7:22:00 PM,01 - Clear,01 - Dry,10 - No control,04 - At/near private drive,07 - Dark,02 - Non-fatal injury,05 - Turning movement,Metcalfe
1113,BANK ST btwn TURN LANE & SPRINGHILL RD,385009.0065,5006644.833,-75.47915,45.19521,2017-12-13,6:58:00 AM,03 - Snow,03 - Loose snow,10 - No control,01 - Non intersection,03 - Dawn,02 - Non-fatal injury,07 - SMV other,Metcalfe
1114,BANK ST btwn TURN LANE & SPRINGHILL RD,383761.3368,5009946.156,-75.4945,45.22505,2017-04-07,8:00:00 AM,02 - Rain,02 - Wet,10 - No control,01 - Non intersection,01 - Daylight,03 - P.D. only,07 - SMV other,Metcalfe
1115,BANK ST btwn VANCOUVER AVE & FOXBAR AVE,370473.8606,5025624.229,-75.66161,45.36748,2017-09-15,1:49:00 PM,01 - Clear,01 - Dry,10 - No control,04 - At/near private drive,01 - Daylight,03 - P.D. only,02 - Angle,Ledbury - Heron Gate - Ridgemont - Elmwood
1116,BANK ST btwn VANCOUVER AVE & FOXBAR AVE,370467.411,5025636.268,-75.66169,45.36759,2017-11-03,10:12:00 PM,01 - Clear,01 - Dry,10 - No control,04 - At/near private drive,07 - Dark,03 - P.D. only,02 - Angle,Ledbury - Heron Gate - Ridgemont - Elmwood
1117,BANK ST btwn VANCOUVER AVE & FOXBAR AVE,370459.3842,5025652.99,-75.66179,45.36774,2017-12-04,5:25:00 PM,01 - Clear,01 - Dry,10 - No control,04 - At/near private drive,07 - Dark,03 - P.D. only,05 - Turning movement,Ledbury - Heron Gate - Ridgemont - Elmwood
1118,BANK ST btwn VANCOUVER AVE & FOXBAR AVE,370469.8379,5025631.119,-75.66166,45.36755,2017-01-25,2:22:00 PM,01 - Clear,02 - Wet,10 - No control,01 - Non intersection,01 - Daylight,03 - P.D. only,04 - Sideswipe,Ledbury - Heron Gate - Ridgemont - Elmwood
1119,BANK ST btwn WALKLEY RD & SURREY AVE,370358.9222,5025888.203,-75.66304,45.36987,2017-05-21,10:29:00 PM,01 - Clear,01 - Dry,10 - No control,01 - Non intersection,07 - Dark,03 - P.D. only,07 - SMV other,Ledbury - Heron Gate - Ridgemont - Elmwood
1120,BANK ST btwn WALKLEY RD & SURREY AVE,370379.907,5025820.375,-75.66278,45.36926,2017-11-18,10:27:00 PM,01 - Clear,02 - Wet,10 - No control,04 - At/near private drive,07 - Dark,03 - P.D. only,07 - SMV other,Ledbury - Heron Gate - Ridgemont - Elmwood
1121,BANK ST btwn WALKLEY RD & SURREY AVE,370369.182,5025851.665,-75.66292,45.36954,2017-02-15,9:56:00 AM,03 - Snow,03 - Loose snow,10 - No control,01 - Non intersection,01 - Daylight,03 - P.D. only,03 - Rear end,Ledbury - Heron Gate - Ridgemont - Elmwood
1122,BANK ST btwn WALKLEY RD & SURREY AVE,370344.2065,5025925.661,-75.66323,45.37021,2017-03-25,11:02:00 AM,01 - Clear,01 - Dry,10 - No control,04 - At/near private drive,01 - Daylight,03 - P.D. only,02 - Angle,Ledbury - Heron Gate - Ridgemont - Elmwood
1123,BANK ST btwn WALKLEY RD & SURREY AVE,370341.639,5025938.978,-75.66326,45.37033,2017-12-21,4:01:00 PM,01 - Clear,02 - Wet,10 - No control,01 - Non intersection,05 - Dusk,03 - P.D. only,04 - Sideswipe,Ledbury - Heron Gate - Ridgemont - Elmwood
1124,BANK ST btwn WALKLEY RD & SURREY AVE,370368.4374,5025851.917,-75.66293,45.36954,2017-12-26,5:44:00 PM,01 - Clear,02 - Wet,10 - No control,01 - Non intersection,07 - Dark,03 - P.D. only,04 - Sideswipe,Ledbury - Heron Gate - Ridgemont - Elmwood
1125,BANK ST btwn WHITE ALDER AVE & FINDLAY CREEK DR,375742.2315,5020703.121,-75.59507,45.32269,2017-07-05,4:10:00 PM,01 - Clear,01 - Dry,10 - No control,01 - Non intersection,01 - Daylight,03 - P.D. only,04 - Sideswipe,Greenbelt
1126,BANK ST btwn WHITE ALDER AVE & FINDLAY CREEK DR,375843.6089,5020469.127,-75.59381,45.32058,2017-04-20,7:40:00 AM,01 - Clear,01 - Dry,10 - No control,01 - Non intersection,01 - Daylight,02 - Non-fatal injury,03 - Rear end,Greenbelt
1127,BANK ST btwn WILDWOOD AVE & RIDGEMONT AVE,370052.7197,5026692.288,-75.66684,45.37713,2017-09-14,1:13:00 PM,01 - Clear,01 - Dry,10 - No control,04 - At/near private drive,01 - Daylight,02 - Non-fatal injury,02 - Angle,Ledbury - Heron Gate - Ridgemont - Elmwood
1128,BANK ST btwn WILTON CRES & ECHO DR,368634.582,5028821.851,-75.68467,45.39643,2017-02-15,8:26:00 AM,03 - Snow,03 - Loose snow,10 - No control,01 - Non intersection,01 - Daylight,03 - P.D. only,04 - Sideswipe,Th
1129,BANK ST/PRETORIA AVE @ CHAMBERLAIN AVE S,368108.7486,5030104.345,-75.69123,45.40801,2017-02-09,3:52:00 PM,01 - Clear,01 - Dry,02 - Stop sign,03 - At intersection,01 - Daylight,03 - P.D. only,02 - Angle,The Glebe
1130,BANKFIELD RD @ MANOTICK MAIN ST/RIDEAU VALLEY,368431.9072,5010157.541,-75.68966,45.22851,2017-05-12,3:02:00 PM,01 - Clear,01 - Dry,01 - Traffic signal,02 - Intersection related,01 - Daylight,03 - P.D. only,04 - Sideswipe,Manotick
1131,BANKFIELD RD @ MANOTICK MAIN ST/RIDEAU VALLEY,368432.9744,5010155.806,-75.68965,45.22849,2017-07-25,5:47:00 PM,01 - Clear,01 - Dry,01 - Traffic signal,03 - At intersection,01 - Daylight,03 - P.D. only,05 - Turning movement,Manotick
1132,BANKFIELD RD @ PRINCE OF WALES DR,366379.3555,5008974.718,-75.71594,45.21804,2017-06-11,8:15:00 AM,01 - Clear,01 - Dry,01 - Traffic signal,02 - Intersection related,01 - Daylight,03 - P.D. only,03 - Rear end,Manotick
1133,BANKFIELD RD @ PRINCE OF WALES DR,366380.6932,5008974.718,-75.71593,45.21804,2017-04-27,4:04:00 PM,01 - Clear,01 - Dry,01 - Traffic signal,02 - Intersection related,01 - Daylight,03 - P.D. only,03 - Rear end,Manotick
1134,BANKFIELD RD @ PRINCE OF WALES DR,366380.0244,5008975.386,-75.71593,45.21805,2017-05-29,8:55:00 AM,02 - Rain,02 - Wet,01 - Traffic signal,03 - At intersection,01 - Daylight,02 - Non-fatal injury,05 - Turning movement,Manotick
1135,BANKFIELD RD @ PRINCE OF WALES DR,366379.6899,5008975.082,-75.71594,45.21805,2017-08-08,3:57:00 PM,01 - Clear,01 - Dry,01 - Traffic signal,03 - At intersection,01 - Daylight,03 - P.D. only,03 - Rear end,Manotick
1136,BANKFIELD RD @ PRINCE OF WALES DR,366379.3555,5008976.055,-75.71594,45.21806,2017-07-14,12:59:00 PM,02 - Rain,02 - Wet,01 - Traffic signal,02 - Intersection related,01 - Daylight,03 - P.D. only,03 - Rear end,Manotick
1137,BANKFIELD RD @ PRINCE OF WALES DR,366379.2165,5008974.203,-75.71594,45.21804,2017-09-02,2:30:00 PM,01 - Clear,01 - Dry,01 - Traffic signal,02 - Intersection related,01 - Daylight,03 - P.D. only,03 - Rear end,Manotick
1138,BANKFIELD RD @ PRINCE OF WALES DR,366379.1435,5008975.386,-75.71595,45.21805,2017-10-01,1:27:00 PM,01 - Clear,01 - Dry,01 - Traffic signal,02 - Intersection related,01 - Daylight,02 - Non-fatal injury,03 - Rear end,Manotick
1139,BANKFIELD RD @ PRINCE OF WALES DR,366379.3555,5008974.718,-75.71594,45.21804,2017-11-27,4:01:00 PM,01 - Clear,06 - Ice,01 - Traffic signal,02 - Intersection related,01 - Daylight,03 - P.D. only,03 - Rear end,Manotick
1140,BANKFIELD RD @ PRINCE OF WALES DR,366378.5874,5008973.544,-75.71595,45.21803,2017-01-11,3:38:00 PM,01 - Clear,01 - Dry,01 - Traffic signal,03 - At intersection,01 - Daylight,03 - P.D. only,03 - Rear end,Manotick
1141,BANKFIELD RD @ PRINCE OF WALES DR,366379.3555,5008976.055,-75.71594,45.21806,2017-03-30,2:20:00 PM,01 - Clear,01 - Dry,01 - Traffic signal,03 - At intersection,01 - Daylight,03 - P.D. only,02 - Angle,Manotick
1142,BANKFIELD RD @ PRINCE OF WALES DR,366381.11,5008974.676,-75.71592,45.21804,2017-12-27,3:24:00 PM,01 - Clear,06 - Ice,01 - Traffic signal,02 - Intersection related,01 - Daylight,03 - P.D. only,03 - Rear end,Manotick
1143,BANKFIELD RD btwn FEE ST & RIDEAU VALLEY DR,368413.9216,5010144.774,-75.68989,45.22839,2017-01-29,1:38:00 PM,01 - Clear,02 - Wet,10 - No control,01 - Non intersection,01 - Daylight,03 - P.D. only,03 - Rear end,Manotick
1144,BANKFIELD RD btwn FIRST LINE RD & LOCKMASTER CRES,366956.7841,5009315.658,-75.70855,45.22106,2017-11-21,5:33:00 PM,01 - Clear,01 - Dry,10 - No control,01 - Non intersection,07 - Dark,03 - P.D. only,07 - SMV other,Manotick
1145,BANKFIELD RD btwn HWY416 IC57 RAMP24 & HWY416 IC57 RAMP62,365042.6227,5008215.112,-75.73305,45.21133,2017-12-18,6:30:00 PM,02 - Rain,03 - Loose snow,10 - No control,01 - Non intersection,07 - Dark,03 - P.D. only,07 - SMV other,Manotick
1146,BANKFIELD RD btwn HWY416 IC57 RAMP62 & KILREEN LANE,365539.2952,5008500.413,-75.7267,45.21385,2017-01-11,12:10:00 AM,04 - Freezing Rain,05 - Packed snow,10 - No control,01 - Non intersection,07 - Dark,03 - P.D. only,07 - SMV other,Manotick
1147,BANKFIELD RD btwn HWY416 IC57 RAMP62 & KILREEN LANE,365502.8997,5008481.202,-75.72716,45.21368,2017-02-06,9:25:00 PM,03 - Snow,03 - Loose snow,10 - No control,01 - Non intersection,07 - Dark,03 - P.D. only,01 - Approaching,Manotick
1148,BANKFIELD RD btwn KILREEN LANE & PRINCE OF WALES DR,366268.3187,5008914.517,-75.71736,45.21751,2017-06-08,2:15:00 AM,01 - Clear,01 - Dry,10 - No control,01 - Non intersection,07 - Dark,03 - P.D. only,07 - SMV other,Manotick
1149,BANKFIELD RD btwn KILREEN LANE & PRINCE OF WALES DR,365944.2384,5008731.908,-75.72151,45.2159,2017-11-27,12:23:00 AM,01 - Clear,03 - Loose snow,10 - No control,01 - Non intersection,07 - Dark,03 - P.D. only,03 - Rear end,Manotick
1150,BANKFIELD RD btwn KILREEN LANE & PRINCE OF WALES DR,366200.7601,5008878.396,-75.71823,45.21719,2017-03-14,7:57:00 PM,03 - Snow,03 - Loose snow,10 - No control,01 - Non intersection,07 - Dark,02 - Non-fatal injury,01 - Approaching,Manotick