Record,Location,X,Y,Longitude,Latitude,Date,Time,Environment,Road_Surface,Traffic_Control,Collision_Location,Light,Collision_Classification,Impact_type,Neighborhood
1151,BANKFIELD RD btwn KILREEN LANE & PRINCE OF WALES DR,366254.2718,5008906.49,-75.71754,45.21744,2017-03-24,6:32:00 AM,03 - Snow,03 - Loose snow,10 - No control,01 - Non intersection,03 - Dawn,03 - P.D. only,01 - Approaching,Manotick
1152,BANKFIELD RD btwn PRINCE OF WALES DR & FIRST LINE RD,366396.0779,5008984.751,-75.71573,45.21813,2017-03-14,4:35:00 PM,03 - Snow,03 - Loose snow,10 - No control,01 - Non intersection,01 - Daylight,03 - P.D. only,01 - Approaching,Manotick
1153,BANNER RD @ GREENBANK RD,361022.0071,5021567.161,-75.78272,45.3318,2017-05-24,10:15:00 AM,01 - Clear,01 - Dry,01 - Traffic signal,03 - At intersection,01 - Daylight,03 - P.D. only,05 - Turning movement,Woodvale - Craig Henry - Manordale - Estates of Arlington Wo
1154,BANNER RD @ GREENBANK RD,361021.6726,5021565.21,-75.78273,45.33178,2017-08-16,12:10:00 PM,01 - Clear,01 - Dry,01 - Traffic signal,02 - Intersection related,01 - Daylight,02 - Non-fatal injury,01 - Approaching,Woodvale - Craig Henry - Manordale - Estates of Arlington Wo
1155,BANNER RD @ GREENBANK RD,361021.3382,5021566.492,-75.78273,45.33179,2017-11-27,12:03:00 PM,01 - Clear,01 - Dry,01 - Traffic signal,03 - At intersection,01 - Daylight,02 - Non-fatal injury,05 - Turning movement,Woodvale - Craig Henry - Manordale - Estates of Arlington Wo
1156,BANNER RD @ GREENBANK RD,361022.1505,5021565.775,-75.78272,45.33179,2017-11-26,8:55:00 PM,03 - Snow,05 - Packed snow,01 - Traffic signal,02 - Intersection related,07 - Dark,02 - Non-fatal injury,07 - SMV other,Woodvale - Craig Henry - Manordale - Estates of Arlington Wo
1157,BANNER RD @ GREENBANK RD,361021.6727,5021566.492,-75.78273,45.33179,2017-11-16,8:32:00 PM,02 - Rain,02 - Wet,01 - Traffic signal,03 - At intersection,07 - Dark,03 - P.D. only,05 - Turning movement,Woodvale - Craig Henry - Manordale - Estates of Arlington Wo
1158,BANNER RD @ GREENBANK RD,361020.6693,5021567.83,-75.78274,45.33181,2017-02-14,9:12:00 AM,01 - Clear,02 - Wet,01 - Traffic signal,03 - At intersection,01 - Daylight,03 - P.D. only,05 - Turning movement,Woodvale - Craig Henry - Manordale - Estates of Arlington Wo
1159,BANNER RD @ GREENBANK RD,361019.2035,5021570.196,-75.78276,45.33183,2017-02-02,12:00:00 AM,03 - Snow,05 - Packed snow,01 - Traffic signal,02 - Intersection related,00 - Unknown,03 - P.D. only,06 - SMV unattended vehicle,Woodvale - Craig Henry - Manordale - Estates of Arlington Wo
1160,BANNER RD @ GREENBANK RD,361021.1299,5021566.221,-75.78273,45.33179,2017-01-28,4:50:00 PM,01 - Clear,02 - Wet,01 - Traffic signal,03 - At intersection,05 - Dusk,03 - P.D. only,05 - Turning movement,Woodvale - Craig Henry - Manordale - Estates of Arlington Wo
1161,BANNER RD @ GREENBANK RD,361021.6726,5021567.202,-75.78273,45.3318,2017-01-13,2:49:00 PM,01 - Clear,01 - Dry,01 - Traffic signal,02 - Intersection related,01 - Daylight,03 - P.D. only,03 - Rear end,Woodvale - Craig Henry - Manordale - Estates of Arlington Wo
1162,BANNER RD @ GREENBANK RD,361021.6726,5021564.616,-75.78273,45.33178,2017-02-14,10:38:00 AM,01 - Clear,02 - Wet,01 - Traffic signal,02 - Intersection related,01 - Daylight,02 - Non-fatal injury,03 - Rear end,Woodvale - Craig Henry - Manordale - Estates of Arlington Wo
1163,BANNER RD @ GREENBANK RD,361022.6759,5021567.83,-75.78271,45.33181,2017-04-15,7:55:00 PM,01 - Clear,01 - Dry,01 - Traffic signal,03 - At intersection,07 - Dark,03 - P.D. only,05 - Turning movement,Woodvale - Craig Henry - Manordale - Estates of Arlington Wo
1164,BANNER RD @ GREENBANK RD,361022.1821,5021566.492,-75.78272,45.33179,2017-03-22,8:22:00 AM,01 - Clear,01 - Dry,01 - Traffic signal,02 - Intersection related,01 - Daylight,03 - P.D. only,03 - Rear end,Woodvale - Craig Henry - Manordale - Estates of Arlington Wo
1165,BANNER RD @ PARKMOUNT CRES E,360966.3467,5021560.829,-75.78343,45.33175,2017-06-09,9:15:00 AM,01 - Clear,01 - Dry,03 - Yield sign,03 - At intersection,01 - Daylight,02 - Non-fatal injury,02 - Angle,Sheahan Estates - Trend Village - Arlington Woods
1166,BANNING RD btwn BALBAIR RD & ABBEYHILL DR,353377.3534,5017677.853,-75.88063,45.29737,2017-08-22,10:24:00 PM,01 - Clear,01 - Dry,10 - No control,01 - Non intersection,07 - Dark,03 - P.D. only,06 - SMV unattended vehicle,Glen Cairn - Kanata South Business Park
1167,BANNOCK CRES btwn HALTON TER & HALTON TER,349102.0097,5023398.891,-75.93463,45.34914,2017-06-28,6:34:00 PM,01 - Clear,01 - Dry,10 - No control,01 - Non intersection,01 - Daylight,03 - P.D. only,99 - Other,Morgan's Grant
1168,BANNON WAY @ QUEENSDALE AVE,373051.6164,5023278.739,-75.62903,45.34613,2017-02-05,3:40:00 PM,01 - Clear,02 - Wet,10 - No control,02 - Intersection related,01 - Daylight,03 - P.D. only,99 - Other,Blossom Park - Blossom Park West - Sawmill Creek/ Timbermill
1169,BANTON ST @ WALKLEY RD,374248.74,5028248.199,-75.61306,45.39073,2017-05-15,4:27:00 PM,01 - Clear,01 - Dry,01 - Traffic signal,02 - Intersection related,01 - Daylight,03 - P.D. only,04 - Sideswipe,Hawthorne Meadows
1170,BANTON ST @ WALKLEY RD,374249.6598,5028248.255,-75.61305,45.39073,2017-07-27,2:29:00 PM,01 - Clear,01 - Dry,01 - Traffic signal,02 - Intersection related,01 - Daylight,03 - P.D. only,03 - Rear end,Hawthorne Meadows
1171,BANTON ST @ WALKLEY RD,374246.7809,5028248.82,-75.61308,45.39074,2017-10-26,12:56:00 PM,01 - Clear,01 - Dry,01 - Traffic signal,02 - Intersection related,01 - Daylight,02 - Non-fatal injury,03 - Rear end,Hawthorne Meadows
1172,BANTON ST @ WALKLEY RD,374249.4089,5028250.875,-75.61305,45.39075,2017-11-20,9:54:00 AM,01 - Clear,01 - Dry,01 - Traffic signal,02 - Intersection related,01 - Daylight,03 - P.D. only,03 - Rear end,Hawthorne Meadows
1173,BANTREE ST @ INNES RD,373704.051,5030407.893,-75.61971,45.41022,2017-06-02,11:21:00 AM,01 - Clear,02 - Wet,01 - Traffic signal,03 - At intersection,01 - Daylight,03 - P.D. only,02 - Angle,Industrial Park
1174,BANTREE ST @ INNES RD,373706.7265,5030407.893,-75.61968,45.41022,2017-06-21,12:03:00 PM,01 - Clear,01 - Dry,01 - Traffic signal,02 - Intersection related,01 - Daylight,03 - P.D. only,03 - Rear end,Industrial Park
1175,BANTREE ST @ INNES RD,373706.7265,5030407.893,-75.61968,45.41022,2017-05-10,3:45:00 PM,01 - Clear,01 - Dry,01 - Traffic signal,03 - At intersection,01 - Daylight,03 - P.D. only,05 - Turning movement,Industrial Park
1176,BANTREE ST @ INNES RD,373705.3888,5030407.893,-75.61969,45.41022,2017-05-26,12:30:00 PM,01 - Clear,01 - Dry,01 - Traffic signal,03 - At intersection,01 - Daylight,03 - P.D. only,05 - Turning movement,Industrial Park
1177,BANTREE ST @ INNES RD,373705.0822,5030405.914,-75.6197,45.4102,2017-07-25,1:06:00 PM,01 - Clear,01 - Dry,01 - Traffic signal,03 - At intersection,01 - Daylight,03 - P.D. only,05 - Turning movement,Industrial Park
1178,BANTREE ST @ INNES RD,373706.7265,5030407.893,-75.61968,45.41022,2017-06-28,8:11:00 AM,01 - Clear,01 - Dry,01 - Traffic signal,03 - At intersection,01 - Daylight,02 - Non-fatal injury,05 - Turning movement,Industrial Park
1179,BANTREE ST @ INNES RD,373705.7232,5030406.319,-75.61969,45.4102,2017-08-21,3:57:00 PM,01 - Clear,01 - Dry,01 - Traffic signal,03 - At intersection,01 - Daylight,03 - P.D. only,05 - Turning movement,Industrial Park
1180,BANTREE ST @ INNES RD,373706.9262,5030406.856,-75.61967,45.41021,2017-07-20,5:44:00 PM,01 - Clear,01 - Dry,01 - Traffic signal,02 - Intersection related,01 - Daylight,03 - P.D. only,03 - Rear end,Industrial Park
1181,BANTREE ST @ INNES RD,373706.679,5030406.794,-75.61968,45.41021,2017-09-27,3:00:00 PM,02 - Rain,02 - Wet,01 - Traffic signal,03 - At intersection,01 - Daylight,03 - P.D. only,02 - Angle,Industrial Park
1182,BANTREE ST @ INNES RD,373706.7265,5030407.224,-75.61968,45.41021,2017-11-01,7:47:00 AM,"07 - Fog, mist, smoke, dust",01 - Dry,01 - Traffic signal,03 - At intersection,01 - Daylight,03 - P.D. only,05 - Turning movement,Industrial Park
1183,BANTREE ST @ INNES RD,373706.0846,5030406.991,-75.61968,45.41021,2017-10-24,10:29:00 AM,01 - Clear,01 - Dry,01 - Traffic signal,03 - At intersection,01 - Daylight,03 - P.D. only,05 - Turning movement,Industrial Park
1184,BANTREE ST @ INNES RD,373705.7232,5030407.265,-75.61969,45.41021,2017-12-14,6:26:00 AM,01 - Clear,01 - Dry,01 - Traffic signal,03 - At intersection,07 - Dark,03 - P.D. only,05 - Turning movement,Industrial Park
1185,BANTREE ST @ INNES RD,373706.1966,5030406.319,-75.61968,45.4102,2017-12-11,6:39:00 AM,01 - Clear,01 - Dry,01 - Traffic signal,03 - At intersection,07 - Dark,03 - P.D. only,05 - Turning movement,Industrial Park
1186,BANTREE ST @ INNES RD,373705.7232,5030405.199,-75.61969,45.41019,2017-01-17,10:34:00 AM,01 - Clear,01 - Dry,01 - Traffic signal,03 - At intersection,01 - Daylight,03 - P.D. only,05 - Turning movement,Industrial Park
1187,BANTREE ST @ INNES RD,373706.4737,5030405.43,-75.61968,45.41019,2017-01-18,4:34:00 PM,02 - Rain,06 - Ice,01 - Traffic signal,02 - Intersection related,01 - Daylight,03 - P.D. only,03 - Rear end,Industrial Park
1188,BANTREE ST @ INNES RD,373705.7232,5030404.916,-75.61969,45.41019,2017-01-31,8:08:00 AM,01 - Clear,01 - Dry,01 - Traffic signal,02 - Intersection related,01 - Daylight,03 - P.D. only,03 - Rear end,Industrial Park
1189,BANTREE ST @ INNES RD,373706.7265,5030407.893,-75.61968,45.41022,2017-03-09,2:33:00 PM,01 - Clear,01 - Dry,01 - Traffic signal,03 - At intersection,01 - Daylight,03 - P.D. only,05 - Turning movement,Industrial Park
1190,BANTREE ST @ INNES RD,373704.051,5030407.893,-75.61971,45.41022,2017-04-19,6:52:00 AM,01 - Clear,02 - Wet,01 - Traffic signal,03 - At intersection,01 - Daylight,03 - P.D. only,05 - Turning movement,Industrial Park
1191,BANTREE ST @ SHEFFIELD RD,374646.7409,5030043.682,-75.60772,45.40684,2017-01-10,9:31:00 PM,03 - Snow,03 - Loose snow,03 - Yield sign,02 - Intersection related,07 - Dark,03 - P.D. only,07 - SMV other,Industrial Park
1192,BANTREE ST btwn EDINBURGH PL & BLACKWELL ST,374185.5004,5029847.976,-75.61364,45.40513,2017-07-28,2:50:00 AM,01 - Clear,01 - Dry,10 - No control,01 - Non intersection,07 - Dark,03 - P.D. only,07 - SMV other,Industrial Park
1193,BANTREE ST btwn EDINBURGH PL & BLACKWELL ST,374431.6333,5029954.398,-75.61048,45.40606,2017-09-12,12:00:00 AM,01 - Clear,01 - Dry,10 - No control,01 - Non intersection,00 - Unknown,03 - P.D. only,06 - SMV unattended vehicle,Industrial Park
1194,BANTREE ST btwn EDINBURGH PL & BLACKWELL ST,374312.6007,5029902.69,-75.61201,45.40561,2017-03-04,6:46:00 AM,01 - Clear,01 - Dry,10 - No control,01 - Non intersection,01 - Daylight,03 - P.D. only,03 - Rear end,Industrial Park
1195,BARLYN AVE @ HILLIARD AVE,365920.3696,5025274.189,-75.71978,45.36475,2017-06-14,10:16:00 AM,01 - Clear,01 - Dry,03 - Yield sign,02 - Intersection related,01 - Daylight,03 - P.D. only,02 - Angle,Cityview - Skyline - Fisher Heights
1196,BARNSDALE RD @ EAGLESON RD,358338.1748,5006630.443,-75.81857,45.19761,2017-01-30,8:13:00 AM,01 - Clear,06 - Ice,02 - Stop sign,02 - Intersection related,01 - Daylight,03 - P.D. only,03 - Rear end,Munster Hamlet - Richmond
1197,BARNSDALE RD @ PRINCE OF WALES DR,366646.6962,5011532.142,-75.71222,45.24103,2017-10-08,4:40:00 PM,01 - Clear,01 - Dry,02 - Stop sign,03 - At intersection,01 - Daylight,02 - Non-fatal injury,02 - Angle,New Barrhaven
1198,BARNSDALE RD @ PRINCE OF WALES DR,366646.1498,5011530.774,-75.71223,45.24102,2017-10-14,10:01:00 AM,02 - Rain,02 - Wet,02 - Stop sign,03 - At intersection,01 - Daylight,02 - Non-fatal injury,02 - Angle,New Barrhaven
1199,BARNSDALE RD @ PRINCE OF WALES DR,366647.8668,5011531.744,-75.71221,45.24103,2017-01-18,10:35:00 PM,01 - Clear,01 - Dry,02 - Stop sign,03 - At intersection,07 - Dark,02 - Non-fatal injury,05 - Turning movement,New Barrhaven
1200,BARNSDALE RD @ PRINCE OF WALES DR,366645.1953,5011533.539,-75.71224,45.24105,2017-02-03,1:31:00 PM,01 - Clear,01 - Dry,02 - Stop sign,03 - At intersection,01 - Daylight,02 - Non-fatal injury,02 - Angle,New Barrhaven
1201,BARNSDALE RD @ RIDEAU VALLEY DR,367139.3639,5011810.062,-75.70591,45.24349,2017-12-14,6:35:00 PM,01 - Clear,06 - Ice,02 - Stop sign,03 - At intersection,07 - Dark,02 - Non-fatal injury,02 - Angle,New Barrhaven
1202,BARNSDALE RD @ TWIN ELM RD N,360185.1706,5007832.468,-75.79493,45.20828,2017-09-03,11:36:00 AM,02 - Rain,02 - Wet,02 - Stop sign,03 - At intersection,01 - Daylight,03 - P.D. only,07 - SMV other,Munster Hamlet - Richmond
1203,BARNSDALE RD btwn GREENBANK RD & PRINCE OF WALES DR,365842.228,5011062.981,-75.72252,45.23688,2017-05-03,2:27:00 AM,01 - Clear,01 - Dry,10 - No control,01 - Non intersection,07 - Dark,03 - P.D. only,07 - SMV other,New Barrhaven
1204,BARNSDALE RD btwn MOODIE DR & TRAIL RD,362383.1755,5009075.172,-75.76681,45.21929,2017-10-02,11:15:00 PM,01 - Clear,01 - Dry,10 - No control,01 - Non intersection,07 - Dark,03 - P.D. only,03 - Rear end,New Barrhaven
1205,BARNSDALE RD btwn MOODIE DR & TRAIL RD,363288.7581,5009614.879,-75.75521,45.22407,2017-01-30,7:08:00 PM,01 - Clear,01 - Dry,10 - No control,01 - Non intersection,07 - Dark,03 - P.D. only,07 - SMV other,New Barrhaven
1206,BARNSDALE RD E @ CEDARVIEW RD E,364037.7925,5010037.429,-75.74563,45.22781,2017-12-14,9:30:00 AM,01 - Clear,02 - Wet,02 - Stop sign,02 - Intersection related,01 - Daylight,03 - P.D. only,02 - Angle,New Barrhaven
1207,BARNSDALE RD N @ MOODIE DR,361934.4455,5008863.482,-75.77255,45.21742,2017-01-03,1:36:00 PM,04 - Freezing Rain,06 - Ice,02 - Stop sign,02 - Intersection related,01 - Daylight,03 - P.D. only,07 - SMV other,Munster Hamlet - Richmond
1208,BARNSDALE RD S @ MOODIE DR,361949.5504,5008824.281,-75.77236,45.21706,2017-12-14,5:10:00 PM,03 - Snow,06 - Ice,02 - Stop sign,02 - Intersection related,07 - Dark,03 - P.D. only,07 - SMV other,Munster Hamlet - Richmond
1209,BARNSDALE RD S @ TWIN ELM RD S,360231.5567,5007720.413,-75.79435,45.20727,2017-11-28,12:00:00 AM,01 - Clear,01 - Dry,02 - Stop sign,02 - Intersection related,00 - Unknown,03 - P.D. only,07 - SMV other,Munster Hamlet - Richmond
1210,BARRETTE ST @ ST. CHARLES ST,369469.7112,5033731.944,-75.67336,45.44053,2017-05-03,7:02:00 PM,01 - Clear,01 - Dry,02 - Stop sign,03 - At intersection,01 - Daylight,03 - P.D. only,02 - Angle,Vanier North
1211,BARRETTE ST @ ST. CHARLES ST,369470.3801,5033731.944,-75.67336,45.44053,2017-03-09,1:49:00 PM,01 - Clear,01 - Dry,02 - Stop sign,03 - At intersection,01 - Daylight,02 - Non-fatal injury,02 - Angle,Vanier North
1212,BARRETTE ST btwn ST. CHARLES ST & MARIER AVE,369629.0271,5033882.674,-75.67131,45.44187,2017-01-12,1:00:00 PM,01 - Clear,03 - Loose snow,10 - No control,01 - Non intersection,01 - Daylight,03 - P.D. only,06 - SMV unattended vehicle,Vanier North
1213,BARRICK HILL RD btwn AKERSON RD & MOORPARK AVE,354187.195,5016098.736,-75.87046,45.28311,2017-12-09,12:00:00 AM,03 - Snow,03 - Loose snow,10 - No control,01 - Non intersection,00 - Unknown,03 - P.D. only,06 - SMV unattended vehicle,Glen Cairn - Kanata South Business Park
1214,BARRICK HILL RD btwn MOORPARK AVE & OAKGLADE AVE,354326.936,5016049.009,-75.86868,45.28265,2017-01-14,12:00:00 AM,01 - Clear,05 - Packed snow,10 - No control,01 - Non intersection,00 - Unknown,03 - P.D. only,06 - SMV unattended vehicle,Glen Cairn - Kanata South Business Park
1215,BARTON ST btwn AYLMER AVE & WOODBINE PL,368514.0761,5028621.355,-75.68624,45.39463,2017-11-07,12:00:00 AM,01 - Clear,01 - Dry,10 - No control,01 - Non intersection,00 - Unknown,03 - P.D. only,06 - SMV unattended vehicle,Old Ottawa South
1216,BASELINE RD @ 207 E OF CLYDE AVE,364535.8152,5025001.644,-75.73748,45.36241,2017-07-04,5:29:00 PM,01 - Clear,01 - Dry,01 - Traffic signal,02 - Intersection related,01 - Daylight,03 - P.D. only,03 - Rear end,Civic Hospital - Experimental Farm - Central Park
1217,BASELINE RD @ 207 E OF CLYDE AVE,364535.6995,5025000.433,-75.73748,45.3624,2017-09-30,11:10:00 AM,01 - Clear,01 - Dry,01 - Traffic signal,03 - At intersection,01 - Daylight,03 - P.D. only,05 - Turning movement,Civic Hospital - Experimental Farm - Central Park
1218,BASELINE RD @ 207 E OF CLYDE AVE,364535.8152,5025000.976,-75.73748,45.36241,2017-11-28,5:13:00 PM,01 - Clear,01 - Dry,01 - Traffic signal,02 - Intersection related,05 - Dusk,03 - P.D. only,03 - Rear end,Civic Hospital - Experimental Farm - Central Park
1219,BASELINE RD @ 207 E OF CLYDE AVE,364534.4774,5025001.644,-75.7375,45.36241,2017-11-30,5:58:00 PM,03 - Snow,02 - Wet,01 - Traffic signal,02 - Intersection related,07 - Dark,03 - P.D. only,03 - Rear end,Civic Hospital - Experimental Farm - Central Park
1220,BASELINE RD @ 207 E OF CLYDE AVE,364535.4073,5025001.051,-75.73749,45.36241,2017-12-23,12:20:00 PM,03 - Snow,03 - Loose snow,01 - Traffic signal,03 - At intersection,01 - Daylight,03 - P.D. only,05 - Turning movement,Civic Hospital - Experimental Farm - Central Park
1221,BASELINE RD @ BASSANO ST,363766.6937,5024518.865,-75.74736,45.35813,2017-11-28,9:20:00 AM,02 - Rain,06 - Ice,02 - Stop sign,02 - Intersection related,01 - Daylight,03 - P.D. only,03 - Rear end,Braemar Park - Bel Air Heights - Copeland Park
1222,BASELINE RD @ CEDARVIEW RD,358967.9994,5021674.49,-75.80891,45.33293,2017-05-19,1:00:00 PM,01 - Clear,01 - Dry,01 - Traffic signal,03 - At intersection,01 - Daylight,03 - P.D. only,04 - Sideswipe,Briar Green - Leslie Park
1223,BASELINE RD @ CEDARVIEW RD,358967.6649,5021672.895,-75.80892,45.33291,2017-07-28,11:51:00 AM,01 - Clear,01 - Dry,01 - Traffic signal,02 - Intersection related,01 - Daylight,03 - P.D. only,05 - Turning movement,Briar Green - Leslie Park
1224,BASELINE RD @ CEDARVIEW RD,358966.1364,5021674.49,-75.80894,45.33293,2017-03-20,9:38:00 PM,01 - Clear,01 - Dry,01 - Traffic signal,03 - At intersection,07 - Dark,03 - P.D. only,04 - Sideswipe,Briar Green - Leslie Park
1225,BASELINE RD @ CENTREPOINTE DR E/HIGHGATE RD,362060.6833,5023465.505,-75.76925,45.3488,2017-06-20,7:44:00 PM,01 - Clear,01 - Dry,01 - Traffic signal,02 - Intersection related,01 - Daylight,03 - P.D. only,03 - Rear end,Iris
1226,BASELINE RD @ CENTREPOINTE DR E/HIGHGATE RD,362061.1402,5023466.052,-75.76925,45.3488,2017-09-20,9:38:00 AM,01 - Clear,01 - Dry,01 - Traffic signal,02 - Intersection related,01 - Daylight,03 - P.D. only,05 - Turning movement,Iris
1227,BASELINE RD @ CENTREPOINTE DR E/HIGHGATE RD,362061.3522,5023466.843,-75.76924,45.34881,2017-11-26,6:15:00 PM,03 - Snow,03 - Loose snow,01 - Traffic signal,02 - Intersection related,07 - Dark,03 - P.D. only,03 - Rear end,Iris
1228,BASELINE RD @ CENTREPOINTE DR E/HIGHGATE RD,362061.7411,5023466.246,-75.76924,45.3488,2017-12-14,9:59:00 AM,01 - Clear,03 - Loose snow,01 - Traffic signal,03 - At intersection,01 - Daylight,03 - P.D. only,03 - Rear end,Iris
1229,BASELINE RD @ CENTREPOINTE DR E/HIGHGATE RD,362061.1402,5023464.959,-75.76925,45.34879,2017-01-24,10:21:00 PM,03 - Snow,03 - Loose snow,01 - Traffic signal,03 - At intersection,07 - Dark,03 - P.D. only,02 - Angle,Iris
1230,BASELINE RD @ CENTREPOINTE DR E/HIGHGATE RD,362062.0211,5023467.512,-75.76924,45.34882,2017-03-08,9:04:00 AM,01 - Clear,02 - Wet,01 - Traffic signal,02 - Intersection related,01 - Daylight,03 - P.D. only,03 - Rear end,Iris
1231,BASELINE RD @ CENTREPOINTE DR E/HIGHGATE RD,362062.0211,5023465.505,-75.76924,45.3488,2017-03-08,5:27:00 PM,01 - Clear,01 - Dry,01 - Traffic signal,03 - At intersection,05 - Dusk,02 - Non-fatal injury,05 - Turning movement,Iris
1232,BASELINE RD @ CENTREPOINTE DR E/HIGHGATE RD,362062.0211,5023465.505,-75.76924,45.3488,2017-03-14,4:20:00 PM,03 - Snow,05 - Packed snow,01 - Traffic signal,02 - Intersection related,01 - Daylight,03 - P.D. only,03 - Rear end,Iris
1233,BASELINE RD @ CENTREPOINTE DR E/HIGHGATE RD,362062.0211,5023464.836,-75.76924,45.34879,2017-04-10,2:30:00 PM,01 - Clear,02 - Wet,01 - Traffic signal,02 - Intersection related,01 - Daylight,03 - P.D. only,03 - Rear end,Iris
1234,BASELINE RD @ CENTREPOINTE DR E/HIGHGATE RD,362061.5226,5023466.775,-75.76924,45.34881,2017-04-18,8:49:00 AM,01 - Clear,01 - Dry,01 - Traffic signal,02 - Intersection related,01 - Daylight,03 - P.D. only,03 - Rear end,Iris
1235,BASELINE RD @ CENTREPOINTE DR W/COBDEN RD,361633.3696,5023208.284,-75.77474,45.34652,2017-10-04,12:04:00 PM,01 - Clear,01 - Dry,01 - Traffic signal,02 - Intersection related,01 - Daylight,03 - P.D. only,03 - Rear end,Iris
1236,BASELINE RD @ CENTREPOINTE DR W/COBDEN RD,361634.0897,5023207.164,-75.77473,45.34651,2017-11-02,10:24:00 PM,02 - Rain,02 - Wet,01 - Traffic signal,02 - Intersection related,07 - Dark,03 - P.D. only,03 - Rear end,Iris
1237,BASELINE RD @ CENTREPOINTE DR W/COBDEN RD,361633.6814,5023208.745,-75.77473,45.34652,2017-02-16,9:38:00 AM,01 - Clear,06 - Ice,01 - Traffic signal,02 - Intersection related,01 - Daylight,03 - P.D. only,03 - Rear end,Iris
1238,BASELINE RD @ CENTREPOINTE DR W/COBDEN RD,361634.4172,5023208.748,-75.77472,45.34652,2017-02-07,6:05:00 PM,03 - Snow,03 - Loose snow,01 - Traffic signal,02 - Intersection related,07 - Dark,02 - Non-fatal injury,03 - Rear end,Iris
1239,BASELINE RD @ CENTREPOINTE DR W/COBDEN RD,361635.1015,5023207.747,-75.77471,45.34651,2017-04-18,8:04:00 AM,01 - Clear,01 - Dry,01 - Traffic signal,02 - Intersection related,01 - Daylight,02 - Non-fatal injury,03 - Rear end,Iris
1240,BASELINE RD @ CENTREPOINTE DR W/COBDEN RD,361632.7795,5023206.383,-75.77474,45.3465,2017-12-29,7:09:00 PM,01 - Clear,06 - Ice,01 - Traffic signal,02 - Intersection related,07 - Dark,03 - P.D. only,03 - Rear end,Iris
1241,BASELINE RD @ CENTREPOINTE DR W/COBDEN RD,361633.7576,5023207.754,-75.77473,45.34651,2017-12-21,2:16:00 PM,01 - Clear,01 - Dry,01 - Traffic signal,03 - At intersection,01 - Daylight,02 - Non-fatal injury,02 - Angle,Iris
1242,BASELINE RD @ CLYDE AVE,364358.3689,5024890.513,-75.73976,45.36143,2017-05-30,12:01:00 PM,01 - Clear,01 - Dry,01 - Traffic signal,02 - Intersection related,01 - Daylight,03 - P.D. only,05 - Turning movement,Civic Hospital - Experimental Farm - Central Park
1243,BASELINE RD @ CLYDE AVE,364359.7066,5024891.182,-75.73974,45.36143,2017-05-22,2:46:00 PM,02 - Rain,02 - Wet,01 - Traffic signal,02 - Intersection related,01 - Daylight,03 - P.D. only,03 - Rear end,Civic Hospital - Experimental Farm - Central Park
1244,BASELINE RD @ CLYDE AVE,364359.0378,5024888.506,-75.73975,45.36141,2017-05-30,11:52:00 PM,01 - Clear,01 - Dry,01 - Traffic signal,02 - Intersection related,07 - Dark,03 - P.D. only,07 - SMV other,Braemar Park - Bel Air Heights - Copeland Park
1245,BASELINE RD @ CLYDE AVE,364359.7066,5024891.851,-75.73974,45.36144,2017-05-05,9:22:00 AM,02 - Rain,02 - Wet,01 - Traffic signal,02 - Intersection related,01 - Daylight,03 - P.D. only,02 - Angle,Civic Hospital - Experimental Farm - Central Park
1246,BASELINE RD @ CLYDE AVE,364358.4883,5024890.569,-75.73976,45.36143,2017-08-24,2:02:00 PM,01 - Clear,01 - Dry,01 - Traffic signal,02 - Intersection related,01 - Daylight,03 - P.D. only,03 - Rear end,Civic Hospital - Experimental Farm - Central Park
1247,BASELINE RD @ CLYDE AVE,364359.1072,5024890.654,-75.73975,45.36143,2017-07-20,12:40:00 PM,01 - Clear,01 - Dry,01 - Traffic signal,02 - Intersection related,01 - Daylight,03 - P.D. only,03 - Rear end,Civic Hospital - Experimental Farm - Central Park
1248,BASELINE RD @ CLYDE AVE,364358.0623,5024888.59,-75.73977,45.36141,2017-08-14,8:00:00 PM,01 - Clear,01 - Dry,01 - Traffic signal,02 - Intersection related,05 - Dusk,03 - P.D. only,02 - Angle,Braemar Park - Bel Air Heights - Copeland Park
1249,BASELINE RD @ CLYDE AVE,364359.0209,5024890.792,-75.73975,45.36143,2017-07-11,3:20:00 PM,02 - Rain,02 - Wet,01 - Traffic signal,02 - Intersection related,01 - Daylight,03 - P.D. only,04 - Sideswipe,Civic Hospital - Experimental Farm - Central Park
1250,BASELINE RD @ CLYDE AVE,364359.0378,5024890.513,-75.73975,45.36143,2017-09-24,2:04:00 PM,01 - Clear,01 - Dry,01 - Traffic signal,02 - Intersection related,01 - Daylight,03 - P.D. only,03 - Rear end,Civic Hospital - Experimental Farm - Central Park