Record,Location,X,Y,Longitude,Latitude,Date,Time,Environment,Road_Surface,Traffic_Control,Collision_Location,Light,Collision_Classification,Impact_type,Neighborhood
1251,BASELINE RD @ CLYDE AVE,364358.7034,5024890.513,-75.73976,45.36143,2017-09-18,8:55:00 AM,01 - Clear,01 - Dry,01 - Traffic signal,02 - Intersection related,01 - Daylight,03 - P.D. only,03 - Rear end,Civic Hospital - Experimental Farm - Central Park
1252,BASELINE RD @ CLYDE AVE,364357.2832,5024889.803,-75.73978,45.36142,2017-09-21,1:45:00 PM,01 - Clear,01 - Dry,01 - Traffic signal,02 - Intersection related,01 - Daylight,03 - P.D. only,04 - Sideswipe,Braemar Park - Bel Air Heights - Copeland Park
1253,BASELINE RD @ CLYDE AVE,364359.7273,5024890.01,-75.73974,45.36142,2017-09-14,2:22:00 PM,01 - Clear,01 - Dry,01 - Traffic signal,03 - At intersection,01 - Daylight,02 - Non-fatal injury,02 - Angle,Braemar Park - Bel Air Heights - Copeland Park
1254,BASELINE RD @ CLYDE AVE,364358.3689,5024891.182,-75.73976,45.36143,2017-12-10,1:28:00 AM,03 - Snow,04 - Slush,01 - Traffic signal,02 - Intersection related,07 - Dark,03 - P.D. only,04 - Sideswipe,Civic Hospital - Experimental Farm - Central Park
1255,BASELINE RD @ CLYDE AVE,364359.0378,5024891.182,-75.73975,45.36143,2017-11-08,11:06:00 PM,01 - Clear,01 - Dry,01 - Traffic signal,03 - At intersection,07 - Dark,03 - P.D. only,05 - Turning movement,Civic Hospital - Experimental Farm - Central Park
1256,BASELINE RD @ CLYDE AVE,364357.7,5024890.513,-75.73977,45.36143,2017-12-11,3:06:00 PM,01 - Clear,01 - Dry,01 - Traffic signal,02 - Intersection related,01 - Daylight,03 - P.D. only,03 - Rear end,Civic Hospital - Experimental Farm - Central Park
1257,BASELINE RD @ CLYDE AVE,364357.7,5024889.844,-75.73977,45.36142,2017-12-11,5:19:00 PM,01 - Clear,01 - Dry,01 - Traffic signal,02 - Intersection related,07 - Dark,03 - P.D. only,03 - Rear end,Braemar Park - Bel Air Heights - Copeland Park
1258,BASELINE RD @ CLYDE AVE,364357.7,5024889.844,-75.73977,45.36142,2017-11-17,1:00:00 PM,01 - Clear,01 - Dry,01 - Traffic signal,03 - At intersection,01 - Daylight,03 - P.D. only,02 - Angle,Braemar Park - Bel Air Heights - Copeland Park
1259,BASELINE RD @ CLYDE AVE,364358.5462,5024890.625,-75.73976,45.36143,2017-12-06,4:29:00 PM,01 - Clear,01 - Dry,01 - Traffic signal,02 - Intersection related,05 - Dusk,03 - P.D. only,03 - Rear end,Civic Hospital - Experimental Farm - Central Park
1260,BASELINE RD @ CLYDE AVE,364357.7,5024890.513,-75.73977,45.36143,2017-02-16,7:00:00 AM,03 - Snow,05 - Packed snow,01 - Traffic signal,02 - Intersection related,03 - Dawn,03 - P.D. only,04 - Sideswipe,Civic Hospital - Experimental Farm - Central Park
1261,BASELINE RD @ CLYDE AVE,364358.7033,5024889.387,-75.73976,45.36142,2017-02-10,8:51:00 AM,01 - Clear,06 - Ice,01 - Traffic signal,02 - Intersection related,01 - Daylight,03 - P.D. only,03 - Rear end,Braemar Park - Bel Air Heights - Copeland Park
1262,BASELINE RD @ CLYDE AVE,364356.2342,5024890.513,-75.73979,45.36143,2017-02-16,4:49:00 PM,01 - Clear,05 - Packed snow,01 - Traffic signal,02 - Intersection related,01 - Daylight,02 - Non-fatal injury,03 - Rear end,Braemar Park - Bel Air Heights - Copeland Park
1263,BASELINE RD @ CLYDE AVE,364359.4538,5024889.387,-75.73975,45.36142,2017-02-13,8:44:00 PM,01 - Clear,02 - Wet,01 - Traffic signal,02 - Intersection related,07 - Dark,02 - Non-fatal injury,03 - Rear end,Braemar Park - Bel Air Heights - Copeland Park
1264,BASELINE RD @ CLYDE AVE,364359.9379,5024888.044,-75.73974,45.36141,2017-02-16,8:30:00 AM,03 - Snow,06 - Ice,01 - Traffic signal,02 - Intersection related,01 - Daylight,03 - P.D. only,03 - Rear end,Braemar Park - Bel Air Heights - Copeland Park
1265,BASELINE RD @ CLYDE AVE,364358.7033,5024890.888,-75.73976,45.36143,2017-02-16,8:45:00 AM,01 - Clear,04 - Slush,01 - Traffic signal,02 - Intersection related,01 - Daylight,03 - P.D. only,03 - Rear end,Civic Hospital - Experimental Farm - Central Park
1266,BASELINE RD @ CLYDE AVE,364359.325,5024890.186,-75.73975,45.36143,2017-02-11,2:30:00 PM,01 - Clear,05 - Packed snow,01 - Traffic signal,02 - Intersection related,01 - Daylight,03 - P.D. only,03 - Rear end,Civic Hospital - Experimental Farm - Central Park
1267,BASELINE RD @ CLYDE AVE,364358.7033,5024891.639,-75.73976,45.36144,2017-02-24,12:07:00 PM,01 - Clear,01 - Dry,01 - Traffic signal,02 - Intersection related,01 - Daylight,03 - P.D. only,03 - Rear end,Civic Hospital - Experimental Farm - Central Park
1268,BASELINE RD @ CLYDE AVE,364359.1767,5024890.276,-75.73975,45.36143,2017-12-23,10:24:00 PM,03 - Snow,05 - Packed snow,01 - Traffic signal,03 - At intersection,07 - Dark,02 - Non-fatal injury,05 - Turning movement,Civic Hospital - Experimental Farm - Central Park
1269,BASELINE RD @ CLYDE AVE,364357.7475,5024890.274,-75.73977,45.36143,2017-12-27,1:20:00 PM,01 - Clear,01 - Dry,01 - Traffic signal,03 - At intersection,01 - Daylight,02 - Non-fatal injury,02 - Angle,Civic Hospital - Experimental Farm - Central Park
1270,BASELINE RD @ COLLEGE SQUARE SC,362759.8304,5023897.581,-75.76028,45.35263,2017-08-19,2:31:00 PM,01 - Clear,01 - Dry,01 - Traffic signal,02 - Intersection related,01 - Daylight,03 - P.D. only,02 - Angle,Braemar Park - Bel Air Heights - Copeland Park
1271,BASELINE RD @ COLLEGE SQUARE SC,362759.3858,5023898.351,-75.76029,45.35264,2017-12-28,10:30:00 AM,01 - Clear,02 - Wet,01 - Traffic signal,02 - Intersection related,01 - Daylight,03 - P.D. only,03 - Rear end,Braemar Park - Bel Air Heights - Copeland Park
1272,BASELINE RD @ CORDOVA ST,363592.016,5024409.526,-75.7496,45.35717,2017-06-01,11:21:00 AM,01 - Clear,01 - Dry,01 - Traffic signal,02 - Intersection related,01 - Daylight,03 - P.D. only,03 - Rear end,Braemar Park - Bel Air Heights - Copeland Park
1273,BASELINE RD @ CORDOVA ST,363592.6849,5024408.189,-75.74959,45.35715,2017-05-25,4:28:00 PM,02 - Rain,02 - Wet,01 - Traffic signal,02 - Intersection related,01 - Daylight,03 - P.D. only,03 - Rear end,Braemar Park - Bel Air Heights - Copeland Park
1274,BASELINE RD @ CORDOVA ST,363594.5901,5024410.654,-75.74957,45.35718,2017-05-30,10:21:00 AM,01 - Clear,01 - Dry,01 - Traffic signal,02 - Intersection related,01 - Daylight,03 - P.D. only,03 - Rear end,Braemar Park - Bel Air Heights - Copeland Park
1275,BASELINE RD @ CORDOVA ST,363593.3538,5024408.858,-75.74958,45.35716,2017-07-15,4:19:00 PM,01 - Clear,01 - Dry,01 - Traffic signal,02 - Intersection related,01 - Daylight,03 - P.D. only,03 - Rear end,Braemar Park - Bel Air Heights - Copeland Park
1276,BASELINE RD @ CORDOVA ST,363593.4662,5024409.748,-75.74958,45.35717,2017-09-02,11:45:00 AM,01 - Clear,01 - Dry,01 - Traffic signal,02 - Intersection related,01 - Daylight,03 - P.D. only,03 - Rear end,Braemar Park - Bel Air Heights - Copeland Park
1277,BASELINE RD @ CORDOVA ST,363593.8248,5024409.395,-75.74958,45.35716,2017-08-24,3:30:00 PM,01 - Clear,01 - Dry,01 - Traffic signal,03 - At intersection,01 - Daylight,03 - P.D. only,03 - Rear end,Braemar Park - Bel Air Heights - Copeland Park
1278,BASELINE RD @ CORDOVA ST,363594.5821,5024408.409,-75.74957,45.35716,2017-09-13,3:35:00 PM,01 - Clear,01 - Dry,01 - Traffic signal,02 - Intersection related,01 - Daylight,03 - P.D. only,03 - Rear end,Crestview - Meadowlands
1279,BASELINE RD @ CORDOVA ST,363595.1083,5024409.763,-75.74956,45.35717,2017-12-12,1:17:00 PM,03 - Snow,03 - Loose snow,01 - Traffic signal,02 - Intersection related,01 - Daylight,03 - P.D. only,03 - Rear end,Braemar Park - Bel Air Heights - Copeland Park
1280,BASELINE RD @ CORDOVA ST,363594.5901,5024409.301,-75.74957,45.35716,2017-12-08,1:58:00 PM,01 - Clear,01 - Dry,01 - Traffic signal,02 - Intersection related,01 - Daylight,03 - P.D. only,03 - Rear end,Crestview - Meadowlands
1281,BASELINE RD @ CORDOVA ST,363594.1661,5024409.287,-75.74957,45.35716,2017-12-07,4:21:00 PM,01 - Clear,01 - Dry,01 - Traffic signal,02 - Intersection related,05 - Dusk,02 - Non-fatal injury,03 - Rear end,Crestview - Meadowlands
1282,BASELINE RD @ CORDOVA ST,363594.0227,5024407.52,-75.74957,45.35715,2017-11-19,3:15:00 PM,03 - Snow,04 - Slush,01 - Traffic signal,02 - Intersection related,01 - Daylight,03 - P.D. only,03 - Rear end,Crestview - Meadowlands
1283,BASELINE RD @ CORDOVA ST,363592.9377,5024409.902,-75.74959,45.35717,2017-03-02,1:58:00 PM,01 - Clear,01 - Dry,01 - Traffic signal,02 - Intersection related,01 - Daylight,03 - P.D. only,03 - Rear end,Braemar Park - Bel Air Heights - Copeland Park
1284,BASELINE RD @ FARLANE BLVD,365357.6954,5025518.202,-75.72693,45.36699,2017-05-10,11:30:00 PM,01 - Clear,01 - Dry,01 - Traffic signal,02 - Intersection related,07 - Dark,02 - Non-fatal injury,02 - Angle,Civic Hospital - Experimental Farm - Central Park
1285,BASELINE RD @ FARLANE BLVD,365356.8875,5025517.293,-75.72694,45.36698,2017-09-01,7:46:00 AM,01 - Clear,01 - Dry,01 - Traffic signal,02 - Intersection related,01 - Daylight,03 - P.D. only,03 - Rear end,Cityview - Skyline - Fisher Heights
1286,BASELINE RD @ FARLANE BLVD,365356.6921,5025519.41,-75.72694,45.367,2017-01-11,3:32:00 PM,01 - Clear,02 - Wet,01 - Traffic signal,03 - At intersection,01 - Daylight,03 - P.D. only,05 - Turning movement,Civic Hospital - Experimental Farm - Central Park
1287,BASELINE RD @ FERGUSON ST,363440.8305,5024315.179,-75.75154,45.35633,2017-10-04,2:24:00 PM,01 - Clear,01 - Dry,01 - Traffic signal,03 - At intersection,01 - Daylight,02 - Non-fatal injury,07 - SMV other,Crestview - Meadowlands
1288,BASELINE RD @ FERGUSON ST,363441.4406,5024315.883,-75.75153,45.35634,2017-03-31,7:10:00 AM,01 - Clear,01 - Dry,01 - Traffic signal,02 - Intersection related,01 - Daylight,03 - P.D. only,03 - Rear end,Braemar Park - Bel Air Heights - Copeland Park
1289,BASELINE RD @ FISHER AVE,366167.2291,5026028.8,-75.71653,45.37151,2017-07-21,9:19:00 AM,01 - Clear,01 - Dry,01 - Traffic signal,02 - Intersection related,01 - Daylight,02 - Non-fatal injury,04 - Sideswipe,Civic Hospital - Experimental Farm - Central Park
1290,BASELINE RD @ FISHER AVE,366167.1405,5026027.415,-75.71653,45.3715,2017-09-11,4:16:00 PM,01 - Clear,01 - Dry,01 - Traffic signal,02 - Intersection related,01 - Daylight,03 - P.D. only,03 - Rear end,Civic Hospital - Experimental Farm - Central Park
1291,BASELINE RD @ FISHER AVE,366167.1405,5026027.415,-75.71653,45.3715,2017-09-07,7:30:00 AM,01 - Clear,01 - Dry,01 - Traffic signal,02 - Intersection related,01 - Daylight,02 - Non-fatal injury,03 - Rear end,Civic Hospital - Experimental Farm - Central Park
1292,BASELINE RD @ FISHER AVE,366166.6936,5026029.079,-75.71654,45.37152,2017-10-06,9:29:00 AM,01 - Clear,01 - Dry,01 - Traffic signal,02 - Intersection related,01 - Daylight,02 - Non-fatal injury,03 - Rear end,Civic Hospital - Experimental Farm - Central Park
1293,BASELINE RD @ FISHER AVE,366166.6936,5026026.893,-75.71654,45.3715,2017-10-03,1:32:00 PM,01 - Clear,01 - Dry,01 - Traffic signal,02 - Intersection related,01 - Daylight,03 - P.D. only,03 - Rear end,Civic Hospital - Experimental Farm - Central Park
1294,BASELINE RD @ FISHER AVE,366166.6936,5026028.769,-75.71654,45.37151,2017-12-11,5:30:00 PM,01 - Clear,01 - Dry,01 - Traffic signal,02 - Intersection related,07 - Dark,03 - P.D. only,03 - Rear end,Civic Hospital - Experimental Farm - Central Park
1295,BASELINE RD @ FISHER AVE,366167.0281,5026027.864,-75.71654,45.37151,2017-12-06,4:43:00 PM,01 - Clear,01 - Dry,01 - Traffic signal,02 - Intersection related,05 - Dusk,03 - P.D. only,03 - Rear end,Civic Hospital - Experimental Farm - Central Park
1296,BASELINE RD @ FISHER AVE,366164.1185,5026030.249,-75.71657,45.37153,2017-01-05,10:47:00 AM,01 - Clear,05 - Packed snow,01 - Traffic signal,02 - Intersection related,01 - Daylight,02 - Non-fatal injury,03 - Rear end,Civic Hospital - Experimental Farm - Central Park
1297,BASELINE RD @ FISHER AVE,366166.3592,5026028.533,-75.71654,45.37151,2017-02-15,10:48:00 AM,03 - Snow,03 - Loose snow,01 - Traffic signal,02 - Intersection related,01 - Daylight,02 - Non-fatal injury,07 - SMV other,Civic Hospital - Experimental Farm - Central Park
1298,BASELINE RD @ FISHER AVE,366167.552,5026029.391,-75.71653,45.37152,2017-01-12,5:55:00 PM,01 - Clear,02 - Wet,01 - Traffic signal,02 - Intersection related,07 - Dark,03 - P.D. only,03 - Rear end,Civic Hospital - Experimental Farm - Central Park
1299,BASELINE RD @ FISHER AVE,366166.3592,5026029.87,-75.71654,45.37152,2017-03-05,9:38:00 AM,01 - Clear,01 - Dry,01 - Traffic signal,02 - Intersection related,01 - Daylight,03 - P.D. only,03 - Rear end,Civic Hospital - Experimental Farm - Central Park
1300,BASELINE RD @ FISHER AVE,366167.6969,5026027.864,-75.71653,45.37151,2017-03-09,11:52:00 AM,01 - Clear,01 - Dry,01 - Traffic signal,02 - Intersection related,01 - Daylight,03 - P.D. only,04 - Sideswipe,Civic Hospital - Experimental Farm - Central Park
1301,BASELINE RD @ FISHER AVE,366167.1715,5026027.816,-75.71653,45.37151,2017-12-23,12:15:00 PM,03 - Snow,04 - Slush,01 - Traffic signal,02 - Intersection related,01 - Daylight,03 - P.D. only,05 - Turning movement,Civic Hospital - Experimental Farm - Central Park
1302,BASELINE RD @ GREENBANK RD,360597.3499,5022584.5,-75.78803,45.34099,2017-05-28,5:58:00 PM,01 - Clear,01 - Dry,01 - Traffic signal,02 - Intersection related,01 - Daylight,03 - P.D. only,03 - Rear end,Qualicum - Redwood Park
1303,BASELINE RD @ GREENBANK RD,360598.0188,5022585.169,-75.78802,45.34099,2017-06-25,12:58:00 PM,02 - Rain,02 - Wet,01 - Traffic signal,02 - Intersection related,01 - Daylight,02 - Non-fatal injury,03 - Rear end,Qualicum - Redwood Park
1304,BASELINE RD @ GREENBANK RD,360597.3499,5022583.831,-75.78803,45.34098,2017-04-28,6:04:00 PM,01 - Clear,01 - Dry,01 - Traffic signal,02 - Intersection related,01 - Daylight,03 - P.D. only,04 - Sideswipe,Qualicum - Redwood Park
1305,BASELINE RD @ GREENBANK RD,360596.3344,5022584.738,-75.78804,45.34099,2017-07-04,5:43:00 PM,01 - Clear,01 - Dry,01 - Traffic signal,02 - Intersection related,01 - Daylight,03 - P.D. only,04 - Sideswipe,Qualicum - Redwood Park
1306,BASELINE RD @ GREENBANK RD,360597.0184,5022585.61,-75.78803,45.341,2017-08-26,1:30:00 PM,01 - Clear,01 - Dry,01 - Traffic signal,02 - Intersection related,01 - Daylight,03 - P.D. only,03 - Rear end,Qualicum - Redwood Park
1307,BASELINE RD @ GREENBANK RD,360598.3502,5022583.39,-75.78801,45.34098,2017-08-21,9:58:00 AM,01 - Clear,01 - Dry,01 - Traffic signal,02 - Intersection related,01 - Daylight,02 - Non-fatal injury,03 - Rear end,Qualicum - Redwood Park
1308,BASELINE RD @ GREENBANK RD,360597.2109,5022584.737,-75.78803,45.34099,2017-10-03,7:41:00 AM,01 - Clear,01 - Dry,01 - Traffic signal,02 - Intersection related,01 - Daylight,03 - P.D. only,03 - Rear end,Qualicum - Redwood Park
1309,BASELINE RD @ GREENBANK RD,360597.6843,5022584.264,-75.78802,45.34099,2017-09-25,8:49:00 AM,01 - Clear,01 - Dry,01 - Traffic signal,02 - Intersection related,01 - Daylight,02 - Non-fatal injury,03 - Rear end,Qualicum - Redwood Park
1310,BASELINE RD @ GREENBANK RD,360597.6843,5022585.593,-75.78802,45.341,2017-10-05,11:29:00 AM,01 - Clear,01 - Dry,01 - Traffic signal,02 - Intersection related,01 - Daylight,03 - P.D. only,03 - Rear end,Qualicum - Redwood Park
1311,BASELINE RD @ GREENBANK RD,360598.1622,5022583.783,-75.78802,45.34098,2017-10-26,6:00:00 PM,01 - Clear,01 - Dry,01 - Traffic signal,02 - Intersection related,01 - Daylight,03 - P.D. only,03 - Rear end,Qualicum - Redwood Park
1312,BASELINE RD @ GREENBANK RD,360597.6843,5022584.5,-75.78802,45.34099,2017-09-26,4:59:00 PM,01 - Clear,01 - Dry,01 - Traffic signal,02 - Intersection related,01 - Daylight,03 - P.D. only,03 - Rear end,Qualicum - Redwood Park
1313,BASELINE RD @ GREENBANK RD,360596.7285,5022583.305,-75.78803,45.34098,2017-11-02,5:34:00 PM,02 - Rain,02 - Wet,01 - Traffic signal,03 - At intersection,07 - Dark,03 - P.D. only,03 - Rear end,Qualicum - Redwood Park
1314,BASELINE RD @ GREENBANK RD,360597.6843,5022585.626,-75.78802,45.341,2017-02-13,4:00:00 PM,01 - Clear,02 - Wet,01 - Traffic signal,02 - Intersection related,01 - Daylight,03 - P.D. only,99 - Other,Qualicum - Redwood Park
1315,BASELINE RD @ GREENBANK RD,360598.4348,5022583.375,-75.78801,45.34098,2017-02-15,10:51:00 AM,03 - Snow,03 - Loose snow,01 - Traffic signal,02 - Intersection related,01 - Daylight,03 - P.D. only,03 - Rear end,Qualicum - Redwood Park
1316,BASELINE RD @ GREENBANK RD,360596.045,5022585.047,-75.78804,45.34099,2017-01-30,9:41:00 AM,01 - Clear,01 - Dry,01 - Traffic signal,02 - Intersection related,01 - Daylight,03 - P.D. only,03 - Rear end,Qualicum - Redwood Park
1317,BASELINE RD @ GREENBANK RD,360597.6843,5022583.407,-75.78802,45.34098,2017-01-30,8:15:00 AM,01 - Clear,06 - Ice,01 - Traffic signal,02 - Intersection related,01 - Daylight,03 - P.D. only,03 - Rear end,Qualicum - Redwood Park
1318,BASELINE RD @ GREENBANK RD,360598.6876,5022583.831,-75.78801,45.34098,2017-03-20,9:58:00 AM,01 - Clear,01 - Dry,01 - Traffic signal,02 - Intersection related,01 - Daylight,03 - P.D. only,03 - Rear end,Qualicum - Redwood Park
1319,BASELINE RD @ GREENBANK RD,360598.6876,5022584.5,-75.78801,45.34099,2017-03-17,6:08:00 PM,01 - Clear,01 - Dry,01 - Traffic signal,02 - Intersection related,05 - Dusk,03 - P.D. only,03 - Rear end,Qualicum - Redwood Park
1320,BASELINE RD @ GREENBANK RD,360599.3565,5022583.831,-75.788,45.34098,2017-04-23,12:05:00 PM,01 - Clear,01 - Dry,01 - Traffic signal,02 - Intersection related,01 - Daylight,03 - P.D. only,03 - Rear end,Qualicum - Redwood Park
1321,BASELINE RD @ GREENBANK RD,360596.7824,5022585.177,-75.78803,45.34099,2017-04-21,12:39:00 PM,02 - Rain,02 - Wet,01 - Traffic signal,02 - Intersection related,01 - Daylight,03 - P.D. only,03 - Rear end,Qualicum - Redwood Park
1322,BASELINE RD @ GUTHRIE ST,360243.15,5022371.736,-75.79257,45.3391,2017-12-16,7:43:00 AM,02 - Rain,03 - Loose snow,01 - Traffic signal,02 - Intersection related,03 - Dawn,02 - Non-fatal injury,07 - SMV other,Qualicum - Redwood Park
1323,BASELINE RD @ JOHN SUTHERLAND DR/VALLEY STREAM,359310.7222,5021789.701,-75.80453,45.33394,2017-02-09,1:41:00 PM,01 - Clear,01 - Dry,01 - Traffic signal,03 - At intersection,01 - Daylight,03 - P.D. only,05 - Turning movement,Briar Green - Leslie Park
1324,BASELINE RD @ LOBLAWS SC,364742.6511,5025129.497,-75.73483,45.36355,2017-03-26,2:50:00 PM,01 - Clear,02 - Wet,01 - Traffic signal,02 - Intersection related,01 - Daylight,02 - Non-fatal injury,03 - Rear end,Civic Hospital - Experimental Farm - Central Park
1325,BASELINE RD @ LOBLAWS SC,364743.6544,5025127.49,-75.73482,45.36353,2017-04-15,3:14:00 PM,02 - Rain,02 - Wet,01 - Traffic signal,02 - Intersection related,01 - Daylight,03 - P.D. only,03 - Rear end,Cityview - Skyline - Fisher Heights
1326,BASELINE RD @ LOBLAWS SC,364742.6511,5025129.497,-75.73483,45.36355,2017-03-09,2:51:00 PM,01 - Clear,01 - Dry,01 - Traffic signal,03 - At intersection,01 - Daylight,02 - Non-fatal injury,05 - Turning movement,Civic Hospital - Experimental Farm - Central Park
1327,BASELINE RD @ MERIVALE RD,365055.0309,5025325.515,-75.73082,45.36528,2017-05-25,6:30:00 PM,02 - Rain,02 - Wet,01 - Traffic signal,02 - Intersection related,01 - Daylight,02 - Non-fatal injury,03 - Rear end,Civic Hospital - Experimental Farm - Central Park
1328,BASELINE RD @ MERIVALE RD,365055.6997,5025326.853,-75.73081,45.3653,2017-06-19,4:30:00 PM,01 - Clear,01 - Dry,01 - Traffic signal,02 - Intersection related,01 - Daylight,03 - P.D. only,04 - Sideswipe,Civic Hospital - Experimental Farm - Central Park
1329,BASELINE RD @ MERIVALE RD,365055.0309,5025325.515,-75.73082,45.36528,2017-06-07,9:11:00 AM,01 - Clear,01 - Dry,01 - Traffic signal,02 - Intersection related,01 - Daylight,03 - P.D. only,03 - Rear end,Civic Hospital - Experimental Farm - Central Park
1330,BASELINE RD @ MERIVALE RD,365054.1869,5025326.534,-75.73083,45.36529,2017-05-02,5:38:00 PM,01 - Clear,01 - Dry,01 - Traffic signal,02 - Intersection related,01 - Daylight,03 - P.D. only,03 - Rear end,Civic Hospital - Experimental Farm - Central Park
1331,BASELINE RD @ MERIVALE RD,365055.1474,5025324.388,-75.73082,45.36527,2017-05-13,1:54:00 PM,02 - Rain,02 - Wet,01 - Traffic signal,02 - Intersection related,01 - Daylight,03 - P.D. only,03 - Rear end,Cityview - Skyline - Fisher Heights
1332,BASELINE RD @ MERIVALE RD,365056.3686,5025326.184,-75.7308,45.36529,2017-06-11,3:00:00 PM,01 - Clear,01 - Dry,01 - Traffic signal,03 - At intersection,01 - Daylight,03 - P.D. only,04 - Sideswipe,Civic Hospital - Experimental Farm - Central Park
1333,BASELINE RD @ MERIVALE RD,365055.0309,5025325.515,-75.73082,45.36528,2017-06-29,6:09:00 PM,02 - Rain,02 - Wet,01 - Traffic signal,02 - Intersection related,01 - Daylight,03 - P.D. only,03 - Rear end,Civic Hospital - Experimental Farm - Central Park
1334,BASELINE RD @ MERIVALE RD,365054.6964,5025324.176,-75.73082,45.36527,2017-07-29,12:00:00 PM,01 - Clear,01 - Dry,01 - Traffic signal,02 - Intersection related,01 - Daylight,03 - P.D. only,04 - Sideswipe,Cityview - Skyline - Fisher Heights
1335,BASELINE RD @ MERIVALE RD,365054.0949,5025325.816,-75.73083,45.36529,2017-07-23,1:07:00 PM,01 - Clear,01 - Dry,01 - Traffic signal,02 - Intersection related,01 - Daylight,03 - P.D. only,03 - Rear end,Civic Hospital - Experimental Farm - Central Park
1336,BASELINE RD @ MERIVALE RD,365053.2627,5025325.754,-75.73084,45.36529,2017-09-22,12:34:00 PM,01 - Clear,01 - Dry,01 - Traffic signal,03 - At intersection,01 - Daylight,03 - P.D. only,05 - Turning movement,Civic Hospital - Experimental Farm - Central Park
1337,BASELINE RD @ MERIVALE RD,365055.5903,5025324.845,-75.73081,45.36528,2017-09-18,4:30:00 PM,01 - Clear,01 - Dry,01 - Traffic signal,02 - Intersection related,01 - Daylight,03 - P.D. only,03 - Rear end,Civic Hospital - Experimental Farm - Central Park
1338,BASELINE RD @ MERIVALE RD,365054.6964,5025325.515,-75.73082,45.36528,2017-09-25,10:00:00 AM,01 - Clear,01 - Dry,01 - Traffic signal,02 - Intersection related,01 - Daylight,03 - P.D. only,03 - Rear end,Civic Hospital - Experimental Farm - Central Park
1339,BASELINE RD @ MERIVALE RD,365054.1537,5025325.244,-75.73083,45.36528,2017-10-25,9:33:00 PM,01 - Clear,01 - Dry,01 - Traffic signal,02 - Intersection related,07 - Dark,02 - Non-fatal injury,03 - Rear end,Civic Hospital - Experimental Farm - Central Park
1340,BASELINE RD @ MERIVALE RD,365054.362,5025324.846,-75.73083,45.36528,2017-10-11,12:17:00 PM,01 - Clear,01 - Dry,01 - Traffic signal,02 - Intersection related,01 - Daylight,02 - Non-fatal injury,07 - SMV other,Civic Hospital - Experimental Farm - Central Park
1341,BASELINE RD @ MERIVALE RD,365053.7497,5025325.278,-75.73083,45.36528,2017-09-09,5:57:00 PM,01 - Clear,01 - Dry,01 - Traffic signal,02 - Intersection related,01 - Daylight,03 - P.D. only,03 - Rear end,Civic Hospital - Experimental Farm - Central Park
1342,BASELINE RD @ MERIVALE RD,365054.15,5025324.968,-75.73083,45.36528,2017-09-29,2:21:00 PM,01 - Clear,01 - Dry,01 - Traffic signal,02 - Intersection related,01 - Daylight,03 - P.D. only,04 - Sideswipe,Civic Hospital - Experimental Farm - Central Park
1343,BASELINE RD @ MERIVALE RD,365053.6931,5025325.515,-75.73083,45.36528,2017-10-24,8:43:00 AM,02 - Rain,02 - Wet,01 - Traffic signal,02 - Intersection related,01 - Daylight,03 - P.D. only,03 - Rear end,Civic Hospital - Experimental Farm - Central Park
1344,BASELINE RD @ MERIVALE RD,365054.6964,5025324.968,-75.73082,45.36528,2017-10-06,7:49:00 PM,01 - Clear,01 - Dry,01 - Traffic signal,03 - At intersection,07 - Dark,02 - Non-fatal injury,03 - Rear end,Civic Hospital - Experimental Farm - Central Park
1345,BASELINE RD @ MERIVALE RD,365055.1698,5025325.752,-75.73081,45.36529,2017-10-28,3:47:00 PM,01 - Clear,01 - Dry,01 - Traffic signal,02 - Intersection related,01 - Daylight,03 - P.D. only,03 - Rear end,Civic Hospital - Experimental Farm - Central Park
1346,BASELINE RD @ MERIVALE RD,365054.223,5025325.278,-75.73083,45.36528,2017-11-22,5:37:00 PM,01 - Clear,01 - Dry,01 - Traffic signal,03 - At intersection,07 - Dark,02 - Non-fatal injury,03 - Rear end,Civic Hospital - Experimental Farm - Central Park
1347,BASELINE RD @ MERIVALE RD,365055.1698,5025326.225,-75.73081,45.36529,2017-12-12,1:00:00 PM,03 - Snow,04 - Slush,01 - Traffic signal,02 - Intersection related,01 - Daylight,02 - Non-fatal injury,03 - Rear end,Civic Hospital - Experimental Farm - Central Park