Record,Location,X,Y,Longitude,Latitude,Date,Time,Environment,Road_Surface,Traffic_Control,Collision_Location,Light,Collision_Classification,Impact_type,Neighborhood
1348,BASELINE RD @ MERIVALE RD,365057.2439,5025323.477,-75.73079,45.36526,2017-11-24,7:27:00 AM,01 - Clear,01 - Dry,01 - Traffic signal,03 - At intersection,03 - Dawn,02 - Non-fatal injury,05 - Turning movement,Cityview - Skyline - Fisher Heights
1349,BASELINE RD @ MERIVALE RD,365053.0242,5025325.515,-75.73084,45.36528,2017-12-01,4:57:00 PM,01 - Clear,01 - Dry,01 - Traffic signal,02 - Intersection related,05 - Dusk,03 - P.D. only,03 - Rear end,Civic Hospital - Experimental Farm - Central Park
1350,BASELINE RD @ MERIVALE RD,365054.2454,5025325.289,-75.73083,45.36528,2017-12-13,6:26:00 PM,03 - Snow,04 - Slush,01 - Traffic signal,02 - Intersection related,07 - Dark,03 - P.D. only,04 - Sideswipe,Civic Hospital - Experimental Farm - Central Park
1351,BASELINE RD @ MERIVALE RD,365055.0309,5025326.184,-75.73082,45.36529,2017-02-12,12:49:00 PM,03 - Snow,03 - Loose snow,01 - Traffic signal,02 - Intersection related,01 - Daylight,03 - P.D. only,03 - Rear end,Civic Hospital - Experimental Farm - Central Park
1352,BASELINE RD @ MERIVALE RD,365053.9459,5025325.89,-75.73083,45.36529,2017-02-09,12:12:00 PM,01 - Clear,01 - Dry,01 - Traffic signal,02 - Intersection related,01 - Daylight,03 - P.D. only,03 - Rear end,Civic Hospital - Experimental Farm - Central Park
1353,BASELINE RD @ MERIVALE RD,365054.15,5025326.608,-75.73083,45.36529,2017-02-06,11:19:00 AM,01 - Clear,01 - Dry,01 - Traffic signal,02 - Intersection related,01 - Daylight,03 - P.D. only,03 - Rear end,Civic Hospital - Experimental Farm - Central Park
1354,BASELINE RD @ MERIVALE RD,365052.9797,5025324.657,-75.73084,45.36528,2017-01-04,5:00:00 PM,04 - Freezing Rain,06 - Ice,01 - Traffic signal,02 - Intersection related,05 - Dusk,03 - P.D. only,03 - Rear end,Civic Hospital - Experimental Farm - Central Park
1355,BASELINE RD @ MERIVALE RD,365055.0309,5025325.515,-75.73082,45.36528,2017-04-19,11:13:00 AM,01 - Clear,01 - Dry,01 - Traffic signal,02 - Intersection related,01 - Daylight,03 - P.D. only,04 - Sideswipe,Civic Hospital - Experimental Farm - Central Park
1356,BASELINE RD @ MERIVALE RD,365055.0309,5025325.515,-75.73082,45.36528,2017-03-09,5:30:00 PM,01 - Clear,01 - Dry,01 - Traffic signal,02 - Intersection related,05 - Dusk,03 - P.D. only,04 - Sideswipe,Civic Hospital - Experimental Farm - Central Park
1357,BASELINE RD @ MERIVALE RD,365054.6964,5025326.232,-75.73082,45.36529,2017-12-30,11:43:00 PM,05 - Drifting Snow,06 - Ice,01 - Traffic signal,02 - Intersection related,07 - Dark,02 - Non-fatal injury,03 - Rear end,Civic Hospital - Experimental Farm - Central Park
1358,BASELINE RD @ MONTEREY DR,359792.6678,5022155.499,-75.79834,45.33719,2017-03-25,12:27:00 AM,03 - Snow,04 - Slush,01 - Traffic signal,02 - Intersection related,07 - Dark,03 - P.D. only,07 - SMV other,Qualicum - Redwood Park
1359,BASELINE RD @ NAVAHO DR,363086.694,5024097.506,-75.75609,45.3544,2017-05-28,10:38:00 AM,01 - Clear,01 - Dry,01 - Traffic signal,02 - Intersection related,01 - Daylight,03 - P.D. only,03 - Rear end,Braemar Park - Bel Air Heights - Copeland Park
1360,BASELINE RD @ NAVAHO DR,363085.3563,5024099.513,-75.7561,45.35442,2017-05-25,9:40:00 AM,01 - Clear,01 - Dry,01 - Traffic signal,03 - At intersection,01 - Daylight,02 - Non-fatal injury,07 - SMV other,Braemar Park - Bel Air Heights - Copeland Park
1361,BASELINE RD @ NAVAHO DR,363087.3629,5024097.506,-75.75608,45.3544,2017-06-06,4:37:00 PM,02 - Rain,02 - Wet,01 - Traffic signal,02 - Intersection related,01 - Daylight,03 - P.D. only,03 - Rear end,Braemar Park - Bel Air Heights - Copeland Park
1362,BASELINE RD @ NAVAHO DR,363086.694,5024098.175,-75.75609,45.35441,2017-06-14,10:25:00 AM,01 - Clear,01 - Dry,01 - Traffic signal,03 - At intersection,01 - Daylight,03 - P.D. only,03 - Rear end,Braemar Park - Bel Air Heights - Copeland Park
1363,BASELINE RD @ NAVAHO DR,363084.7722,5024097.277,-75.75611,45.3544,2017-07-19,10:56:00 AM,01 - Clear,01 - Dry,01 - Traffic signal,02 - Intersection related,01 - Daylight,03 - P.D. only,03 - Rear end,Braemar Park - Bel Air Heights - Copeland Park
1364,BASELINE RD @ NAVAHO DR,363087.33,5024098.053,-75.75608,45.3544,2017-10-05,4:24:00 PM,01 - Clear,01 - Dry,01 - Traffic signal,02 - Intersection related,01 - Daylight,03 - P.D. only,04 - Sideswipe,Braemar Park - Bel Air Heights - Copeland Park
1365,BASELINE RD @ NAVAHO DR,363086.2372,5024097.506,-75.75609,45.3544,2017-10-04,11:39:00 AM,01 - Clear,01 - Dry,01 - Traffic signal,02 - Intersection related,01 - Daylight,03 - P.D. only,03 - Rear end,Braemar Park - Bel Air Heights - Copeland Park
1366,BASELINE RD @ NAVAHO DR,363086.1641,5024096.323,-75.75609,45.35439,2017-12-04,12:07:00 PM,01 - Clear,01 - Dry,01 - Traffic signal,02 - Intersection related,01 - Daylight,02 - Non-fatal injury,03 - Rear end,Braemar Park - Bel Air Heights - Copeland Park
1367,BASELINE RD @ NAVAHO DR,363086.2334,5024096.149,-75.75609,45.35439,2017-01-31,9:45:00 PM,01 - Clear,01 - Dry,01 - Traffic signal,02 - Intersection related,07 - Dark,03 - P.D. only,99 - Other,Braemar Park - Bel Air Heights - Copeland Park
1368,BASELINE RD @ NAVAHO DR,363085.3563,5024097.506,-75.7561,45.3544,2017-02-15,6:44:00 PM,03 - Snow,03 - Loose snow,01 - Traffic signal,03 - At intersection,07 - Dark,03 - P.D. only,05 - Turning movement,Braemar Park - Bel Air Heights - Copeland Park
1369,BASELINE RD @ NAVAHO DR,363085.3563,5024097.506,-75.7561,45.3544,2017-03-11,1:59:00 PM,01 - Clear,01 - Dry,01 - Traffic signal,02 - Intersection related,01 - Daylight,03 - P.D. only,04 - Sideswipe,Braemar Park - Bel Air Heights - Copeland Park
1370,BASELINE RD @ NAVAHO DR,363085.2173,5024097.27,-75.7561,45.3544,2017-04-15,7:45:00 PM,02 - Rain,02 - Wet,01 - Traffic signal,02 - Intersection related,07 - Dark,03 - P.D. only,03 - Rear end,Braemar Park - Bel Air Heights - Copeland Park
1371,BASELINE RD @ ROCKWAY CRES,361184.5943,5022932.374,-75.78049,45.34407,2017-05-05,10:23:00 AM,02 - Rain,02 - Wet,02 - Stop sign,03 - At intersection,01 - Daylight,03 - P.D. only,02 - Angle,Iris
1372,BASELINE RD @ ROCKWAY CRES,361184.9301,5022932.729,-75.78049,45.34407,2017-09-08,6:18:00 PM,01 - Clear,01 - Dry,02 - Stop sign,02 - Intersection related,01 - Daylight,02 - Non-fatal injury,03 - Rear end,Iris
1373,BASELINE RD @ ROCKWAY CRES,361185.0017,5022932.294,-75.78049,45.34407,2017-01-27,4:05:00 PM,03 - Snow,02 - Wet,02 - Stop sign,02 - Intersection related,01 - Daylight,02 - Non-fatal injury,02 - Angle,Iris
1374,BASELINE RD @ ROCKWAY CRES,361184.6332,5022932.659,-75.78049,45.34407,2017-01-09,9:15:00 AM,01 - Clear,04 - Slush,02 - Stop sign,03 - At intersection,01 - Daylight,03 - P.D. only,02 - Angle,Iris
1375,BASELINE RD @ ROCKWAY CRES,361185.0104,5022930.497,-75.78049,45.34405,2017-02-10,10:40:00 AM,01 - Clear,01 - Dry,02 - Stop sign,03 - At intersection,01 - Daylight,03 - P.D. only,02 - Angle,Iris
1376,BASELINE RD @ SANDCASTLE DR,359629.3738,5021987.493,-75.80044,45.33569,2017-10-04,2:25:00 PM,01 - Clear,01 - Dry,01 - Traffic signal,02 - Intersection related,01 - Daylight,03 - P.D. only,03 - Rear end,Briar Green - Leslie Park
1377,BASELINE RD @ SANDCASTLE DR,359630.5274,5021988.351,-75.80043,45.3357,2017-01-12,4:51:00 PM,01 - Clear,02 - Wet,01 - Traffic signal,02 - Intersection related,05 - Dusk,03 - P.D. only,04 - Sideswipe,Briar Green - Leslie Park
1378,BASELINE RD @ WOODROFFE AVE,362550.6935,5023770.505,-75.76296,45.3515,2017-05-26,5:30:00 PM,02 - Rain,02 - Wet,01 - Traffic signal,02 - Intersection related,01 - Daylight,03 - P.D. only,03 - Rear end,Iris
1379,BASELINE RD @ WOODROFFE AVE,362550.0247,5023771.174,-75.76297,45.35151,2017-04-29,12:05:00 PM,01 - Clear,01 - Dry,01 - Traffic signal,02 - Intersection related,01 - Daylight,03 - P.D. only,03 - Rear end,Iris
1380,BASELINE RD @ WOODROFFE AVE,362549.3558,5023770.505,-75.76298,45.3515,2017-05-17,12:43:00 PM,01 - Clear,01 - Dry,01 - Traffic signal,02 - Intersection related,01 - Daylight,03 - P.D. only,03 - Rear end,Iris
1381,BASELINE RD @ WOODROFFE AVE,362550.0247,5023770.505,-75.76297,45.3515,2017-05-29,2:00:00 PM,02 - Rain,02 - Wet,01 - Traffic signal,02 - Intersection related,01 - Daylight,03 - P.D. only,04 - Sideswipe,Iris
1382,BASELINE RD @ WOODROFFE AVE,362548.4725,5023770.809,-75.76299,45.35151,2017-07-18,10:57:00 AM,01 - Clear,01 - Dry,01 - Traffic signal,02 - Intersection related,01 - Daylight,03 - P.D. only,03 - Rear end,Iris
1383,BASELINE RD @ WOODROFFE AVE,362549.6902,5023769.548,-75.76298,45.35149,2017-07-21,10:10:00 PM,01 - Clear,01 - Dry,01 - Traffic signal,03 - At intersection,07 - Dark,02 - Non-fatal injury,05 - Turning movement,Iris
1384,BASELINE RD @ WOODROFFE AVE,362550.0247,5023770.505,-75.76297,45.3515,2017-07-08,9:52:00 AM,01 - Clear,01 - Dry,01 - Traffic signal,02 - Intersection related,01 - Daylight,03 - P.D. only,03 - Rear end,Iris
1385,BASELINE RD @ WOODROFFE AVE,362549.0887,5023772.008,-75.76298,45.35152,2017-07-25,6:03:00 PM,01 - Clear,01 - Dry,01 - Traffic signal,02 - Intersection related,01 - Daylight,03 - P.D. only,03 - Rear end,Iris
1386,BASELINE RD @ WOODROFFE AVE,362549.6902,5023769.795,-75.76298,45.3515,2017-08-26,1:27:00 PM,01 - Clear,01 - Dry,01 - Traffic signal,02 - Intersection related,01 - Daylight,03 - P.D. only,03 - Rear end,Iris
1387,BASELINE RD @ WOODROFFE AVE,362550.2917,5023770.805,-75.76297,45.3515,2017-07-27,4:27:00 PM,01 - Clear,01 - Dry,01 - Traffic signal,02 - Intersection related,01 - Daylight,03 - P.D. only,03 - Rear end,Iris
1388,BASELINE RD @ WOODROFFE AVE,362551.0465,5023771.592,-75.76296,45.35151,2017-08-31,2:57:00 PM,01 - Clear,01 - Dry,01 - Traffic signal,02 - Intersection related,01 - Daylight,03 - P.D. only,03 - Rear end,Iris
1389,BASELINE RD @ WOODROFFE AVE,362549.6902,5023771.308,-75.76298,45.35151,2017-08-10,9:45:00 AM,01 - Clear,01 - Dry,01 - Traffic signal,02 - Intersection related,01 - Daylight,03 - P.D. only,04 - Sideswipe,Iris
1390,BASELINE RD @ WOODROFFE AVE,362550.5841,5023771.622,-75.76297,45.35151,2017-09-13,6:43:00 PM,01 - Clear,01 - Dry,01 - Traffic signal,03 - At intersection,01 - Daylight,02 - Non-fatal injury,03 - Rear end,Iris
1391,BASELINE RD @ WOODROFFE AVE,362551.3295,5023771.051,-75.76296,45.35151,2017-10-16,9:57:00 AM,01 - Clear,01 - Dry,01 - Traffic signal,02 - Intersection related,01 - Daylight,03 - P.D. only,04 - Sideswipe,Iris
1392,BASELINE RD @ WOODROFFE AVE,362549.2168,5023770.268,-75.76298,45.3515,2017-10-31,12:59:00 PM,01 - Clear,01 - Dry,01 - Traffic signal,02 - Intersection related,01 - Daylight,03 - P.D. only,03 - Rear end,Iris
1393,BASELINE RD @ WOODROFFE AVE,362549.6902,5023770.728,-75.76298,45.3515,2017-09-09,4:13:00 PM,01 - Clear,01 - Dry,01 - Traffic signal,02 - Intersection related,01 - Daylight,03 - P.D. only,04 - Sideswipe,Iris
1394,BASELINE RD @ WOODROFFE AVE,362549.6902,5023770.505,-75.76298,45.3515,2017-09-09,4:30:00 PM,01 - Clear,01 - Dry,01 - Traffic signal,02 - Intersection related,01 - Daylight,03 - P.D. only,03 - Rear end,Iris
1395,BASELINE RD @ WOODROFFE AVE,362550.1636,5023770.741,-75.76297,45.3515,2017-09-26,5:56:00 PM,01 - Clear,01 - Dry,01 - Traffic signal,02 - Intersection related,01 - Daylight,03 - P.D. only,03 - Rear end,Iris
1396,BASELINE RD @ WOODROFFE AVE,362548.6047,5023771.862,-75.76299,45.35151,2017-10-19,6:55:00 PM,01 - Clear,01 - Dry,01 - Traffic signal,02 - Intersection related,07 - Dark,03 - P.D. only,03 - Rear end,Iris
1397,BASELINE RD @ WOODROFFE AVE,362550.1636,5023769.321,-75.76297,45.35149,2017-09-11,3:55:00 PM,01 - Clear,01 - Dry,01 - Traffic signal,02 - Intersection related,01 - Daylight,02 - Non-fatal injury,99 - Other,Iris
1398,BASELINE RD @ WOODROFFE AVE,362551.3624,5023770.505,-75.76296,45.3515,2017-11-19,8:20:00 AM,04 - Freezing Rain,05 - Packed snow,01 - Traffic signal,03 - At intersection,01 - Daylight,02 - Non-fatal injury,02 - Angle,Iris
1399,BASELINE RD @ WOODROFFE AVE,362548.7344,5023770.744,-75.76299,45.3515,2017-11-07,12:11:00 PM,01 - Clear,01 - Dry,01 - Traffic signal,02 - Intersection related,01 - Daylight,03 - P.D. only,04 - Sideswipe,Iris
1400,BASELINE RD @ WOODROFFE AVE,362548.6869,5023769.167,-75.76299,45.35149,2017-11-30,7:21:00 PM,01 - Clear,01 - Dry,01 - Traffic signal,02 - Intersection related,07 - Dark,03 - P.D. only,04 - Sideswipe,Iris
1401,BASELINE RD @ WOODROFFE AVE,362548.6869,5023771.842,-75.76299,45.35151,2017-11-20,11:05:00 AM,01 - Clear,02 - Wet,01 - Traffic signal,02 - Intersection related,01 - Daylight,03 - P.D. only,03 - Rear end,Iris
1402,BASELINE RD @ WOODROFFE AVE,362549.3558,5023771.842,-75.76298,45.35151,2017-11-28,4:45:00 PM,01 - Clear,01 - Dry,01 - Traffic signal,03 - At intersection,05 - Dusk,03 - P.D. only,05 - Turning movement,Iris
1403,BASELINE RD @ WOODROFFE AVE,362550.1681,5023770.744,-75.76297,45.3515,2017-12-12,1:53:00 PM,03 - Snow,03 - Loose snow,01 - Traffic signal,02 - Intersection related,01 - Daylight,03 - P.D. only,02 - Angle,Iris
1404,BASELINE RD @ WOODROFFE AVE,362548.6869,5023771.174,-75.76299,45.35151,2017-11-27,12:00:00 PM,01 - Clear,01 - Dry,01 - Traffic signal,03 - At intersection,01 - Daylight,02 - Non-fatal injury,03 - Rear end,Iris
1405,BASELINE RD @ WOODROFFE AVE,362548.018,5023770.505,-75.763,45.3515,2017-12-11,9:30:00 AM,01 - Clear,01 - Dry,01 - Traffic signal,02 - Intersection related,01 - Daylight,03 - P.D. only,02 - Angle,Iris
1406,BASELINE RD @ WOODROFFE AVE,362550.0247,5023771.174,-75.76297,45.35151,2017-02-15,11:03:00 PM,01 - Clear,05 - Packed snow,01 - Traffic signal,03 - At intersection,07 - Dark,02 - Non-fatal injury,02 - Angle,Iris
1407,BASELINE RD @ WOODROFFE AVE,362550.1636,5023770.741,-75.76297,45.3515,2017-01-17,7:10:00 AM,01 - Clear,01 - Dry,01 - Traffic signal,02 - Intersection related,07 - Dark,03 - P.D. only,03 - Rear end,Iris
1408,BASELINE RD @ WOODROFFE AVE,362548.1893,5023770.129,-75.763,45.3515,2017-01-26,11:00:00 AM,03 - Snow,02 - Wet,01 - Traffic signal,02 - Intersection related,01 - Daylight,02 - Non-fatal injury,04 - Sideswipe,Iris
1409,BASELINE RD @ WOODROFFE AVE,362548.8318,5023769.646,-75.76299,45.35149,2017-01-11,1:36:00 PM,01 - Clear,02 - Wet,01 - Traffic signal,02 - Intersection related,01 - Daylight,02 - Non-fatal injury,03 - Rear end,Iris
1410,BASELINE RD @ WOODROFFE AVE,362549.6902,5023770.129,-75.76298,45.3515,2017-02-08,7:00:00 PM,01 - Clear,02 - Wet,01 - Traffic signal,02 - Intersection related,07 - Dark,02 - Non-fatal injury,03 - Rear end,Iris
1411,BASELINE RD @ WOODROFFE AVE,362550.0247,5023769.836,-75.76297,45.3515,2017-04-14,11:12:00 PM,01 - Clear,01 - Dry,01 - Traffic signal,03 - At intersection,07 - Dark,03 - P.D. only,03 - Rear end,Iris
1412,BASELINE RD @ WOODROFFE AVE,362550.6935,5023771.174,-75.76296,45.35151,2017-03-13,3:02:00 PM,01 - Clear,01 - Dry,01 - Traffic signal,02 - Intersection related,01 - Daylight,03 - P.D. only,03 - Rear end,Iris
1413,BASELINE RD @ WOODROFFE AVE,362549.3558,5023769.167,-75.76298,45.35149,2017-03-09,8:08:00 PM,01 - Clear,01 - Dry,01 - Traffic signal,02 - Intersection related,07 - Dark,03 - P.D. only,03 - Rear end,Iris
1414,BASELINE RD @ WOODROFFE AVE,362550.4407,5023771.63,-75.76297,45.35151,2017-03-31,3:28:00 PM,03 - Snow,02 - Wet,01 - Traffic signal,02 - Intersection related,01 - Daylight,02 - Non-fatal injury,03 - Rear end,Iris
1415,BASELINE RD @ WOODROFFE AVE,362550.6935,5023772.511,-75.76296,45.35152,2017-03-29,9:06:00 AM,01 - Clear,01 - Dry,01 - Traffic signal,02 - Intersection related,01 - Daylight,03 - P.D. only,04 - Sideswipe,Iris
1416,BASELINE RD @ WOODROFFE AVE,362550.1681,5023771.222,-75.76297,45.35151,2017-12-18,12:05:00 PM,03 - Snow,03 - Loose snow,01 - Traffic signal,02 - Intersection related,01 - Daylight,03 - P.D. only,03 - Rear end,Iris
1417,BASELINE RD @ WOODROFFE AVE,362549.6902,5023770.279,-75.76298,45.3515,2017-12-19,5:35:00 PM,03 - Snow,03 - Loose snow,01 - Traffic signal,02 - Intersection related,07 - Dark,03 - P.D. only,03 - Rear end,Iris
1418,BASELINE RD @ ZENA ST,365628.697,5025688.767,-75.72345,45.3685,2017-09-21,4:26:00 PM,01 - Clear,01 - Dry,02 - Stop sign,03 - At intersection,01 - Daylight,03 - P.D. only,03 - Rear end,Civic Hospital - Experimental Farm - Central Park
1419,BASELINE RD @ ZENA ST,365628.7859,5025688.703,-75.72345,45.3685,2017-10-03,9:10:00 AM,01 - Clear,01 - Dry,02 - Stop sign,02 - Intersection related,01 - Daylight,03 - P.D. only,03 - Rear end,Civic Hospital - Experimental Farm - Central Park
1420,BASELINE RD @ ZENA ST,365628.697,5025688.53,-75.72345,45.3685,2017-02-03,1:30:00 AM,01 - Clear,01 - Dry,02 - Stop sign,02 - Intersection related,07 - Dark,03 - P.D. only,03 - Rear end,Civic Hospital - Experimental Farm - Central Park
1421,BASELINE RD @ ZENA ST,365630.2932,5025687.883,-75.72343,45.36849,2017-04-15,2:30:00 PM,01 - Clear,01 - Dry,02 - Stop sign,02 - Intersection related,01 - Daylight,01 - Fatal injury,07 - SMV other,Cityview - Skyline - Fisher Heights
1422,BASELINE RD btwn 180 E OF CEDARVIEW RD & JOHN SUTHERLAND DR/VALLEY STR,359235.5363,5021747.987,-75.80549,45.33357,2017-05-03,12:50:00 PM,01 - Clear,01 - Dry,10 - No control,01 - Non intersection,01 - Daylight,03 - P.D. only,03 - Rear end,Briar Green - Leslie Park
1423,BASELINE RD btwn 207 E OF CLYDE AVE & LOBLAWS SC,364654.5613,5025074.892,-75.73596,45.36306,2017-12-06,4:38:00 PM,01 - Clear,01 - Dry,10 - No control,04 - At/near private drive,05 - Dusk,02 - Non-fatal injury,05 - Turning movement,Civic Hospital - Experimental Farm - Central Park
1424,BASELINE RD btwn CLYDE AVE & 207 E OF CLYDE AVE,364428.603,5024935.329,-75.73886,45.36183,2017-05-23,10:05:00 AM,01 - Clear,01 - Dry,10 - No control,01 - Non intersection,01 - Daylight,03 - P.D. only,03 - Rear end,Civic Hospital - Experimental Farm - Central Park
1425,BASELINE RD btwn CLYDE AVE & 207 E OF CLYDE AVE,364371.9189,5024898.961,-75.73959,45.3615,2017-09-21,8:50:00 PM,01 - Clear,01 - Dry,10 - No control,01 - Non intersection,07 - Dark,02 - Non-fatal injury,04 - Sideswipe,Civic Hospital - Experimental Farm - Central Park
1426,BASELINE RD btwn CLYDE AVE & 207 E OF CLYDE AVE,364527.6117,5024997.423,-75.73759,45.36238,2017-10-02,10:35:00 AM,01 - Clear,01 - Dry,10 - No control,04 - At/near private drive,01 - Daylight,02 - Non-fatal injury,07 - SMV other,Civic Hospital - Experimental Farm - Central Park
1427,BASELINE RD btwn CLYDE AVE & 207 E OF CLYDE AVE,364485.7893,5024971.582,-75.73813,45.36215,2017-12-14,3:14:00 PM,01 - Clear,04 - Slush,10 - No control,01 - Non intersection,01 - Daylight,03 - P.D. only,03 - Rear end,Civic Hospital - Experimental Farm - Central Park
1428,BASELINE RD btwn CLYDE AVE & 207 E OF CLYDE AVE,364377.098,5024900.546,-75.73952,45.36152,2017-04-11,1:07:00 PM,01 - Clear,01 - Dry,10 - No control,01 - Non intersection,01 - Daylight,03 - P.D. only,03 - Rear end,Civic Hospital - Experimental Farm - Central Park
1429,BASELINE RD btwn COBDEN RD & BARBARA ANN PRIV,361642.1228,5023212.6,-75.77462,45.34656,2017-02-16,5:05:00 PM,01 - Clear,02 - Wet,10 - No control,01 - Non intersection,01 - Daylight,02 - Non-fatal injury,03 - Rear end,Iris
1430,BASELINE RD btwn COLLEGE SQUARE SC & WOODROFFE AVE,362721.5053,5023873.549,-75.76077,45.35242,2017-05-16,4:18:00 PM,01 - Clear,01 - Dry,10 - No control,01 - Non intersection,01 - Daylight,02 - Non-fatal injury,03 - Rear end,Braemar Park - Bel Air Heights - Copeland Park
1431,BASELINE RD btwn COLLEGE SQUARE SC & WOODROFFE AVE,362615.5352,5023808.217,-75.76213,45.35184,2017-10-05,6:11:00 PM,01 - Clear,01 - Dry,10 - No control,01 - Non intersection,01 - Daylight,02 - Non-fatal injury,03 - Rear end,Braemar Park - Bel Air Heights - Copeland Park
1432,BASELINE RD btwn CONSTELLATION CRES & WOODROFFE AVE,362526.3883,5023755.738,-75.76328,45.35137,2017-05-21,10:55:00 PM,02 - Rain,02 - Wet,10 - No control,01 - Non intersection,07 - Dark,03 - P.D. only,04 - Sideswipe,Iris
1433,BASELINE RD btwn CONSTELLATION CRES & WOODROFFE AVE,362295.1632,5023609.809,-75.76624,45.35008,2017-09-28,8:32:00 AM,01 - Clear,01 - Dry,10 - No control,01 - Non intersection,01 - Daylight,03 - P.D. only,04 - Sideswipe,Iris
1434,BASELINE RD btwn CORDOVA ST & BASSANO ST,363638.1698,5024438.289,-75.74901,45.35742,2017-05-23,7:35:00 AM,01 - Clear,01 - Dry,10 - No control,01 - Non intersection,01 - Daylight,02 - Non-fatal injury,04 - Sideswipe,Braemar Park - Bel Air Heights - Copeland Park
1435,BASELINE RD btwn CORDOVA ST & BASSANO ST,363616.7651,5024422.904,-75.74928,45.35728,2017-02-16,8:48:00 AM,03 - Snow,06 - Ice,10 - No control,01 - Non intersection,01 - Daylight,03 - P.D. only,99 - Other,Crestview - Meadowlands
1436,BASELINE RD btwn DEERFIELD DR & FERGUSON ST,363416.5647,5024300.359,-75.75185,45.3562,2017-08-16,4:36:00 PM,01 - Clear,01 - Dry,10 - No control,01 - Non intersection,01 - Daylight,03 - P.D. only,03 - Rear end,Braemar Park - Bel Air Heights - Copeland Park
1437,BASELINE RD btwn FERGUSON ST & CORDOVA ST,363573.9558,5024398.155,-75.74983,45.35706,2017-02-15,6:05:00 PM,03 - Snow,03 - Loose snow,10 - No control,01 - Non intersection,07 - Dark,03 - P.D. only,04 - Sideswipe,Braemar Park - Bel Air Heights - Copeland Park
1438,BASELINE RD btwn FERGUSON ST & CORDOVA ST,363509.3819,5024355.966,-75.75066,45.35669,2017-04-06,9:54:00 PM,02 - Rain,02 - Wet,10 - No control,04 - At/near private drive,07 - Dark,03 - P.D. only,03 - Rear end,Crestview - Meadowlands
1439,BASELINE RD btwn FISHER AVE & LEXINGTON ST,366289.4361,5026104.118,-75.71496,45.37218,2017-06-05,8:40:00 AM,01 - Clear,01 - Dry,10 - No control,01 - Non intersection,01 - Daylight,03 - P.D. only,03 - Rear end,Civic Hospital - Experimental Farm - Central Park
1440,BASELINE RD btwn LOBLAWS SC & MERIVALE RD,364769.0725,5025147.557,-75.73449,45.36371,2017-06-26,6:27:00 PM,01 - Clear,01 - Dry,10 - No control,01 - Non intersection,01 - Daylight,03 - P.D. only,03 - Rear end,Civic Hospital - Experimental Farm - Central Park
1441,BASELINE RD btwn LOBLAWS SC & MERIVALE RD,364968.0776,5025274.025,-75.73193,45.36483,2017-11-29,4:18:00 PM,01 - Clear,01 - Dry,10 - No control,01 - Non intersection,01 - Daylight,03 - P.D. only,03 - Rear end,Civic Hospital - Experimental Farm - Central Park
1442,BASELINE RD btwn MARSON ST & FISHER AVE,366083.38,5025973.385,-75.71761,45.37102,2017-08-08,5:09:00 PM,01 - Clear,01 - Dry,10 - No control,01 - Non intersection,01 - Daylight,02 - Non-fatal injury,03 - Rear end,Civic Hospital - Experimental Farm - Central Park
1443,BASELINE RD btwn MARSON ST & FISHER AVE,366066.1349,5025963.952,-75.71783,45.37094,2017-09-12,10:35:00 AM,01 - Clear,01 - Dry,10 - No control,01 - Non intersection,01 - Daylight,02 - Non-fatal injury,03 - Rear end,Civic Hospital - Experimental Farm - Central Park
1444,BASELINE RD btwn MARSON ST & FISHER AVE,365998.4533,5025922.095,-75.7187,45.37057,2017-01-04,3:21:00 PM,03 - Snow,05 - Packed snow,10 - No control,01 - Non intersection,01 - Daylight,03 - P.D. only,03 - Rear end,Civic Hospital - Experimental Farm - Central Park
1445,BASELINE RD btwn MERIVALE RD & FARLANE BLVD,365178.3762,5025402.474,-75.72923,45.36597,2017-09-05,5:02:00 PM,01 - Clear,01 - Dry,10 - No control,01 - Non intersection,01 - Daylight,03 - P.D. only,04 - Sideswipe,Civic Hospital - Experimental Farm - Central Park
1446,BASELINE RD btwn MERIVALE RD & FARLANE BLVD,365143.9941,5025380.364,-75.72967,45.36577,2017-11-24,5:42:00 PM,01 - Clear,01 - Dry,10 - No control,04 - At/near private drive,07 - Dark,03 - P.D. only,03 - Rear end,Civic Hospital - Experimental Farm - Central Park
1447,BASELINE RD btwn MERIVALE RD & FARLANE BLVD,365207.0616,5025420.557,-75.72886,45.36613,2017-02-28,11:37:00 AM,01 - Clear,01 - Dry,10 - No control,04 - At/near private drive,01 - Daylight,03 - P.D. only,02 - Angle,Civic Hospital - Experimental Farm - Central Park
1448,BASELINE RD btwn MERIVALE RD & FARLANE BLVD,365128.7778,5025371.398,-75.72987,45.36569,2017-04-20,6:07:00 AM,01 - Clear,01 - Dry,10 - No control,01 - Non intersection,03 - Dawn,03 - P.D. only,07 - SMV other,Civic Hospital - Experimental Farm - Central Park