Record,Location,X,Y,Longitude,Latitude,Date,Time,Environment,Road_Surface,Traffic_Control,Collision_Location,Light,Collision_Classification,Impact_type,Neighborhood
1449,BASELINE RD btwn MERIVALE RD & FARLANE BLVD,365159.5138,5025390.731,-75.72948,45.36586,2017-12-24,5:55:00 PM,01 - Clear,02 - Wet,10 - No control,01 - Non intersection,07 - Dark,02 - Non-fatal injury,99 - Other,Civic Hospital - Experimental Farm - Central Park
1450,BASELINE RD btwn MORLEY BLVD & PRINCE OF WALES DR,366694.5661,5026355.682,-75.70976,45.37441,2017-02-10,9:36:00 PM,03 - Snow,03 - Loose snow,10 - No control,01 - Non intersection,07 - Dark,02 - Non-fatal injury,07 - SMV other,Civic Hospital - Experimental Farm - Central Park
1451,BASELINE RD btwn NAVAHO DR & COLLEGE SQUARE SC,362799.4664,5023921.317,-75.75977,45.35284,2017-08-26,2:48:00 PM,01 - Clear,01 - Dry,10 - No control,04 - At/near private drive,01 - Daylight,03 - P.D. only,02 - Angle,Braemar Park - Bel Air Heights - Copeland Park
1452,BASELINE RD btwn NAVAHO DR & COLLEGE SQUARE SC,362916.5151,5023993.564,-75.75827,45.35348,2017-12-15,4:57:00 PM,01 - Clear,02 - Wet,10 - No control,01 - Non intersection,05 - Dusk,03 - P.D. only,03 - Rear end,Braemar Park - Bel Air Heights - Copeland Park
1453,BASELINE RD btwn PINECREST RD & ROCKWAY CRES,360800.6943,5022706.908,-75.78542,45.34207,2017-02-16,7:23:00 AM,03 - Snow,06 - Ice,10 - No control,01 - Non intersection,01 - Daylight,03 - P.D. only,03 - Rear end,Iris
1454,BASELINE RD btwn ROCKWAY CRES & SOUTHWOOD DR,361206.0675,5022945.465,-75.78022,45.34419,2017-05-25,8:28:00 AM,01 - Clear,01 - Dry,10 - No control,01 - Non intersection,01 - Daylight,03 - P.D. only,04 - Sideswipe,Iris
1455,BASELINE RD btwn SOUTHWOOD DR & COBDEN RD,361427.2298,5023080.151,-75.77738,45.34538,2017-12-05,9:34:00 AM,02 - Rain,02 - Wet,10 - No control,04 - At/near private drive,01 - Daylight,02 - Non-fatal injury,02 - Angle,Iris
1456,BASELINE RD btwn TURN LANE & MERIVALE RD,365033.6262,5025310.799,-75.73109,45.36515,2017-06-16,3:25:00 PM,01 - Clear,01 - Dry,10 - No control,01 - Non intersection,01 - Daylight,03 - P.D. only,03 - Rear end,Cityview - Skyline - Fisher Heights
1457,BASELINE RD btwn TURN LANE & MERIVALE RD,365035.1026,5025314.284,-75.73107,45.36518,2017-12-28,4:53:00 PM,01 - Clear,06 - Ice,10 - No control,01 - Non intersection,05 - Dusk,02 - Non-fatal injury,07 - SMV other,Civic Hospital - Experimental Farm - Central Park
1458,BASELINE RD btwn ZENA ST & MARSON ST,365792.3295,5025791.309,-75.72135,45.36941,2017-01-28,11:46:00 AM,03 - Snow,02 - Wet,10 - No control,04 - At/near private drive,01 - Daylight,03 - P.D. only,99 - Other,Cityview - Skyline - Fisher Heights
1459,BASELINE RD/HERON RD @ PRINCE OF WALES DR,366873.8981,5026437.854,-75.70746,45.37513,2017-05-10,9:02:00 AM,01 - Clear,01 - Dry,01 - Traffic signal,02 - Intersection related,01 - Daylight,03 - P.D. only,03 - Rear end,Civic Hospital - Experimental Farm - Central Park
1460,BASELINE RD/HERON RD @ PRINCE OF WALES DR,366873.2141,5026437.406,-75.70747,45.37513,2017-06-07,3:50:00 PM,01 - Clear,01 - Dry,01 - Traffic signal,02 - Intersection related,01 - Daylight,03 - P.D. only,04 - Sideswipe,Civic Hospital - Experimental Farm - Central Park
1461,BASELINE RD/HERON RD @ PRINCE OF WALES DR,366873.2282,5026438.804,-75.70747,45.37514,2017-06-15,4:11:00 PM,01 - Clear,01 - Dry,01 - Traffic signal,02 - Intersection related,01 - Daylight,03 - P.D. only,04 - Sideswipe,Civic Hospital - Experimental Farm - Central Park
1462,BASELINE RD/HERON RD @ PRINCE OF WALES DR,366873.7421,5026438.384,-75.70746,45.37514,2017-05-03,10:36:00 AM,01 - Clear,01 - Dry,01 - Traffic signal,02 - Intersection related,01 - Daylight,02 - Non-fatal injury,03 - Rear end,Civic Hospital - Experimental Farm - Central Park
1463,BASELINE RD/HERON RD @ PRINCE OF WALES DR,366872.859,5026439.661,-75.70747,45.37515,2017-07-14,10:56:00 PM,02 - Rain,02 - Wet,01 - Traffic signal,02 - Intersection related,07 - Dark,02 - Non-fatal injury,03 - Rear end,Civic Hospital - Experimental Farm - Central Park
1464,BASELINE RD/HERON RD @ PRINCE OF WALES DR,366874.1534,5026438.309,-75.70746,45.37514,2017-09-11,2:00:00 PM,01 - Clear,01 - Dry,01 - Traffic signal,02 - Intersection related,01 - Daylight,03 - P.D. only,03 - Rear end,Civic Hospital - Experimental Farm - Central Park
1465,BASELINE RD/HERON RD @ PRINCE OF WALES DR,366872.8391,5026437.932,-75.70747,45.37513,2017-10-30,12:07:00 PM,02 - Rain,02 - Wet,01 - Traffic signal,02 - Intersection related,01 - Daylight,03 - P.D. only,04 - Sideswipe,Civic Hospital - Experimental Farm - Central Park
1466,BASELINE RD/HERON RD @ PRINCE OF WALES DR,366873.3721,5026439.87,-75.70747,45.37515,2017-11-11,12:30:00 PM,01 - Clear,01 - Dry,01 - Traffic signal,02 - Intersection related,01 - Daylight,03 - P.D. only,03 - Rear end,Civic Hospital - Experimental Farm - Central Park
1467,BASELINE RD/HERON RD @ PRINCE OF WALES DR,366873.7324,5026438.253,-75.70746,45.37514,2017-11-10,12:55:00 AM,01 - Clear,01 - Dry,01 - Traffic signal,02 - Intersection related,07 - Dark,03 - P.D. only,07 - SMV other,Civic Hospital - Experimental Farm - Central Park
1468,BASELINE RD/HERON RD @ PRINCE OF WALES DR,366874.4041,5026438.802,-75.70745,45.37514,2017-12-12,7:36:00 PM,03 - Snow,03 - Loose snow,01 - Traffic signal,02 - Intersection related,07 - Dark,03 - P.D. only,05 - Turning movement,Civic Hospital - Experimental Farm - Central Park
1469,BASELINE RD/HERON RD @ PRINCE OF WALES DR,366873.8212,5026439.487,-75.70746,45.37515,2017-01-21,12:59:00 PM,01 - Clear,01 - Dry,01 - Traffic signal,02 - Intersection related,01 - Daylight,03 - P.D. only,03 - Rear end,Civic Hospital - Experimental Farm - Central Park
1470,BASELINE RD/HERON RD @ PRINCE OF WALES DR,366873.284,5026439.028,-75.70747,45.37514,2017-02-12,12:11:00 PM,03 - Snow,03 - Loose snow,01 - Traffic signal,02 - Intersection related,01 - Daylight,03 - P.D. only,03 - Rear end,Civic Hospital - Experimental Farm - Central Park
1471,BASELINE RD/HERON RD @ PRINCE OF WALES DR,366875.3787,5026439.201,-75.70744,45.37515,2017-03-28,7:52:00 AM,02 - Rain,02 - Wet,01 - Traffic signal,02 - Intersection related,01 - Daylight,03 - P.D. only,03 - Rear end,Civic Hospital - Experimental Farm - Central Park
1472,BASELINE RD/HERON RD @ PRINCE OF WALES DR,366872.1837,5026443.008,-75.70748,45.37518,2017-03-27,3:32:00 PM,01 - Clear,01 - Dry,01 - Traffic signal,02 - Intersection related,01 - Daylight,03 - P.D. only,03 - Rear end,Civic Hospital - Experimental Farm - Central Park
1473,BASELINE RD/HERON RD @ PRINCE OF WALES DR,366873.2748,5026438.586,-75.70747,45.37514,2017-04-13,5:27:00 PM,01 - Clear,01 - Dry,01 - Traffic signal,02 - Intersection related,01 - Daylight,03 - P.D. only,03 - Rear end,Civic Hospital - Experimental Farm - Central Park
1474,BASELINE RD/HERON RD @ PRINCE OF WALES DR,366873.284,5026439.028,-75.70747,45.37514,2017-03-20,4:03:00 PM,01 - Clear,01 - Dry,01 - Traffic signal,02 - Intersection related,01 - Daylight,03 - P.D. only,03 - Rear end,Civic Hospital - Experimental Farm - Central Park
1475,BASELINE RD/HERON RD @ PRINCE OF WALES DR,366873.3721,5026438.532,-75.70747,45.37514,2017-03-13,7:54:00 AM,01 - Clear,01 - Dry,01 - Traffic signal,02 - Intersection related,01 - Daylight,03 - P.D. only,03 - Rear end,Civic Hospital - Experimental Farm - Central Park
1476,BASELINE RD/HERON RD @ PRINCE OF WALES DR,366874.8163,5026440.232,-75.70745,45.37515,2017-03-01,4:30:00 PM,02 - Rain,02 - Wet,01 - Traffic signal,02 - Intersection related,01 - Daylight,02 - Non-fatal injury,04 - Sideswipe,Civic Hospital - Experimental Farm - Central Park
1477,BASELINE RD/HERON RD @ PRINCE OF WALES DR,366872.8391,5026438.384,-75.70747,45.37514,2017-03-24,7:13:00 PM,03 - Snow,04 - Slush,01 - Traffic signal,02 - Intersection related,07 - Dark,03 - P.D. only,03 - Rear end,Civic Hospital - Experimental Farm - Central Park
1478,BASELINE RD/HERON RD @ PRINCE OF WALES DR,366873.0203,5026437.538,-75.70747,45.37513,2017-04-18,9:30:00 AM,01 - Clear,01 - Dry,01 - Traffic signal,02 - Intersection related,01 - Daylight,03 - P.D. only,03 - Rear end,Civic Hospital - Experimental Farm - Central Park
1479,BASELINE RD/HERON RD @ PRINCE OF WALES DR,366874.4196,5026438.34,-75.70745,45.37514,2017-12-21,2:50:00 PM,01 - Clear,01 - Dry,01 - Traffic signal,02 - Intersection related,01 - Daylight,03 - P.D. only,04 - Sideswipe,Civic Hospital - Experimental Farm - Central Park
1480,BASELINE RD/HWY 416 RICHMOND IC75R53 @ RICHMON,358637.194,5021820.622,-75.81312,45.33427,2017-08-04,12:44:00 AM,01 - Clear,01 - Dry,01 - Traffic signal,03 - At intersection,07 - Dark,03 - P.D. only,03 - Rear end,Briar Green - Leslie Park
1481,BASELINE RD/HWY 416 RICHMOND IC75R53 @ RICHMON,358636.0834,5021819.951,-75.81313,45.33426,2017-12-14,10:19:00 AM,01 - Clear,01 - Dry,01 - Traffic signal,02 - Intersection related,01 - Daylight,03 - P.D. only,04 - Sideswipe,Greenbelt
1482,BASELINE RD/HWY 416 RICHMOND IC75R53 @ RICHMON,358636.0249,5021821.949,-75.81313,45.33428,2017-01-09,10:47:00 AM,01 - Clear,03 - Loose snow,01 - Traffic signal,03 - At intersection,01 - Daylight,03 - P.D. only,03 - Rear end,Greenbelt
1483,BASELINE RD/HWY 416 RICHMOND IC75R53 @ RICHMON,358635.6009,5021821.891,-75.81314,45.33428,2017-03-16,8:49:00 AM,01 - Clear,01 - Dry,01 - Traffic signal,02 - Intersection related,01 - Daylight,03 - P.D. only,03 - Rear end,Greenbelt
1484,BASELINE RD/HWY 416 RICHMOND IC75R53 @ RICHMON,358637.5946,5021822.197,-75.81311,45.33428,2017-12-18,12:20:00 PM,03 - Snow,06 - Ice,01 - Traffic signal,02 - Intersection related,01 - Daylight,03 - P.D. only,03 - Rear end,Briar Green - Leslie Park
1485,BASELINE RD/HWY 416 RICHMOND IC75R53 @ RICHMON,358635.7276,5021821.398,-75.81314,45.33428,2017-12-20,1:47:00 PM,01 - Clear,02 - Wet,01 - Traffic signal,02 - Intersection related,01 - Daylight,03 - P.D. only,03 - Rear end,Greenbelt
1486,BASELINE RD/HWY 416 RICHMOND IC75R53 @ RICHMON,358637.879,5021817.16,-75.81311,45.33424,2017-12-29,2:00:00 PM,01 - Clear,01 - Dry,01 - Traffic signal,03 - At intersection,01 - Daylight,03 - P.D. only,03 - Rear end,Briar Green - Leslie Park
1487,BASIL MACDONALD WAY @ GRANT CARMAN DR,365354.3147,5023326.402,-75.72724,45.34727,2017-02-21,10:51:00 AM,01 - Clear,01 - Dry,02 - Stop sign,03 - At intersection,01 - Daylight,03 - P.D. only,07 - SMV other,Borden Farm - Stewart Farm - Parkwood Hills - Fisher Glen
1488,BASIL MACDONALD WAY btwn MERIVALE RD & GRANT CARMAN DR,365215.8824,5023246.027,-75.72902,45.34656,2017-01-29,1:52:00 PM,01 - Clear,01 - Dry,10 - No control,04 - At/near private drive,01 - Daylight,03 - P.D. only,02 - Angle,Borden Farm - Stewart Farm - Parkwood Hills - Fisher Glen
1489,BASSANO ST @ CHIPPEWA AVE,363850.5932,5024378.749,-75.7463,45.35687,2017-12-31,2:52:00 PM,01 - Clear,01 - Dry,02 - Stop sign,03 - At intersection,01 - Daylight,03 - P.D. only,02 - Angle,Crestview - Meadowlands
1490,BASSANO ST @ LOTTA AVE,363971.6869,5024179.183,-75.74478,45.35506,2017-03-24,12:48:00 PM,03 - Snow,03 - Loose snow,02 - Stop sign,03 - At intersection,01 - Daylight,03 - P.D. only,02 - Angle,Crestview - Meadowlands
1491,BASSANO ST @ WITHROW AVE,364134.0074,5023912.626,-75.74274,45.35265,2017-01-24,2:44:00 PM,03 - Snow,05 - Packed snow,02 - Stop sign,03 - At intersection,01 - Daylight,03 - P.D. only,07 - SMV other,Crestview - Meadowlands
1492,BATHGATE DR @ DEN HAAG DR,373408.7229,5033926.244,-75.62299,45.4419,2017-05-25,8:40:00 PM,02 - Rain,02 - Wet,02 - Stop sign,03 - At intersection,07 - Dark,03 - P.D. only,02 - Angle,Carson Grove - Carson Meadows
1493,BATHGATE DR @ DES PIONNIERS PRIV,373477.7231,5033759.869,-75.62213,45.4404,2017-10-05,3:21:00 PM,01 - Clear,01 - Dry,02 - Stop sign,02 - Intersection related,01 - Daylight,03 - P.D. only,02 - Angle,Carson Grove - Carson Meadows
1494,BATHGATE DR @ MATHESON RD,373640.4342,5033373.223,-75.62011,45.4369,2017-08-13,12:48:00 PM,01 - Clear,01 - Dry,02 - Stop sign,03 - At intersection,01 - Daylight,03 - P.D. only,05 - Turning movement,Carson Grove - Carson Meadows
1495,BATHGATE DR @ MATHESON RD,373641.7162,5033372.207,-75.62009,45.43689,2017-02-15,6:28:00 PM,03 - Snow,04 - Slush,02 - Stop sign,02 - Intersection related,07 - Dark,03 - P.D. only,03 - Rear end,Carson Grove - Carson Meadows
1496,BATHGATE DR @ RAINBOW CRES N,373701.6885,5033233.772,-75.61935,45.43564,2017-12-11,9:09:00 AM,01 - Clear,01 - Dry,02 - Stop sign,02 - Intersection related,01 - Daylight,03 - P.D. only,03 - Rear end,Carson Grove - Carson Meadows
1497,BATHGATE DR btwn GULF PL & THE ROCKERY PRIV,373235.516,5034418.108,-75.62514,45.44634,2017-02-13,5:02:00 PM,01 - Clear,05 - Packed snow,10 - No control,01 - Non intersection,01 - Daylight,02 - Non-fatal injury,07 - SMV other,Carson Grove - Carson Meadows
1498,BATHGATE DR btwn LEIGH CRES & OGILVIE RD,373815.5531,5032825.745,-75.61795,45.43196,2017-04-21,10:23:00 AM,02 - Rain,02 - Wet,10 - No control,04 - At/near private drive,01 - Daylight,03 - P.D. only,02 - Angle,Carson Grove - Carson Meadows
1499,BAXTER RD @ IRIS ST,361058.6881,5023611.178,-75.78202,45.35019,2017-03-09,5:19:00 PM,01 - Clear,01 - Dry,02 - Stop sign,02 - Intersection related,01 - Daylight,03 - P.D. only,03 - Rear end,Iris
1500,BAY HILL RDG @ SPRINGBROOK DR,350386.587,5014821.192,-75.91902,45.27187,2017-10-25,3:15:00 PM,01 - Clear,01 - Dry,10 - No control,02 - Intersection related,01 - Daylight,03 - P.D. only,04 - Sideswipe,Stittsville
1501,BAY ST @ COOPER ST,367202.7938,5030721.112,-75.70272,45.41364,2017-10-13,4:25:00 PM,01 - Clear,01 - Dry,02 - Stop sign,03 - At intersection,01 - Daylight,02 - Non-fatal injury,02 - Angle,Centretown
1502,BAY ST @ FLORA ST,367546.048,5030151.902,-75.69841,45.40849,2017-04-13,7:41:00 AM,01 - Clear,01 - Dry,02 - Stop sign,02 - Intersection related,01 - Daylight,03 - P.D. only,99 - Other,Centretown
1503,BAY ST @ GLOUCESTER ST,367074.7015,5030933.576,-75.70433,45.41557,2017-06-12,3:45:00 PM,01 - Clear,01 - Dry,02 - Stop sign,03 - At intersection,01 - Daylight,03 - P.D. only,02 - Angle,Downtown
1504,BAY ST @ LAURIER AVE,367035.0399,5030998.91,-75.70483,45.41616,2017-03-28,3:24:00 PM,01 - Clear,01 - Dry,01 - Traffic signal,02 - Intersection related,01 - Daylight,02 - Non-fatal injury,07 - SMV other,Downtown
1505,BAY ST @ QUEEN ST,366899.6969,5031212.344,-75.70653,45.41809,2017-11-11,10:45:00 PM,01 - Clear,01 - Dry,01 - Traffic signal,02 - Intersection related,07 - Dark,03 - P.D. only,04 - Sideswipe,Downtown
1506,BAY ST @ SLATER ST,366981.7839,5031078.889,-75.7055,45.41688,2017-07-11,11:24:00 PM,01 - Clear,01 - Dry,01 - Traffic signal,03 - At intersection,07 - Dark,03 - P.D. only,05 - Turning movement,Downtown
1507,BAY ST @ SLATER ST,366984.0546,5031078.309,-75.70547,45.41688,2017-09-07,4:28:00 PM,02 - Rain,02 - Wet,01 - Traffic signal,03 - At intersection,01 - Daylight,03 - P.D. only,02 - Angle,Downtown
1508,BAY ST @ SLATER ST,366983.6978,5031079.28,-75.70547,45.41689,2017-11-10,11:13:00 AM,01 - Clear,01 - Dry,01 - Traffic signal,03 - At intersection,01 - Daylight,03 - P.D. only,05 - Turning movement,Downtown
1509,BAY ST @ SLATER ST,366985.37,5031077.901,-75.70545,45.41687,2017-12-05,2:43:00 PM,01 - Clear,02 - Wet,01 - Traffic signal,03 - At intersection,01 - Daylight,03 - P.D. only,02 - Angle,Downtown
1510,BAY ST @ SOMERSET ST,367244.6994,5030644.807,-75.70219,45.41295,2017-12-20,8:59:00 AM,01 - Clear,04 - Slush,02 - Stop sign,03 - At intersection,01 - Daylight,03 - P.D. only,99 - Other,Chinatown
1511,BAY ST @ SPARKS ST,366857.7018,5031280.927,-75.70706,45.41871,2017-06-22,1:22:00 PM,01 - Clear,01 - Dry,01 - Traffic signal,03 - At intersection,01 - Daylight,02 - Non-fatal injury,05 - Turning movement,Downtown
1512,BAY ST @ SPARKS ST,366857.033,5031278.252,-75.70707,45.41869,2017-06-14,11:16:00 AM,01 - Clear,01 - Dry,01 - Traffic signal,03 - At intersection,01 - Daylight,02 - Non-fatal injury,02 - Angle,Downtown
1513,BAY ST @ SPARKS ST,366854.872,5031278.676,-75.70709,45.41869,2017-07-12,11:30:00 PM,01 - Clear,01 - Dry,01 - Traffic signal,03 - At intersection,07 - Dark,03 - P.D. only,02 - Angle,Downtown
1514,BAY ST @ WELLINGTON ST,366815.1759,5031350.372,-75.70759,45.41934,2017-12-07,9:55:00 AM,01 - Clear,01 - Dry,01 - Traffic signal,02 - Intersection related,01 - Daylight,03 - P.D. only,03 - Rear end,Downtown
1515,BAY ST @ WELLINGTON ST,366815.7931,5031351.322,-75.70758,45.41935,2017-02-15,9:54:00 AM,03 - Snow,03 - Loose snow,01 - Traffic signal,03 - At intersection,01 - Daylight,03 - P.D. only,02 - Angle,Downtown
1516,BAY ST btwn FLORA ST & ARLINGTON AVE,367577.8285,5030097.22,-75.69801,45.408,2017-08-18,12:00:00 AM,01 - Clear,01 - Dry,10 - No control,01 - Non intersection,00 - Unknown,03 - P.D. only,06 - SMV unattended vehicle,Centretown
1517,BAY ST btwn SLATER ST & LAURIER AVE W,367022.8711,5031016.744,-75.70498,45.41632,2017-10-04,8:58:00 PM,02 - Rain,02 - Wet,10 - No control,01 - Non intersection,07 - Dark,03 - P.D. only,06 - SMV unattended vehicle,Downtown
1518,BAYCREST DR @ CEDARWOOD DR,371226.9003,5026791.929,-75.65184,45.37792,2017-09-17,9:06:00 AM,01 - Clear,01 - Dry,02 - Stop sign,02 - Intersection related,01 - Daylight,03 - P.D. only,06 - SMV unattended vehicle,Ledbury - Heron Gate - Ridgemont - Elmwood
1519,BAYCREST DR @ SANDALWOOD DR,371354.1784,5026704.411,-75.65023,45.37712,2017-09-21,12:00:00 AM,01 - Clear,01 - Dry,03 - Yield sign,02 - Intersection related,00 - Unknown,03 - P.D. only,06 - SMV unattended vehicle,Ledbury - Heron Gate - Ridgemont - Elmwood
1520,BAYCREST DR @ WALKLEY RD,371421.3962,5026589.858,-75.64939,45.37608,2017-07-01,11:17:00 PM,02 - Rain,02 - Wet,01 - Traffic signal,02 - Intersection related,07 - Dark,02 - Non-fatal injury,03 - Rear end,Ledbury - Heron Gate - Ridgemont - Elmwood
1521,BAYCREST DR @ WALKLEY RD,371421.2211,5026590.527,-75.64939,45.37609,2017-07-05,7:39:00 AM,01 - Clear,01 - Dry,01 - Traffic signal,02 - Intersection related,01 - Daylight,02 - Non-fatal injury,03 - Rear end,Ledbury - Heron Gate - Ridgemont - Elmwood
1522,BAYCREST DR @ WALKLEY RD,371421.2572,5026589.107,-75.64939,45.37608,2017-12-13,7:30:00 AM,03 - Snow,06 - Ice,01 - Traffic signal,02 - Intersection related,03 - Dawn,03 - P.D. only,03 - Rear end,Ledbury - Heron Gate - Ridgemont - Elmwood
1523,BAYCREST DR @ WALKLEY RD,371421.2678,5026590.693,-75.64939,45.37609,2017-03-19,5:41:00 PM,01 - Clear,01 - Dry,01 - Traffic signal,02 - Intersection related,05 - Dusk,03 - P.D. only,03 - Rear end,Ledbury - Heron Gate - Ridgemont - Elmwood
1524,BAYCREST DR @ WALKLEY RD,371421.7306,5026591.244,-75.64938,45.3761,2017-12-28,6:57:00 PM,01 - Clear,05 - Packed snow,01 - Traffic signal,02 - Intersection related,07 - Dark,03 - P.D. only,03 - Rear end,Ledbury - Heron Gate - Ridgemont - Elmwood
1525,BAYCREST DR @ WALKLEY RD,371421.7306,5026591.722,-75.64938,45.3761,2017-12-27,2:25:00 PM,01 - Clear,01 - Dry,01 - Traffic signal,02 - Intersection related,01 - Daylight,02 - Non-fatal injury,03 - Rear end,Ledbury - Heron Gate - Ridgemont - Elmwood
1526,BAYCREST DR btwn CEDARWOOD DR & SANDALWOOD DR,371282.9036,5026751.409,-75.65113,45.37755,2017-11-10,12:00:00 AM,01 - Clear,01 - Dry,10 - No control,01 - Non intersection,07 - Dark,03 - P.D. only,06 - SMV unattended vehicle,Ledbury - Heron Gate - Ridgemont - Elmwood
1527,BAYCREST DR btwn CEDARWOOD DR & SANDALWOOD DR,371311.5434,5026737.418,-75.65077,45.37742,2017-02-06,9:11:00 AM,01 - Clear,02 - Wet,10 - No control,01 - Non intersection,01 - Daylight,03 - P.D. only,05 - Turning movement,Ledbury - Heron Gate - Ridgemont - Elmwood
1528,BAYCREST DR btwn CEDARWOOD DR & SANDALWOOD DR,371296.3642,5026744.078,-75.65096,45.37748,2017-12-29,10:29:00 PM,01 - Clear,06 - Ice,10 - No control,01 - Non intersection,07 - Dark,02 - Non-fatal injury,07 - SMV other,Ledbury - Heron Gate - Ridgemont - Elmwood
1529,BAYCREST DR btwn SANDALWOOD DR & WALKLEY RD,371411.3533,5026611.991,-75.64951,45.37628,2017-12-12,2:59:00 PM,01 - Clear,01 - Dry,10 - No control,04 - At/near private drive,01 - Daylight,03 - P.D. only,02 - Angle,Ledbury - Heron Gate - Ridgemont - Elmwood
1530,BAYSHORE DR @ BAYSHORE CS,359142.0534,5023738.147,-75.80647,45.35148,2017-05-08,11:57:00 AM,01 - Clear,01 - Dry,01 - Traffic signal,02 - Intersection related,01 - Daylight,03 - P.D. only,04 - Sideswipe,Bayshore
1531,BAYSHORE DR @ RICHMOND RD,359372.3508,5023369.864,-75.80357,45.34815,2017-05-20,7:13:00 PM,01 - Clear,01 - Dry,01 - Traffic signal,02 - Intersection related,01 - Daylight,02 - Non-fatal injury,03 - Rear end,Bayshore
1532,BAYSHORE DR @ RICHMOND RD,359373.0197,5023367.857,-75.80356,45.34813,2017-05-11,8:11:00 AM,01 - Clear,01 - Dry,01 - Traffic signal,02 - Intersection related,01 - Daylight,03 - P.D. only,03 - Rear end,Bayshore
1533,BAYSHORE DR @ RICHMOND RD,359373.0197,5023367.857,-75.80356,45.34813,2017-05-29,1:40:00 PM,02 - Rain,02 - Wet,01 - Traffic signal,02 - Intersection related,01 - Daylight,03 - P.D. only,03 - Rear end,Bayshore
1534,BAYSHORE DR @ RICHMOND RD,359372.4632,5023369.636,-75.80357,45.34815,2017-08-29,4:30:00 PM,01 - Clear,01 - Dry,01 - Traffic signal,02 - Intersection related,01 - Daylight,03 - P.D. only,04 - Sideswipe,Bayshore
1535,BAYSHORE DR @ RICHMOND RD,359372.8974,5023365.91,-75.80356,45.34812,2017-08-02,2:01:00 PM,01 - Clear,01 - Dry,01 - Traffic signal,02 - Intersection related,01 - Daylight,03 - P.D. only,03 - Rear end,Bayshore
1536,BAYSHORE DR @ RICHMOND RD,359372.6852,5023368.763,-75.80356,45.34814,2017-10-16,9:07:00 AM,01 - Clear,01 - Dry,01 - Traffic signal,02 - Intersection related,01 - Daylight,03 - P.D. only,04 - Sideswipe,Bayshore
1537,BAYSHORE DR @ RICHMOND RD,359370.4338,5023367.4,-75.80359,45.34813,2017-02-11,1:37:00 PM,03 - Snow,03 - Loose snow,01 - Traffic signal,02 - Intersection related,01 - Daylight,03 - P.D. only,03 - Rear end,Bayshore
1538,BAYSHORE DR @ WOODRIDGE CRES N,359072.3976,5023874.368,-75.80734,45.35271,2017-09-23,12:49:00 AM,01 - Clear,01 - Dry,01 - Traffic signal,02 - Intersection related,07 - Dark,03 - P.D. only,04 - Sideswipe,Bayshore
1539,BAYSHORE DR @ WOODRIDGE CRES N,359074.5432,5023875.078,-75.80731,45.35272,2017-11-26,12:35:00 AM,03 - Snow,02 - Wet,01 - Traffic signal,02 - Intersection related,07 - Dark,03 - P.D. only,03 - Rear end,Bayshore
1540,BAYSHORE DR @ WOODRIDGE CRES N,359073.2055,5023875.747,-75.80733,45.35273,2017-11-20,6:17:00 PM,01 - Clear,01 - Dry,01 - Traffic signal,02 - Intersection related,07 - Dark,03 - P.D. only,02 - Angle,Bayshore
1541,BAYSHORE DR @ WOODRIDGE CRES N,359072.871,5023874.361,-75.80734,45.35271,2017-12-18,7:27:00 PM,03 - Snow,04 - Slush,01 - Traffic signal,02 - Intersection related,07 - Dark,03 - P.D. only,03 - Rear end,Bayshore
1542,BAYSHORE DR @ WOODRIDGE CRES S,359234.1005,5023508.859,-75.80532,45.34941,2017-08-20,8:53:00 PM,01 - Clear,01 - Dry,01 - Traffic signal,02 - Intersection related,07 - Dark,02 - Non-fatal injury,03 - Rear end,Bayshore
1543,BAYSHORE DR @ WOODRIDGE CRES S,359234.2155,5023510.052,-75.80532,45.34942,2017-09-28,3:58:00 PM,01 - Clear,01 - Dry,01 - Traffic signal,02 - Intersection related,01 - Daylight,02 - Non-fatal injury,07 - SMV other,Bayshore
1544,BAYSHORE DR @ WOODRIDGE CRES S,359234.8749,5023509.294,-75.80531,45.34942,2017-03-14,2:09:00 PM,01 - Clear,01 - Dry,01 - Traffic signal,02 - Intersection related,01 - Daylight,03 - P.D. only,03 - Rear end,Bayshore
1545,BAYSHORE DR @ WOODRIDGE CRES S,359234.12,5023508.379,-75.80532,45.34941,2017-12-21,9:25:00 AM,01 - Clear,06 - Ice,01 - Traffic signal,03 - At intersection,01 - Daylight,02 - Non-fatal injury,02 - Angle,Bayshore
1546,BAYSHORE DR btwn CARLING AVE & WOODRIDGE CRES N,359010.2341,5023975.64,-75.80812,45.35363,2017-08-25,11:40:00 PM,01 - Clear,01 - Dry,10 - No control,01 - Non intersection,07 - Dark,02 - Non-fatal injury,07 - SMV other,Bayshore
1547,BAYSHORE DR btwn CARLING AVE & WOODRIDGE CRES N,359061.2205,5023892.554,-75.80748,45.35288,2017-01-06,7:20:00 PM,01 - Clear,02 - Wet,10 - No control,01 - Non intersection,07 - Dark,03 - P.D. only,04 - Sideswipe,Bayshore