Record,Location,X,Y,Longitude,Latitude,Date,Time,Environment,Road_Surface,Traffic_Control,Collision_Location,Light,Collision_Classification,Impact_type,Neighborhood
1548,BAYSHORE DR btwn WOODRIDGE CRES N & BAYSHORE CS,359098.5541,5023831.362,-75.80701,45.35233,2017-10-06,6:44:00 PM,01 - Clear,01 - Dry,10 - No control,04 - At/near private drive,07 - Dark,03 - P.D. only,03 - Rear end,Bayshore
1549,BAYSHORE DR btwn WOODRIDGE CRES N & BAYSHORE CS,359098.3815,5023832.618,-75.80701,45.35234,2017-12-22,3:14:00 PM,01 - Clear,02 - Wet,10 - No control,04 - At/near private drive,01 - Daylight,03 - P.D. only,05 - Turning movement,Bayshore
1550,BAYSHORE DR btwn WOODRIDGE CRES S & BAYSHORE CS,359163.6098,5023665.009,-75.8062,45.35082,2017-11-02,10:04:00 AM,02 - Rain,02 - Wet,10 - No control,04 - At/near private drive,01 - Daylight,02 - Non-fatal injury,03 - Rear end,Bayshore
1551,BAYSHORE DR btwn WOODRIDGE CRES S & BAYSHORE CS,359209.8501,5023546.573,-75.80562,45.34975,2017-02-14,7:59:00 PM,03 - Snow,03 - Loose snow,10 - No control,01 - Non intersection,07 - Dark,03 - P.D. only,04 - Sideswipe,Bayshore
1552,BAYSHORE DR btwn WOODRIDGE CRES S & BAYSHORE CS,359178.4851,5023615.861,-75.80602,45.35038,2017-03-03,11:42:00 AM,01 - Clear,01 - Dry,10 - No control,01 - Non intersection,01 - Daylight,03 - P.D. only,05 - Turning movement,Bayshore
1553,BAYSHORE DR btwn WOODRIDGE CRES S & BAYSHORE CS,359197.2193,5023567.021,-75.80578,45.34994,2017-12-27,3:56:00 PM,01 - Clear,01 - Dry,10 - No control,04 - At/near private drive,05 - Dusk,03 - P.D. only,02 - Angle,Bayshore
1554,BAYSHORE DR SB btwn WOODRIDGE CRES & BAYSHORE DR SB RAMPS TO RICHMOND,359259.4201,5023485.472,-75.805,45.3492,2017-01-02,2:51:00 PM,01 - Clear,02 - Wet,10 - No control,04 - At/near private drive,01 - Daylight,03 - P.D. only,02 - Angle,Bayshore
1555,BAYSWATER AVE @ GLADSTONE AVE,366000.2869,5029479.56,-75.71824,45.40258,2017-08-21,1:29:00 PM,01 - Clear,01 - Dry,01 - Traffic signal,03 - At intersection,01 - Daylight,03 - P.D. only,05 - Turning movement,Civi
1556,BAYSWATER AVE @ GLADSTONE AVE,366001.6512,5029478.382,-75.71822,45.40257,2017-10-14,12:20:00 PM,01 - Clear,02 - Wet,01 - Traffic signal,03 - At intersection,01 - Daylight,03 - P.D. only,05 - Turning movement,Civi
1557,BAYSWATER AVE @ GLADSTONE AVE,366001.7077,5029480.235,-75.71822,45.40258,2017-11-28,7:06:00 PM,01 - Clear,01 - Dry,01 - Traffic signal,02 - Intersection related,07 - Dark,02 - Non-fatal injury,03 - Rear end,Civi
1558,BAYSWATER AVE @ GLADSTONE AVE,366002.2053,5029479.191,-75.71821,45.40257,2017-02-12,1:39:00 PM,03 - Snow,03 - Loose snow,01 - Traffic signal,03 - At intersection,01 - Daylight,03 - P.D. only,02 - Angle,Civi
1559,BAYSWATER AVE @ SOMERSET ST,365811.6972,5029910.899,-75.72059,45.40648,2017-10-30,7:36:00 AM,02 - Rain,02 - Wet,01 - Traffic signal,03 - At intersection,01 - Daylight,02 - Non-fatal injury,07 - SMV other,Centretow
1560,BAYSWATER AVE @ SOMERSET ST,365812.7005,5029911.192,-75.72058,45.40648,2017-02-15,10:15:00 AM,03 - Snow,03 - Loose snow,01 - Traffic signal,02 - Intersection related,01 - Daylight,03 - P.D. only,03 - Rear end,Centretow
1561,BAYSWATER AVE @ SOMERSET ST,365813.1739,5029912.278,-75.72057,45.40649,2017-12-27,11:04:00 AM,01 - Clear,06 - Ice,01 - Traffic signal,03 - At intersection,01 - Daylight,03 - P.D. only,05 - Turning movement,Centretow
1562,BAYSWATER AVE btwn BEECH ST & HICKORY ST,366262.8991,5028874.241,-75.71496,45.39711,2017-09-04,8:15:00 AM,02 - Rain,02 - Wet,10 - No control,04 - At/near private drive,01 - Daylight,03 - P.D. only,06 - SMV unattended vehicle,Civic Hospital - Experimental Farm - Central Park
1563,BAYSWATER AVE btwn WELLINGTON ST W & SOMERSET ST W,365799.1129,5029942.303,-75.72075,45.40676,2017-10-30,5:06:00 PM,01 - Clear,01 - Dry,10 - No control,01 - Non intersection,01 - Daylight,03 - P.D. only,06 - SMV unattended vehicle,Centretow
1564,BAYVIEW DR btwn HUNTER CRES & DUNSTER ST,337974.9958,5039036.496,-76.07557,45.49046,2017-03-20,8:15:00 AM,01 - Clear,01 - Dry,10 - No control,01 - Non intersection,01 - Daylight,03 - P.D. only,07 - SMV other,Constanc
1565,BAYVIEW DR btwn LANE ST & BISHOP DAVIS DR,337831.2611,5039935.045,-76.07735,45.49856,2017-04-23,10:00:00 PM,01 - Clear,01 - Dry,10 - No control,01 - Non intersection,07 - Dark,03 - P.D. only,07 - SMV other,Constanc
1566,BAYVIEW DR btwn RITCHIE AVE & DORIS CURRIE RD,336454.1088,5041228.339,-76.09488,45.51026,2017-05-24,9:50:00 AM,01 - Clear,01 - Dry,10 - No control,01 - Non intersection,01 - Daylight,03 - P.D. only,01 - Approaching,Buckham'
1567,BAYVIEW RD @ SCOTT ST/ALBERT ST,365520.24,5030070.662,-75.72429,45.40794,2017-07-13,6:10:00 PM,01 - Clear,01 - Dry,01 - Traffic signal,02 - Intersection related,01 - Daylight,03 - P.D. only,03 - Rear end,Mechanicsville
1568,BAYVIEW RD @ SCOTT ST/ALBERT ST,365519.9555,5030071.334,-75.7243,45.40794,2017-07-13,9:54:00 PM,01 - Clear,01 - Dry,01 - Traffic signal,03 - At intersection,07 - Dark,03 - P.D. only,02 - Angle,Mechanicsville
1569,BAYVIEW RD @ SCOTT ST/ALBERT ST,365520.4571,5030071.801,-75.72429,45.40795,2017-09-26,2:16:00 PM,01 - Clear,01 - Dry,01 - Traffic signal,03 - At intersection,01 - Daylight,02 - Non-fatal injury,05 - Turning movement,Mechanicsville
1570,BAYVIEW RD @ SCOTT ST/ALBERT ST,365520.0746,5030071.484,-75.7243,45.40795,2017-03-21,8:01:00 PM,01 - Clear,01 - Dry,01 - Traffic signal,03 - At intersection,07 - Dark,02 - Non-fatal injury,05 - Turning movement,Mechanicsville
1571,BAYVIEW RD @ SCOTT ST/ALBERT ST,365518.5636,5030071.327,-75.72432,45.40794,2017-12-22,2:42:00 PM,01 - Clear,03 - Loose snow,01 - Traffic signal,03 - At intersection,01 - Daylight,03 - P.D. only,05 - Turning movement,Mechanicsville
1572,BAYVIEW RD/BURNSIDE AVE @ SLIDELL ST,365163.6083,5030242.6,-75.72883,45.40952,2017-06-22,7:52:00 AM,01 - Clear,01 - Dry,11 - Roundabout,02 - Intersection related,01 - Daylight,02 - Non-fatal injury,04 - Sideswipe,Mechanicsville
1573,BAYVIEW RD/BURNSIDE AVE @ SLIDELL ST,365162.1695,5030245.627,-75.72885,45.40954,2017-06-03,12:03:00 AM,01 - Clear,01 - Dry,11 - Roundabout,02 - Intersection related,07 - Dark,03 - P.D. only,07 - SMV other,Mechanicsville
1574,BEARBROOK RD @ CENTREPARK DR N,377787.4945,5033366.695,-75.56711,45.43642,2017-02-13,5:05:00 PM,01 - Clear,04 - Slush,02 - Stop sign,02 - Intersection related,01 - Daylight,03 - P.D. only,03 - Rear end,Blackburn Hamlet
1575,BEARBROOK RD @ NORTHPARK DR S,377841.9413,5033230.58,-75.56644,45.43519,2017-01-27,8:40:00 AM,01 - Clear,01 - Dry,02 - Stop sign,02 - Intersection related,01 - Daylight,03 - P.D. only,02 - Angle,Blackburn Hamlet
1576,BEARBROOK RD @ WESTPARK DR N,377564.0769,5033795.235,-75.5699,45.4403,2017-11-27,5:55:00 PM,01 - Clear,02 - Wet,01 - Traffic signal,03 - At intersection,07 - Dark,02 - Non-fatal injury,07 - SMV other,Greenbelt
1577,BEARBROOK RD @ WESTPARK DR N,377564.0769,5033798.579,-75.5699,45.44033,2017-03-29,7:36:00 AM,01 - Clear,01 - Dry,01 - Traffic signal,03 - At intersection,01 - Daylight,03 - P.D. only,02 - Angle,Greenbelt
1578,BEARBROOK RD btwn ROCKCLIFFE PKWY & Continuation of BEARBROOK RD,376961.5495,5034518.357,-75.5775,45.44687,2017-03-24,6:50:00 AM,03 - Snow,03 - Loose snow,10 - No control,01 - Non intersection,01 - Daylight,03 - P.D. only,01 - Approaching,Greenbelt
1579,BEARBROOK RD/ROCKCLIFFE PKWY @ ST. JOSEPH BLVD,377128.3999,5035239.592,-75.57526,45.45334,2017-06-21,12:20:00 PM,01 - Clear,01 - Dry,01 - Traffic signal,02 - Intersection related,01 - Daylight,03 - P.D. only,03 - Rear end,Greenbelt
1580,BEARBROOK RD/ROCKCLIFFE PKWY @ ST. JOSEPH BLVD,377129.7376,5035238.254,-75.57524,45.45333,2017-07-05,10:35:00 AM,01 - Clear,01 - Dry,01 - Traffic signal,03 - At intersection,01 - Daylight,03 - P.D. only,05 - Turning movement,Greenbelt
1581,BEARBROOK RD/ROCKCLIFFE PKWY @ ST. JOSEPH BLVD,377127.7267,5035240.891,-75.57527,45.45335,2017-10-31,10:22:00 PM,01 - Clear,01 - Dry,01 - Traffic signal,02 - Intersection related,07 - Dark,03 - P.D. only,03 - Rear end,Greenbelt
1582,BEARBROOK RD/ROCKCLIFFE PKWY @ ST. JOSEPH BLVD,377132.3905,5035243.153,-75.57521,45.45337,2017-12-13,4:00:00 PM,01 - Clear,02 - Wet,01 - Traffic signal,02 - Intersection related,05 - Dusk,03 - P.D. only,06 - SMV unattended vehicle,Greenbelt
1583,BEARBROOK RD/ROCKCLIFFE PKWY @ ST. JOSEPH BLVD,377128.7343,5035238.499,-75.57525,45.45333,2017-01-21,7:08:00 PM,01 - Clear,02 - Wet,01 - Traffic signal,02 - Intersection related,07 - Dark,03 - P.D. only,03 - Rear end,Greenbelt
1584,BEARBROOK RD/ROCKCLIFFE PKWY @ ST. JOSEPH BLVD,377129.1541,5035240.831,-75.57525,45.45335,2017-02-15,6:06:00 PM,03 - Snow,04 - Slush,01 - Traffic signal,02 - Intersection related,07 - Dark,03 - P.D. only,99 - Other,Greenbelt
1585,BEARBROOK RD/ROCKCLIFFE PKWY @ ST. JOSEPH BLVD,377129.4848,5035239.217,-75.57524,45.45334,2017-03-24,11:30:00 AM,03 - Snow,03 - Loose snow,01 - Traffic signal,02 - Intersection related,01 - Daylight,03 - P.D. only,03 - Rear end,Greenbelt
1586,BEARHILL RD @ MARCH RD,338158.7172,5017979.82,-76.07464,45.30098,2017-09-01,2:59:00 PM,01 - Clear,01 - Dry,02 - Stop sign,03 - At intersection,01 - Daylight,03 - P.D. only,03 - Rear end,Carp - Hardwood Plains
1587,BEATRICE DR @ BERRIGAN DR,365177.8072,5016073.88,-75.73038,45.28203,2017-08-24,4:33:00 PM,01 - Clear,01 - Dry,02 - Stop sign,02 - Intersection related,01 - Daylight,03 - P.D. only,04 - Sideswipe,New Barrhaven
1588,BEATRICE DR @ CLARIDGE DR,365145.2057,5016521.638,-75.73074,45.28606,2017-09-09,4:06:00 PM,01 - Clear,01 - Dry,02 - Stop sign,03 - At intersection,01 - Daylight,02 - Non-fatal injury,02 - Angle,Greenbelt
1589,BEATRICE DR @ CLARIDGE DR,365146.1931,5016522.355,-75.73073,45.28607,2017-11-23,8:10:00 AM,01 - Clear,02 - Wet,02 - Stop sign,02 - Intersection related,01 - Daylight,03 - P.D. only,06 - SMV unattended vehicle,Greenbelt
1590,BEATRICE DR @ GREENPOINTE DR/HERITAGE GLEN DR,365529.3512,5015401.136,-75.72598,45.27594,2017-11-18,6:30:00 PM,02 - Rain,02 - Wet,02 - Stop sign,03 - At intersection,07 - Dark,03 - P.D. only,02 - Angle,New Barrhaven
1591,BEATRICE DR @ STRANDHERD DR,365527.7115,5015322.151,-75.72601,45.27523,2017-06-18,1:30:00 PM,01 - Clear,02 - Wet,01 - Traffic signal,02 - Intersection related,01 - Daylight,03 - P.D. only,03 - Rear end,New Barrhaven
1592,BEATRICE DR @ STRANDHERD DR,365528.4869,5015322.592,-75.726,45.27524,2017-08-29,7:00:00 PM,01 - Clear,01 - Dry,01 - Traffic signal,03 - At intersection,01 - Daylight,03 - P.D. only,03 - Rear end,New Barrhaven
1593,BEATRICE DR @ STRANDHERD DR,365527.377,5015320.841,-75.72601,45.27522,2017-08-16,10:31:00 AM,01 - Clear,01 - Dry,01 - Traffic signal,03 - At intersection,01 - Daylight,03 - P.D. only,02 - Angle,New Barrhaven
1594,BEATRICE DR @ STRANDHERD DR,365527.377,5015321.214,-75.72601,45.27522,2017-08-01,5:48:00 PM,01 - Clear,01 - Dry,01 - Traffic signal,03 - At intersection,01 - Daylight,02 - Non-fatal injury,05 - Turning movement,New Barrhaven
1595,BEATRICE DR @ STRANDHERD DR,365526.3737,5015322.151,-75.72603,45.27523,2017-11-22,5:38:00 PM,01 - Clear,01 - Dry,01 - Traffic signal,02 - Intersection related,07 - Dark,03 - P.D. only,03 - Rear end,New Barrhaven
1596,BEATRICE DR @ STRANDHERD DR,365527.377,5015321.753,-75.72601,45.27523,2017-02-05,11:45:00 AM,01 - Clear,02 - Wet,01 - Traffic signal,03 - At intersection,01 - Daylight,02 - Non-fatal injury,05 - Turning movement,New Barrhaven
1597,BEATRICE DR @ STRANDHERD DR,365527.377,5015322.028,-75.72601,45.27523,2017-01-26,11:00:00 AM,01 - Clear,02 - Wet,01 - Traffic signal,02 - Intersection related,01 - Daylight,03 - P.D. only,03 - Rear end,New Barrhaven
1598,BEATRICE DR @ STRANDHERD DR,365525.7048,5015322.151,-75.72604,45.27523,2017-03-20,11:16:00 AM,01 - Clear,01 - Dry,01 - Traffic signal,03 - At intersection,01 - Daylight,02 - Non-fatal injury,02 - Angle,New Barrhaven
1599,BEATRICE DR @ STRANDHERD DR,365528.3803,5015320.813,-75.726,45.27522,2017-04-07,10:12:00 PM,01 - Clear,01 - Dry,01 - Traffic signal,03 - At intersection,07 - Dark,03 - P.D. only,05 - Turning movement,New Barrhaven
1600,BEATRICE DR @ STRANDHERD DR,365526.6669,5015322.665,-75.72602,45.27524,2017-12-25,10:30:00 AM,01 - Clear,03 - Loose snow,01 - Traffic signal,02 - Intersection related,01 - Daylight,03 - P.D. only,05 - Turning movement,New Barrhaven
1601,BEATRICE DR btwn BLACKPOOL LANE & BURNTWOOD AVE,365113.3081,5016410.34,-75.73116,45.28506,2017-04-25,5:48:00 PM,01 - Clear,01 - Dry,10 - No control,01 - Non intersection,01 - Daylight,03 - P.D. only,05 - Turning movement,New Barrhaven
1602,BEAUSEJOUR DR @ HUNTER'S RUN DR,380676.7435,5035905.908,-75.5298,45.45896,2017-03-23,9:30:00 AM,01 - Clear,01 - Dry,02 - Stop sign,03 - At intersection,01 - Daylight,03 - P.D. only,02 - Angle,Chapel Hill
1603,BEAUSEJOUR DR @ JEANNE D'ARC BLVD,381420.4127,5036059.902,-75.52026,45.46027,2017-06-06,2:45:00 PM,02 - Rain,02 - Wet,01 - Traffic signal,02 - Intersection related,01 - Daylight,03 - P.D. only,03 - Rear end,Orleans Village - Chateauneuf
1604,BEAUSEJOUR DR @ JEANNE D'ARC BLVD,381420.7471,5036059.713,-75.52026,45.46026,2017-01-07,9:40:00 PM,01 - Clear,02 - Wet,01 - Traffic signal,03 - At intersection,07 - Dark,03 - P.D. only,05 - Turning movement,Orleans Village - Chateauneuf
1605,BEAUSEJOUR DR @ JEANNE D'ARC BLVD,381419.6616,5036060.843,-75.52027,45.46027,2017-01-19,3:30:00 PM,01 - Clear,01 - Dry,01 - Traffic signal,03 - At intersection,01 - Daylight,03 - P.D. only,07 - SMV other,Orleans Village - Chateauneuf
1606,BEAUSEJOUR DR @ JEANNE D'ARC BLVD,381420.4127,5036059.902,-75.52026,45.46027,2017-02-25,2:03:00 PM,02 - Rain,02 - Wet,01 - Traffic signal,03 - At intersection,01 - Daylight,03 - P.D. only,05 - Turning movement,Orleans Village - Chateauneuf
1607,BEAUSEJOUR DR btwn CHAMPNEUF DR & KINDERSLEY AVE,381596.4175,5036153.074,-75.518,45.46108,2017-05-04,12:00:00 AM,02 - Rain,02 - Wet,10 - No control,01 - Non intersection,00 - Unknown,03 - P.D. only,06 - SMV unattended vehicle,Orleans Village - Chateauneuf
1608,BEAUSEJOUR DR btwn DES FAISANS GT & ORLEANS BLVD,380548.3452,5035361.946,-75.53152,45.45408,2017-12-06,12:30:00 PM,01 - Clear,01 - Dry,10 - No control,01 - Non intersection,01 - Daylight,03 - P.D. only,04 - Sideswipe,Chapel Hill
1609,BEAUSEJOUR DR N @ ORLEANS BLVD,381056.7541,5035896.254,-75.52494,45.45883,2017-03-08,10:29:00 AM,01 - Clear,06 - Ice,01 - Traffic signal,02 - Intersection related,01 - Daylight,03 - P.D. only,01 - Approaching,Orleans Village - Chateauneuf
1610,BEAUSEJOUR DR N @ ORLEANS BLVD,381055.2774,5035895.822,-75.52496,45.45883,2017-12-19,12:34:00 PM,03 - Snow,04 - Slush,01 - Traffic signal,02 - Intersection related,01 - Daylight,03 - P.D. only,03 - Rear end,Orleans Village - Chateauneuf
1611,BEAUSOLEIL DR @ CLARENCE ST,368601.2486,5032846.121,-75.68458,45.43264,2017-02-09,4:12:00 PM,01 - Clear,05 - Packed snow,02 - Stop sign,02 - Intersection related,01 - Daylight,03 - P.D. only,99 - Other,Lower Town
1612,BEAUSOLEIL DR @ OLD ST. PATRICK ST,368517.0372,5032987.688,-75.68564,45.43392,2017-12-17,9:33:00 PM,01 - Clear,01 - Dry,02 - Stop sign,03 - At intersection,07 - Dark,02 - Non-fatal injury,07 - SMV other,Lower Town
1613,BEAUSOLEIL DR btwn YORK ST & COBOURG ST,368823.5478,5032743.932,-75.68175,45.4317,2017-05-21,4:44:00 PM,02 - Rain,02 - Wet,10 - No control,01 - Non intersection,01 - Daylight,02 - Non-fatal injury,02 - Angle,Lower Town
1614,BEAUSOLEIL DR btwn YORK ST & COBOURG ST,368898.7912,5032821.951,-75.68078,45.43239,2017-11-24,2:21:00 AM,01 - Clear,01 - Dry,10 - No control,01 - Non intersection,07 - Dark,03 - P.D. only,06 - SMV unattended vehicle,Lower Town
1615,BEAVERHILL DR @ JASMINE CRES,375590.8867,5033964.563,-75.5951,45.44203,2017-07-29,10:18:00 AM,01 - Clear,01 - Dry,02 - Stop sign,03 - At intersection,01 - Daylight,02 - Non-fatal injury,02 - Angle,Beacon Hill South - Cardinal Heights
1616,BEAVERPOND DR @ BLAIR RD,375400.0644,5031875.905,-75.59784,45.42325,2017-06-28,6:14:00 PM,02 - Rain,02 - Wet,01 - Traffic signal,02 - Intersection related,01 - Daylight,03 - P.D. only,03 - Rear end,Pineview
1617,BEAVERPOND DR @ BLAIR RD,375398.9794,5031877.194,-75.59785,45.42327,2017-02-28,1:28:00 PM,01 - Clear,01 - Dry,01 - Traffic signal,03 - At intersection,01 - Daylight,03 - P.D. only,03 - Rear end,Pineview
1618,BEAVERPOND DR @ BLAIR RD,375399.7299,5031874.806,-75.59784,45.42324,2017-12-20,1:35:00 PM,01 - Clear,02 - Wet,01 - Traffic signal,02 - Intersection related,01 - Daylight,03 - P.D. only,03 - Rear end,Pineview
1619,BEAVERPOND DR btwn APPLETON DR & BLAIR RD,375318.4617,5031844.908,-75.59888,45.42298,2017-02-21,11:52:00 AM,01 - Clear,01 - Dry,10 - No control,04 - At/near private drive,01 - Daylight,03 - P.D. only,02 - Angle,Pineview
1620,BECKETT CRES btwn PARADE DR & PARADE DR,351657.5314,5011941.613,-75.9031,45.24588,2017-11-06,12:00:00 AM,01 - Clear,01 - Dry,10 - No control,04 - At/near private drive,00 - Unknown,03 - P.D. only,06 - SMV unattended vehicle,Stittsville - Basswood
1621,BECKSTEAD RD @ MERIVALE RD,367261.5806,5017942.246,-75.70358,45.29866,2017-08-17,1:32:00 PM,01 - Clear,02 - Wet,02 - Stop sign,02 - Intersection related,01 - Daylight,02 - Non-fatal injury,03 - Rear end,Greenbelt
1622,BEECH ST @ CHAMPAGNE AVE,366466.7014,5029178.752,-75.71232,45.39983,2017-10-20,7:58:00 PM,01 - Clear,01 - Dry,02 - Stop sign,03 - At intersection,07 - Dark,02 - Non-fatal injury,07 - SMV other,Centretown West
1623,BEECH ST @ PRESTON ST,366684.6963,5029269.009,-75.70952,45.40062,2017-10-01,3:15:00 PM,01 - Clear,01 - Dry,01 - Traffic signal,02 - Intersection related,01 - Daylight,03 - P.D. only,04 - Sideswipe,Little Italy
1624,BEECH ST @ PRESTON ST,366685.6996,5029270.225,-75.70951,45.40063,2017-10-24,2:26:00 PM,01 - Clear,01 - Dry,01 - Traffic signal,03 - At intersection,01 - Daylight,02 - Non-fatal injury,02 - Angle,Little Italy
1625,BEECH ST @ PRESTON ST,366684.3619,5029270.893,-75.70952,45.40064,2017-04-13,11:25:00 AM,01 - Clear,01 - Dry,01 - Traffic signal,03 - At intersection,01 - Daylight,03 - P.D. only,05 - Turning movement,Little Italy
1626,BEECH ST @ ROCHESTER ST,366856.6985,5029341.759,-75.70731,45.40126,2017-08-01,1:02:00 PM,01 - Clear,01 - Dry,02 - Stop sign,02 - Intersection related,01 - Daylight,02 - Non-fatal injury,04 - Sideswipe,Little Italy
1627,BEECH ST @ ROCHESTER ST,366857.033,5029343.9,-75.70731,45.40128,2017-02-23,10:16:00 PM,01 - Clear,02 - Wet,02 - Stop sign,03 - At intersection,07 - Dark,03 - P.D. only,02 - Angle,Centretown West
1628,BEECH ST @ ROCHESTER ST,366857.033,5029342.563,-75.70731,45.40127,2017-12-16,1:00:00 PM,01 - Clear,05 - Packed snow,02 - Stop sign,03 - At intersection,01 - Daylight,03 - P.D. only,02 - Angle,Little Italy
1629,BEECH ST btwn BAYSWATER AVE & BREEZEHILL AVE S,366256.2854,5029088.212,-75.71502,45.39903,2017-03-17,3:00:00 PM,01 - Clear,01 - Dry,10 - No control,01 - Non intersection,01 - Daylight,03 - P.D. only,06 - SMV unattended vehicle,Centretown West
1630,BEECH ST btwn BAYSWATER PL & BAYSWATER AVE,366136.5603,5029036.653,-75.71655,45.39858,2017-11-24,12:00:00 AM,01 - Clear,01 - Dry,10 - No control,01 - Non intersection,00 - Unknown,03 - P.D. only,06 - SMV unattended vehicle,Civic Hospital - Experimental Farm - Central Park
1631,BEECH ST btwn CHAMPAGNE AVE S & RAILWAY ST,366499.8118,5029189.597,-75.71189,45.39993,2017-10-20,10:45:00 AM,01 - Clear,01 - Dry,10 - No control,01 - Non intersection,01 - Daylight,03 - P.D. only,06 - SMV unattended vehicle,Centretown West
1632,BEECH ST btwn CHAMPAGNE AVE S & RAILWAY ST,366470.1185,5029179.124,-75.71227,45.39983,2017-12-10,3:37:00 AM,03 - Snow,03 - Loose snow,10 - No control,01 - Non intersection,07 - Dark,03 - P.D. only,06 - SMV unattended vehicle,Centretown West
1633,BEECH ST btwn LORETTA AVE S & CHAMPAGNE AVE S,366392.9569,5029145.409,-75.71326,45.39954,2017-08-12,3:30:00 PM,02 - Rain,02 - Wet,10 - No control,01 - Non intersection,01 - Daylight,03 - P.D. only,06 - SMV unattended vehicle,Centretown West
1634,BEECH ST btwn PRESTON ST & ROCHESTER ST,366705.0513,5029278.313,-75.70926,45.40071,2017-09-27,4:40:00 PM,01 - Clear,01 - Dry,10 - No control,04 - At/near private drive,01 - Daylight,03 - P.D. only,02 - Angle,Little Italy
1635,BEECHFERN DR btwn OAKFERN CRES & CARBERY DR,350466.0411,5013882.308,-75.9181,45.26342,2017-12-25,10:40:00 PM,03 - Snow,05 - Packed snow,10 - No control,01 - Non intersection,07 - Dark,03 - P.D. only,06 - SMV unattended vehicle,Stittsville
1636,BEECHWOOD AVE @ CHARLEVOIX ST/MACKAY ST,369186.4386,5033592.602,-75.677,45.4393,2017-09-29,3:44:00 PM,01 - Clear,01 - Dry,01 - Traffic signal,03 - At intersection,01 - Daylight,03 - P.D. only,05 - Turning movement,Lindenlea - New Edinburgh
1637,BEECHWOOD AVE @ CHARLEVOIX ST/MACKAY ST,369185.9907,5033592.204,-75.67701,45.4393,2017-10-02,5:04:00 PM,01 - Clear,01 - Dry,01 - Traffic signal,02 - Intersection related,01 - Daylight,03 - P.D. only,04 - Sideswipe,Lindenlea - New Edinburgh
1638,BEECHWOOD AVE @ CHARLEVOIX ST/MACKAY ST,369186.8743,5033591.682,-75.677,45.43929,2017-12-11,9:17:00 AM,01 - Clear,01 - Dry,01 - Traffic signal,03 - At intersection,01 - Daylight,03 - P.D. only,02 - Angle,Vanier North
1639,BEECHWOOD AVE @ CORONA AVE,369698.6187,5034149.563,-75.67038,45.44426,2017-12-24,3:00:00 PM,01 - Clear,03 - Loose snow,02 - Stop sign,03 - At intersection,01 - Daylight,03 - P.D. only,02 - Angle,Rockcliffe - Manor Park
1640,BEECHWOOD AVE @ MARIER AVE/PUTMAN AVE,369606.1534,5033906.923,-75.6716,45.44209,2017-07-25,6:40:00 AM,01 - Clear,02 - Wet,01 - Traffic signal,02 - Intersection related,01 - Daylight,03 - P.D. only,06 - SMV unattended vehicle,Vanier North
1641,BEECHWOOD AVE @ MARIER AVE/PUTMAN AVE,369604.7507,5033906.877,-75.67162,45.44209,2017-07-27,6:05:00 PM,01 - Clear,01 - Dry,01 - Traffic signal,03 - At intersection,01 - Daylight,02 - Non-fatal injury,05 - Turning movement,Vanier North
1642,BEECHWOOD AVE @ MARIER AVE/PUTMAN AVE,369605.7065,5033907.37,-75.6716,45.44209,2017-09-07,10:36:00 PM,02 - Rain,02 - Wet,01 - Traffic signal,02 - Intersection related,07 - Dark,02 - Non-fatal injury,03 - Rear end,Vanier North
1643,BEECHWOOD AVE @ MARQUETTE AVE,369681.8284,5034040.364,-75.67061,45.44328,2017-06-29,6:14:00 PM,02 - Rain,02 - Wet,02 - Stop sign,02 - Intersection related,01 - Daylight,03 - P.D. only,03 - Rear end,Vanier
1644,BEECHWOOD AVE @ MARQUETTE AVE,369680.8926,5034039.636,-75.67062,45.44328,2017-09-12,4:03:00 PM,01 - Clear,01 - Dry,02 - Stop sign,02 - Intersection related,01 - Daylight,03 - P.D. only,01 - Approaching,Vanier
1645,BEECHWOOD AVE btwn CHAPLEAU AVE & PUTMAN AVE,369561.4968,5033877.455,-75.67217,45.44183,2017-12-15,8:00:00 PM,03 - Snow,06 - Ice,10 - No control,04 - At/near private drive,07 - Dark,03 - P.D. only,03 - Rear end,Lindenlea
1646,BEECHWOOD AVE btwn MARQUETTE AVE & BLACK MAPLE PRIV,369688.7782,5034073.398,-75.67052,45.44358,2017-03-16,3:41:00 PM,01 - Clear,01 - Dry,10 - No control,01 - Non intersection,01 - Daylight,03 - P.D. only,06 - SMV unattended vehicle,Vanier North
1647,BEECHWOOD AVE btwn OAKHILL RD & HEMLOCK RD,369766.4584,5034308.593,-75.6695,45.44569,2017-01-05,7:13:00 PM,01 - Clear,04 - Slush,10 - No control,01 - Non intersection,07 - Dark,03 - P.D. only,01 - Approaching,Rockcliffe - Manor Park
1648,BEECHWOOD AVE btwn PUTMAN AVE & ACACIA AVE,369612.061,5033915.62,-75.67152,45.44217,2017-04-10,4:40:00 PM,01 - Clear,01 - Dry,10 - No control,01 - Non intersection,01 - Daylight,02 - Non-fatal injury,04 - Sideswipe,Lindenlea
1649,BEECHWOOD AVE btwn SPRINGFIELD RD & LOYER ST,369283.0227,5033679.755,-75.67576,45.44008,2017-08-29,6:44:00 PM,01 - Clear,01 - Dry,10 - No control,01 - Non intersection,01 - Daylight,02 - Non-fatal injury,07 - SMV other,Lindenlea
1650,BEECHWOOD AVE btwn ST. PATRICK ST & MACKAY ST,369147.0689,5033519.157,-75.67752,45.43864,2017-06-04,12:00:00 AM,01 - Clear,01 - Dry,10 - No control,01 - Non intersection,00 - Unknown,03 - P.D. only,06 - SMV unattended vehicle,Vanier North
1651,BEGIN ST @ MONTREAL RD,370466.7073,5033287.819,-75.66068,45.43644,2017-02-08,7:08:00 PM,01 - Clear,01 - Dry,02 - Stop sign,03 - At intersection,07 - Dark,02 - Non-fatal injury,05 - Turning movement,Vanier South