Record,Location,X,Y,Longitude,Latitude,Date,Time,Environment,Road_Surface,Traffic_Control,Collision_Location,Light,Collision_Classification,Impact_type,Neighborhood
1652,BELANGER AVE btwn CLEMENTINE BLVD & BANK ST,369613.8891,5027419.375,-75.67235,45.38372,2017-02-25,4:30:00 PM,02 - Rain,02 - Wet,10 - No control,01 - Non intersection,01 - Daylight,03 - P.D. only,06 - SMV unattended vehicle,Alta Vista
1653,BELCOURT BLVD @ INNES RD,382121.5778,5035267.935,-75.51142,45.45306,2017-07-27,5:55:00 AM,01 - Clear,01 - Dry,01 - Traffic signal,02 - Intersection related,01 - Daylight,03 - P.D. only,03 - Rear end,Chapel Hill South
1654,BELCOURT BLVD @ INNES RD,382123.2097,5035266.634,-75.5114,45.45305,2017-10-06,3:00:00 PM,01 - Clear,01 - Dry,01 - Traffic signal,02 - Intersection related,01 - Daylight,02 - Non-fatal injury,03 - Rear end,Chapel Hill South
1655,BELCOURT BLVD @ INNES RD,382121.4469,5035267.194,-75.51143,45.45306,2017-10-18,4:29:00 PM,01 - Clear,01 - Dry,01 - Traffic signal,02 - Intersection related,01 - Daylight,02 - Non-fatal injury,03 - Rear end,Chapel Hill South
1656,BELCOURT BLVD @ INNES RD,382123.4096,5035266.969,-75.5114,45.45305,2017-12-05,8:49:00 PM,02 - Rain,02 - Wet,01 - Traffic signal,03 - At intersection,07 - Dark,02 - Non-fatal injury,05 - Turning movement,Chapel Hill South
1657,BELCOURT BLVD @ INNES RD,382123.2956,5035264.893,-75.5114,45.45304,2017-01-03,6:35:00 PM,02 - Rain,02 - Wet,01 - Traffic signal,02 - Intersection related,07 - Dark,03 - P.D. only,03 - Rear end,Chapel Hill South
1658,BELCOURT BLVD @ INNES RD,382122.1117,5035267.953,-75.51142,45.45306,2017-12-31,11:06:00 AM,01 - Clear,01 - Dry,01 - Traffic signal,02 - Intersection related,01 - Daylight,03 - P.D. only,02 - Angle,Chapel Hill South
1659,BELCOURT BLVD @ NOTRE DAME ST,381315.2033,5037215.311,-75.52143,45.47067,2017-02-03,8:10:00 PM,01 - Clear,01 - Dry,02 - Stop sign,03 - At intersection,07 - Dark,02 - Non-fatal injury,02 - Angle,Orleans Village - Chateauneuf
1660,BELCOURT BLVD @ ST. JOSEPH BLVD,381205.0747,5037359.934,-75.52281,45.47199,2017-05-02,6:01:00 PM,01 - Clear,02 - Wet,01 - Traffic signal,03 - At intersection,01 - Daylight,03 - P.D. only,05 - Turning movement,Orleans Village - Chateauneuf
1661,BELCOURT BLVD @ ST. JOSEPH BLVD,381205.7435,5037358.597,-75.52281,45.47197,2017-11-14,10:53:00 AM,01 - Clear,01 - Dry,01 - Traffic signal,03 - At intersection,01 - Daylight,03 - P.D. only,02 - Angle,Orleans Village - Chateauneuf
1662,BELCOURT BLVD @ ST. JOSEPH BLVD,381204.4058,5037357.928,-75.52282,45.47197,2017-02-22,12:06:00 PM,01 - Clear,01 - Dry,01 - Traffic signal,03 - At intersection,01 - Daylight,03 - P.D. only,05 - Turning movement,Orleans Village - Chateauneuf
1663,BELCOURT BLVD @ ST. JOSEPH BLVD,381205.5045,5037357.663,-75.52281,45.47197,2017-12-17,1:21:00 AM,01 - Clear,01 - Dry,01 - Traffic signal,02 - Intersection related,07 - Dark,03 - P.D. only,01 - Approaching,Orleans Village - Chateauneuf
1664,BELCOURT BLVD btwn BELVAL CRES & BEAUSEJOUR DR,381731.1706,5036227.747,-75.51626,45.46174,2017-08-26,11:53:00 AM,01 - Clear,01 - Dry,10 - No control,01 - Non intersection,01 - Daylight,03 - P.D. only,06 - SMV unattended vehicle,Orleans Village - Chateauneuf
1665,BELFAST RD @ COVENTRY RD,371524.0556,5031643.571,-75.64739,45.42154,2017-05-30,7:28:00 AM,01 - Clear,01 - Dry,01 - Traffic signal,02 - Intersection related,01 - Daylight,03 - P.D. only,03 - Rear end,Overbrook
1666,BELFAST RD @ COVENTRY RD,371523.7211,5031641.836,-75.6474,45.42153,2017-10-13,3:55:00 PM,01 - Clear,01 - Dry,01 - Traffic signal,02 - Intersection related,01 - Daylight,03 - P.D. only,03 - Rear end,Overbrook
1667,BELFAST RD @ COVENTRY RD,371523.6771,5031641.172,-75.6474,45.42152,2017-10-23,4:13:00 PM,01 - Clear,01 - Dry,01 - Traffic signal,02 - Intersection related,01 - Daylight,03 - P.D. only,04 - Sideswipe,Overbrook
1668,BELFAST RD @ COVENTRY RD,371523.3867,5031643.571,-75.6474,45.42154,2017-11-15,5:07:00 PM,01 - Clear,01 - Dry,01 - Traffic signal,02 - Intersection related,07 - Dark,03 - P.D. only,03 - Rear end,Overbrook
1669,BELFAST RD @ COVENTRY RD,371524.1945,5031640.381,-75.64739,45.42152,2017-01-17,5:42:00 PM,01 - Clear,01 - Dry,01 - Traffic signal,02 - Intersection related,07 - Dark,02 - Non-fatal injury,03 - Rear end,Overbrook
1670,BELFAST RD @ COVENTRY RD,371524.7244,5031641.565,-75.64738,45.42153,2017-03-29,8:36:00 AM,01 - Clear,01 - Dry,01 - Traffic signal,02 - Intersection related,01 - Daylight,03 - P.D. only,04 - Sideswipe,Overbrook
1671,BELFAST RD @ COVENTRY RD,371524.199,5031641.326,-75.64739,45.42152,2017-12-23,12:15:00 PM,03 - Snow,03 - Loose snow,01 - Traffic signal,02 - Intersection related,01 - Daylight,03 - P.D. only,03 - Rear end,Overbrook
1672,BELFAST RD @ OC TRANSPO GARAGE ENT N/530 E OF TRAINYARDS DR,372349.8383,5030664.106,-75.63697,45.41265,2017-03-09,5:08:00 PM,01 - Clear,01 - Dry,01 - Traffic signal,02 - Intersection related,01 - Daylight,03 - P.D. only,04 - Sideswipe,Industrial Park
1673,BELFAST RD @ ST. LAURENT BLVD,372861.0586,5030577.893,-75.63046,45.41183,2017-05-23,9:16:00 AM,01 - Clear,01 - Dry,01 - Traffic signal,02 - Intersection related,01 - Daylight,03 - P.D. only,03 - Rear end,Industrial Park
1674,BELFAST RD @ ST. LAURENT BLVD,372861.0586,5030577.893,-75.63046,45.41183,2017-04-24,1:45:00 PM,01 - Clear,01 - Dry,01 - Traffic signal,02 - Intersection related,01 - Daylight,03 - P.D. only,03 - Rear end,Industrial Park
1675,BELFAST RD @ ST. LAURENT BLVD,372861.0586,5030578.562,-75.63046,45.41183,2017-05-05,6:31:00 PM,02 - Rain,02 - Wet,01 - Traffic signal,02 - Intersection related,01 - Daylight,02 - Non-fatal injury,03 - Rear end,Industrial Park
1676,BELFAST RD @ ST. LAURENT BLVD,372860.3897,5030577.893,-75.63046,45.41183,2017-05-19,10:20:00 AM,01 - Clear,01 - Dry,01 - Traffic signal,03 - At intersection,01 - Daylight,02 - Non-fatal injury,07 - SMV other,Industrial Park
1677,BELFAST RD @ ST. LAURENT BLVD,372860.3897,5030578.562,-75.63046,45.41183,2017-05-26,10:00:00 AM,01 - Clear,02 - Wet,01 - Traffic signal,03 - At intersection,01 - Daylight,03 - P.D. only,05 - Turning movement,Industrial Park
1678,BELFAST RD @ ST. LAURENT BLVD,372859.0519,5030578.562,-75.63048,45.41183,2017-05-02,3:08:00 PM,02 - Rain,02 - Wet,01 - Traffic signal,02 - Intersection related,01 - Daylight,03 - P.D. only,04 - Sideswipe,Industrial Park
1679,BELFAST RD @ ST. LAURENT BLVD,372863.2716,5030578.562,-75.63043,45.41183,2017-04-26,8:08:00 AM,01 - Clear,01 - Dry,01 - Traffic signal,03 - At intersection,01 - Daylight,03 - P.D. only,05 - Turning movement,Industrial Park
1680,BELFAST RD @ ST. LAURENT BLVD,372861.0586,5030579.231,-75.63046,45.41184,2017-06-20,5:59:00 AM,02 - Rain,02 - Wet,01 - Traffic signal,03 - At intersection,01 - Daylight,02 - Non-fatal injury,05 - Turning movement,Industrial Park
1681,BELFAST RD @ ST. LAURENT BLVD,372860.7236,5030578.562,-75.63046,45.41183,2017-05-03,3:26:00 PM,01 - Clear,01 - Dry,01 - Traffic signal,02 - Intersection related,01 - Daylight,03 - P.D. only,03 - Rear end,Industrial Park
1682,BELFAST RD @ ST. LAURENT BLVD,372860.7241,5030579.251,-75.63046,45.41184,2017-07-15,3:40:00 AM,02 - Rain,02 - Wet,01 - Traffic signal,03 - At intersection,07 - Dark,03 - P.D. only,02 - Angle,Industrial Park
1683,BELFAST RD @ ST. LAURENT BLVD,372861.7274,5030577.224,-75.63045,45.41182,2017-07-05,3:50:00 PM,01 - Clear,01 - Dry,01 - Traffic signal,03 - At intersection,01 - Daylight,02 - Non-fatal injury,05 - Turning movement,Industrial Park
1684,BELFAST RD @ ST. LAURENT BLVD,372861.5871,5030578.346,-75.63045,45.41183,2017-08-15,5:10:00 PM,01 - Clear,01 - Dry,01 - Traffic signal,02 - Intersection related,01 - Daylight,02 - Non-fatal injury,04 - Sideswipe,Industrial Park
1685,BELFAST RD @ ST. LAURENT BLVD,372860.2507,5030578.325,-75.63047,45.41183,2017-09-24,5:47:00 PM,01 - Clear,01 - Dry,01 - Traffic signal,03 - At intersection,01 - Daylight,02 - Non-fatal injury,05 - Turning movement,Industrial Park
1686,BELFAST RD @ ST. LAURENT BLVD,372860.2462,5030578.323,-75.63047,45.41183,2017-09-18,1:36:00 PM,01 - Clear,01 - Dry,01 - Traffic signal,03 - At intersection,01 - Daylight,02 - Non-fatal injury,02 - Angle,Industrial Park
1687,BELFAST RD @ ST. LAURENT BLVD,372860.7241,5030578.339,-75.63046,45.41183,2017-09-11,4:40:00 PM,01 - Clear,01 - Dry,01 - Traffic signal,03 - At intersection,01 - Daylight,03 - P.D. only,02 - Angle,Industrial Park
1688,BELFAST RD @ ST. LAURENT BLVD,372861.6799,5030578.801,-75.63045,45.41184,2017-09-14,3:19:00 PM,01 - Clear,01 - Dry,01 - Traffic signal,02 - Intersection related,01 - Daylight,03 - P.D. only,04 - Sideswipe,Industrial Park
1689,BELFAST RD @ ST. LAURENT BLVD,372861.1975,5030578.325,-75.63045,45.41183,2017-09-23,6:00:00 PM,01 - Clear,01 - Dry,01 - Traffic signal,02 - Intersection related,01 - Daylight,03 - P.D. only,03 - Rear end,Industrial Park
1690,BELFAST RD @ ST. LAURENT BLVD,372860.2507,5030578.799,-75.63047,45.41184,2017-12-09,3:58:00 PM,01 - Clear,01 - Dry,01 - Traffic signal,02 - Intersection related,01 - Daylight,03 - P.D. only,03 - Rear end,Industrial Park
1691,BELFAST RD @ ST. LAURENT BLVD,372861.0586,5030578.562,-75.63046,45.41183,2017-11-30,9:37:00 AM,01 - Clear,01 - Dry,01 - Traffic signal,02 - Intersection related,01 - Daylight,03 - P.D. only,03 - Rear end,Industrial Park
1692,BELFAST RD @ ST. LAURENT BLVD,372860.7241,5030577.886,-75.63046,45.41183,2017-11-21,7:00:00 AM,01 - Clear,01 - Dry,01 - Traffic signal,02 - Intersection related,03 - Dawn,02 - Non-fatal injury,07 - SMV other,Industrial Park
1693,BELFAST RD @ ST. LAURENT BLVD,372860.2507,5030578.325,-75.63047,45.41183,2017-01-11,6:47:00 AM,01 - Clear,02 - Wet,01 - Traffic signal,02 - Intersection related,07 - Dark,03 - P.D. only,03 - Rear end,Industrial Park
1694,BELFAST RD @ ST. LAURENT BLVD,372861.7274,5030579.231,-75.63045,45.41184,2017-02-16,5:22:00 PM,01 - Clear,03 - Loose snow,01 - Traffic signal,03 - At intersection,05 - Dusk,03 - P.D. only,05 - Turning movement,Industrial Park
1695,BELFAST RD @ ST. LAURENT BLVD,372861.8096,5030577.748,-75.63045,45.41183,2017-01-16,6:56:00 PM,01 - Clear,02 - Wet,01 - Traffic signal,03 - At intersection,07 - Dark,03 - P.D. only,05 - Turning movement,Industrial Park
1696,BELFAST RD @ ST. LAURENT BLVD,372861.7274,5030578.562,-75.63045,45.41183,2017-04-09,6:27:00 PM,01 - Clear,01 - Dry,01 - Traffic signal,02 - Intersection related,01 - Daylight,03 - P.D. only,04 - Sideswipe,Industrial Park
1697,BELFAST RD @ ST. LAURENT BLVD,372860.3897,5030579.231,-75.63046,45.41184,2017-03-15,2:38:00 PM,03 - Snow,02 - Wet,01 - Traffic signal,03 - At intersection,01 - Daylight,03 - P.D. only,05 - Turning movement,Industrial Park
1698,BELFAST RD @ ST. LAURENT BLVD,372861.4746,5030577.436,-75.63045,45.41182,2017-03-28,3:22:00 PM,01 - Clear,01 - Dry,01 - Traffic signal,02 - Intersection related,01 - Daylight,03 - P.D. only,03 - Rear end,Industrial Park
1699,BELFAST RD @ ST. LAURENT BLVD,372860.2462,5030578.801,-75.63047,45.41184,2017-12-29,12:58:00 PM,01 - Clear,03 - Loose snow,01 - Traffic signal,03 - At intersection,01 - Daylight,03 - P.D. only,02 - Angle,Industrial Park
1700,BELFAST RD @ TRAINYARDS,371882.1121,5030915.096,-75.64292,45.41496,2017-07-24,1:19:00 PM,02 - Rain,02 - Wet,01 - Traffic signal,02 - Intersection related,01 - Daylight,03 - P.D. only,03 - Rear end,Industrial Park
1701,BELFAST RD @ TREMBLAY RD,371558.1832,5031319.76,-75.647,45.41863,2017-07-21,5:00:00 PM,01 - Clear,01 - Dry,01 - Traffic signal,02 - Intersection related,01 - Daylight,03 - P.D. only,04 - Sideswipe,Industrial Park
1702,BELFAST RD @ TREMBLAY RD,371559.1921,5031319.854,-75.64699,45.41863,2017-08-24,5:56:00 PM,01 - Clear,01 - Dry,01 - Traffic signal,03 - At intersection,01 - Daylight,02 - Non-fatal injury,05 - Turning movement,Industrial Park
1703,BELFAST RD @ TREMBLAY RD,371557.6332,5031320.835,-75.64701,45.41864,2017-10-18,4:51:00 PM,01 - Clear,01 - Dry,01 - Traffic signal,02 - Intersection related,05 - Dusk,03 - P.D. only,03 - Rear end,Industrial Park
1704,BELFAST RD @ TREMBLAY RD,371558.2453,5031321.274,-75.647,45.41864,2017-12-31,10:33:00 AM,01 - Clear,02 - Wet,01 - Traffic signal,02 - Intersection related,01 - Daylight,03 - P.D. only,05 - Turning movement,Industrial Park
1705,BELFAST RD @ TRIOLE ST,372981.2023,5030623.793,-75.62891,45.41223,2017-08-30,11:06:00 PM,01 - Clear,01 - Dry,02 - Stop sign,03 - At intersection,07 - Dark,02 - Non-fatal injury,02 - Angle,Industrial Park
1706,BELFAST RD @ TRIOLE ST,372981.1939,5030622.853,-75.62891,45.41222,2017-08-24,9:45:00 AM,01 - Clear,01 - Dry,02 - Stop sign,02 - Intersection related,01 - Daylight,03 - P.D. only,02 - Angle,Industrial Park
1707,BELFAST RD @ TRIOLE ST,372979.0567,5030624.894,-75.62894,45.41224,2017-03-08,7:26:00 AM,04 - Freezing Rain,06 - Ice,02 - Stop sign,03 - At intersection,01 - Daylight,03 - P.D. only,07 - SMV other,Industrial Park
1708,BELFAST RD btwn COVENTRY RD & TREMBLAY RD,371555.4659,5031344.952,-75.64703,45.41885,2017-12-28,3:08:00 PM,01 - Clear,04 - Slush,10 - No control,01 - Non intersection,01 - Daylight,02 - Non-fatal injury,03 - Rear end,Industrial Park
1709,BELFAST RD btwn ST. LAURENT BLVD & TRIOLE ST,372879.5757,5030588.752,-75.63022,45.41192,2017-06-22,12:28:00 PM,01 - Clear,01 - Dry,10 - No control,04 - At/near private drive,01 - Daylight,03 - P.D. only,02 - Angle,Industrial Park
1710,BELFAST RD btwn ST. LAURENT BLVD & TRIOLE ST,372872.2137,5030583.965,-75.63031,45.41188,2017-09-20,11:15:00 AM,01 - Clear,01 - Dry,10 - No control,04 - At/near private drive,01 - Daylight,03 - P.D. only,02 - Angle,Industrial Park
1711,BELFAST RD btwn TRAINYARDS DR & ST. LAURENT BLVD,372384.105,5030648.444,-75.63654,45.41251,2017-11-27,6:47:00 PM,01 - Clear,01 - Dry,10 - No control,04 - At/near private drive,07 - Dark,03 - P.D. only,05 - Turning movement,Industrial Park
1712,BELFAST RD btwn TREMBLAY RD & TRAINYARDS DR,371793.2145,5030943.499,-75.64405,45.41522,2017-06-23,8:47:00 AM,02 - Rain,02 - Wet,10 - No control,04 - At/near private drive,01 - Daylight,03 - P.D. only,02 - Angle,Industrial Park
1713,BELFAST RD btwn TREMBLAY RD & TRAINYARDS DR,371806.7372,5030940.169,-75.64387,45.41519,2017-09-06,12:12:00 PM,01 - Clear,01 - Dry,10 - No control,01 - Non intersection,01 - Daylight,02 - Non-fatal injury,03 - Rear end,Industrial Park
1714,BELFAST RD btwn TREMBLAY RD & TRAINYARDS DR,371693.6499,5030984.613,-75.64531,45.4156,2017-09-28,8:15:00 AM,01 - Clear,01 - Dry,10 - No control,01 - Non intersection,01 - Daylight,03 - P.D. only,04 - Sideswipe,Industrial Park
1715,BELFAST RD btwn TREMBLAY RD & TRAINYARDS DR,371796.0988,5030942.337,-75.64401,45.41521,2017-12-12,10:23:00 AM,03 - Snow,05 - Packed snow,10 - No control,04 - At/near private drive,01 - Daylight,03 - P.D. only,02 - Angle,Industrial Park
1716,BELFAST RD btwn TRIOLE ST & MICHAEL ST,373055.4757,5030649.06,-75.62796,45.41245,2017-05-31,4:32:00 PM,01 - Clear,01 - Dry,10 - No control,01 - Non intersection,01 - Daylight,03 - P.D. only,06 - SMV unattended vehicle,Industrial Park
1717,BELGREEN DR @ RUSSELL RD,376027.224,5027431.248,-75.59046,45.3832,2017-09-24,7:06:00 AM,01 - Clear,01 - Dry,02 - Stop sign,02 - Intersection related,03 - Dawn,03 - P.D. only,07 - SMV other,Greenbelt
1718,BELGREEN DR @ STEVENAGE DR,375619.4194,5027235.529,-75.5957,45.38148,2017-07-06,8:29:00 AM,01 - Clear,01 - Dry,02 - Stop sign,02 - Intersection related,01 - Daylight,03 - P.D. only,07 - SMV other,Greenbelt
1719,BELISLE ST btwn MCARTHUR AVE & END,371297.144,5032924.424,-75.65012,45.43309,2017-03-20,5:32:00 PM,01 - Clear,01 - Dry,10 - No control,01 - Non intersection,01 - Daylight,03 - P.D. only,06 - SMV unattended vehicle,Vanier South
1720,BELL ST    N btwn CHRISTIE ST & WILLOW ST,366896.3542,5030081.793,-75.70672,45.40792,2017-02-13,12:53:00 PM,01 - Clear,03 - Loose snow,10 - No control,04 - At/near private drive,01 - Daylight,03 - P.D. only,05 - Turning movement,Centretown West
1721,BELL ST    N btwn GLADSTONE AVE & LOUISA ST,366984.251,5029885.244,-75.70562,45.40614,2017-09-06,12:00:00 AM,01 - Clear,01 - Dry,10 - No control,04 - At/near private drive,00 - Unknown,03 - P.D. only,06 - SMV unattended vehicle,Centretown West
1722,BELL ST    S btwn MACLEAN ST & CARLING AVE,367256.1484,5029263.206,-75.70222,45.40052,2017-06-11,12:00:00 AM,01 - Clear,01 - Dry,10 - No control,01 - Non intersection,00 - Unknown,03 - P.D. only,06 - SMV unattended vehicle,The Glebe Annex
1723,BELL ST    S btwn ORANGEVILLE ST & PLYMOUTH ST,367093.1984,5029636.99,-75.70426,45.4039,2017-11-01,2:19:00 PM,01 - Clear,02 - Wet,10 - No control,01 - Non intersection,01 - Daylight,03 - P.D. only,06 - SMV unattended vehicle,The Glebe Annex
1724,BELL ST @ GLADSTONE AVE,366945.5533,5029969.564,-75.7061,45.4069,2017-08-21,8:16:00 PM,01 - Clear,01 - Dry,02 - Stop sign,03 - At intersection,05 - Dusk,02 - Non-fatal injury,05 - Turning movement,Centretown West
1725,BELL ST @ GLADSTONE AVE,366945.7195,5029969.309,-75.7061,45.4069,2017-09-08,4:58:00 PM,01 - Clear,01 - Dry,02 - Stop sign,03 - At intersection,01 - Daylight,03 - P.D. only,02 - Angle,Centretown West
1726,BELL ST @ GLADSTONE AVE,366946.7011,5029970.232,-75.70609,45.40691,2017-11-06,5:00:00 PM,01 - Clear,01 - Dry,02 - Stop sign,03 - At intersection,05 - Dusk,02 - Non-fatal injury,05 - Turning movement,Centretown West
1727,BELL ST @ ORANGEVILLE ST,367092.9651,5029641.306,-75.70426,45.40394,2017-12-08,9:51:00 PM,01 - Clear,01 - Dry,10 - No control,02 - Intersection related,07 - Dark,03 - P.D. only,07 - SMV other,The Glebe Annex
1728,BELL ST @ POWELL AVE,367200.1647,5029385.557,-75.70292,45.40163,2017-01-31,12:22:00 PM,01 - Clear,01 - Dry,02 - Stop sign,02 - Intersection related,01 - Daylight,03 - P.D. only,04 - Sideswipe,The Glebe Annex
1729,BELLEEK LANE/LAURALEAF CRES @ BREAKSTONE RD,365138.2405,5011521.104,-75.73143,45.24106,2017-04-18,12:51:00 PM,01 - Clear,01 - Dry,02 - Stop sign,02 - Intersection related,01 - Daylight,03 - P.D. only,06 - SMV unattended vehicle,New Barrhaven
1730,BELLEVUE AVE @ LAPERRIERE AVE,363870.4439,5026551.918,-75.74579,45.37642,2017-03-29,5:34:00 PM,01 - Clear,01 - Dry,02 - Stop sign,02 - Intersection related,05 - Dusk,02 - Non-fatal injury,03 - Rear end,Carlington
1731,BELLWOOD AVE btwn WILLARD ST & SCOTIA PL,369005.1293,5028408.175,-75.68,45.39267,2017-10-25,8:56:00 AM,01 - Clear,01 - Dry,10 - No control,01 - Non intersection,01 - Daylight,03 - P.D. only,06 - SMV unattended vehicle,Old Ottawa South
1732,BELMEADE RD btwn 3RD LINE RD & 4TH LINE RD,380682.5188,4997178.982,-75.53564,45.11052,2017-12-15,3:39:00 PM,03 - Snow,03 - Loose snow,10 - No control,01 - Non intersection,01 - Daylight,03 - P.D. only,07 - SMV other,Kars - Osgoode
1733,BELMEADE RD btwn 3RD LINE RD & 4TH LINE RD,381835.3999,4997817.839,-75.5209,45.11614,2017-03-24,9:16:00 AM,03 - Snow,03 - Loose snow,10 - No control,04 - At/near private drive,01 - Daylight,03 - P.D. only,03 - Rear end,Osgoode
1734,BELMEADE RD btwn 6TH LINE RD & BANK ST,386652.1043,5000436.275,-75.45926,45.13916,2017-07-10,7:55:00 PM,01 - Clear,01 - Dry,10 - No control,01 - Non intersection,01 - Daylight,03 - P.D. only,07 - SMV other,Metcalfe
1735,BELMONT AVE btwn BANK ST & WILLARD ST,368819.7603,5028434.062,-75.68236,45.39292,2017-03-15,12:20:00 PM,03 - Snow,05 - Packed snow,10 - No control,04 - At/near private drive,01 - Daylight,03 - P.D. only,02 - Angle,Old Ottawa South
1736,BELVAL CRES btwn BELCOURT BLVD & BELCOURT BLVD,381826.0413,5036218.823,-75.51505,45.46165,2017-02-03,6:30:00 PM,01 - Clear,06 - Ice,10 - No control,04 - At/near private drive,07 - Dark,03 - P.D. only,06 - SMV unattended vehicle,Orleans Village - Chateauneuf
1737,BEN ST @ COTE ST,371535.3797,5033195.932,-75.64704,45.43551,2017-11-26,6:18:00 PM,03 - Snow,03 - Loose snow,03 - Yield sign,02 - Intersection related,07 - Dark,03 - P.D. only,07 - SMV other,Vanier South
1738,BENLEA DR btwn FOXMEADOW LANE & CARDIGAN DR,363995.5436,5021513.589,-75.7448,45.33107,2017-05-02,4:33:00 PM,01 - Clear,01 - Dry,10 - No control,01 - Non intersection,01 - Daylight,02 - Non-fatal injury,07 - SMV other,Tanglewood
1739,BENTLEY AVE @ GIFFORD ST,366254.7114,5021898.547,-75.71593,45.33434,2017-08-01,12:23:00 PM,01 - Clear,01 - Dry,02 - Stop sign,03 - At intersection,01 - Daylight,03 - P.D. only,05 - Turning movement,Industrial Park
1740,BENTLEY AVE btwn SUNDERLAND ST & CAMELOT DR,365898.3456,5021669.807,-75.7205,45.33232,2017-04-28,12:00:00 AM,01 - Clear,01 - Dry,10 - No control,01 - Non intersection,00 - Unknown,03 - P.D. only,06 - SMV unattended vehicle,Industrial Park
1741,BENTLEY AVE btwn SUNDERLAND ST & CAMELOT DR,366015.4019,5021749.871,-75.719,45.33303,2017-05-23,12:00:00 AM,01 - Clear,01 - Dry,10 - No control,04 - At/near private drive,07 - Dark,03 - P.D. only,02 - Angle,Industrial Park
1742,BENTLEY AVE btwn SUNDERLAND ST & GIFFORD ST,366249.5483,5021896.713,-75.716,45.33433,2017-05-25,12:13:00 PM,01 - Clear,01 - Dry,10 - No control,04 - At/near private drive,01 - Daylight,03 - P.D. only,05 - Turning movement,Industrial Park
1743,BERKELEY AVE @ RICHMOND RD,362910.7514,5028065.323,-75.75786,45.39012,2017-12-07,8:31:00 PM,01 - Clear,01 - Dry,02 - Stop sign,03 - At intersection,07 - Dark,03 - P.D. only,03 - Rear end,Westboro
1744,BERKSHIRE WAY btwn FABLE ST & SHERWAY DR,362722.7066,5015261.173,-75.76176,45.27492,2017-03-24,7:14:00 PM,03 - Snow,04 - Slush,10 - No control,01 - Non intersection,07 - Dark,03 - P.D. only,01 - Approaching,Barrhaven West - Old Barrhaven
1745,BERRIGAN DR @ CLARIDGE DR,364654.2922,5015847.892,-75.73708,45.28004,2017-07-15,4:07:00 PM,01 - Clear,01 - Dry,02 - Stop sign,03 - At intersection,01 - Daylight,03 - P.D. only,02 - Angle,New Barrhaven
1746,BERRIGAN DR @ COLINDALE AVE/OAKWELL DR,364154.7756,5015568.783,-75.74348,45.27757,2017-02-22,8:40:00 PM,01 - Clear,01 - Dry,02 - Stop sign,03 - At intersection,07 - Dark,02 - Non-fatal injury,02 - Angle,New Barrhaven
1747,BERRIGAN DR @ EDGEWARE DR,363979.8632,5015388.846,-75.74573,45.27597,2017-11-20,2:43:00 PM,01 - Clear,01 - Dry,02 - Stop sign,02 - Intersection related,01 - Daylight,03 - P.D. only,03 - Rear end,New Barrhaven
1748,BERRIGAN DR @ LONGFIELDS DR,364305.7842,5015645.804,-75.74154,45.27825,2017-10-07,6:24:00 PM,01 - Clear,01 - Dry,11 - Roundabout,03 - At intersection,05 - Dusk,02 - Non-fatal injury,03 - Rear end,New Barrhaven
1749,BERRIGAN DR @ LONGFIELDS DR,364306.9544,5015646.35,-75.74153,45.27825,2017-01-04,6:23:00 PM,03 - Snow,06 - Ice,11 - Roundabout,02 - Intersection related,07 - Dark,03 - P.D. only,03 - Rear end,New Barrhaven
1750,BERRIGAN DR @ LONGFIELDS DR,364306.9544,5015645.492,-75.74153,45.27825,2017-01-06,3:30:00 PM,01 - Clear,06 - Ice,11 - Roundabout,02 - Intersection related,01 - Daylight,03 - P.D. only,03 - Rear end,New Barrhaven
1751,BERRIGAN DR @ LONGFIELDS DR,364305.2986,5015645.999,-75.74155,45.27825,2017-12-30,11:35:00 PM,01 - Clear,03 - Loose snow,11 - Roundabout,03 - At intersection,07 - Dark,03 - P.D. only,04 - Sideswipe,New Barrhaven
1752,BERRIGAN DR btwn CROXLEY WAY & CLARIDGE DR,364595.7494,5015813.149,-75.73783,45.27973,2017-12-12,8:41:00 AM,01 - Clear,01 - Dry,10 - No control,01 - Non intersection,01 - Daylight,03 - P.D. only,04 - Sideswipe,New Barrhaven
1753,BERRIGAN DR btwn CROXLEY WAY & CLARIDGE DR,364551.3383,5015787,-75.7384,45.2795,2017-03-17,3:11:00 PM,01 - Clear,01 - Dry,10 - No control,04 - At/near private drive,01 - Daylight,03 - P.D. only,99 - Other,New Barrhaven
1754,BERRIGAN DR btwn EDGEWARE DR & COLINDALE AVE,363999.4608,5015400.004,-75.74548,45.27606,2017-01-04,5:35:00 PM,03 - Snow,06 - Ice,10 - No control,01 - Non intersection,05 - Dusk,03 - P.D. only,01 - Approaching,New Barrhaven
1755,BERRIGAN DR btwn PLUMAS GT & WANSTEAD GT,364857.2853,5015891.778,-75.73448,45.28042,2017-12-22,7:54:00 PM,03 - Snow,03 - Loose snow,10 - No control,04 - At/near private drive,07 - Dark,03 - P.D. only,05 - Turning movement,New Barrhaven
1756,BERRIGAN DR btwn WESSEX RD & EDGEWARE DR (1),363771.4714,5015298.169,-75.74839,45.27517,2017-12-27,12:50:00 PM,01 - Clear,01 - Dry,10 - No control,01 - Non intersection,01 - Daylight,03 - P.D. only,05 - Turning movement,New Barrhaven