Record,Location,X,Y,Longitude,Latitude,Date,Time,Environment,Road_Surface,Traffic_Control,Collision_Location,Light,Collision_Classification,Impact_type,Neighborhood
1757,BERRY GLEN ST @ ROCKY HILL DR,366634.7826,5014444.704,-75.71201,45.26724,2017-03-07,8:33:00 AM,04 - Freezing Rain,06 - Ice,02 - Stop sign,03 - At intersection,01 - Daylight,03 - P.D. only,07 - SMV other,Chapman Mills - Rideau Crest - Davidson Heights
1758,BERTRAND ST @ IVY CRES E,369029.2701,5033790.386,-75.67899,45.44109,2017-08-24,1:00:00 PM,01 - Clear,01 - Dry,02 - Stop sign,02 - Intersection related,01 - Daylight,02 - Non-fatal injury,02 - Angle,New Edinburgh
1759,BESSERER ST @ CHARLOTTE ST,369292.7075,5032790.468,-75.67575,45.43207,2017-09-05,2:51:00 PM,01 - Clear,01 - Dry,02 - Stop sign,02 - Intersection related,01 - Daylight,03 - P.D. only,02 - Angle,Sandy Hill
1760,BESSERER ST @ CUMBERLAND ST,368416.2251,5032257.53,-75.68702,45.42736,2017-09-08,4:12:00 PM,01 - Clear,01 - Dry,01 - Traffic signal,03 - At intersection,01 - Daylight,02 - Non-fatal injury,05 - Turning movement,Byward Market - Parliament Hill
1761,BESSERER ST @ CUMBERLAND ST,368417.7063,5032256.574,-75.687,45.42735,2017-04-15,7:12:00 AM,01 - Clear,01 - Dry,01 - Traffic signal,03 - At intersection,01 - Daylight,03 - P.D. only,04 - Sideswipe,Byward Market - Parliament Hill
1762,BESSERER ST @ DALHOUSIE ST,368252.0607,5032156.933,-75.68913,45.42647,2017-08-15,8:52:00 AM,01 - Clear,01 - Dry,01 - Traffic signal,03 - At intersection,01 - Daylight,03 - P.D. only,04 - Sideswipe,Byward Market - Parliament Hill
1763,BESSERER ST @ DALHOUSIE ST,368253.3676,5032158.24,-75.68911,45.42648,2017-08-30,2:20:00 PM,01 - Clear,01 - Dry,01 - Traffic signal,02 - Intersection related,01 - Daylight,03 - P.D. only,04 - Sideswipe,Byward Market - Parliament Hill
1764,BESSERER ST @ DALHOUSIE ST,368252.319,5032157.407,-75.68913,45.42647,2017-08-14,8:10:00 AM,01 - Clear,01 - Dry,01 - Traffic signal,02 - Intersection related,01 - Daylight,03 - P.D. only,07 - SMV other,Byward Market - Parliament Hill
1765,BESSERER ST @ DALHOUSIE ST,368253.705,5032156.906,-75.68911,45.42647,2017-06-28,4:51:00 PM,01 - Clear,01 - Dry,01 - Traffic signal,03 - At intersection,01 - Daylight,03 - P.D. only,04 - Sideswipe,Byward Market - Parliament Hill
1766,BESSERER ST @ DALHOUSIE ST,368252.7017,5032157.813,-75.68912,45.42648,2017-11-22,6:55:00 AM,01 - Clear,01 - Dry,01 - Traffic signal,03 - At intersection,03 - Dawn,03 - P.D. only,04 - Sideswipe,Byward Market - Parliament Hill
1767,BESSERER ST @ DALHOUSIE ST,368253.1751,5032156.864,-75.68912,45.42647,2017-01-08,2:18:00 PM,03 - Snow,06 - Ice,01 - Traffic signal,02 - Intersection related,01 - Daylight,03 - P.D. only,03 - Rear end,Byward Market - Parliament Hill
1768,BESSERER ST @ DALHOUSIE ST,368253.705,5032156.906,-75.68911,45.42647,2017-03-13,8:20:00 PM,01 - Clear,01 - Dry,01 - Traffic signal,02 - Intersection related,07 - Dark,03 - P.D. only,06 - SMV unattended vehicle,Byward Market - Parliament Hill
1769,BESSERER ST @ DALHOUSIE ST,368253.1751,5032156.864,-75.68912,45.42647,2017-12-28,4:48:00 AM,01 - Clear,01 - Dry,01 - Traffic signal,03 - At intersection,07 - Dark,03 - P.D. only,04 - Sideswipe,Byward Market - Parliament Hill
1770,BESSERER ST @ KING EDWARD AVE,368550.3708,5032340.582,-75.68529,45.42809,2017-04-30,3:30:00 AM,01 - Clear,01 - Dry,01 - Traffic signal,03 - At intersection,07 - Dark,03 - P.D. only,02 - Angle,Sand
1771,BESSERER ST @ KING EDWARD AVE,368550.7052,5032339.941,-75.68529,45.42809,2017-07-18,4:35:00 PM,01 - Clear,01 - Dry,01 - Traffic signal,03 - At intersection,01 - Daylight,03 - P.D. only,02 - Angle,Sand
1772,BESSERER ST @ KING EDWARD AVE,368550.7052,5032340.343,-75.68529,45.42809,2017-09-03,4:19:00 PM,02 - Rain,02 - Wet,01 - Traffic signal,03 - At intersection,01 - Daylight,03 - P.D. only,02 - Angle,Sand
1773,BESSERER ST @ KING EDWARD AVE,368550.7052,5032339.489,-75.68529,45.42808,2017-10-12,3:16:00 PM,01 - Clear,01 - Dry,01 - Traffic signal,02 - Intersection related,01 - Daylight,03 - P.D. only,03 - Rear end,Sand
1774,BESSERER ST @ KING EDWARD AVE,368549.4706,5032339.348,-75.68531,45.42808,2017-01-13,2:25:00 PM,01 - Clear,01 - Dry,01 - Traffic signal,03 - At intersection,01 - Daylight,03 - P.D. only,02 - Angle,Sand
1775,BESSERER ST @ KING EDWARD AVE,368550.3708,5032341.251,-75.68529,45.4281,2017-03-20,11:23:00 PM,01 - Clear,01 - Dry,01 - Traffic signal,02 - Intersection related,07 - Dark,03 - P.D. only,03 - Rear end,Sand
1776,BESSERER ST @ NELSON ST,368691.7155,5032425.59,-75.68348,45.42885,2017-06-06,4:00:00 PM,02 - Rain,02 - Wet,02 - Stop sign,02 - Intersection related,01 - Daylight,03 - P.D. only,04 - Sideswipe,Sandy Hill
1777,BESSERER ST @ NICHOLAS ST,368186.6647,5032111.341,-75.68997,45.42606,2017-12-08,5:53:00 PM,03 - Snow,02 - Wet,01 - Traffic signal,02 - Intersection related,07 - Dark,03 - P.D. only,04 - Sideswipe,Byward Market - Parliament Hill
1778,BESSERER ST @ NICHOLAS ST,368184.616,5032112.126,-75.69,45.42607,2017-01-23,5:03:00 PM,01 - Clear,01 - Dry,01 - Traffic signal,02 - Intersection related,05 - Dusk,03 - P.D. only,04 - Sideswipe,Byward Market - Parliament Hill
1779,BESSERER ST @ NICHOLAS ST,368185.7089,5032112.775,-75.68998,45.42608,2017-12-15,12:00:00 AM,03 - Snow,03 - Loose snow,01 - Traffic signal,02 - Intersection related,00 - Unknown,03 - P.D. only,06 - SMV unattended vehicle,Byward Market - Parliament Hill
1780,BESSERER ST @ WALLER ST,368315.4808,5032191.376,-75.68832,45.42677,2017-06-21,5:17:00 PM,01 - Clear,01 - Dry,01 - Traffic signal,03 - At intersection,01 - Daylight,03 - P.D. only,04 - Sideswipe,Byward Market - Parliament Hill
1781,BESSERER ST @ WALLER ST,368316.2678,5032191.978,-75.68831,45.42678,2017-06-01,11:35:00 AM,01 - Clear,01 - Dry,01 - Traffic signal,03 - At intersection,01 - Daylight,03 - P.D. only,05 - Turning movement,Byward Market - Parliament Hill
1782,BESSERER ST @ WALLER ST,368314.93,5032191.309,-75.68832,45.42677,2017-05-30,5:31:00 PM,01 - Clear,01 - Dry,01 - Traffic signal,03 - At intersection,01 - Daylight,03 - P.D. only,04 - Sideswipe,Byward Market - Parliament Hill
1783,BESSERER ST @ WALLER ST,368316.8801,5032192.688,-75.6883,45.42678,2017-08-11,11:12:00 AM,01 - Clear,01 - Dry,01 - Traffic signal,03 - At intersection,01 - Daylight,03 - P.D. only,03 - Rear end,Byward Market - Parliament Hill
1784,BESSERER ST @ WALLER ST,368315.6221,5032192.28,-75.68831,45.42678,2017-08-31,3:23:00 PM,01 - Clear,01 - Dry,01 - Traffic signal,03 - At intersection,01 - Daylight,03 - P.D. only,04 - Sideswipe,Byward Market - Parliament Hill
1785,BESSERER ST @ WALLER ST,368316.2678,5032193.316,-75.68831,45.42679,2017-07-01,1:28:00 PM,01 - Clear,02 - Wet,01 - Traffic signal,02 - Intersection related,01 - Daylight,03 - P.D. only,03 - Rear end,Byward Market - Parliament Hill
1786,BESSERER ST @ WALLER ST,368316.1104,5032191.392,-75.68831,45.42677,2017-10-15,9:51:00 AM,02 - Rain,02 - Wet,01 - Traffic signal,03 - At intersection,01 - Daylight,03 - P.D. only,04 - Sideswipe,Byward Market - Parliament Hill
1787,BESSERER ST @ WALLER ST,368316.9366,5032191.978,-75.6883,45.42678,2017-09-19,12:33:00 PM,01 - Clear,01 - Dry,01 - Traffic signal,03 - At intersection,01 - Daylight,03 - P.D. only,04 - Sideswipe,Byward Market - Parliament Hill
1788,BESSERER ST @ WALLER ST,368314.8404,5032191.978,-75.68832,45.42678,2017-09-26,5:00:00 PM,01 - Clear,01 - Dry,01 - Traffic signal,02 - Intersection related,01 - Daylight,03 - P.D. only,04 - Sideswipe,Byward Market - Parliament Hill
1789,BESSERER ST @ WALLER ST,368315.8612,5032192.061,-75.68831,45.42678,2017-09-29,9:13:00 AM,01 - Clear,01 - Dry,01 - Traffic signal,02 - Intersection related,01 - Daylight,02 - Non-fatal injury,05 - Turning movement,Byward Market - Parliament Hill
1790,BESSERER ST @ WALLER ST,368316.4913,5032192.153,-75.6883,45.42678,2017-12-07,12:30:00 PM,01 - Clear,01 - Dry,01 - Traffic signal,03 - At intersection,01 - Daylight,03 - P.D. only,04 - Sideswipe,Byward Market - Parliament Hill
1791,BESSERER ST @ WALLER ST,368315.4554,5032191.739,-75.68832,45.42678,2017-12-07,8:23:00 AM,01 - Clear,01 - Dry,01 - Traffic signal,03 - At intersection,01 - Daylight,03 - P.D. only,04 - Sideswipe,Byward Market - Parliament Hill
1792,BESSERER ST @ WALLER ST,368316.2678,5032191.978,-75.68831,45.42678,2017-02-16,12:59:00 AM,01 - Clear,01 - Dry,01 - Traffic signal,02 - Intersection related,07 - Dark,02 - Non-fatal injury,03 - Rear end,Byward Market - Parliament Hill
1793,BESSERER ST @ WALLER ST,368316.2678,5032191.978,-75.68831,45.42678,2017-02-16,11:46:00 AM,01 - Clear,02 - Wet,01 - Traffic signal,03 - At intersection,01 - Daylight,03 - P.D. only,04 - Sideswipe,Byward Market - Parliament Hill
1794,BESSERER ST @ WALLER ST,368315.5989,5032191.978,-75.68831,45.42678,2017-04-16,3:08:00 PM,02 - Rain,02 - Wet,01 - Traffic signal,02 - Intersection related,01 - Daylight,03 - P.D. only,04 - Sideswipe,Byward Market - Parliament Hill
1795,BESSERER ST @ WALLER ST,368315.5989,5032193.984,-75.68831,45.4268,2017-03-16,6:11:00 PM,01 - Clear,01 - Dry,01 - Traffic signal,02 - Intersection related,05 - Dusk,03 - P.D. only,04 - Sideswipe,Byward Market - Parliament Hill
1796,BESSERER ST btwn CUMBERLAND ST & KING EDWARD AVE,368455.5024,5032282.447,-75.68651,45.42758,2017-08-23,6:15:00 AM,01 - Clear,01 - Dry,10 - No control,04 - At/near private drive,03 - Dawn,03 - P.D. only,05 - Turning movement,Bywar
1797,BESSERER ST btwn CUMBERLAND ST & KING EDWARD AVE,368442.047,5032272.619,-75.68669,45.42749,2017-12-18,6:48:00 PM,03 - Snow,04 - Slush,10 - No control,04 - At/near private drive,07 - Dark,03 - P.D. only,05 - Turning movement,Bywar
1798,BESSERER ST btwn KING EDWARD AVE & NELSON ST,368608.6193,5032376.154,-75.68455,45.42841,2017-04-09,12:00:00 AM,01 - Clear,01 - Dry,10 - No control,01 - Non intersection,00 - Unknown,03 - P.D. only,06 - SMV unattended vehicle,Sand
1799,BESSERER ST btwn NICHOLAS ST & DALHOUSIE ST,368232.9693,5032144.865,-75.68938,45.42636,2017-12-15,12:15:00 PM,01 - Clear,01 - Dry,10 - No control,01 - Non intersection,01 - Daylight,03 - P.D. only,06 - SMV unattended vehicle,Byward Market - Parliament Hill
1800,BESSERER ST btwn NICHOLAS ST & END,368155.6621,5032091.675,-75.69037,45.42589,2017-09-06,6:17:00 PM,01 - Clear,01 - Dry,10 - No control,04 - At/near private drive,01 - Daylight,03 - P.D. only,05 - Turning movement,Byward Market - Parliament Hill
1801,BESSERER ST btwn WALLER ST & CUMBERLAND ST,368321.1101,5032194.498,-75.68824,45.4268,2017-12-29,2:40:00 PM,01 - Clear,01 - Dry,10 - No control,01 - Non intersection,01 - Daylight,03 - P.D. only,06 - SMV unattended vehicle,Byward Market - Parliament Hill
1802,BEVAN AVE @ BYRON AVE,363752.7049,5028380.018,-75.74708,45.39288,2017-12-15,3:57:00 PM,03 - Snow,04 - Slush,02 - Stop sign,02 - Intersection related,01 - Daylight,03 - P.D. only,03 - Rear end,Westboro
1803,BEVERLY ST @ STITTSVILLE MAIN ST,349844.5869,5013825.425,-75.92602,45.26294,2017-11-23,9:19:00 AM,01 - Clear,01 - Dry,01 - Traffic signal,03 - At intersection,01 - Daylight,03 - P.D. only,02 - Angle,Stittsville
1804,BEVERLY ST @ STITTSVILLE MAIN ST,349843.0409,5013826.239,-75.92604,45.26295,2017-01-17,2:54:00 PM,01 - Clear,01 - Dry,01 - Traffic signal,02 - Intersection related,01 - Daylight,03 - P.D. only,05 - Turning movement,Stittsville
1805,BILBERRY DR btwn DES FORETS AVE & DU BOIS AVE,381002.5314,5038288.438,-75.52526,45.48036,2017-05-12,2:37:00 PM,01 - Clear,01 - Dry,10 - No control,04 - At/near private drive,01 - Daylight,03 - P.D. only,06 - SMV unattended vehicle,Orleans South West
1806,BILBERRY DR btwn DU BOIS AVE S & JEANNE D'ARC BLVD N,380842.1699,5037995.947,-75.52736,45.47775,2017-03-04,5:22:00 PM,01 - Clear,01 - Dry,10 - No control,01 - Non intersection,01 - Daylight,02 - Non-fatal injury,06 - SMV unattended vehicle,Orleans South West
1807,BILBERRY DR E @ JEANNE D'ARC BLVD,381176.2376,5038630.154,-75.52299,45.48342,2017-09-11,12:21:00 PM,01 - Clear,01 - Dry,02 - Stop sign,02 - Intersection related,01 - Daylight,03 - P.D. only,03 - Rear end,Orleans South West
1808,BILBERRY DR W @ JEANNE D'ARC BLVD,380449.075,5038398.928,-75.53232,45.48142,2017-06-19,4:00:00 PM,01 - Clear,01 - Dry,01 - Traffic signal,02 - Intersection related,01 - Daylight,02 - Non-fatal injury,02 - Angle,Orleans South West
1809,BILL LEATHEM DR @ LEIKIN DR S,366925.2954,5017438.524,-75.70793,45.29415,2017-09-29,10:50:00 PM,02 - Rain,02 - Wet,02 - Stop sign,03 - At intersection,07 - Dark,03 - P.D. only,02 - Angle,Greenbelt
1810,BILLINGS AVE @ FAIRBANKS AVE,370845.3936,5028667.558,-75.65646,45.39483,2017-02-02,7:30:00 AM,01 - Clear,01 - Dry,02 - Stop sign,02 - Intersection related,01 - Daylight,03 - P.D. only,03 - Rear end,Alta Vista
1811,BILLINGS AVE @ LESLIE AVE,369767.72,5028548.319,-75.67024,45.39386,2017-08-30,12:00:00 AM,01 - Clear,01 - Dry,10 - No control,02 - Intersection related,00 - Unknown,03 - P.D. only,06 - SMV unattended vehicle,Alta Vista
1812,BILLINGS AVE @ RIVERSIDE DR,369673.0556,5028556.941,-75.67145,45.39395,2017-10-19,9:23:00 PM,01 - Clear,01 - Dry,02 - Stop sign,02 - Intersection related,07 - Dark,03 - P.D. only,03 - Rear end,Alta Vista
1813,BILLINGS BRIDGESC RAMP NB @ RIVERSIDE DR EB,369083.9422,5027762.605,-75.67907,45.38685,2017-02-28,6:15:00 PM,01 - Clear,01 - Dry,02 - Stop sign,02 - Intersection related,05 - Dusk,03 - P.D. only,02 - Angle,Alta Vista
1814,BILLINGS BRIDGESC RAMP NB @ RIVERSIDE DR EB,369081.4982,5027761.893,-75.6791,45.38685,2017-02-28,6:00:00 PM,01 - Clear,01 - Dry,02 - Stop sign,03 - At intersection,07 - Dark,03 - P.D. only,02 - Angle,Alta Vista
1815,BILLINGS BRIDGESC RAMP SB @ RIVERSIDE DR EB,369175.9546,5027784.854,-75.6779,45.38705,2017-06-29,5:36:00 PM,02 - Rain,02 - Wet,02 - Stop sign,03 - At intersection,01 - Daylight,03 - P.D. only,02 - Angle,Alta Vista
1816,BILLINGS BRIDGESC RAMP SB @ RIVERSIDE DR EB,369177.9262,5027785.458,-75.67787,45.38705,2017-12-21,8:49:00 AM,01 - Clear,01 - Dry,02 - Stop sign,03 - At intersection,01 - Daylight,03 - P.D. only,02 - Angle,Alta Vista
1817,BINSCARTH CRES btwn SHELDRAKE DR & SHELDRAKE DR,353297.6326,5016802.309,-75.88173,45.2895,2017-11-22,12:00:00 AM,01 - Clear,01 - Dry,10 - No control,01 - Non intersection,00 - Unknown,03 - P.D. only,06 - SMV unattended vehicle,Glen Cairn - Kanata South Business Park
1818,BINSCARTH CRES btwn SHELDRAKE DR & SHELDRAKE DR,353355.5535,5016905.943,-75.88098,45.29043,2017-03-05,12:00:00 AM,01 - Clear,01 - Dry,10 - No control,01 - Non intersection,00 - Unknown,03 - P.D. only,06 - SMV unattended vehicle,Glen Cairn - Kanata South Business Park
1819,BIRCH AVE EXT./ROCKCLIFFE PKWY @ ROCKCLIFFE PK,370128.7018,5035705.615,-75.66468,45.45822,2017-10-30,9:25:00 AM,02 - Rain,02 - Wet,02 - Stop sign,02 - Intersection related,01 - Daylight,03 - P.D. only,03 - Rear end,Rockcliffe - Manor Park
1820,BIRCH AVE EXT./ROCKCLIFFE PKWY @ ROCKCLIFFE PK,370128.4239,5035704.214,-75.66468,45.45821,2017-01-03,6:47:00 PM,03 - Snow,03 - Loose snow,02 - Stop sign,02 - Intersection related,07 - Dark,03 - P.D. only,07 - SMV other,Rockcliffe - Manor Park
1821,BIRCH AVE EXT./ROCKCLIFFE PKWY @ ROCKCLIFFE PK,370128.9899,5035711.939,-75.66468,45.45828,2017-01-05,8:22:00 AM,01 - Clear,06 - Ice,02 - Stop sign,02 - Intersection related,01 - Daylight,03 - P.D. only,03 - Rear end,Rockcliffe - Manor Park
1822,BIRCH AVE EXT./ROCKCLIFFE PKWY @ ROCKCLIFFE PK,370128.7019,5035705.615,-75.66468,45.45822,2017-08-08,12:16:00 AM,02 - Rain,02 - Wet,02 - Stop sign,03 - At intersection,07 - Dark,03 - P.D. only,07 - SMV other,Rockcliffe - Manor Park
1823,BIRCH AVE EXT./ROCKCLIFFE PKWY @ ROCKCLIFFE PK,370128.7019,5035705.615,-75.66468,45.45822,2017-08-04,1:56:00 PM,01 - Clear,01 - Dry,02 - Stop sign,02 - Intersection related,01 - Daylight,02 - Non-fatal injury,02 - Angle,Rockcliffe - Manor Park
1824,BIRCHBANK CRES btwn STONEMEADOW DR & STONEMEADOW DR,355952.2815,5016771.582,-75.84789,45.28904,2017-04-17,11:03:00 AM,01 - Clear,01 - Dry,10 - No control,01 - Non intersection,01 - Daylight,03 - P.D. only,06 - SMV unattended vehicle,Bridlewood - Emerald Meadows
1825,BIRCHGROVE RD @ RUSSELL RD,400270.5458,5029607.555,-75.28053,45.3999,2017-08-01,10:16:00 PM,01 - Clear,01 - Dry,02 - Stop sign,02 - Intersection related,07 - Dark,03 - P.D. only,07 - SMV other,Navan - Vars
1826,BIRCHGROVE RD btwn LARMOURS RD & WATSON RD,398469.5291,5033548.554,-75.30278,45.43559,2017-04-23,8:44:00 PM,01 - Clear,01 - Dry,10 - No control,01 - Non intersection,07 - Dark,02 - Non-fatal injury,07 - SMV other,Navan - Vars
1827,BIRCHMOUNT DR btwn CEDARCROFT CRES & LILY LANE,374136.1099,5032158.678,-75.61395,45.42593,2017-03-24,12:00:00 AM,01 - Clear,02 - Wet,10 - No control,01 - Non intersection,00 - Unknown,03 - P.D. only,06 - SMV unattended vehicle,Pineview
1828,BIRCHVIEW RD btwn ANDOVER PL & ANDOVER PL,363060.8322,5023042.679,-75.75654,45.34491,2017-12-26,10:56:00 AM,01 - Clear,05 - Packed snow,10 - No control,04 - At/near private drive,01 - Daylight,03 - P.D. only,06 - SMV unattended vehicle,Crestview - Meadowlands
1829,BIRKENFELS RD btwn BUENA VISTA RD & MACKINNON RD,368489.356,5034924.138,-75.68574,45.45134,2017-08-28,12:45:00 PM,01 - Clear,01 - Dry,10 - No control,04 - At/near private drive,01 - Daylight,03 - P.D. only,99 - Other,Rockcliffe - Manor Park
1830,BISCAYNE CRES @ VIEWMOUNT DR,365911.1385,5023120.865,-75.72016,45.34537,2017-04-16,8:34:00 PM,02 - Rain,02 - Wet,02 - Stop sign,02 - Intersection related,07 - Dark,02 - Non-fatal injury,07 - SMV other,Borden Farm - Stewart Farm - Parkwood Hills - Fisher Glen
1831,BISHOP DAVIS DR btwn ARCHIE ST & ALLBIRCH RD,336935.2113,5039107.208,-76.08887,45.49115,2017-05-27,6:05:00 AM,"07 - Fog, mist, smoke, dust",01 - Dry,10 - No control,01 - Non intersection,01 - Daylight,02 - Non-fatal injury,07 - SMV other,Buckham'
1832,BISHOPS MILLS WAY btwn CAMBRAY LANE & END,352375.0022,5019938.275,-75.89319,45.31778,2017-01-27,7:04:00 PM,01 - Clear,01 - Dry,10 - No control,04 - At/near private drive,07 - Dark,03 - P.D. only,06 - SMV unattended vehicle,Kanata
1833,BITTERN CRT btwn WHITEMARL DR & END,370015.8303,5034717.847,-75.66625,45.44935,2017-06-01,12:00:00 AM,01 - Clear,01 - Dry,10 - No control,01 - Non intersection,00 - Unknown,03 - P.D. only,06 - SMV unattended vehicle,Rockcliffe - Manor Park
1834,BLACKBURN AVE @ LAURIER AVE,369187.7146,5032307.816,-75.67716,45.42774,2017-10-18,5:00:00 PM,01 - Clear,01 - Dry,02 - Stop sign,03 - At intersection,01 - Daylight,03 - P.D. only,02 - Angle,Sandy Hill
1835,BLACKBURN AVE @ OSGOODE ST,369296.8352,5032126.927,-75.67578,45.4261,2017-07-26,4:59:00 PM,01 - Clear,01 - Dry,02 - Stop sign,03 - At intersection,01 - Daylight,03 - P.D. only,02 - Angle,Sandy Hill
1836,BLACKBURN AVE @ TEMPLETON ST,369513.3808,5031779.909,-75.67306,45.42296,2017-11-09,9:12:00 PM,03 - Snow,02 - Wet,02 - Stop sign,03 - At intersection,07 - Dark,02 - Non-fatal injury,02 - Angle,Sandy Hill
1837,BLACKBURN AVE btwn OSGOODE ST & SOMERSET ST E,369339.3729,5032056.407,-75.67525,45.42546,2017-08-02,10:38:00 AM,01 - Clear,01 - Dry,10 - No control,01 - Non intersection,01 - Daylight,03 - P.D. only,06 - SMV unattended vehicle,Sandy Hill
1838,BLACKBURN AVE btwn OSGOODE ST & SOMERSET ST E,369395.6428,5031966.345,-75.67454,45.42465,2017-01-24,7:00:00 PM,03 - Snow,03 - Loose snow,10 - No control,01 - Non intersection,07 - Dark,03 - P.D. only,06 - SMV unattended vehicle,Sandy Hill
1839,BLACKBURN BYPASS @ INNES RD E,379791.7479,5033780.438,-75.54143,45.43993,2017-07-12,6:16:00 PM,01 - Clear,01 - Dry,01 - Traffic signal,02 - Intersection related,01 - Daylight,03 - P.D. only,02 - Angle,Greenbelt
1840,BLACKBURN BYPASS @ INNES RD E,379790.4591,5033782.082,-75.54145,45.43995,2017-08-18,4:27:00 PM,02 - Rain,02 - Wet,01 - Traffic signal,03 - At intersection,01 - Daylight,03 - P.D. only,03 - Rear end,Greenbelt
1841,BLACKBURN BYPASS @ INNES RD E,379790.4659,5033782.206,-75.54145,45.43995,2017-07-13,4:20:00 PM,01 - Clear,01 - Dry,01 - Traffic signal,02 - Intersection related,01 - Daylight,03 - P.D. only,03 - Rear end,Greenbelt
1842,BLACKBURN BYPASS @ INNES RD E,379791.6214,5033781.329,-75.54144,45.43994,2017-08-14,4:30:00 PM,01 - Clear,01 - Dry,01 - Traffic signal,02 - Intersection related,01 - Daylight,03 - P.D. only,04 - Sideswipe,Greenbelt
1843,BLACKBURN BYPASS @ INNES RD E,379792.2213,5033782.275,-75.54143,45.43995,2017-08-10,1:05:00 PM,01 - Clear,01 - Dry,01 - Traffic signal,02 - Intersection related,01 - Daylight,03 - P.D. only,03 - Rear end,Greenbelt
1844,BLACKBURN BYPASS @ INNES RD E,379791.7479,5033781.328,-75.54143,45.43994,2017-08-24,2:10:00 PM,01 - Clear,01 - Dry,01 - Traffic signal,03 - At intersection,01 - Daylight,03 - P.D. only,03 - Rear end,Greenbelt
1845,BLACKBURN BYPASS @ INNES RD E,379791.7479,5033781.018,-75.54143,45.43994,2017-09-27,8:02:00 AM,01 - Clear,01 - Dry,01 - Traffic signal,02 - Intersection related,01 - Daylight,02 - Non-fatal injury,03 - Rear end,Greenbelt
1846,BLACKBURN BYPASS @ INNES RD E,379792.7512,5033780.896,-75.54142,45.43994,2017-12-05,7:48:00 AM,02 - Rain,02 - Wet,01 - Traffic signal,02 - Intersection related,03 - Dawn,03 - P.D. only,03 - Rear end,Greenbelt
1847,BLACKBURN BYPASS @ INNES RD E,379791.4135,5033781.565,-75.54144,45.43994,2017-11-22,10:05:00 AM,01 - Clear,01 - Dry,01 - Traffic signal,03 - At intersection,01 - Daylight,02 - Non-fatal injury,02 - Angle,Greenbelt
1848,BLACKBURN BYPASS @ INNES RD E,379792.7512,5033781.565,-75.54142,45.43994,2017-11-29,8:27:00 AM,02 - Rain,02 - Wet,01 - Traffic signal,02 - Intersection related,01 - Daylight,02 - Non-fatal injury,03 - Rear end,Greenbelt
1849,BLACKBURN BYPASS @ INNES RD E,379792.2906,5033782.922,-75.54143,45.43996,2017-02-03,9:31:00 PM,01 - Clear,02 - Wet,01 - Traffic signal,03 - At intersection,07 - Dark,02 - Non-fatal injury,05 - Turning movement,Greenbelt
1850,BLACKBURN BYPASS @ INNES RD E,379792.8756,5033779.389,-75.54142,45.43992,2017-01-03,1:00:00 PM,04 - Freezing Rain,04 - Slush,01 - Traffic signal,02 - Intersection related,01 - Daylight,03 - P.D. only,03 - Rear end,Greenbelt
1851,BLACKBURN BYPASS @ INNES RD E,379792.7512,5033781.565,-75.54142,45.43994,2017-03-18,2:10:00 PM,01 - Clear,01 - Dry,01 - Traffic signal,02 - Intersection related,01 - Daylight,03 - P.D. only,07 - SMV other,Greenbelt
1852,BLACKBURN BYPASS @ INNES RD E,379790.7446,5033781.565,-75.54145,45.43994,2017-03-14,5:15:00 PM,03 - Snow,02 - Wet,01 - Traffic signal,02 - Intersection related,01 - Daylight,02 - Non-fatal injury,05 - Turning movement,Greenbelt
1853,BLACKBURN BYPASS @ INNES RD E,379791.4135,5033780.896,-75.54144,45.43994,2017-04-12,7:43:00 AM,01 - Clear,01 - Dry,01 - Traffic signal,02 - Intersection related,01 - Daylight,03 - P.D. only,03 - Rear end,Greenbelt
1854,BLACKBURN BYPASS @ INNES RD E,379792.6947,5033781.802,-75.54142,45.43995,2017-12-27,5:48:00 PM,01 - Clear,03 - Loose snow,01 - Traffic signal,02 - Intersection related,07 - Dark,03 - P.D. only,04 - Sideswipe,Greenbelt
1855,BLACKBURN BYPASS @ INNES RD W,377186.6905,5032174.671,-75.57496,45.42576,2017-06-06,1:42:00 PM,02 - Rain,02 - Wet,01 - Traffic signal,02 - Intersection related,01 - Daylight,02 - Non-fatal injury,03 - Rear end,Greenbelt
1856,BLACKBURN BYPASS @ INNES RD W,377186.8656,5032175.021,-75.57496,45.42576,2017-05-02,6:19:00 PM,02 - Rain,02 - Wet,01 - Traffic signal,02 - Intersection related,01 - Daylight,03 - P.D. only,03 - Rear end,Greenbelt
1857,BLACKBURN BYPASS @ INNES RD W,377186.2533,5032175.927,-75.57497,45.42577,2017-07-15,12:00:00 PM,01 - Clear,01 - Dry,01 - Traffic signal,02 - Intersection related,01 - Daylight,03 - P.D. only,03 - Rear end,Greenbelt
1858,BLACKBURN BYPASS @ INNES RD W,377193.0698,5032175.299,-75.57488,45.42577,2017-07-28,10:19:00 AM,01 - Clear,01 - Dry,01 - Traffic signal,02 - Intersection related,01 - Daylight,03 - P.D. only,03 - Rear end,Greenbelt
1859,BLACKBURN BYPASS @ NAVAN RD,379617.4127,5033274.562,-75.54374,45.4354,2017-06-21,5:13:00 PM,01 - Clear,01 - Dry,01 - Traffic signal,02 - Intersection related,01 - Daylight,03 - P.D. only,03 - Rear end,Greenbelt