Record,Location,X,Y,Longitude,Latitude,Date,Time,Environment,Road_Surface,Traffic_Control,Collision_Location,Light,Collision_Classification,Impact_type,Neighborhood
1860,BLACKBURN BYPASS @ NAVAN RD,379617.6852,5033274.574,-75.54374,45.4354,2017-09-01,2:14:00 PM,01 - Clear,01 - Dry,01 - Traffic signal,02 - Intersection related,01 - Daylight,03 - P.D. only,03 - Rear end,Greenbelt
1861,BLACKBURN BYPASS @ NAVAN RD,379618.2566,5033275.581,-75.54373,45.43541,2017-06-28,3:45:00 PM,01 - Clear,01 - Dry,01 - Traffic signal,02 - Intersection related,01 - Daylight,03 - P.D. only,03 - Rear end,Greenbelt
1862,BLACKBURN BYPASS @ NAVAN RD,379617.7471,5033275.901,-75.54373,45.43541,2017-07-20,9:40:00 AM,01 - Clear,01 - Dry,01 - Traffic signal,02 - Intersection related,01 - Daylight,03 - P.D. only,04 - Sideswipe,Greenbelt
1863,BLACKBURN BYPASS @ NAVAN RD,379617.7649,5033274.517,-75.54373,45.4354,2017-10-05,8:01:00 AM,01 - Clear,01 - Dry,01 - Traffic signal,02 - Intersection related,01 - Daylight,03 - P.D. only,03 - Rear end,Greenbelt
1864,BLACKBURN BYPASS @ NAVAN RD,379617.2007,5033275.109,-75.54374,45.43541,2017-09-29,10:07:00 PM,02 - Rain,02 - Wet,01 - Traffic signal,02 - Intersection related,07 - Dark,03 - P.D. only,03 - Rear end,Greenbelt
1865,BLACKBURN BYPASS @ NAVAN RD,379617.4127,5033275.9,-75.54374,45.43541,2017-11-14,4:31:00 PM,01 - Clear,01 - Dry,01 - Traffic signal,02 - Intersection related,05 - Dusk,02 - Non-fatal injury,99 - Other,Greenbelt
1866,BLACKBURN BYPASS @ NAVAN RD,379617.6607,5033274.525,-75.54374,45.4354,2017-02-16,11:57:00 AM,03 - Snow,05 - Packed snow,01 - Traffic signal,02 - Intersection related,01 - Daylight,02 - Non-fatal injury,03 - Rear end,Greenbelt
1867,BLACKBURN BYPASS @ NAVAN RD,379619.1608,5033275.42,-75.54372,45.43541,2017-02-07,7:27:00 PM,04 - Freezing Rain,04 - Slush,01 - Traffic signal,02 - Intersection related,07 - Dark,03 - P.D. only,03 - Rear end,Greenbelt
1868,BLACKBURN BYPASS @ NAVAN RD,379617.7893,5033274.471,-75.54373,45.4354,2017-12-19,5:07:00 PM,03 - Snow,06 - Ice,01 - Traffic signal,03 - At intersection,07 - Dark,03 - P.D. only,04 - Sideswipe,Greenbelt
1869,BLACKBURN BYPASS @ NAVAN RD,379617.8283,5033274.471,-75.54373,45.4354,2017-12-23,12:52:00 PM,03 - Snow,03 - Loose snow,01 - Traffic signal,02 - Intersection related,01 - Daylight,03 - P.D. only,04 - Sideswipe,Greenbelt
1870,BLACKBURN BYPASS EB btwn 1700 W OF NAVAN RD & NAVAN RD,379526.4428,5033173.559,-75.54492,45.4345,2017-05-24,4:00:00 PM,01 - Clear,01 - Dry,10 - No control,01 - Non intersection,01 - Daylight,03 - P.D. only,03 - Rear end,Greenbelt
1871,BLACKBURN BYPASS EB btwn 1700 W OF NAVAN RD & NAVAN RD,378412.2172,5032512.969,-75.55925,45.42868,2017-01-08,1:15:00 PM,01 - Clear,03 - Loose snow,10 - No control,01 - Non intersection,01 - Daylight,03 - P.D. only,07 - SMV other,Greenbelt
1872,BLACKBURN BYPASS EB btwn 1700 W OF NAVAN RD & NAVAN RD,378878.571,5032783.699,-75.55325,45.43106,2017-03-07,9:14:00 PM,02 - Rain,02 - Wet,10 - No control,01 - Non intersection,07 - Dark,03 - P.D. only,07 - SMV other,Greenbelt
1873,BLACKBURN BYPASS EB btwn NAVAN RD & INNES RD E,379783.0047,5033683.204,-75.54156,45.43906,2017-10-03,3:54:00 PM,01 - Clear,01 - Dry,10 - No control,01 - Non intersection,01 - Daylight,03 - P.D. only,02 - Angle,Greenbelt
1874,BLACKBURN BYPASS EB btwn NAVAN RD & INNES RD E,379778.5527,5033631.838,-75.54163,45.4386,2017-10-31,3:23:00 PM,01 - Clear,01 - Dry,10 - No control,01 - Non intersection,01 - Daylight,03 - P.D. only,03 - Rear end,Greenbelt
1875,BLACKBURN BYPASS WB btwn NAVAN RD & 1700 W OF NAVAN RD,379511.0581,5033184.93,-75.54511,45.43461,2017-05-29,3:10:00 AM,01 - Clear,01 - Dry,10 - No control,01 - Non intersection,07 - Dark,03 - P.D. only,07 - SMV other,Blackburn Hamlet
1876,BLACKBURN BYPASS WB btwn NAVAN RD & 1700 W OF NAVAN RD,379238.2385,5033021.68,-75.54862,45.43317,2017-07-07,11:00:00 AM,01 - Clear,01 - Dry,10 - No control,01 - Non intersection,01 - Daylight,02 - Non-fatal injury,07 - SMV other,Greenbelt
1877,BLACKBURN BYPASS WB btwn NAVAN RD & 1700 W OF NAVAN RD,379490.3224,5033174.897,-75.54538,45.43452,2017-10-15,7:35:00 PM,02 - Rain,02 - Wet,10 - No control,01 - Non intersection,07 - Dark,03 - P.D. only,03 - Rear end,Blackburn Hamlet
1878,BLACKBURN BYPASS WB btwn NAVAN RD & 1700 W OF NAVAN RD,378569.9863,5032633.183,-75.55722,45.42974,2017-02-09,10:40:00 PM,01 - Clear,01 - Dry,10 - No control,01 - Non intersection,07 - Dark,03 - P.D. only,07 - SMV other,Greenbelt
1879,BLACKBURN BYPASS WB btwn NAVAN RD & 1700 W OF NAVAN RD,379542.8671,5033207.101,-75.5447,45.4348,2017-01-31,3:55:00 AM,01 - Clear,01 - Dry,10 - No control,01 - Non intersection,07 - Dark,03 - P.D. only,07 - SMV other,Blackburn Hamlet
1880,BLACKBURN BYPASS WB btwn NAVAN RD & 1700 W OF NAVAN RD,379601.3591,5033257.84,-75.54395,45.43525,2017-04-14,8:57:00 PM,01 - Clear,01 - Dry,10 - No control,01 - Non intersection,07 - Dark,03 - P.D. only,04 - Sideswipe,Greenbelt
1881,BLACKBURN BYPASS WB btwn NAVAN RD & INNES RD E,379734.4328,5033537.533,-75.5422,45.43775,2017-09-05,5:30:00 AM,01 - Clear,02 - Wet,10 - No control,01 - Non intersection,07 - Dark,03 - P.D. only,07 - SMV other,Greenbelt
1882,BLACKBURN BYPASS WB btwn NAVAN RD & INNES RD E,379644.3945,5033304.344,-75.54339,45.43567,2017-11-19,2:57:00 AM,03 - Snow,06 - Ice,10 - No control,01 - Non intersection,07 - Dark,03 - P.D. only,07 - SMV other,Greenbelt
1883,BLACKBURN BYPASS WB btwn NAVAN RD & INNES RD E,379734.9645,5033542.401,-75.5422,45.4378,2017-12-13,7:20:00 AM,03 - Snow,03 - Loose snow,10 - No control,01 - Non intersection,03 - Dawn,02 - Non-fatal injury,03 - Rear end,Greenbelt
1884,BLACKLEAF DR @ RANNOCH PRIV/SUNITA CRES S,365076.591,5012462.189,-75.73211,45.24954,2017-09-17,3:45:00 AM,01 - Clear,01 - Dry,10 - No control,02 - Intersection related,07 - Dark,03 - P.D. only,06 - SMV unattended vehicle,New Barrhaven
1885,BLACK'S SIDE RD @ FERNBANK RD,349803.2633,5011157.094,-75.92679,45.23894,2017-11-21,2:37:00 PM,01 - Clear,02 - Wet,10 - No control,03 - At intersection,01 - Daylight,03 - P.D. only,02 - Angle,Stittsville - Basswood
1886,BLACKWELL ST @ LEEDS AVE,374658.4593,5029476.1,-75.60765,45.40174,2017-02-21,11:24:00 PM,01 - Clear,01 - Dry,02 - Stop sign,03 - At intersection,07 - Dark,03 - P.D. only,03 - Rear end,Industrial Park
1887,BLACKWELL ST btwn BANTREE ST & LEEDS AVE,374525.7094,5029782.751,-75.6093,45.40451,2017-07-20,7:10:00 AM,01 - Clear,01 - Dry,10 - No control,04 - At/near private drive,01 - Daylight,03 - P.D. only,02 - Angle,Industrial Park
1888,BLAIR PL @ OGILVIE RD,374799.2715,5033372.258,-75.6053,45.43678,2017-05-15,7:11:00 AM,01 - Clear,01 - Dry,01 - Traffic signal,02 - Intersection related,01 - Daylight,03 - P.D. only,03 - Rear end,Beacon Hill South - Cardinal Heights
1889,BLAIR PL @ OGILVIE RD,374799.3881,5033372.251,-75.6053,45.43678,2017-05-17,5:33:00 PM,01 - Clear,01 - Dry,01 - Traffic signal,03 - At intersection,01 - Daylight,02 - Non-fatal injury,02 - Angle,Beacon Hill South - Cardinal Heights
1890,BLAIR PL @ OGILVIE RD,374799.7225,5033371.807,-75.60529,45.43677,2017-06-02,3:39:00 PM,01 - Clear,01 - Dry,01 - Traffic signal,02 - Intersection related,01 - Daylight,03 - P.D. only,04 - Sideswipe,Beacon Hill South - Cardinal Heights
1891,BLAIR PL @ OGILVIE RD,374800.7258,5033371.582,-75.60528,45.43677,2017-06-01,9:34:00 PM,01 - Clear,01 - Dry,01 - Traffic signal,02 - Intersection related,07 - Dark,02 - Non-fatal injury,03 - Rear end,Beacon Hill South - Cardinal Heights
1892,BLAIR PL @ OGILVIE RD,374798.1662,5033370.747,-75.60531,45.43676,2017-11-03,6:15:00 PM,01 - Clear,01 - Dry,01 - Traffic signal,02 - Intersection related,07 - Dark,03 - P.D. only,04 - Sideswipe,Beacon Hill South - Cardinal Heights
1893,BLAIR PL @ OGILVIE RD,374799.7225,5033369.865,-75.60529,45.43676,2017-01-05,9:03:00 AM,01 - Clear,02 - Wet,01 - Traffic signal,02 - Intersection related,01 - Daylight,03 - P.D. only,04 - Sideswipe,Beacon Hill South - Cardinal Heights
1894,BLAIR PL btwn OGILVIE RD & END,374848.5757,5033254.905,-75.60469,45.43572,2017-10-04,4:23:00 PM,01 - Clear,01 - Dry,10 - No control,04 - At/near private drive,01 - Daylight,03 - P.D. only,05 - Turning movement,Beacon Hill South - Cardinal Heights
1895,BLAIR PL btwn OGILVIE RD & END,374846.6456,5033252.086,-75.60471,45.43569,2017-01-31,4:03:00 PM,01 - Clear,01 - Dry,10 - No control,04 - At/near private drive,01 - Daylight,03 - P.D. only,02 - Angle,Beacon Hill South - Cardinal Heights
1896,BLAIR RD @ CLAVER ST,374416.3939,5033433.24,-75.61018,45.43737,2017-04-25,5:25:00 PM,02 - Rain,02 - Wet,02 - Stop sign,03 - At intersection,01 - Daylight,02 - Non-fatal injury,02 - Angle,Beacon Hill South - Cardinal Heights
1897,BLAIR RD @ CROWNHILL ST,374462.3658,5033310.963,-75.60961,45.43626,2017-09-29,11:02:00 AM,01 - Clear,01 - Dry,02 - Stop sign,03 - At intersection,01 - Daylight,03 - P.D. only,02 - Angle,Beacon Hill South - Cardinal Heights
1898,BLAIR RD @ INNES RD,375578.6978,5031439.67,-75.59562,45.41931,2017-06-20,8:35:00 AM,01 - Clear,01 - Dry,01 - Traffic signal,03 - At intersection,01 - Daylight,03 - P.D. only,04 - Sideswipe,Greenbelt
1899,BLAIR RD @ INNES RD,375578.2254,5031441.593,-75.59562,45.41933,2017-05-27,10:36:00 PM,01 - Clear,01 - Dry,01 - Traffic signal,03 - At intersection,07 - Dark,03 - P.D. only,07 - SMV other,Greenbelt
1900,BLAIR RD @ INNES RD,375579.7382,5031441.562,-75.5956,45.41933,2017-06-13,8:55:00 AM,01 - Clear,01 - Dry,01 - Traffic signal,02 - Intersection related,01 - Daylight,02 - Non-fatal injury,03 - Rear end,Greenbelt
1901,BLAIR RD @ INNES RD,375578.0939,5031437.632,-75.59562,45.41929,2017-08-17,6:30:00 AM,01 - Clear,01 - Dry,01 - Traffic signal,02 - Intersection related,01 - Daylight,02 - Non-fatal injury,01 - Approaching,Greenbelt
1902,BLAIR RD @ INNES RD,375578.2615,5031439.792,-75.59562,45.41931,2017-08-25,6:29:00 AM,01 - Clear,01 - Dry,01 - Traffic signal,03 - At intersection,01 - Daylight,02 - Non-fatal injury,05 - Turning movement,Greenbelt
1903,BLAIR RD @ INNES RD,375578.1334,5031439.856,-75.59562,45.41931,2017-07-20,6:27:00 PM,01 - Clear,01 - Dry,01 - Traffic signal,03 - At intersection,01 - Daylight,03 - P.D. only,03 - Rear end,Greenbelt
1904,BLAIR RD @ INNES RD,375578.1261,5031438.033,-75.59562,45.4193,2017-07-17,3:42:00 PM,01 - Clear,01 - Dry,01 - Traffic signal,02 - Intersection related,01 - Daylight,03 - P.D. only,03 - Rear end,Greenbelt
1905,BLAIR RD @ INNES RD,375578.5129,5031440.221,-75.59562,45.41932,2017-08-28,4:23:00 PM,01 - Clear,01 - Dry,01 - Traffic signal,02 - Intersection related,01 - Daylight,03 - P.D. only,03 - Rear end,Greenbelt
1906,BLAIR RD @ INNES RD,375579.2083,5031439.318,-75.59561,45.41931,2017-09-24,6:05:00 PM,01 - Clear,01 - Dry,01 - Traffic signal,02 - Intersection related,01 - Daylight,03 - P.D. only,04 - Sideswipe,Greenbelt
1907,BLAIR RD @ INNES RD,375578.7349,5031439.779,-75.59562,45.41931,2017-09-11,8:08:00 AM,01 - Clear,01 - Dry,01 - Traffic signal,02 - Intersection related,01 - Daylight,03 - P.D. only,04 - Sideswipe,Greenbelt
1908,BLAIR RD @ INNES RD,375580.1686,5031439.794,-75.5956,45.41931,2017-10-29,12:59:00 PM,02 - Rain,02 - Wet,01 - Traffic signal,02 - Intersection related,01 - Daylight,03 - P.D. only,03 - Rear end,Greenbelt
1909,BLAIR RD @ INNES RD,375578.1885,5031439.009,-75.59562,45.41931,2017-09-26,6:45:00 AM,01 - Clear,01 - Dry,01 - Traffic signal,02 - Intersection related,03 - Dawn,02 - Non-fatal injury,03 - Rear end,Greenbelt
1910,BLAIR RD @ INNES RD,375580.4071,5031438.886,-75.59559,45.4193,2017-10-06,2:06:00 PM,01 - Clear,01 - Dry,01 - Traffic signal,02 - Intersection related,01 - Daylight,02 - Non-fatal injury,03 - Rear end,Greenbelt
1911,BLAIR RD @ INNES RD,375579.2814,5031437.916,-75.59561,45.4193,2017-10-03,2:34:00 PM,01 - Clear,01 - Dry,01 - Traffic signal,02 - Intersection related,01 - Daylight,03 - P.D. only,03 - Rear end,Greenbelt
1912,BLAIR RD @ INNES RD,375578.7349,5031439.792,-75.59562,45.41931,2017-10-22,9:00:00 AM,01 - Clear,01 - Dry,01 - Traffic signal,02 - Intersection related,01 - Daylight,03 - P.D. only,04 - Sideswipe,Greenbelt
1913,BLAIR RD @ INNES RD,375578.2615,5031439.318,-75.59562,45.41931,2017-12-14,2:58:00 PM,01 - Clear,01 - Dry,01 - Traffic signal,03 - At intersection,01 - Daylight,02 - Non-fatal injury,05 - Turning movement,Greenbelt
1914,BLAIR RD @ INNES RD,375578.257,5031439.794,-75.59562,45.41931,2017-11-02,9:38:00 AM,02 - Rain,02 - Wet,01 - Traffic signal,03 - At intersection,01 - Daylight,03 - P.D. only,03 - Rear end,Greenbelt
1915,BLAIR RD @ INNES RD,375577.7791,5031439.316,-75.59563,45.41931,2017-11-03,10:01:00 AM,01 - Clear,01 - Dry,01 - Traffic signal,02 - Intersection related,01 - Daylight,02 - Non-fatal injury,03 - Rear end,Greenbelt
1916,BLAIR RD @ INNES RD,375579.0694,5031438.886,-75.59561,45.4193,2017-11-12,2:59:00 PM,01 - Clear,01 - Dry,01 - Traffic signal,02 - Intersection related,01 - Daylight,03 - P.D. only,03 - Rear end,Greenbelt
1917,BLAIR RD @ INNES RD,375577.9844,5031439.93,-75.59562,45.41931,2017-02-14,2:44:00 PM,03 - Snow,06 - Ice,01 - Traffic signal,02 - Intersection related,01 - Daylight,03 - P.D. only,03 - Rear end,Greenbelt
1918,BLAIR RD @ INNES RD,375578.7349,5031441.272,-75.59562,45.41933,2017-01-02,3:00:00 PM,01 - Clear,01 - Dry,01 - Traffic signal,03 - At intersection,01 - Daylight,03 - P.D. only,04 - Sideswipe,Greenbelt
1919,BLAIR RD @ INNES RD,375579.2814,5031439.555,-75.59561,45.41931,2017-01-18,8:50:00 AM,03 - Snow,02 - Wet,01 - Traffic signal,03 - At intersection,01 - Daylight,03 - P.D. only,04 - Sideswipe,Greenbelt
1920,BLAIR RD @ INNES RD,375579.2814,5031439.009,-75.59561,45.41931,2017-01-30,7:45:00 AM,01 - Clear,01 - Dry,01 - Traffic signal,02 - Intersection related,03 - Dawn,03 - P.D. only,03 - Rear end,Greenbelt
1921,BLAIR RD @ INNES RD,375577.7316,5031438.886,-75.59563,45.4193,2017-03-24,2:09:00 PM,03 - Snow,05 - Packed snow,01 - Traffic signal,02 - Intersection related,01 - Daylight,03 - P.D. only,03 - Rear end,Greenbelt
1922,BLAIR RD @ INNES RD,375578.4005,5031439.555,-75.59562,45.41931,2017-03-27,3:30:00 PM,02 - Rain,02 - Wet,01 - Traffic signal,02 - Intersection related,01 - Daylight,03 - P.D. only,04 - Sideswipe,Greenbelt
1923,BLAIR RD @ INNES RD,375578.7349,5031439.794,-75.59562,45.41931,2017-12-26,6:57:00 PM,01 - Clear,01 - Dry,01 - Traffic signal,02 - Intersection related,07 - Dark,03 - P.D. only,04 - Sideswipe,Greenbelt
1924,BLAIR RD @ MEADOWBROOK RD,375196.4067,5032310.232,-75.60038,45.42718,2017-06-04,1:37:00 PM,02 - Rain,02 - Wet,01 - Traffic signal,02 - Intersection related,01 - Daylight,03 - P.D. only,03 - Rear end,Greenbelt
1925,BLAIR RD @ MEADOWBROOK RD,375193.5168,5032310.047,-75.60041,45.42718,2017-08-10,4:30:00 PM,01 - Clear,01 - Dry,01 - Traffic signal,02 - Intersection related,01 - Daylight,03 - P.D. only,03 - Rear end,Greenbelt
1926,BLAIR RD @ MEADOWBROOK RD,375194.7345,5032311.569,-75.6004,45.4272,2017-08-11,12:55:00 PM,01 - Clear,01 - Dry,01 - Traffic signal,02 - Intersection related,01 - Daylight,02 - Non-fatal injury,04 - Sideswipe,Greenbelt
1927,BLAIR RD @ MEADOWBROOK RD,375194.7345,5032311.346,-75.6004,45.42719,2017-09-05,6:16:00 PM,01 - Clear,01 - Dry,01 - Traffic signal,02 - Intersection related,05 - Dusk,02 - Non-fatal injury,04 - Sideswipe,Greenbelt
1928,BLAIR RD @ MEADOWBROOK RD,375194.2566,5032311.33,-75.6004,45.42719,2017-09-20,4:52:00 PM,01 - Clear,01 - Dry,01 - Traffic signal,02 - Intersection related,01 - Daylight,03 - P.D. only,04 - Sideswipe,Greenbelt
1929,BLAIR RD @ MEADOWBROOK RD,375194.4001,5032312.238,-75.6004,45.4272,2017-04-14,7:30:00 PM,01 - Clear,01 - Dry,01 - Traffic signal,02 - Intersection related,05 - Dusk,03 - P.D. only,04 - Sideswipe,Greenbelt
1930,BLAIR RD @ MONTREAL RD,374019.7202,5034439.266,-75.61511,45.44646,2017-07-30,4:28:00 PM,01 - Clear,01 - Dry,01 - Traffic signal,03 - At intersection,01 - Daylight,03 - P.D. only,02 - Angle,Gloucester
1931,BLAIR RD @ MONTREAL RD,374021.0147,5034439.369,-75.6151,45.44646,2017-08-27,4:00:00 PM,01 - Clear,01 - Dry,01 - Traffic signal,02 - Intersection related,01 - Daylight,03 - P.D. only,03 - Rear end,Gloucester
1932,BLAIR RD @ MONTREAL RD,374019.2468,5034440.295,-75.61512,45.44647,2017-09-28,4:21:00 PM,01 - Clear,01 - Dry,01 - Traffic signal,02 - Intersection related,01 - Daylight,03 - P.D. only,03 - Rear end,Gloucester
1933,BLAIR RD @ MONTREAL RD,374019.3858,5034439.585,-75.61512,45.44646,2017-10-14,8:50:00 AM,02 - Rain,02 - Wet,01 - Traffic signal,02 - Intersection related,01 - Daylight,03 - P.D. only,07 - SMV other,Gloucester
1934,BLAIR RD @ MONTREAL RD,374020.0547,5034438.916,-75.61511,45.44645,2017-10-23,3:30:00 PM,01 - Clear,01 - Dry,01 - Traffic signal,02 - Intersection related,01 - Daylight,03 - P.D. only,99 - Other,Carson Grove - Carson Meadows
1935,BLAIR RD @ MONTREAL RD,374020.7235,5034438.916,-75.6151,45.44645,2017-12-05,4:40:00 PM,01 - Clear,02 - Wet,01 - Traffic signal,02 - Intersection related,05 - Dusk,03 - P.D. only,03 - Rear end,Carson Grove - Carson Meadows
1936,BLAIR RD @ MONTREAL RD,374020.1712,5034438.457,-75.61511,45.44645,2017-11-21,4:57:00 PM,01 - Clear,01 - Dry,01 - Traffic signal,03 - At intersection,07 - Dark,02 - Non-fatal injury,05 - Turning movement,Carson Grove - Carson Meadows
1937,BLAIR RD @ MONTREAL RD,374020.0547,5034439.585,-75.61511,45.44646,2017-12-05,4:54:00 PM,01 - Clear,02 - Wet,01 - Traffic signal,02 - Intersection related,05 - Dusk,03 - P.D. only,03 - Rear end,Gloucester
1938,BLAIR RD @ MONTREAL RD,374019.7202,5034439.856,-75.61511,45.44646,2017-02-01,11:30:00 AM,01 - Clear,01 - Dry,01 - Traffic signal,03 - At intersection,01 - Daylight,03 - P.D. only,04 - Sideswipe,Gloucester
1939,BLAIR RD @ MONTREAL RD,374020.0547,5034440.254,-75.61511,45.44647,2017-03-08,1:30:00 PM,01 - Clear,01 - Dry,01 - Traffic signal,02 - Intersection related,01 - Daylight,03 - P.D. only,02 - Angle,Gloucester
1940,BLAIR RD @ MONTREAL RD,374020.0547,5034441.591,-75.61511,45.44648,2017-03-31,2:56:00 PM,03 - Snow,03 - Loose snow,01 - Traffic signal,03 - At intersection,01 - Daylight,03 - P.D. only,05 - Turning movement,Gloucester
1941,BLAIR RD @ MOWAT ST,374199.1686,5033984.498,-75.61288,45.44235,2017-09-28,2:51:00 PM,01 - Clear,01 - Dry,02 - Stop sign,02 - Intersection related,01 - Daylight,03 - P.D. only,03 - Rear end,Beacon Hill South - Cardinal Heights
1942,BLAIR RD @ OGILVIE RD,374507.2142,5033197.556,-75.60906,45.43524,2017-05-23,9:02:00 AM,01 - Clear,01 - Dry,01 - Traffic signal,02 - Intersection related,01 - Daylight,02 - Non-fatal injury,03 - Rear end,Industrial Park
1943,BLAIR RD @ OGILVIE RD,374509.0182,5033197.928,-75.60903,45.43524,2017-08-17,9:39:00 PM,02 - Rain,02 - Wet,01 - Traffic signal,02 - Intersection related,07 - Dark,03 - P.D. only,03 - Rear end,Industrial Park
1944,BLAIR RD @ OGILVIE RD,374508.6795,5033198.336,-75.60904,45.43524,2017-10-30,9:29:00 AM,02 - Rain,02 - Wet,01 - Traffic signal,02 - Intersection related,01 - Daylight,03 - P.D. only,03 - Rear end,Industrial Park
1945,BLAIR RD @ OGILVIE RD,374508.2016,5033197.38,-75.60904,45.43523,2017-09-17,11:30:00 AM,01 - Clear,01 - Dry,01 - Traffic signal,02 - Intersection related,01 - Daylight,03 - P.D. only,03 - Rear end,Industrial Park
1946,BLAIR RD @ OGILVIE RD,374507.7237,5033198.338,-75.60905,45.43524,2017-09-06,11:09:00 AM,01 - Clear,01 - Dry,01 - Traffic signal,03 - At intersection,01 - Daylight,03 - P.D. only,03 - Rear end,Industrial Park
1947,BLAIR RD @ OGILVIE RD,374508.1971,5033197.392,-75.60904,45.43523,2017-09-04,3:05:00 PM,01 - Clear,01 - Dry,01 - Traffic signal,03 - At intersection,01 - Daylight,03 - P.D. only,03 - Rear end,Industrial Park
1948,BLAIR RD @ OGILVIE RD,374507.7237,5033198.338,-75.60905,45.43524,2017-10-27,11:57:00 AM,01 - Clear,01 - Dry,01 - Traffic signal,02 - Intersection related,01 - Daylight,03 - P.D. only,03 - Rear end,Industrial Park
1949,BLAIR RD @ OGILVIE RD,374506.7204,5033198.575,-75.60906,45.43524,2017-10-04,1:16:00 PM,01 - Clear,01 - Dry,01 - Traffic signal,02 - Intersection related,01 - Daylight,03 - P.D. only,99 - Other,Industrial Park
1950,BLAIR RD @ OGILVIE RD,374508.6795,5033198.814,-75.60904,45.43525,2017-11-21,3:59:00 PM,01 - Clear,01 - Dry,01 - Traffic signal,03 - At intersection,01 - Daylight,03 - P.D. only,04 - Sideswipe,Beacon Hill South - Cardinal Heights
1951,BLAIR RD @ OGILVIE RD,374507.2494,5033197.866,-75.60906,45.43524,2017-12-14,2:40:00 AM,01 - Clear,01 - Dry,01 - Traffic signal,02 - Intersection related,07 - Dark,03 - P.D. only,04 - Sideswipe,Industrial Park
1952,BLAIR RD @ OGILVIE RD,374506.29,5033199.292,-75.60907,45.43525,2017-12-05,8:15:00 PM,02 - Rain,02 - Wet,01 - Traffic signal,02 - Intersection related,07 - Dark,03 - P.D. only,03 - Rear end,Industrial Park
1953,BLAIR RD @ OGILVIE RD,374506.7204,5033199.244,-75.60906,45.43525,2017-11-29,8:56:00 AM,01 - Clear,02 - Wet,01 - Traffic signal,02 - Intersection related,01 - Daylight,03 - P.D. only,03 - Rear end,Industrial Park
1954,BLAIR RD @ OGILVIE RD,374507.2503,5033198.812,-75.60906,45.43525,2017-01-19,5:36:00 PM,01 - Clear,02 - Wet,01 - Traffic signal,03 - At intersection,05 - Dusk,03 - P.D. only,03 - Rear end,Industrial Park
1955,BLAIR RD @ OGILVIE RD,374507.2607,5033197.69,-75.60906,45.43524,2017-01-06,3:05:00 PM,01 - Clear,03 - Loose snow,01 - Traffic signal,02 - Intersection related,01 - Daylight,03 - P.D. only,04 - Sideswipe,Industrial Park
1956,BLAIR RD @ OGILVIE RD,374507.9835,5033198.668,-75.60905,45.43525,2017-02-02,5:08:00 PM,01 - Clear,01 - Dry,01 - Traffic signal,02 - Intersection related,05 - Dusk,03 - P.D. only,03 - Rear end,Industrial Park
1957,BLAIR RD @ OGILVIE RD,374509.2522,5033199.594,-75.60903,45.43525,2017-04-04,11:34:00 AM,02 - Rain,02 - Wet,01 - Traffic signal,02 - Intersection related,01 - Daylight,03 - P.D. only,04 - Sideswipe,Beacon Hill South - Cardinal Heights
1958,BLAIR RD @ OGILVIE RD,374508.6705,5033199.758,-75.60904,45.43526,2017-12-23,2:16:00 PM,03 - Snow,03 - Loose snow,01 - Traffic signal,02 - Intersection related,01 - Daylight,03 - P.D. only,03 - Rear end,Beacon Hill South - Cardinal Heights
1959,BLAIR RD @ OGILVIE RD,374507.2503,5033198.338,-75.60906,45.43524,2017-12-31,12:59:00 PM,01 - Clear,01 - Dry,01 - Traffic signal,03 - At intersection,01 - Daylight,03 - P.D. only,03 - Rear end,Industrial Park
1960,BLAIR RD @ OR174 IC112 RAMP26,374753.5655,5032847.043,-75.60596,45.43206,2017-08-03,8:15:00 AM,01 - Clear,01 - Dry,10 - No control,02 - Intersection related,01 - Daylight,03 - P.D. only,03 - Rear end,Industrial Park
1961,BLAIR RD @ REGIONAL RD 174 N/OR174 IC112 RAMP61,374634.3969,5032990.906,-75.60746,45.43336,2017-05-24,10:30:00 AM,01 - Clear,01 - Dry,01 - Traffic signal,03 - At intersection,01 - Daylight,02 - Non-fatal injury,05 - Turning movement,Industrial Park
1962,BLAIR RD @ REGIONAL RD 174 N/OR174 IC112 RAMP61,374634.7599,5032990.88,-75.60746,45.43336,2017-05-14,11:00:00 AM,02 - Rain,02 - Wet,01 - Traffic signal,03 - At intersection,01 - Daylight,02 - Non-fatal injury,03 - Rear end,Industrial Park
1963,BLAIR RD @ REGIONAL RD 174 N/OR174 IC112 RAMP61,374633.0347,5032991.245,-75.60748,45.43337,2017-06-07,8:01:00 PM,01 - Clear,01 - Dry,01 - Traffic signal,02 - Intersection related,01 - Daylight,03 - P.D. only,04 - Sideswipe,Industrial Park
1964,BLAIR RD @ REGIONAL RD 174 N/OR174 IC112 RAMP61,374635.5556,5032989.697,-75.60745,45.43335,2017-05-18,7:40:00 AM,01 - Clear,01 - Dry,01 - Traffic signal,02 - Intersection related,01 - Daylight,03 - P.D. only,03 - Rear end,Industrial Park
1965,BLAIR RD @ REGIONAL RD 174 N/OR174 IC112 RAMP61,374634.2709,5032990.813,-75.60746,45.43336,2017-05-04,9:21:00 PM,02 - Rain,02 - Wet,01 - Traffic signal,03 - At intersection,07 - Dark,03 - P.D. only,05 - Turning movement,Industrial Park
1966,BLAIR RD @ REGIONAL RD 174 N/OR174 IC112 RAMP61,374635.0658,5032991.575,-75.60745,45.43337,2017-06-14,1:58:00 PM,01 - Clear,01 - Dry,01 - Traffic signal,02 - Intersection related,01 - Daylight,03 - P.D. only,03 - Rear end,Industrial Park
1967,BLAIR RD @ REGIONAL RD 174 N/OR174 IC112 RAMP61,374635.7346,5032992.244,-75.60744,45.43338,2017-05-24,9:22:00 PM,01 - Clear,01 - Dry,01 - Traffic signal,03 - At intersection,07 - Dark,03 - P.D. only,02 - Angle,Industrial Park