Record,Location,X,Y,Longitude,Latitude,Date,Time,Environment,Road_Surface,Traffic_Control,Collision_Location,Light,Collision_Classification,Impact_type,Neighborhood
1968,BLAIR RD @ REGIONAL RD 174 N/OR174 IC112 RAMP61,374634.643,5032990.55,-75.60746,45.43336,2017-08-11,12:40:00 AM,01 - Clear,01 - Dry,01 - Traffic signal,02 - Intersection related,07 - Dark,03 - P.D. only,05 - Turning movement,Industrial Park
1969,BLAIR RD @ REGIONAL RD 174 N/OR174 IC112 RAMP61,374633.3008,5032992.865,-75.60747,45.43338,2017-07-18,8:08:00 AM,01 - Clear,01 - Dry,01 - Traffic signal,02 - Intersection related,01 - Daylight,03 - P.D. only,03 - Rear end,Industrial Park
1970,BLAIR RD @ REGIONAL RD 174 N/OR174 IC112 RAMP61,374635.1946,5032991.084,-75.60745,45.43337,2017-08-04,3:48:00 PM,01 - Clear,01 - Dry,01 - Traffic signal,03 - At intersection,01 - Daylight,03 - P.D. only,03 - Rear end,Industrial Park
1971,BLAIR RD @ REGIONAL RD 174 N/OR174 IC112 RAMP61,374634.1398,5032991.64,-75.60746,45.43337,2017-10-16,8:26:00 AM,01 - Clear,01 - Dry,01 - Traffic signal,02 - Intersection related,01 - Daylight,03 - P.D. only,03 - Rear end,Industrial Park
1972,BLAIR RD @ REGIONAL RD 174 N/OR174 IC112 RAMP61,374636.3107,5032991.098,-75.60744,45.43337,2017-10-04,12:26:00 PM,01 - Clear,01 - Dry,01 - Traffic signal,02 - Intersection related,01 - Daylight,03 - P.D. only,03 - Rear end,Industrial Park
1973,BLAIR RD @ REGIONAL RD 174 N/OR174 IC112 RAMP61,374634.6568,5032991.615,-75.60746,45.43337,2017-11-07,7:45:00 AM,01 - Clear,01 - Dry,01 - Traffic signal,02 - Intersection related,03 - Dawn,03 - P.D. only,03 - Rear end,Industrial Park
1974,BLAIR RD @ REGIONAL RD 174 N/OR174 IC112 RAMP61,374634.9898,5032990.731,-75.60745,45.43336,2017-01-19,2:56:00 PM,01 - Clear,01 - Dry,01 - Traffic signal,02 - Intersection related,01 - Daylight,03 - P.D. only,03 - Rear end,Industrial Park
1975,BLAIR RD @ REGIONAL RD 174 N/OR174 IC112 RAMP61,374633.856,5032992.77,-75.60747,45.43338,2017-02-04,6:10:00 PM,01 - Clear,01 - Dry,01 - Traffic signal,02 - Intersection related,07 - Dark,03 - P.D. only,04 - Sideswipe,Industrial Park
1976,BLAIR RD @ REGIONAL RD 174 N/OR174 IC112 RAMP61,374635.3268,5032992.848,-75.60745,45.43338,2017-01-06,2:40:00 PM,01 - Clear,02 - Wet,01 - Traffic signal,03 - At intersection,01 - Daylight,03 - P.D. only,05 - Turning movement,Industrial Park
1977,BLAIR RD @ REGIONAL RD 174 N/OR174 IC112 RAMP61,374633.856,5032992.77,-75.60747,45.43338,2017-01-21,6:24:00 PM,01 - Clear,02 - Wet,01 - Traffic signal,02 - Intersection related,07 - Dark,03 - P.D. only,03 - Rear end,Industrial Park
1978,BLAIR RD @ REGIONAL RD 174 N/OR174 IC112 RAMP61,374636.4611,5032993.156,-75.60743,45.43338,2017-04-03,7:46:00 AM,01 - Clear,01 - Dry,01 - Traffic signal,02 - Intersection related,01 - Daylight,03 - P.D. only,03 - Rear end,Industrial Park
1979,BLAIR RD @ REGIONAL RD 174 N/OR174 IC112 RAMP61,374635.2408,5032993.613,-75.60745,45.43339,2017-03-18,9:47:00 PM,01 - Clear,01 - Dry,01 - Traffic signal,02 - Intersection related,07 - Dark,03 - P.D. only,05 - Turning movement,Industrial Park
1980,BLAIR RD @ REGIONAL RD 174 N/OR174 IC112 RAMP61,374636.1314,5032992.269,-75.60744,45.43338,2017-03-18,10:00:00 AM,01 - Clear,01 - Dry,01 - Traffic signal,02 - Intersection related,01 - Daylight,02 - Non-fatal injury,03 - Rear end,Industrial Park
1981,BLAIR RD @ REGIONAL RD 174 N/OR174 IC112 RAMP61,374634.8868,5032991.704,-75.60745,45.43337,2017-04-15,5:08:00 PM,02 - Rain,02 - Wet,01 - Traffic signal,03 - At intersection,01 - Daylight,03 - P.D. only,05 - Turning movement,Industrial Park
1982,BLAIR RD @ REGIONAL RD 174 S/OR174 IC112 RAMP15,374906.8867,5032660.871,-75.60403,45.43037,2017-06-07,9:00:00 AM,01 - Clear,01 - Dry,01 - Traffic signal,03 - At intersection,01 - Daylight,03 - P.D. only,05 - Turning movement,Pineview
1983,BLAIR RD @ REGIONAL RD 174 S/OR174 IC112 RAMP15,374907.827,5032660.997,-75.60401,45.43037,2017-08-10,9:01:00 AM,01 - Clear,01 - Dry,01 - Traffic signal,02 - Intersection related,01 - Daylight,03 - P.D. only,04 - Sideswipe,Pineview
1984,BLAIR RD @ REGIONAL RD 174 S/OR174 IC112 RAMP15,374908.5956,5032661.67,-75.604,45.43037,2017-08-18,5:56:00 PM,02 - Rain,02 - Wet,01 - Traffic signal,02 - Intersection related,01 - Daylight,03 - P.D. only,03 - Rear end,Pineview
1985,BLAIR RD @ REGIONAL RD 174 S/OR174 IC112 RAMP15,374906.8867,5032662.209,-75.60402,45.43038,2017-06-29,12:08:00 PM,02 - Rain,02 - Wet,01 - Traffic signal,02 - Intersection related,01 - Daylight,03 - P.D. only,03 - Rear end,Pineview
1986,BLAIR RD @ REGIONAL RD 174 S/OR174 IC112 RAMP15,374908.2239,5032661.654,-75.60401,45.43037,2017-10-12,7:35:00 AM,01 - Clear,01 - Dry,01 - Traffic signal,02 - Intersection related,01 - Daylight,03 - P.D. only,03 - Rear end,Pineview
1987,BLAIR RD @ REGIONAL RD 174 S/OR174 IC112 RAMP15,374907.6575,5032661.691,-75.60402,45.43037,2017-09-29,10:20:00 PM,02 - Rain,02 - Wet,01 - Traffic signal,02 - Intersection related,07 - Dark,03 - P.D. only,03 - Rear end,Pineview
1988,BLAIR RD @ REGIONAL RD 174 S/OR174 IC112 RAMP15,374907.8902,5032661.242,-75.60401,45.43037,2017-09-12,5:08:00 PM,01 - Clear,01 - Dry,01 - Traffic signal,02 - Intersection related,01 - Daylight,03 - P.D. only,04 - Sideswipe,Pineview
1989,BLAIR RD @ REGIONAL RD 174 S/OR174 IC112 RAMP15,374906.8829,5032660.859,-75.60403,45.43037,2017-11-01,5:09:00 PM,02 - Rain,02 - Wet,01 - Traffic signal,03 - At intersection,07 - Dark,03 - P.D. only,05 - Turning movement,Pineview
1990,BLAIR RD @ REGIONAL RD 174 S/OR174 IC112 RAMP15,374908.7396,5032661.675,-75.604,45.43037,2017-11-02,1:43:00 PM,02 - Rain,02 - Wet,01 - Traffic signal,02 - Intersection related,01 - Daylight,03 - P.D. only,03 - Rear end,Pineview
1991,BLAIR RD @ REGIONAL RD 174 S/OR174 IC112 RAMP15,374909.0443,5032660.631,-75.604,45.43036,2017-12-05,11:37:00 AM,02 - Rain,02 - Wet,01 - Traffic signal,02 - Intersection related,01 - Daylight,03 - P.D. only,03 - Rear end,Pineview
1992,BLAIR RD @ REGIONAL RD 174 S/OR174 IC112 RAMP15,374907.3195,5032660.254,-75.60402,45.43036,2017-12-11,12:23:00 PM,01 - Clear,01 - Dry,01 - Traffic signal,03 - At intersection,01 - Daylight,03 - P.D. only,03 - Rear end,Pineview
1993,BLAIR RD @ REGIONAL RD 174 S/OR174 IC112 RAMP15,374908.1309,5032662.95,-75.60401,45.43039,2017-02-12,2:45:00 AM,03 - Snow,03 - Loose snow,01 - Traffic signal,02 - Intersection related,07 - Dark,03 - P.D. only,03 - Rear end,Pineview
1994,BLAIR RD @ REGIONAL RD 174 S/OR174 IC112 RAMP15,374908.8814,5032661.449,-75.604,45.43037,2017-01-09,1:30:00 PM,01 - Clear,01 - Dry,01 - Traffic signal,03 - At intersection,01 - Daylight,03 - P.D. only,02 - Angle,Pineview
1995,BLAIR RD @ REGIONAL RD 174 S/OR174 IC112 RAMP15,374906.4011,5032661.744,-75.60403,45.43037,2017-02-11,11:51:00 AM,01 - Clear,02 - Wet,01 - Traffic signal,02 - Intersection related,01 - Daylight,03 - P.D. only,99 - Other,Pineview
1996,BLAIR RD @ REGIONAL RD 174 S/OR174 IC112 RAMP15,374906.8103,5032659.481,-75.60403,45.43035,2017-01-10,8:30:00 AM,03 - Snow,04 - Slush,01 - Traffic signal,02 - Intersection related,01 - Daylight,03 - P.D. only,07 - SMV other,Pineview
1997,BLAIR RD @ REGIONAL RD 174 S/OR174 IC112 RAMP15,374906.5117,5032661.047,-75.60403,45.43037,2017-03-08,3:18:00 PM,01 - Clear,01 - Dry,01 - Traffic signal,02 - Intersection related,01 - Daylight,03 - P.D. only,03 - Rear end,Pineview
1998,BLAIR RD @ REGIONAL RD 174 S/OR174 IC112 RAMP15,374908.2663,5032662.148,-75.60401,45.43038,2017-03-02,4:09:00 PM,01 - Clear,01 - Dry,01 - Traffic signal,02 - Intersection related,01 - Daylight,03 - P.D. only,03 - Rear end,Pineview
1999,BLAIR RD @ REGIONAL RD 174 S/OR174 IC112 RAMP15,374908.1934,5032662.123,-75.60401,45.43038,2017-12-23,11:59:00 AM,03 - Snow,03 - Loose snow,01 - Traffic signal,03 - At intersection,01 - Daylight,02 - Non-fatal injury,05 - Turning movement,Pineview
2000,BLAIR RD @ REGIONAL RD 174 S/OR174 IC112 RAMP15,374908.5353,5032662.055,-75.604,45.43038,2017-12-28,5:45:00 PM,01 - Clear,01 - Dry,01 - Traffic signal,02 - Intersection related,07 - Dark,03 - P.D. only,03 - Rear end,Pineview
2001,BLAIR RD @ REGIONAL RD 174 S/OR174 IC112 RAMP15,374907.1842,5032662.165,-75.60402,45.43038,2017-12-28,7:00:00 AM,01 - Clear,06 - Ice,01 - Traffic signal,02 - Intersection related,03 - Dawn,03 - P.D. only,07 - SMV other,Pineview
2002,BLAIR RD @ REGIONAL RD 174 S/OR174 IC112 RAMP15,374906.8462,5032661.201,-75.60403,45.43037,2017-12-29,4:16:00 PM,01 - Clear,02 - Wet,01 - Traffic signal,03 - At intersection,05 - Dusk,03 - P.D. only,05 - Turning movement,Pineview
2003,BLAIR RD @ REGIONAL RD 174 S/OR174 IC112 RAMP15,374907.6575,5032661.218,-75.60402,45.43037,2017-12-27,1:15:00 PM,01 - Clear,01 - Dry,01 - Traffic signal,02 - Intersection related,01 - Daylight,03 - P.D. only,03 - Rear end,Pineview
2004,BLAIR RD @ REGIONAL RD 174 S/OR174 IC112 RAMP15,374907.3195,5032661.201,-75.60402,45.43037,2017-12-29,6:14:00 PM,01 - Clear,99 - Other,01 - Traffic signal,03 - At intersection,07 - Dark,02 - Non-fatal injury,01 - Approaching,Pineview
2005,BLAIR RD btwn BEAVERPOND DR & INNES RD,375566.3603,5031463.635,-75.59577,45.41953,2017-05-23,11:20:00 AM,01 - Clear,01 - Dry,10 - No control,01 - Non intersection,01 - Daylight,03 - P.D. only,03 - Rear end,Greenbelt
2006,BLAIR RD btwn BEAVERPOND DR & INNES RD,375541.6112,5031526.512,-75.59608,45.4201,2017-05-31,5:30:00 PM,01 - Clear,01 - Dry,10 - No control,01 - Non intersection,01 - Daylight,03 - P.D. only,04 - Sideswipe,Pineview
2007,BLAIR RD btwn BEAVERPOND DR & INNES RD,375564.3536,5031470.993,-75.59579,45.41959,2017-06-27,8:50:00 AM,01 - Clear,01 - Dry,10 - No control,01 - Non intersection,01 - Daylight,03 - P.D. only,03 - Rear end,Greenbelt
2008,BLAIR RD btwn BEAVERPOND DR & INNES RD,375551.0935,5031509.831,-75.59596,45.41995,2017-07-17,3:46:00 PM,01 - Clear,01 - Dry,10 - No control,01 - Non intersection,01 - Daylight,03 - P.D. only,04 - Sideswipe,Pineview
2009,BLAIR RD btwn BRIARCLIFFE DR & SWANS WAY,373676.5696,5035307.015,-75.61938,45.4543,2017-01-21,8:28:00 AM,04 - Freezing Rain,06 - Ice,10 - No control,01 - Non intersection,01 - Daylight,03 - P.D. only,06 - SMV unattended vehicle,Gloucester
2010,BLAIR RD btwn MEADOWBROOK RD & LAURA PRIV,375238.9457,5032253.229,-75.59984,45.42667,2017-12-05,7:54:00 AM,02 - Rain,02 - Wet,10 - No control,01 - Non intersection,01 - Daylight,03 - P.D. only,04 - Sideswipe,Greenbelt
2011,BLAIR RD btwn MONTREAL RD & SEGUIN ST,374024.0213,5034426.443,-75.61506,45.44634,2017-10-21,1:50:00 PM,01 - Clear,01 - Dry,10 - No control,04 - At/near private drive,01 - Daylight,03 - P.D. only,02 - Angle,Beacon Hill South - Cardinal Heights
2012,BLAIR RD btwn OGILVIE RD & OR174 IC112 RAMP36,374606.9416,5033028.519,-75.60781,45.4337,2017-08-10,8:00:00 PM,01 - Clear,01 - Dry,10 - No control,01 - Non intersection,05 - Dusk,02 - Non-fatal injury,03 - Rear end,Industrial Park
2013,BLAIR RD btwn SEGUIN ST & MOWAT ST,374162.8142,5034078.345,-75.61333,45.44319,2017-07-06,3:50:00 PM,01 - Clear,01 - Dry,10 - No control,01 - Non intersection,01 - Daylight,03 - P.D. only,03 - Rear end,Beacon Hill South - Cardinal Heights
2014,BLAIR ST btwn DORION AVE & DRAKE AVE,370897.4328,5030177.867,-75.65559,45.40842,2017-08-09,10:51:00 PM,01 - Clear,01 - Dry,10 - No control,04 - At/near private drive,07 - Dark,03 - P.D. only,06 - SMV unattended vehicle,Elmvale - Eastway - Riverview - Riverview Park West
2015,BLAIR ST btwn DORION AVE & DRAKE AVE,370820.1309,5030156.068,-75.65658,45.40823,2017-03-24,10:30:00 PM,03 - Snow,05 - Packed snow,10 - No control,01 - Non intersection,07 - Dark,03 - P.D. only,07 - SMV other,Elmvale - Eastway - Riverview - Riverview Park West
2016,BLAIS RD @ BANK ST,376153.0841,5019727.474,-75.58997,45.31387,2017-05-14,9:45:00 PM,01 - Clear,02 - Wet,02 - Stop sign,02 - Intersection related,07 - Dark,03 - P.D. only,03 - Rear end,Greenbelt
2017,BLAKE BLVD @ LAFONTAINE AVE,370941.1831,5033036.873,-75.65465,45.43414,2017-12-09,9:20:00 PM,03 - Snow,03 - Loose snow,02 - Stop sign,02 - Intersection related,07 - Dark,03 - P.D. only,03 - Rear end,Vanier South
2018,BLAZER AVE @ PRINCE OF WALES DR,367353.0456,5021106.488,-75.70202,45.32712,2017-07-07,4:00:00 PM,01 - Clear,01 - Dry,02 - Stop sign,02 - Intersection related,01 - Daylight,03 - P.D. only,07 - SMV other,Industrial Park
2019,BLAZER AVE @ PRINCE OF WALES DR,367354.3833,5021106.488,-75.702,45.32712,2017-11-24,11:39:00 AM,03 - Snow,02 - Wet,02 - Stop sign,02 - Intersection related,01 - Daylight,03 - P.D. only,03 - Rear end,Industrial Park
2020,BLEEKS RD @ CONLEY RD,351256.6536,5004809.358,-75.90887,45.18172,2017-12-18,3:00:00 PM,03 - Snow,03 - Loose snow,02 - Stop sign,02 - Intersection related,01 - Daylight,03 - P.D. only,07 - SMV other,Munster Hamlet - Richmond
2021,BLEEKS RD @ DWYER HILL RD,346545.0484,5000872.603,-75.96915,45.14659,2017-09-17,9:40:00 PM,01 - Clear,01 - Dry,02 - Stop sign,02 - Intersection related,07 - Dark,02 - Non-fatal injury,07 - SMV other,Munster Hamlet - Richmond
2022,BLEEKS RD btwn DWYER HILL RD & BAYBERRY LANE,348668.1216,5002741.926,-75.94199,45.16328,2017-09-13,8:00:00 PM,01 - Clear,01 - Dry,10 - No control,04 - At/near private drive,07 - Dark,03 - P.D. only,07 - SMV other,Munster Hamlet - Richmond
2023,BLOHM DR @ FORESTGLADE CRES S/PICASSO DR,375067.3133,5026322.901,-75.60288,45.37333,2017-01-06,10:00:00 AM,01 - Clear,06 - Ice,02 - Stop sign,02 - Intersection related,01 - Daylight,03 - P.D. only,03 - Rear end,Hunt Club
2024,BLOHM DR @ FORESTGLADE CRES S/PICASSO DR,375067.7429,5026322.521,-75.60287,45.37332,2017-01-05,1:09:00 PM,01 - Clear,06 - Ice,02 - Stop sign,02 - Intersection related,01 - Daylight,03 - P.D. only,03 - Rear end,Hunt Club
2025,BLOHM DR @ HUNT CLUB RD,375130.7493,5026190.187,-75.60209,45.37212,2017-06-16,3:31:00 PM,01 - Clear,01 - Dry,01 - Traffic signal,02 - Intersection related,01 - Daylight,03 - P.D. only,03 - Rear end,Hunt Club
2026,BLOHM DR @ HUNT CLUB RD,375129.746,5026189.819,-75.6021,45.37212,2017-07-31,5:17:00 PM,01 - Clear,01 - Dry,01 - Traffic signal,02 - Intersection related,01 - Daylight,03 - P.D. only,03 - Rear end,Hunt Club
2027,BLOHM DR @ HUNT CLUB RD,375129.2726,5026188.808,-75.60211,45.37211,2017-10-26,5:04:00 PM,01 - Clear,01 - Dry,01 - Traffic signal,02 - Intersection related,05 - Dusk,03 - P.D. only,03 - Rear end,Hunt Club
2028,BLOHM DR @ HUNT CLUB RD,375130.0805,5026189.518,-75.6021,45.37212,2017-10-26,3:45:00 PM,01 - Clear,01 - Dry,01 - Traffic signal,02 - Intersection related,01 - Daylight,03 - P.D. only,03 - Rear end,Hunt Club
2029,BLOHM DR @ HUNT CLUB RD,375129.7449,5026189.526,-75.6021,45.37212,2017-02-10,7:55:00 PM,03 - Snow,03 - Loose snow,01 - Traffic signal,03 - At intersection,07 - Dark,03 - P.D. only,05 - Turning movement,Hunt Club
2030,BLOHM DR @ HUNT CLUB RD,375130.7493,5026188.849,-75.60209,45.37211,2017-03-04,3:00:00 PM,01 - Clear,01 - Dry,01 - Traffic signal,02 - Intersection related,01 - Daylight,02 - Non-fatal injury,03 - Rear end,Hunt Club
2031,BLOHM DR @ HUNT CLUB RD,375129.4116,5026188.849,-75.6021,45.37211,2017-04-06,10:56:00 PM,02 - Rain,02 - Wet,01 - Traffic signal,03 - At intersection,07 - Dark,02 - Non-fatal injury,05 - Turning movement,Hunt Club
2032,BLOHM DR btwn 68 N OF BRISTON PRIV & BRISTON PRIV,373866.0242,5025743.197,-75.61829,45.36823,2017-07-26,7:05:00 AM,01 - Clear,01 - Dry,10 - No control,01 - Non intersection,01 - Daylight,03 - P.D. only,06 - SMV unattended vehicle,Hunt Club
2033,BLOHM DR btwn NOTMAN WAY & PITTAWAY AVE,374236.5274,5025936.273,-75.61354,45.36993,2017-09-04,1:44:00 PM,01 - Clear,01 - Dry,10 - No control,01 - Non intersection,01 - Daylight,03 - P.D. only,06 - SMV unattended vehicle,Hunt Club
2034,BLOOMFIELD AVE btwn CHURCHILL AVE N & END,363026.249,5028760.367,-75.75631,45.39636,2017-08-06,5:09:00 PM,01 - Clear,01 - Dry,10 - No control,01 - Non intersection,01 - Daylight,03 - P.D. only,06 - SMV unattended vehicle,Westboro Beach
2035,BOBOLINK RDG @ LIVERY ST,352715.4762,5014807.571,-75.88934,45.27159,2017-09-11,7:55:00 AM,01 - Clear,01 - Dry,02 - Stop sign,03 - At intersection,01 - Daylight,03 - P.D. only,02 - Angle,Stittsville - Basswood
2036,BOBOLINK RDG @ ROBERT GRANT AVE,352491.9493,5014662.718,-75.89221,45.2703,2017-10-05,12:40:00 PM,01 - Clear,01 - Dry,11 - Roundabout,03 - At intersection,01 - Daylight,03 - P.D. only,02 - Angle,Stittsville - Basswood
2037,BOBOLINK RDG btwn ASTURCON ST & YELLOWTAIL WALK,352788.4146,5014872.982,-75.88841,45.27218,2017-05-14,4:36:00 PM,01 - Clear,01 - Dry,10 - No control,01 - Non intersection,01 - Daylight,03 - P.D. only,06 - SMV unattended vehicle,Stittsville - Basswood
2038,BOISBRIAND CRES btwn CHAMPNEUF DR & CHAMPNEUF DR,381578.0376,5036068.312,-75.51825,45.46032,2017-10-04,10:48:00 PM,01 - Clear,01 - Dry,10 - No control,01 - Non intersection,07 - Dark,02 - Non-fatal injury,06 - SMV unattended vehicle,Orleans Village - Chateauneuf
2039,BOISFRANC CIRC btwn CAPREOL ST & CANDLEWOOD ST,385371.8507,5035548.217,-75.46983,45.45522,2017-06-15,11:15:00 AM,01 - Clear,01 - Dry,10 - No control,04 - At/near private drive,01 - Daylight,03 - P.D. only,02 - Angle,Avalon
2040,BONGARD AVE btwn MERIVALE RD & GIFFORD ST,365934.2393,5021352.272,-75.72009,45.32946,2017-01-30,4:35:00 PM,01 - Clear,01 - Dry,10 - No control,04 - At/near private drive,01 - Daylight,03 - P.D. only,06 - SMV unattended vehicle,Industrial Park
2041,BOOTH ST @ CARLING AVE,367095.4624,5029108.436,-75.70429,45.39914,2017-01-10,5:30:00 PM,03 - Snow,03 - Loose snow,01 - Traffic signal,03 - At intersection,05 - Dusk,03 - P.D. only,05 - Turning movement,Centretown West
2042,BOOTH ST @ ECCLES ST,366623.2265,5030186.328,-75.71019,45.40888,2017-08-21,10:26:00 AM,01 - Clear,01 - Dry,01 - Traffic signal,02 - Intersection related,01 - Daylight,02 - Non-fatal injury,07 - SMV other,Chinatown
2043,BOOTH ST @ ECCLES ST,366624.0344,5030185.895,-75.71018,45.40888,2017-02-25,7:16:00 PM,02 - Rain,02 - Wet,01 - Traffic signal,03 - At intersection,07 - Dark,03 - P.D. only,02 - Angle,Chinatown
2044,BOOTH ST @ GLADSTONE AVE,366769.0399,5029850.562,-75.70837,45.40585,2017-05-21,9:33:00 AM,01 - Clear,01 - Dry,01 - Traffic signal,03 - At intersection,01 - Daylight,02 - Non-fatal injury,02 - Angle,Centretown West
2045,BOOTH ST @ GLADSTONE AVE,366768.159,5029849.469,-75.70838,45.40584,2017-09-03,11:55:00 AM,01 - Clear,01 - Dry,01 - Traffic signal,02 - Intersection related,01 - Daylight,03 - P.D. only,02 - Angle,Centretown West
2046,BOOTH ST @ GLADSTONE AVE,366769.9999,5029849.914,-75.70836,45.40584,2017-08-04,11:50:00 PM,01 - Clear,02 - Wet,01 - Traffic signal,03 - At intersection,07 - Dark,03 - P.D. only,02 - Angle,Centretown West
2047,BOOTH ST @ GLADSTONE AVE,366770.3776,5029850.562,-75.70835,45.40585,2017-03-10,8:30:00 AM,01 - Clear,01 - Dry,01 - Traffic signal,02 - Intersection related,01 - Daylight,03 - P.D. only,03 - Rear end,Centretown West
2048,BOOTH ST @ GLADSTONE AVE,366767.0332,5029849.893,-75.7084,45.40584,2017-04-15,6:20:00 PM,02 - Rain,02 - Wet,01 - Traffic signal,03 - At intersection,01 - Daylight,03 - P.D. only,02 - Angle,Centretown West
2049,BOOTH ST @ GLADSTONE AVE,366769.0399,5029850.562,-75.70837,45.40585,2017-02-28,11:24:00 PM,02 - Rain,02 - Wet,01 - Traffic signal,02 - Intersection related,07 - Dark,03 - P.D. only,99 - Other,Centretown West
2050,BOOTH ST @ LOUISA ST,366802.703,5029770.418,-75.70795,45.40512,2017-11-01,3:26:00 PM,01 - Clear,02 - Wet,02 - Stop sign,03 - At intersection,01 - Daylight,02 - Non-fatal injury,03 - Rear end,Centretown West
2051,BOOTH ST @ LOUISA ST,366802.705,5029769.438,-75.70795,45.40512,2017-02-28,9:32:00 AM,01 - Clear,01 - Dry,02 - Stop sign,02 - Intersection related,01 - Daylight,02 - Non-fatal injury,03 - Rear end,Centretown West
2052,BOOTH ST @ MIDDLE ST,366114.3618,5031293.919,-75.71655,45.41889,2017-07-04,11:05:00 AM,01 - Clear,01 - Dry,02 - Stop sign,02 - Intersection related,01 - Daylight,03 - P.D. only,03 - Rear end,LeBreto
2053,BOOTH ST @ MIDDLE ST,366115.3029,5031291.629,-75.71654,45.41887,2017-12-14,6:15:00 PM,03 - Snow,04 - Slush,02 - Stop sign,03 - At intersection,07 - Dark,03 - P.D. only,05 - Turning movement,LeBreto
2054,BOOTH ST @ MIDDLE ST,366115.5326,5031291.429,-75.71654,45.41887,2017-11-06,4:04:00 PM,01 - Clear,01 - Dry,02 - Stop sign,02 - Intersection related,01 - Daylight,03 - P.D. only,04 - Sideswipe,LeBreto
2055,BOOTH ST @ NORMAN ST,366999.9794,5029319.659,-75.70549,45.40105,2017-08-30,7:25:00 AM,01 - Clear,01 - Dry,01 - Traffic signal,02 - Intersection related,01 - Daylight,03 - P.D. only,03 - Rear end,The Glebe Annex
2056,BOOTH ST @ NORMAN ST,367000.6629,5029318.85,-75.70548,45.40104,2017-01-15,12:13:00 PM,01 - Clear,01 - Dry,01 - Traffic signal,02 - Intersection related,01 - Daylight,03 - P.D. only,03 - Rear end,The Glebe Annex
2057,BOOTH ST @ ORANGEVILLE ST,366891.9299,5029572.006,-75.70684,45.40333,2017-08-15,9:32:00 AM,01 - Clear,01 - Dry,02 - Stop sign,02 - Intersection related,01 - Daylight,03 - P.D. only,03 - Rear end,The Glebe Annex
2058,BOOTH ST @ ORANGEVILLE ST,366891.6961,5029571.565,-75.70684,45.40333,2017-12-25,10:40:00 PM,01 - Clear,01 - Dry,02 - Stop sign,03 - At intersection,07 - Dark,03 - P.D. only,02 - Angle,The Glebe Annex
2059,BOOTH ST @ OTTAWA RIVER PKWY/WELLINGTON ST,366264.5915,5031007.357,-75.71467,45.4163,2017-06-18,1:23:00 PM,01 - Clear,01 - Dry,01 - Traffic signal,02 - Intersection related,01 - Daylight,03 - P.D. only,03 - Rear end,LeBreton Flats
2060,BOOTH ST @ OTTAWA RIVER PKWY/WELLINGTON ST,366264.5756,5031005.337,-75.71467,45.41628,2017-05-02,2:53:00 PM,02 - Rain,02 - Wet,01 - Traffic signal,03 - At intersection,01 - Daylight,02 - Non-fatal injury,05 - Turning movement,LeBreton Flats
2061,BOOTH ST @ OTTAWA RIVER PKWY/WELLINGTON ST,366265.5209,5031005.629,-75.71466,45.41629,2017-07-04,3:22:00 PM,01 - Clear,01 - Dry,01 - Traffic signal,02 - Intersection related,01 - Daylight,03 - P.D. only,04 - Sideswipe,LeBreton Flats
2062,BOOTH ST @ OTTAWA RIVER PKWY/WELLINGTON ST,366263.7836,5031006.451,-75.71468,45.41629,2017-07-13,7:30:00 PM,01 - Clear,01 - Dry,01 - Traffic signal,02 - Intersection related,01 - Daylight,03 - P.D. only,03 - Rear end,LeBreton Flats
2063,BOOTH ST @ OTTAWA RIVER PKWY/WELLINGTON ST,366263.7791,5031005.971,-75.71468,45.41629,2017-10-06,1:09:00 PM,01 - Clear,01 - Dry,01 - Traffic signal,03 - At intersection,01 - Daylight,03 - P.D. only,05 - Turning movement,LeBreton Flats
2064,BOOTH ST @ OTTAWA RIVER PKWY/WELLINGTON ST,366265.2603,5031005.35,-75.71466,45.41628,2017-10-16,5:54:00 PM,01 - Clear,01 - Dry,01 - Traffic signal,02 - Intersection related,01 - Daylight,03 - P.D. only,03 - Rear end,LeBreton Flats
2065,BOOTH ST @ OTTAWA RIVER PKWY/WELLINGTON ST,366263.9226,5031005.35,-75.71468,45.41628,2017-10-22,7:13:00 AM,01 - Clear,01 - Dry,01 - Traffic signal,03 - At intersection,01 - Daylight,03 - P.D. only,07 - SMV other,LeBreton Flats
2066,BOOTH ST @ OTTAWA RIVER PKWY/WELLINGTON ST,366264.5915,5031007.357,-75.71467,45.4163,2017-12-02,4:08:00 PM,01 - Clear,01 - Dry,01 - Traffic signal,02 - Intersection related,05 - Dusk,03 - P.D. only,03 - Rear end,LeBreton Flats
2067,BOOTH ST @ OTTAWA RIVER PKWY/WELLINGTON ST,366263.2537,5031008.026,-75.71469,45.41631,2017-11-19,11:03:00 AM,03 - Snow,02 - Wet,01 - Traffic signal,03 - At intersection,01 - Daylight,02 - Non-fatal injury,02 - Angle,LeBreton Flats
2068,BOOTH ST @ OTTAWA RIVER PKWY/WELLINGTON ST,366264.5915,5031007.357,-75.71467,45.4163,2017-11-10,10:26:00 AM,01 - Clear,01 - Dry,01 - Traffic signal,03 - At intersection,01 - Daylight,03 - P.D. only,02 - Angle,LeBreton Flats
2069,BOOTH ST @ OTTAWA RIVER PKWY/WELLINGTON ST,366262.5848,5031008.026,-75.7147,45.41631,2017-11-23,6:28:00 PM,01 - Clear,01 - Dry,01 - Traffic signal,03 - At intersection,07 - Dark,03 - P.D. only,05 - Turning movement,LeBreton Flats
2070,BOOTH ST @ OTTAWA RIVER PKWY/WELLINGTON ST,366264.7304,5031006.451,-75.71467,45.41629,2017-11-08,11:23:00 AM,01 - Clear,01 - Dry,01 - Traffic signal,02 - Intersection related,01 - Daylight,03 - P.D. only,03 - Rear end,LeBreton Flats