Record,Location,X,Y,Longitude,Latitude,Date,Time,Environment,Road_Surface,Traffic_Control,Collision_Location,Light,Collision_Classification,Impact_type,Neighborhood
2071,BOOTH ST @ OTTAWA RIVER PKWY/WELLINGTON ST,366264.3309,5031007.638,-75.71467,45.4163,2017-01-14,6:44:00 PM,01 - Clear,01 - Dry,01 - Traffic signal,03 - At intersection,07 - Dark,03 - P.D. only,02 - Angle,LeBreton Flats
2072,BOOTH ST @ OTTAWA RIVER PKWY/WELLINGTON ST,366264.0353,5031006.092,-75.71468,45.41629,2017-03-21,6:19:00 PM,01 - Clear,01 - Dry,01 - Traffic signal,03 - At intersection,05 - Dusk,03 - P.D. only,04 - Sideswipe,LeBreton Flats
2073,BOOTH ST @ OTTAWA RIVER PKWY/WELLINGTON ST,366262.5689,5031006.675,-75.7147,45.4163,2017-02-20,8:05:00 AM,01 - Clear,02 - Wet,01 - Traffic signal,02 - Intersection related,01 - Daylight,03 - P.D. only,04 - Sideswipe,LeBreton Flats
2074,BOOTH ST @ OTTAWA RIVER PKWY/WELLINGTON ST,366264.659,5031008.493,-75.71467,45.41631,2017-03-24,10:45:00 AM,03 - Snow,05 - Packed snow,01 - Traffic signal,02 - Intersection related,01 - Daylight,03 - P.D. only,04 - Sideswipe,LeBreton Flats
2075,BOOTH ST @ OTTAWA RIVER PKWY/WELLINGTON ST,366264.257,5031006.688,-75.71467,45.4163,2017-10-20,4:00:00 PM,01 - Clear,01 - Dry,01 - Traffic signal,02 - Intersection related,01 - Daylight,03 - P.D. only,03 - Rear end,LeBreton Flats
2076,BOOTH ST @ POPLAR ST,366679.9013,5030058.35,-75.70948,45.40773,2017-11-06,6:15:00 PM,01 - Clear,01 - Dry,02 - Stop sign,02 - Intersection related,07 - Dark,03 - P.D. only,04 - Sideswipe,Centretown West
2077,BOOTH ST @ POPLAR ST,366679.703,5030058.092,-75.70949,45.40772,2017-02-11,6:34:00 PM,03 - Snow,03 - Loose snow,02 - Stop sign,03 - At intersection,07 - Dark,03 - P.D. only,03 - Rear end,Centretown West
2078,BOOTH ST @ POPLAR ST,366680.4846,5030058.686,-75.70948,45.40773,2017-01-21,6:55:00 PM,01 - Clear,01 - Dry,02 - Stop sign,02 - Intersection related,07 - Dark,03 - P.D. only,05 - Turning movement,Centretown West
2079,BOOTH ST @ PRIMROSE AVE,366497.7011,5030471.63,-75.71176,45.41146,2017-12-11,3:20:00 PM,01 - Clear,01 - Dry,01 - Traffic signal,02 - Intersection related,01 - Daylight,03 - P.D. only,03 - Rear end,Centretown West
2080,BOOTH ST @ PRIMROSE AVE,366496.6953,5030472.241,-75.71177,45.41147,2017-11-24,7:21:00 PM,01 - Clear,01 - Dry,01 - Traffic signal,03 - At intersection,07 - Dark,02 - Non-fatal injury,07 - SMV other,Centretown West
2081,BOOTH ST @ RAYMOND ST,366859.6956,5029641.562,-75.70724,45.40396,2017-06-27,7:59:00 AM,01 - Clear,01 - Dry,01 - Traffic signal,02 - Intersection related,01 - Daylight,03 - P.D. only,03 - Rear end,Centretown West
2082,BOOTH ST @ RAYMOND ST,366860.699,5029641.561,-75.70723,45.40396,2017-07-19,2:29:00 AM,01 - Clear,01 - Dry,01 - Traffic signal,03 - At intersection,07 - Dark,02 - Non-fatal injury,02 - Angle,Centretown West
2083,BOOTH ST @ RAYMOND ST,366860.6989,5029641.798,-75.70723,45.40396,2017-08-29,10:00:00 AM,01 - Clear,01 - Dry,01 - Traffic signal,02 - Intersection related,01 - Daylight,03 - P.D. only,06 - SMV unattended vehicle,Centretown West
2084,BOOTH ST @ RAYMOND ST,366861.7918,5029641.562,-75.70721,45.40396,2017-09-30,11:34:00 PM,01 - Clear,01 - Dry,01 - Traffic signal,03 - At intersection,07 - Dark,03 - P.D. only,02 - Angle,Centretown West
2085,BOOTH ST @ RAYMOND ST,366861.2454,5029640.469,-75.70722,45.40395,2017-01-28,1:39:00 PM,01 - Clear,02 - Wet,01 - Traffic signal,03 - At intersection,01 - Daylight,03 - P.D. only,02 - Angle,Centretown West
2086,BOOTH ST @ SOMERSET ST,366593.1497,5030254.347,-75.71057,45.4095,2017-08-19,4:06:00 PM,01 - Clear,01 - Dry,01 - Traffic signal,03 - At intersection,01 - Daylight,03 - P.D. only,02 - Angle,Centretown West
2087,BOOTH ST @ SOMERSET ST,366592.1564,5030253.478,-75.71058,45.40949,2017-10-04,2:57:00 PM,01 - Clear,01 - Dry,01 - Traffic signal,03 - At intersection,01 - Daylight,03 - P.D. only,07 - SMV other,Centretown West
2088,BOOTH ST @ SOMERSET ST,366591.0306,5030255.24,-75.71059,45.40951,2017-11-29,10:08:00 AM,01 - Clear,01 - Dry,01 - Traffic signal,02 - Intersection related,01 - Daylight,03 - P.D. only,03 - Rear end,Centretown West
2089,BOOTH ST @ SOMERSET ST,366592.3684,5030253.902,-75.71058,45.40949,2017-02-25,7:20:00 PM,02 - Rain,02 - Wet,01 - Traffic signal,02 - Intersection related,07 - Dark,03 - P.D. only,04 - Sideswipe,Centretown West
2090,BOOTH ST @ WELLINGTON ST S,366402.4807,5030674.905,-75.71295,45.4133,2017-09-01,8:24:00 AM,01 - Clear,01 - Dry,02 - Stop sign,03 - At intersection,01 - Daylight,03 - P.D. only,03 - Rear end,LeBreton Flats
2091,BOOTH ST @ WELLINGTON ST S,366403.5966,5030674.901,-75.71294,45.4133,2017-08-24,5:33:00 PM,01 - Clear,01 - Dry,02 - Stop sign,02 - Intersection related,01 - Daylight,03 - P.D. only,03 - Rear end,LeBreton Flats
2092,BOOTH ST @ WELLINGTON ST S,366402.7027,5030676.118,-75.71295,45.41331,2017-01-19,1:19:00 PM,01 - Clear,01 - Dry,02 - Stop sign,02 - Intersection related,01 - Daylight,03 - P.D. only,03 - Rear end,LeBreton Flats
2093,BOOTH ST @ WELLINGTON ST S,366402.4522,5030675.361,-75.71295,45.4133,2017-01-06,1:04:00 PM,01 - Clear,02 - Wet,01 - Traffic signal,02 - Intersection related,01 - Daylight,03 - P.D. only,03 - Rear end,LeBreton Flats
2094,BOOTH ST @ WELLINGTON ST S,366402.6668,5030676.472,-75.71295,45.41331,2017-02-08,6:15:00 PM,01 - Clear,01 - Dry,02 - Stop sign,02 - Intersection related,05 - Dusk,03 - P.D. only,04 - Sideswipe,LeBreton Flats
2095,BOOTH ST @ WELLINGTON ST S,366402.7027,5030675.571,-75.71295,45.4133,2017-03-08,7:05:00 PM,01 - Clear,02 - Wet,02 - Stop sign,02 - Intersection related,07 - Dark,03 - P.D. only,03 - Rear end,LeBreton Flats
2096,BOOTH ST @ WILLOW ST,366710.4283,5029982.711,-75.7091,45.40704,2017-12-05,4:13:00 PM,02 - Rain,02 - Wet,01 - Traffic signal,03 - At intersection,05 - Dusk,03 - P.D. only,03 - Rear end,Centretown West
2097,BOOTH ST btwn 148 N OF MIDDLE ST/E.B. EDDY S & MIDDLE ST,366054.2678,5031376.234,-75.71731,45.41964,2017-12-27,5:34:00 PM,01 - Clear,01 - Dry,10 - No control,01 - Non intersection,07 - Dark,03 - P.D. only,07 - SMV other,LeBreto
2098,BOOTH ST btwn ARLINGTON AVE & RAYMOND ST,366856.2733,5029650.773,-75.70728,45.40404,2017-07-16,10:02:00 PM,01 - Clear,01 - Dry,10 - No control,01 - Non intersection,07 - Dark,02 - Non-fatal injury,06 - SMV unattended vehicle,Centretown West
2099,BOOTH ST btwn BALSAM ST & GLADSTONE AVE,366752.5424,5029885.681,-75.70858,45.40617,2017-01-03,8:25:00 AM,01 - Clear,06 - Ice,10 - No control,01 - Non intersection,01 - Daylight,03 - P.D. only,04 - Sideswipe,Centretown West
2100,BOOTH ST btwn ECCLES ST & ANDERSON ST,366635.1437,5030160.08,-75.71004,45.40865,2017-02-12,11:06:00 PM,03 - Snow,05 - Packed snow,10 - No control,01 - Non intersection,07 - Dark,03 - P.D. only,06 - SMV unattended vehicle,Centretown West
2101,BOOTH ST btwn FLEET ST & END,366345.7488,5030822.538,-75.71366,45.41463,2017-02-22,6:49:00 PM,01 - Clear,01 - Dry,10 - No control,01 - Non intersection,07 - Dark,03 - P.D. only,04 - Sideswipe,LeBreton Flats
2102,BOOTH ST btwn LOUISA ST & ARLINGTON AVE,366808.4601,5029756.222,-75.70788,45.405,2017-12-06,11:46:00 AM,01 - Clear,01 - Dry,10 - No control,01 - Non intersection,01 - Daylight,03 - P.D. only,04 - Sideswipe,Centretown West
2103,BOOTH ST btwn LOUISA ST & ARLINGTON AVE,366820.5606,5029732.693,-75.70773,45.40478,2017-03-15,11:11:00 AM,03 - Snow,03 - Loose snow,10 - No control,01 - Non intersection,01 - Daylight,03 - P.D. only,06 - SMV unattended vehicle,Centretown West
2104,BOOTH ST btwn MIDDLE ST & VIMY PLACE PRIV,366223.7888,5031111.036,-75.71518,45.41724,2017-06-21,7:04:00 PM,01 - Clear,01 - Dry,10 - No control,01 - Non intersection,01 - Daylight,03 - P.D. only,03 - Rear end,LeBreton Flats
2105,BOOTH ST btwn MIDDLE ST & VIMY PLACE PRIV,366141.7865,5031251.778,-75.71621,45.41851,2017-12-10,12:29:00 AM,03 - Snow,05 - Packed snow,10 - No control,01 - Non intersection,07 - Dark,02 - Non-fatal injury,01 - Approaching,LeBreton Flats
2106,BOOTH ST btwn MIDDLE ST & VIMY PLACE PRIV,366193.3159,5031175.812,-75.71556,45.41782,2017-04-06,8:45:00 AM,02 - Rain,02 - Wet,10 - No control,04 - At/near private drive,01 - Daylight,03 - P.D. only,02 - Angle,LeBreton Flats
2107,BOOTH ST btwn PROVINCIAL BOUNDARY & 208 N OF MIDDLE ST/E.B. EDDY N,365999.6747,5031495.156,-75.71799,45.42071,2017-01-06,12:56:00 PM,03 - Snow,06 - Ice,10 - No control,01 - Non intersection,01 - Daylight,03 - P.D. only,03 - Rear end,LeBreto
2108,BOOTH ST btwn PROVINCIAL BOUNDARY & 208 N OF MIDDLE ST/E.B. EDDY N,365991.8125,5031514.814,-75.71809,45.42089,2017-08-31,12:47:00 AM,02 - Rain,02 - Wet,10 - No control,07 - Overpass or bridge,07 - Dark,03 - P.D. only,07 - SMV other,LeBreto
2109,BOREALIS CRES btwn SOLACE CRT & DEN HAAG DR,372474.9505,5033671.71,-75.63496,45.4397,2017-10-03,3:32:00 PM,01 - Clear,01 - Dry,10 - No control,01 - Non intersection,01 - Daylight,03 - P.D. only,06 - SMV unattended vehicle,Carson Grove - Carson Meadows
2110,BORGA CRES btwn BRANDO CRES & BRANDO CRES,372310.1081,5025428.414,-75.6382,45.36555,2017-12-31,3:22:00 PM,01 - Clear,02 - Wet,10 - No control,04 - At/near private drive,01 - Daylight,03 - P.D. only,06 - SMV unattended vehicle,Greenboro East
2111,BORRISOKANE RD btwn CAMBRIAN RD & STRANDHERD DR,362605.016,5012450.647,-75.76359,45.24964,2017-05-23,2:40:00 PM,01 - Clear,01 - Dry,10 - No control,01 - Non intersection,01 - Daylight,03 - P.D. only,99 - Other,Munster Hamlet - Richmond
2112,BORRISOKANE RD btwn CAMBRIAN RD & STRANDHERD DR,362556.5342,5012615.601,-75.76419,45.25113,2017-10-07,10:28:00 AM,02 - Rain,02 - Wet,10 - No control,01 - Non intersection,01 - Daylight,03 - P.D. only,07 - SMV other,Munster Hamlet - Richmond
2113,BORRISOKANE RD btwn CAMBRIAN RD & STRANDHERD DR,362718.3019,5012234.886,-75.76217,45.24769,2017-09-23,9:27:00 PM,01 - Clear,01 - Dry,10 - No control,01 - Non intersection,07 - Dark,03 - P.D. only,07 - SMV other,Munster Hamlet - Richmond
2114,BORRISOKANE RD btwn CAMBRIAN RD & STRANDHERD DR,362746.6687,5012158.543,-75.76182,45.247,2017-12-06,8:10:00 AM,01 - Clear,01 - Dry,10 - No control,01 - Non intersection,01 - Daylight,02 - Non-fatal injury,07 - SMV other,Munster Hamlet - Richmond
2115,BORRISOKANE RD btwn CAMBRIAN RD & STRANDHERD DR,362297.8589,5013339.308,-75.7674,45.25766,2017-02-10,10:39:00 PM,04 - Freezing Rain,06 - Ice,10 - No control,01 - Non intersection,07 - Dark,03 - P.D. only,07 - SMV other,New Barrhaven
2116,BORRISOKANE RD btwn CAMBRIAN RD & STRANDHERD DR,362746.726,5012142.751,-75.76182,45.24686,2017-02-06,8:11:00 PM,03 - Snow,03 - Loose snow,10 - No control,01 - Non intersection,07 - Dark,03 - P.D. only,07 - SMV other,Munster Hamlet - Richmond
2117,BORTHWICK AVE btwn WILSON ST & CLARKE AVE,372057.8254,5033717.717,-75.64029,45.44016,2017-04-28,12:00:00 AM,01 - Clear,01 - Dry,10 - No control,01 - Non intersection,00 - Unknown,03 - P.D. only,06 - SMV unattended vehicle,Cummings
2118,BOTELER ST @ PARENT AVE,367556.3189,5032990.907,-75.69791,45.43403,2017-10-10,3:40:00 PM,01 - Clear,01 - Dry,02 - Stop sign,03 - At intersection,01 - Daylight,02 - Non-fatal injury,02 - Angle,Lower Town
2119,BOTELER ST @ SUSSEX DR,367451.9774,5032951.305,-75.69925,45.43369,2017-08-23,4:45:00 PM,01 - Clear,01 - Dry,01 - Traffic signal,02 - Intersection related,01 - Daylight,03 - P.D. only,04 - Sideswipe,Byward Market - Parliament Hill
2120,BOTELER ST @ SUSSEX DR,367452.3148,5032951.302,-75.69925,45.43369,2017-02-27,4:45:00 PM,01 - Clear,01 - Dry,01 - Traffic signal,02 - Intersection related,01 - Daylight,03 - P.D. only,03 - Rear end,Byward Market - Parliament Hill
2121,BOTELER ST @ SUSSEX DR,367450.3082,5032953.309,-75.69927,45.43371,2017-03-23,5:35:00 PM,01 - Clear,01 - Dry,01 - Traffic signal,02 - Intersection related,01 - Daylight,02 - Non-fatal injury,03 - Rear end,Byward Market - Parliament Hill
2122,BOTELER ST @ SUSSEX DR,367450.9771,5032952.64,-75.69927,45.4337,2017-04-13,3:45:00 PM,01 - Clear,01 - Dry,01 - Traffic signal,02 - Intersection related,01 - Daylight,02 - Non-fatal injury,03 - Rear end,Byward Market - Parliament Hill
2123,BOTELER ST @ SUSSEX DR,367452.4117,5032952.536,-75.69925,45.4337,2017-01-03,9:20:00 AM,04 - Freezing Rain,04 - Slush,01 - Traffic signal,03 - At intersection,01 - Daylight,03 - P.D. only,03 - Rear end,Byward Market - Parliament Hill
2124,BOTELER ST btwn SUSSEX DR & PARENT AVE,367489.773,5032957.991,-75.69877,45.43374,2017-02-27,7:45:00 AM,01 - Clear,01 - Dry,10 - No control,01 - Non intersection,01 - Daylight,03 - P.D. only,06 - SMV unattended vehicle,Lower Town
2125,BOTTRIELL WAY @ CANOTIA PL,383701.2676,5037883.816,-75.49081,45.47642,2017-09-20,6:45:00 PM,01 - Clear,01 - Dry,10 - No control,02 - Intersection related,05 - Dusk,03 - P.D. only,06 - SMV unattended vehicle,Fallingbrook
2126,BOTTRIELL WAY @ MERKLEY DR,383752.4239,5037377.896,-75.49024,45.47186,2017-01-27,8:45:00 PM,04 - Freezing Rain,03 - Loose snow,02 - Stop sign,02 - Intersection related,07 - Dark,03 - P.D. only,03 - Rear end,Fallingbrook
2127,BOTTRIELL WAY @ MERKLEY DR,383752.9038,5037378.637,-75.49023,45.47187,2017-12-31,9:00:00 AM,01 - Clear,06 - Ice,02 - Stop sign,02 - Intersection related,01 - Daylight,03 - P.D. only,06 - SMV unattended vehicle,Fallingbrook
2128,BOTTRIELL WAY btwn HOSKINS CRES & MERKLEY DR,383719.5133,5037428.625,-75.49065,45.47232,2017-12-19,12:00:00 AM,01 - Clear,02 - Wet,10 - No control,04 - At/near private drive,00 - Unknown,03 - P.D. only,06 - SMV unattended vehicle,Fallingbrook
2129,BOTTRIELL WAY btwn MARSALA CRES & CANTEVAL TER,383887.1757,5037246.157,-75.48854,45.47066,2017-11-07,6:30:00 PM,01 - Clear,01 - Dry,10 - No control,01 - Non intersection,07 - Dark,03 - P.D. only,06 - SMV unattended vehicle,Fallingbrook
2130,BOTTRIELL WAY btwn MARSALA CRES & CANTEVAL TER,383893.1362,5037242.903,-75.48846,45.47063,2017-02-21,8:05:00 PM,04 - Freezing Rain,06 - Ice,10 - No control,01 - Non intersection,07 - Dark,03 - P.D. only,06 - SMV unattended vehicle,Fallingbrook
2131,BOTTRIELL WAY N @ CHARLEMAGNE BLVD,383695.2907,5037953.914,-75.49088,45.47705,2017-12-10,2:31:00 PM,01 - Clear,01 - Dry,01 - Traffic signal,03 - At intersection,01 - Daylight,03 - P.D. only,05 - Turning movement,Fallingbrook
2132,BOUDREAU ST btwn DUFORD ST & GRANVILLE ST,370706.9121,5033889.37,-75.65753,45.44183,2017-03-25,12:30:00 AM,03 - Snow,04 - Slush,10 - No control,01 - Non intersection,07 - Dark,03 - P.D. only,06 - SMV unattended vehicle,Vanier North
2133,BOUNDARY RD @ CARTWRIGHT RD,390900.0926,5014587.157,-75.40281,45.26597,2017-09-15,5:00:00 PM,01 - Clear,01 - Dry,02 - Stop sign,03 - At intersection,01 - Daylight,03 - P.D. only,02 - Angle,Metcalfe
2134,BOUNDARY RD @ DEVINE RD,388360.4989,5021455.471,-75.43401,45.32807,2017-05-20,1:40:00 PM,01 - Clear,01 - Dry,02 - Stop sign,03 - At intersection,01 - Daylight,03 - P.D. only,02 - Angle,Navan - Vars
2135,BOUNDARY RD @ HIGHWAY 417 WB,387416.4793,5023829.406,-75.44565,45.34954,2017-09-10,10:30:00 PM,01 - Clear,01 - Dry,10 - No control,02 - Intersection related,07 - Dark,03 - P.D. only,03 - Rear end,Greenbelt
2136,BOUNDARY RD @ HWY 417 BOUNDARY IC96R51,387512.3094,5023595.223,-75.44447,45.34743,2017-11-08,10:30:00 AM,01 - Clear,01 - Dry,02 - Stop sign,02 - Intersection related,01 - Daylight,03 - P.D. only,04 - Sideswipe,Navan - Vars
2137,BOUNDARY RD @ HWY 417 BOUNDARY IC96R51,387508.8235,5023593.477,-75.44452,45.34741,2017-10-04,12:19:00 AM,02 - Rain,02 - Wet,02 - Stop sign,02 - Intersection related,07 - Dark,01 - Fatal injury,02 - Angle,Greenbelt
2138,BOUNDARY RD @ INDCUM RD,387909.434,5022577.163,-75.43957,45.33822,2017-09-05,7:50:00 AM,01 - Clear,01 - Dry,02 - Stop sign,02 - Intersection related,01 - Daylight,02 - Non-fatal injury,03 - Rear end,Navan - Vars
2139,BOUNDARY RD @ MITCH OWENS RD,388066.8354,5022164.476,-75.43764,45.33449,2017-06-09,9:25:00 AM,01 - Clear,01 - Dry,02 - Stop sign,03 - At intersection,01 - Daylight,03 - P.D. only,07 - SMV other,Navan - Vars
2140,BOUNDARY RD @ MITCH OWENS RD,388066.1666,5022163.138,-75.43765,45.33448,2017-06-01,5:20:00 PM,01 - Clear,01 - Dry,02 - Stop sign,03 - At intersection,01 - Daylight,03 - P.D. only,02 - Angle,Metcalfe
2141,BOUNDARY RD @ NINTH LINE RD,387602.4288,5023359.329,-75.44336,45.34529,2017-09-06,3:07:00 PM,01 - Clear,01 - Dry,02 - Stop sign,03 - At intersection,01 - Daylight,03 - P.D. only,05 - Turning movement,Greenbelt
2142,BOUNDARY RD @ NINTH LINE RD,387598.82,5023364.994,-75.44341,45.34534,2017-02-13,3:44:00 PM,03 - Snow,03 - Loose snow,02 - Stop sign,02 - Intersection related,01 - Daylight,03 - P.D. only,05 - Turning movement,Greenbelt
2143,BOUNDARY RD @ RUSSELL RD,386546.8139,5026021.502,-75.45639,45.36937,2017-11-30,2:45:00 PM,01 - Clear,01 - Dry,02 - Stop sign,02 - Intersection related,01 - Daylight,03 - P.D. only,07 - SMV other,Greenbelt
2144,BOUNDARY RD btwn DEVINE RD & PARKWAY RD,388367.1878,5021436.742,-75.43393,45.3279,2017-03-15,6:44:00 AM,03 - Snow,03 - Loose snow,10 - No control,01 - Non intersection,01 - Daylight,02 - Non-fatal injury,01 - Approaching,Navan - Vars
2145,BOUNDARY RD btwn EIGHTH LINE RD & HWY417 IC96 RAMP61,386822.7198,5025363.474,-75.45298,45.36342,2017-10-20,10:01:00 PM,01 - Clear,01 - Dry,10 - No control,01 - Non intersection,07 - Dark,02 - Non-fatal injury,07 - SMV other,Navan - Vars
2146,BOUNDARY RD btwn HWY417 IC96 RAMP16 & HWY417 IC96 RAMP15,387407.5765,5023858.264,-75.44576,45.3498,2017-02-15,6:51:00 AM,03 - Snow,06 - Ice,10 - No control,07 - Overpass or bridge,07 - Dark,03 - P.D. only,03 - Rear end,Greenbelt
2147,BOUNDARY RD btwn HWY417 IC96 RAMP16 & HWY417 IC96 RAMP15,387322.6856,5024074.128,-75.44681,45.35176,2017-02-18,2:46:00 AM,01 - Clear,01 - Dry,10 - No control,01 - Non intersection,07 - Dark,02 - Non-fatal injury,03 - Rear end,Greenbelt
2148,BOUNDARY RD btwn INDCUM RD & ENTREPRENEUR CRES,387944.8074,5022482.059,-75.43914,45.33736,2017-08-13,11:41:00 PM,01 - Clear,01 - Dry,10 - No control,01 - Non intersection,07 - Dark,03 - P.D. only,07 - SMV other,Navan - Vars
2149,BOUNDARY RD btwn MITCH OWENS RD & DEVINE RD,388205.258,5021817.422,-75.43593,45.33135,2017-11-14,6:31:00 PM,01 - Clear,01 - Dry,10 - No control,01 - Non intersection,07 - Dark,03 - P.D. only,07 - SMV other,Metcalfe
2150,BOUNDARY RD btwn MITCH OWENS RD & DEVINE RD,388342.4387,5021501.625,-75.43423,45.32849,2017-03-15,3:00:00 PM,03 - Snow,03 - Loose snow,10 - No control,01 - Non intersection,01 - Daylight,03 - P.D. only,07 - SMV other,Navan - Vars
2151,BOUNDARY RD btwn MITCH OWENS RD & DEVINE RD,388080.2134,5022133.707,-75.43747,45.33421,2017-03-24,6:56:00 AM,03 - Snow,05 - Packed snow,10 - No control,01 - Non intersection,01 - Daylight,02 - Non-fatal injury,01 - Approaching,Navan - Vars
2152,BOUNDARY RD btwn PANA RD & CARTWRIGHT RD,390227.988,5016379.012,-75.41107,45.28217,2017-11-26,6:30:00 PM,03 - Snow,06 - Ice,10 - No control,01 - Non intersection,07 - Dark,03 - P.D. only,07 - SMV other,Metcalfe
2153,BOUNDARY RD btwn PANA RD & CARTWRIGHT RD,390724.8969,5015052.573,-75.40496,45.27018,2017-12-13,6:53:00 AM,03 - Snow,03 - Loose snow,10 - No control,01 - Non intersection,03 - Dawn,03 - P.D. only,07 - SMV other,Osgoode
2154,BOUNDARY RD btwn PANA RD & CARTWRIGHT RD,390234.0081,5016359.614,-75.41099,45.282,2017-04-23,11:19:00 PM,01 - Clear,01 - Dry,10 - No control,01 - Non intersection,07 - Dark,03 - P.D. only,07 - SMV other,Metcalfe
2155,BOURASSA ST @ ST. LAURENT BLVD,373235.7287,5029693.557,-75.62579,45.40383,2017-07-04,10:52:00 AM,01 - Clear,01 - Dry,01 - Traffic signal,03 - At intersection,01 - Daylight,03 - P.D. only,05 - Turning movement,Industrial Park
2156,BOURASSA ST @ ST. LAURENT BLVD,373235.7287,5029694.894,-75.62579,45.40385,2017-07-01,10:29:00 PM,02 - Rain,02 - Wet,01 - Traffic signal,03 - At intersection,07 - Dark,02 - Non-fatal injury,07 - SMV other,Industrial Park
2157,BOURASSA ST @ ST. LAURENT BLVD,373235.7762,5029692.84,-75.62579,45.40383,2017-11-01,4:02:00 PM,02 - Rain,02 - Wet,01 - Traffic signal,02 - Intersection related,01 - Daylight,03 - P.D. only,04 - Sideswipe,Industrial Park
2158,BOURASSA ST @ ST. LAURENT BLVD,373236.3976,5029694.894,-75.62578,45.40385,2017-11-12,8:02:00 AM,01 - Clear,01 - Dry,01 - Traffic signal,02 - Intersection related,01 - Daylight,03 - P.D. only,03 - Rear end,Industrial Park
2159,BOURASSA ST @ ST. LAURENT BLVD,373238.1521,5029692.847,-75.62576,45.40383,2017-11-10,9:37:00 AM,01 - Clear,01 - Dry,01 - Traffic signal,03 - At intersection,01 - Daylight,03 - P.D. only,05 - Turning movement,Industrial Park
2160,BOURASSA ST @ ST. LAURENT BLVD,373235.9815,5029695.433,-75.62579,45.40385,2017-02-10,12:23:00 PM,01 - Clear,01 - Dry,01 - Traffic signal,03 - At intersection,01 - Daylight,03 - P.D. only,05 - Turning movement,Industrial Park
2161,BOURASSA ST @ ST. LAURENT BLVD,373239.4347,5029692.653,-75.62574,45.40383,2017-04-10,3:35:00 PM,01 - Clear,01 - Dry,01 - Traffic signal,02 - Intersection related,01 - Daylight,03 - P.D. only,04 - Sideswipe,Industrial Park
2162,BOURASSA ST @ ST. LAURENT BLVD,373235.7287,5029694.226,-75.62579,45.40384,2017-04-09,12:42:00 PM,01 - Clear,01 - Dry,01 - Traffic signal,02 - Intersection related,01 - Daylight,03 - P.D. only,03 - Rear end,Industrial Park
2163,BOWESVILLE RD @ RIDEAU RD,373362.7386,5015566.453,-75.62613,45.27671,2017-03-02,7:57:00 AM,03 - Snow,06 - Ice,02 - Stop sign,03 - At intersection,01 - Daylight,03 - P.D. only,02 - Angle,Greenbelt
2164,BOWESVILLE RD btwn HIGH RD & EARL ARMSTRONG RD,371883.9158,5019062.255,-75.6445,45.30831,2017-11-06,10:22:00 PM,01 - Clear,01 - Dry,10 - No control,01 - Non intersection,07 - Dark,03 - P.D. only,07 - SMV other,Gloucester
2165,BOWESVILLE RD btwn HIGH RD & EARL ARMSTRONG RD,371850.6876,5019110.969,-75.64492,45.30875,2017-01-30,4:22:00 PM,01 - Clear,01 - Dry,10 - No control,01 - Non intersection,01 - Daylight,02 - Non-fatal injury,01 - Approaching,Gloucester
2166,BOWESVILLE RD btwn HIGH RD & EARL ARMSTRONG RD,372430.728,5017717.472,-75.63771,45.29616,2017-03-07,7:09:00 AM,04 - Freezing Rain,06 - Ice,10 - No control,01 - Non intersection,01 - Daylight,03 - P.D. only,07 - SMV other,Gloucester
2167,BOWESVILLE RD btwn RIDEAU RD & MITCH OWENS RD,373378.4617,5015527.982,-75.62593,45.27636,2017-10-15,7:33:00 PM,02 - Rain,02 - Wet,10 - No control,04 - At/near private drive,07 - Dark,03 - P.D. only,07 - SMV other,Greenbelt
2168,BOWESVILLE RD btwn RIDEAU RD & MITCH OWENS RD,373951.6735,5014203.39,-75.61881,45.26439,2017-10-30,5:30:00 AM,02 - Rain,02 - Wet,10 - No control,01 - Non intersection,07 - Dark,03 - P.D. only,07 - SMV other,Osgoode
2169,BOWESVILLE RD/EMERALD LINKS DR W @ MITCH OWENS,374182.4055,5013707.106,-75.61594,45.2599,2017-06-07,7:19:00 AM,01 - Clear,01 - Dry,02 - Stop sign,03 - At intersection,01 - Daylight,03 - P.D. only,02 - Angle,Greely
2170,BOWESVILLE RD/HIGH RD @ LEITRIM RD,371674.7313,5019287.472,-75.64714,45.31035,2017-06-06,9:58:00 PM,01 - Clear,01 - Dry,02 - Stop sign,02 - Intersection related,07 - Dark,03 - P.D. only,07 - SMV other,Gloucester
2171,BOWESVILLE RD/HIGH RD @ LEITRIM RD,371674.7313,5019287.709,-75.64714,45.31036,2017-10-11,5:53:00 PM,01 - Clear,01 - Dry,02 - Stop sign,02 - Intersection related,07 - Dark,03 - P.D. only,04 - Sideswipe,Gloucester
2172,BOWESVILLE RD/HIGH RD @ LEITRIM RD,371675.7346,5019289.479,-75.64713,45.31037,2017-11-17,2:43:00 PM,01 - Clear,01 - Dry,02 - Stop sign,02 - Intersection related,01 - Daylight,03 - P.D. only,03 - Rear end,Gloucester
2173,BOWESVILLE RD/HIGH RD @ LEITRIM RD,371674.3969,5019287.472,-75.64714,45.31035,2017-11-11,12:00:00 AM,01 - Clear,01 - Dry,02 - Stop sign,02 - Intersection related,00 - Unknown,03 - P.D. only,07 - SMV other,Gloucester
2174,BOWESVILLE RD/HIGH RD @ LEITRIM RD,371673.7755,5019286.755,-75.64715,45.31035,2017-11-08,11:43:00 AM,01 - Clear,01 - Dry,02 - Stop sign,03 - At intersection,01 - Daylight,03 - P.D. only,05 - Turning movement,Gloucester
2175,BOWESVILLE RD/HIGH RD @ LEITRIM RD,371675.6781,5019286.762,-75.64713,45.31035,2017-12-19,9:48:00 AM,03 - Snow,03 - Loose snow,02 - Stop sign,02 - Intersection related,01 - Daylight,03 - P.D. only,03 - Rear end,Gloucester