Record,Location,X,Y,Longitude,Latitude,Date,Time,Environment,Road_Surface,Traffic_Control,Collision_Location,Light,Collision_Classification,Impact_type,Neighborhood
2176,BOWHILL AVE @ HILLHURST PL,365515.7032,5023744.502,-75.72513,45.35102,2017-01-07,10:09:00 AM,01 - Clear,06 - Ice,03 - Yield sign,03 - At intersection,01 - Daylight,03 - P.D. only,02 - Angle,Borden Farm - Stewart Farm - Parkwood Hills - Fisher Glen
2177,BOWHILL AVE @ OVERLAKE DR,365252.3629,5023584.838,-75.72851,45.3496,2017-11-26,9:49:00 PM,03 - Snow,05 - Packed snow,10 - No control,02 - Intersection related,07 - Dark,03 - P.D. only,02 - Angle,Borden Farm - Stewart Farm - Parkwood Hills - Fisher Glen
2178,BOWHILL AVE btwn HILLHURST PL & CHESTERTON DR,365546.9458,5023764.147,-75.72473,45.35119,2017-01-27,8:00:00 PM,03 - Snow,02 - Wet,10 - No control,01 - Non intersection,07 - Dark,03 - P.D. only,06 - SMV unattended vehicle,Borden Farm - Stewart Farm - Parkwood Hills - Fisher Glen
2179,BOWHILL AVE btwn OVERLAKE DR & HILLHURST PL,365308.8879,5023615.948,-75.72779,45.34988,2017-11-16,12:00:00 AM,02 - Rain,02 - Wet,10 - No control,01 - Non intersection,07 - Dark,03 - P.D. only,06 - SMV unattended vehicle,Borden Farm - Stewart Farm - Parkwood Hills - Fisher Glen
2180,BOYCE AVE @ CARLING AVE,359350.0068,5024209.169,-75.80376,45.35571,2017-05-23,3:37:00 PM,01 - Clear,01 - Dry,02 - Stop sign,03 - At intersection,01 - Daylight,03 - P.D. only,05 - Turning movement,Bayshore
2181,BOYD AVE @ CARLING AVE,363383.686,5026747.847,-75.75198,45.37822,2017-07-26,4:40:00 PM,01 - Clear,01 - Dry,02 - Stop sign,02 - Intersection related,01 - Daylight,03 - P.D. only,03 - Rear end,Carlingwood - McKellar Park - Laurentien View
2182,BOYD AVE @ CARLING AVE,363385.6091,5026748.183,-75.75196,45.37823,2017-07-24,7:12:00 AM,02 - Rain,02 - Wet,02 - Stop sign,03 - At intersection,01 - Daylight,03 - P.D. only,02 - Angle,Carlingwood - McKellar Park - Laurentien View
2183,BOYER RD @ ORLEANS BLVD,380978.4969,5035508.193,-75.526,45.45535,2017-02-08,7:06:00 AM,04 - Freezing Rain,06 - Ice,02 - Stop sign,02 - Intersection related,03 - Dawn,03 - P.D. only,05 - Turning movement,Orleans Village - Chateauneuf
2184,BOYER RD @ ORLEANS BLVD,380978.4969,5035508.943,-75.526,45.45536,2017-02-05,5:29:00 PM,01 - Clear,01 - Dry,02 - Stop sign,03 - At intersection,05 - Dusk,03 - P.D. only,02 - Angle,Orleans Village - Chateauneuf
2185,BOYER RD @ ST. JOSEPH BLVD,380405.4076,5036832.917,-75.53312,45.46733,2017-03-16,5:35:00 PM,01 - Clear,01 - Dry,02 - Stop sign,03 - At intersection,01 - Daylight,03 - P.D. only,05 - Turning movement,Industrial Park
2186,BRACEWOOD WAY btwn SILVERTHORN CRT & GOLFLINKS DR,365718.3948,5013571.314,-75.72379,45.25946,2017-10-20,12:00:00 AM,01 - Clear,01 - Dry,10 - No control,01 - Non intersection,00 - Unknown,03 - P.D. only,06 - SMV unattended vehicle,New Barrhaven
2187,BRACEWOOD WAY btwn SILVERTHORN CRT & GOLFLINKS DR,365723.0863,5013548.781,-75.72374,45.25926,2017-12-22,12:00:00 AM,01 - Clear,02 - Wet,10 - No control,01 - Non intersection,00 - Unknown,03 - P.D. only,06 - SMV unattended vehicle,New Barrhaven
2188,BRADFORD ST @ SALINA ST,359751.6759,5025427.846,-75.7985,45.36664,2017-05-10,3:58:00 PM,01 - Clear,01 - Dry,02 - Stop sign,03 - At intersection,01 - Daylight,03 - P.D. only,02 - Angle,Crystal Bay - Lakeview Park - Britannia Village
2189,BRAEBURN PL btwn AUTUMN HILL CRES & ORIENT PARK DR,378966.7273,5033326.026,-75.55205,45.43593,2017-02-01,6:45:00 PM,01 - Clear,04 - Slush,10 - No control,01 - Non intersection,07 - Dark,03 - P.D. only,06 - SMV unattended vehicle,Blackburn Hamlet
2190,BRAEMAR ST @ HEMLOCK RD,370891.7101,5034758.524,-75.65505,45.44963,2017-07-25,6:57:00 PM,01 - Clear,01 - Dry,02 - Stop sign,03 - At intersection,01 - Daylight,03 - P.D. only,02 - Angle,Manor Park
2191,BRANT ST @ MCARTHUR AVE,371262.7195,5032806.435,-75.65057,45.43203,2017-01-06,5:30:00 PM,01 - Clear,03 - Loose snow,01 - Traffic signal,03 - At intersection,05 - Dusk,03 - P.D. only,03 - Rear end,Vanier South
2192,BRANTHAVEN ST btwn MONACO PL & ST. ALEXI WALK,384628.2625,5034915.862,-75.47944,45.44961,2017-05-04,2:04:00 PM,01 - Clear,02 - Wet,10 - No control,01 - Non intersection,01 - Daylight,03 - P.D. only,06 - SMV unattended vehicle,Avalon
2193,BRANTHAVEN ST D @ LAKERIDGE DR,384957.8048,5034776.223,-75.47525,45.44832,2017-11-23,6:55:00 PM,01 - Clear,01 - Dry,02 - Stop sign,02 - Intersection related,07 - Dark,03 - P.D. only,02 - Angle,Avalon
2194,BRANTHAVEN ST N @ LAKERIDGE DR,384851.1156,5035011.921,-75.47657,45.45045,2017-01-08,6:00:00 PM,01 - Clear,02 - Wet,02 - Stop sign,02 - Intersection related,07 - Dark,03 - P.D. only,06 - SMV unattended vehicle,Avalon
2195,BRASSEUR CRES @ WINSOME TER,385973.2299,5037567.806,-75.46181,45.47332,2017-08-28,9:53:00 PM,01 - Clear,01 - Dry,,02 - Intersection related,07 - Dark,03 - P.D. only,06 - SMV unattended vehicle,Cardinal Creek
2196,BRASSEUR CRES btwn WINSOME TER & DESTINY PRIV,386081.5418,5037532.958,-75.46043,45.47299,2017-12-02,2:20:00 AM,01 - Clear,01 - Dry,10 - No control,01 - Non intersection,07 - Dark,03 - P.D. only,06 - SMV unattended vehicle,Cardinal Creek
2197,BRAVAR DR @ LENA AVE,367596.6172,5011728.598,-75.7001,45.24272,2017-01-31,12:18:00 AM,01 - Clear,03 - Loose snow,02 - Stop sign,02 - Intersection related,07 - Dark,03 - P.D. only,07 - SMV other,Manotick
2198,BREADNER BLVD @ UPLANDS DR,370656.732,5021963.264,-75.65976,45.33453,2017-10-20,10:43:00 PM,01 - Clear,01 - Dry,02 - Stop sign,03 - At intersection,07 - Dark,03 - P.D. only,02 - Angle,Greenbelt
2199,BREADNER BLVD btwn TO BE DETERMINED & UPLANDS DR,370497.9947,5021888.416,-75.6618,45.33387,2017-05-13,11:35:00 AM,02 - Rain,02 - Wet,10 - No control,01 - Non intersection,01 - Daylight,03 - P.D. only,03 - Rear end,Greenbelt
2200,BREANNA CARDILL ST btwn Continuation of BREANNA CARDILL ST & CURLY LAN,378325.9965,5012329.584,-75.56336,45.24709,2017-02-08,8:55:00 AM,01 - Clear,03 - Loose snow,10 - No control,04 - At/near private drive,01 - Daylight,03 - P.D. only,99 - Other,Greely
2201,BREEZEHILL AVE   S btwn YOUNG ST & NOLAN AVE,366243.7287,5029188.245,-75.71516,45.39994,2017-01-19,5:38:00 PM,01 - Clear,01 - Dry,10 - No control,01 - Non intersection,05 - Dusk,03 - P.D. only,06 - SMV unattended vehicle,Centretown West
2202,BREEZEWOOD ST/RUSTIC HILLS CRES @ VALIN ST,386508.3981,5037632.063,-75.45495,45.47383,2017-03-05,6:53:00 PM,01 - Clear,01 - Dry,02 - Stop sign,03 - At intersection,07 - Dark,03 - P.D. only,05 - Turning movement,Cardinal Creek
2203,BREWER RD @ BRONSON AVE,368109.3816,5027766.436,-75.69152,45.38698,2017-06-14,2:20:00 PM,01 - Clear,01 - Dry,01 - Traffic signal,03 - At intersection,01 - Daylight,02 - Non-fatal injury,05 - Turning movement,Carleto
2204,BREWER RD @ BRONSON AVE,368110.0504,5027766.436,-75.69151,45.38698,2017-05-05,10:50:00 AM,02 - Rain,02 - Wet,01 - Traffic signal,02 - Intersection related,01 - Daylight,03 - P.D. only,03 - Rear end,Carleto
2205,BREWER RD @ BRONSON AVE,368109.5205,5027767.146,-75.69152,45.38698,2017-09-03,10:59:00 AM,02 - Rain,02 - Wet,01 - Traffic signal,02 - Intersection related,01 - Daylight,03 - P.D. only,03 - Rear end,Carleto
2206,BREWER RD @ BRONSON AVE,368107.7526,5027767.515,-75.69154,45.38699,2017-08-12,5:20:00 PM,02 - Rain,02 - Wet,01 - Traffic signal,02 - Intersection related,01 - Daylight,03 - P.D. only,07 - SMV other,Carleto
2207,BREWER RD @ BRONSON AVE,368108.5737,5027765.252,-75.69153,45.38697,2017-09-03,12:50:00 PM,02 - Rain,02 - Wet,01 - Traffic signal,02 - Intersection related,01 - Daylight,03 - P.D. only,03 - Rear end,Carleto
2208,BREWER RD @ BRONSON AVE,368109.3816,5027765.767,-75.69152,45.38697,2017-07-10,8:23:00 AM,01 - Clear,01 - Dry,01 - Traffic signal,03 - At intersection,01 - Daylight,02 - Non-fatal injury,05 - Turning movement,Carleto
2209,BREWER RD @ BRONSON AVE,368110.2648,5027765.523,-75.69151,45.38697,2017-08-05,5:01:00 PM,02 - Rain,02 - Wet,01 - Traffic signal,02 - Intersection related,01 - Daylight,03 - P.D. only,03 - Rear end,Carleto
2210,BREWER RD @ BRONSON AVE,368109.0471,5027767.083,-75.69152,45.38698,2017-08-22,5:52:00 PM,02 - Rain,02 - Wet,01 - Traffic signal,02 - Intersection related,01 - Daylight,03 - P.D. only,04 - Sideswipe,Carleto
2211,BREWER RD @ BRONSON AVE,368109.4786,5027765.357,-75.69152,45.38697,2017-08-12,4:02:00 PM,02 - Rain,02 - Wet,01 - Traffic signal,03 - At intersection,01 - Daylight,02 - Non-fatal injury,03 - Rear end,Carleto
2212,BREWER RD @ BRONSON AVE,368109.6559,5027767.349,-75.69151,45.38698,2017-06-29,11:50:00 AM,02 - Rain,02 - Wet,01 - Traffic signal,02 - Intersection related,01 - Daylight,02 - Non-fatal injury,04 - Sideswipe,Carleto
2213,BREWER RD @ BRONSON AVE,368108.0438,5027766.436,-75.69153,45.38698,2017-10-28,6:25:00 PM,02 - Rain,02 - Wet,01 - Traffic signal,03 - At intersection,07 - Dark,02 - Non-fatal injury,05 - Turning movement,Carleto
2214,BREWER RD @ BRONSON AVE,368108.0438,5027766.436,-75.69153,45.38698,2017-11-30,6:12:00 PM,04 - Freezing Rain,06 - Ice,01 - Traffic signal,02 - Intersection related,07 - Dark,02 - Non-fatal injury,03 - Rear end,Carleto
2215,BREWER RD @ BRONSON AVE,368109.3816,5027767.774,-75.69152,45.38699,2017-12-09,10:15:00 PM,03 - Snow,03 - Loose snow,01 - Traffic signal,02 - Intersection related,07 - Dark,03 - P.D. only,03 - Rear end,Carleto
2216,BREWER RD @ BRONSON AVE,368109.5205,5027766.199,-75.69152,45.38697,2017-11-09,1:54:00 PM,01 - Clear,01 - Dry,01 - Traffic signal,03 - At intersection,01 - Daylight,02 - Non-fatal injury,05 - Turning movement,Carleto
2217,BREWER RD @ BRONSON AVE,368107.5462,5027766.061,-75.69154,45.38697,2017-02-22,3:21:00 PM,01 - Clear,02 - Wet,01 - Traffic signal,03 - At intersection,01 - Daylight,03 - P.D. only,03 - Rear end,Carleto
2218,BREWER RD @ BRONSON AVE,368108.2609,5027765.467,-75.69153,45.38697,2017-04-16,10:00:00 AM,02 - Rain,02 - Wet,01 - Traffic signal,02 - Intersection related,01 - Daylight,03 - P.D. only,03 - Rear end,Carleto
2219,BREWER RD @ BRONSON AVE,368108.1452,5027765.309,-75.69153,45.38697,2017-12-30,5:27:00 PM,01 - Clear,03 - Loose snow,01 - Traffic signal,03 - At intersection,07 - Dark,02 - Non-fatal injury,05 - Turning movement,Carleto
2220,BRIAN COBURN BLVD @ ESPRIT DR,385141.1085,5035343.96,-75.47281,45.45341,2017-11-08,2:55:00 PM,01 - Clear,01 - Dry,02 - Stop sign,03 - At intersection,01 - Daylight,03 - P.D. only,02 - Angle,Avalon
2221,BRIAN COBURN BLVD @ ESPRIT DR,385141.9148,5035343.552,-75.4728,45.4534,2017-03-07,6:15:00 PM,02 - Rain,02 - Wet,02 - Stop sign,02 - Intersection related,05 - Dusk,03 - P.D. only,03 - Rear end,Avalon
2222,BRIAN COBURN BLVD @ GERRY LALONDE DR,383523.535,5034614.312,-75.49361,45.44703,2017-05-08,11:21:00 PM,01 - Clear,01 - Dry,02 - Stop sign,02 - Intersection related,07 - Dark,03 - P.D. only,07 - SMV other,Avalon
2223,BRIAN COBURN BLVD @ MER BLEUE RD,383150.8189,5034441.164,-75.4984,45.44551,2017-09-27,6:30:00 PM,01 - Clear,01 - Dry,11 - Roundabout,03 - At intersection,05 - Dusk,03 - P.D. only,03 - Rear end,Orl¨¦ans
2224,BRIAN COBURN BLVD @ MER BLEUE RD,383150.8189,5034441.164,-75.4984,45.44551,2017-02-07,10:38:00 PM,03 - Snow,03 - Loose snow,11 - Roundabout,02 - Intersection related,07 - Dark,03 - P.D. only,07 - SMV other,Orl¨¦ans
2225,BRIAN COBURN BLVD @ MER BLEUE RD,383150.8189,5034441.164,-75.4984,45.44551,2017-03-08,7:20:00 AM,04 - Freezing Rain,06 - Ice,11 - Roundabout,02 - Intersection related,01 - Daylight,03 - P.D. only,07 - SMV other,Orl¨¦ans
2226,BRIAN COBURN BLVD @ MER BLEUE RD,383150.8189,5034441.164,-75.4984,45.44551,2017-03-30,8:52:00 PM,01 - Clear,01 - Dry,11 - Roundabout,03 - At intersection,07 - Dark,03 - P.D. only,02 - Angle,Orl¨¦ans
2227,BRIAN COBURN BLVD @ NANTES ST,386131.2701,5035613.092,-75.46011,45.45571,2017-05-18,7:58:00 AM,01 - Clear,01 - Dry,02 - Stop sign,02 - Intersection related,01 - Daylight,03 - P.D. only,03 - Rear end,Avalon
2228,BRIAN COBURN BLVD @ PAGE RD,381470.8068,5033199.085,-75.52007,45.43452,2017-10-29,11:43:00 PM,02 - Rain,02 - Wet,01 - Traffic signal,02 - Intersection related,07 - Dark,03 - P.D. only,07 - SMV other,Chapel Hill South
2229,BRIAN COBURN BLVD @ STRASBOURG ST,384046.5521,5034849.653,-75.48688,45.44908,2017-02-09,4:58:00 PM,01 - Clear,06 - Ice,02 - Stop sign,02 - Intersection related,05 - Dusk,03 - P.D. only,03 - Rear end,Avalon
2230,BRIAN COBURN BLVD @ STRASBOURG ST,384046.2177,5034849.359,-75.48689,45.44908,2017-04-03,7:23:00 AM,01 - Clear,01 - Dry,02 - Stop sign,03 - At intersection,01 - Daylight,03 - P.D. only,02 - Angle,Avalon
2231,BRIAN COBURN BLVD @ STRASBOURG ST,384046.8866,5034849.359,-75.48688,45.44908,2017-02-24,2:22:00 PM,01 - Clear,02 - Wet,02 - Stop sign,03 - At intersection,01 - Daylight,02 - Non-fatal injury,02 - Angle,Avalon
2232,BRIAN COBURN BLVD @ TENTH LINE RD,384428.3389,5035022.308,-75.48198,45.45059,2017-04-30,8:45:00 PM,02 - Rain,02 - Wet,01 - Traffic signal,03 - At intersection,07 - Dark,03 - P.D. only,05 - Turning movement,Avalon
2233,BRIAN COBURN BLVD @ TENTH LINE RD,384428.3389,5035022.308,-75.48198,45.45059,2017-04-29,2:30:00 PM,01 - Clear,01 - Dry,01 - Traffic signal,03 - At intersection,01 - Daylight,03 - P.D. only,05 - Turning movement,Avalon
2234,BRIAN COBURN BLVD @ TENTH LINE RD,384428.3389,5035022.308,-75.48198,45.45059,2017-06-25,11:28:00 PM,01 - Clear,02 - Wet,01 - Traffic signal,03 - At intersection,07 - Dark,03 - P.D. only,07 - SMV other,Avalon
2235,BRIAN COBURN BLVD @ TENTH LINE RD,384428.3389,5035022.308,-75.48198,45.45059,2017-07-26,1:22:00 PM,01 - Clear,01 - Dry,01 - Traffic signal,02 - Intersection related,01 - Daylight,03 - P.D. only,03 - Rear end,Avalon
2236,BRIAN COBURN BLVD @ TENTH LINE RD,384428.3389,5035022.308,-75.48198,45.45059,2017-07-30,3:08:00 PM,01 - Clear,01 - Dry,01 - Traffic signal,02 - Intersection related,01 - Daylight,03 - P.D. only,03 - Rear end,Avalon
2237,BRIAN COBURN BLVD @ TENTH LINE RD,384428.3389,5035022.308,-75.48198,45.45059,2017-09-01,8:22:00 AM,01 - Clear,01 - Dry,01 - Traffic signal,02 - Intersection related,01 - Daylight,02 - Non-fatal injury,03 - Rear end,Avalon
2238,BRIAN COBURN BLVD @ TENTH LINE RD,384428.3389,5035022.308,-75.48198,45.45059,2017-10-18,7:15:00 AM,01 - Clear,01 - Dry,01 - Traffic signal,03 - At intersection,01 - Daylight,02 - Non-fatal injury,07 - SMV other,Avalon
2239,BRIAN COBURN BLVD @ TENTH LINE RD,384428.3389,5035022.308,-75.48198,45.45059,2017-02-09,7:08:00 PM,01 - Clear,01 - Dry,01 - Traffic signal,02 - Intersection related,07 - Dark,03 - P.D. only,03 - Rear end,Avalon
2240,BRIAN COBURN BLVD @ TENTH LINE RD,384428.3389,5035022.308,-75.48198,45.45059,2017-04-22,6:55:00 PM,01 - Clear,01 - Dry,01 - Traffic signal,02 - Intersection related,01 - Daylight,02 - Non-fatal injury,03 - Rear end,Avalon
2241,BRIAN COBURN BLVD @ TENTH LINE RD,384428.3389,5035022.308,-75.48198,45.45059,2017-04-13,10:19:00 AM,01 - Clear,01 - Dry,01 - Traffic signal,02 - Intersection related,01 - Daylight,03 - P.D. only,03 - Rear end,Avalon
2242,BRIAN COBURN BLVD @ TENTH LINE RD,384428.3389,5035022.308,-75.48198,45.45059,2017-03-04,3:40:00 AM,04 - Freezing Rain,02 - Wet,01 - Traffic signal,02 - Intersection related,07 - Dark,03 - P.D. only,07 - SMV other,Avalon
2243,BRIAN COBURN BLVD @ TENTH LINE RD,384428.3389,5035022.308,-75.48198,45.45059,2017-12-28,8:30:00 AM,01 - Clear,06 - Ice,01 - Traffic signal,03 - At intersection,01 - Daylight,03 - P.D. only,07 - SMV other,Avalon
2244,BRIAN COBURN BLVD @ TRIM RD,387159.8738,5035824.92,-75.44693,45.4575,2017-08-08,5:00:00 PM,01 - Clear,01 - Dry,11 - Roundabout,03 - At intersection,01 - Daylight,02 - Non-fatal injury,07 - SMV other,Cumberland
2245,BRIAN COBURN BLVD @ TRIM RD,387159.8738,5035824.92,-75.44693,45.4575,2017-10-08,8:00:00 PM,01 - Clear,01 - Dry,11 - Roundabout,02 - Intersection related,07 - Dark,03 - P.D. only,07 - SMV other,Cumberland
2246,BRIAN COBURN BLVD btwn AQUAVIEW DR & TENTH LINE RD,384512.2854,5035062.442,-75.4809,45.45095,2017-06-06,1:05:00 PM,02 - Rain,02 - Wet,10 - No control,04 - At/near private drive,01 - Daylight,03 - P.D. only,02 - Angle,Avalon
2247,BRIAN COBURN BLVD btwn AQUAVIEW DR & TENTH LINE RD,384484.8745,5035046.843,-75.48125,45.45081,2017-02-25,2:45:00 PM,01 - Clear,02 - Wet,10 - No control,04 - At/near private drive,01 - Daylight,03 - P.D. only,03 - Rear end,Avalon
2248,BRIAN COBURN BLVD btwn CHAPERAL PRIV & MER BLEUE RD,383305.05,5034512.789,-75.49642,45.44614,2017-10-18,7:55:00 AM,01 - Clear,01 - Dry,10 - No control,01 - Non intersection,01 - Daylight,02 - Non-fatal injury,03 - Rear end,Avalon
2249,BRIAN COBURN BLVD btwn GERRY LALONDE DR & STRASBOURG ST,383956.6731,5034807.881,-75.48804,45.44872,2017-06-05,2:09:00 PM,02 - Rain,02 - Wet,10 - No control,01 - Non intersection,01 - Daylight,02 - Non-fatal injury,01 - Approaching,Avalon
2250,BRIAN COBURN BLVD btwn MONTMERE AVE & TRIM RD,387078.084,5035792.326,-75.44798,45.45721,2017-10-13,2:59:00 PM,01 - Clear,01 - Dry,10 - No control,01 - Non intersection,01 - Daylight,03 - P.D. only,01 - Approaching,Avalon
2251,BRIAN COBURN BLVD btwn STRASBOURG ST & TENTH LINE RD,384307.2232,5034967.599,-75.48353,45.45012,2017-06-26,11:06:00 AM,01 - Clear,01 - Dry,10 - No control,04 - At/near private drive,01 - Daylight,02 - Non-fatal injury,03 - Rear end,Avalon
2252,BRIAN CRES btwn HOBBS AVE & NANAIMO DR,359551.9157,5022798.928,-75.80134,45.343,2017-12-26,5:01:00 PM,01 - Clear,05 - Packed snow,10 - No control,01 - Non intersection,07 - Dark,03 - P.D. only,06 - SMV unattended vehicle,Qualicum - Redwood Park
2253,BRIAN GOOD AVE @ EARL ARMSTRONG RD,368110.0352,5014834.153,-75.69316,45.27061,2017-03-21,5:25:00 PM,01 - Clear,01 - Dry,02 - Stop sign,03 - At intersection,01 - Daylight,03 - P.D. only,02 - Angle,Greenbelt
2254,BRIAN GOOD AVE @ EARL ARMSTRONG RD,368110.0352,5014834.153,-75.69316,45.27061,2017-03-24,4:40:00 PM,03 - Snow,02 - Wet,02 - Stop sign,03 - At intersection,01 - Daylight,02 - Non-fatal injury,05 - Turning movement,Greenbelt
2255,BRIAN GOOD AVE @ SUMMERHILL ST,368156.6841,5014392.546,-75.69262,45.26664,2017-02-14,3:42:00 PM,03 - Snow,05 - Packed snow,02 - Stop sign,03 - At intersection,01 - Daylight,03 - P.D. only,02 - Angle,Greenbelt
2256,BRIAN GOOD AVE btwn EARL ARMSTRONG RD & POPLIN ST,368133.776,5014790.184,-75.69287,45.27022,2017-09-21,2:58:00 AM,01 - Clear,01 - Dry,10 - No control,01 - Non intersection,07 - Dark,03 - P.D. only,06 - SMV unattended vehicle,Greenbelt
2257,BRIDGE ST @ ARTHUR CRES N,369023.1427,5010281.163,-75.68212,45.22956,2017-12-18,2:45:00 PM,03 - Snow,05 - Packed snow,02 - Stop sign,02 - Intersection related,01 - Daylight,03 - P.D. only,03 - Rear end,Manotick
2258,BRIDGE ST @ LONG ISLAND RD,369061.2375,5010344.38,-75.68162,45.23013,2017-05-24,3:00:00 PM,01 - Clear,01 - Dry,01 - Traffic signal,02 - Intersection related,01 - Daylight,03 - P.D. only,05 - Turning movement,Manotick
2259,BRIDGE ST @ LONG ISLAND RD,369059.709,5010346.301,-75.68164,45.23015,2017-07-21,9:08:00 AM,01 - Clear,01 - Dry,01 - Traffic signal,02 - Intersection related,01 - Daylight,02 - Non-fatal injury,03 - Rear end,Manotick
2260,BRIDGE ST @ LONG ISLAND RD,369058.0697,5010347.038,-75.68166,45.23015,2017-01-21,1:44:00 PM,01 - Clear,02 - Wet,01 - Traffic signal,02 - Intersection related,01 - Daylight,02 - Non-fatal injury,03 - Rear end,Manotick
2261,BRIDGE ST btwn MANOTICK MAIN ST & DICKINSON CIRC,368727.5925,5009963.099,-75.68592,45.22673,2017-10-05,4:08:00 PM,01 - Clear,01 - Dry,10 - No control,04 - At/near private drive,01 - Daylight,03 - P.D. only,02 - Angle,Manotick
2262,BRIDGE ST/MAPLE AVE @ MANOTICK MAIN ST,368700.642,5009932.395,-75.68627,45.22646,2017-06-16,12:35:00 PM,01 - Clear,01 - Dry,01 - Traffic signal,02 - Intersection related,01 - Daylight,03 - P.D. only,03 - Rear end,Manotick
2263,BRIDGE ST/MAPLE AVE @ MANOTICK MAIN ST,368698.9944,5009933.532,-75.68629,45.22647,2017-05-09,2:38:00 PM,01 - Clear,01 - Dry,01 - Traffic signal,02 - Intersection related,01 - Daylight,03 - P.D. only,02 - Angle,Manotick
2264,BRIDGE ST/MAPLE AVE @ MANOTICK MAIN ST,368700.1498,5009932.165,-75.68627,45.22645,2017-09-16,4:17:00 PM,01 - Clear,01 - Dry,01 - Traffic signal,02 - Intersection related,01 - Daylight,03 - P.D. only,03 - Rear end,Manotick
2265,BRIDGE ST/MAPLE AVE @ MANOTICK MAIN ST,368701.3751,5009932.389,-75.68626,45.22646,2017-03-04,10:42:00 AM,01 - Clear,01 - Dry,01 - Traffic signal,02 - Intersection related,01 - Daylight,03 - P.D. only,03 - Rear end,Manotick
2266,BRIDGESTONE DR @ EAGLESON RD,354872.3702,5015402.874,-75.8618,45.2768,2017-05-19,11:00:00 AM,01 - Clear,01 - Dry,02 - Stop sign,02 - Intersection related,01 - Daylight,03 - P.D. only,03 - Rear end,Stittsville - Basswood
2267,BRIDGESTONE DR @ EAGLESON RD,354873.329,5015402.95,-75.86179,45.2768,2017-08-06,2:02:00 PM,01 - Clear,01 - Dry,02 - Stop sign,02 - Intersection related,01 - Daylight,03 - P.D. only,02 - Angle,Stittsville - Basswood
2268,BRIDGESTONE DR @ EAGLESON RD,354873.0255,5015402.569,-75.86179,45.2768,2017-03-24,8:04:00 AM,03 - Snow,03 - Loose snow,02 - Stop sign,02 - Intersection related,01 - Daylight,03 - P.D. only,03 - Rear end,Stittsville - Basswood
2269,BRIDGESTONE DR @ GRASSY PLAINS DR,355319.6314,5015647.083,-75.85607,45.27896,2017-12-16,11:05:00 AM,01 - Clear,01 - Dry,02 - Stop sign,03 - At intersection,01 - Daylight,03 - P.D. only,02 - Angle,Bridlewood - Emerald Meadows
2270,BRIDLE PARK DR @ STONEHAVEN DR,356107.4332,5016318.975,-75.84596,45.28495,2017-12-07,5:59:00 PM,01 - Clear,01 - Dry,01 - Traffic signal,03 - At intersection,07 - Dark,02 - Non-fatal injury,07 - SMV other,Bridlewood - Emerald Meadows
2271,BRIDLE PARK DR btwn BLACK RIVERS PL & STONEMEADOW DR,355556.5554,5016350.178,-75.85298,45.28527,2017-03-30,11:39:00 AM,01 - Clear,01 - Dry,10 - No control,04 - At/near private drive,01 - Daylight,03 - P.D. only,02 - Angle,Bridlewood - Emerald Meadows
2272,BRIDLE PATH DR @ EQUUS WAY E/HUNTER'S POINT CR,371621.3182,5023533.308,-75.64725,45.34856,2017-05-04,5:04:00 PM,01 - Clear,01 - Dry,02 - Stop sign,03 - At intersection,01 - Daylight,03 - P.D. only,03 - Rear end,Emerald Woods - Sawmill Creek
2273,BRIDLE PATH DR @ EQUUS WAY E/HUNTER'S POINT CR,371620.6493,5023531.301,-75.64725,45.34854,2017-06-10,8:33:00 AM,01 - Clear,01 - Dry,02 - Stop sign,02 - Intersection related,01 - Daylight,03 - P.D. only,99 - Other,Emerald Woods - Sawmill Creek
2274,BRIDLE PATH DR @ PIMLICO CRES N,371329.7299,5023792.512,-75.65093,45.35092,2017-02-11,2:37:00 AM,03 - Snow,06 - Ice,02 - Stop sign,02 - Intersection related,07 - Dark,03 - P.D. only,07 - SMV other,Emerald Woods - Sawmill Creek
2275,BRIDLE PATH DR @ TRAPPER'S RD,371770.7282,5023569.184,-75.64533,45.34887,2017-04-28,6:04:00 PM,01 - Clear,01 - Dry,02 - Stop sign,03 - At intersection,01 - Daylight,03 - P.D. only,02 - Angle,Emerald Woods - Sawmill Creek
2276,BRIDLE PATH DR @ TRAPPER'S RD,371771.4469,5023568.063,-75.64533,45.34886,2017-09-22,11:46:00 AM,01 - Clear,01 - Dry,02 - Stop sign,03 - At intersection,01 - Daylight,02 - Non-fatal injury,02 - Angle,Emerald Woods - Sawmill Creek
2277,BRIDLE PATH DR @ TRAPPER'S RD,371771.3971,5023568.515,-75.64533,45.34886,2017-03-22,2:54:00 PM,01 - Clear,01 - Dry,02 - Stop sign,03 - At intersection,01 - Daylight,03 - P.D. only,02 - Angle,Emerald Woods - Sawmill Creek
2278,BRIDLE PATH DR btwn CAROUSEL CRES & ALBION RD,371904.7805,5023646.716,-75.64361,45.34956,2017-07-18,4:41:00 PM,01 - Clear,01 - Dry,10 - No control,01 - Non intersection,01 - Daylight,02 - Non-fatal injury,06 - SMV unattended vehicle,Emerald Woods - Sawmill Creek
2279,BRIDLE PATH DR btwn PIMLICO CRES & PIMLICO CRES,371337.3776,5023774.779,-75.65084,45.35076,2017-01-05,12:42:00 PM,01 - Clear,06 - Ice,10 - No control,01 - Non intersection,01 - Daylight,03 - P.D. only,03 - Rear end,Emerald Woods - Sawmill Creek
2280,BRIDLE PATH DR btwn TRAPPER'S RD & CAROUSEL CRES,371823.571,5023586.575,-75.64466,45.34902,2017-09-29,3:40:00 PM,01 - Clear,01 - Dry,10 - No control,01 - Non intersection,01 - Daylight,03 - P.D. only,99 - Other,Emerald Woods - Sawmill Creek
2281,BRIDLEWOOD CRES @ AINTREE PL W/FILION CRES N,354658.4597,5017395.3,-75.86432,45.29474,2017-02-21,2:41:00 PM,01 - Clear,01 - Dry,02 - Stop sign,03 - At intersection,01 - Daylight,02 - Non-fatal injury,02 - Angle,Bridlewood - Emerald Meadows