Record,Location,X,Y,Longitude,Latitude,Date,Time,Environment,Road_Surface,Traffic_Control,Collision_Location,Light,Collision_Classification,Impact_type,Neighborhood
2282,BRIDLEWOOD DR @ STONEHAVEN DR,354796.0523,5016897.379,-75.86262,45.29025,2017-10-22,1:17:00 PM,01 - Clear,01 - Dry,02 - Stop sign,02 - Intersection related,01 - Daylight,03 - P.D. only,03 - Rear end,Bridlewood - Emerald Meadows
2283,BRIDLEWOOD DR btwn SPEERS CRES & SPEERS CRES,354751.0553,5017422.764,-75.86314,45.29498,2017-04-15,3:32:00 PM,01 - Clear,02 - Wet,10 - No control,01 - Non intersection,01 - Daylight,03 - P.D. only,07 - SMV other,Bridlewood - Emerald Meadows
2284,BRIGADE AVE @ STITTSVILLE MAIN ST,350950.5905,5012494.53,-75.91205,45.2509,2017-02-10,4:00:00 PM,01 - Clear,02 - Wet,02 - Stop sign,02 - Intersection related,01 - Daylight,03 - P.D. only,03 - Rear end,Stittsville
2285,BRIGHAM WAY btwn HANK RIVERS DR & APPLE HILL DR,372527.3826,5024131.631,-75.6356,45.35386,2017-04-30,7:00:00 PM,02 - Rain,02 - Wet,10 - No control,01 - Non intersection,05 - Dusk,03 - P.D. only,06 - SMV unattended vehicle,Blossom Park - Blossom Park West - Sawmill Creek/ Timbermill
2286,BRITANNIA RD @ CARLING AVE,360176.206,5024740.566,-75.79316,45.36042,2017-06-19,3:30:00 PM,01 - Clear,01 - Dry,02 - Stop sign,02 - Intersection related,01 - Daylight,03 - P.D. only,03 - Rear end,Whitehaven - Queensway Terrace North
2287,BRITANNIA RD @ CARLING AVE,360175.012,5024738.528,-75.79317,45.3604,2017-05-19,10:30:00 AM,01 - Clear,01 - Dry,02 - Stop sign,03 - At intersection,01 - Daylight,02 - Non-fatal injury,07 - SMV other,Whitehaven - Queensway Terrace North
2288,BRITANNIA RD @ CARLING AVE,360173.7217,5024738.289,-75.79319,45.3604,2017-09-20,3:32:00 PM,01 - Clear,01 - Dry,02 - Stop sign,02 - Intersection related,01 - Daylight,03 - P.D. only,99 - Other,Whitehaven - Queensway Terrace North
2289,BRITANNIA RD @ CARLING AVE,360173.6742,5024740.535,-75.79319,45.36042,2017-02-24,9:30:00 PM,01 - Clear,02 - Wet,02 - Stop sign,03 - At intersection,07 - Dark,02 - Non-fatal injury,07 - SMV other,Whitehaven - Queensway Terrace North
2290,BRITANNIA RD btwn PRISCILLA ST & MARIE ST,360094.3307,5024925.095,-75.79418,45.36209,2017-06-16,10:29:00 PM,01 - Clear,01 - Dry,10 - No control,01 - Non intersection,07 - Dark,03 - P.D. only,06 - SMV unattended vehicle,Woodroffe - Lincoln Heights
2291,BRITANNIA RD btwn PRISCILLA ST & MARIE ST,360089.7227,5024936.745,-75.79424,45.36219,2017-11-30,12:00:00 AM,01 - Clear,01 - Dry,10 - No control,01 - Non intersection,00 - Unknown,03 - P.D. only,06 - SMV unattended vehicle,Woodroffe - Lincoln Heights
2292,BRITTANY DR @ MONTREAL RD,371912.8457,5033994.782,-75.6421,45.44266,2017-06-04,8:21:00 AM,01 - Clear,01 - Dry,01 - Traffic signal,03 - At intersection,01 - Daylight,03 - P.D. only,02 - Angle,Cummings
2293,BRITTANY DR @ MONTREAL RD,371911.8283,5033994.829,-75.64212,45.44266,2017-06-08,5:15:00 PM,01 - Clear,01 - Dry,01 - Traffic signal,03 - At intersection,01 - Daylight,03 - P.D. only,04 - Sideswipe,Cummings
2294,BRITTANY DR @ MONTREAL RD,371913.171,5033993.893,-75.6421,45.44265,2017-07-26,5:20:00 PM,01 - Clear,01 - Dry,01 - Traffic signal,02 - Intersection related,01 - Daylight,03 - P.D. only,03 - Rear end,Cummings
2295,BRITTANY DR @ MONTREAL RD,371912.2762,5033994.199,-75.64211,45.44266,2017-10-26,5:46:00 PM,01 - Clear,01 - Dry,01 - Traffic signal,02 - Intersection related,01 - Daylight,03 - P.D. only,03 - Rear end,Cummings
2296,BRITTANY DR @ MONTREAL RD,371912.2023,5033995.601,-75.64211,45.44267,2017-11-30,6:58:00 PM,02 - Rain,02 - Wet,01 - Traffic signal,03 - At intersection,07 - Dark,02 - Non-fatal injury,02 - Angle,Cummings
2297,BRITTANY DR @ MONTREAL RD,371912.7839,5033994.628,-75.6421,45.44266,2017-11-30,12:17:00 PM,01 - Clear,01 - Dry,01 - Traffic signal,02 - Intersection related,01 - Daylight,03 - P.D. only,03 - Rear end,Cummings
2298,BRITTANY DR @ MONTREAL RD,371913.4623,5033995.708,-75.64209,45.44267,2017-02-14,1:43:00 PM,01 - Clear,01 - Dry,01 - Traffic signal,02 - Intersection related,01 - Daylight,03 - P.D. only,04 - Sideswipe,Cummings
2299,BRITTANY DR @ MONTREAL RD,371912.1654,5033994.035,-75.64211,45.44266,2017-01-24,2:21:00 PM,03 - Snow,02 - Wet,01 - Traffic signal,03 - At intersection,01 - Daylight,03 - P.D. only,02 - Angle,Cummings
2300,BRITTANY DR btwn KRISTIN WAY & MONTREAL RD,371891.9468,5034041.576,-75.64236,45.44309,2017-01-25,8:10:00 AM,01 - Clear,02 - Wet,10 - No control,01 - Non intersection,01 - Daylight,03 - P.D. only,04 - Sideswipe,Rockcliffe - Manor Park
2301,BRITTANY DR btwn KRISTIN WAY & MONTREAL RD,371893.1996,5034040.736,-75.64235,45.44308,2017-02-10,7:40:00 AM,01 - Clear,01 - Dry,10 - No control,01 - Non intersection,01 - Daylight,03 - P.D. only,04 - Sideswipe,Rockcliffe - Manor Park
2302,BROAD ST @ OTTAWA RIVER PKWY,366125.3998,5030906.608,-75.71646,45.41541,2017-07-27,12:05:00 PM,00 - Unknown,01 - Dry,01 - Traffic signal,02 - Intersection related,01 - Daylight,03 - P.D. only,04 - Sideswipe,LeBreton Flats
2303,BROADHEAD AVE @ CLARE ST,363875.6952,5027894.212,-75.74556,45.3885,2017-07-17,3:18:00 PM,01 - Clear,01 - Dry,02 - Stop sign,02 - Intersection related,01 - Daylight,03 - P.D. only,03 - Rear end,Westboro
2304,BROADVIEW AVE @ DOVERCOURT AVE,362984.3451,5027116.145,-75.75704,45.38157,2017-06-23,4:52:00 PM,01 - Clear,02 - Wet,02 - Stop sign,02 - Intersection related,01 - Daylight,03 - P.D. only,04 - Sideswipe,Carlingwood - McKellar Park - Laurentien View
2305,BROADVIEW AVE @ NADOLNY SACHS PRIV,363284.167,5026431.132,-75.75329,45.37538,2017-05-12,4:42:00 PM,01 - Clear,01 - Dry,10 - No control,02 - Intersection related,01 - Daylight,02 - Non-fatal injury,01 - Approaching,Carlingwood West - Glabar Park - McKellar Heights
2306,BROADVIEW AVE @ PRINCETON AVE,362853.3581,5027445.877,-75.75867,45.38455,2017-05-25,1:00:00 PM,01 - Clear,01 - Dry,02 - Stop sign,02 - Intersection related,01 - Daylight,03 - P.D. only,07 - SMV other,Carlingwood - McKellar Park - Laurentien View
2307,BROADVIEW AVE @ TILLBURY AVE,363070.3526,5026905.869,-75.75596,45.37967,2017-12-14,9:00:00 AM,01 - Clear,01 - Dry,02 - Stop sign,02 - Intersection related,01 - Daylight,03 - P.D. only,06 - SMV unattended vehicle,Carlingwood - McKellar Park - Laurentien View
2308,BROADVIEW AVE btwn AVONDALE AVE & DOVERCOURT AVE,362921.3131,5027274.316,-75.75782,45.383,2017-04-18,12:00:00 AM,01 - Clear,01 - Dry,10 - No control,01 - Non intersection,00 - Unknown,03 - P.D. only,06 - SMV unattended vehicle,Carlingwood - McKellar Park - Laurentien View
2309,BROADVIEW AVE btwn WELLESLEY AVE & CARLING AVE,363174.394,5026657.59,-75.75466,45.37743,2017-07-31,9:26:00 AM,01 - Clear,01 - Dry,10 - No control,04 - At/near private drive,01 - Daylight,03 - P.D. only,05 - Turning movement,Carlingwood - McKellar Park - Laurentien View
2310,BROADVIEW AVE btwn WELLESLEY AVE & CARLING AVE,363174.3321,5026650.582,-75.75467,45.37737,2017-06-29,11:37:00 AM,02 - Rain,02 - Wet,10 - No control,04 - At/near private drive,01 - Daylight,02 - Non-fatal injury,07 - SMV other,Carlingwood - McKellar Park - Laurentien View
2311,BROADWAY AVE @ RALPH ST,368312.0421,5028890.432,-75.68878,45.39707,2017-12-13,8:52:00 AM,01 - Clear,05 - Packed snow,02 - Stop sign,03 - At intersection,01 - Daylight,03 - P.D. only,99 - Other,The Glebe
2312,BROADWAY AVE btwn TORRINGTON PL & CRAIG ST,367995.6478,5028713.192,-75.69285,45.39551,2017-02-05,9:22:00 AM,01 - Clear,03 - Loose snow,10 - No control,01 - Non intersection,01 - Daylight,03 - P.D. only,06 - SMV unattended vehicle,The Glebe
2313,BROMLEY RD @ SHERBOURNE RD,362923.5469,5026580.94,-75.75788,45.37676,2017-01-08,2:28:00 PM,01 - Clear,06 - Ice,02 - Stop sign,02 - Intersection related,01 - Daylight,03 - P.D. only,05 - Turning movement,Carlingwood - McKellar Park - Laurentien View
2314,BROMONT WAY btwn RADWAY TER & NATHAN CRT,381681.6657,5035664.93,-75.51699,45.45668,2017-04-01,11:29:00 AM,01 - Clear,02 - Wet,10 - No control,01 - Non intersection,01 - Daylight,03 - P.D. only,07 - SMV other,Orleans Village - Chateauneuf
2315,BRONSON AVE @ BRONSON AVE NB ON RAMP 42,367753.046,5028446.004,-75.69598,45.39312,2017-05-25,9:28:00 AM,01 - Clear,01 - Dry,03 - Yield sign,02 - Intersection related,01 - Daylight,03 - P.D. only,03 - Rear end,Carleton University
2316,BRONSON AVE @ BRONSON AVE NB ON RAMP 42,367753.7149,5028446.004,-75.69597,45.39312,2017-05-21,3:50:00 PM,01 - Clear,01 - Dry,03 - Yield sign,02 - Intersection related,01 - Daylight,02 - Non-fatal injury,03 - Rear end,Carleton University
2317,BRONSON AVE @ BRONSON AVE NB ON RAMP 42,367753.5873,5028446.212,-75.69597,45.39313,2017-05-13,9:30:00 AM,02 - Rain,02 - Wet,03 - Yield sign,02 - Intersection related,01 - Daylight,03 - P.D. only,03 - Rear end,Carleton University
2318,BRONSON AVE @ BRONSON AVE NB ON RAMP 42,367753.3169,5028446.096,-75.69598,45.39312,2017-12-04,12:13:00 PM,01 - Clear,01 - Dry,03 - Yield sign,02 - Intersection related,01 - Daylight,03 - P.D. only,03 - Rear end,Carleton University
2319,BRONSON AVE @ BRONSON AVE NB ON RAMP 42,367752.8955,5028447.298,-75.69598,45.39314,2017-12-28,3:00:00 PM,01 - Clear,06 - Ice,03 - Yield sign,02 - Intersection related,01 - Daylight,03 - P.D. only,03 - Rear end,Carleton University
2320,BRONSON AVE @ CARLING AVE/GLEBE AVE,367447.707,5029335.787,-75.69977,45.40116,2017-05-30,12:13:00 PM,01 - Clear,01 - Dry,01 - Traffic signal,02 - Intersection related,01 - Daylight,03 - P.D. only,03 - Rear end,The Glebe
2321,BRONSON AVE @ CARLING AVE/GLEBE AVE,367449.3792,5029334.893,-75.69975,45.40115,2017-06-22,7:10:00 PM,01 - Clear,01 - Dry,01 - Traffic signal,02 - Intersection related,01 - Daylight,03 - P.D. only,03 - Rear end,The Glebe
2322,BRONSON AVE @ CARLING AVE/GLEBE AVE,367448.0415,5029335.562,-75.69976,45.40115,2017-05-14,9:47:00 AM,02 - Rain,02 - Wet,01 - Traffic signal,03 - At intersection,01 - Daylight,03 - P.D. only,02 - Angle,The Glebe
2323,BRONSON AVE @ CARLING AVE/GLEBE AVE,367447.707,5029334.915,-75.69977,45.40115,2017-07-06,1:20:00 PM,01 - Clear,01 - Dry,01 - Traffic signal,02 - Intersection related,01 - Daylight,03 - P.D. only,04 - Sideswipe,The Glebe
2324,BRONSON AVE @ CARLING AVE/GLEBE AVE,367446.2733,5029335.801,-75.69979,45.40116,2017-09-14,6:43:00 PM,01 - Clear,01 - Dry,01 - Traffic signal,03 - At intersection,01 - Daylight,03 - P.D. only,05 - Turning movement,The Glebe
2325,BRONSON AVE @ CARLING AVE/GLEBE AVE,367448.2535,5029335.016,-75.69976,45.40115,2017-08-12,11:00:00 AM,01 - Clear,01 - Dry,01 - Traffic signal,02 - Intersection related,01 - Daylight,03 - P.D. only,03 - Rear end,The Glebe
2326,BRONSON AVE @ CARLING AVE/GLEBE AVE,367447.3726,5029336.9,-75.69977,45.40117,2017-10-10,10:53:00 AM,01 - Clear,01 - Dry,01 - Traffic signal,03 - At intersection,01 - Daylight,03 - P.D. only,04 - Sideswipe,The Glebe
2327,BRONSON AVE @ CARLING AVE/GLEBE AVE,367446.6141,5029336.655,-75.69978,45.40116,2017-10-02,7:43:00 PM,01 - Clear,01 - Dry,01 - Traffic signal,02 - Intersection related,07 - Dark,03 - P.D. only,04 - Sideswipe,The Glebe
2328,BRONSON AVE @ CARLING AVE/GLEBE AVE,367446.7512,5029335.801,-75.69978,45.40116,2017-11-09,10:57:00 AM,01 - Clear,01 - Dry,01 - Traffic signal,02 - Intersection related,01 - Daylight,03 - P.D. only,04 - Sideswipe,The Glebe
2329,BRONSON AVE @ CARLING AVE/GLEBE AVE,367448.0415,5029336.231,-75.69976,45.40116,2017-11-14,6:16:00 PM,01 - Clear,01 - Dry,01 - Traffic signal,03 - At intersection,07 - Dark,03 - P.D. only,04 - Sideswipe,The Glebe
2330,BRONSON AVE @ CARLING AVE/GLEBE AVE,367448.1804,5029336.272,-75.69976,45.40116,2017-12-11,4:40:00 PM,01 - Clear,01 - Dry,01 - Traffic signal,02 - Intersection related,05 - Dusk,03 - P.D. only,03 - Rear end,The Glebe
2331,BRONSON AVE @ CARLING AVE/GLEBE AVE,367448.7103,5029336.231,-75.69975,45.40116,2017-01-05,2:06:00 PM,01 - Clear,02 - Wet,01 - Traffic signal,02 - Intersection related,01 - Daylight,03 - P.D. only,04 - Sideswipe,The Glebe
2332,BRONSON AVE @ CARLING AVE/GLEBE AVE,367447.707,5029335.187,-75.69977,45.40115,2017-01-13,9:55:00 AM,01 - Clear,02 - Wet,01 - Traffic signal,02 - Intersection related,01 - Daylight,03 - P.D. only,04 - Sideswipe,The Glebe
2333,BRONSON AVE @ CARLING AVE/GLEBE AVE,367447.707,5029336.272,-75.69977,45.40116,2017-12-23,1:28:00 PM,03 - Snow,05 - Packed snow,01 - Traffic signal,02 - Intersection related,01 - Daylight,03 - P.D. only,03 - Rear end,The Glebe
2334,BRONSON AVE @ CATHERINE ST/RAYMOND ST,367251.18,5029796.567,-75.70222,45.40532,2017-06-11,2:00:00 AM,01 - Clear,01 - Dry,01 - Traffic signal,02 - Intersection related,07 - Dark,03 - P.D. only,04 - Sideswipe,Centretown West
2335,BRONSON AVE @ CATHERINE ST/RAYMOND ST,367251.6376,5029795.228,-75.70221,45.40531,2017-07-18,6:53:00 PM,01 - Clear,01 - Dry,01 - Traffic signal,02 - Intersection related,01 - Daylight,03 - P.D. only,04 - Sideswipe,Centretown West
2336,BRONSON AVE @ CATHERINE ST/RAYMOND ST,367253.0373,5029796.529,-75.7022,45.40532,2017-08-10,5:42:00 PM,01 - Clear,01 - Dry,01 - Traffic signal,02 - Intersection related,01 - Daylight,03 - P.D. only,03 - Rear end,Centretown West
2337,BRONSON AVE @ CATHERINE ST/RAYMOND ST,367252.6141,5029796.285,-75.7022,45.40532,2017-08-23,2:15:00 PM,01 - Clear,01 - Dry,01 - Traffic signal,02 - Intersection related,01 - Daylight,02 - Non-fatal injury,03 - Rear end,Centretown West
2338,BRONSON AVE @ CATHERINE ST/RAYMOND ST,367252.7085,5029795.85,-75.7022,45.40531,2017-09-02,6:53:00 PM,01 - Clear,01 - Dry,01 - Traffic signal,02 - Intersection related,01 - Daylight,03 - P.D. only,03 - Rear end,Centretown West
2339,BRONSON AVE @ CATHERINE ST/RAYMOND ST,367253.8014,5029795.474,-75.70219,45.40531,2017-09-30,8:20:00 PM,01 - Clear,01 - Dry,01 - Traffic signal,02 - Intersection related,07 - Dark,03 - P.D. only,04 - Sideswipe,Centretown West
2340,BRONSON AVE @ CATHERINE ST/RAYMOND ST,367253.7118,5029795.229,-75.70219,45.40531,2017-12-13,10:36:00 AM,01 - Clear,02 - Wet,01 - Traffic signal,02 - Intersection related,01 - Daylight,02 - Non-fatal injury,02 - Angle,Centretown West
2341,BRONSON AVE @ CATHERINE ST/RAYMOND ST,367252.7293,5029796.915,-75.7022,45.40532,2017-01-30,9:43:00 AM,01 - Clear,06 - Ice,01 - Traffic signal,02 - Intersection related,01 - Daylight,03 - P.D. only,03 - Rear end,Centretown West
2342,BRONSON AVE @ CATHERINE ST/RAYMOND ST,367252.5647,5029797.006,-75.7022,45.40532,2017-02-13,5:50:00 AM,03 - Snow,06 - Ice,01 - Traffic signal,02 - Intersection related,07 - Dark,03 - P.D. only,03 - Rear end,Centretown West
2343,BRONSON AVE @ CATHERINE ST/RAYMOND ST,367253.043,5029797.904,-75.70219,45.40533,2017-04-07,12:01:00 AM,02 - Rain,02 - Wet,01 - Traffic signal,03 - At intersection,07 - Dark,02 - Non-fatal injury,07 - SMV other,Centretown West
2344,BRONSON AVE @ CATHERINE ST/RAYMOND ST,367253.043,5029796.567,-75.7022,45.40532,2017-02-20,1:41:00 PM,01 - Clear,01 - Dry,01 - Traffic signal,03 - At intersection,01 - Daylight,03 - P.D. only,05 - Turning movement,Centretown West
2345,BRONSON AVE @ CATHERINE ST/RAYMOND ST,367251.0363,5029796.567,-75.70222,45.40532,2017-02-25,5:09:00 PM,02 - Rain,02 - Wet,01 - Traffic signal,02 - Intersection related,01 - Daylight,03 - P.D. only,04 - Sideswipe,Centretown West
2346,BRONSON AVE @ CATHERINE ST/RAYMOND ST,367252.3741,5029795.898,-75.7022,45.40531,2017-04-07,12:11:00 AM,02 - Rain,02 - Wet,01 - Traffic signal,03 - At intersection,07 - Dark,02 - Non-fatal injury,05 - Turning movement,Centretown West
2347,BRONSON AVE @ CATHERINE ST/RAYMOND ST,367252.4733,5029796.584,-75.7022,45.40532,2017-12-17,12:28:00 PM,01 - Clear,02 - Wet,01 - Traffic signal,02 - Intersection related,01 - Daylight,03 - P.D. only,04 - Sideswipe,Centretown West
2348,BRONSON AVE @ CHRISTIE ST,367051.7022,5030280.563,-75.70471,45.40969,2017-05-21,11:50:00 AM,02 - Rain,02 - Wet,01 - Traffic signal,02 - Intersection related,01 - Daylight,03 - P.D. only,05 - Turning movement,Centretown West
2349,BRONSON AVE @ COMMISSIONER ST/SLATER ST,366769.2588,5030948.497,-75.70823,45.41573,2017-08-28,8:30:00 AM,01 - Clear,01 - Dry,01 - Traffic signal,03 - At intersection,01 - Daylight,03 - P.D. only,01 - Approaching,Byward Market - Parliament Hill
2350,BRONSON AVE @ COMMISSIONER ST/SLATER ST,366767.7021,5030949.905,-75.70825,45.41574,2017-10-28,8:17:00 PM,01 - Clear,02 - Wet,01 - Traffic signal,02 - Intersection related,07 - Dark,03 - P.D. only,05 - Turning movement,Byward Market - Parliament Hill
2351,BRONSON AVE @ COMMISSIONER ST/SLATER ST,366768.9277,5030948.261,-75.70823,45.41573,2017-09-24,4:45:00 PM,01 - Clear,01 - Dry,01 - Traffic signal,02 - Intersection related,01 - Daylight,03 - P.D. only,04 - Sideswipe,Byward Market - Parliament Hill
2352,BRONSON AVE @ COMMISSIONER ST/SLATER ST,366768.7054,5030948.804,-75.70824,45.41573,2017-10-01,12:36:00 PM,01 - Clear,01 - Dry,01 - Traffic signal,02 - Intersection related,01 - Daylight,03 - P.D. only,06 - SMV unattended vehicle,Byward Market - Parliament Hill
2353,BRONSON AVE @ COMMISSIONER ST/SLATER ST,366769.2513,5030948.852,-75.70823,45.41573,2017-09-26,1:36:00 PM,01 - Clear,01 - Dry,01 - Traffic signal,03 - At intersection,01 - Daylight,03 - P.D. only,05 - Turning movement,Byward Market - Parliament Hill
2354,BRONSON AVE @ COMMISSIONER ST/SLATER ST,366768.8258,5030948.573,-75.70824,45.41573,2017-12-12,7:52:00 PM,03 - Snow,03 - Loose snow,01 - Traffic signal,02 - Intersection related,07 - Dark,03 - P.D. only,07 - SMV other,Byward Market - Parliament Hill
2355,BRONSON AVE @ COMMISSIONER ST/SLATER ST,366770.3776,5030947.899,-75.70822,45.41572,2017-11-27,10:00:00 AM,01 - Clear,02 - Wet,01 - Traffic signal,03 - At intersection,01 - Daylight,02 - Non-fatal injury,02 - Angle,Byward Market - Parliament Hill
2356,BRONSON AVE @ COMMISSIONER ST/SLATER ST,366769.7832,5030947.915,-75.70822,45.41572,2017-01-14,2:01:00 PM,01 - Clear,01 - Dry,01 - Traffic signal,03 - At intersection,01 - Daylight,03 - P.D. only,05 - Turning movement,Byward Market - Parliament Hill
2357,BRONSON AVE @ COMMISSIONER ST/SLATER ST,366769.7087,5030948.568,-75.70822,45.41573,2017-02-15,8:40:00 AM,03 - Snow,03 - Loose snow,01 - Traffic signal,03 - At intersection,01 - Daylight,03 - P.D. only,02 - Angle,Byward Market - Parliament Hill
2358,BRONSON AVE @ COMMISSIONER ST/SLATER ST,366768.2867,5030948.101,-75.70824,45.41572,2017-02-04,5:29:00 PM,01 - Clear,01 - Dry,01 - Traffic signal,03 - At intersection,07 - Dark,03 - P.D. only,05 - Turning movement,Byward Market - Parliament Hill
2359,BRONSON AVE @ COMMISSIONER ST/SLATER ST,366769.7087,5030947.899,-75.70822,45.41572,2017-03-03,4:33:00 PM,01 - Clear,01 - Dry,01 - Traffic signal,03 - At intersection,01 - Daylight,03 - P.D. only,04 - Sideswipe,Byward Market - Parliament Hill
2360,BRONSON AVE @ COMMISSIONER ST/SLATER ST,366769.7087,5030949.237,-75.70822,45.41573,2017-03-14,11:43:00 PM,03 - Snow,05 - Packed snow,01 - Traffic signal,02 - Intersection related,07 - Dark,03 - P.D. only,03 - Rear end,Byward Market - Parliament Hill
2361,BRONSON AVE @ COMMISSIONER ST/SLATER ST,366769.0734,5030948.899,-75.70823,45.41573,2017-04-04,3:17:00 PM,02 - Rain,02 - Wet,01 - Traffic signal,02 - Intersection related,01 - Daylight,03 - P.D. only,03 - Rear end,Byward Market - Parliament Hill
2362,BRONSON AVE @ COOPER ST,366932.7037,5030559.901,-75.70619,45.41222,2017-06-03,7:49:00 PM,01 - Clear,01 - Dry,10 - No control,03 - At intersection,01 - Daylight,03 - P.D. only,02 - Angle,Centretown West
2363,BRONSON AVE @ FIFTH AVE/MADAWASKA DR,367614.716,5028939.891,-75.69768,45.39758,2017-05-07,6:29:00 PM,"07 - Fog, mist, smoke, dust",02 - Wet,01 - Traffic signal,02 - Intersection related,01 - Daylight,03 - P.D. only,03 - Rear end,The Glebe
2364,BRONSON AVE @ FIFTH AVE/MADAWASKA DR,367614.758,5028939.309,-75.69768,45.39757,2017-07-18,8:22:00 AM,01 - Clear,01 - Dry,01 - Traffic signal,02 - Intersection related,01 - Daylight,03 - P.D. only,03 - Rear end,The Glebe
2365,BRONSON AVE @ FIFTH AVE/MADAWASKA DR,367615.0502,5028940.05,-75.69768,45.39758,2017-07-23,5:51:00 PM,01 - Clear,01 - Dry,01 - Traffic signal,02 - Intersection related,01 - Daylight,03 - P.D. only,04 - Sideswipe,The Glebe
2366,BRONSON AVE @ FIFTH AVE/MADAWASKA DR,367614.2592,5028939.1,-75.69769,45.39757,2017-09-28,3:58:00 PM,01 - Clear,01 - Dry,01 - Traffic signal,02 - Intersection related,01 - Daylight,02 - Non-fatal injury,04 - Sideswipe,The Glebe
2367,BRONSON AVE @ FIFTH AVE/MADAWASKA DR,367612.8189,5028938.33,-75.69771,45.39757,2017-09-11,8:41:00 AM,01 - Clear,01 - Dry,01 - Traffic signal,02 - Intersection related,01 - Daylight,03 - P.D. only,03 - Rear end,The Glebe
2368,BRONSON AVE @ FIFTH AVE/MADAWASKA DR,367613.9925,5028938.601,-75.69769,45.39757,2017-09-06,9:57:00 AM,01 - Clear,01 - Dry,01 - Traffic signal,02 - Intersection related,01 - Daylight,02 - Non-fatal injury,03 - Rear end,The Glebe
2369,BRONSON AVE @ FIFTH AVE/MADAWASKA DR,367615.2412,5028939.573,-75.69768,45.39758,2017-11-23,8:05:00 AM,01 - Clear,01 - Dry,01 - Traffic signal,03 - At intersection,01 - Daylight,02 - Non-fatal injury,07 - SMV other,The Glebe
2370,BRONSON AVE @ FIFTH AVE/MADAWASKA DR,367614.0472,5028937.885,-75.69769,45.39756,2017-11-19,8:06:00 AM,03 - Snow,06 - Ice,01 - Traffic signal,02 - Intersection related,01 - Daylight,03 - P.D. only,03 - Rear end,The Glebe
2371,BRONSON AVE @ FIFTH AVE/MADAWASKA DR,367613.3783,5028939.891,-75.6977,45.39758,2017-11-11,2:59:00 PM,01 - Clear,01 - Dry,01 - Traffic signal,03 - At intersection,01 - Daylight,02 - Non-fatal injury,07 - SMV other,The Glebe
2372,BRONSON AVE @ FIFTH AVE/MADAWASKA DR,367612.6198,5028938.554,-75.69771,45.39757,2017-01-27,3:50:00 PM,01 - Clear,02 - Wet,01 - Traffic signal,02 - Intersection related,01 - Daylight,03 - P.D. only,04 - Sideswipe,The Glebe
2373,BRONSON AVE @ FIFTH AVE/MADAWASKA DR,367613.9746,5028936.513,-75.69769,45.39755,2017-01-05,11:09:00 AM,01 - Clear,03 - Loose snow,01 - Traffic signal,02 - Intersection related,01 - Daylight,03 - P.D. only,04 - Sideswipe,The Glebe
2374,BRONSON AVE @ FIFTH AVE/MADAWASKA DR,367613.7127,5028937.359,-75.6977,45.39756,2017-12-21,5:30:00 PM,01 - Clear,01 - Dry,01 - Traffic signal,03 - At intersection,07 - Dark,03 - P.D. only,05 - Turning movement,The Glebe
2375,BRONSON AVE @ FINDLAY AVE,367728.7747,5028661.476,-75.69626,45.39506,2017-08-18,5:58:00 PM,01 - Clear,01 - Dry,02 - Stop sign,02 - Intersection related,01 - Daylight,03 - P.D. only,03 - Rear end,The Glebe
2376,BRONSON AVE @ FINDLAY AVE,367728.7107,5028661.182,-75.69626,45.39506,2017-01-20,3:56:00 PM,03 - Snow,02 - Wet,02 - Stop sign,02 - Intersection related,01 - Daylight,03 - P.D. only,03 - Rear end,The Glebe
2377,BRONSON AVE @ FIRST AVE,367488.7041,5029235.225,-75.69926,45.40025,2017-06-05,5:10:00 PM,01 - Clear,01 - Dry,02 - Stop sign,03 - At intersection,01 - Daylight,02 - Non-fatal injury,03 - Rear end,The Glebe
2378,BRONSON AVE @ FIRST AVE,367490.0419,5029237.231,-75.69924,45.40027,2017-05-13,10:56:00 AM,02 - Rain,02 - Wet,02 - Stop sign,03 - At intersection,01 - Daylight,03 - P.D. only,05 - Turning movement,The Glebe
2379,BRONSON AVE @ FIRST AVE,367488.7041,5029235.894,-75.69926,45.40025,2017-11-30,3:47:00 PM,04 - Freezing Rain,06 - Ice,02 - Stop sign,02 - Intersection related,01 - Daylight,03 - P.D. only,04 - Sideswipe,The Glebe
2380,BRONSON AVE @ FIRST AVE,367489.2295,5029236.801,-75.69925,45.40026,2017-12-12,1:45:00 PM,03 - Snow,03 - Loose snow,02 - Stop sign,02 - Intersection related,01 - Daylight,03 - P.D. only,02 - Angle,The Glebe
2381,BRONSON AVE @ FLORA ST,367192.1377,5029939.845,-75.70295,45.40661,2017-10-05,3:01:00 PM,01 - Clear,01 - Dry,02 - Stop sign,02 - Intersection related,01 - Daylight,03 - P.D. only,04 - Sideswipe,Centretown West
2382,BRONSON AVE @ FOURTH AVE,367582.7102,5029009.561,-75.69808,45.39821,2017-07-13,4:59:00 PM,01 - Clear,01 - Dry,02 - Stop sign,03 - At intersection,01 - Daylight,03 - P.D. only,02 - Angle,The Glebe
2383,BRONSON AVE @ FOURTH AVE,367584.9481,5029010.795,-75.69806,45.39822,2017-02-04,3:50:00 PM,01 - Clear,01 - Dry,02 - Stop sign,03 - At intersection,01 - Daylight,03 - P.D. only,05 - Turning movement,The Glebe