Record,Location,X,Y,Longitude,Latitude,Date,Time,Environment,Road_Surface,Traffic_Control,Collision_Location,Light,Collision_Classification,Impact_type,Neighborhood
2384,BRONSON AVE @ GLADSTONE AVE,367133.7017,5030080.847,-75.70368,45.40789,2017-08-14,1:08:00 PM,01 - Clear,01 - Dry,01 - Traffic signal,03 - At intersection,01 - Daylight,03 - P.D. only,02 - Angle,Centretown West
2385,BRONSON AVE @ GLADSTONE AVE,367134.0362,5030081.564,-75.70368,45.4079,2017-06-28,3:22:00 PM,01 - Clear,01 - Dry,01 - Traffic signal,03 - At intersection,01 - Daylight,02 - Non-fatal injury,07 - SMV other,Centretown West
2386,BRONSON AVE @ GLADSTONE AVE,367132.7459,5030080.847,-75.7037,45.40789,2017-09-10,1:00:00 AM,01 - Clear,01 - Dry,01 - Traffic signal,02 - Intersection related,07 - Dark,03 - P.D. only,04 - Sideswipe,Centretown West
2387,BRONSON AVE @ GLADSTONE AVE,367133.2238,5030081.803,-75.70369,45.4079,2017-09-21,8:38:00 AM,01 - Clear,01 - Dry,01 - Traffic signal,03 - At intersection,01 - Daylight,03 - P.D. only,05 - Turning movement,Centretown West
2388,BRONSON AVE @ GLADSTONE AVE,367133.2238,5030080.369,-75.70369,45.40788,2017-12-08,12:21:00 PM,01 - Clear,01 - Dry,01 - Traffic signal,02 - Intersection related,01 - Daylight,03 - P.D. only,03 - Rear end,Centretown West
2389,BRONSON AVE @ GLADSTONE AVE,367134.0362,5030082.233,-75.70368,45.4079,2017-11-27,1:50:00 PM,01 - Clear,03 - Loose snow,01 - Traffic signal,02 - Intersection related,01 - Daylight,02 - Non-fatal injury,03 - Rear end,Centretown West
2390,BRONSON AVE @ GLADSTONE AVE,367134.0362,5030081.564,-75.70368,45.4079,2017-11-17,7:57:00 PM,01 - Clear,01 - Dry,01 - Traffic signal,03 - At intersection,07 - Dark,03 - P.D. only,02 - Angle,Centretown West
2391,BRONSON AVE @ GLADSTONE AVE,367134.7946,5030081.564,-75.70367,45.4079,2017-02-03,11:30:00 PM,01 - Clear,01 - Dry,01 - Traffic signal,03 - At intersection,07 - Dark,03 - P.D. only,02 - Angle,Centretown West
2392,BRONSON AVE @ GLADSTONE AVE,367133.7041,5030081.565,-75.70368,45.4079,2017-02-13,3:13:00 PM,03 - Snow,03 - Loose snow,01 - Traffic signal,02 - Intersection related,01 - Daylight,03 - P.D. only,05 - Turning movement,Centretown West
2393,BRONSON AVE @ GLADSTONE AVE,367133.3673,5030082.233,-75.70369,45.4079,2017-04-22,10:31:00 AM,01 - Clear,01 - Dry,01 - Traffic signal,02 - Intersection related,01 - Daylight,03 - P.D. only,99 - Other,Centretown West
2394,BRONSON AVE @ GLOUCESTER ST,366833.2287,5030792.809,-75.70743,45.41432,2017-10-19,7:24:00 PM,01 - Clear,01 - Dry,01 - Traffic signal,02 - Intersection related,07 - Dark,03 - P.D. only,04 - Sideswipe,Centretown West
2395,BRONSON AVE @ HOLMWOOD AVE,367701.711,5028728.206,-75.6966,45.39567,2017-05-07,5:56:00 PM,01 - Clear,01 - Dry,01 - Traffic signal,02 - Intersection related,01 - Daylight,03 - P.D. only,04 - Sideswipe,The Glebe
2396,BRONSON AVE @ HOLMWOOD AVE,367700.9629,5028729.444,-75.69661,45.39568,2017-09-02,10:47:00 AM,01 - Clear,01 - Dry,01 - Traffic signal,02 - Intersection related,01 - Daylight,03 - P.D. only,03 - Rear end,The Glebe
2397,BRONSON AVE @ HOLMWOOD AVE,367699.7044,5028729.544,-75.69663,45.39568,2017-02-12,1:35:00 PM,03 - Snow,04 - Slush,01 - Traffic signal,02 - Intersection related,01 - Daylight,03 - P.D. only,03 - Rear end,The Glebe
2398,BRONSON AVE @ HOLMWOOD AVE,367699.9572,5028728.418,-75.69662,45.39567,2017-03-21,5:34:00 PM,02 - Rain,02 - Wet,01 - Traffic signal,03 - At intersection,01 - Daylight,03 - P.D. only,03 - Rear end,The Glebe
2399,BRONSON AVE @ HOLMWOOD AVE,367702.2086,5028728.418,-75.69659,45.39567,2017-03-28,8:13:00 AM,01 - Clear,02 - Wet,01 - Traffic signal,02 - Intersection related,01 - Daylight,02 - Non-fatal injury,03 - Rear end,The Glebe
2400,BRONSON AVE @ HOLMWOOD AVE,367700.3733,5028728.875,-75.69662,45.39567,2017-03-13,3:37:00 PM,01 - Clear,01 - Dry,01 - Traffic signal,02 - Intersection related,01 - Daylight,03 - P.D. only,03 - Rear end,The Glebe
2401,BRONSON AVE @ HWY 417 BRONSON IC121AR51,367287.5371,5029710.841,-75.70177,45.40455,2017-10-25,5:00:00 PM,01 - Clear,01 - Dry,01 - Traffic signal,02 - Intersection related,01 - Daylight,03 - P.D. only,03 - Rear end,Centretown West
2402,BRONSON AVE @ HWY 417 BRONSON IC121AR51,367287.9619,5029710.183,-75.70176,45.40454,2017-01-06,12:10:00 PM,01 - Clear,02 - Wet,01 - Traffic signal,02 - Intersection related,01 - Daylight,03 - P.D. only,02 - Angle,Centretown West
2403,BRONSON AVE @ HWY 417 BRONSON IC121AR51,367289.7157,5029711.227,-75.70174,45.40455,2017-02-17,11:12:00 PM,01 - Clear,01 - Dry,01 - Traffic signal,03 - At intersection,07 - Dark,03 - P.D. only,04 - Sideswipe,Centretown West
2404,BRONSON AVE @ HWY 417 BRONSON IC121AR51,367288.3282,5029710.562,-75.70176,45.40454,2017-01-26,6:13:00 PM,01 - Clear,02 - Wet,01 - Traffic signal,02 - Intersection related,07 - Dark,03 - P.D. only,03 - Rear end,Centretown West
2405,BRONSON AVE @ IMPERIAL AVE/PLYMOUTH ST,367318.7027,5029643.552,-75.70138,45.40394,2017-05-02,7:42:00 PM,02 - Rain,02 - Wet,10 - No control,03 - At intersection,01 - Daylight,02 - Non-fatal injury,07 - SMV other,Centretown West
2406,BRONSON AVE @ IMPERIAL AVE/PLYMOUTH ST,367317.7,5029644.889,-75.70139,45.40395,2017-05-04,9:43:00 PM,02 - Rain,02 - Wet,10 - No control,03 - At intersection,07 - Dark,03 - P.D. only,05 - Turning movement,Centretown West
2407,BRONSON AVE @ IMPERIAL AVE/PLYMOUTH ST,367318.706,5029643.698,-75.70138,45.40394,2017-08-31,10:15:00 AM,01 - Clear,01 - Dry,10 - No control,03 - At intersection,01 - Daylight,03 - P.D. only,05 - Turning movement,Centretown West
2408,BRONSON AVE @ IMPERIAL AVE/PLYMOUTH ST,367318.6466,5029643.415,-75.70138,45.40394,2017-09-03,5:14:00 PM,02 - Rain,02 - Wet,10 - No control,02 - Intersection related,01 - Daylight,03 - P.D. only,03 - Rear end,Centretown West
2409,BRONSON AVE @ IMPERIAL AVE/PLYMOUTH ST,367318.8494,5029642.992,-75.70137,45.40393,2017-07-08,12:00:00 PM,01 - Clear,01 - Dry,10 - No control,02 - Intersection related,01 - Daylight,03 - P.D. only,03 - Rear end,The Glebe
2410,BRONSON AVE @ IMPERIAL AVE/PLYMOUTH ST,367318.7033,5029643.313,-75.70138,45.40394,2017-09-08,4:24:00 PM,01 - Clear,01 - Dry,10 - No control,02 - Intersection related,01 - Daylight,03 - P.D. only,05 - Turning movement,Centretown West
2411,BRONSON AVE @ IMPERIAL AVE/PLYMOUTH ST,367318.2506,5029643.233,-75.70138,45.40393,2017-10-19,6:55:00 PM,01 - Clear,01 - Dry,10 - No control,03 - At intersection,07 - Dark,03 - P.D. only,05 - Turning movement,Centretown West
2412,BRONSON AVE @ IMPERIAL AVE/PLYMOUTH ST,367318.3689,5029643.552,-75.70138,45.40394,2017-11-09,6:41:00 AM,01 - Clear,01 - Dry,10 - No control,02 - Intersection related,03 - Dawn,03 - P.D. only,04 - Sideswipe,Centretown West
2413,BRONSON AVE @ IMPERIAL AVE/PLYMOUTH ST,367319.2649,5029642.976,-75.70137,45.40393,2017-11-10,1:06:00 PM,01 - Clear,01 - Dry,10 - No control,02 - Intersection related,01 - Daylight,03 - P.D. only,04 - Sideswipe,The Glebe
2414,BRONSON AVE @ IMPERIAL AVE/PLYMOUTH ST,367319.7066,5029642.883,-75.70136,45.40393,2017-02-18,8:00:00 PM,01 - Clear,02 - Wet,10 - No control,03 - At intersection,07 - Dark,03 - P.D. only,05 - Turning movement,The Glebe
2415,BRONSON AVE @ IMPERIAL AVE/PLYMOUTH ST,367318.1802,5029643.801,-75.70138,45.40394,2017-01-12,10:10:00 AM,02 - Rain,02 - Wet,10 - No control,02 - Intersection related,01 - Daylight,03 - P.D. only,04 - Sideswipe,Centretown West
2416,BRONSON AVE @ IMPERIAL AVE/PLYMOUTH ST,367319.2128,5029644.571,-75.70137,45.40395,2017-04-16,12:13:00 PM,02 - Rain,02 - Wet,10 - No control,02 - Intersection related,01 - Daylight,03 - P.D. only,05 - Turning movement,Centretown West
2417,BRONSON AVE @ IMPERIAL AVE/PLYMOUTH ST,367319.0378,5029645.558,-75.70137,45.40396,2017-03-05,5:04:00 PM,01 - Clear,01 - Dry,10 - No control,03 - At intersection,01 - Daylight,02 - Non-fatal injury,05 - Turning movement,Centretown West
2418,BRONSON AVE @ JAMES ST,367068.3729,5030240.232,-75.7045,45.40933,2017-11-15,12:27:00 PM,01 - Clear,01 - Dry,02 - Stop sign,03 - At intersection,01 - Daylight,03 - P.D. only,02 - Angle,Centretown West
2419,BRONSON AVE @ KIPPEWA DR,367557.7201,5029074.888,-75.6984,45.3988,2017-06-13,12:00:00 PM,01 - Clear,01 - Dry,02 - Stop sign,03 - At intersection,01 - Daylight,02 - Non-fatal injury,02 - Angle,The Glebe
2420,BRONSON AVE @ KIPPEWA DR,367557.0513,5029076.226,-75.6984,45.39881,2017-11-14,5:42:00 PM,01 - Clear,01 - Dry,02 - Stop sign,02 - Intersection related,07 - Dark,03 - P.D. only,03 - Rear end,The Glebe
2421,BRONSON AVE @ LAKESIDE AVE,367654.4186,5028837.897,-75.69719,45.39666,2017-08-21,7:49:00 PM,01 - Clear,01 - Dry,02 - Stop sign,03 - At intersection,05 - Dusk,03 - P.D. only,03 - Rear end,The Glebe
2422,BRONSON AVE @ LAURIER AVE,366804.2231,5030862.286,-75.70779,45.41495,2017-08-19,2:11:00 PM,01 - Clear,01 - Dry,01 - Traffic signal,03 - At intersection,01 - Daylight,02 - Non-fatal injury,02 - Angle,Downtown
2423,BRONSON AVE @ LAURIER AVE,366805.0355,5030860.232,-75.70778,45.41493,2017-03-06,6:41:00 PM,04 - Freezing Rain,04 - Slush,01 - Traffic signal,03 - At intersection,07 - Dark,02 - Non-fatal injury,07 - SMV other,Centretown West
2424,BRONSON AVE @ MACLAREN ST,366999.8657,5030399.568,-75.70535,45.41077,2017-12-14,12:41:00 PM,01 - Clear,01 - Dry,02 - Stop sign,03 - At intersection,01 - Daylight,03 - P.D. only,02 - Angle,Centretown West
2425,BRONSON AVE @ MACLAREN ST,366999.9423,5030399.006,-75.70535,45.41076,2017-11-11,1:00:00 PM,01 - Clear,01 - Dry,02 - Stop sign,03 - At intersection,01 - Daylight,03 - P.D. only,02 - Angle,Centretown West
2426,BRONSON AVE @ MACLAREN ST,367000.2423,5030399.293,-75.70535,45.41077,2017-01-19,6:28:00 PM,01 - Clear,01 - Dry,02 - Stop sign,03 - At intersection,07 - Dark,03 - P.D. only,02 - Angle,Centretown West
2427,BRONSON AVE @ MACLAREN ST,366999.3652,5030400.234,-75.70536,45.41077,2017-04-18,5:30:00 PM,01 - Clear,01 - Dry,02 - Stop sign,03 - At intersection,01 - Daylight,03 - P.D. only,02 - Angle,Chinatown
2428,BRONSON AVE @ MCLEOD ST,367160.1124,5030015.426,-75.70335,45.4073,2017-08-27,1:40:00 PM,01 - Clear,01 - Dry,02 - Stop sign,02 - Intersection related,01 - Daylight,03 - P.D. only,04 - Sideswipe,Centretown West
2429,BRONSON AVE @ NEPEAN ST,366859.9322,5030728.798,-75.7071,45.41374,2017-10-13,2:05:00 PM,01 - Clear,01 - Dry,10 - No control,03 - At intersection,01 - Daylight,02 - Non-fatal injury,05 - Turning movement,Centretown West
2430,BRONSON AVE @ POWELL AVE,367387.4474,5029476.998,-75.70052,45.40243,2017-08-10,12:00:00 AM,01 - Clear,01 - Dry,01 - Traffic signal,02 - Intersection related,00 - Unknown,03 - P.D. only,06 - SMV unattended vehicle,The Glebe
2431,BRONSON AVE @ POWELL AVE,367386.9231,5029476.497,-75.70053,45.40243,2017-09-15,2:06:00 PM,01 - Clear,01 - Dry,01 - Traffic signal,02 - Intersection related,01 - Daylight,03 - P.D. only,04 - Sideswipe,The Glebe
2432,BRONSON AVE @ POWELL AVE,367388.0132,5029476.847,-75.70051,45.40243,2017-01-09,6:42:00 PM,01 - Clear,05 - Packed snow,01 - Traffic signal,02 - Intersection related,07 - Dark,03 - P.D. only,04 - Sideswipe,The Glebe
2433,BRONSON AVE @ POWELL AVE,367387.8789,5029476.121,-75.70051,45.40242,2017-01-27,1:45:00 PM,01 - Clear,01 - Dry,01 - Traffic signal,02 - Intersection related,01 - Daylight,03 - P.D. only,04 - Sideswipe,The Glebe
2434,BRONSON AVE @ POWELL AVE,367387.8789,5029478.571,-75.70051,45.40245,2017-01-19,10:25:00 PM,01 - Clear,02 - Wet,01 - Traffic signal,03 - At intersection,07 - Dark,02 - Non-fatal injury,07 - SMV other,The Glebe
2435,BRONSON AVE @ POWELL AVE,367388.2134,5029479.221,-75.70051,45.40245,2017-03-17,9:33:00 AM,01 - Clear,01 - Dry,01 - Traffic signal,02 - Intersection related,01 - Daylight,03 - P.D. only,03 - Rear end,The Glebe
2436,BRONSON AVE @ POWELL AVE,367388.2134,5029476.545,-75.70051,45.40243,2017-02-24,6:11:00 PM,01 - Clear,02 - Wet,01 - Traffic signal,03 - At intersection,05 - Dusk,02 - Non-fatal injury,05 - Turning movement,The Glebe
2437,BRONSON AVE @ PRIMROSE AVE,366886.7028,5030670.24,-75.70676,45.41321,2017-05-29,1:38:00 PM,02 - Rain,02 - Wet,01 - Traffic signal,02 - Intersection related,01 - Daylight,02 - Non-fatal injury,03 - Rear end,Centretown West
2438,BRONSON AVE @ RAMP 34/42A,368416.0862,5027187.055,-75.68768,45.38174,2017-01-17,12:33:00 PM,01 - Clear,01 - Dry,10 - No control,02 - Intersection related,01 - Daylight,03 - P.D. only,03 - Rear end,Riverside Park
2439,BRONSON AVE @ RAMP 34/42A,368415.4173,5027186.386,-75.68768,45.38173,2017-02-25,12:42:00 PM,02 - Rain,02 - Wet,10 - No control,02 - Intersection related,01 - Daylight,03 - P.D. only,03 - Rear end,Riverside Park
2440,BRONSON AVE @ RENFREW AVE,367355.7083,5029550.894,-75.70091,45.4031,2017-05-24,5:30:00 PM,01 - Clear,01 - Dry,02 - Stop sign,03 - At intersection,01 - Daylight,03 - P.D. only,03 - Rear end,Centretown West
2441,BRONSON AVE @ RENFREW AVE,367356.7116,5029550.846,-75.7009,45.4031,2017-09-12,9:50:00 AM,01 - Clear,01 - Dry,02 - Stop sign,02 - Intersection related,01 - Daylight,03 - P.D. only,04 - Sideswipe,Centretown West
2442,BRONSON AVE @ SOMERSET ST,366968.6429,5030476.336,-75.70574,45.41146,2017-09-02,8:11:00 PM,01 - Clear,01 - Dry,01 - Traffic signal,02 - Intersection related,07 - Dark,02 - Non-fatal injury,03 - Rear end,Chinatown
2443,BRONSON AVE @ SOMERSET ST,366968.1695,5030476.336,-75.70575,45.41146,2017-09-02,1:46:00 PM,01 - Clear,01 - Dry,01 - Traffic signal,02 - Intersection related,01 - Daylight,03 - P.D. only,03 - Rear end,Chinatown
2444,BRONSON AVE @ SOMERSET ST,366968.9307,5030475.338,-75.70574,45.41145,2017-02-13,7:45:00 AM,01 - Clear,05 - Packed snow,01 - Traffic signal,02 - Intersection related,01 - Daylight,03 - P.D. only,04 - Sideswipe,Chinatown
2445,BRONSON AVE @ SOMERSET ST,366967.6961,5030476.026,-75.70575,45.41146,2017-01-19,4:33:00 PM,01 - Clear,02 - Wet,01 - Traffic signal,02 - Intersection related,01 - Daylight,03 - P.D. only,04 - Sideswipe,Chinatown
2446,BRONSON AVE @ SOMERSET ST,366967.6965,5030476.572,-75.70575,45.41146,2017-03-12,6:28:00 AM,01 - Clear,01 - Dry,01 - Traffic signal,02 - Intersection related,03 - Dawn,03 - P.D. only,07 - SMV other,Chinatown
2447,BRONSON AVE @ SOMERSET ST,366968.0306,5030477.241,-75.70575,45.41147,2017-03-30,5:26:00 PM,01 - Clear,01 - Dry,01 - Traffic signal,02 - Intersection related,01 - Daylight,03 - P.D. only,04 - Sideswipe,Chinatown
2448,BRONSON AVE @ SOMERSET ST,366967.6961,5030477.767,-75.70575,45.41147,2017-12-30,7:48:00 PM,06 - Strong wind,06 - Ice,01 - Traffic signal,03 - At intersection,07 - Dark,03 - P.D. only,05 - Turning movement,Chinatown
2449,BRONSON AVE @ SOMERSET ST,366966.7403,5030476.811,-75.70577,45.41147,2017-12-27,3:30:00 PM,01 - Clear,03 - Loose snow,01 - Traffic signal,02 - Intersection related,01 - Daylight,03 - P.D. only,03 - Rear end,Centretown West
2450,BRONSON AVE @ SUNNYSIDE AVE/UNIVERSITY RD - CA,367922.8358,5028091.113,-75.69386,45.38991,2017-06-14,5:45:00 PM,01 - Clear,01 - Dry,01 - Traffic signal,02 - Intersection related,01 - Daylight,02 - Non-fatal injury,04 - Sideswipe,Carleto
2451,BRONSON AVE @ SUNNYSIDE AVE/UNIVERSITY RD - CA,367921.7068,5028090.878,-75.69387,45.38991,2017-05-30,9:30:00 PM,01 - Clear,01 - Dry,01 - Traffic signal,02 - Intersection related,07 - Dark,03 - P.D. only,04 - Sideswipe,Carleto
2452,BRONSON AVE @ SUNNYSIDE AVE/UNIVERSITY RD - CA,367923.0446,5028092.885,-75.69385,45.38993,2017-04-27,9:30:00 AM,01 - Clear,01 - Dry,01 - Traffic signal,02 - Intersection related,01 - Daylight,03 - P.D. only,04 - Sideswipe,Carleto
2453,BRONSON AVE @ SUNNYSIDE AVE/UNIVERSITY RD - CA,367923.7134,5028092.216,-75.69385,45.38992,2017-05-24,12:55:00 PM,01 - Clear,01 - Dry,01 - Traffic signal,02 - Intersection related,01 - Daylight,02 - Non-fatal injury,03 - Rear end,Carleto
2454,BRONSON AVE @ SUNNYSIDE AVE/UNIVERSITY RD - CA,367922.3757,5028091.547,-75.69386,45.38992,2017-06-06,9:48:00 AM,02 - Rain,02 - Wet,01 - Traffic signal,02 - Intersection related,01 - Daylight,03 - P.D. only,03 - Rear end,Carleto
2455,BRONSON AVE @ SUNNYSIDE AVE/UNIVERSITY RD - CA,367923.023,5028091.526,-75.69386,45.38992,2017-07-29,2:21:00 PM,01 - Clear,01 - Dry,01 - Traffic signal,03 - At intersection,01 - Daylight,03 - P.D. only,05 - Turning movement,Carleto
2456,BRONSON AVE @ SUNNYSIDE AVE/UNIVERSITY RD - CA,367923.5731,5028091.331,-75.69385,45.38992,2017-08-21,11:49:00 AM,01 - Clear,01 - Dry,01 - Traffic signal,02 - Intersection related,01 - Daylight,03 - P.D. only,04 - Sideswipe,Carleto
2457,BRONSON AVE @ SUNNYSIDE AVE/UNIVERSITY RD - CA,367922.7101,5028091.243,-75.69386,45.38992,2017-07-18,7:45:00 AM,01 - Clear,01 - Dry,01 - Traffic signal,02 - Intersection related,01 - Daylight,03 - P.D. only,04 - Sideswipe,Carleto
2458,BRONSON AVE @ SUNNYSIDE AVE/UNIVERSITY RD - CA,367923.6659,5028090.83,-75.69385,45.38991,2017-09-02,5:03:00 PM,01 - Clear,01 - Dry,01 - Traffic signal,02 - Intersection related,01 - Daylight,03 - P.D. only,99 - Other,Carleto
2459,BRONSON AVE @ SUNNYSIDE AVE/UNIVERSITY RD - CA,367922.9321,5028091.325,-75.69386,45.38992,2017-07-18,4:58:00 PM,01 - Clear,01 - Dry,01 - Traffic signal,02 - Intersection related,01 - Daylight,03 - P.D. only,04 - Sideswipe,Carleto
2460,BRONSON AVE @ SUNNYSIDE AVE/UNIVERSITY RD - CA,367921.6172,5028091.001,-75.69387,45.38991,2017-10-05,2:25:00 PM,01 - Clear,01 - Dry,01 - Traffic signal,02 - Intersection related,01 - Daylight,03 - P.D. only,03 - Rear end,Carleto
2461,BRONSON AVE @ SUNNYSIDE AVE/UNIVERSITY RD - CA,367922.2322,5028090.352,-75.69387,45.38991,2017-09-19,9:40:00 AM,01 - Clear,01 - Dry,01 - Traffic signal,02 - Intersection related,01 - Daylight,03 - P.D. only,04 - Sideswipe,Carleto
2462,BRONSON AVE @ SUNNYSIDE AVE/UNIVERSITY RD - CA,367923.7134,5028092.885,-75.69385,45.38993,2017-10-30,9:12:00 PM,01 - Clear,01 - Dry,01 - Traffic signal,03 - At intersection,07 - Dark,02 - Non-fatal injury,07 - SMV other,Carleto
2463,BRONSON AVE @ SUNNYSIDE AVE/UNIVERSITY RD - CA,367922.7101,5028091.308,-75.69386,45.38992,2017-12-08,3:28:00 PM,01 - Clear,02 - Wet,01 - Traffic signal,02 - Intersection related,01 - Daylight,03 - P.D. only,03 - Rear end,Carleto
2464,BRONSON AVE @ SUNNYSIDE AVE/UNIVERSITY RD - CA,367922.2367,5028090.837,-75.69387,45.38991,2017-11-05,7:34:00 AM,02 - Rain,02 - Wet,01 - Traffic signal,02 - Intersection related,03 - Dawn,03 - P.D. only,03 - Rear end,Carleto
2465,BRONSON AVE @ SUNNYSIDE AVE/UNIVERSITY RD - CA,367922.7101,5028094.016,-75.69386,45.38994,2017-02-12,9:44:00 PM,01 - Clear,03 - Loose snow,01 - Traffic signal,02 - Intersection related,07 - Dark,03 - P.D. only,99 - Other,Carleto
2466,BRONSON AVE @ SUNNYSIDE AVE/UNIVERSITY RD - CA,367921.2092,5028090.421,-75.69388,45.38991,2017-01-17,4:35:00 PM,01 - Clear,02 - Wet,01 - Traffic signal,02 - Intersection related,01 - Daylight,03 - P.D. only,03 - Rear end,Carleto
2467,BRONSON AVE @ SUNNYSIDE AVE/UNIVERSITY RD - CA,367922.1674,5028091.818,-75.69387,45.38992,2017-01-14,6:19:00 PM,01 - Clear,01 - Dry,01 - Traffic signal,03 - At intersection,07 - Dark,03 - P.D. only,05 - Turning movement,Carleto
2468,BRONSON AVE @ SUNNYSIDE AVE/UNIVERSITY RD - CA,367923.0446,5028092.885,-75.69385,45.38993,2017-03-15,9:30:00 AM,03 - Snow,03 - Loose snow,01 - Traffic signal,02 - Intersection related,01 - Daylight,03 - P.D. only,03 - Rear end,Carleto
2469,BRONSON AVE @ SUNNYSIDE AVE/UNIVERSITY RD - CA,367922.3757,5028090.878,-75.69386,45.38991,2017-03-19,5:27:00 PM,01 - Clear,01 - Dry,01 - Traffic signal,03 - At intersection,01 - Daylight,03 - P.D. only,05 - Turning movement,Carleto
2470,BRONSON AVE @ SUNNYSIDE AVE/UNIVERSITY RD - CA,367923.4606,5028091.922,-75.69385,45.38992,2017-03-24,7:28:00 AM,03 - Snow,05 - Packed snow,01 - Traffic signal,02 - Intersection related,01 - Daylight,03 - P.D. only,03 - Rear end,Carleto
2471,BRONSON AVE @ SUNNYSIDE AVE/UNIVERSITY RD - CA,367922.3757,5028092.885,-75.69386,45.38993,2017-03-31,3:29:00 PM,03 - Snow,02 - Wet,01 - Traffic signal,02 - Intersection related,01 - Daylight,02 - Non-fatal injury,99 - Other,Carleto
2472,BRONSON AVE @ SUNNYSIDE AVE/UNIVERSITY RD - CA,367922.3757,5028091.547,-75.69386,45.38992,2017-03-15,10:00:00 AM,03 - Snow,03 - Loose snow,01 - Traffic signal,02 - Intersection related,01 - Daylight,03 - P.D. only,03 - Rear end,Carleto
2473,BRONSON AVE @ SUNNYSIDE AVE/UNIVERSITY RD - CA,367923.0446,5028092.885,-75.69385,45.38993,2017-04-02,12:55:00 AM,01 - Clear,01 - Dry,01 - Traffic signal,03 - At intersection,07 - Dark,02 - Non-fatal injury,05 - Turning movement,Carleto
2474,BRONSON AVE btwn BREWER WAY & RIVERSIDE DR RAMPS 34B & 42A-3,368348.12,5027325.368,-75.68853,45.38299,2017-07-13,4:55:00 PM,01 - Clear,01 - Dry,10 - No control,01 - Non intersection,01 - Daylight,03 - P.D. only,03 - Rear end,Carleto
2475,BRONSON AVE btwn BREWER WAY & RIVERSIDE DR RAMPS 34B & 42A-3,368157.3311,5027675.785,-75.69092,45.38616,2017-09-07,3:30:00 PM,02 - Rain,02 - Wet,10 - No control,01 - Non intersection,01 - Daylight,03 - P.D. only,03 - Rear end,Carleto
2476,BRONSON AVE btwn BREWER WAY & RIVERSIDE DR RAMPS 34B & 42A-3,368206.3715,5027585.165,-75.6903,45.38534,2017-11-26,7:53:00 PM,03 - Snow,03 - Loose snow,10 - No control,01 - Non intersection,07 - Dark,03 - P.D. only,04 - Sideswipe,Carleto
2477,BRONSON AVE btwn BRONSON AVE NB ON RAMP 42 & BRONSON AVE SB OFF RAMP 3,367751.8071,5028458.771,-75.69599,45.39324,2017-10-23,3:10:00 PM,01 - Clear,01 - Dry,10 - No control,01 - Non intersection,01 - Daylight,03 - P.D. only,04 - Sideswipe,Carleton University
2478,BRONSON AVE btwn BRONSON AVE NB ON RAMP 42 & BRONSON AVE SB ON RAMP 43,367770.4373,5028380.452,-75.69577,45.39253,2017-06-04,12:09:00 PM,01 - Clear,01 - Dry,10 - No control,01 - Non intersection,01 - Daylight,03 - P.D. only,04 - Sideswipe,Carleton University
2479,BRONSON AVE btwn BRONSON AVE SB ON RAMP 43 & SUNNYSIDE AVE/UNIVERSITY,367847.4593,5028228.002,-75.6948,45.39115,2017-07-02,3:20:00 PM,02 - Rain,02 - Wet,10 - No control,01 - Non intersection,01 - Daylight,03 - P.D. only,07 - SMV other,Carleton University
2480,BRONSON AVE btwn BRONSON AVE SB ON RAMP 43 & SUNNYSIDE AVE/UNIVERSITY,367912.2959,5028109.299,-75.69399,45.39008,2017-08-25,12:00:00 AM,01 - Clear,01 - Dry,10 - No control,01 - Non intersection,00 - Unknown,03 - P.D. only,06 - SMV unattended vehicle,Carleto
2481,BRONSON AVE btwn BRONSON AVE SB ON RAMP 43 & SUNNYSIDE AVE/UNIVERSITY,367897.7737,5028136.536,-75.69417,45.39033,2017-11-27,6:01:00 PM,01 - Clear,01 - Dry,10 - No control,01 - Non intersection,07 - Dark,03 - P.D. only,07 - SMV other,Carleto
2482,BRONSON AVE btwn BRONSON AVE SB ON RAMP 43 & SUNNYSIDE AVE/UNIVERSITY,367810.9605,5028293.543,-75.69526,45.39175,2017-04-01,1:04:00 AM,03 - Snow,04 - Slush,10 - No control,01 - Non intersection,07 - Dark,03 - P.D. only,04 - Sideswipe,Carleton University
2483,BRONSON AVE btwn CARLING AVE & FIRST AVE,367482.684,5029251.278,-75.69933,45.40039,2017-05-24,9:14:00 AM,01 - Clear,01 - Dry,10 - No control,01 - Non intersection,01 - Daylight,02 - Non-fatal injury,04 - Sideswipe,The Glebe
2484,BRONSON AVE btwn CARLING AVE & FIRST AVE,367488.1752,5029243.923,-75.69926,45.40033,2017-03-22,9:32:00 PM,01 - Clear,01 - Dry,10 - No control,01 - Non intersection,07 - Dark,03 - P.D. only,06 - SMV unattended vehicle,The Glebe
2485,BRONSON AVE btwn CHRISTIE ST & JAMES ST,367057.0534,5030260.496,-75.70464,45.40951,2017-05-21,11:56:00 AM,01 - Clear,01 - Dry,10 - No control,01 - Non intersection,01 - Daylight,03 - P.D. only,04 - Sideswipe,Centretown West
2486,BRONSON AVE btwn CLEMOW AVE & CARLING AVE,367432.6568,5029369.007,-75.69996,45.40146,2017-06-19,12:45:00 PM,01 - Clear,01 - Dry,10 - No control,04 - At/near private drive,01 - Daylight,03 - P.D. only,02 - Angle,The Glebe
2487,BRONSON AVE btwn COOPER ST & SOMERSET ST W,366947.495,5030525.924,-75.70601,45.41191,2017-04-04,5:32:00 PM,02 - Rain,02 - Wet,10 - No control,01 - Non intersection,01 - Daylight,03 - P.D. only,04 - Sideswipe,Centretown West
2488,BRONSON AVE btwn FIRST AVE & SECOND AVE,367498.7375,5029211.144,-75.69913,45.40003,2017-11-16,9:09:00 AM,02 - Rain,02 - Wet,10 - No control,01 - Non intersection,01 - Daylight,03 - P.D. only,03 - Rear end,The Glebe