Record,Location,X,Y,Longitude,Latitude,Date,Time,Environment,Road_Surface,Traffic_Control,Collision_Location,Light,Collision_Classification,Impact_type,Neighborhood
2489,BRONSON AVE btwn FLORENCE ST & GLADSTONE AVE,367127.0111,5030097.096,-75.70377,45.40804,2017-09-08,11:45:00 AM,01 - Clear,01 - Dry,10 - No control,04 - At/near private drive,01 - Daylight,02 - Non-fatal injury,05 - Turning movement,Centretown West
2490,BRONSON AVE btwn FOURTH AVE & MADAWASKA DR,367600.0003,5028973.336,-75.69787,45.39788,2017-03-13,3:47:00 PM,01 - Clear,01 - Dry,10 - No control,01 - Non intersection,01 - Daylight,03 - P.D. only,04 - Sideswipe,The Glebe
2491,BRONSON AVE btwn GILMOUR ST & CHRISTIE ST,367045.3501,5030289.844,-75.70479,45.40978,2017-02-13,3:32:00 PM,01 - Clear,02 - Wet,10 - No control,04 - At/near private drive,01 - Daylight,02 - Non-fatal injury,02 - Angle,Centretown West
2492,BRONSON AVE btwn GLADSTONE AVE & MCLEOD ST,367140.7251,5030061.497,-75.7036,45.40771,2017-10-30,2:30:00 PM,01 - Clear,01 - Dry,10 - No control,01 - Non intersection,01 - Daylight,03 - P.D. only,04 - Sideswipe,Centretown West
2493,BRONSON AVE btwn GLOUCESTER ST & NEPEAN ST,366846.0767,5030765.148,-75.70727,45.41407,2017-05-20,2:30:00 PM,01 - Clear,01 - Dry,10 - No control,01 - Non intersection,01 - Daylight,03 - P.D. only,04 - Sideswipe,Centretown West
2494,BRONSON AVE btwn HOLMWOOD AVE & FINDLAY AVE,367704.2691,5028721.79,-75.69657,45.39561,2017-06-09,1:12:00 PM,01 - Clear,01 - Dry,10 - No control,01 - Non intersection,01 - Daylight,03 - P.D. only,04 - Sideswipe,The Glebe
2495,BRONSON AVE btwn JAMES ST & FLORENCE ST,367072.8401,5030220.564,-75.70444,45.40915,2017-04-02,1:56:00 PM,01 - Clear,01 - Dry,10 - No control,01 - Non intersection,01 - Daylight,03 - P.D. only,06 - SMV unattended vehicle,Centretown West
2496,BRONSON AVE btwn KIPPEWA DR & FOURTH AVE,367560.7212,5029067.944,-75.69836,45.39874,2017-08-24,6:45:00 PM,01 - Clear,01 - Dry,10 - No control,01 - Non intersection,01 - Daylight,02 - Non-fatal injury,04 - Sideswipe,The Glebe
2497,BRONSON AVE btwn LAURIER AVE W & GLOUCESTER ST,366831.143,5030798.95,-75.70746,45.41438,2017-11-06,5:12:00 PM,01 - Clear,01 - Dry,10 - No control,01 - Non intersection,07 - Dark,03 - P.D. only,07 - SMV other,Downtown
2498,BRONSON AVE btwn LISGAR ST & COOPER ST,366922.4108,5030578.057,-75.70632,45.41238,2017-10-08,2:10:00 PM,01 - Clear,01 - Dry,10 - No control,04 - At/near private drive,01 - Daylight,02 - Non-fatal injury,03 - Rear end,Centretown West
2499,BRONSON AVE btwn LISGAR ST & COOPER ST,366901.0423,5030628.859,-75.70659,45.41284,2017-11-23,12:00:00 AM,01 - Clear,01 - Dry,10 - No control,01 - Non intersection,00 - Unknown,03 - P.D. only,06 - SMV unattended vehicle,Centretown West
2500,BRONSON AVE btwn MCLEOD ST & FLORA ST,367171.4853,5029993.566,-75.70321,45.4071,2017-09-27,2:11:00 PM,01 - Clear,01 - Dry,10 - No control,04 - At/near private drive,01 - Daylight,02 - Non-fatal injury,05 - Turning movement,Centretown
2501,BRONSON AVE btwn OLD SUNSET BLVD & LAKESIDE AVE,367642.0007,5028867.307,-75.69735,45.39692,2017-06-07,10:34:00 AM,01 - Clear,01 - Dry,10 - No control,01 - Non intersection,01 - Daylight,03 - P.D. only,04 - Sideswipe,The Glebe
2502,BRONSON AVE btwn OLD SUNSET BLVD & LAKESIDE AVE,367652.7031,5028844.564,-75.69721,45.39672,2017-03-22,3:51:00 PM,01 - Clear,01 - Dry,10 - No control,01 - Non intersection,01 - Daylight,02 - Non-fatal injury,03 - Rear end,The Glebe
2503,BRONSON AVE btwn PLYMOUTH ST & RENFREW AVE,367354.0933,5029557.96,-75.70093,45.40316,2017-08-11,5:02:00 PM,01 - Clear,01 - Dry,10 - No control,04 - At/near private drive,01 - Daylight,03 - P.D. only,02 - Angle,Centretown West
2504,BRONSON AVE btwn PLYMOUTH ST & RENFREW AVE,367330.409,5029615.458,-75.70123,45.40368,2017-06-28,6:40:00 PM,02 - Rain,02 - Wet,10 - No control,04 - At/near private drive,01 - Daylight,03 - P.D. only,02 - Angle,Centretown West
2505,BRONSON AVE btwn PLYMOUTH ST & RENFREW AVE,367328.4023,5029619.471,-75.70125,45.40372,2017-02-15,11:50:00 PM,01 - Clear,04 - Slush,10 - No control,04 - At/near private drive,07 - Dark,03 - P.D. only,05 - Turning movement,Centretown West
2506,BRONSON AVE btwn PLYMOUTH ST & RENFREW AVE,367352.3638,5029566.279,-75.70096,45.40324,2017-02-27,4:22:00 PM,01 - Clear,01 - Dry,10 - No control,01 - Non intersection,01 - Daylight,03 - P.D. only,04 - Sideswipe,The Glebe
2507,BRONSON AVE btwn POWELL AVE & CLEMOW AVE,367415.2103,5029411.388,-75.70017,45.40184,2017-06-13,7:55:00 AM,01 - Clear,01 - Dry,10 - No control,01 - Non intersection,01 - Daylight,03 - P.D. only,04 - Sideswipe,The Glebe
2508,BRONSON AVE btwn POWELL AVE & CLEMOW AVE,367400.8612,5029443.944,-75.70035,45.40213,2017-08-19,6:12:00 PM,01 - Clear,01 - Dry,10 - No control,01 - Non intersection,01 - Daylight,03 - P.D. only,03 - Rear end,The Glebe
2509,BRONSON AVE btwn POWELL AVE & CLEMOW AVE,367394.7102,5029457.528,-75.70043,45.40226,2017-12-10,6:17:00 PM,01 - Clear,01 - Dry,10 - No control,01 - Non intersection,07 - Dark,03 - P.D. only,02 - Angle,Centretown West
2510,BRONSON AVE btwn POWELL AVE & CLEMOW AVE,367402.9291,5029443.769,-75.70033,45.40213,2017-03-17,12:13:00 PM,01 - Clear,01 - Dry,10 - No control,01 - Non intersection,01 - Daylight,03 - P.D. only,04 - Sideswipe,The Glebe
2511,BRONSON AVE btwn RENFREW AVE & POWELL AVE,367359.0527,5029540.861,-75.70087,45.40301,2017-06-08,1:01:00 PM,01 - Clear,01 - Dry,10 - No control,01 - Non intersection,01 - Daylight,02 - Non-fatal injury,03 - Rear end,The Glebe
2512,BRONSON AVE btwn RENFREW AVE & POWELL AVE,367358.3509,5029547.738,-75.70088,45.40307,2017-10-01,1:01:00 PM,01 - Clear,01 - Dry,10 - No control,04 - At/near private drive,01 - Daylight,03 - P.D. only,02 - Angle,Centretown West
2513,BRONSON AVE btwn RENFREW AVE & POWELL AVE,367361.9187,5029540.439,-75.70084,45.40301,2017-10-26,6:45:00 AM,01 - Clear,01 - Dry,10 - No control,04 - At/near private drive,03 - Dawn,03 - P.D. only,02 - Angle,The Glebe
2514,BRONSON AVE btwn RENFREW AVE & POWELL AVE,367368.4173,5029528.82,-75.70076,45.4029,2017-04-04,9:47:00 AM,02 - Rain,02 - Wet,10 - No control,01 - Non intersection,01 - Daylight,03 - P.D. only,04 - Sideswipe,The Glebe
2515,BRONSON AVE btwn RENFREW AVE & POWELL AVE,367368.0033,5029525.949,-75.70076,45.40287,2017-03-09,2:19:00 PM,01 - Clear,01 - Dry,10 - No control,04 - At/near private drive,01 - Daylight,03 - P.D. only,02 - Angle,Centretown West
2516,BRONSON AVE btwn RENFREW AVE & POWELL AVE,367370.987,5029516.625,-75.70072,45.40279,2017-04-19,11:31:00 AM,02 - Rain,02 - Wet,10 - No control,04 - At/near private drive,01 - Daylight,03 - P.D. only,03 - Rear end,Centretown West
2517,BRONSON AVE btwn SLATER ST & LAURIER AVE W,366772.3843,5030938.534,-75.70819,45.41564,2017-04-11,7:19:00 AM,01 - Clear,02 - Wet,10 - No control,01 - Non intersection,01 - Daylight,03 - P.D. only,04 - Sideswipe,Byward Market - Parliament Hill
2518,BRONSON AVE btwn UNIVERSITY RD & BREWER WAY,367976.5563,5027999.908,-75.69318,45.38909,2017-05-23,6:38:00 PM,01 - Clear,01 - Dry,10 - No control,01 - Non intersection,01 - Daylight,03 - P.D. only,03 - Rear end,Carleto
2519,BRONSON AVE btwn UNIVERSITY RD & BREWER WAY,367940.5048,5028061.961,-75.69364,45.38965,2017-09-03,11:43:00 AM,02 - Rain,02 - Wet,10 - No control,01 - Non intersection,01 - Daylight,03 - P.D. only,04 - Sideswipe,Carleto
2520,BRONSON AVE btwn UNIVERSITY RD & BREWER WAY,367980.7733,5027995.07,-75.69313,45.38905,2017-06-29,9:38:00 AM,01 - Clear,01 - Dry,10 - No control,01 - Non intersection,01 - Daylight,03 - P.D. only,04 - Sideswipe,Carleto
2521,BRONSON AVE btwn UNIVERSITY RD & BREWER WAY,367972.1494,5028004.966,-75.69324,45.38914,2017-01-05,9:44:00 AM,01 - Clear,02 - Wet,10 - No control,01 - Non intersection,01 - Daylight,03 - P.D. only,03 - Rear end,Carleto
2522,BRONSON AVE btwn UNIVERSITY RD & BREWER WAY,368060.5521,5027854.061,-75.69213,45.38777,2017-03-27,3:13:00 PM,02 - Rain,02 - Wet,10 - No control,01 - Non intersection,01 - Daylight,02 - Non-fatal injury,04 - Sideswipe,Carleto
2523,BRONSON AVE btwn UNIVERSITY RD & BREWER WAY,368023.0651,5027917.583,-75.6926,45.38834,2017-12-23,9:06:00 PM,01 - Clear,03 - Loose snow,10 - No control,01 - Non intersection,07 - Dark,03 - P.D. only,07 - SMV other,Carleto
2524,BRONSON AVE RAMP 26 btwn BRONSON AVE RAMP 24B/24C & HERON RD WB,368739.1693,5026862.706,-75.68359,45.37879,2017-02-11,2:51:00 AM,05 - Drifting Snow,06 - Ice,10 - No control,01 - Non intersection,07 - Dark,03 - P.D. only,04 - Sideswipe,Alta Vista
2525,BRONSON AVE RAMP 42 btwn BRONSON AVE RAMP 24A/42B & BRONSON AVE RAMP 2,368572.341,5026991.256,-75.68571,45.37996,2017-12-29,7:59:00 AM,01 - Clear,06 - Ice,10 - No control,01 - Non intersection,01 - Daylight,03 - P.D. only,07 - SMV other,Alta Vista
2526,BRONSON AVE RAMP 42B btwn BRONSON AVE RAMP 42A-2/42A-3 & BRONSON AVE R,368494.6595,5027071.299,-75.68669,45.38069,2017-03-14,7:30:00 PM,03 - Snow,03 - Loose snow,10 - No control,01 - Non intersection,07 - Dark,03 - P.D. only,01 - Approaching,Riverside Park
2527,BRONSON AVE/BRONSON/HERON RAMP 35 @ HERON RD,368642.2187,5026699.365,-75.68485,45.37733,2017-04-26,1:55:00 PM,01 - Clear,01 - Dry,01 - Traffic signal,02 - Intersection related,01 - Daylight,02 - Non-fatal injury,03 - Rear end,Riverside Park
2528,BRONSON AVE/BRONSON/HERON RAMP 35 @ HERON RD,368642.897,5026698.893,-75.68484,45.37732,2017-10-10,7:41:00 AM,01 - Clear,01 - Dry,01 - Traffic signal,02 - Intersection related,01 - Daylight,03 - P.D. only,03 - Rear end,Riverside Park
2529,BRONSON AVE/BRONSON/HERON RAMP 35 @ HERON RD,368640.4394,5026698.84,-75.68487,45.37732,2017-11-21,4:51:00 PM,01 - Clear,03 - Loose snow,01 - Traffic signal,02 - Intersection related,05 - Dusk,03 - P.D. only,03 - Rear end,Riverside Park
2530,BRONSON AVE/BRONSON/HERON RAMP 35 @ HERON RD,368642.2187,5026698.696,-75.68485,45.37732,2017-02-09,10:23:00 AM,01 - Clear,03 - Loose snow,01 - Traffic signal,02 - Intersection related,01 - Daylight,03 - P.D. only,03 - Rear end,Riverside Park
2531,BRONSON AVE/BRONSON/HERON RAMP 35 @ HERON RD,368642.2187,5026696.02,-75.68485,45.3773,2017-04-07,12:00:00 PM,01 - Clear,01 - Dry,01 - Traffic signal,02 - Intersection related,01 - Daylight,03 - P.D. only,04 - Sideswipe,Riverside Park
2532,BRONSON PL @ BRONSON AVE NB ON RAMP 42,367827.133,5028432.243,-75.69504,45.39299,2017-11-17,10:32:00 AM,01 - Clear,01 - Dry,02 - Stop sign,02 - Intersection related,01 - Daylight,03 - P.D. only,03 - Rear end,Old Ottawa South
2533,BRONSON PL @ COLONEL BY DR,367807.7689,5028519.371,-75.69527,45.39378,2017-01-04,7:00:00 AM,01 - Clear,06 - Ice,02 - Stop sign,02 - Intersection related,03 - Dawn,03 - P.D. only,03 - Rear end,Old Ottawa South
2534,BRONSON PL @ COLONEL BY DR,367809.3307,5028522.379,-75.69525,45.39381,2017-12-22,9:00:00 AM,03 - Snow,01 - Dry,02 - Stop sign,02 - Intersection related,01 - Daylight,03 - P.D. only,03 - Rear end,Old Ottawa South
2535,BRONSON PL @ COLONEL BY DR,367809.6491,5028522.192,-75.69525,45.3938,2017-01-24,8:12:00 PM,03 - Snow,03 - Loose snow,02 - Stop sign,03 - At intersection,07 - Dark,03 - P.D. only,07 - SMV other,Old Ottawa South
2536,BRONSON/HERON RAMP 34/BRONSON/HERON RAMP 36 @,368626.6924,5026791.599,-75.68504,45.37816,2017-01-09,12:31:00 AM,01 - Clear,01 - Dry,10 - No control,03 - At intersection,07 - Dark,03 - P.D. only,04 - Sideswipe,Riverside Park
2537,BROOK LANE @ NORICE ST,363802.2038,5022796.463,-75.74711,45.34263,2017-06-30,11:24:00 AM,02 - Rain,02 - Wet,02 - Stop sign,03 - At intersection,01 - Daylight,03 - P.D. only,02 - Angle,Crestview - Meadowlands
2538,BROOKFIELD RAMP 52A btwn AIRPORT PKWY & TO BE DETERMINED,368768.3281,5026363.525,-75.68329,45.37429,2017-12-18,6:55:00 AM,01 - Clear,06 - Ice,10 - No control,01 - Non intersection,07 - Dark,02 - Non-fatal injury,07 - SMV other,Riverside Park
2539,BROOKFIELD RD btwn 200 W OF FLANNERY DR & BROOKFIELD RAMP 36,368547.329,5026262.585,-75.68612,45.37341,2017-03-30,8:54:00 AM,01 - Clear,01 - Dry,10 - No control,01 - Non intersection,01 - Daylight,03 - P.D. only,04 - Sideswipe,Riverside Park
2540,BROOKFIELD RD btwn HUNTLEY AVE & CLEMENTINE BLVD,369494.0898,5026368.709,-75.67402,45.37427,2017-09-17,6:24:00 AM,01 - Clear,01 - Dry,10 - No control,01 - Non intersection,07 - Dark,03 - P.D. only,07 - SMV other,Alta Vista
2541,BROOKFIELD RD btwn RIVERSIDE DR/HOG'S BACK RD & 200 W OF FLANNERY DR,368343.147,5026239.134,-75.68873,45.37321,2017-01-04,3:21:00 PM,03 - Snow,03 - Loose snow,10 - No control,04 - At/near private drive,01 - Daylight,02 - Non-fatal injury,03 - Rear end,Riverside Park
2542,BROOKFIELD RD btwn RIVERSIDE DR/HOG'S BACK RD & 200 W OF FLANNERY DR,368367.711,5026243.981,-75.68841,45.37325,2017-01-11,5:48:00 AM,01 - Clear,02 - Wet,10 - No control,01 - Non intersection,07 - Dark,03 - P.D. only,07 - SMV other,Riverside Park
2543,BROOKFIELD RD RAMP 52 @ AIRPORT PKWY,368817.767,5026367.191,-75.68265,45.37432,2017-07-11,8:40:00 AM,01 - Clear,01 - Dry,10 - No control,02 - Intersection related,01 - Daylight,03 - P.D. only,04 - Sideswipe,Riverside Park
2544,BROPHY DR @ FOURTH LINE RD,360737.6365,5005671.337,-75.78814,45.18879,2017-04-08,2:20:00 PM,01 - Clear,01 - Dry,02 - Stop sign,02 - Intersection related,01 - Daylight,03 - P.D. only,07 - SMV other,Munster Hamlet - Richmond
2545,BROPHY DR @ HWY 416 BANKFIEL IC57R34,364560.8427,5007930.67,-75.73922,45.20881,2017-10-28,12:25:00 PM,01 - Clear,01 - Dry,02 - Stop sign,03 - At intersection,01 - Daylight,03 - P.D. only,02 - Angle,Manotick - North Gower
2546,BROPHY DR @ MOODIE DR,362745.6568,5006862.005,-75.76245,45.19934,2017-03-01,6:35:00 PM,"07 - Fog, mist, smoke, dust",02 - Wet,02 - Stop sign,02 - Intersection related,07 - Dark,03 - P.D. only,07 - SMV other,Manotick - North Gower
2547,BROWNLEE RD @ EAGLESON RD,356967.5446,5009989.56,-75.83566,45.22794,2017-01-25,6:08:00 PM,03 - Snow,06 - Ice,02 - Stop sign,02 - Intersection related,07 - Dark,03 - P.D. only,07 - SMV other,Stittsville - Basswood
2548,BROWNLEE RD btwn SHEA RD & EAGLESON RD,355860.8763,5009017.939,-75.84985,45.21927,2017-12-04,10:41:00 AM,01 - Clear,02 - Wet,10 - No control,01 - Non intersection,01 - Daylight,03 - P.D. only,07 - SMV other,Stittsville - Basswood
2549,BRUIN RD @ CEDARVIEW RD,359229.6235,5020936.355,-75.80566,45.32627,2017-05-13,10:21:00 AM,02 - Rain,02 - Wet,02 - Stop sign,03 - At intersection,01 - Daylight,02 - Non-fatal injury,03 - Rear end,Greenbelt
2550,BRUNEL ST btwn FOXVIEW PL & MONTREAL RD,372759.0072,5034555.476,-75.63121,45.44763,2017-05-18,12:00:00 AM,02 - Rain,02 - Wet,10 - No control,01 - Non intersection,00 - Unknown,03 - P.D. only,06 - SMV unattended vehicle,Gloucester
2551,BRUNSWICK ST btwn EVELYN AVE & SPRINGHURST AVE,369500.0166,5030684.758,-75.67338,45.41311,2017-04-15,12:00:00 AM,01 - Clear,01 - Dry,10 - No control,01 - Non intersection,00 - Unknown,03 - P.D. only,06 - SMV unattended vehicle,Old Ottawa East
2552,BRUYERE ST @ KING EDWARD AVE,368140.203,5033039.259,-75.69045,45.43442,2017-10-21,6:23:00 PM,01 - Clear,01 - Dry,02 - Stop sign,02 - Intersection related,05 - Dusk,03 - P.D. only,04 - Sideswipe,Lower Town
2553,BRUYERE ST @ PARENT AVE,367688.1735,5032763.346,-75.69626,45.43198,2017-08-25,10:41:00 AM,01 - Clear,01 - Dry,02 - Stop sign,03 - At intersection,01 - Daylight,03 - P.D. only,05 - Turning movement,Lower Town
2554,BRUYERE ST @ SUSSEX DR,367538.536,5032668.001,-75.69818,45.43113,2017-09-13,3:05:00 PM,01 - Clear,01 - Dry,01 - Traffic signal,02 - Intersection related,01 - Daylight,03 - P.D. only,03 - Rear end,Byward Market - Parliament Hill
2555,BRUYERE ST @ SUSSEX DR,367538.3207,5032669.095,-75.69819,45.43114,2017-11-14,4:12:00 PM,01 - Clear,01 - Dry,01 - Traffic signal,02 - Intersection related,01 - Daylight,03 - P.D. only,04 - Sideswipe,Byward Market - Parliament Hill
2556,BRUYERE ST @ SUSSEX DR,367539.6584,5032669.764,-75.69817,45.43115,2017-12-07,2:43:00 PM,01 - Clear,01 - Dry,01 - Traffic signal,02 - Intersection related,01 - Daylight,03 - P.D. only,04 - Sideswipe,Byward Market - Parliament Hill
2557,BRUYERE ST @ SUSSEX DR,367538.9896,5032666.419,-75.69818,45.43112,2017-11-29,2:35:00 PM,01 - Clear,01 - Dry,01 - Traffic signal,03 - At intersection,01 - Daylight,02 - Non-fatal injury,07 - SMV other,Byward Market - Parliament Hill
2558,BRUYERE ST @ SUSSEX DR,367539.0487,5032668.834,-75.69818,45.43114,2017-01-13,12:00:00 AM,01 - Clear,01 - Dry,01 - Traffic signal,02 - Intersection related,00 - Unknown,03 - P.D. only,06 - SMV unattended vehicle,Byward Market - Parliament Hill
2559,BRUYERE ST btwn KING EDWARD AVE & ROSE ST,368175.2542,5033061.898,-75.69,45.43462,2017-07-21,11:30:00 PM,01 - Clear,01 - Dry,10 - No control,01 - Non intersection,07 - Dark,03 - P.D. only,06 - SMV unattended vehicle,Lower Town
2560,BRUYERE ST btwn SUSSEX DR & PARENT AVE,367667.3657,5032749.326,-75.69653,45.43185,2017-05-28,5:42:00 PM,01 - Clear,01 - Dry,10 - No control,04 - At/near private drive,01 - Daylight,03 - P.D. only,99 - Other,Lower Town
2561,BRUYERE ST btwn SUSSEX DR & PARENT AVE,367612.0483,5032713.9,-75.69724,45.43154,2017-01-20,1:35:00 PM,01 - Clear,06 - Ice,10 - No control,01 - Non intersection,01 - Daylight,03 - P.D. only,06 - SMV unattended vehicle,Lower Town
2562,BRYARTON ST btwn FORESTCREST ST & FORESTCREST ST,380363.7977,5036268.315,-75.53374,45.46226,2017-11-27,3:40:00 PM,01 - Clear,05 - Packed snow,10 - No control,04 - At/near private drive,01 - Daylight,03 - P.D. only,06 - SMV unattended vehicle,Chapel Hill
2563,BUCHANAN CRES btwn HOLLYBROOK CRES & QUINCY AVE (2),374616.5448,5036133.952,-75.60724,45.46164,2017-12-19,1:46:00 PM,02 - Rain,04 - Slush,10 - No control,01 - Non intersection,01 - Daylight,03 - P.D. only,06 - SMV unattended vehicle,Beacon Hill North
2564,BUCKINGHAM PRIV @ UPLANDS DR,368348.265,5022808.231,-75.6891,45.34234,2017-01-04,7:31:00 AM,03 - Snow,04 - Slush,02 - Stop sign,02 - Intersection related,03 - Dawn,03 - P.D. only,05 - Turning movement,Hunt Club - Ottawa Airport
2565,BUENA VISTA RD @ ROCKCLIFFE PKWY,368466.8443,5034799.369,-75.68604,45.45022,2017-10-26,5:26:00 PM,01 - Clear,01 - Dry,02 - Stop sign,02 - Intersection related,01 - Daylight,03 - P.D. only,03 - Rear end,Rockcliffe - Manor Park
2566,BUFFLEHEAD WAY btwn GOLDEN SEDGE WAY & SPARTINA ST,374682.2148,5020012.398,-75.60869,45.31658,2017-04-13,7:05:00 PM,01 - Clear,01 - Dry,10 - No control,04 - At/near private drive,01 - Daylight,03 - P.D. only,06 - SMV unattended vehicle,Greenbelt
2567,BUFFLEHEAD WAY btwn SPARTINA ST & FINDLAY CREEK DR,374729.2501,5019842.943,-75.60811,45.31505,2017-02-11,8:57:00 AM,03 - Snow,04 - Slush,10 - No control,04 - At/near private drive,01 - Daylight,03 - P.D. only,02 - Angle,Greenbelt
2568,BULLMAN ST @ PARKDALE AVE,364995.0327,5029621.891,-75.73106,45.40395,2017-05-06,1:36:00 PM,02 - Rain,02 - Wet,02 - Stop sign,03 - At intersection,01 - Daylight,02 - Non-fatal injury,02 - Angle,Islan
2569,BUNCHBERRY WAY btwn CREEKVIEW WAY & ROCKROSE WAY,374145.7257,5019799.083,-75.61556,45.31472,2017-02-28,8:30:00 AM,01 - Clear,01 - Dry,10 - No control,04 - At/near private drive,01 - Daylight,03 - P.D. only,02 - Angle,Greenbelt
2570,BURGUNDY LANE btwn VINEYARD DR & VINEYARD DR,378915.052,5036845.349,-75.55218,45.4676,2017-07-07,12:00:00 AM,01 - Clear,01 - Dry,10 - No control,01 - Non intersection,00 - Unknown,03 - P.D. only,06 - SMV unattended vehicle,Greenbelt
2571,BURKE RD @ CARLING AVE,352832.5837,5022662.215,-75.88709,45.34226,2017-09-14,5:41:00 PM,01 - Clear,01 - Dry,02 - Stop sign,02 - Intersection related,01 - Daylight,03 - P.D. only,03 - Rear end,Greenbelt
2572,BURLAND ST btwn WALTER ST & CARLING AVE,359238.8676,5024257.956,-75.80517,45.35615,2017-04-12,3:20:00 PM,02 - Rain,02 - Wet,10 - No control,01 - Non intersection,01 - Daylight,03 - P.D. only,06 - SMV unattended vehicle,Bayshore
2573,BURLINGTON CRES btwn HUNTERSFIELD DR & HUNTERSFIELD DR,373393.7187,5025218.76,-75.6244,45.36356,2017-01-18,12:00:00 AM,02 - Rain,03 - Loose snow,10 - No control,01 - Non intersection,00 - Unknown,03 - P.D. only,06 - SMV unattended vehicle,Greenboro East
2574,BURNABY DR btwn ROSEHILL AVE & ETESIAN ST,350250.2362,5016323.447,-75.92062,45.2854,2017-03-18,3:54:00 PM,01 - Clear,01 - Dry,10 - No control,04 - At/near private drive,01 - Daylight,03 - P.D. only,02 - Angle,Stittsville
2575,BURNSIDE AVE btwn HINCHEY AVE & CARRUTHERS AVE,365008.4356,5030191.145,-75.73082,45.40907,2017-01-06,11:02:00 AM,03 - Snow,02 - Wet,10 - No control,01 - Non intersection,01 - Daylight,03 - P.D. only,99 - Other,Mechanicsville
2576,BURNSIDE AVE btwn PARKDALE AVE & FORWARD AVE,364798.6372,5030101.589,-75.73351,45.40828,2017-12-07,12:00:00 AM,01 - Clear,01 - Dry,10 - No control,01 - Non intersection,00 - Unknown,03 - P.D. only,06 - SMV unattended vehicle,Mechanicsville
2577,BURNSIDE AVE btwn PARKDALE AVE & FORWARD AVE,364822.1726,5030112.769,-75.73321,45.40838,2017-04-12,4:00:00 AM,01 - Clear,01 - Dry,10 - No control,01 - Non intersection,07 - Dark,03 - P.D. only,06 - SMV unattended vehicle,Mechanicsville
2578,BUTTERNUT CRT @ NORTHPARK DR,378001.402,5033571.24,-75.56435,45.43824,2017-05-16,7:07:00 AM,01 - Clear,01 - Dry,02 - Stop sign,02 - Intersection related,01 - Daylight,02 - Non-fatal injury,07 - SMV other,Blackburn Hamlet
2579,BY WARD MARKET SQ btwn CLARENCE ST & YORK ST,367907.927,5032375.715,-75.6935,45.42847,2017-12-30,4:59:00 PM,01 - Clear,02 - Wet,10 - No control,01 - Non intersection,07 - Dark,03 - P.D. only,06 - SMV unattended vehicle,Byward Market
2580,BY WARD MARKET SQ btwn YORK ST & GEORGE ST,367973.1293,5032285.113,-75.69268,45.42765,2017-05-12,12:00:00 AM,01 - Clear,01 - Dry,10 - No control,01 - Non intersection,00 - Unknown,03 - P.D. only,06 - SMV unattended vehicle,Byward Market
2581,BY WARD MARKET SQ btwn YORK ST & GEORGE ST,367971.674,5032286.97,-75.6927,45.42766,2017-02-18,4:37:00 PM,01 - Clear,05 - Packed snow,10 - No control,01 - Non intersection,01 - Daylight,03 - P.D. only,06 - SMV unattended vehicle,Byward Market
2582,BY WARD MARKET SQ btwn YORK ST & GEORGE ST,367968.2162,5032294.121,-75.69274,45.42773,2017-02-16,12:00:00 AM,01 - Clear,03 - Loose snow,10 - No control,01 - Non intersection,00 - Unknown,03 - P.D. only,06 - SMV unattended vehicle,Byward Market
2583,BY WARD MARKET SQ btwn YORK ST & GEORGE ST,367978.8889,5032274.78,-75.69261,45.42755,2017-04-07,12:00:00 AM,03 - Snow,02 - Wet,10 - No control,01 - Non intersection,00 - Unknown,03 - P.D. only,06 - SMV unattended vehicle,Byward Market
2584,BYRON AVE @ CHURCHILL AVE,363274.3583,5028179.213,-75.75321,45.39111,2017-09-12,2:43:00 PM,01 - Clear,01 - Dry,01 - Traffic signal,03 - At intersection,01 - Daylight,03 - P.D. only,05 - Turning movement,Westboro
2585,BYRON AVE @ EVERED AVE,363427.6855,5028231.555,-75.75124,45.39157,2017-04-25,4:45:00 PM,01 - Clear,01 - Dry,02 - Stop sign,03 - At intersection,01 - Daylight,03 - P.D. only,02 - Angle,Westboro
2586,BYRON AVE @ GOLDEN AVE,362884.0464,5027977.269,-75.75822,45.38933,2017-08-13,2:39:00 PM,01 - Clear,01 - Dry,02 - Stop sign,03 - At intersection,01 - Daylight,03 - P.D. only,02 - Angle,Carlingwood - McKellar Park - Laurentien View
2587,BYRON AVE @ GOLDEN AVE,362886.4041,5027978.551,-75.75819,45.38934,2017-01-05,9:01:00 AM,03 - Snow,05 - Packed snow,02 - Stop sign,02 - Intersection related,01 - Daylight,03 - P.D. only,03 - Rear end,Carlingwood - McKellar Park - Laurentien View
2588,BYRON AVE @ HILLCREST AVE,362632.1837,5027773.816,-75.76146,45.38752,2017-08-10,12:30:00 PM,01 - Clear,01 - Dry,02 - Stop sign,02 - Intersection related,01 - Daylight,03 - P.D. only,06 - SMV unattended vehicle,Carlingwood - McKellar Park - Laurentien View
2589,BYRON AVE @ HOLLAND AVE,365015.0348,5028959.893,-75.73088,45.39799,2017-06-08,12:55:00 PM,01 - Clear,01 - Dry,02 - Stop sign,03 - At intersection,01 - Daylight,03 - P.D. only,07 - SMV other,Island Park
2590,BYRON AVE @ HOLLAND AVE,365015.2098,5028959.575,-75.73088,45.39799,2017-06-27,4:50:00 PM,02 - Rain,02 - Wet,02 - Stop sign,03 - At intersection,01 - Daylight,02 - Non-fatal injury,05 - Turning movement,Island Park