Record,Location,X,Y,Longitude,Latitude,Date,Time,Environment,Road_Surface,Traffic_Control,Collision_Location,Light,Collision_Classification,Impact_type,Neighborhood
2591,BYRON AVE @ HOLLAND AVE,365015.7036,5028960.562,-75.73088,45.39799,2017-03-03,12:06:00 AM,01 - Clear,01 - Dry,02 - Stop sign,02 - Intersection related,07 - Dark,03 - P.D. only,07 - SMV other,Island Park
2592,BYRON AVE @ ISLAND PARK DR,364255.69,5028603.312,-75.74063,45.39484,2017-10-30,9:17:00 AM,02 - Rain,02 - Wet,01 - Traffic signal,02 - Intersection related,01 - Daylight,03 - P.D. only,03 - Rear end,Island Park
2593,BYRON AVE @ ISLAND PARK DR,364255.69,5028602.834,-75.74063,45.39484,2017-12-10,11:19:00 AM,03 - Snow,02 - Wet,01 - Traffic signal,02 - Intersection related,01 - Daylight,03 - P.D. only,03 - Rear end,Island Park
2594,BYRON AVE @ ISLAND PARK DR,364255.1805,5028601.513,-75.74063,45.39483,2017-03-08,8:01:00 AM,01 - Clear,02 - Wet,01 - Traffic signal,03 - At intersection,01 - Daylight,03 - P.D. only,05 - Turning movement,Island Park
2595,BYRON AVE @ ISLAND PARK DR,364255.4088,5028603.658,-75.74063,45.39485,2017-02-12,6:02:00 PM,03 - Snow,03 - Loose snow,01 - Traffic signal,02 - Intersection related,07 - Dark,03 - P.D. only,05 - Turning movement,Island Park
2596,BYRON AVE @ ISLAND PARK DR,364255.69,5028603.551,-75.74062,45.39485,2017-09-01,9:40:00 AM,01 - Clear,01 - Dry,01 - Traffic signal,02 - Intersection related,01 - Daylight,03 - P.D. only,03 - Rear end,Island Park
2597,BYRON AVE @ ISLAND PARK DR,364255.6901,5028603.551,-75.74062,45.39485,2017-12-11,10:10:00 AM,01 - Clear,01 - Dry,01 - Traffic signal,02 - Intersection related,01 - Daylight,03 - P.D. only,03 - Rear end,Island Park
2598,BYRON AVE @ ISLAND PARK DR,364255.69,5028603.551,-75.74062,45.39485,2017-08-14,3:09:00 PM,01 - Clear,01 - Dry,01 - Traffic signal,02 - Intersection related,01 - Daylight,02 - Non-fatal injury,03 - Rear end,Island Park
2599,BYRON AVE @ LOCKHART AVE W,361710.6389,5026777.744,-75.77334,45.37863,2017-12-27,3:34:00 PM,01 - Clear,01 - Dry,02 - Stop sign,03 - At intersection,01 - Daylight,03 - P.D. only,05 - Turning movement,Carlingwood - McKellar Park - Laurentien View
2600,BYRON AVE @ ROOSEVELT AVE,363035.7476,5028061.548,-75.75627,45.39007,2017-10-12,3:26:00 PM,01 - Clear,01 - Dry,01 - Traffic signal,03 - At intersection,01 - Daylight,03 - P.D. only,05 - Turning movement,Carlingwood - McKellar Park - Laurentien View
2601,BYRON AVE @ ROOSEVELT AVE,363035.6894,5028061.924,-75.75627,45.39008,2017-02-11,8:55:00 AM,01 - Clear,05 - Packed snow,01 - Traffic signal,02 - Intersection related,01 - Daylight,03 - P.D. only,99 - Other,Carlingwood - McKellar Park - Laurentien View
2602,BYRON AVE @ ROOSEVELT AVE,363034.6861,5028060.88,-75.75628,45.39007,2017-03-24,10:41:00 AM,03 - Snow,05 - Packed snow,01 - Traffic signal,02 - Intersection related,01 - Daylight,03 - P.D. only,99 - Other,Carlingwood - McKellar Park - Laurentien View
2603,BYRON AVE @ SHERBOURNE RD,361905.0144,5027045.862,-75.77083,45.38103,2017-02-15,5:56:00 PM,03 - Snow,04 - Slush,02 - Stop sign,03 - At intersection,05 - Dusk,03 - P.D. only,02 - Angle,Carlingwood - McKellar Park - Laurentien View
2604,BYRON AVE @ TWEEDSMUIR AVE,363593.1635,5028304.079,-75.74912,45.39221,2017-08-20,9:29:00 PM,01 - Clear,01 - Dry,02 - Stop sign,03 - At intersection,07 - Dark,02 - Non-fatal injury,02 - Angle,Westboro
2605,BYRON AVE @ TWEEDSMUIR AVE,363593.168,5028304.791,-75.74912,45.39221,2017-10-20,5:10:00 PM,01 - Clear,01 - Dry,02 - Stop sign,02 - Intersection related,01 - Daylight,03 - P.D. only,02 - Angle,Westboro
2606,BYRON AVE @ TWEEDSMUIR AVE,363592.3557,5028303.884,-75.74913,45.39221,2017-12-15,11:46:00 AM,01 - Clear,02 - Wet,02 - Stop sign,03 - At intersection,01 - Daylight,03 - P.D. only,02 - Angle,Westboro
2607,BYRON AVE @ TWEEDSMUIR AVE,363594.3623,5028304.553,-75.74911,45.39221,2017-02-19,12:44:00 AM,01 - Clear,02 - Wet,02 - Stop sign,03 - At intersection,07 - Dark,03 - P.D. only,02 - Angle,Westboro
2608,BYRON AVE @ WAVELL AVE,362190.4274,5027365.169,-75.76714,45.38388,2017-06-21,1:42:00 PM,01 - Clear,01 - Dry,02 - Stop sign,03 - At intersection,01 - Daylight,03 - P.D. only,02 - Angle,Carlingwood - McKellar Park - Laurentien View
2609,BYRON AVE @ WINDERMERE AVE,362316.6105,5027480.57,-75.76552,45.3849,2017-10-31,12:46:00 PM,01 - Clear,01 - Dry,02 - Stop sign,03 - At intersection,01 - Daylight,03 - P.D. only,02 - Angle,Carlingwood - McKellar Park - Laurentien View
2610,BYRON AVE @ WINDERMERE AVE,362317.7228,5027481.15,-75.76551,45.38491,2017-12-18,12:48:00 PM,03 - Snow,05 - Packed snow,02 - Stop sign,02 - Intersection related,01 - Daylight,03 - P.D. only,02 - Angle,Carlingwood - McKellar Park - Laurentien View
2611,BYRON AVE btwn ALLISON AVE & ANCASTER AVE,361461.3769,5026421.047,-75.77656,45.37544,2017-02-05,9:14:00 PM,01 - Clear,03 - Loose snow,10 - No control,04 - At/near private drive,07 - Dark,03 - P.D. only,06 - SMV unattended vehicle,Carlingwood West - Glabar Park - McKellar Heights
2612,BYRON AVE btwn EVERED AVE & ATHLONE AVE,363461.9553,5028246.696,-75.7508,45.3917,2017-09-13,3:33:00 PM,01 - Clear,01 - Dry,10 - No control,01 - Non intersection,01 - Daylight,03 - P.D. only,03 - Rear end,Westboro
2613,BYRON AVE btwn GOLDEN AVE & ROOSEVELT AVE,362918.0207,5027995.835,-75.75778,45.38949,2017-02-16,1:36:00 PM,03 - Snow,03 - Loose snow,10 - No control,01 - Non intersection,01 - Daylight,03 - P.D. only,06 - SMV unattended vehicle,Carlingwood - McKellar Park - Laurentien View
2614,BYRON AVE btwn HARMER AVE N & HOLLAND AVE,364944.8985,5028925.947,-75.73178,45.39769,2017-05-29,8:50:00 AM,02 - Rain,02 - Wet,10 - No control,04 - At/near private drive,01 - Daylight,03 - P.D. only,02 - Angle,Island Park
2615,BYWARD MARKET @ YORK ST,367944.2543,5032328.814,-75.69304,45.42804,2017-09-13,12:00:00 AM,01 - Clear,01 - Dry,02 - Stop sign,02 - Intersection related,00 - Unknown,03 - P.D. only,06 - SMV unattended vehicle,Byward Market
2616,BYWARD MARKET @ YORK ST,367944.6615,5032328.461,-75.69304,45.42804,2017-09-23,7:19:00 AM,01 - Clear,01 - Dry,02 - Stop sign,02 - Intersection related,01 - Daylight,03 - P.D. only,99 - Other,Byward Market
2617,CABIN RD @ MCGUIRE RD,376396.1965,5003121.958,-75.58926,45.16444,2017-08-08,2:53:00 AM,"07 - Fog, mist, smoke, dust",01 - Dry,10 - No control,03 - At intersection,07 - Dark,02 - Non-fatal injury,07 - SMV other,Kars - Osgoode
2618,CABIN RD @ STAGECOACH RD,378186.1292,5004219.672,-75.56633,45.17413,2017-07-26,12:39:00 AM,01 - Clear,01 - Dry,02 - Stop sign,02 - Intersection related,07 - Dark,03 - P.D. only,04 - Sideswipe,Kars - Osgoode
2619,CAESAR AVE btwn CLEOPATRA DR & CLEOPATRA DR,365654.9464,5021076.616,-75.72368,45.327,2017-12-14,3:00:00 PM,03 - Snow,04 - Slush,10 - No control,04 - At/near private drive,01 - Daylight,03 - P.D. only,99 - Other,Merivale Gardens - Grenfell Glen - Pineglen - Country Place
2620,CAESAR AVE btwn CLEOPATRA DR & CLEOPATRA DR,365777.9365,5021062.749,-75.72211,45.32686,2017-02-13,5:28:00 PM,01 - Clear,04 - Slush,10 - No control,04 - At/near private drive,07 - Dark,03 - P.D. only,02 - Angle,Merivale Gardens - Grenfell Glen - Pineglen - Country Place
2621,CAHILL DR    W btwn MCCARTHY RD & OWL DR,370277.0966,5023757.187,-75.66437,45.3507,2017-09-03,2:35:00 AM,01 - Clear,01 - Dry,10 - No control,01 - Non intersection,07 - Dark,03 - P.D. only,06 - SMV unattended vehicle,Hunt Club East - Western Community
2622,CAHILL DR    W btwn YORKBERRY GT & TWYFORD ST,370283.2429,5023462.621,-75.66433,45.34805,2017-08-13,2:10:00 PM,01 - Clear,01 - Dry,10 - No control,01 - Non intersection,01 - Daylight,03 - P.D. only,06 - SMV unattended vehicle,Hunt Club East - Western Community
2623,CAHILL DR @ CUTTS PRIV,372001.0641,5024836.865,-75.64222,45.36025,2017-11-25,8:13:00 AM,02 - Rain,02 - Wet,10 - No control,03 - At intersection,01 - Daylight,03 - P.D. only,02 - Angle,Greenboro East
2624,CAHILL DR @ HUNT CLUB RD,372408.6905,5024542.031,-75.63706,45.35756,2017-09-17,11:59:00 AM,01 - Clear,01 - Dry,01 - Traffic signal,02 - Intersection related,01 - Daylight,03 - P.D. only,03 - Rear end,Greenboro East
2625,CAHILL DR @ HUNT CLUB RD,372409.3629,5024543.323,-75.63705,45.35757,2017-10-25,7:22:00 AM,01 - Clear,01 - Dry,01 - Traffic signal,02 - Intersection related,01 - Daylight,03 - P.D. only,03 - Rear end,Greenboro East
2626,CAHILL DR @ HUNT CLUB RD,372407.2568,5024541.792,-75.63708,45.35756,2017-11-01,5:29:00 PM,02 - Rain,02 - Wet,01 - Traffic signal,03 - At intersection,07 - Dark,02 - Non-fatal injury,05 - Turning movement,Greenboro East
2627,CAHILL DR @ HUNT CLUB RD,372408.2081,5024542.746,-75.63707,45.35757,2017-12-11,8:16:00 AM,01 - Clear,01 - Dry,01 - Traffic signal,02 - Intersection related,01 - Daylight,03 - P.D. only,03 - Rear end,Greenboro East
2628,CAHILL DR @ HUNT CLUB RD,372408.4852,5024541.384,-75.63706,45.35756,2017-02-13,1:05:00 PM,01 - Clear,02 - Wet,01 - Traffic signal,03 - At intersection,01 - Daylight,03 - P.D. only,02 - Angle,Greenboro East
2629,CAHILL DR @ HUNT CLUB RD,372408.2081,5024541.799,-75.63707,45.35756,2017-12-23,2:59:00 PM,03 - Snow,05 - Packed snow,01 - Traffic signal,02 - Intersection related,01 - Daylight,03 - P.D. only,03 - Rear end,Greenboro East
2630,CAHILL DR @ MCCARTHY RD,370272.068,5023734.843,-75.66444,45.3505,2017-02-20,8:11:00 AM,01 - Clear,01 - Dry,02 - Stop sign,03 - At intersection,01 - Daylight,03 - P.D. only,02 - Angle,Hunt Club East - Western Community
2631,CAHILL DR @ SOUTHGATE RD,371432.199,5024423.517,-75.64954,45.35659,2017-01-04,8:50:00 PM,03 - Snow,05 - Packed snow,02 - Stop sign,03 - At intersection,07 - Dark,03 - P.D. only,02 - Angle,South Keys - Heron Gate - Greenboro West
2632,CAHILL DR W @ KILLDEER BAY/YORKBERRY GT,370264.7268,5023597.026,-75.66455,45.34926,2017-02-01,8:50:00 AM,01 - Clear,01 - Dry,02 - Stop sign,03 - At intersection,01 - Daylight,03 - P.D. only,02 - Angle,Hunt Club East - Western Community
2633,CALDWELL AVE @ MERIVALE RD,364907.7325,5026231.75,-75.73259,45.37345,2017-04-29,6:37:00 PM,01 - Clear,01 - Dry,01 - Traffic signal,03 - At intersection,01 - Daylight,02 - Non-fatal injury,05 - Turning movement,Civic Hospital - Experimental Farm - Central Park
2634,CALDWELL AVE @ MERIVALE RD,364907.7325,5026230.412,-75.73259,45.37344,2017-04-27,6:28:00 PM,01 - Clear,01 - Dry,01 - Traffic signal,03 - At intersection,01 - Daylight,03 - P.D. only,05 - Turning movement,Civic Hospital - Experimental Farm - Central Park
2635,CALDWELL AVE btwn MORISSET AVE & MEDFORD ST,364514.2566,5026086.352,-75.73763,45.37218,2017-07-29,4:58:00 PM,01 - Clear,01 - Dry,10 - No control,04 - At/near private drive,01 - Daylight,02 - Non-fatal injury,05 - Turning movement,Carlington
2636,CALDWELL AVE btwn MORISSET AVE & MEDFORD ST,364584.0177,5026104.69,-75.73673,45.37233,2017-01-18,12:00:00 AM,01 - Clear,02 - Wet,10 - No control,01 - Non intersection,00 - Unknown,03 - P.D. only,06 - SMV unattended vehicle,Carlington
2637,CALDWELL AVE btwn MORISSET AVE & MEDFORD ST,364576.2455,5026102.114,-75.73683,45.37231,2017-01-22,2:09:00 PM,01 - Clear,06 - Ice,10 - No control,04 - At/near private drive,01 - Daylight,03 - P.D. only,07 - SMV other,Carlington
2638,CALVINGTON AVE @ COUNTRY GLEN WAY,349133.4072,5018437.294,-75.93467,45.30449,2017-01-08,12:00:00 AM,01 - Clear,06 - Ice,02 - Stop sign,02 - Intersection related,00 - Unknown,03 - P.D. only,06 - SMV unattended vehicle,Kanata Lakes - Marchwood Lakeside - Morgan's Grant - Kanata
2639,CALVINGTON AVE btwn BRETTONWOOD RIDGE & BRETTONWOOD RIDGE,349057.7153,5018370.399,-75.93564,45.30389,2017-01-14,12:00:00 AM,01 - Clear,01 - Dry,10 - No control,01 - Non intersection,00 - Unknown,03 - P.D. only,06 - SMV unattended vehicle,Kanata Lakes - Marchwood Lakeside - Morgan's Grant - Kanata
2640,CAMBIE RD btwn SERENADE CRES & TAURUS PL,368676.4325,5014772.979,-75.68595,45.27001,2017-04-20,4:19:00 PM,01 - Clear,01 - Dry,10 - No control,01 - Non intersection,01 - Daylight,03 - P.D. only,06 - SMV unattended vehicle,Greenbelt
2641,CAMBRIAN RD @ CEDARVIEW RD,363001.6681,5011836.409,-75.75861,45.24408,2017-08-29,1:57:00 PM,01 - Clear,01 - Dry,02 - Stop sign,02 - Intersection related,01 - Daylight,03 - P.D. only,03 - Rear end,Munster Hamlet - Richmond
2642,CAMBRIAN RD @ CEDARVIEW RD,363000.9992,5011832.396,-75.75862,45.24405,2017-12-17,8:33:00 AM,01 - Clear,01 - Dry,02 - Stop sign,02 - Intersection related,01 - Daylight,03 - P.D. only,07 - SMV other,Munster Hamlet - Richmond
2643,CAMBRIAN RD @ GREENBANK RD,364763.9206,5012873.984,-75.73604,45.25327,2017-05-17,7:15:00 AM,01 - Clear,01 - Dry,11 - Roundabout,03 - At intersection,01 - Daylight,03 - P.D. only,07 - SMV other,New Barrhaven
2644,CAMBRIAN RD @ GREENBANK RD,364765.02,5012873.76,-75.73603,45.25327,2017-12-12,1:17:00 PM,03 - Snow,04 - Slush,11 - Roundabout,03 - At intersection,01 - Daylight,03 - P.D. only,02 - Angle,New Barrhaven
2645,CAMBRIAN RD @ MOODIE DR,361121.9649,5010805.097,-75.78267,45.23495,2017-11-23,7:52:00 AM,01 - Clear,01 - Dry,02 - Stop sign,03 - At intersection,01 - Daylight,02 - Non-fatal injury,03 - Rear end,Munster Hamlet - Richmond
2646,CAMBRIAN RD @ RICHMOND RD,359090.4114,5009468.381,-75.80869,45.22309,2017-05-23,1:00:00 PM,01 - Clear,01 - Dry,02 - Stop sign,02 - Intersection related,01 - Daylight,03 - P.D. only,99 - Other,Munster Hamlet - Richmond
2647,CAMBRIAN RD @ RIVER MIST RD,364357.1859,5012611.708,-75.74125,45.25094,2017-01-05,7:34:00 AM,01 - Clear,06 - Ice,02 - Stop sign,03 - At intersection,03 - Dawn,03 - P.D. only,02 - Angle,New Barrhaven
2648,CAMBRIAN RD @ TWIN ELM RD N,359361.6354,5009763.382,-75.8052,45.22572,2017-06-01,8:56:00 AM,01 - Clear,01 - Dry,02 - Stop sign,02 - Intersection related,01 - Daylight,03 - P.D. only,02 - Angle,Munster Hamlet - Richmond
2649,CAMBRIAN RD btwn TWIN ELM RD & MOODIE DR,360949.7553,5010705.049,-75.78487,45.23407,2017-03-08,7:39:00 AM,01 - Clear,06 - Ice,10 - No control,01 - Non intersection,01 - Daylight,02 - Non-fatal injury,01 - Approaching,Munster Hamlet - Richmond
2650,CAMBRIAN RD/GOLFLINKS DR W @ LONGFIELDS DR,365381.417,5013218.432,-75.72813,45.25632,2017-05-27,1:00:00 PM,01 - Clear,01 - Dry,11 - Roundabout,03 - At intersection,01 - Daylight,03 - P.D. only,04 - Sideswipe,New Barrhaven
2651,CAMBRIAN RD/GOLFLINKS DR W @ LONGFIELDS DR,365383.0253,5013224.085,-75.72811,45.25637,2017-06-08,5:42:00 PM,01 - Clear,01 - Dry,11 - Roundabout,03 - At intersection,01 - Daylight,03 - P.D. only,02 - Angle,New Barrhaven
2652,CAMBRIAN RD/GOLFLINKS DR W @ LONGFIELDS DR,365383.1484,5013223.005,-75.72811,45.25636,2017-05-03,7:32:00 AM,01 - Clear,01 - Dry,11 - Roundabout,03 - At intersection,01 - Daylight,03 - P.D. only,03 - Rear end,New Barrhaven
2653,CAMBRIAN RD/GOLFLINKS DR W @ LONGFIELDS DR,365382.3565,5013223.898,-75.72812,45.25637,2017-06-13,8:20:00 PM,01 - Clear,01 - Dry,11 - Roundabout,03 - At intersection,01 - Daylight,03 - P.D. only,04 - Sideswipe,New Barrhaven
2654,CAMBRIAN RD/GOLFLINKS DR W @ LONGFIELDS DR,365382.4397,5013222.201,-75.72812,45.25635,2017-08-04,8:21:00 PM,02 - Rain,02 - Wet,11 - Roundabout,02 - Intersection related,05 - Dusk,03 - P.D. only,07 - SMV other,New Barrhaven
2655,CAMBRIAN RD/GOLFLINKS DR W @ LONGFIELDS DR,365383.085,5013222.554,-75.72811,45.25635,2017-10-08,12:41:00 PM,01 - Clear,01 - Dry,11 - Roundabout,03 - At intersection,01 - Daylight,03 - P.D. only,02 - Angle,New Barrhaven
2656,CAMBRIAN RD/GOLFLINKS DR W @ LONGFIELDS DR,365381.7424,5013222.255,-75.72813,45.25635,2017-09-17,2:20:00 PM,01 - Clear,01 - Dry,11 - Roundabout,03 - At intersection,01 - Daylight,03 - P.D. only,04 - Sideswipe,New Barrhaven
2657,CAMBRIAN RD/GOLFLINKS DR W @ LONGFIELDS DR,365383.2044,5013222.897,-75.72811,45.25636,2017-09-08,1:37:00 PM,01 - Clear,01 - Dry,11 - Roundabout,03 - At intersection,01 - Daylight,03 - P.D. only,02 - Angle,New Barrhaven
2658,CAMBRIAN RD/GOLFLINKS DR W @ LONGFIELDS DR,365381.5105,5013223.094,-75.72813,45.25636,2017-12-13,2:39:00 PM,03 - Snow,02 - Wet,11 - Roundabout,03 - At intersection,01 - Daylight,03 - P.D. only,04 - Sideswipe,New Barrhaven
2659,CAMBRIAN RD/GOLFLINKS DR W @ LONGFIELDS DR,365383.0253,5013222.748,-75.72811,45.25636,2017-02-10,11:55:00 PM,03 - Snow,03 - Loose snow,11 - Roundabout,03 - At intersection,07 - Dark,03 - P.D. only,07 - SMV other,New Barrhaven
2660,CAMBRIAN RD/GOLFLINKS DR W @ LONGFIELDS DR,365382.691,5013223.419,-75.72811,45.25636,2017-04-13,6:38:00 PM,01 - Clear,01 - Dry,11 - Roundabout,03 - At intersection,01 - Daylight,03 - P.D. only,02 - Angle,New Barrhaven
2661,CAMBRIDGE ST    N btwn LAURIER AVE W & PRIMROSE AVE,366771.989,5030736.852,-75.70822,45.41382,2017-06-14,10:46:00 PM,01 - Clear,01 - Dry,10 - No control,01 - Non intersection,07 - Dark,03 - P.D. only,06 - SMV unattended vehicle,Centretown West
2662,CAMBRIDGE ST    N btwn SOMERSET ST W & CHRISTIE ST,366956.6224,5030293.677,-75.70592,45.40982,2017-10-05,1:05:00 PM,01 - Clear,01 - Dry,10 - No control,04 - At/near private drive,01 - Daylight,03 - P.D. only,05 - Turning movement,Chinatown
2663,CAMBRIDGE ST    S btwn PLYMOUTH ST & POWELL AVE,367272.6665,5029457.973,-75.70199,45.40227,2017-11-18,10:37:00 PM,04 - Freezing Rain,06 - Ice,10 - No control,01 - Non intersection,07 - Dark,03 - P.D. only,06 - SMV unattended vehicle,The Glebe Annex
2664,CAMBRIDGE ST @ SOMERSET ST,366898.6989,5030433.249,-75.70664,45.41108,2017-08-05,6:39:00 PM,01 - Clear,01 - Dry,02 - Stop sign,03 - At intersection,01 - Daylight,02 - Non-fatal injury,05 - Turning movement,Chinatown
2665,CAMEO DR @ MAITLAND AVE,364153.5434,5025146.811,-75.74235,45.36375,2017-02-15,7:57:00 PM,03 - Snow,03 - Loose snow,02 - Stop sign,02 - Intersection related,07 - Dark,03 - P.D. only,02 - Angle,Civic Hospital - Experimental Farm - Central Park
2666,CAMEO DR btwn CASTLE HILL CRES & MAITLAND AVE,364140.4519,5025184.235,-75.74251,45.36409,2017-01-24,11:46:00 AM,03 - Snow,03 - Loose snow,10 - No control,04 - At/near private drive,01 - Daylight,03 - P.D. only,99 - Other,Braemar Park - Bel Air Heights - Copeland Park
2667,CAMERON AVE btwn SENECA ST & LEONARD AVE,368486.8728,5027995.379,-75.68667,45.389,2017-02-06,5:36:00 PM,01 - Clear,01 - Dry,10 - No control,01 - Non intersection,07 - Dark,03 - P.D. only,06 - SMV unattended vehicle,Old Ottawa South
2668,CAMERON ST @ REGIONAL RD 174,389861.7769,5042617.564,-75.41121,45.51829,2017-05-02,12:21:00 PM,01 - Clear,01 - Dry,01 - Traffic signal,02 - Intersection related,01 - Daylight,03 - P.D. only,03 - Rear end,Cumberland - Estates
2669,CAMERON ST @ REGIONAL RD 174,389860.2641,5042615.526,-75.41123,45.51827,2017-05-08,9:53:00 AM,01 - Clear,01 - Dry,01 - Traffic signal,02 - Intersection related,01 - Daylight,02 - Non-fatal injury,03 - Rear end,Cumberland - Estates
2670,CAMERON ST @ REGIONAL RD 174,389861.1081,5042618.902,-75.41122,45.5183,2017-05-27,12:44:00 PM,01 - Clear,01 - Dry,01 - Traffic signal,02 - Intersection related,01 - Daylight,03 - P.D. only,03 - Rear end,Cumberland - Estates
2671,CAMERON ST @ REGIONAL RD 174,389859.5286,5042619.188,-75.41124,45.5183,2017-08-21,4:31:00 PM,01 - Clear,01 - Dry,01 - Traffic signal,02 - Intersection related,01 - Daylight,03 - P.D. only,03 - Rear end,Cumberland - Estates
2672,CAMERON ST @ REGIONAL RD 174,389861.2206,5042618.237,-75.41121,45.51829,2017-07-15,8:41:00 AM,01 - Clear,01 - Dry,01 - Traffic signal,02 - Intersection related,01 - Daylight,03 - P.D. only,01 - Approaching,Cumberland - Estates
2673,CAMERON ST @ REGIONAL RD 174,389861.4512,5042618.404,-75.41121,45.51829,2017-12-08,6:02:00 AM,01 - Clear,01 - Dry,01 - Traffic signal,02 - Intersection related,07 - Dark,03 - P.D. only,07 - SMV other,Cumberland - Estates
2674,CAMERON ST @ REGIONAL RD 174,389860.7593,5042617.573,-75.41122,45.51829,2017-02-28,3:52:00 PM,01 - Clear,01 - Dry,01 - Traffic signal,02 - Intersection related,01 - Daylight,02 - Non-fatal injury,03 - Rear end,Cumberland - Estates
2675,CAMERON ST @ REGIONAL RD 174,389861.1081,5042618.233,-75.41122,45.51829,2017-04-06,5:06:00 PM,02 - Rain,02 - Wet,01 - Traffic signal,02 - Intersection related,01 - Daylight,03 - P.D. only,03 - Rear end,Cumberland - Estates
2676,CAMPBELLCROFT RD btwn SPRINGHILL RD & DALMENY RD,383482.9168,5005121.319,-75.49881,45.18167,2017-03-27,8:27:00 AM,02 - Rain,06 - Ice,10 - No control,01 - Non intersection,01 - Daylight,03 - P.D. only,07 - SMV other,Metcalfe
2677,CAMPEAU DR @ BELLROCK DR,352151.941,5020142.206,-75.89602,45.31963,2017-11-23,8:40:00 AM,01 - Clear,01 - Dry,02 - Stop sign,03 - At intersection,01 - Daylight,03 - P.D. only,01 - Approaching,Beaverbrook
2678,CAMPEAU DR @ HAWKSTONE GT,352308.8074,5020329.896,-75.894,45.32131,2017-01-27,5:50:00 PM,01 - Clear,01 - Dry,01 - Traffic signal,02 - Intersection related,07 - Dark,03 - P.D. only,03 - Rear end,Beaverbrook
2679,CAMPEAU DR @ HERLIHEY WAY,350508.9194,5019176.815,-75.91706,45.31106,2017-04-25,5:20:00 PM,02 - Rain,02 - Wet,01 - Traffic signal,03 - At intersection,01 - Daylight,03 - P.D. only,02 - Angle,Kanata
2680,CAMPEAU DR @ HUNTMAR DR,349064.6656,5018040.319,-75.93558,45.30092,2017-06-14,9:50:00 AM,01 - Clear,01 - Dry,11 - Roundabout,03 - At intersection,01 - Daylight,03 - P.D. only,04 - Sideswipe,Stittsville - Basswood
2681,CAMPEAU DR @ HUNTMAR DR,349065.2262,5018038.484,-75.93557,45.3009,2017-07-10,5:47:00 PM,01 - Clear,01 - Dry,11 - Roundabout,02 - Intersection related,01 - Daylight,03 - P.D. only,04 - Sideswipe,Stittsville - Basswood
2682,CAMPEAU DR @ HUNTMAR DR,349064.4536,5018038.981,-75.93558,45.30091,2017-10-02,7:36:00 AM,01 - Clear,01 - Dry,11 - Roundabout,03 - At intersection,01 - Daylight,03 - P.D. only,02 - Angle,Stittsville - Basswood
2683,CAMPEAU DR @ KANATA AVE,350595.2006,5019402.064,-75.91594,45.31308,2017-08-10,3:13:00 PM,01 - Clear,01 - Dry,01 - Traffic signal,03 - At intersection,01 - Daylight,03 - P.D. only,05 - Turning movement,Kanata Lakes - Marchwood Lakeside - Morgan's Grant - Kanata
2684,CAMPEAU DR @ KANATA AVE,350595.8704,5019401.275,-75.91593,45.31307,2017-11-26,6:51:00 PM,03 - Snow,03 - Loose snow,01 - Traffic signal,02 - Intersection related,07 - Dark,03 - P.D. only,03 - Rear end,Kanata Lakes - Marchwood Lakeside - Morgan's Grant - Kanata
2685,CAMPEAU DR @ KANATA AVE,350596.5393,5019401.944,-75.91592,45.31308,2017-02-12,12:57:00 PM,03 - Snow,03 - Loose snow,01 - Traffic signal,02 - Intersection related,01 - Daylight,03 - P.D. only,01 - Approaching,Kanata Lakes - Marchwood Lakeside - Morgan's Grant - Kanata
2686,CAMPEAU DR @ KANATA AVE,350595.0748,5019402.289,-75.91594,45.31308,2017-12-15,2:04:00 PM,03 - Snow,04 - Slush,01 - Traffic signal,02 - Intersection related,01 - Daylight,03 - P.D. only,03 - Rear end,Kanata Lakes - Marchwood Lakeside - Morgan's Grant - Kanata
2687,CAMPEAU DR @ KNUDSON DR,351808.6189,5019847.135,-75.90042,45.317,2017-04-27,8:36:00 AM,01 - Clear,01 - Dry,01 - Traffic signal,03 - At intersection,01 - Daylight,02 - Non-fatal injury,02 - Angle,Kanata
2688,CAMPEAU DR @ KNUDSON DR,351809.222,5019846.734,-75.90042,45.317,2017-07-21,2:23:00 PM,01 - Clear,01 - Dry,01 - Traffic signal,03 - At intersection,01 - Daylight,03 - P.D. only,05 - Turning movement,Kanata
2689,CAMPEAU DR @ TERON RD/COLCHESTER SQ,352563.0845,5020466.569,-75.89074,45.32252,2017-07-31,9:24:00 AM,01 - Clear,01 - Dry,01 - Traffic signal,03 - At intersection,01 - Daylight,02 - Non-fatal injury,05 - Turning movement,Beaverbrook
2690,CAMPEAU DR @ TERON RD/COLCHESTER SQ,352563.7552,5020467.19,-75.89073,45.32253,2017-09-29,4:36:00 PM,01 - Clear,01 - Dry,01 - Traffic signal,02 - Intersection related,01 - Daylight,03 - P.D. only,03 - Rear end,Beaverbrook
2691,CAMPEAU DR @ TERON RD/COLCHESTER SQ,352563.2446,5020468.243,-75.89074,45.32254,2017-09-08,4:05:00 PM,02 - Rain,02 - Wet,01 - Traffic signal,03 - At intersection,01 - Daylight,02 - Non-fatal injury,05 - Turning movement,Beaverbrook
2692,CAMPEAU DR @ TERON RD/COLCHESTER SQ,352562.9799,5020467.337,-75.89074,45.32253,2017-09-28,8:19:00 AM,01 - Clear,01 - Dry,01 - Traffic signal,03 - At intersection,01 - Daylight,03 - P.D. only,04 - Sideswipe,Beaverbrook