Record,Location,X,Y,Longitude,Latitude,Date,Time,Environment,Road_Surface,Traffic_Control,Collision_Location,Light,Collision_Classification,Impact_type,Neighborhood
2693,CAMPEAU DR @ TERON RD/COLCHESTER SQ,352564.4326,5020467.762,-75.89072,45.32253,2017-12-11,6:18:00 PM,01 - Clear,01 - Dry,01 - Traffic signal,02 - Intersection related,07 - Dark,03 - P.D. only,02 - Angle,Beaverbrook
2694,CAMPEAU DR @ TERON RD/COLCHESTER SQ,352563.7877,5020466.625,-75.89073,45.32252,2017-12-12,3:30:00 PM,03 - Snow,03 - Loose snow,01 - Traffic signal,02 - Intersection related,01 - Daylight,03 - P.D. only,02 - Angle,Beaverbrook
2695,CAMPEAU DR @ TERON RD/COLCHESTER SQ,352562.972,5020468.652,-75.89074,45.32254,2017-01-20,7:59:00 PM,01 - Clear,02 - Wet,01 - Traffic signal,03 - At intersection,07 - Dark,02 - Non-fatal injury,05 - Turning movement,Beaverbrook
2696,CAMPEAU DR @ TERRY FOX DR,350456.604,5019009.117,-75.91774,45.30955,2017-05-18,10:15:00 AM,01 - Clear,01 - Dry,01 - Traffic signal,02 - Intersection related,01 - Daylight,03 - P.D. only,03 - Rear end,Kanata Lakes - Marchwood Lakeside - Morgan's Grant - Kanata
2697,CAMPEAU DR @ TERRY FOX DR,350455.9352,5019011.124,-75.91775,45.30957,2017-05-29,5:48:00 PM,01 - Clear,01 - Dry,01 - Traffic signal,03 - At intersection,01 - Daylight,03 - P.D. only,05 - Turning movement,Kanata
2698,CAMPEAU DR @ TERRY FOX DR,350455.6007,5019010.76,-75.91776,45.30956,2017-08-10,6:37:00 PM,01 - Clear,02 - Wet,01 - Traffic signal,02 - Intersection related,01 - Daylight,03 - P.D. only,03 - Rear end,Kanata Lakes - Marchwood Lakeside - Morgan's Grant - Kanata
2699,CAMPEAU DR @ TERRY FOX DR,350456.5565,5019011.172,-75.91774,45.30957,2017-09-11,9:06:00 AM,01 - Clear,01 - Dry,01 - Traffic signal,03 - At intersection,01 - Daylight,03 - P.D. only,05 - Turning movement,Kanata
2700,CAMPEAU DR @ TERRY FOX DR,350454.6449,5019009.738,-75.91777,45.30956,2017-09-20,9:00:00 AM,01 - Clear,01 - Dry,01 - Traffic signal,02 - Intersection related,01 - Daylight,03 - P.D. only,03 - Rear end,Kanata Lakes - Marchwood Lakeside - Morgan's Grant - Kanata
2701,CAMPEAU DR @ TERRY FOX DR,350457.0344,5019011.65,-75.91774,45.30957,2017-09-17,11:33:00 AM,01 - Clear,01 - Dry,01 - Traffic signal,03 - At intersection,01 - Daylight,03 - P.D. only,05 - Turning movement,Kanata
2702,CAMPEAU DR @ TERRY FOX DR,350454.2599,5019010.679,-75.91777,45.30956,2017-09-08,6:23:00 PM,02 - Rain,02 - Wet,01 - Traffic signal,02 - Intersection related,01 - Daylight,03 - P.D. only,02 - Angle,Kanata Lakes - Marchwood Lakeside - Morgan's Grant - Kanata
2703,CAMPEAU DR @ TERRY FOX DR,350454.5974,5019011.124,-75.91777,45.30957,2017-11-24,2:35:00 PM,02 - Rain,02 - Wet,01 - Traffic signal,02 - Intersection related,01 - Daylight,03 - P.D. only,03 - Rear end,Kanata Lakes - Marchwood Lakeside - Morgan's Grant - Kanata
2704,CAMPEAU DR @ TERRY FOX DR,350455.2663,5019011.124,-75.91776,45.30957,2017-11-29,2:56:00 PM,01 - Clear,01 - Dry,01 - Traffic signal,03 - At intersection,01 - Daylight,03 - P.D. only,05 - Turning movement,Kanata Lakes - Marchwood Lakeside - Morgan's Grant - Kanata
2705,CAMPEAU DR @ TERRY FOX DR,350457.1016,5019010.83,-75.91774,45.30957,2017-02-11,7:30:00 AM,01 - Clear,02 - Wet,01 - Traffic signal,03 - At intersection,01 - Daylight,03 - P.D. only,05 - Turning movement,Kanata
2706,CAMPEAU DR @ TERRY FOX DR,350457.2729,5019009.786,-75.91774,45.30956,2017-03-12,11:37:00 AM,01 - Clear,01 - Dry,01 - Traffic signal,02 - Intersection related,01 - Daylight,03 - P.D. only,03 - Rear end,Kanata Lakes - Marchwood Lakeside - Morgan's Grant - Kanata
2707,CAMPEAU DR @ TERRY FOX DR,350455.6007,5019010.08,-75.91776,45.30956,2017-02-24,10:20:00 AM,01 - Clear,01 - Dry,01 - Traffic signal,02 - Intersection related,01 - Daylight,03 - P.D. only,03 - Rear end,Kanata Lakes - Marchwood Lakeside - Morgan's Grant - Kanata
2708,CAMPEAU DR btwn DIDSBURY RD & TERRY FOX DR,350328.0265,5018797.374,-75.9194,45.30765,2017-01-05,2:22:00 PM,03 - Snow,06 - Ice,10 - No control,04 - At/near private drive,01 - Daylight,03 - P.D. only,02 - Angle,Kanata Lakes - Marchwood Lakeside - Morgan's Grant - Kanata
2709,CAMPEAU DR btwn HERLIHEY WAY & KANATA AVE,350541.021,5019266.158,-75.91664,45.31186,2017-05-29,8:53:00 AM,02 - Rain,02 - Wet,10 - No control,01 - Non intersection,01 - Daylight,03 - P.D. only,03 - Rear end,Kanata
2710,CAMPEAU DR btwn TERRY FOX DR & HERLIHEY WAY,350463.9619,5019041.893,-75.91765,45.30984,2017-07-07,6:30:00 PM,01 - Clear,01 - Dry,10 - No control,01 - Non intersection,01 - Daylight,03 - P.D. only,05 - Turning movement,Kanata
2711,CAMPEAU DR btwn TERRY FOX DR & HERLIHEY WAY,350463.5584,5019047.49,-75.91765,45.30989,2017-10-24,3:59:00 PM,01 - Clear,01 - Dry,10 - No control,04 - At/near private drive,01 - Daylight,03 - P.D. only,05 - Turning movement,Kanata
2712,CAMPEAU DR/HWY 417 MARCH IC138R63 @ MARCH RD,352841.2295,5020476.904,-75.88719,45.3226,2017-06-13,12:21:00 PM,01 - Clear,01 - Dry,01 - Traffic signal,02 - Intersection related,01 - Daylight,03 - P.D. only,03 - Rear end,Greenbelt
2713,CAMPEAU DR/HWY 417 MARCH IC138R63 @ MARCH RD,352840.6216,5020477.804,-75.8872,45.32261,2017-05-18,1:30:00 PM,01 - Clear,01 - Dry,01 - Traffic signal,02 - Intersection related,01 - Daylight,03 - P.D. only,03 - Rear end,Greenbelt
2714,CAMPEAU DR/HWY 417 MARCH IC138R63 @ MARCH RD,352840.693,5020477.205,-75.8872,45.3226,2017-04-26,7:10:00 PM,01 - Clear,01 - Dry,01 - Traffic signal,02 - Intersection related,01 - Daylight,03 - P.D. only,04 - Sideswipe,Greenbelt
2715,CAMPEAU DR/HWY 417 MARCH IC138R63 @ MARCH RD,352842.5188,5020477.026,-75.88718,45.3226,2017-05-02,1:54:00 PM,02 - Rain,02 - Wet,01 - Traffic signal,02 - Intersection related,01 - Daylight,03 - P.D. only,03 - Rear end,Greenbelt
2716,CAMPEAU DR/HWY 417 MARCH IC138R63 @ MARCH RD,352842.3718,5020476.365,-75.88718,45.32259,2017-05-29,8:59:00 AM,02 - Rain,02 - Wet,01 - Traffic signal,02 - Intersection related,01 - Daylight,03 - P.D. only,03 - Rear end,Greenbelt
2717,CAMPEAU DR/HWY 417 MARCH IC138R63 @ MARCH RD,352840.5077,5020477.368,-75.8872,45.3226,2017-05-16,5:37:00 PM,01 - Clear,01 - Dry,01 - Traffic signal,02 - Intersection related,01 - Daylight,03 - P.D. only,04 - Sideswipe,Greenbelt
2718,CAMPEAU DR/HWY 417 MARCH IC138R63 @ MARCH RD,352841.6222,5020476.408,-75.88719,45.32259,2017-07-06,7:35:00 AM,01 - Clear,01 - Dry,01 - Traffic signal,02 - Intersection related,01 - Daylight,02 - Non-fatal injury,04 - Sideswipe,Greenbelt
2719,CAMPEAU DR/HWY 417 MARCH IC138R63 @ MARCH RD,352841.8469,5020475.801,-75.88718,45.32259,2017-08-27,11:16:00 AM,01 - Clear,02 - Wet,01 - Traffic signal,02 - Intersection related,01 - Daylight,03 - P.D. only,04 - Sideswipe,Greenbelt
2720,CAMPEAU DR/HWY 417 MARCH IC138R63 @ MARCH RD,352841.5502,5020477.449,-75.88719,45.3226,2017-07-27,9:29:00 AM,01 - Clear,01 - Dry,01 - Traffic signal,03 - At intersection,01 - Daylight,03 - P.D. only,07 - SMV other,Greenbelt
2721,CAMPEAU DR/HWY 417 MARCH IC138R63 @ MARCH RD,352841.3865,5020475.913,-75.88719,45.32259,2017-09-23,10:49:00 AM,01 - Clear,01 - Dry,01 - Traffic signal,03 - At intersection,01 - Daylight,03 - P.D. only,05 - Turning movement,Greenbelt
2722,CAMPEAU DR/HWY 417 MARCH IC138R63 @ MARCH RD,352841.7982,5020476.478,-75.88719,45.32259,2017-09-21,8:46:00 AM,01 - Clear,01 - Dry,01 - Traffic signal,03 - At intersection,01 - Daylight,03 - P.D. only,02 - Angle,Greenbelt
2723,CAMPEAU DR/HWY 417 MARCH IC138R63 @ MARCH RD,352841.6249,5020477.013,-75.88719,45.3226,2017-10-06,5:16:00 PM,01 - Clear,01 - Dry,01 - Traffic signal,02 - Intersection related,01 - Daylight,03 - P.D. only,03 - Rear end,Greenbelt
2724,CAMPEAU DR/HWY 417 MARCH IC138R63 @ MARCH RD,352842.6365,5020476.387,-75.88717,45.32259,2017-09-13,5:54:00 AM,01 - Clear,01 - Dry,01 - Traffic signal,02 - Intersection related,07 - Dark,03 - P.D. only,04 - Sideswipe,Greenbelt
2725,CAMPEAU DR/HWY 417 MARCH IC138R63 @ MARCH RD,352842.6466,5020475.289,-75.88717,45.32258,2017-09-20,6:16:00 PM,01 - Clear,01 - Dry,01 - Traffic signal,02 - Intersection related,01 - Daylight,03 - P.D. only,03 - Rear end,Greenbelt
2726,CAMPEAU DR/HWY 417 MARCH IC138R63 @ MARCH RD,352841.0785,5020475.374,-75.88719,45.32258,2017-10-06,2:27:00 PM,01 - Clear,01 - Dry,01 - Traffic signal,02 - Intersection related,01 - Daylight,03 - P.D. only,03 - Rear end,Greenbelt
2727,CAMPEAU DR/HWY 417 MARCH IC138R63 @ MARCH RD,352841.7426,5020476.543,-75.88719,45.32259,2017-10-24,11:48:00 AM,02 - Rain,02 - Wet,01 - Traffic signal,02 - Intersection related,01 - Daylight,03 - P.D. only,03 - Rear end,Greenbelt
2728,CAMPEAU DR/HWY 417 MARCH IC138R63 @ MARCH RD,352842.5094,5020478.682,-75.88718,45.32261,2017-11-06,4:15:00 PM,01 - Clear,01 - Dry,01 - Traffic signal,03 - At intersection,05 - Dusk,03 - P.D. only,03 - Rear end,Greenbelt
2729,CAMPEAU DR/HWY 417 MARCH IC138R63 @ MARCH RD,352840.5077,5020480.037,-75.8872,45.32263,2017-11-29,6:10:00 PM,01 - Clear,01 - Dry,01 - Traffic signal,02 - Intersection related,07 - Dark,03 - P.D. only,03 - Rear end,Greenbelt
2730,CAMPEAU DR/HWY 417 MARCH IC138R63 @ MARCH RD,352841.7721,5020476.09,-75.88719,45.32259,2017-11-16,4:00:00 PM,02 - Rain,02 - Wet,01 - Traffic signal,02 - Intersection related,05 - Dusk,02 - Non-fatal injury,03 - Rear end,Greenbelt
2731,CAMPEAU DR/HWY 417 MARCH IC138R63 @ MARCH RD,352844.3982,5020478.682,-75.88715,45.32261,2017-12-05,12:57:00 PM,02 - Rain,02 - Wet,01 - Traffic signal,02 - Intersection related,01 - Daylight,03 - P.D. only,03 - Rear end,Greenbelt
2732,CAMPEAU DR/HWY 417 MARCH IC138R63 @ MARCH RD,352842.8075,5020475.137,-75.88717,45.32258,2017-01-19,6:24:00 AM,01 - Clear,02 - Wet,01 - Traffic signal,02 - Intersection related,07 - Dark,03 - P.D. only,03 - Rear end,Greenbelt
2733,CAMPEAU DR/HWY 417 MARCH IC138R63 @ MARCH RD,352841.0838,5020474.298,-75.88719,45.32257,2017-02-02,9:10:00 AM,01 - Clear,02 - Wet,01 - Traffic signal,03 - At intersection,01 - Daylight,03 - P.D. only,03 - Rear end,Greenbelt
2734,CAMPEAU DR/HWY 417 MARCH IC138R63 @ MARCH RD,352841.2295,5020475.819,-75.88719,45.32259,2017-04-19,7:30:00 PM,02 - Rain,02 - Wet,01 - Traffic signal,03 - At intersection,01 - Daylight,03 - P.D. only,07 - SMV other,Greenbelt
2735,CAMPEAU DR/HWY 417 MARCH IC138R63 @ MARCH RD,352844.0268,5020477.9,-75.88716,45.32261,2017-04-01,5:55:00 PM,01 - Clear,01 - Dry,01 - Traffic signal,02 - Intersection related,01 - Daylight,03 - P.D. only,03 - Rear end,Greenbelt
2736,CAMPEAU DR/HWY 417 MARCH IC138R63 @ MARCH RD,352841.6489,5020477.559,-75.88719,45.3226,2017-04-18,6:15:00 AM,01 - Clear,01 - Dry,01 - Traffic signal,02 - Intersection related,03 - Dawn,03 - P.D. only,07 - SMV other,Greenbelt
2737,CAMPEAU DR/HWY 417 MARCH IC138R63 @ MARCH RD,352841.1515,5020477.65,-75.88719,45.3226,2017-12-23,3:52:00 PM,03 - Snow,06 - Ice,01 - Traffic signal,02 - Intersection related,01 - Daylight,03 - P.D. only,03 - Rear end,Greenbelt
2738,CAMPOBELLO DR btwn CAYMAN RD & GRENADINE ST,349661.3791,5016452.907,-75.92812,45.2866,2017-07-13,12:00:00 AM,01 - Clear,01 - Dry,10 - No control,01 - Non intersection,00 - Unknown,03 - P.D. only,06 - SMV unattended vehicle,Stittsville
2739,CANAAN RD @ REGIONAL RD 174,395771.4816,5043414.22,-75.33543,45.52471,2017-05-04,4:45:00 PM,01 - Clear,01 - Dry,01 - Traffic signal,02 - Intersection related,01 - Daylight,03 - P.D. only,03 - Rear end,Clarence-Rockland
2740,CANAAN RD @ REGIONAL RD 174,395771.816,5043412.368,-75.33543,45.52469,2017-09-21,5:08:00 PM,01 - Clear,01 - Dry,01 - Traffic signal,03 - At intersection,01 - Daylight,03 - P.D. only,05 - Turning movement,Clarence-Rockland
2741,CANAAN RD @ REGIONAL RD 174,395772.1505,5043411.544,-75.33542,45.52468,2017-04-08,5:39:00 PM,01 - Clear,01 - Dry,01 - Traffic signal,02 - Intersection related,01 - Daylight,03 - P.D. only,03 - Rear end,Clarence-Rockland
2742,CANAAN RD btwn ETIENNE RD & COLONIAL RD,398263.9613,5037669.21,-75.30462,45.47269,2017-09-22,2:15:00 AM,01 - Clear,01 - Dry,10 - No control,01 - Non intersection,07 - Dark,03 - P.D. only,07 - SMV other,Cumberland - Estates
2743,CANAAN RD btwn REGIONAL ROAD 174 & WILHAVEN DR,395780.1772,5043394.153,-75.33532,45.52453,2017-10-29,8:25:00 PM,02 - Rain,02 - Wet,10 - No control,01 - Non intersection,07 - Dark,03 - P.D. only,07 - SMV other,Clarence-Rockland
2744,CANADAIR PRIV btwn DE NIVERVILLE PRIV & TAXIWAY PRIV,369077.1508,5021853.585,-75.67993,45.33369,2017-05-25,7:30:00 PM,02 - Rain,02 - Wet,10 - No control,04 - At/near private drive,01 - Daylight,03 - P.D. only,02 - Angle,Hunt Club - Ottawa Airport
2745,CANDLEWOOD ST btwn BOISFRANC CIRC & CHERINGTON CRES,385420.7141,5035492.163,-75.46921,45.45471,2017-01-17,9:52:00 AM,01 - Clear,05 - Packed snow,10 - No control,04 - At/near private drive,01 - Daylight,03 - P.D. only,06 - SMV unattended vehicle,Avalon
2746,CANDLEWOOD ST/CHERINGTON CRES E @ CAPREOL ST E,385632.1611,5035617.267,-75.46649,45.45581,2017-03-20,5:06:00 PM,01 - Clear,01 - Dry,02 - Stop sign,03 - At intersection,01 - Daylight,03 - P.D. only,02 - Angle,Avalon
2747,CANEMORE CRES btwn PROULX DR & APOLLO WAY (2),384035.3605,5037689.013,-75.48657,45.47463,2017-11-26,11:57:00 PM,03 - Snow,02 - Wet,10 - No control,01 - Non intersection,07 - Dark,03 - P.D. only,06 - SMV unattended vehicle,Fallingbrook
2748,CANFIELD RD btwn KEPPLER CRES & VALLEYVIEW RD,360723.1329,5021275.663,-75.78657,45.3292,2017-03-07,10:05:00 AM,04 - Freezing Rain,06 - Ice,10 - No control,01 - Non intersection,01 - Daylight,03 - P.D. only,01 - Approaching,Sheahan Estates - Trend Village - Arlington Woods
2749,CANON SMITH DR @ GALETTA SIDE RD,329165.5839,5036250.856,-76.18841,45.46576,2017-01-06,9:31:00 AM,01 - Clear,01 - Dry,02 - Stop sign,02 - Intersection related,01 - Daylight,03 - P.D. only,07 - SMV other,Fitzro
2750,CANON SMITH DR btwn FITZROY ST & GALETTA SIDE RD,328840.6749,5036639.02,-76.19255,45.46926,2017-02-18,6:18:00 PM,01 - Clear,01 - Dry,10 - No control,01 - Non intersection,07 - Dark,02 - Non-fatal injury,07 - SMV other,Fitzro
2751,CANOTEK RD @ CANOTEK RD,376519.02,5035508.21,-75.58301,45.45582,2017-12-12,6:00:00 PM,03 - Snow,05 - Packed snow,02 - Stop sign,03 - At intersection,07 - Dark,03 - P.D. only,02 - Angle,Greenbelt
2752,CANOTEK RD @ RAINBOW ST,376228.3366,5035171.569,-75.58677,45.45282,2017-07-21,3:54:00 PM,01 - Clear,01 - Dry,02 - Stop sign,03 - At intersection,01 - Daylight,02 - Non-fatal injury,07 - SMV other,Greenbelt
2753,CANOTEK RD @ SHEFFORD RD,376029.4974,5035093.59,-75.58933,45.45214,2017-08-14,10:09:00 AM,01 - Clear,01 - Dry,01 - Traffic signal,03 - At intersection,01 - Daylight,03 - P.D. only,02 - Angle,Greenbelt
2754,CANOTEK RD @ SHEFFORD RD,376031.4976,5035092.606,-75.5893,45.45213,2017-09-07,3:15:00 PM,02 - Rain,02 - Wet,01 - Traffic signal,03 - At intersection,01 - Daylight,03 - P.D. only,04 - Sideswipe,Greenbelt
2755,CANOTEK RD @ SHEFFORD RD,376028.6948,5035093.59,-75.58934,45.45214,2017-09-20,10:52:00 AM,01 - Clear,01 - Dry,01 - Traffic signal,02 - Intersection related,01 - Daylight,03 - P.D. only,04 - Sideswipe,Greenbelt
2756,CANOTEK RD @ SHEFFORD RD,376030.2062,5035094.315,-75.58932,45.45215,2017-11-07,2:05:00 PM,01 - Clear,01 - Dry,01 - Traffic signal,02 - Intersection related,01 - Daylight,03 - P.D. only,04 - Sideswipe,Greenbelt
2757,CANOTEK RD btwn TO BE DETERMINED & GREEN CREEK DR,376620.7034,5035667.011,-75.58169,45.45724,2017-10-13,12:07:00 PM,01 - Clear,01 - Dry,10 - No control,04 - At/near private drive,01 - Daylight,03 - P.D. only,05 - Turning movement,Greenbelt
2758,CANTERBURY AVE btwn KILBORN AVE & URBANDALE DR,372546.0764,5028099.179,-75.63482,45.38956,2017-07-01,12:40:00 AM,01 - Clear,02 - Wet,10 - No control,01 - Non intersection,07 - Dark,03 - P.D. only,06 - SMV unattended vehicle,Urbandale
2759,CANTERBURY AVE btwn KILBORN AVE & URBANDALE DR,372572.985,5028065.254,-75.63448,45.38925,2017-12-09,12:00:00 AM,01 - Clear,01 - Dry,10 - No control,01 - Non intersection,00 - Unknown,03 - P.D. only,06 - SMV unattended vehicle,Urbandale
2760,CANTERBURY AVE/SAUNDERSON DR @ HALIFAX DR,373236.163,5028123.212,-75.626,45.3897,2017-12-12,6:30:00 PM,03 - Snow,05 - Packed snow,02 - Stop sign,02 - Intersection related,07 - Dark,03 - P.D. only,01 - Approaching,Urbandale
2761,CARBROOKE ST @ DESMOND AVE,353512.1787,5018110.788,-75.87887,45.30126,2017-08-11,3:30:00 PM,01 - Clear,01 - Dry,02 - Stop sign,03 - At intersection,01 - Daylight,02 - Non-fatal injury,02 - Angle,Glen Cairn - Kanata South Business Park
2762,CARDEVCO RD @ CARP RD,345929.6531,5017478.004,-75.9756,45.29605,2017-10-05,1:45:00 PM,01 - Clear,01 - Dry,02 - Stop sign,02 - Intersection related,01 - Daylight,03 - P.D. only,03 - Rear end,Stittsville - Basswood
2763,CARDEVCO RD @ CARP RD,345930.1995,5017475.818,-75.97559,45.29603,2017-09-28,12:30:00 PM,01 - Clear,01 - Dry,02 - Stop sign,03 - At intersection,01 - Daylight,02 - Non-fatal injury,03 - Rear end,Stittsville - Basswood
2764,CARIBOU AVE btwn ORVILLE ST & EVELYN ST,350759.2709,5013582.111,-75.91439,45.2607,2017-09-12,12:00:00 AM,01 - Clear,01 - Dry,10 - No control,01 - Non intersection,00 - Unknown,03 - P.D. only,06 - SMV unattended vehicle,Stittsville
2765,CARILLON ST @ HANNAH ST,370156.7077,5033390.594,-75.66463,45.43739,2017-05-07,6:03:00 PM,01 - Clear,01 - Dry,02 - Stop sign,03 - At intersection,01 - Daylight,03 - P.D. only,02 - Angle,Vanier North
2766,CARILLON ST @ HANNAH ST,370156.0389,5033391.262,-75.66464,45.4374,2017-05-17,7:32:00 PM,01 - Clear,01 - Dry,02 - Stop sign,03 - At intersection,01 - Daylight,03 - P.D. only,02 - Angle,Vanier North
2767,CARINA CRES btwn LOCHNAW PRIV & SHANLY PRIV,364808.851,5013012.977,-75.73545,45.25452,2017-09-08,4:05:00 PM,01 - Clear,02 - Wet,10 - No control,04 - At/near private drive,01 - Daylight,03 - P.D. only,05 - Turning movement,New Barrhaven
2768,CARLETON AVE @ SCOTT ST,364115.0278,5029213.891,-75.74235,45.40035,2017-05-15,4:51:00 PM,01 - Clear,01 - Dry,01 - Traffic signal,02 - Intersection related,01 - Daylight,03 - P.D. only,99 - Other,Island Park
2769,CARLING AVE @ BAYSHORE DR/BIRCHDALE AVE,359004.5366,5023989.274,-75.80819,45.35375,2017-06-24,12:30:00 PM,01 - Clear,01 - Dry,01 - Traffic signal,02 - Intersection related,01 - Daylight,03 - P.D. only,03 - Rear end,Bayshore
2770,CARLING AVE @ BAYSHORE DR/BIRCHDALE AVE,359003.589,5023991.253,-75.80821,45.35377,2017-08-12,1:45:00 PM,01 - Clear,01 - Dry,01 - Traffic signal,03 - At intersection,01 - Daylight,02 - Non-fatal injury,05 - Turning movement,Bayshore
2771,CARLING AVE @ BAYSHORE DR/BIRCHDALE AVE,359005.2055,5023990.612,-75.80819,45.35377,2017-07-04,6:37:00 PM,01 - Clear,01 - Dry,01 - Traffic signal,03 - At intersection,01 - Daylight,03 - P.D. only,05 - Turning movement,Bayshore
2772,CARLING AVE @ BAYSHORE DR/BIRCHDALE AVE,359004.4241,5023991.282,-75.8082,45.35377,2017-09-08,12:22:00 PM,01 - Clear,02 - Wet,01 - Traffic signal,03 - At intersection,01 - Daylight,02 - Non-fatal injury,03 - Rear end,Bayshore
2773,CARLING AVE @ BAYSHORE DR/BIRCHDALE AVE,359004.3931,5023991.807,-75.8082,45.35378,2017-09-25,3:50:00 PM,01 - Clear,01 - Dry,01 - Traffic signal,02 - Intersection related,01 - Daylight,03 - P.D. only,04 - Sideswipe,Bayshore
2774,CARLING AVE @ BAYSHORE DR/BIRCHDALE AVE,359004.4426,5023990.329,-75.8082,45.35376,2017-09-27,12:08:00 PM,01 - Clear,01 - Dry,01 - Traffic signal,02 - Intersection related,01 - Daylight,03 - P.D. only,03 - Rear end,Bayshore
2775,CARLING AVE @ BAYSHORE DR/BIRCHDALE AVE,359004.8116,5023990.329,-75.80819,45.35376,2017-10-21,2:39:00 PM,01 - Clear,01 - Dry,01 - Traffic signal,03 - At intersection,01 - Daylight,03 - P.D. only,05 - Turning movement,Bayshore
2776,CARLING AVE @ BAYSHORE DR/BIRCHDALE AVE,359005.2497,5023990.94,-75.80819,45.35377,2017-10-04,7:10:00 AM,01 - Clear,01 - Dry,01 - Traffic signal,02 - Intersection related,01 - Daylight,03 - P.D. only,03 - Rear end,Bayshore
2777,CARLING AVE @ BAYSHORE DR/BIRCHDALE AVE,359005.5871,5023990.934,-75.80818,45.35377,2017-10-15,6:04:00 PM,02 - Rain,02 - Wet,01 - Traffic signal,02 - Intersection related,01 - Daylight,03 - P.D. only,03 - Rear end,Bayshore
2778,CARLING AVE @ BAYSHORE DR/BIRCHDALE AVE,359005.8743,5023990.612,-75.80818,45.35377,2017-02-15,2:47:00 PM,01 - Clear,02 - Wet,01 - Traffic signal,03 - At intersection,01 - Daylight,03 - P.D. only,05 - Turning movement,Bayshore
2779,CARLING AVE @ BAYSHORE DR/BIRCHDALE AVE,359003.3129,5023989.747,-75.80821,45.35376,2017-01-07,4:20:00 PM,01 - Clear,01 - Dry,01 - Traffic signal,02 - Intersection related,01 - Daylight,03 - P.D. only,03 - Rear end,Bayshore
2780,CARLING AVE @ BAYSHORE DR/BIRCHDALE AVE,359005.8743,5023989.943,-75.80818,45.35376,2017-03-20,2:02:00 PM,01 - Clear,01 - Dry,01 - Traffic signal,02 - Intersection related,01 - Daylight,02 - Non-fatal injury,03 - Rear end,Bayshore
2781,CARLING AVE @ BAYSHORE DR/BIRCHDALE AVE,359004.3976,5023989.902,-75.8082,45.35376,2017-12-30,5:47:00 PM,01 - Clear,02 - Wet,01 - Traffic signal,03 - At intersection,07 - Dark,03 - P.D. only,05 - Turning movement,Bayshore
2782,CARLING AVE @ BAYSHORE DR/BIRCHDALE AVE,359005.5871,5023989.816,-75.80818,45.35376,2017-12-23,2:16:00 PM,03 - Snow,03 - Loose snow,01 - Traffic signal,02 - Intersection related,01 - Daylight,03 - P.D. only,04 - Sideswipe,Bayshore
2783,CARLING AVE @ BEDALE DR,357223.6599,5023712.384,-75.83095,45.3514,2017-02-16,8:54:00 AM,01 - Clear,01 - Dry,01 - Traffic signal,02 - Intersection related,01 - Daylight,03 - P.D. only,03 - Rear end,Crystal Bay - Lakeview Park - Britannia Village
2784,CARLING AVE @ BROADVIEW AVE,363180.3522,5026640.548,-75.75459,45.37727,2017-05-24,10:40:00 AM,01 - Clear,01 - Dry,01 - Traffic signal,02 - Intersection related,01 - Daylight,02 - Non-fatal injury,07 - SMV other,Carlingwood - McKellar Park - Laurentien View
2785,CARLING AVE @ BROADVIEW AVE,363180.6866,5026638.542,-75.75459,45.37726,2017-06-16,1:27:00 PM,01 - Clear,01 - Dry,01 - Traffic signal,03 - At intersection,01 - Daylight,03 - P.D. only,05 - Turning movement,Carlingwood - McKellar Park - Laurentien View
2786,CARLING AVE @ BROADVIEW AVE,363181.6899,5026637.204,-75.75457,45.37724,2017-07-07,6:24:00 PM,02 - Rain,02 - Wet,01 - Traffic signal,03 - At intersection,01 - Daylight,02 - Non-fatal injury,05 - Turning movement,Carlingwood - McKellar Park - Laurentien View
2787,CARLING AVE @ BROADVIEW AVE,363181.5496,5026637.463,-75.75458,45.37725,2017-11-21,11:37:00 AM,01 - Clear,01 - Dry,01 - Traffic signal,02 - Intersection related,01 - Daylight,02 - Non-fatal injury,03 - Rear end,Carlingwood - McKellar Park - Laurentien View
2788,CARLING AVE @ BROADVIEW AVE,363181.1645,5026639.02,-75.75458,45.37726,2017-11-01,6:09:00 PM,02 - Rain,02 - Wet,01 - Traffic signal,02 - Intersection related,07 - Dark,02 - Non-fatal injury,03 - Rear end,Carlingwood - McKellar Park - Laurentien View
2789,CARLING AVE @ BROADVIEW AVE,363183.2617,5026639.4,-75.75455,45.37726,2017-01-03,7:27:00 AM,03 - Snow,04 - Slush,01 - Traffic signal,02 - Intersection related,03 - Dawn,03 - P.D. only,05 - Turning movement,Carlingwood - McKellar Park - Laurentien View
2790,CARLING AVE @ BROADVIEW AVE,363182.1875,5026637.416,-75.75457,45.37725,2017-02-21,8:11:00 AM,01 - Clear,01 - Dry,01 - Traffic signal,02 - Intersection related,01 - Daylight,03 - P.D. only,04 - Sideswipe,Carlingwood - McKellar Park - Laurentien View
2791,CARLING AVE @ BROADVIEW AVE,363180.5256,5026638.566,-75.75459,45.37726,2017-12-19,8:35:00 AM,03 - Snow,03 - Loose snow,01 - Traffic signal,03 - At intersection,01 - Daylight,03 - P.D. only,05 - Turning movement,Carlingwood - McKellar Park - Laurentien View
2792,CARLING AVE @ BROADVIEW AVE,363181.6424,5026638.303,-75.75457,45.37725,2017-12-31,5:48:00 PM,01 - Clear,06 - Ice,01 - Traffic signal,02 - Intersection related,07 - Dark,03 - P.D. only,03 - Rear end,Carlingwood - McKellar Park - Laurentien View
2793,CARLING AVE @ CARLING RMP 35,360927.919,5025195.938,-75.78351,45.36446,2017-11-23,5:10:00 PM,01 - Clear,01 - Dry,10 - No control,02 - Intersection related,05 - Dusk,03 - P.D. only,03 - Rear end,Whitehaven - Queensway Terrace North
2794,CARLING AVE @ CARLING RMP 56,360874.7266,5025162.4,-75.78419,45.36416,2017-07-28,4:18:00 PM,01 - Clear,01 - Dry,10 - No control,03 - At intersection,01 - Daylight,03 - P.D. only,03 - Rear end,Whitehaven - Queensway Terrace North