Record,Location,X,Y,Longitude,Latitude,Date,Time,Environment,Road_Surface,Traffic_Control,Collision_Location,Light,Collision_Classification,Impact_type,Neighborhood
2795,CARLING AVE @ CARLING RMP 56,360874.8166,5025163.054,-75.78419,45.36417,2017-03-17,6:00:00 PM,01 - Clear,01 - Dry,10 - No control,02 - Intersection related,01 - Daylight,03 - P.D. only,03 - Rear end,Whitehaven - Queensway Terrace North
2796,CARLING AVE @ CARLINGWOOD SC,362074.5748,5025920.145,-75.76879,45.37088,2017-09-26,10:13:00 AM,01 - Clear,01 - Dry,01 - Traffic signal,02 - Intersection related,01 - Daylight,02 - Non-fatal injury,02 - Angle,Carlingwood West - Glabar Park - McKellar Heights
2797,CARLING AVE @ CARLINGWOOD SC,362074.0534,5025919.205,-75.7688,45.37088,2017-01-27,2:20:00 PM,03 - Snow,02 - Wet,01 - Traffic signal,03 - At intersection,01 - Daylight,03 - P.D. only,05 - Turning movement,Carlingwood West - Glabar Park - McKellar Heights
2798,CARLING AVE @ CARLINGWOOD SC,362072.6777,5025920.366,-75.76882,45.37089,2017-04-13,9:35:00 AM,01 - Clear,01 - Dry,01 - Traffic signal,03 - At intersection,01 - Daylight,03 - P.D. only,05 - Turning movement,Carlingwood West - Glabar Park - McKellar Heights
2799,CARLING AVE @ CARLINGWOOD SC,362074.0154,5025919.697,-75.7688,45.37088,2017-04-12,3:50:00 PM,01 - Clear,01 - Dry,01 - Traffic signal,02 - Intersection related,01 - Daylight,02 - Non-fatal injury,04 - Sideswipe,Carlingwood West - Glabar Park - McKellar Heights
2800,CARLING AVE @ CHAMPAGNE AVE,366627.728,5028811.299,-75.71031,45.39651,2017-08-15,4:57:00 PM,01 - Clear,01 - Dry,01 - Traffic signal,02 - Intersection related,01 - Daylight,03 - P.D. only,03 - Rear end,Centretown West
2801,CARLING AVE @ CHURCHILL AVE,363776.2311,5027013.27,-75.74694,45.38058,2017-07-19,4:45:00 PM,01 - Clear,01 - Dry,01 - Traffic signal,02 - Intersection related,01 - Daylight,03 - P.D. only,02 - Angle,Westboro
2802,CARLING AVE @ CHURCHILL AVE,363776.9777,5027014.82,-75.74693,45.38059,2017-08-16,3:00:00 PM,01 - Clear,01 - Dry,01 - Traffic signal,03 - At intersection,01 - Daylight,03 - P.D. only,05 - Turning movement,Westboro
2803,CARLING AVE @ CHURCHILL AVE,363776.1735,5027012.821,-75.74694,45.38057,2017-09-20,7:20:00 PM,01 - Clear,01 - Dry,01 - Traffic signal,02 - Intersection related,05 - Dusk,03 - P.D. only,04 - Sideswipe,Westboro
2804,CARLING AVE @ CHURCHILL AVE,363774.6923,5027013.538,-75.74696,45.38058,2017-02-10,9:52:00 AM,01 - Clear,01 - Dry,01 - Traffic signal,02 - Intersection related,01 - Daylight,03 - P.D. only,03 - Rear end,Westboro
2805,CARLING AVE @ CIVIC HOSPITAL,365790.6062,5028279.394,-75.72106,45.3918,2017-06-30,4:16:00 PM,01 - Clear,02 - Wet,01 - Traffic signal,02 - Intersection related,01 - Daylight,03 - P.D. only,03 - Rear end,Civic Hospital - Experimental Farm - Central Park
2806,CARLING AVE @ CIVIC HOSPITAL,365791.7901,5028278.568,-75.72105,45.39179,2017-09-13,4:30:00 PM,01 - Clear,01 - Dry,01 - Traffic signal,03 - At intersection,01 - Daylight,03 - P.D. only,05 - Turning movement,Civic Hospital - Experimental Farm - Central Park
2807,CARLING AVE @ CLYDE AVE/COLE AVE,363522.3628,5026850.542,-75.7502,45.37914,2017-05-18,8:36:00 AM,01 - Clear,01 - Dry,01 - Traffic signal,03 - At intersection,01 - Daylight,02 - Non-fatal injury,05 - Turning movement,Carlingwood - McKellar Park - Laurentien View
2808,CARLING AVE @ CLYDE AVE/COLE AVE,363520.1811,5026850.542,-75.75023,45.37914,2017-06-27,2:30:00 PM,01 - Clear,01 - Dry,01 - Traffic signal,02 - Intersection related,01 - Daylight,03 - P.D. only,05 - Turning movement,Carlingwood - McKellar Park - Laurentien View
2809,CARLING AVE @ CLYDE AVE/COLE AVE,363520.6906,5026848.947,-75.75022,45.37912,2017-07-26,8:34:00 AM,01 - Clear,01 - Dry,01 - Traffic signal,03 - At intersection,01 - Daylight,02 - Non-fatal injury,05 - Turning movement,Carlingwood - McKellar Park - Laurentien View
2810,CARLING AVE @ CLYDE AVE/COLE AVE,363520.3562,5026849.204,-75.75022,45.37912,2017-07-07,3:43:00 PM,01 - Clear,01 - Dry,01 - Traffic signal,02 - Intersection related,01 - Daylight,03 - P.D. only,03 - Rear end,Carlingwood - McKellar Park - Laurentien View
2811,CARLING AVE @ CLYDE AVE/COLE AVE,363521.3286,5026852.137,-75.75021,45.37915,2017-07-20,3:48:00 PM,01 - Clear,01 - Dry,01 - Traffic signal,03 - At intersection,01 - Daylight,02 - Non-fatal injury,02 - Angle,Carlingwood - McKellar Park - Laurentien View
2812,CARLING AVE @ CLYDE AVE/COLE AVE,363520.9288,5026850.937,-75.75022,45.37914,2017-06-28,5:55:00 PM,01 - Clear,01 - Dry,01 - Traffic signal,02 - Intersection related,01 - Daylight,03 - P.D. only,04 - Sideswipe,Carlingwood - McKellar Park - Laurentien View
2813,CARLING AVE @ CLYDE AVE/COLE AVE,363520.3562,5026851.88,-75.75022,45.37915,2017-10-14,1:15:00 PM,01 - Clear,01 - Dry,01 - Traffic signal,02 - Intersection related,01 - Daylight,03 - P.D. only,05 - Turning movement,Carlingwood - McKellar Park - Laurentien View
2814,CARLING AVE @ CLYDE AVE/COLE AVE,363519.2705,5026850.779,-75.75024,45.37914,2017-09-22,3:43:00 PM,01 - Clear,01 - Dry,01 - Traffic signal,02 - Intersection related,01 - Daylight,03 - P.D. only,04 - Sideswipe,Carlingwood - McKellar Park - Laurentien View
2815,CARLING AVE @ CLYDE AVE/COLE AVE,363519.5977,5026849.996,-75.75023,45.37913,2017-09-21,4:00:00 PM,01 - Clear,01 - Dry,01 - Traffic signal,02 - Intersection related,01 - Daylight,02 - Non-fatal injury,03 - Rear end,Carlingwood - McKellar Park - Laurentien View
2816,CARLING AVE @ CLYDE AVE/COLE AVE,363522.3628,5026848.535,-75.7502,45.37912,2017-10-26,4:59:00 PM,01 - Clear,01 - Dry,01 - Traffic signal,03 - At intersection,01 - Daylight,03 - P.D. only,05 - Turning movement,Carlingwood - McKellar Park - Laurentien View
2817,CARLING AVE @ CLYDE AVE/COLE AVE,363520.3562,5026850.542,-75.75022,45.37914,2017-11-30,2:31:00 PM,01 - Clear,02 - Wet,01 - Traffic signal,02 - Intersection related,01 - Daylight,03 - P.D. only,03 - Rear end,Carlingwood - McKellar Park - Laurentien View
2818,CARLING AVE @ CONNAUGHT AVE,360771.6795,5025117.515,-75.78551,45.36377,2017-05-31,4:30:00 PM,01 - Clear,01 - Dry,01 - Traffic signal,03 - At intersection,01 - Daylight,03 - P.D. only,05 - Turning movement,Woodroffe - Lincoln Heights
2819,CARLING AVE @ CONNAUGHT AVE,360770.6762,5025116.233,-75.78553,45.36376,2017-08-15,4:00:00 PM,01 - Clear,01 - Dry,01 - Traffic signal,03 - At intersection,01 - Daylight,03 - P.D. only,05 - Turning movement,Woodroffe - Lincoln Heights
2820,CARLING AVE @ CONNAUGHT AVE,360769.6729,5025118.184,-75.78554,45.36377,2017-07-07,11:51:00 AM,01 - Clear,01 - Dry,01 - Traffic signal,03 - At intersection,01 - Daylight,02 - Non-fatal injury,05 - Turning movement,Woodroffe - Lincoln Heights
2821,CARLING AVE @ CONNAUGHT AVE,360773.2237,5025119.553,-75.78549,45.36378,2017-12-11,6:07:00 AM,01 - Clear,02 - Wet,01 - Traffic signal,02 - Intersection related,07 - Dark,03 - P.D. only,04 - Sideswipe,Woodroffe - Lincoln Heights
2822,CARLING AVE @ CONNAUGHT AVE,360771.0107,5025118.853,-75.78552,45.36378,2017-11-14,5:50:00 PM,01 - Clear,01 - Dry,01 - Traffic signal,02 - Intersection related,07 - Dark,03 - P.D. only,03 - Rear end,Woodroffe - Lincoln Heights
2823,CARLING AVE @ CONNAUGHT AVE,360770.7344,5025117.35,-75.78553,45.36377,2017-02-01,6:12:00 PM,01 - Clear,02 - Wet,01 - Traffic signal,03 - At intersection,07 - Dark,02 - Non-fatal injury,05 - Turning movement,Woodroffe - Lincoln Heights
2824,CARLING AVE @ CONNAUGHT AVE,360770.3418,5025118.853,-75.78553,45.36378,2017-04-19,3:35:00 PM,02 - Rain,02 - Wet,01 - Traffic signal,02 - Intersection related,01 - Daylight,03 - P.D. only,03 - Rear end,Woodroffe - Lincoln Heights
2825,CARLING AVE @ CONNAUGHT AVE,360770.3418,5025116.846,-75.78553,45.36376,2017-04-21,4:24:00 PM,01 - Clear,01 - Dry,01 - Traffic signal,03 - At intersection,01 - Daylight,03 - P.D. only,05 - Turning movement,Woodroffe - Lincoln Heights
2826,CARLING AVE @ CROYDON AVE,360659.0151,5025041.18,-75.78696,45.36309,2017-06-16,4:17:00 PM,01 - Clear,01 - Dry,01 - Traffic signal,03 - At intersection,01 - Daylight,03 - P.D. only,05 - Turning movement,Whitehaven - Queensway Terrace North
2827,CARLING AVE @ CROYDON AVE,360657.6773,5025043.186,-75.78698,45.36311,2017-07-09,3:40:00 PM,01 - Clear,01 - Dry,01 - Traffic signal,03 - At intersection,01 - Daylight,03 - P.D. only,05 - Turning movement,Whitehaven - Queensway Terrace North
2828,CARLING AVE @ CROYDON AVE,360658.7627,5025042.412,-75.78696,45.3631,2017-09-15,1:25:00 PM,01 - Clear,01 - Dry,01 - Traffic signal,02 - Intersection related,01 - Daylight,03 - P.D. only,03 - Rear end,Whitehaven - Queensway Terrace North
2829,CARLING AVE @ CROYDON AVE,360657.2605,5025042.754,-75.78698,45.3631,2017-10-22,5:01:00 PM,01 - Clear,01 - Dry,01 - Traffic signal,03 - At intersection,01 - Daylight,03 - P.D. only,02 - Angle,Whitehaven - Queensway Terrace North
2830,CARLING AVE @ CROYDON AVE,360658.2027,5025042.279,-75.78697,45.3631,2017-10-19,9:58:00 AM,01 - Clear,01 - Dry,01 - Traffic signal,02 - Intersection related,01 - Daylight,03 - P.D. only,05 - Turning movement,Whitehaven - Queensway Terrace North
2831,CARLING AVE @ CROYDON AVE,360658.6115,5025042.842,-75.78697,45.3631,2017-09-15,1:59:00 PM,01 - Clear,01 - Dry,01 - Traffic signal,03 - At intersection,01 - Daylight,03 - P.D. only,04 - Sideswipe,Whitehaven - Queensway Terrace North
2832,CARLING AVE @ CROYDON AVE,360659.1585,5025041.801,-75.78696,45.36309,2017-09-15,7:42:00 PM,01 - Clear,01 - Dry,01 - Traffic signal,03 - At intersection,07 - Dark,03 - P.D. only,05 - Turning movement,Whitehaven - Queensway Terrace North
2833,CARLING AVE @ CROYDON AVE,360658.6835,5025042.567,-75.78697,45.3631,2017-12-05,11:15:00 AM,01 - Clear,01 - Dry,01 - Traffic signal,02 - Intersection related,01 - Daylight,03 - P.D. only,04 - Sideswipe,Whitehaven - Queensway Terrace North
2834,CARLING AVE @ CROYDON AVE,360659.6839,5025043.186,-75.78695,45.36311,2017-03-08,3:28:00 PM,01 - Clear,01 - Dry,01 - Traffic signal,03 - At intersection,01 - Daylight,03 - P.D. only,02 - Angle,Whitehaven - Queensway Terrace North
2835,CARLING AVE @ CROYDON AVE,360659.1901,5025043.537,-75.78696,45.36311,2017-03-15,5:42:00 PM,03 - Snow,03 - Loose snow,01 - Traffic signal,03 - At intersection,01 - Daylight,02 - Non-fatal injury,05 - Turning movement,Whitehaven - Queensway Terrace North
2836,CARLING AVE @ DUNDEE AVE,360363.1778,5024840.372,-75.79076,45.36131,2017-01-09,9:17:00 AM,01 - Clear,04 - Slush,02 - Stop sign,02 - Intersection related,01 - Daylight,03 - P.D. only,03 - Rear end,Whitehaven - Queensway Terrace North
2837,CARLING AVE @ EDGEWORTH AVE,361263.1897,5025423.505,-75.77921,45.36648,2017-06-15,7:09:00 AM,01 - Clear,01 - Dry,01 - Traffic signal,02 - Intersection related,01 - Daylight,03 - P.D. only,07 - SMV other,Carlingwood West - Glabar Park - McKellar Heights
2838,CARLING AVE @ EDGEWORTH AVE,361263.6835,5025424.524,-75.7792,45.36649,2017-05-09,4:08:00 PM,01 - Clear,01 - Dry,01 - Traffic signal,03 - At intersection,01 - Daylight,02 - Non-fatal injury,07 - SMV other,Carlingwood West - Glabar Park - McKellar Heights
2839,CARLING AVE @ EDGEWORTH AVE,361262.6186,5025424.524,-75.77921,45.36649,2017-08-16,7:17:00 AM,01 - Clear,01 - Dry,01 - Traffic signal,02 - Intersection related,01 - Daylight,03 - P.D. only,04 - Sideswipe,Carlingwood West - Glabar Park - McKellar Heights
2840,CARLING AVE @ EDGEWORTH AVE,361261.7783,5025424.299,-75.77922,45.36649,2017-11-01,11:23:00 PM,01 - Clear,02 - Wet,01 - Traffic signal,03 - At intersection,07 - Dark,02 - Non-fatal injury,05 - Turning movement,Woodroffe - Lincoln Heights
2841,CARLING AVE @ EDGEWORTH AVE,361262.7811,5025424.509,-75.77921,45.36649,2017-12-08,7:38:00 AM,01 - Clear,01 - Dry,01 - Traffic signal,03 - At intersection,03 - Dawn,02 - Non-fatal injury,07 - SMV other,Carlingwood West - Glabar Park - McKellar Heights
2842,CARLING AVE @ EDGEWORTH AVE,361262.665,5025424.524,-75.77921,45.36649,2017-12-11,4:59:00 PM,01 - Clear,01 - Dry,01 - Traffic signal,03 - At intersection,07 - Dark,03 - P.D. only,02 - Angle,Carlingwood West - Glabar Park - McKellar Heights
2843,CARLING AVE @ EDGEWORTH AVE,361263.2877,5025424.592,-75.7792,45.36649,2017-01-18,9:04:00 AM,03 - Snow,04 - Slush,01 - Traffic signal,02 - Intersection related,01 - Daylight,03 - P.D. only,03 - Rear end,Carlingwood West - Glabar Park - McKellar Heights
2844,CARLING AVE @ EDGEWORTH AVE,361262.6802,5025422.648,-75.77921,45.36647,2017-02-23,8:48:00 PM,01 - Clear,01 - Dry,01 - Traffic signal,02 - Intersection related,07 - Dark,03 - P.D. only,05 - Turning movement,Woodroffe - Lincoln Heights
2845,CARLING AVE @ FAIRLAWN AVE/WOODROFFE AVE E,361934.6841,5025830.528,-75.77059,45.37009,2017-05-24,6:01:00 PM,01 - Clear,01 - Dry,01 - Traffic signal,02 - Intersection related,01 - Daylight,03 - P.D. only,03 - Rear end,Carlingwood West - Glabar Park - McKellar Heights
2846,CARLING AVE @ FAIRLAWN AVE/WOODROFFE AVE E,361934.6841,5025830.528,-75.77059,45.37009,2017-07-16,6:51:00 PM,01 - Clear,01 - Dry,01 - Traffic signal,03 - At intersection,01 - Daylight,02 - Non-fatal injury,02 - Angle,Carlingwood West - Glabar Park - McKellar Heights
2847,CARLING AVE @ FAIRLAWN AVE/WOODROFFE AVE E,361934.6841,5025830.528,-75.77059,45.37009,2017-10-03,7:44:00 AM,01 - Clear,01 - Dry,01 - Traffic signal,02 - Intersection related,01 - Daylight,02 - Non-fatal injury,03 - Rear end,Carlingwood West - Glabar Park - McKellar Heights
2848,CARLING AVE @ FAIRLAWN AVE/WOODROFFE AVE E,361934.6841,5025830.528,-75.77059,45.37009,2017-10-28,9:56:00 AM,01 - Clear,01 - Dry,01 - Traffic signal,02 - Intersection related,01 - Daylight,03 - P.D. only,04 - Sideswipe,Carlingwood West - Glabar Park - McKellar Heights
2849,CARLING AVE @ FAIRLAWN AVE/WOODROFFE AVE E,361934.6841,5025830.528,-75.77059,45.37009,2017-09-21,12:14:00 PM,01 - Clear,01 - Dry,01 - Traffic signal,03 - At intersection,01 - Daylight,03 - P.D. only,02 - Angle,Carlingwood West - Glabar Park - McKellar Heights
2850,CARLING AVE @ FAIRLAWN AVE/WOODROFFE AVE E,361934.6841,5025830.528,-75.77059,45.37009,2017-09-27,4:21:00 PM,01 - Clear,01 - Dry,01 - Traffic signal,03 - At intersection,01 - Daylight,02 - Non-fatal injury,02 - Angle,Carlingwood West - Glabar Park - McKellar Heights
2851,CARLING AVE @ FAIRLAWN AVE/WOODROFFE AVE E,361934.6841,5025830.528,-75.77059,45.37009,2017-09-22,5:07:00 PM,01 - Clear,01 - Dry,01 - Traffic signal,02 - Intersection related,01 - Daylight,03 - P.D. only,03 - Rear end,Carlingwood West - Glabar Park - McKellar Heights
2852,CARLING AVE @ FAIRLAWN AVE/WOODROFFE AVE E,361934.6841,5025830.528,-75.77059,45.37009,2017-11-17,1:38:00 PM,01 - Clear,01 - Dry,01 - Traffic signal,02 - Intersection related,01 - Daylight,02 - Non-fatal injury,03 - Rear end,Carlingwood West - Glabar Park - McKellar Heights
2853,CARLING AVE @ FAIRLAWN AVE/WOODROFFE AVE E,361934.6841,5025830.528,-75.77059,45.37009,2017-01-13,11:19:00 AM,01 - Clear,06 - Ice,01 - Traffic signal,02 - Intersection related,01 - Daylight,03 - P.D. only,03 - Rear end,Carlingwood West - Glabar Park - McKellar Heights
2854,CARLING AVE @ FAIRLAWN AVE/WOODROFFE AVE E,361934.6841,5025830.528,-75.77059,45.37009,2017-02-10,5:30:00 PM,01 - Clear,01 - Dry,01 - Traffic signal,02 - Intersection related,05 - Dusk,02 - Non-fatal injury,03 - Rear end,Carlingwood West - Glabar Park - McKellar Heights
2855,CARLING AVE @ FAIRLAWN AVE/WOODROFFE AVE E,361934.6841,5025830.528,-75.77059,45.37009,2017-02-03,7:30:00 AM,01 - Clear,01 - Dry,01 - Traffic signal,02 - Intersection related,01 - Daylight,03 - P.D. only,03 - Rear end,Carlingwood West - Glabar Park - McKellar Heights
2856,CARLING AVE @ FAIRLAWN AVE/WOODROFFE AVE E,361934.6841,5025830.528,-75.77059,45.37009,2017-04-22,10:08:00 AM,01 - Clear,01 - Dry,01 - Traffic signal,03 - At intersection,01 - Daylight,02 - Non-fatal injury,02 - Angle,Carlingwood West - Glabar Park - McKellar Heights
2857,CARLING AVE @ FAIRLAWN AVE/WOODROFFE AVE E,361934.6841,5025830.528,-75.77059,45.37009,2017-03-06,10:30:00 AM,01 - Clear,01 - Dry,01 - Traffic signal,02 - Intersection related,01 - Daylight,03 - P.D. only,04 - Sideswipe,Carlingwood West - Glabar Park - McKellar Heights
2858,CARLING AVE @ FAIRLAWN AVE/WOODROFFE AVE E,361934.6841,5025830.528,-75.77059,45.37009,2017-03-27,12:28:00 PM,02 - Rain,02 - Wet,01 - Traffic signal,03 - At intersection,01 - Daylight,02 - Non-fatal injury,05 - Turning movement,Carlingwood West - Glabar Park - McKellar Heights
2859,CARLING AVE @ FAIRLAWN AVE/WOODROFFE AVE E,361934.6841,5025830.528,-75.77059,45.37009,2017-03-11,11:47:00 AM,01 - Clear,01 - Dry,01 - Traffic signal,02 - Intersection related,01 - Daylight,03 - P.D. only,03 - Rear end,Carlingwood West - Glabar Park - McKellar Heights
2860,CARLING AVE @ FAIRLAWN AVE/WOODROFFE AVE E,361934.6841,5025830.528,-75.77059,45.37009,2017-02-24,4:56:00 PM,02 - Rain,02 - Wet,01 - Traffic signal,02 - Intersection related,01 - Daylight,03 - P.D. only,04 - Sideswipe,Carlingwood West - Glabar Park - McKellar Heights
2861,CARLING AVE @ FAIRMONT AVE,366115.7019,5028486.552,-75.71689,45.39363,2017-02-10,12:00:00 AM,03 - Snow,04 - Slush,02 - Stop sign,02 - Intersection related,00 - Unknown,03 - P.D. only,06 - SMV unattended vehicle,Civic Hospital - Experimental Farm - Central Park
2862,CARLING AVE @ FOREST ST,360543.9301,5024972.146,-75.78844,45.36248,2017-03-31,5:00:00 PM,03 - Snow,06 - Ice,02 - Stop sign,02 - Intersection related,01 - Daylight,03 - P.D. only,03 - Rear end,Whitehaven - Queensway Terrace North
2863,CARLING AVE @ FOX CRES,361526.6759,5025576.239,-75.77583,45.36783,2017-04-21,1:41:00 PM,02 - Rain,02 - Wet,02 - Stop sign,02 - Intersection related,01 - Daylight,03 - P.D. only,03 - Rear end,Whitehaven - Queensway Terrace North
2864,CARLING AVE @ GRENON AVE,359594.1946,5024349.628,-75.80063,45.35695,2017-08-01,7:24:00 PM,01 - Clear,01 - Dry,01 - Traffic signal,03 - At intersection,01 - Daylight,03 - P.D. only,03 - Rear end,Whitehaven - Queensway Terrace North
2865,CARLING AVE @ GRENON AVE,359595.3837,5024349.437,-75.80061,45.35695,2017-08-18,5:40:00 PM,01 - Clear,01 - Dry,01 - Traffic signal,02 - Intersection related,01 - Daylight,02 - Non-fatal injury,03 - Rear end,Whitehaven - Queensway Terrace North
2866,CARLING AVE @ GWYNNE AVE,366060.3374,5028447.915,-75.7176,45.39329,2017-03-10,9:56:00 PM,01 - Clear,01 - Dry,10 - No control,02 - Intersection related,07 - Dark,02 - Non-fatal injury,03 - Rear end,Civic Hospital - Experimental Farm - Central Park
2867,CARLING AVE @ HAMILTON AVE,365558.7017,5028130.309,-75.72404,45.39048,2017-09-07,3:05:00 PM,02 - Rain,02 - Wet,02 - Stop sign,03 - At intersection,01 - Daylight,02 - Non-fatal injury,02 - Angle,Civic Hospital - Experimental Farm - Central Park
2868,CARLING AVE @ HARTLEIGH AVE,361400.2608,5025512.625,-75.77745,45.36727,2017-12-20,4:43:00 PM,01 - Clear,02 - Wet,02 - Stop sign,02 - Intersection related,05 - Dusk,03 - P.D. only,03 - Rear end,Carlingwood West - Glabar Park - McKellar Heights
2869,CARLING AVE @ HIGH ST,359925.1913,5024561.631,-75.79638,45.35883,2017-08-10,10:52:00 AM,01 - Clear,01 - Dry,02 - Stop sign,03 - At intersection,01 - Daylight,02 - Non-fatal injury,07 - SMV other,Whitehaven - Queensway Terrace North
2870,CARLING AVE @ HINTON AVE,365488.693,5028089.558,-75.72494,45.39012,2017-11-20,6:32:00 PM,01 - Clear,01 - Dry,02 - Stop sign,02 - Intersection related,07 - Dark,03 - P.D. only,03 - Rear end,Civic Hospital - Experimental Farm - Central Park
2871,CARLING AVE @ HOLLAND AVE,365418.3709,5028038.547,-75.72585,45.38966,2017-05-15,6:30:00 PM,01 - Clear,01 - Dry,01 - Traffic signal,03 - At intersection,01 - Daylight,02 - Non-fatal injury,02 - Angle,Civic Hospital - Experimental Farm - Central Park
2872,CARLING AVE @ HOLLAND AVE,365418.3709,5028037.878,-75.72585,45.38966,2017-06-07,5:06:00 PM,01 - Clear,01 - Dry,01 - Traffic signal,02 - Intersection related,01 - Daylight,02 - Non-fatal injury,04 - Sideswipe,Civic Hospital - Experimental Farm - Central Park
2873,CARLING AVE @ HOLLAND AVE,365417.0332,5028040.553,-75.72586,45.38968,2017-06-20,4:18:00 PM,01 - Clear,01 - Dry,01 - Traffic signal,03 - At intersection,01 - Daylight,03 - P.D. only,02 - Angle,Civic Hospital - Experimental Farm - Central Park
2874,CARLING AVE @ HOLLAND AVE,365416.2613,5028038.171,-75.72587,45.38966,2017-07-08,6:50:00 PM,01 - Clear,01 - Dry,01 - Traffic signal,03 - At intersection,01 - Daylight,03 - P.D. only,04 - Sideswipe,Civic Hospital - Experimental Farm - Central Park
2875,CARLING AVE @ HOLLAND AVE,365416.6987,5028037.454,-75.72587,45.38965,2017-10-11,9:53:00 AM,01 - Clear,01 - Dry,01 - Traffic signal,03 - At intersection,01 - Daylight,02 - Non-fatal injury,05 - Turning movement,Civic Hospital - Experimental Farm - Central Park
2876,CARLING AVE @ HOLLAND AVE,365417.2452,5028039.64,-75.72586,45.38967,2017-10-05,8:51:00 AM,01 - Clear,01 - Dry,01 - Traffic signal,02 - Intersection related,01 - Daylight,03 - P.D. only,04 - Sideswipe,Civic Hospital - Experimental Farm - Central Park
2877,CARLING AVE @ HOLLAND AVE,365417.0332,5028039.885,-75.72586,45.38968,2017-12-12,8:02:00 PM,03 - Snow,03 - Loose snow,01 - Traffic signal,02 - Intersection related,07 - Dark,03 - P.D. only,07 - SMV other,Civic Hospital - Experimental Farm - Central Park
2878,CARLING AVE @ HOLLAND AVE,365417.702,5028037.878,-75.72585,45.38966,2017-02-07,5:22:00 PM,01 - Clear,02 - Wet,01 - Traffic signal,02 - Intersection related,07 - Dark,03 - P.D. only,03 - Rear end,Civic Hospital - Experimental Farm - Central Park
2879,CARLING AVE @ HWY 417 CARLING IC124R67,364332.7808,5027521.24,-75.73977,45.3851,2017-06-21,2:30:00 PM,01 - Clear,01 - Dry,03 - Yield sign,02 - Intersection related,01 - Daylight,03 - P.D. only,04 - Sideswipe,Westboro
2880,CARLING AVE @ IROQUOIS RD,362213.1199,5026026.063,-75.76701,45.37183,2017-06-06,3:05:00 PM,02 - Rain,02 - Wet,01 - Traffic signal,02 - Intersection related,01 - Daylight,03 - P.D. only,04 - Sideswipe,Carlingwood - McKellar Park - Laurentien View
2881,CARLING AVE @ IROQUOIS RD,362212.6827,5026024.861,-75.76702,45.37181,2017-05-02,8:31:00 AM,01 - Clear,01 - Dry,01 - Traffic signal,02 - Intersection related,01 - Daylight,03 - P.D. only,04 - Sideswipe,Carlingwood - McKellar Park - Laurentien View
2882,CARLING AVE @ IROQUOIS RD,362214.0205,5026024.861,-75.767,45.37181,2017-05-15,8:15:00 PM,01 - Clear,01 - Dry,01 - Traffic signal,03 - At intersection,05 - Dusk,03 - P.D. only,02 - Angle,Carlingwood - McKellar Park - Laurentien View
2883,CARLING AVE @ IROQUOIS RD,362212.6827,5026025.53,-75.76702,45.37182,2017-06-11,11:40:00 AM,01 - Clear,01 - Dry,01 - Traffic signal,03 - At intersection,01 - Daylight,02 - Non-fatal injury,02 - Angle,Carlingwood - McKellar Park - Laurentien View
2884,CARLING AVE @ IROQUOIS RD,362214.6893,5026025.53,-75.76699,45.37182,2017-06-03,5:14:00 PM,01 - Clear,01 - Dry,01 - Traffic signal,03 - At intersection,01 - Daylight,02 - Non-fatal injury,02 - Angle,Carlingwood - McKellar Park - Laurentien View
2885,CARLING AVE @ IROQUOIS RD,362214.1835,5026026.1,-75.767,45.37183,2017-08-16,4:56:00 PM,01 - Clear,01 - Dry,01 - Traffic signal,03 - At intersection,01 - Daylight,03 - P.D. only,05 - Turning movement,Carlingwood - McKellar Park - Laurentien View
2886,CARLING AVE @ IROQUOIS RD,362214.1594,5026025.767,-75.767,45.37182,2017-10-20,4:15:00 PM,01 - Clear,01 - Dry,01 - Traffic signal,02 - Intersection related,01 - Daylight,03 - P.D. only,03 - Rear end,Carlingwood - McKellar Park - Laurentien View
2887,CARLING AVE @ IROQUOIS RD,362214.6418,5026026.247,-75.76699,45.37183,2017-10-18,6:42:00 PM,01 - Clear,01 - Dry,01 - Traffic signal,03 - At intersection,07 - Dark,02 - Non-fatal injury,07 - SMV other,Carlingwood - McKellar Park - Laurentien View
2888,CARLING AVE @ IROQUOIS RD,362212.0138,5026026.199,-75.76702,45.37183,2017-12-02,9:11:00 PM,01 - Clear,01 - Dry,01 - Traffic signal,03 - At intersection,07 - Dark,03 - P.D. only,02 - Angle,Carlingwood - McKellar Park - Laurentien View