Record,Location,X,Y,Longitude,Latitude,Date,Time,Environment,Road_Surface,Traffic_Control,Collision_Location,Light,Collision_Classification,Impact_type,Neighborhood
2889,CARLING AVE @ IROQUOIS RD,362212.6827,5026026.868,-75.76702,45.37183,2017-11-29,2:55:00 PM,01 - Clear,01 - Dry,01 - Traffic signal,03 - At intersection,01 - Daylight,03 - P.D. only,02 - Angle,Carlingwood - McKellar Park - Laurentien View
2890,CARLING AVE @ IROQUOIS RD,362213.3516,5026024.192,-75.76701,45.37181,2017-02-12,12:19:00 PM,03 - Snow,04 - Slush,01 - Traffic signal,03 - At intersection,01 - Daylight,03 - P.D. only,02 - Angle,Carlingwood - McKellar Park - Laurentien View
2891,CARLING AVE @ IROQUOIS RD,362214.0028,5026027.087,-75.767,45.37183,2017-02-10,7:44:00 AM,01 - Clear,01 - Dry,01 - Traffic signal,03 - At intersection,01 - Daylight,03 - P.D. only,05 - Turning movement,Carlingwood - McKellar Park - Laurentien View
2892,CARLING AVE @ IRVING PL/MAPLE DR,366186.3696,5028527.554,-75.71598,45.394,2017-05-30,4:01:00 PM,01 - Clear,01 - Dry,01 - Traffic signal,03 - At intersection,01 - Daylight,03 - P.D. only,05 - Turning movement,Civic Hospital - Experimental Farm - Central Park
2893,CARLING AVE @ IRVING PL/MAPLE DR,366186.3696,5028527.554,-75.71598,45.394,2017-06-02,8:45:00 AM,01 - Clear,01 - Dry,01 - Traffic signal,03 - At intersection,01 - Daylight,02 - Non-fatal injury,02 - Angle,Civic Hospital - Experimental Farm - Central Park
2894,CARLING AVE @ IRVING PL/MAPLE DR,366186.6776,5028527.552,-75.71597,45.394,2017-02-06,3:18:00 PM,03 - Snow,03 - Loose snow,01 - Traffic signal,02 - Intersection related,01 - Daylight,03 - P.D. only,03 - Rear end,Civic Hospital - Experimental Farm - Central Park
2895,CARLING AVE @ IRVING PL/MAPLE DR,366187.0385,5028527.554,-75.71597,45.394,2017-01-31,4:13:00 PM,01 - Clear,01 - Dry,01 - Traffic signal,02 - Intersection related,01 - Daylight,03 - P.D. only,03 - Rear end,Civic Hospital - Experimental Farm - Central Park
2896,CARLING AVE @ ISLAND PARK DR,365348.2216,5027998.26,-75.72675,45.38931,2017-10-23,4:53:00 PM,01 - Clear,01 - Dry,01 - Traffic signal,03 - At intersection,01 - Daylight,03 - P.D. only,02 - Angle,Civic Hospital - Experimental Farm - Central Park
2897,CARLING AVE @ ISLAND PARK DR,365348.6825,5027997.505,-75.72674,45.3893,2017-12-06,9:42:00 AM,01 - Clear,01 - Dry,01 - Traffic signal,03 - At intersection,01 - Daylight,02 - Non-fatal injury,02 - Angle,Civic Hospital - Experimental Farm - Central Park
2898,CARLING AVE @ ISLAND PARK DR,365348.6995,5027998.089,-75.72674,45.38931,2017-01-16,5:36:00 PM,01 - Clear,02 - Wet,01 - Traffic signal,03 - At intersection,05 - Dusk,02 - Non-fatal injury,02 - Angle,Civic Hospital - Experimental Farm - Central Park
2899,CARLING AVE @ ISLAND PARK DR,365349.034,5027996.874,-75.72674,45.38929,2017-03-09,11:46:00 AM,01 - Clear,01 - Dry,01 - Traffic signal,03 - At intersection,01 - Daylight,03 - P.D. only,02 - Angle,Civic Hospital - Experimental Farm - Central Park
2900,CARLING AVE @ KIRKWOOD AVE S,364352.035,5027338.218,-75.73955,45.38345,2017-04-30,8:18:00 PM,02 - Rain,02 - Wet,01 - Traffic signal,02 - Intersection related,07 - Dark,02 - Non-fatal injury,04 - Sideswipe,Carlington
2901,CARLING AVE @ KIRKWOOD AVE S,364349.7774,5027335.626,-75.73958,45.38343,2017-07-12,8:04:00 PM,01 - Clear,01 - Dry,01 - Traffic signal,02 - Intersection related,01 - Daylight,03 - P.D. only,07 - SMV other,Carlington
2902,CARLING AVE @ KIRKWOOD AVE S,364352.035,5027338.887,-75.73955,45.38346,2017-07-05,10:48:00 AM,01 - Clear,01 - Dry,01 - Traffic signal,02 - Intersection related,01 - Daylight,03 - P.D. only,03 - Rear end,Carlington
2903,CARLING AVE @ KIRKWOOD AVE S,364352.5635,5027336.902,-75.73954,45.38344,2017-08-17,9:49:00 PM,01 - Clear,01 - Dry,01 - Traffic signal,03 - At intersection,07 - Dark,02 - Non-fatal injury,07 - SMV other,Carlington
2904,CARLING AVE @ KIRKWOOD AVE S,364351.099,5027337.85,-75.73956,45.38345,2017-07-25,1:08:00 PM,01 - Clear,01 - Dry,01 - Traffic signal,02 - Intersection related,01 - Daylight,03 - P.D. only,03 - Rear end,Carlington
2905,CARLING AVE @ KIRKWOOD AVE S,364351.63,5027338.638,-75.73955,45.38346,2017-08-16,2:40:00 PM,01 - Clear,01 - Dry,01 - Traffic signal,02 - Intersection related,01 - Daylight,02 - Non-fatal injury,03 - Rear end,Carlington
2906,CARLING AVE @ KIRKWOOD AVE S,364352.1784,5027338.266,-75.73955,45.38345,2017-09-20,2:45:00 PM,01 - Clear,01 - Dry,01 - Traffic signal,02 - Intersection related,01 - Daylight,03 - P.D. only,04 - Sideswipe,Carlington
2907,CARLING AVE @ KIRKWOOD AVE S,364351.7005,5027337.312,-75.73955,45.38345,2017-12-04,9:30:00 PM,02 - Rain,02 - Wet,01 - Traffic signal,02 - Intersection related,07 - Dark,03 - P.D. only,04 - Sideswipe,Carlington
2908,CARLING AVE @ KIRKWOOD AVE S,364351.3661,5027337.549,-75.73956,45.38345,2017-11-02,8:12:00 PM,02 - Rain,02 - Wet,01 - Traffic signal,03 - At intersection,07 - Dark,03 - P.D. only,05 - Turning movement,Carlington
2909,CARLING AVE @ KIRKWOOD AVE S,364352.035,5027338.218,-75.73955,45.38345,2017-02-15,7:40:00 PM,03 - Snow,03 - Loose snow,01 - Traffic signal,02 - Intersection related,07 - Dark,03 - P.D. only,04 - Sideswipe,Carlington
2910,CARLING AVE @ KIRKWOOD AVE S,364352.035,5027337.549,-75.73955,45.38345,2017-02-16,7:30:00 PM,01 - Clear,02 - Wet,01 - Traffic signal,03 - At intersection,07 - Dark,03 - P.D. only,04 - Sideswipe,Carlington
2911,CARLING AVE @ KIRKWOOD AVE S,364352.5589,5027334.974,-75.73954,45.38342,2017-01-04,1:20:00 PM,01 - Clear,02 - Wet,01 - Traffic signal,03 - At intersection,01 - Daylight,03 - P.D. only,05 - Turning movement,Carlington
2912,CARLING AVE @ KIRKWOOD AVE S,364353.4172,5027337.549,-75.73953,45.38345,2017-01-02,5:33:00 PM,03 - Snow,04 - Slush,01 - Traffic signal,02 - Intersection related,05 - Dusk,02 - Non-fatal injury,03 - Rear end,Carlington
2913,CARLING AVE @ KIRKWOOD AVE S,364351.7005,5027338.096,-75.73955,45.38345,2017-02-03,5:12:00 PM,01 - Clear,01 - Dry,01 - Traffic signal,02 - Intersection related,01 - Daylight,03 - P.D. only,03 - Rear end,Carlington
2914,CARLING AVE @ KIRKWOOD AVE S,364353.2014,5027336.423,-75.73953,45.38344,2017-02-09,8:54:00 AM,01 - Clear,02 - Wet,01 - Traffic signal,02 - Intersection related,01 - Daylight,03 - P.D. only,03 - Rear end,Carlington
2915,CARLING AVE @ KIRKWOOD AVE S,364353.2014,5027336.423,-75.73953,45.38344,2017-02-13,1:49:00 PM,01 - Clear,01 - Dry,01 - Traffic signal,02 - Intersection related,01 - Daylight,03 - P.D. only,04 - Sideswipe,Carlington
2916,CARLING AVE @ KIRKWOOD AVE S,364350.6972,5027337.549,-75.73956,45.38345,2017-04-20,9:42:00 AM,01 - Clear,01 - Dry,01 - Traffic signal,02 - Intersection related,01 - Daylight,03 - P.D. only,04 - Sideswipe,Carlington
2917,CARLING AVE @ KIRKWOOD AVE S,364351.2271,5027337.312,-75.73956,45.38345,2017-12-15,6:50:00 PM,03 - Snow,03 - Loose snow,01 - Traffic signal,02 - Intersection related,07 - Dark,02 - Non-fatal injury,03 - Rear end,Carlington
2918,CARLING AVE @ KIRKWOOD AVE S,364351.7005,5027336.873,-75.73955,45.38344,2017-12-23,1:56:00 PM,03 - Snow,02 - Wet,01 - Traffic signal,03 - At intersection,01 - Daylight,03 - P.D. only,05 - Turning movement,Carlington
2919,CARLING AVE @ KIRKWOOD AVE S,364351.7005,5027336.422,-75.73955,45.38344,2017-12-21,1:00:00 PM,01 - Clear,01 - Dry,01 - Traffic signal,02 - Intersection related,01 - Daylight,03 - P.D. only,04 - Sideswipe,Carlington
2920,CARLING AVE @ KIRKWOOD AVE S,364351.9069,5027334.982,-75.73955,45.38342,2017-04-04,8:05:00 AM,02 - Rain,02 - Wet,01 - Traffic signal,02 - Intersection related,01 - Daylight,02 - Non-fatal injury,03 - Rear end,Carlington
2921,CARLING AVE @ KIRKWOOD AVE S,364352.6473,5027337.786,-75.73954,45.38345,2017-12-28,7:44:00 AM,01 - Clear,01 - Dry,01 - Traffic signal,02 - Intersection related,03 - Dawn,03 - P.D. only,07 - SMV other,Carlington
2922,CARLING AVE @ MAITLAND AVE/SHERBOURNE RD,362942.7867,5026488.635,-75.75764,45.37593,2017-08-29,4:45:00 PM,01 - Clear,01 - Dry,01 - Traffic signal,02 - Intersection related,01 - Daylight,03 - P.D. only,03 - Rear end,Carlingwood - McKellar Park - Laurentien View
2923,CARLING AVE @ MAITLAND AVE/SHERBOURNE RD,362942.7488,5026488.549,-75.75764,45.37593,2017-08-31,12:54:00 PM,01 - Clear,01 - Dry,01 - Traffic signal,02 - Intersection related,01 - Daylight,03 - P.D. only,04 - Sideswipe,Carlingwood - McKellar Park - Laurentien View
2924,CARLING AVE @ MAITLAND AVE/SHERBOURNE RD,362943.0324,5026487.858,-75.75764,45.37592,2017-10-17,3:52:00 PM,01 - Clear,01 - Dry,01 - Traffic signal,02 - Intersection related,01 - Daylight,03 - P.D. only,04 - Sideswipe,Carlingwood - McKellar Park - Laurentien View
2925,CARLING AVE @ MAITLAND AVE/SHERBOURNE RD,362943.0324,5026488.527,-75.75764,45.37593,2017-10-26,9:33:00 AM,01 - Clear,01 - Dry,01 - Traffic signal,02 - Intersection related,01 - Daylight,03 - P.D. only,03 - Rear end,Carlingwood - McKellar Park - Laurentien View
2926,CARLING AVE @ MAITLAND AVE/SHERBOURNE RD,362943.1758,5026488.766,-75.75764,45.37593,2017-09-07,5:00:00 PM,02 - Rain,02 - Wet,01 - Traffic signal,02 - Intersection related,01 - Daylight,03 - P.D. only,04 - Sideswipe,Carlingwood - McKellar Park - Laurentien View
2927,CARLING AVE @ MAITLAND AVE/SHERBOURNE RD,362942.5369,5026487.606,-75.75764,45.37592,2017-11-11,4:15:00 PM,01 - Clear,01 - Dry,01 - Traffic signal,02 - Intersection related,01 - Daylight,03 - P.D. only,04 - Sideswipe,Carlingwood - McKellar Park - Laurentien View
2928,CARLING AVE @ MAITLAND AVE/SHERBOURNE RD,362943.0324,5026488.527,-75.75764,45.37593,2017-11-14,5:21:00 PM,01 - Clear,01 - Dry,01 - Traffic signal,02 - Intersection related,07 - Dark,03 - P.D. only,03 - Rear end,Carlingwood - McKellar Park - Laurentien View
2929,CARLING AVE @ MAITLAND AVE/SHERBOURNE RD,362943.1758,5026489.722,-75.75764,45.37594,2017-12-12,3:01:00 PM,03 - Snow,03 - Loose snow,01 - Traffic signal,02 - Intersection related,01 - Daylight,03 - P.D. only,03 - Rear end,Carlingwood - McKellar Park - Laurentien View
2930,CARLING AVE @ MAITLAND AVE/SHERBOURNE RD,362942.6979,5026489.237,-75.75764,45.37593,2017-12-13,9:37:00 AM,01 - Clear,04 - Slush,01 - Traffic signal,03 - At intersection,01 - Daylight,03 - P.D. only,02 - Angle,Carlingwood - McKellar Park - Laurentien View
2931,CARLING AVE @ MAITLAND AVE/SHERBOURNE RD,362942.6979,5026488.527,-75.75764,45.37593,2017-02-05,1:46:00 PM,03 - Snow,03 - Loose snow,01 - Traffic signal,02 - Intersection related,01 - Daylight,03 - P.D. only,03 - Rear end,Carlingwood - McKellar Park - Laurentien View
2932,CARLING AVE @ MAITLAND AVE/SHERBOURNE RD,362942.6692,5026489.737,-75.75764,45.37594,2017-02-10,6:45:00 AM,01 - Clear,06 - Ice,01 - Traffic signal,03 - At intersection,03 - Dawn,03 - P.D. only,03 - Rear end,Carlingwood - McKellar Park - Laurentien View
2933,CARLING AVE @ MAITLAND AVE/SHERBOURNE RD,362942.3635,5026490.534,-75.75765,45.37594,2017-02-23,3:53:00 PM,01 - Clear,01 - Dry,01 - Traffic signal,02 - Intersection related,01 - Daylight,03 - P.D. only,04 - Sideswipe,Carlingwood - McKellar Park - Laurentien View
2934,CARLING AVE @ MAITLAND AVE/SHERBOURNE RD,362942.22,5026488.766,-75.75765,45.37593,2017-12-19,8:55:00 AM,01 - Clear,01 - Dry,01 - Traffic signal,03 - At intersection,01 - Daylight,03 - P.D. only,03 - Rear end,Carlingwood - McKellar Park - Laurentien View
2935,CARLING AVE @ MCKELLAR AVE,362766.2783,5026376.869,-75.75991,45.37494,2017-10-08,2:15:00 PM,01 - Clear,01 - Dry,02 - Stop sign,02 - Intersection related,01 - Daylight,02 - Non-fatal injury,03 - Rear end,Carlingwood - McKellar Park - Laurentien View
2936,CARLING AVE @ MCKELLAR AVE,362765.2379,5026376.85,-75.75992,45.37494,2017-12-27,3:22:00 PM,01 - Clear,05 - Packed snow,02 - Stop sign,03 - At intersection,01 - Daylight,03 - P.D. only,07 - SMV other,Carlingwood - McKellar Park - Laurentien View
2937,CARLING AVE @ MELROSE AVE,365969.702,5028390.882,-75.71876,45.39279,2017-11-30,5:44:00 PM,03 - Snow,02 - Wet,02 - Stop sign,02 - Intersection related,07 - Dark,03 - P.D. only,02 - Angle,Civic Hospital - Experimental Farm - Central Park
2938,CARLING AVE @ MELROSE AVE,365970.3709,5028393.558,-75.71875,45.39281,2017-03-23,10:48:00 AM,01 - Clear,01 - Dry,02 - Stop sign,03 - At intersection,01 - Daylight,03 - P.D. only,02 - Angle,Civic Hospital - Experimental Farm - Central Park
2939,CARLING AVE @ MERIVALE RD,364894.3694,5027700.544,-75.73258,45.38667,2017-06-29,7:18:00 PM,02 - Rain,02 - Wet,01 - Traffic signal,03 - At intersection,01 - Daylight,02 - Non-fatal injury,05 - Turning movement,Carlington
2940,CARLING AVE @ MERIVALE RD,364894.2304,5027699.834,-75.73258,45.38666,2017-08-26,12:00:00 AM,01 - Clear,01 - Dry,01 - Traffic signal,03 - At intersection,00 - Unknown,02 - Non-fatal injury,02 - Angle,Carlington
2941,CARLING AVE @ MERIVALE RD,364894.7038,5027700.24,-75.73257,45.38666,2017-08-03,2:00:00 PM,01 - Clear,01 - Dry,01 - Traffic signal,02 - Intersection related,01 - Daylight,03 - P.D. only,03 - Rear end,Carlington
2942,CARLING AVE @ MERIVALE RD,364895.163,5027700.315,-75.73257,45.38666,2017-08-07,11:01:00 AM,01 - Clear,01 - Dry,01 - Traffic signal,03 - At intersection,01 - Daylight,03 - P.D. only,02 - Angle,Carlington
2943,CARLING AVE @ MERIVALE RD,364895.1772,5027700.781,-75.73257,45.38667,2017-11-08,4:20:00 PM,01 - Clear,01 - Dry,01 - Traffic signal,03 - At intersection,01 - Daylight,03 - P.D. only,03 - Rear end,Carlington
2944,CARLING AVE @ MERIVALE RD,364895.1817,5027699.827,-75.73257,45.38666,2017-11-03,1:34:00 PM,01 - Clear,01 - Dry,01 - Traffic signal,03 - At intersection,01 - Daylight,03 - P.D. only,02 - Angle,Carlington
2945,CARLING AVE @ MERIVALE RD,364894.7038,5027699.73,-75.73257,45.38666,2017-01-20,1:52:00 PM,01 - Clear,01 - Dry,01 - Traffic signal,03 - At intersection,01 - Daylight,03 - P.D. only,02 - Angle,Carlington
2946,CARLING AVE @ MERIVALE RD,364894.1574,5027699.998,-75.73258,45.38666,2017-01-24,3:00:00 PM,01 - Clear,02 - Wet,01 - Traffic signal,02 - Intersection related,01 - Daylight,03 - P.D. only,03 - Rear end,Carlington
2947,CARLING AVE @ MERIVALE RD,364894.3694,5027699.206,-75.73258,45.38666,2017-03-14,12:39:00 PM,03 - Snow,03 - Loose snow,01 - Traffic signal,02 - Intersection related,01 - Daylight,03 - P.D. only,03 - Rear end,Carlington
2948,CARLING AVE @ MERIVALE RD,364894.7038,5027700.781,-75.73257,45.38667,2017-12-19,10:01:00 AM,03 - Snow,04 - Slush,01 - Traffic signal,03 - At intersection,01 - Daylight,02 - Non-fatal injury,02 - Angle,Carlington
2949,CARLING AVE @ MERIVALE RD EXTENSION,364950.5566,5027732.651,-75.73186,45.38695,2017-07-11,5:28:00 PM,01 - Clear,01 - Dry,02 - Stop sign,02 - Intersection related,01 - Daylight,03 - P.D. only,03 - Rear end,Carlington
2950,CARLING AVE @ MOODIE DR/JAMES CUMMINGS AVE W,356002.6582,5023938.18,-75.84651,45.35352,2017-05-02,12:47:00 PM,01 - Clear,01 - Dry,01 - Traffic signal,02 - Intersection related,01 - Daylight,02 - Non-fatal injury,05 - Turning movement,Greenbelt
2951,CARLING AVE @ MOODIE DR/JAMES CUMMINGS AVE W,356002.224,5023935.895,-75.84652,45.3535,2017-08-24,8:30:00 PM,01 - Clear,01 - Dry,01 - Traffic signal,02 - Intersection related,05 - Dusk,03 - P.D. only,07 - SMV other,Greenbelt
2952,CARLING AVE @ MOODIE DR/JAMES CUMMINGS AVE W,356001.6549,5023938.228,-75.84652,45.35352,2017-09-09,2:15:00 PM,01 - Clear,01 - Dry,01 - Traffic signal,03 - At intersection,01 - Daylight,02 - Non-fatal injury,05 - Turning movement,Greenbelt
2953,CARLING AVE @ MOODIE DR/JAMES CUMMINGS AVE W,356001.3205,5023937.511,-75.84653,45.35351,2017-11-27,9:02:00 AM,01 - Clear,01 - Dry,01 - Traffic signal,02 - Intersection related,01 - Daylight,03 - P.D. only,03 - Rear end,Greenbelt
2954,CARLING AVE @ MOODIE DR/JAMES CUMMINGS AVE W,356001.771,5023937.196,-75.84652,45.35351,2017-11-24,4:57:00 PM,01 - Clear,01 - Dry,01 - Traffic signal,03 - At intersection,07 - Dark,02 - Non-fatal injury,05 - Turning movement,Greenbelt
2955,CARLING AVE @ MOODIE DR/JAMES CUMMINGS AVE W,356002.1283,5023937.748,-75.84652,45.35352,2017-12-12,9:15:00 AM,03 - Snow,04 - Slush,01 - Traffic signal,02 - Intersection related,01 - Daylight,03 - P.D. only,03 - Rear end,Greenbelt
2956,CARLING AVE @ MOODIE DR/JAMES CUMMINGS AVE W,356001.3205,5023936.842,-75.84653,45.35351,2017-02-17,4:43:00 PM,01 - Clear,01 - Dry,01 - Traffic signal,03 - At intersection,01 - Daylight,03 - P.D. only,02 - Angle,Greenbelt
2957,CARLING AVE @ MOODIE DR/JAMES CUMMINGS AVE W,355999.944,5023936.302,-75.84654,45.3535,2017-01-13,5:03:00 PM,01 - Clear,01 - Dry,01 - Traffic signal,03 - At intersection,05 - Dusk,03 - P.D. only,05 - Turning movement,Greenbelt
2958,CARLING AVE @ MOODIE DR/JAMES CUMMINGS AVE W,356003.3271,5023938.849,-75.8465,45.35353,2017-02-22,5:15:00 AM,01 - Clear,02 - Wet,01 - Traffic signal,02 - Intersection related,07 - Dark,03 - P.D. only,07 - SMV other,Crystal Bay - Lakeview Park - Britannia Village
2959,CARLING AVE @ NORTON AVE,360636.9454,5025011.848,-75.78725,45.36283,2017-09-03,4:32:00 PM,01 - Clear,02 - Wet,02 - Stop sign,03 - At intersection,01 - Daylight,03 - P.D. only,05 - Turning movement,Whitehaven - Queensway Terrace North
2960,CARLING AVE @ OTTAWA RIVER PKWY WB,360857.6283,5025170.757,-75.78441,45.36424,2017-12-24,2:47:00 PM,01 - Clear,02 - Wet,03 - Yield sign,03 - At intersection,01 - Daylight,03 - P.D. only,03 - Rear end,Woodroffe - Lincoln Heights
2961,CARLING AVE @ OTTAWA RIVER PKWY WB,360856.6815,5025170.52,-75.78442,45.36424,2017-07-07,11:41:00 AM,01 - Clear,01 - Dry,03 - Yield sign,02 - Intersection related,01 - Daylight,03 - P.D. only,03 - Rear end,Woodroffe - Lincoln Heights
2962,CARLING AVE @ PARKDALE AVE,365627.2621,5028172.87,-75.72316,45.39085,2017-07-16,1:45:00 PM,01 - Clear,01 - Dry,01 - Traffic signal,02 - Intersection related,01 - Daylight,03 - P.D. only,02 - Angle,Civic Hospital - Experimental Farm - Central Park
2963,CARLING AVE @ PARKDALE AVE,365627.2146,5028172.87,-75.72316,45.39085,2017-02-16,5:43:00 PM,03 - Snow,04 - Slush,01 - Traffic signal,02 - Intersection related,05 - Dusk,03 - P.D. only,06 - SMV unattended vehicle,Civic Hospital - Experimental Farm - Central Park
2964,CARLING AVE @ PINECREST  RD/GREENVIEW AVE,360007.2772,5024632.227,-75.79533,45.35946,2017-07-19,12:53:00 PM,01 - Clear,01 - Dry,01 - Traffic signal,02 - Intersection related,01 - Daylight,03 - P.D. only,03 - Rear end,Whitehaven - Queensway Terrace North
2965,CARLING AVE @ PINECREST  RD/GREENVIEW AVE,360006.3413,5024634.535,-75.79534,45.35948,2017-06-30,11:59:00 AM,02 - Rain,02 - Wet,01 - Traffic signal,02 - Intersection related,01 - Daylight,03 - P.D. only,03 - Rear end,Whitehaven - Queensway Terrace North
2966,CARLING AVE @ PINECREST  RD/GREENVIEW AVE,360007.679,5024633.197,-75.79532,45.35947,2017-06-28,4:35:00 PM,01 - Clear,01 - Dry,01 - Traffic signal,02 - Intersection related,01 - Daylight,02 - Non-fatal injury,03 - Rear end,Whitehaven - Queensway Terrace North
2967,CARLING AVE @ PINECREST  RD/GREENVIEW AVE,360006.2023,5024632.765,-75.79534,45.35947,2017-09-02,7:05:00 PM,01 - Clear,01 - Dry,01 - Traffic signal,02 - Intersection related,01 - Daylight,03 - P.D. only,03 - Rear end,Whitehaven - Queensway Terrace North
2968,CARLING AVE @ PINECREST  RD/GREENVIEW AVE,360007.2845,5024632.832,-75.79533,45.35947,2017-08-01,4:13:00 PM,01 - Clear,01 - Dry,01 - Traffic signal,02 - Intersection related,01 - Daylight,03 - P.D. only,04 - Sideswipe,Whitehaven - Queensway Terrace North
2969,CARLING AVE @ PINECREST  RD/GREENVIEW AVE,360006.5903,5024632.516,-75.79533,45.35946,2017-08-01,6:54:00 PM,01 - Clear,01 - Dry,01 - Traffic signal,03 - At intersection,01 - Daylight,03 - P.D. only,05 - Turning movement,Whitehaven - Queensway Terrace North
2970,CARLING AVE @ PINECREST  RD/GREENVIEW AVE,360006.2073,5024635.549,-75.79534,45.35949,2017-09-27,3:10:00 PM,02 - Rain,02 - Wet,01 - Traffic signal,02 - Intersection related,01 - Daylight,02 - Non-fatal injury,07 - SMV other,Whitehaven - Queensway Terrace North
2971,CARLING AVE @ PINECREST  RD/GREENVIEW AVE,360005.0035,5024633.197,-75.79535,45.35947,2017-10-29,7:42:00 PM,02 - Rain,02 - Wet,01 - Traffic signal,03 - At intersection,07 - Dark,03 - P.D. only,02 - Angle,Whitehaven - Queensway Terrace North
2972,CARLING AVE @ PINECREST  RD/GREENVIEW AVE,360007.0102,5024631.19,-75.79533,45.35945,2017-11-07,9:41:00 PM,01 - Clear,01 - Dry,01 - Traffic signal,03 - At intersection,07 - Dark,03 - P.D. only,05 - Turning movement,Whitehaven - Queensway Terrace North
2973,CARLING AVE @ PINECREST  RD/GREENVIEW AVE,360007.0102,5024634.535,-75.79533,45.35948,2017-02-16,10:25:00 AM,01 - Clear,01 - Dry,01 - Traffic signal,03 - At intersection,01 - Daylight,03 - P.D. only,04 - Sideswipe,Whitehaven - Queensway Terrace North
2974,CARLING AVE @ PINECREST  RD/GREENVIEW AVE,360006.6757,5024631.982,-75.79533,45.35946,2017-02-02,3:30:00 PM,01 - Clear,02 - Wet,01 - Traffic signal,02 - Intersection related,01 - Daylight,03 - P.D. only,03 - Rear end,Whitehaven - Queensway Terrace North
2975,CARLING AVE @ PINECREST  RD/GREENVIEW AVE,360007.0102,5024631.19,-75.79533,45.35945,2017-02-28,3:56:00 PM,01 - Clear,01 - Dry,01 - Traffic signal,02 - Intersection related,01 - Daylight,03 - P.D. only,03 - Rear end,Whitehaven - Queensway Terrace North
2976,CARLING AVE @ PINECREST  RD/GREENVIEW AVE,360006.6755,5024632.528,-75.79533,45.35946,2017-03-24,2:19:00 PM,03 - Snow,02 - Wet,01 - Traffic signal,03 - At intersection,01 - Daylight,02 - Non-fatal injury,02 - Angle,Whitehaven - Queensway Terrace North
2977,CARLING AVE @ PINECREST  RD/GREENVIEW AVE,360007.7892,5024631.978,-75.79532,45.35946,2017-12-22,12:53:00 PM,03 - Snow,04 - Slush,01 - Traffic signal,02 - Intersection related,01 - Daylight,03 - P.D. only,03 - Rear end,Whitehaven - Queensway Terrace North
2978,CARLING AVE @ PRESTON ST,366829.3756,5028934.885,-75.70772,45.3976,2017-06-26,8:54:00 AM,01 - Clear,01 - Dry,01 - Traffic signal,03 - At intersection,01 - Daylight,02 - Non-fatal injury,05 - Turning movement,Centretown West
2979,CARLING AVE @ PRESTON ST,366831.1114,5028935.029,-75.70769,45.39761,2017-04-26,4:44:00 PM,01 - Clear,01 - Dry,01 - Traffic signal,02 - Intersection related,01 - Daylight,03 - P.D. only,03 - Rear end,Centretown West
2980,CARLING AVE @ PRESTON ST,366830.7133,5028936.891,-75.7077,45.39762,2017-04-27,4:07:00 PM,01 - Clear,01 - Dry,01 - Traffic signal,02 - Intersection related,01 - Daylight,03 - P.D. only,03 - Rear end,Centretown West
2981,CARLING AVE @ PRESTON ST,366829.71,5028935.249,-75.70771,45.39761,2017-07-29,12:57:00 AM,01 - Clear,01 - Dry,01 - Traffic signal,02 - Intersection related,07 - Dark,02 - Non-fatal injury,02 - Angle,Centretown West
2982,CARLING AVE @ PRESTON ST,366829.1636,5028936.1,-75.70772,45.39762,2017-10-14,3:47:00 PM,01 - Clear,01 - Dry,01 - Traffic signal,03 - At intersection,01 - Daylight,03 - P.D. only,07 - SMV other,Centretown West
2983,CARLING AVE @ PRESTON ST,366830.7133,5028936.222,-75.7077,45.39762,2017-12-01,2:10:00 PM,02 - Rain,02 - Wet,01 - Traffic signal,03 - At intersection,01 - Daylight,02 - Non-fatal injury,07 - SMV other,Centretown West
2984,CARLING AVE @ PRESTON ST,366828.8081,5028936.23,-75.70772,45.39762,2017-11-29,7:36:00 AM,01 - Clear,02 - Wet,01 - Traffic signal,02 - Intersection related,01 - Daylight,03 - P.D. only,04 - Sideswipe,Centretown West
2985,CARLING AVE @ PRESTON ST,366829.71,5028935.779,-75.70771,45.39761,2017-02-10,1:45:00 PM,01 - Clear,01 - Dry,01 - Traffic signal,02 - Intersection related,01 - Daylight,03 - P.D. only,03 - Rear end,Centretown West
2986,CARLING AVE @ PRESTON ST,366830.0445,5028936.891,-75.70771,45.39762,2017-03-21,6:10:00 PM,01 - Clear,01 - Dry,01 - Traffic signal,03 - At intersection,05 - Dusk,03 - P.D. only,05 - Turning movement,Centretown West
2987,CARLING AVE @ PRESTON ST,366830.0445,5028934.885,-75.70771,45.3976,2017-03-06,4:53:00 PM,03 - Snow,06 - Ice,01 - Traffic signal,02 - Intersection related,01 - Daylight,03 - P.D. only,02 - Angle,Centretown West
2988,CARLING AVE @ REX AVE,363031.4476,5026526.619,-75.7565,45.37626,2017-08-25,2:46:00 PM,01 - Clear,01 - Dry,02 - Stop sign,02 - Intersection related,01 - Daylight,03 - P.D. only,04 - Sideswipe,Carlingwood West - Glabar Park - McKellar Heights