Record,Location,X,Y,Longitude,Latitude,Date,Time,Environment,Road_Surface,Traffic_Control,Collision_Location,Light,Collision_Classification,Impact_type,Neighborhood
2989,CARLING AVE @ RICHARDSON SIDE RD,351834.9556,5022268.487,-75.89986,45.33879,2017-06-07,5:13:00 PM,01 - Clear,01 - Dry,02 - Stop sign,03 - At intersection,01 - Daylight,02 - Non-fatal injury,05 - Turning movement,South March
2990,CARLING AVE @ RICHARDSON SIDE RD,351835.1099,5022273.472,-75.89985,45.33883,2017-11-15,4:00:00 PM,01 - Clear,01 - Dry,02 - Stop sign,02 - Intersection related,01 - Daylight,03 - P.D. only,03 - Rear end,South March
2991,CARLING AVE @ RICHMOND RD,360246.0135,5024782.181,-75.79226,45.36079,2017-06-07,11:02:00 PM,01 - Clear,01 - Dry,01 - Traffic signal,03 - At intersection,07 - Dark,02 - Non-fatal injury,07 - SMV other,Whitehaven - Queensway Terrace North
2992,CARLING AVE @ RICHMOND RD,360246.6823,5024782.181,-75.79225,45.36079,2017-06-09,10:33:00 AM,01 - Clear,01 - Dry,01 - Traffic signal,03 - At intersection,01 - Daylight,03 - P.D. only,05 - Turning movement,Whitehaven - Queensway Terrace North
2993,CARLING AVE @ RICHMOND RD,360246.32,5024780.871,-75.79226,45.36078,2017-08-10,12:16:00 PM,01 - Clear,01 - Dry,01 - Traffic signal,02 - Intersection related,01 - Daylight,03 - P.D. only,03 - Rear end,Whitehaven - Queensway Terrace North
2994,CARLING AVE @ RICHMOND RD,360245.3446,5024782.85,-75.79227,45.3608,2017-10-11,1:00:00 PM,01 - Clear,01 - Dry,01 - Traffic signal,02 - Intersection related,01 - Daylight,03 - P.D. only,03 - Rear end,Whitehaven - Queensway Terrace North
2995,CARLING AVE @ RICHMOND RD,360246.6258,5024782.222,-75.79225,45.36079,2017-09-24,9:50:00 PM,01 - Clear,01 - Dry,01 - Traffic signal,03 - At intersection,07 - Dark,03 - P.D. only,02 - Angle,Whitehaven - Queensway Terrace North
2996,CARLING AVE @ RICHMOND RD,360246.2255,5024781.512,-75.79226,45.36079,2017-09-10,2:31:00 PM,01 - Clear,01 - Dry,01 - Traffic signal,02 - Intersection related,01 - Daylight,03 - P.D. only,04 - Sideswipe,Whitehaven - Queensway Terrace North
2997,CARLING AVE @ RICHMOND RD,360246.6348,5024782.229,-75.79225,45.36079,2017-12-07,11:20:00 AM,01 - Clear,01 - Dry,01 - Traffic signal,02 - Intersection related,01 - Daylight,03 - P.D. only,03 - Rear end,Whitehaven - Queensway Terrace North
2998,CARLING AVE @ RICHMOND RD,360246.6258,5024781.749,-75.79225,45.36079,2017-11-28,2:25:00 PM,01 - Clear,01 - Dry,01 - Traffic signal,02 - Intersection related,01 - Daylight,03 - P.D. only,03 - Rear end,Whitehaven - Queensway Terrace North
2999,CARLING AVE @ RICHMOND RD,360245.679,5024781.273,-75.79227,45.36078,2017-11-28,1:30:00 PM,01 - Clear,03 - Loose snow,01 - Traffic signal,02 - Intersection related,01 - Daylight,03 - P.D. only,03 - Rear end,Whitehaven - Queensway Terrace North
3000,CARLING AVE @ RICHMOND RD,360246.6823,5024782.181,-75.79225,45.36079,2017-11-27,3:19:00 PM,01 - Clear,01 - Dry,01 - Traffic signal,02 - Intersection related,01 - Daylight,03 - P.D. only,03 - Rear end,Whitehaven - Queensway Terrace North
3001,CARLING AVE @ RICHMOND RD,360244.5861,5024781.512,-75.79228,45.36079,2017-01-26,5:34:00 PM,01 - Clear,01 - Dry,01 - Traffic signal,03 - At intersection,05 - Dusk,03 - P.D. only,02 - Angle,Whitehaven - Queensway Terrace North
3002,CARLING AVE @ RICHMOND RD,360246.6823,5024782.181,-75.79225,45.36079,2017-02-06,1:53:00 PM,01 - Clear,02 - Wet,01 - Traffic signal,02 - Intersection related,01 - Daylight,03 - P.D. only,99 - Other,Whitehaven - Queensway Terrace North
3003,CARLING AVE @ RICHMOND RD,360245.679,5024780.387,-75.79227,45.36078,2017-02-12,2:25:00 PM,01 - Clear,06 - Ice,01 - Traffic signal,02 - Intersection related,01 - Daylight,03 - P.D. only,03 - Rear end,Whitehaven - Queensway Terrace North
3004,CARLING AVE @ RICHMOND RD,360246.0135,5024781.512,-75.79226,45.36079,2017-04-13,3:38:00 PM,01 - Clear,01 - Dry,01 - Traffic signal,02 - Intersection related,01 - Daylight,03 - P.D. only,03 - Rear end,Whitehaven - Queensway Terrace North
3005,CARLING AVE @ RICHMOND RD,360244.6757,5024782.181,-75.79228,45.36079,2017-03-09,5:46:00 PM,01 - Clear,06 - Ice,01 - Traffic signal,02 - Intersection related,01 - Daylight,03 - P.D. only,03 - Rear end,Whitehaven - Queensway Terrace North
3006,CARLING AVE @ RICHMOND RD,360246.0135,5024782.85,-75.79226,45.3608,2017-02-28,10:13:00 AM,01 - Clear,01 - Dry,01 - Traffic signal,03 - At intersection,01 - Daylight,03 - P.D. only,02 - Angle,Whitehaven - Queensway Terrace North
3007,CARLING AVE @ RICHMOND RD,360244.0025,5024782.577,-75.79229,45.36079,2017-12-22,1:45:00 PM,03 - Snow,03 - Loose snow,01 - Traffic signal,03 - At intersection,01 - Daylight,03 - P.D. only,05 - Turning movement,Whitehaven - Queensway Terrace North
3008,CARLING AVE @ RITCHIE ST,359591.1365,5024366.512,-75.80067,45.3571,2017-01-14,1:40:00 AM,01 - Clear,06 - Ice,01 - Traffic signal,02 - Intersection related,07 - Dark,03 - P.D. only,05 - Turning movement,Whitehaven - Queensway Terrace North
3009,CARLING AVE @ ROCHESTER ST,366991.767,5029043.275,-75.70563,45.39857,2017-05-19,4:46:00 PM,01 - Clear,01 - Dry,02 - Stop sign,02 - Intersection related,01 - Daylight,03 - P.D. only,04 - Sideswipe,Centretown West
3010,CARLING AVE @ ROCKY POINT RD,357034.8944,5023786.741,-75.83335,45.35208,2017-01-05,7:56:00 AM,03 - Snow,04 - Slush,02 - Stop sign,03 - At intersection,01 - Daylight,03 - P.D. only,02 - Angle,Crystal Bay - Lakeview Park - Britannia Village
3011,CARLING AVE @ SCHNEIDER RD,351622.0516,5022239.072,-75.90258,45.33854,2017-01-06,10:39:00 AM,01 - Clear,02 - Wet,02 - Stop sign,02 - Intersection related,01 - Daylight,03 - P.D. only,03 - Rear end,South March
3012,CARLING AVE @ SCRIVENS ST,359423.3336,5024259.181,-75.80282,45.35615,2017-06-15,9:23:00 PM,02 - Rain,02 - Wet,01 - Traffic signal,03 - At intersection,07 - Dark,03 - P.D. only,99 - Other,Bayshore
3013,CARLING AVE @ SCRIVENS ST,359422.7632,5024257.352,-75.80283,45.35613,2017-02-10,1:22:00 PM,01 - Clear,01 - Dry,01 - Traffic signal,02 - Intersection related,01 - Daylight,03 - P.D. only,03 - Rear end,Bayshore
3014,CARLING AVE @ SCRIVENS ST,359423.7243,5024258.572,-75.80282,45.35614,2017-12-25,4:50:00 PM,01 - Clear,04 - Slush,01 - Traffic signal,03 - At intersection,05 - Dusk,03 - P.D. only,05 - Turning movement,Bayshore
3015,CARLING AVE @ SCRIVENS ST,359423.6244,5024258.513,-75.80282,45.35614,2017-12-22,3:03:00 PM,03 - Snow,03 - Loose snow,01 - Traffic signal,02 - Intersection related,01 - Daylight,03 - P.D. only,07 - SMV other,Bayshore
3016,CARLING AVE @ TAVISTOCK RD,360698.8338,5025069.652,-75.78645,45.36334,2017-09-26,9:21:00 AM,01 - Clear,01 - Dry,02 - Stop sign,03 - At intersection,01 - Daylight,03 - P.D. only,02 - Angle,Whitehaven - Queensway Terrace North
3017,CARLING AVE @ TAVISTOCK RD,360701.2242,5025070.539,-75.78642,45.36335,2017-12-05,7:27:00 AM,02 - Rain,02 - Wet,02 - Stop sign,02 - Intersection related,03 - Dawn,03 - P.D. only,03 - Rear end,Whitehaven - Queensway Terrace North
3018,CARLING AVE @ TRANSITWAY - LINCOLN FIE,361137.0145,5025350.854,-75.78082,45.36584,2017-11-04,5:33:00 PM,01 - Clear,01 - Dry,01 - Traffic signal,02 - Intersection related,07 - Dark,03 - P.D. only,03 - Rear end,Woodroffe - Lincoln Heights
3019,CARLING AVE @ VISCOUNT AVE,365131.0392,5027850.217,-75.72954,45.38799,2017-02-17,3:14:00 PM,01 - Clear,02 - Wet,01 - Traffic signal,02 - Intersection related,01 - Daylight,03 - P.D. only,04 - Sideswipe,Carlington
3020,CARLING AVE @ WOODROFFE AVE W,361766.6803,5025724.845,-75.77274,45.36915,2017-05-11,12:20:00 PM,01 - Clear,01 - Dry,01 - Traffic signal,02 - Intersection related,01 - Daylight,03 - P.D. only,04 - Sideswipe,Carlingwood West - Glabar Park - McKellar Heights
3021,CARLING AVE @ WOODROFFE AVE W,361767.6836,5025724.872,-75.77273,45.36915,2017-08-16,4:24:00 PM,01 - Clear,01 - Dry,01 - Traffic signal,03 - At intersection,01 - Daylight,02 - Non-fatal injury,05 - Turning movement,Carlingwood West - Glabar Park - McKellar Heights
3022,CARLING AVE @ WOODROFFE AVE W,361767.0821,5025726.416,-75.77274,45.36917,2017-08-01,1:00:00 PM,01 - Clear,01 - Dry,01 - Traffic signal,02 - Intersection related,01 - Daylight,03 - P.D. only,03 - Rear end,Carlingwood West - Glabar Park - McKellar Heights
3023,CARLING AVE @ WOODROFFE AVE W,361767.3492,5025725.514,-75.77274,45.36916,2017-06-30,7:47:00 AM,01 - Clear,01 - Dry,01 - Traffic signal,03 - At intersection,01 - Daylight,03 - P.D. only,05 - Turning movement,Carlingwood West - Glabar Park - McKellar Heights
3024,CARLING AVE @ WOODROFFE AVE W,361767.0748,5025725.818,-75.77274,45.36916,2017-07-26,5:06:00 PM,01 - Clear,01 - Dry,01 - Traffic signal,02 - Intersection related,01 - Daylight,02 - Non-fatal injury,03 - Rear end,Carlingwood West - Glabar Park - McKellar Heights
3025,CARLING AVE @ WOODROFFE AVE W,361768.3246,5025726.155,-75.77272,45.36916,2017-08-20,11:29:00 AM,01 - Clear,01 - Dry,01 - Traffic signal,02 - Intersection related,01 - Daylight,03 - P.D. only,03 - Rear end,Carlingwood West - Glabar Park - McKellar Heights
3026,CARLING AVE @ WOODROFFE AVE W,361767.6836,5025724.843,-75.77273,45.36915,2017-09-07,4:33:00 PM,02 - Rain,02 - Wet,01 - Traffic signal,02 - Intersection related,01 - Daylight,03 - P.D. only,03 - Rear end,Carlingwood West - Glabar Park - McKellar Heights
3027,CARLING AVE @ WOODROFFE AVE W,361767.3492,5025725.514,-75.77274,45.36916,2017-11-22,6:19:00 PM,01 - Clear,01 - Dry,01 - Traffic signal,02 - Intersection related,07 - Dark,03 - P.D. only,04 - Sideswipe,Carlingwood West - Glabar Park - McKellar Heights
3028,CARLING AVE @ WOODROFFE AVE W,361768.6394,5025724.319,-75.77272,45.36915,2017-12-08,12:05:00 PM,01 - Clear,01 - Dry,01 - Traffic signal,02 - Intersection related,01 - Daylight,03 - P.D. only,03 - Rear end,Carlingwood West - Glabar Park - McKellar Heights
3029,CARLING AVE @ WOODROFFE AVE W,361767.3492,5025724.845,-75.77274,45.36915,2017-11-24,4:13:00 PM,01 - Clear,01 - Dry,01 - Traffic signal,02 - Intersection related,05 - Dusk,03 - P.D. only,03 - Rear end,Carlingwood West - Glabar Park - McKellar Heights
3030,CARLING AVE @ WOODROFFE AVE W,361767.8827,5025724.862,-75.77273,45.36915,2017-11-23,11:07:00 AM,04 - Freezing Rain,06 - Ice,01 - Traffic signal,02 - Intersection related,01 - Daylight,03 - P.D. only,03 - Rear end,Carlingwood West - Glabar Park - McKellar Heights
3031,CARLING AVE @ WOODROFFE AVE W,361766.1827,5025725.138,-75.77275,45.36915,2017-02-10,9:15:00 AM,03 - Snow,04 - Slush,01 - Traffic signal,02 - Intersection related,01 - Daylight,03 - P.D. only,03 - Rear end,Carlingwood West - Glabar Park - McKellar Heights
3032,CARLING AVE @ WOODROFFE AVE W,361766.9331,5025723.637,-75.77274,45.36914,2017-02-14,8:01:00 AM,01 - Clear,02 - Wet,01 - Traffic signal,02 - Intersection related,01 - Daylight,02 - Non-fatal injury,03 - Rear end,Carlingwood West - Glabar Park - McKellar Heights
3033,CARLING AVE @ WOODROFFE AVE W,361767.7672,5025726.015,-75.77273,45.36916,2017-02-15,9:38:00 PM,01 - Clear,05 - Packed snow,01 - Traffic signal,02 - Intersection related,07 - Dark,03 - P.D. only,04 - Sideswipe,Carlingwood West - Glabar Park - McKellar Heights
3034,CARLING AVE @ WOODROFFE AVE W,361768.6304,5025724.33,-75.77272,45.36915,2017-01-15,10:48:00 AM,01 - Clear,01 - Dry,01 - Traffic signal,02 - Intersection related,01 - Daylight,03 - P.D. only,03 - Rear end,Carlingwood West - Glabar Park - McKellar Heights
3035,CARLING AVE @ WOODROFFE AVE W,361768.0181,5025725.514,-75.77273,45.36916,2017-03-02,6:21:00 PM,01 - Clear,01 - Dry,01 - Traffic signal,02 - Intersection related,05 - Dusk,02 - Non-fatal injury,07 - SMV other,Carlingwood West - Glabar Park - McKellar Heights
3036,CARLING AVE @ WOODROFFE AVE W,361766.0114,5025724.845,-75.77275,45.36915,2017-02-28,7:12:00 PM,01 - Clear,02 - Wet,01 - Traffic signal,03 - At intersection,07 - Dark,03 - P.D. only,05 - Turning movement,Carlingwood West - Glabar Park - McKellar Heights
3037,CARLING AVE @ WOODROFFE AVE W,361768.6869,5025726.182,-75.77272,45.36916,2017-03-14,3:20:00 PM,03 - Snow,03 - Loose snow,01 - Traffic signal,02 - Intersection related,01 - Daylight,03 - P.D. only,04 - Sideswipe,Carlingwood West - Glabar Park - McKellar Heights
3038,CARLING AVE @ WOODROFFE AVE W,361767.2102,5025725.75,-75.77274,45.36916,2017-12-18,3:29:00 PM,01 - Clear,04 - Slush,01 - Traffic signal,03 - At intersection,01 - Daylight,03 - P.D. only,03 - Rear end,Carlingwood West - Glabar Park - McKellar Heights
3039,CARLING AVE @ WOODROFFE AVE W,361767.2102,5025724.33,-75.77274,45.36915,2017-12-20,10:20:00 AM,01 - Clear,01 - Dry,01 - Traffic signal,02 - Intersection related,01 - Daylight,03 - P.D. only,05 - Turning movement,Carlingwood West - Glabar Park - McKellar Heights
3040,CARLING AVE @ WOODROFFE AVE W,361768.6304,5025724.33,-75.77272,45.36915,2017-12-21,12:41:00 PM,01 - Clear,06 - Ice,01 - Traffic signal,02 - Intersection related,01 - Daylight,03 - P.D. only,03 - Rear end,Carlingwood West - Glabar Park - McKellar Heights
3041,CARLING AVE @ WYLIE AVE,359142.4598,5024078.246,-75.80642,45.35454,2017-10-22,12:00:00 PM,01 - Clear,01 - Dry,02 - Stop sign,03 - At intersection,01 - Daylight,02 - Non-fatal injury,02 - Angle,Bayshore
3042,CARLING AVE @ WYLIE AVE,359140.6682,5024079.144,-75.80645,45.35455,2017-01-28,4:06:00 PM,01 - Clear,01 - Dry,02 - Stop sign,02 - Intersection related,05 - Dusk,03 - P.D. only,04 - Sideswipe,Bayshore
3043,CARLING AVE btwn BAYFIELD AVE & BURKE RD,352661.3938,5022553.805,-75.88929,45.3413,2017-05-26,1:27:00 AM,"07 - Fog, mist, smoke, dust",02 - Wet,10 - No control,01 - Non intersection,07 - Dark,03 - P.D. only,03 - Rear end,Greenbelt
3044,CARLING AVE btwn BEDALE DR & NAUTICA PRIV,357357.1603,5023659.718,-75.82925,45.35091,2017-03-17,3:30:00 PM,01 - Clear,02 - Wet,10 - No control,01 - Non intersection,01 - Daylight,03 - P.D. only,07 - SMV other,Crystal Bay - Lakeview Park - Britannia Village
3045,CARLING AVE btwn BURKE RD & DEFENSE  RESEARCH COMPLEX,352902.8038,5022704.522,-75.88619,45.34264,2017-08-29,4:57:00 PM,01 - Clear,01 - Dry,10 - No control,04 - At/near private drive,01 - Daylight,02 - Non-fatal injury,05 - Turning movement,Greenbelt
3046,CARLING AVE btwn CAMBRIDGE ST S & BRONSON AVE,367371.7873,5029272.686,-75.70074,45.4006,2017-05-15,5:09:00 PM,01 - Clear,01 - Dry,10 - No control,01 - Non intersection,01 - Daylight,02 - Non-fatal injury,04 - Sideswipe,The Glebe
3047,CARLING AVE btwn DAVIDSON'S SIDE RD & GRANDVIEW RD,355055.3524,5024028.332,-75.85859,45.3544,2017-04-27,4:48:00 PM,01 - Clear,01 - Dry,10 - No control,01 - Non intersection,01 - Daylight,02 - Non-fatal injury,03 - Rear end,Crystal Bay - Lakeview Park - Britannia Village
3048,CARLING AVE btwn DAVIDSON'S SIDE RD & GRANDVIEW RD,354422.7566,5023639.345,-75.8667,45.35094,2017-07-27,6:56:00 AM,01 - Clear,01 - Dry,10 - No control,01 - Non intersection,01 - Daylight,03 - P.D. only,07 - SMV other,Greenbelt
3049,CARLING AVE btwn DAVIDSON'S SIDE RD & GRANDVIEW RD,355536.9555,5024125.051,-75.85243,45.35523,2017-09-13,10:59:00 PM,01 - Clear,01 - Dry,10 - No control,01 - Non intersection,07 - Dark,03 - P.D. only,03 - Rear end,Crystal Bay - Lakeview Park - Britannia Village
3050,CARLING AVE btwn DAVIDSON'S SIDE RD & GRANDVIEW RD,354506.6883,5023697.963,-75.86563,45.35147,2017-11-16,12:45:00 PM,02 - Rain,02 - Wet,10 - No control,01 - Non intersection,01 - Daylight,03 - P.D. only,07 - SMV other,Crystal Bay - Lakeview Park - Britannia Village
3051,CARLING AVE btwn DEFENSE  RESEARCH COMPLEX & RIFLE RD,353483.1752,5023059.453,-75.87875,45.34579,2017-08-16,5:16:00 PM,01 - Clear,01 - Dry,10 - No control,01 - Non intersection,01 - Daylight,03 - P.D. only,03 - Rear end,Greenbelt
3052,CARLING AVE btwn DEFENSE  RESEARCH COMPLEX & RIFLE RD,353718.3971,5023208.146,-75.87573,45.34711,2017-10-27,4:53:00 PM,01 - Clear,01 - Dry,10 - No control,07 - Overpass or bridge,01 - Daylight,03 - P.D. only,07 - SMV other,Greenbelt
3053,CARLING AVE btwn DEFENSE  RESEARCH COMPLEX & RIFLE RD,353674.2886,5023184.515,-75.8763,45.3469,2017-01-28,11:55:00 AM,03 - Snow,02 - Wet,10 - No control,01 - Non intersection,01 - Daylight,03 - P.D. only,05 - Turning movement,Greenbelt
3054,CARLING AVE btwn DEFENSE  RESEARCH COMPLEX & RIFLE RD,353399.2173,5023007.575,-75.87983,45.34533,2017-01-31,4:15:00 PM,01 - Clear,01 - Dry,10 - No control,04 - At/near private drive,01 - Daylight,03 - P.D. only,03 - Rear end,Greenbelt
3055,CARLING AVE btwn DEFENSE  RESEARCH COMPLEX & RIFLE RD,353370.1058,5022986.811,-75.8802,45.34515,2017-12-22,11:18:00 AM,03 - Snow,06 - Ice,10 - No control,04 - At/near private drive,01 - Daylight,03 - P.D. only,03 - Rear end,Greenbelt
3056,CARLING AVE btwn HERZBERG RD & BAYFIELD AVE,352193.1384,5022325.242,-75.89528,45.33927,2017-11-09,7:52:00 AM,01 - Clear,01 - Dry,10 - No control,01 - Non intersection,01 - Daylight,03 - P.D. only,07 - SMV other,Greenbelt
3057,CARLING AVE btwn HERZBERG RD & BAYFIELD AVE,352236.6167,5022337.951,-75.89473,45.33939,2017-12-14,5:00:00 PM,01 - Clear,01 - Dry,10 - No control,01 - Non intersection,07 - Dark,03 - P.D. only,07 - SMV other,Greenbelt
3058,CARLING AVE btwn MARCH RD & SCHNEIDER RD,351264.4634,5022184.853,-75.90714,45.33807,2017-01-06,7:45:00 AM,01 - Clear,01 - Dry,10 - No control,04 - At/near private drive,03 - Dawn,03 - P.D. only,04 - Sideswipe,South March
3059,CARLING AVE btwn MARCH RD & SCHNEIDER RD,351059.7989,5022228.16,-75.90975,45.33848,2017-04-08,2:18:00 AM,01 - Clear,01 - Dry,10 - No control,01 - Non intersection,07 - Dark,03 - P.D. only,07 - SMV other,South March
3060,CARLING AVE btwn MOODIE DR & JAMES CUMMINGS AVE,356134.4308,5023880.655,-75.84483,45.35299,2017-02-28,4:05:00 PM,01 - Clear,01 - Dry,10 - No control,01 - Non intersection,01 - Daylight,03 - P.D. only,07 - SMV other,Crystal Bay - Lakeview Park - Britannia Village
3061,CARLING AVE btwn MOODIE DR & TURN LANE,356020.0496,5023928.815,-75.84629,45.35343,2017-12-05,5:24:00 PM,01 - Clear,01 - Dry,10 - No control,01 - Non intersection,07 - Dark,03 - P.D. only,07 - SMV other,Crystal Bay - Lakeview Park - Britannia Village
3062,CARLING AVE btwn PRESTON ST & BOOTH ST,366914.4309,5028965.74,-75.70662,45.39787,2017-05-20,1:00:00 PM,01 - Clear,01 - Dry,10 - No control,04 - At/near private drive,01 - Daylight,03 - P.D. only,06 - SMV unattended vehicle,The Glebe
3063,CARLING AVE btwn RIFLE RD & DAVIDSON'S SIDE RD,354208.5352,5023513.776,-75.86945,45.34983,2017-10-12,9:44:00 PM,01 - Clear,01 - Dry,10 - No control,01 - Non intersection,07 - Dark,03 - P.D. only,03 - Rear end,Crystal Bay - Lakeview Park - Britannia Village
3064,CARLING AVE btwn RIFLE RD & DAVIDSON'S SIDE RD,353976.4303,5023368.599,-75.87243,45.34854,2017-10-03,9:13:00 PM,01 - Clear,01 - Dry,10 - No control,01 - Non intersection,07 - Dark,03 - P.D. only,07 - SMV other,Crystal Bay - Lakeview Park - Britannia Village
3065,CARLING AVE btwn ULLSWATER DR & SUNNY BRAE AVE,356859.6197,5023819.178,-75.83559,45.35239,2017-06-14,1:35:00 PM,01 - Clear,01 - Dry,10 - No control,04 - At/near private drive,01 - Daylight,03 - P.D. only,03 - Rear end,Crystal Bay - Lakeview Park - Britannia Village
3066,CARLING AVE EB @ SAIGON CRT,364069.1745,5027111.533,-75.74319,45.38144,2017-06-19,4:21:00 PM,01 - Clear,01 - Dry,02 - Stop sign,03 - At intersection,01 - Daylight,02 - Non-fatal injury,03 - Rear end,Westboro
3067,CARLING AVE EB @ SAIGON CRT,364067.033,5027113.94,-75.74321,45.38146,2017-03-21,11:14:00 AM,01 - Clear,01 - Dry,02 - Stop sign,03 - At intersection,01 - Daylight,03 - P.D. only,05 - Turning movement,Westboro
3068,CARLING AVE EB btwn AARON AVE & IROQUOIS RD,362191.278,5025995.43,-75.76729,45.37155,2017-10-30,7:30:00 PM,01 - Clear,01 - Dry,10 - No control,04 - At/near private drive,07 - Dark,03 - P.D. only,04 - Sideswipe,Carlingwood West - Glabar Park - McKellar Heights
3069,CARLING AVE EB btwn BAYSHORE DR & CARLING AVE,359132.307,5024052.755,-75.80656,45.35431,2017-02-27,12:29:00 PM,01 - Clear,01 - Dry,10 - No control,01 - Non intersection,01 - Daylight,02 - Non-fatal injury,04 - Sideswipe,Bayshore
3070,CARLING AVE EB btwn BROADVIEW AVE & BOYD AVE,363273.4677,5026678.542,-75.7534,45.37761,2017-09-30,8:41:00 AM,01 - Clear,01 - Dry,10 - No control,01 - Non intersection,01 - Daylight,03 - P.D. only,04 - Sideswipe,Carlingwood West - Glabar Park - McKellar Heights
3071,CARLING AVE EB btwn BROADVIEW AVE & BOYD AVE,363319.6478,5026706.204,-75.7528,45.37785,2017-09-19,7:46:00 AM,01 - Clear,01 - Dry,10 - No control,01 - Non intersection,01 - Daylight,02 - Non-fatal injury,03 - Rear end,Carlingwood - McKellar Park - Laurentien View
3072,CARLING AVE EB btwn BROADVIEW AVE & BOYD AVE,363367.9669,5026736.171,-75.75218,45.37812,2017-03-31,9:00:00 AM,01 - Clear,01 - Dry,10 - No control,01 - Non intersection,01 - Daylight,03 - P.D. only,04 - Sideswipe,Carlingwood - McKellar Park - Laurentien View
3073,CARLING AVE EB btwn CARLING AVE EB OFF RAMP/OTTAWA RIVER PKWY & TRANSI,361123.6234,5025318.379,-75.781,45.36555,2017-12-12,6:38:00 AM,03 - Snow,03 - Loose snow,10 - No control,01 - Non intersection,07 - Dark,02 - Non-fatal injury,03 - Rear end,Whitehaven - Queensway Terrace North
3074,CARLING AVE EB btwn CARLING AVE EB ON RAMP/OTTAWA RIVER PKWY & CARLING,360915.4351,5025191.442,-75.78367,45.36442,2017-12-23,12:27:00 PM,03 - Snow,02 - Wet,10 - No control,04 - At/near private drive,01 - Daylight,03 - P.D. only,03 - Rear end,Whitehaven - Queensway Terrace North
3075,CARLING AVE EB btwn CLYDE AVE & CHURCHILL AVE N,363737.4829,5026972.778,-75.74744,45.38022,2017-03-27,3:30:00 PM,01 - Clear,02 - Wet,10 - No control,01 - Non intersection,01 - Daylight,03 - P.D. only,04 - Sideswipe,Westboro
3076,CARLING AVE EB btwn EDGEWORTH AVE & FOX CRES,361440.3341,5025523.837,-75.77693,45.36737,2017-02-13,6:01:00 AM,03 - Snow,06 - Ice,10 - No control,04 - At/near private drive,07 - Dark,03 - P.D. only,03 - Rear end,Carlingwood West - Glabar Park - McKellar Heights
3077,CARLING AVE EB btwn FOX CRES & WOODROFFE AVE,361734.8793,5025701.319,-75.77315,45.36894,2017-05-28,3:28:00 PM,01 - Clear,01 - Dry,10 - No control,04 - At/near private drive,01 - Daylight,02 - Non-fatal injury,02 - Angle,Whitehaven - Queensway Terrace North
3078,CARLING AVE EB btwn FOX CRES & WOODROFFE AVE,361625.4085,5025638.164,-75.77456,45.36838,2017-05-23,2:11:00 PM,01 - Clear,01 - Dry,10 - No control,01 - Non intersection,01 - Daylight,03 - P.D. only,04 - Sideswipe,Carlingwood West - Glabar Park - McKellar Heights
3079,CARLING AVE EB btwn FOX CRES & WOODROFFE AVE,361744.6067,5025707.453,-75.77303,45.369,2017-11-18,10:15:00 AM,01 - Clear,01 - Dry,10 - No control,01 - Non intersection,01 - Daylight,03 - P.D. only,04 - Sideswipe,Whitehaven - Queensway Terrace North
3080,CARLING AVE EB btwn HOLLAND AVE & PARKDALE AVE,365444.4579,5028024.5,-75.72551,45.38953,2017-10-24,10:04:00 AM,02 - Rain,02 - Wet,10 - No control,01 - Non intersection,01 - Daylight,03 - P.D. only,04 - Sideswipe,Civic Hospital - Experimental Farm - Central Park
3081,CARLING AVE EB btwn HOLLY ACRES RD & BAYSHORE DR,358345.4347,5023563.017,-75.81665,45.34997,2017-11-27,7:18:00 AM,03 - Snow,03 - Loose snow,10 - No control,04 - At/near private drive,01 - Daylight,02 - Non-fatal injury,07 - SMV other,Bayshore
3082,CARLING AVE EB btwn HOLLY ACRES RD & BAYSHORE DR,358497.5052,5023660.324,-75.8147,45.35083,2017-03-24,9:01:00 AM,03 - Snow,03 - Loose snow,10 - No control,01 - Non intersection,01 - Daylight,02 - Non-fatal injury,04 - Sideswipe,Bayshore
3083,CARLING AVE EB btwn HWY417 IC124 RAMP57 & KIRKWOOD AVE,364271.4004,5027227.44,-75.74059,45.38246,2017-01-09,10:11:00 AM,03 - Snow,06 - Ice,10 - No control,01 - Non intersection,01 - Daylight,03 - P.D. only,03 - Rear end,Carlington
3084,CARLING AVE EB btwn IROQUOIS RD & KINGSMERE AVE,362233.4184,5026018.172,-75.76675,45.37175,2017-04-24,9:01:00 AM,01 - Clear,01 - Dry,10 - No control,01 - Non intersection,01 - Daylight,03 - P.D. only,03 - Rear end,Carlingwood West - Glabar Park - McKellar Heights
3085,CARLING AVE EB btwn KIRKWOOD AVE & HWY417 IC124 RAMP55,364371.4329,5027363.636,-75.7393,45.38368,2017-02-21,1:18:00 PM,01 - Clear,02 - Wet,10 - No control,01 - Non intersection,01 - Daylight,03 - P.D. only,04 - Sideswipe,Carlington