Record,Location,X,Y,Longitude,Latitude,Date,Time,Environment,Road_Surface,Traffic_Control,Collision_Location,Light,Collision_Classification,Impact_type,Neighborhood
3086,CARLING AVE EB btwn KIRKWOOD AVE & HWY417 IC124 RAMP55,364363.17,5027353.081,-75.7394,45.38359,2017-12-31,8:37:00 AM,01 - Clear,01 - Dry,10 - No control,01 - Non intersection,01 - Daylight,02 - Non-fatal injury,03 - Rear end,Carlington
3087,CARLING AVE EB btwn PINECREST RD & RICHMOND RD,360124.5829,5024690.031,-75.79382,45.35997,2017-06-25,6:23:00 PM,01 - Clear,02 - Wet,10 - No control,01 - Non intersection,01 - Daylight,03 - P.D. only,04 - Sideswipe,Whitehaven - Queensway Terrace North
3088,CARLING AVE EB btwn WESTGATE SC E & 73 E OF ARCHIBALD ST/WESTGATE SC W,364770.3448,5027622.339,-75.73417,45.38597,2017-08-14,3:26:00 PM,01 - Clear,01 - Dry,10 - No control,01 - Non intersection,01 - Daylight,02 - Non-fatal injury,02 - Angle,Carlington
3089,CARLING AVE EB btwn WESTGATE SC E & 73 E OF ARCHIBALD ST/WESTGATE SC W,364793.8754,5027637.822,-75.73387,45.38611,2017-10-25,7:53:00 AM,01 - Clear,01 - Dry,10 - No control,04 - At/near private drive,01 - Daylight,03 - P.D. only,05 - Turning movement,Carlington
3090,CARLING AVE EB btwn WESTGATE SC E & MERIVALE RD,364852.3216,5027673.661,-75.73312,45.38643,2017-01-14,5:57:00 PM,01 - Clear,01 - Dry,10 - No control,04 - At/near private drive,07 - Dark,02 - Non-fatal injury,05 - Turning movement,Carlington
3091,CARLING AVE WB @ SAIGON CRT,364065.1801,5027195.729,-75.74323,45.3822,2017-09-29,11:34:00 AM,01 - Clear,01 - Dry,01 - Traffic signal,03 - At intersection,01 - Daylight,03 - P.D. only,04 - Sideswipe,Westboro
3092,CARLING AVE WB btwn ANCASTER AVE & WOODROFFE AVE,361847.2102,5025792.969,-75.77171,45.36976,2017-08-26,1:36:00 PM,01 - Clear,01 - Dry,10 - No control,01 - Non intersection,01 - Daylight,03 - P.D. only,05 - Turning movement,Carlingwood West - Glabar Park - McKellar Heights
3093,CARLING AVE WB btwn ANCASTER AVE & WOODROFFE AVE,361899.5619,5025827.189,-75.77104,45.37006,2017-02-15,6:49:00 PM,03 - Snow,04 - Slush,10 - No control,01 - Non intersection,07 - Dark,02 - Non-fatal injury,04 - Sideswipe,Carlingwood West - Glabar Park - McKellar Heights
3094,CARLING AVE WB btwn BRITANNIA RD & RICHMOND RD,360219.2576,5024763.452,-75.79261,45.36062,2017-03-18,1:00:00 PM,01 - Clear,01 - Dry,10 - No control,01 - Non intersection,01 - Daylight,03 - P.D. only,04 - Sideswipe,Whitehaven - Queensway Terrace North
3095,CARLING AVE WB btwn CARLING AVE WB RAMP/OTTAWA RIVER PKWY & OTTAWA RIV,360862.544,5025174.804,-75.78435,45.36427,2017-03-28,3:00:00 PM,03 - Snow,02 - Wet,10 - No control,01 - Non intersection,01 - Daylight,03 - P.D. only,03 - Rear end,Woodroffe - Lincoln Heights
3096,CARLING AVE WB btwn CARLING AVE WB RAMP/OTTAWA RIVER PKWY & OTTAWA RIV,360867.1915,5025174.595,-75.78429,45.36427,2017-03-28,3:00:00 PM,03 - Snow,02 - Wet,10 - No control,01 - Non intersection,01 - Daylight,03 - P.D. only,04 - Sideswipe,Woodroffe - Lincoln Heights
3097,CARLING AVE WB btwn CHAMPAGNE AVE S & PRESTON ST,366714.8512,5028864.396,-75.70919,45.39698,2017-09-12,6:38:00 PM,01 - Clear,01 - Dry,10 - No control,01 - Non intersection,01 - Daylight,03 - P.D. only,04 - Sideswipe,Centretown West
3098,CARLING AVE WB btwn COLE AVE & CHURCHILL AVE N,363637.6958,5026927,-75.74872,45.37981,2017-05-04,4:47:00 PM,01 - Clear,01 - Dry,10 - No control,01 - Non intersection,01 - Daylight,03 - P.D. only,04 - Sideswipe,Carlingwood - McKellar Park - Laurentien View
3099,CARLING AVE WB btwn CORKSTOWN RD & HOLLY ACRES RD,358097.2508,5023461.541,-75.81983,45.34907,2017-03-24,8:54:00 AM,03 - Snow,03 - Loose snow,10 - No control,01 - Non intersection,01 - Daylight,02 - Non-fatal injury,99 - Other,Crystal Bay - Lakeview Park - Britannia Village
3100,CARLING AVE WB btwn CROYDON AVE & TAVISTOCK RD,360678.7441,5025056.326,-75.78671,45.36322,2017-06-19,6:33:00 PM,01 - Clear,01 - Dry,10 - No control,04 - At/near private drive,01 - Daylight,03 - P.D. only,05 - Turning movement,Whitehaven - Queensway Terrace North
3101,CARLING AVE WB btwn CROYDON AVE & TAVISTOCK RD,360681.7387,5025058.971,-75.78667,45.36325,2017-05-04,10:53:00 AM,01 - Clear,01 - Dry,10 - No control,01 - Non intersection,01 - Daylight,03 - P.D. only,05 - Turning movement,Whitehaven - Queensway Terrace North
3102,CARLING AVE WB btwn DOANE ST & RITCHIE ST,359503.502,5024310.074,-75.80179,45.3566,2017-10-12,3:30:00 PM,01 - Clear,01 - Dry,10 - No control,01 - Non intersection,01 - Daylight,03 - P.D. only,04 - Sideswipe,Whitehaven - Queensway Terrace North
3103,CARLING AVE WB btwn GREENVIEW AVE & BRITANNIA RD,360077.2443,5024680.02,-75.79443,45.35989,2017-05-23,4:46:00 PM,01 - Clear,01 - Dry,10 - No control,01 - Non intersection,01 - Daylight,03 - P.D. only,04 - Sideswipe,Woodroffe - Lincoln Heights
3104,CARLING AVE WB btwn HARE AVE & BROMLEY RD,362540.6237,5026235.49,-75.76281,45.37368,2017-03-15,8:37:00 AM,03 - Snow,05 - Packed snow,10 - No control,01 - Non intersection,01 - Daylight,03 - P.D. only,07 - SMV other,Carlingwood - McKellar Park - Laurentien View
3105,CARLING AVE WB btwn HWY417 IC124 RAMP76 & KIRKWOOD AVE,364200.6946,5027437.194,-75.74147,45.38436,2017-05-24,6:54:00 PM,01 - Clear,01 - Dry,10 - No control,04 - At/near private drive,01 - Daylight,02 - Non-fatal injury,07 - SMV other,Westboro
3106,CARLING AVE WB btwn HWY417 IC124 RAMP76 & KIRKWOOD AVE,364257.4993,5027484.531,-75.74074,45.38478,2017-10-16,12:38:00 AM,01 - Clear,02 - Wet,10 - No control,01 - Non intersection,07 - Dark,03 - P.D. only,04 - Sideswipe,Westboro
3107,CARLING AVE WB btwn HWY417 IC124 RAMP76 & KIRKWOOD AVE,364232.3759,5027466.255,-75.74106,45.38462,2017-01-08,9:20:00 PM,01 - Clear,06 - Ice,10 - No control,01 - Non intersection,07 - Dark,03 - P.D. only,07 - SMV other,Westboro
3108,CARLING AVE WB btwn KIRKWOOD AVE & HWY417 IC124 RAMP67,364321.593,5027517.477,-75.73991,45.38507,2017-10-25,8:22:00 PM,01 - Clear,01 - Dry,10 - No control,01 - Non intersection,07 - Dark,03 - P.D. only,07 - SMV other,Westboro
3109,CARLING AVE WB btwn KIRKWOOD AVE & HWY417 IC124 RAMP67,364304.1203,5027507.581,-75.74014,45.38498,2017-03-22,3:14:00 PM,01 - Clear,01 - Dry,10 - No control,01 - Non intersection,01 - Daylight,03 - P.D. only,04 - Sideswipe,Westboro
3110,CARLING AVE WB btwn PARKDALE AVE & CIVIC HOSPITAL,365689.5403,5028213.252,-75.72236,45.39121,2017-12-13,6:08:00 PM,01 - Clear,02 - Wet,10 - No control,04 - At/near private drive,07 - Dark,03 - P.D. only,05 - Turning movement,Civic Hospital - Experimental Farm - Central Park
3111,CARLING AVE WB btwn PARKDALE AVE & CIVIC HOSPITAL,365750.4445,5028252.915,-75.72158,45.39156,2017-11-06,11:21:00 PM,01 - Clear,01 - Dry,10 - No control,01 - Non intersection,07 - Dark,02 - Non-fatal injury,03 - Rear end,Civic Hospital - Experimental Farm - Central Park
3112,CARLING AVE WB btwn POULIN AVE & ALPINE AVE,360485.6402,5024937.168,-75.78919,45.36217,2017-07-02,2:06:00 PM,02 - Rain,02 - Wet,10 - No control,01 - Non intersection,01 - Daylight,03 - P.D. only,03 - Rear end,Whitehaven - Queensway Terrace North
3113,CARLING AVE WB btwn PRESTON ST & NORFOLK AVE,366843.4224,5028945.587,-75.70753,45.3977,2017-01-19,10:30:00 AM,01 - Clear,01 - Dry,10 - No control,01 - Non intersection,01 - Daylight,02 - Non-fatal injury,07 - SMV other,Centretown West
3114,CARLING AVE WB btwn RICHMOND RD & POULIN AVE,360323.6328,5024833.482,-75.79127,45.36125,2017-05-31,12:21:00 PM,01 - Clear,01 - Dry,10 - No control,01 - Non intersection,01 - Daylight,03 - P.D. only,03 - Rear end,Whitehaven - Queensway Terrace North
3115,CARLING AVE WB btwn ROCHESTER ST & BOOTH ST,367087.0196,5029101.209,-75.7044,45.39908,2017-11-29,5:07:00 PM,01 - Clear,01 - Dry,10 - No control,01 - Non intersection,07 - Dark,03 - P.D. only,03 - Rear end,Centretown West
3116,CARLING AVE WB btwn SHERBOURNE RD & BROADVIEW AVE,362980.5008,5026512.638,-75.75716,45.37614,2017-05-24,12:41:00 PM,01 - Clear,01 - Dry,10 - No control,04 - At/near private drive,01 - Daylight,03 - P.D. only,02 - Angle,Carlingwood - McKellar Park - Laurentien View
3117,CARLING AVE WB btwn SHERBOURNE RD & BROADVIEW AVE,362987.1795,5026517.29,-75.75707,45.37618,2017-11-23,4:38:00 PM,01 - Clear,01 - Dry,10 - No control,04 - At/near private drive,05 - Dusk,03 - P.D. only,02 - Angle,Carlingwood - McKellar Park - Laurentien View
3118,CARLING AVE WB btwn SHERWOOD DR & LORETTA AVE S,366535.2969,5028749.598,-75.71149,45.39596,2017-07-06,12:29:00 PM,01 - Clear,01 - Dry,10 - No control,01 - Non intersection,01 - Daylight,03 - P.D. only,04 - Sideswipe,Centretown West
3119,CARLING AVE WB btwn TAVISTOCK RD & CONNAUGHT AVE,360741.9582,5025101.38,-75.7859,45.36362,2017-05-11,12:05:00 PM,01 - Clear,01 - Dry,10 - No control,01 - Non intersection,01 - Daylight,02 - Non-fatal injury,03 - Rear end,Woodroffe - Lincoln Heights
3120,CARLING AVE/STATION RD @ MARCH RD,350906.7167,5022246.216,-75.9117,45.33865,2017-05-16,7:55:00 AM,01 - Clear,01 - Dry,01 - Traffic signal,02 - Intersection related,01 - Daylight,03 - P.D. only,03 - Rear end,South March
3121,CARLING AVE/STATION RD @ MARCH RD,350903.3962,5022249.2,-75.91174,45.33868,2017-07-06,6:42:00 PM,01 - Clear,01 - Dry,01 - Traffic signal,03 - At intersection,01 - Daylight,03 - P.D. only,02 - Angle,South March
3122,CARLING AVE/STATION RD @ MARCH RD,350906.6172,5022247.372,-75.9117,45.33866,2017-09-03,11:25:00 AM,02 - Rain,02 - Wet,01 - Traffic signal,02 - Intersection related,01 - Daylight,03 - P.D. only,07 - SMV other,South March
3123,CARLING AVE/STATION RD @ MARCH RD,350905.0701,5022245.617,-75.91172,45.33864,2017-09-12,9:02:00 AM,01 - Clear,01 - Dry,01 - Traffic signal,02 - Intersection related,01 - Daylight,02 - Non-fatal injury,03 - Rear end,South March
3124,CARLING AVE/STATION RD @ MARCH RD,350909.8169,5022246.894,-75.91166,45.33865,2017-11-07,1:06:00 PM,01 - Clear,01 - Dry,01 - Traffic signal,03 - At intersection,01 - Daylight,03 - P.D. only,03 - Rear end,South March
3125,CARLING AVE/STATION RD @ MARCH RD,350909.289,5022246.508,-75.91167,45.33865,2017-11-27,6:10:00 PM,01 - Clear,06 - Ice,01 - Traffic signal,03 - At intersection,07 - Dark,03 - P.D. only,04 - Sideswipe,South March
3126,CARLING AVE/STATION RD @ MARCH RD,350906.9328,5022246.894,-75.9117,45.33865,2017-01-25,5:25:00 PM,03 - Snow,02 - Wet,01 - Traffic signal,02 - Intersection related,05 - Dusk,03 - P.D. only,03 - Rear end,South March
3127,CARLING AVE/STATION RD @ MARCH RD,350909.0949,5022247.961,-75.91167,45.33866,2017-01-03,7:02:00 AM,04 - Freezing Rain,04 - Slush,01 - Traffic signal,02 - Intersection related,03 - Dawn,03 - P.D. only,02 - Angle,South March
3128,CARLING AVE/STATION RD @ MARCH RD,350909.289,5022246.508,-75.91167,45.33865,2017-03-17,9:14:00 AM,01 - Clear,01 - Dry,01 - Traffic signal,02 - Intersection related,01 - Daylight,03 - P.D. only,03 - Rear end,South March
3129,CARLING AVE/STATION RD @ MARCH RD,350906.8783,5022245.855,-75.9117,45.33865,2017-04-21,12:22:00 PM,01 - Clear,01 - Dry,01 - Traffic signal,02 - Intersection related,01 - Daylight,03 - P.D. only,03 - Rear end,South March
3130,CARLING AVE/STATION RD @ MARCH RD,350908.2538,5022246.139,-75.91168,45.33865,2017-12-28,7:34:00 AM,01 - Clear,06 - Ice,01 - Traffic signal,03 - At intersection,03 - Dawn,03 - P.D. only,02 - Angle,South March
3131,CARLSEN AVE btwn HERON RD & GREGG ST,369369.2581,5026747.158,-75.67556,45.37769,2017-03-12,12:00:00 AM,01 - Clear,01 - Dry,10 - No control,01 - Non intersection,00 - Unknown,03 - P.D. only,06 - SMV unattended vehicle,Alta Vista
3132,CARMEN AVE btwn MCARTHUR AVE & STEVENS AVE,370921.4248,5032684.056,-75.65495,45.43096,2017-05-10,3:30:00 PM,01 - Clear,01 - Dry,10 - No control,01 - Non intersection,01 - Daylight,03 - P.D. only,06 - SMV unattended vehicle,Vanier South
3133,CARMEN AVE btwn MCARTHUR AVE & STEVENS AVE,370933.0549,5032616.077,-75.65481,45.43035,2017-12-16,12:00:00 AM,01 - Clear,05 - Packed snow,10 - No control,01 - Non intersection,00 - Unknown,03 - P.D. only,06 - SMV unattended vehicle,Vanier South
3134,CARNEGIE ST @ DAKOTA AVE,373654.7431,5028040.951,-75.62067,45.38892,2017-01-25,10:16:00 AM,01 - Clear,04 - Slush,02 - Stop sign,02 - Intersection related,01 - Daylight,03 - P.D. only,01 - Approaching,Urbandale
3135,CARNELIAN CRES btwn CAMBIE RD & CAMBIE RD,368929.433,5015155.738,-75.68268,45.27343,2017-11-23,8:15:00 AM,01 - Clear,01 - Dry,10 - No control,01 - Non intersection,01 - Daylight,03 - P.D. only,06 - SMV unattended vehicle,Greenbelt
3136,CARON ST @ CUMMINGS AVE,372530.9221,5032721.082,-75.63438,45.43114,2017-07-21,9:30:00 PM,01 - Clear,01 - Dry,02 - Stop sign,03 - At intersection,07 - Dark,02 - Non-fatal injury,03 - Rear end,Cummings
3137,CARP RD @ ARBOURBROOK BLVD,344913.5394,5018634.445,-75.98846,45.30652,2017-03-26,4:30:00 PM,02 - Rain,02 - Wet,02 - Stop sign,03 - At intersection,01 - Daylight,03 - P.D. only,05 - Turning movement,Stittsville - Basswood
3138,CARP RD @ DONALD B. MUNRO DR,341193.5437,5022821.523,-76.03559,45.3444,2017-03-01,11:50:00 AM,02 - Rain,02 - Wet,02 - Stop sign,03 - At intersection,01 - Daylight,02 - Non-fatal injury,02 - Angle,Carp
3139,CARP RD @ ECHOWOODS AVE/KITTIWAKE DR,348594.9694,5014562.995,-75.94188,45.26966,2017-07-18,3:44:00 PM,01 - Clear,01 - Dry,01 - Traffic signal,02 - Intersection related,01 - Daylight,03 - P.D. only,02 - Angle,Stittsville
3140,CARP RD @ GALETTA SIDE RD,328150.6384,5035348.416,-76.20143,45.45767,2017-10-19,10:25:00 AM,01 - Clear,01 - Dry,02 - Stop sign,03 - At intersection,01 - Daylight,03 - P.D. only,02 - Angle,Fitzroy
3141,CARP RD @ HAZELDEAN RD,348805.5792,5014361.105,-75.93921,45.26783,2017-05-19,4:46:00 PM,01 - Clear,01 - Dry,01 - Traffic signal,03 - At intersection,01 - Daylight,03 - P.D. only,05 - Turning movement,Stittsville
3142,CARP RD @ HAZELDEAN RD,348806.2481,5014359.767,-75.9392,45.26782,2017-05-27,12:52:00 PM,01 - Clear,01 - Dry,01 - Traffic signal,02 - Intersection related,01 - Daylight,03 - P.D. only,03 - Rear end,Stittsville
3143,CARP RD @ HAZELDEAN RD,348806.2481,5014360.436,-75.9392,45.26782,2017-05-05,3:49:00 PM,02 - Rain,02 - Wet,01 - Traffic signal,02 - Intersection related,01 - Daylight,02 - Non-fatal injury,03 - Rear end,Stittsville
3144,CARP RD @ HAZELDEAN RD,348804.1167,5014360.666,-75.93923,45.26783,2017-08-04,1:00:00 PM,01 - Clear,01 - Dry,01 - Traffic signal,03 - At intersection,01 - Daylight,03 - P.D. only,02 - Angle,Stittsville
3145,CARP RD @ HAZELDEAN RD,348805.858,5014359.795,-75.93921,45.26782,2017-08-12,10:23:00 AM,01 - Clear,01 - Dry,01 - Traffic signal,02 - Intersection related,01 - Daylight,03 - P.D. only,03 - Rear end,Stittsville
3146,CARP RD @ HAZELDEAN RD,348805.5792,5014360.436,-75.93921,45.26782,2017-07-30,2:17:00 PM,01 - Clear,01 - Dry,01 - Traffic signal,03 - At intersection,01 - Daylight,02 - Non-fatal injury,02 - Angle,Stittsville
3147,CARP RD @ HAZELDEAN RD,348804.9104,5014359.767,-75.93922,45.26782,2017-06-30,12:44:00 PM,02 - Rain,02 - Wet,01 - Traffic signal,03 - At intersection,01 - Daylight,03 - P.D. only,05 - Turning movement,Stittsville
3148,CARP RD @ HAZELDEAN RD,348805.0493,5014359.726,-75.93922,45.26782,2017-08-30,8:01:00 PM,01 - Clear,01 - Dry,01 - Traffic signal,02 - Intersection related,05 - Dusk,02 - Non-fatal injury,02 - Angle,Stittsville
3149,CARP RD @ HAZELDEAN RD,348804.9104,5014361.774,-75.93922,45.26784,2017-09-25,7:40:00 PM,01 - Clear,01 - Dry,01 - Traffic signal,03 - At intersection,07 - Dark,02 - Non-fatal injury,05 - Turning movement,Stittsville
3150,CARP RD @ HAZELDEAN RD,348804.9104,5014360.436,-75.93922,45.26782,2017-09-06,5:10:00 PM,01 - Clear,01 - Dry,01 - Traffic signal,03 - At intersection,01 - Daylight,03 - P.D. only,03 - Rear end,Stittsville
3151,CARP RD @ HAZELDEAN RD,348804.2415,5014359.767,-75.93923,45.26782,2017-09-10,2:00:00 PM,01 - Clear,01 - Dry,01 - Traffic signal,02 - Intersection related,01 - Daylight,03 - P.D. only,03 - Rear end,Stittsville
3152,CARP RD @ HAZELDEAN RD,348803.2814,5014359.789,-75.93924,45.26782,2017-10-06,12:27:00 PM,01 - Clear,01 - Dry,01 - Traffic signal,03 - At intersection,01 - Daylight,02 - Non-fatal injury,05 - Turning movement,Stittsville
3153,CARP RD @ HAZELDEAN RD,348804.9104,5014359.098,-75.93922,45.26781,2017-09-14,3:41:00 PM,01 - Clear,01 - Dry,01 - Traffic signal,03 - At intersection,01 - Daylight,03 - P.D. only,05 - Turning movement,Stittsville
3154,CARP RD @ HAZELDEAN RD,348805.5792,5014360.436,-75.93921,45.26782,2017-11-26,7:34:00 PM,03 - Snow,06 - Ice,01 - Traffic signal,02 - Intersection related,07 - Dark,03 - P.D. only,07 - SMV other,Stittsville
3155,CARP RD @ HAZELDEAN RD,348802.0008,5014362.153,-75.93926,45.26784,2017-01-02,10:53:00 AM,01 - Clear,01 - Dry,01 - Traffic signal,02 - Intersection related,01 - Daylight,03 - P.D. only,03 - Rear end,Stittsville
3156,CARP RD @ HAZELDEAN RD,348804.0332,5014359.622,-75.93923,45.26782,2017-01-25,7:16:00 PM,01 - Clear,02 - Wet,01 - Traffic signal,03 - At intersection,07 - Dark,03 - P.D. only,05 - Turning movement,Stittsville
3157,CARP RD @ HAZELDEAN RD,348804.0332,5014359.622,-75.93923,45.26782,2017-01-28,9:44:00 AM,03 - Snow,02 - Wet,01 - Traffic signal,02 - Intersection related,01 - Daylight,03 - P.D. only,07 - SMV other,Stittsville
3158,CARP RD @ HAZELDEAN RD,348804.5759,5014360.811,-75.93922,45.26783,2017-01-04,8:00:00 PM,04 - Freezing Rain,06 - Ice,01 - Traffic signal,03 - At intersection,07 - Dark,03 - P.D. only,02 - Angle,Stittsville
3159,CARP RD @ HAZELDEAN RD,348803.5726,5014359.767,-75.93924,45.26782,2017-04-15,2:21:00 PM,02 - Rain,02 - Wet,01 - Traffic signal,02 - Intersection related,01 - Daylight,03 - P.D. only,03 - Rear end,Stittsville
3160,CARP RD @ HAZELDEAN RD,348805.5792,5014360.436,-75.93921,45.26782,2017-03-24,8:18:00 AM,03 - Snow,03 - Loose snow,01 - Traffic signal,03 - At intersection,01 - Daylight,03 - P.D. only,05 - Turning movement,Stittsville
3161,CARP RD @ HAZELDEAN RD,348804.9104,5014361.105,-75.93922,45.26783,2017-03-06,12:08:00 PM,01 - Clear,01 - Dry,01 - Traffic signal,02 - Intersection related,01 - Daylight,03 - P.D. only,03 - Rear end,Stittsville
3162,CARP RD @ HAZELDEAN RD,348804.5759,5014360.2,-75.93922,45.26782,2017-12-17,1:39:00 PM,01 - Clear,02 - Wet,01 - Traffic signal,02 - Intersection related,01 - Daylight,03 - P.D. only,03 - Rear end,Stittsville
3163,CARP RD @ HAZELDEAN RD,348804.2415,5014360.436,-75.93923,45.26782,2017-12-16,9:13:00 AM,01 - Clear,06 - Ice,01 - Traffic signal,03 - At intersection,01 - Daylight,02 - Non-fatal injury,02 - Angle,Stittsville
3164,CARP RD @ HWY 417 CARP IC144R51,347517.7064,5015684.849,-75.95551,45.27982,2017-11-03,4:16:00 PM,01 - Clear,01 - Dry,02 - Stop sign,03 - At intersection,01 - Daylight,03 - P.D. only,02 - Angle,Stittsville - Basswood
3165,CARP RD @ HWY 417 CARP IC144R51,347518.3164,5015683.953,-75.9555,45.27981,2017-02-14,2:48:00 PM,01 - Clear,02 - Wet,02 - Stop sign,03 - At intersection,01 - Daylight,03 - P.D. only,04 - Sideswipe,Stittsville - Basswood
3166,CARP RD @ JUANITA AVE,340737.8639,5023332.699,-76.04137,45.34902,2017-07-16,1:20:00 AM,01 - Clear,01 - Dry,02 - Stop sign,03 - At intersection,07 - Dark,03 - P.D. only,02 - Angle,Carp
3167,CARP RD @ LLOYDALEX CRES,347914.984,5015244.009,-75.95048,45.27583,2017-10-03,7:55:00 AM,01 - Clear,01 - Dry,02 - Stop sign,02 - Intersection related,01 - Daylight,03 - P.D. only,03 - Rear end,Stittsville - Basswood
3168,CARP RD @ LLOYDALEX CRES,347917.2337,5015244.442,-75.95045,45.27583,2017-04-20,2:54:00 PM,01 - Clear,01 - Dry,02 - Stop sign,03 - At intersection,01 - Daylight,03 - P.D. only,05 - Turning movement,Stittsville - Basswood
3169,CARP RD @ MARCH RD,342166.2275,5021733.177,-76.02326,45.33455,2017-04-30,3:52:00 PM,02 - Rain,02 - Wet,01 - Traffic signal,03 - At intersection,01 - Daylight,02 - Non-fatal injury,02 - Angle,Carp - Hardwood Plains
3170,CARP RD @ MARCH RD,342164.0774,5021732.747,-76.02329,45.33455,2017-09-13,8:54:00 AM,01 - Clear,01 - Dry,01 - Traffic signal,03 - At intersection,01 - Daylight,02 - Non-fatal injury,02 - Angle,Carp - Hardwood Plains
3171,CARP RD @ MARCH RD,342161.4005,5021728.802,-76.02332,45.33451,2017-10-13,4:11:00 PM,01 - Clear,01 - Dry,01 - Traffic signal,03 - At intersection,01 - Daylight,03 - P.D. only,05 - Turning movement,Carp - Hardwood Plains
3172,CARP RD @ MARCH RD,342164.5553,5021732.883,-76.02328,45.33455,2017-02-14,7:30:00 PM,03 - Snow,03 - Loose snow,01 - Traffic signal,02 - Intersection related,07 - Dark,03 - P.D. only,07 - SMV other,Carp - Hardwood Plains
3173,CARP RD @ MCGEE SIDE RD,344196.888,5019442.156,-75.99754,45.31383,2017-02-26,12:50:00 PM,01 - Clear,01 - Dry,02 - Stop sign,02 - Intersection related,01 - Daylight,03 - P.D. only,03 - Rear end,Stittsville - Basswood
3174,CARP RD @ RICHARDSON SIDE RD,346209.8902,5017159.788,-75.97205,45.29317,2017-11-17,1:45:00 PM,01 - Clear,01 - Dry,01 - Traffic signal,03 - At intersection,01 - Daylight,03 - P.D. only,02 - Angle,Stittsville - Basswood
3175,CARP RD @ RICHARDSON SIDE RD,346209.2213,5017160.457,-75.97206,45.29318,2017-03-19,1:18:00 AM,01 - Clear,01 - Dry,01 - Traffic signal,02 - Intersection related,07 - Dark,03 - P.D. only,07 - SMV other,Stittsville - Basswood
3176,CARP RD @ RIVINGTON ST,341348.882,5022642.876,-76.03362,45.34278,2017-03-15,4:10:00 PM,03 - Snow,03 - Loose snow,02 - Stop sign,03 - At intersection,01 - Daylight,03 - P.D. only,02 - Angle,Carp
3177,CARP RD @ ROTHBOURNE RD,348253.9057,5014875.259,-75.9462,45.27249,2017-12-15,5:05:00 PM,03 - Snow,05 - Packed snow,02 - Stop sign,02 - Intersection related,07 - Dark,03 - P.D. only,02 - Angle,Stittsville
3178,CARP RD @ STITTSVILLE MAIN ST,349523.7828,5014331.541,-75.93006,45.26752,2017-04-28,6:45:00 PM,01 - Clear,01 - Dry,01 - Traffic signal,02 - Intersection related,01 - Daylight,03 - P.D. only,03 - Rear end,Stittsville
3179,CARP RD @ STITTSVILLE MAIN ST,349525.3876,5014331.106,-75.93004,45.26752,2017-07-23,9:51:00 AM,01 - Clear,01 - Dry,01 - Traffic signal,02 - Intersection related,01 - Daylight,03 - P.D. only,03 - Rear end,Stittsville
3180,CARP RD @ STITTSVILLE MAIN ST,349525.1206,5014328.866,-75.93004,45.2675,2017-07-07,11:37:00 AM,01 - Clear,01 - Dry,01 - Traffic signal,03 - At intersection,01 - Daylight,03 - P.D. only,05 - Turning movement,Stittsville
3181,CARP RD @ STITTSVILLE MAIN ST,349524.4517,5014330.872,-75.93005,45.26751,2017-06-30,6:49:00 PM,01 - Clear,01 - Dry,01 - Traffic signal,02 - Intersection related,01 - Daylight,03 - P.D. only,03 - Rear end,Stittsville
3182,CARP RD @ STITTSVILLE MAIN ST,349523.7828,5014330.203,-75.93006,45.26751,2017-10-17,1:00:00 PM,01 - Clear,01 - Dry,01 - Traffic signal,02 - Intersection related,01 - Daylight,03 - P.D. only,03 - Rear end,Stittsville
3183,CARP RD @ STITTSVILLE MAIN ST,349524.2397,5014330.75,-75.93006,45.26751,2017-09-11,7:17:00 PM,01 - Clear,01 - Dry,01 - Traffic signal,03 - At intersection,05 - Dusk,03 - P.D. only,05 - Turning movement,Stittsville
3184,CARP RD @ STITTSVILLE MAIN ST,349524.3082,5014330.92,-75.93005,45.26751,2017-09-14,7:30:00 PM,01 - Clear,01 - Dry,01 - Traffic signal,02 - Intersection related,05 - Dusk,03 - P.D. only,03 - Rear end,Stittsville
3185,CARP RD @ STITTSVILLE MAIN ST,349525.7329,5014330.913,-75.93004,45.26751,2017-12-12,8:33:00 AM,03 - Snow,03 - Loose snow,01 - Traffic signal,03 - At intersection,01 - Daylight,03 - P.D. only,05 - Turning movement,Stittsville
3186,CARP RD @ STITTSVILLE MAIN ST,349525.7894,5014332.21,-75.93004,45.26753,2017-11-18,3:52:00 PM,02 - Rain,02 - Wet,01 - Traffic signal,02 - Intersection related,05 - Dusk,03 - P.D. only,03 - Rear end,Stittsville
3187,CARP RD @ STITTSVILLE MAIN ST,349523.7828,5014331.541,-75.93006,45.26752,2017-11-16,6:55:00 AM,02 - Rain,02 - Wet,01 - Traffic signal,03 - At intersection,03 - Dawn,02 - Non-fatal injury,07 - SMV other,Stittsville
3188,CARP RD @ STITTSVILLE MAIN ST,349525.1206,5014331.541,-75.93004,45.26752,2017-03-08,5:58:00 PM,01 - Clear,01 - Dry,01 - Traffic signal,02 - Intersection related,01 - Daylight,03 - P.D. only,03 - Rear end,Stittsville