Record,Location,X,Y,Longitude,Latitude,Date,Time,Environment,Road_Surface,Traffic_Control,Collision_Location,Light,Collision_Classification,Impact_type,Neighborhood
3189,CARP RD @ STITTSVILLE MAIN ST,349525.1206,5014329.534,-75.93004,45.2675,2017-02-27,1:50:00 PM,01 - Clear,01 - Dry,01 - Traffic signal,03 - At intersection,01 - Daylight,03 - P.D. only,05 - Turning movement,Stittsville
3190,CARP RD @ STITTSVILLE MAIN ST,349525.1206,5014330.872,-75.93004,45.26751,2017-04-07,3:46:00 PM,01 - Clear,01 - Dry,01 - Traffic signal,02 - Intersection related,01 - Daylight,03 - P.D. only,03 - Rear end,Stittsville
3191,CARP RD @ STITTSVILLE MAIN ST,349524.5897,5014330.711,-75.93005,45.26751,2017-12-21,6:30:00 PM,01 - Clear,01 - Dry,01 - Traffic signal,03 - At intersection,07 - Dark,03 - P.D. only,03 - Rear end,Stittsville
3192,CARP RD @ THOMAS A. DOLAN PKWY,336459.8726,5025992.327,-76.09579,45.37316,2017-12-04,8:10:00 AM,01 - Clear,02 - Wet,02 - Stop sign,03 - At intersection,01 - Daylight,02 - Non-fatal injury,02 - Angle,Carp - Hardwood Plains
3193,CARP RD @ THOMAS A. DOLAN PKWY,336458.9954,5025991.513,-76.0958,45.37315,2017-01-27,10:10:00 AM,01 - Clear,01 - Dry,02 - Stop sign,03 - At intersection,01 - Daylight,03 - P.D. only,02 - Angle,Carp - Hardwood Plains
3194,CARP RD @ WESTBROOK RD,347738.5684,5015443.778,-75.95271,45.27764,2017-05-08,3:33:00 PM,01 - Clear,01 - Dry,01 - Traffic signal,02 - Intersection related,01 - Daylight,03 - P.D. only,03 - Rear end,Stittsville - Basswood
3195,CARP RD @ WESTBROOK RD,347736.5959,5015442.444,-75.95274,45.27763,2017-08-18,6:27:00 PM,01 - Clear,01 - Dry,01 - Traffic signal,02 - Intersection related,01 - Daylight,03 - P.D. only,03 - Rear end,Stittsville - Basswood
3196,CARP RD @ WESTBROOK RD,347738.5684,5015443.11,-75.95271,45.27763,2017-07-05,8:04:00 PM,01 - Clear,01 - Dry,01 - Traffic signal,02 - Intersection related,01 - Daylight,02 - Non-fatal injury,03 - Rear end,Stittsville - Basswood
3197,CARP RD @ WESTBROOK RD,347736.8675,5015442.444,-75.95274,45.27763,2017-11-23,10:52:00 AM,01 - Clear,01 - Dry,01 - Traffic signal,02 - Intersection related,01 - Daylight,03 - P.D. only,03 - Rear end,Stittsville - Basswood
3198,CARP RD @ WESTBROOK RD,347738.0746,5015441.422,-75.95272,45.27762,2017-11-28,7:45:00 AM,01 - Clear,01 - Dry,01 - Traffic signal,03 - At intersection,01 - Daylight,03 - P.D. only,05 - Turning movement,Stittsville - Basswood
3199,CARP RD @ WESTBROOK RD,347737.2307,5015443.11,-75.95273,45.27763,2017-03-01,11:19:00 AM,01 - Clear,01 - Dry,01 - Traffic signal,02 - Intersection related,01 - Daylight,03 - P.D. only,03 - Rear end,Stittsville - Basswood
3200,CARP RD @ WESTBROOK RD,347738.3156,5015442.065,-75.95272,45.27762,2017-02-16,4:20:00 PM,01 - Clear,03 - Loose snow,01 - Traffic signal,02 - Intersection related,01 - Daylight,03 - P.D. only,03 - Rear end,Stittsville - Basswood
3201,CARP RD btwn ARBOURBROOK BLVD & REIS RD,345262.3629,5018238.265,-75.98405,45.30293,2017-07-25,6:25:00 AM,01 - Clear,01 - Dry,10 - No control,01 - Non intersection,01 - Daylight,03 - P.D. only,99 - Other,Stittsville - Basswood
3202,CARP RD btwn BAIRD SIDE RD & THOMAS A. DOLAN PKWY,335176.8355,5027277.57,-76.11209,45.38478,2017-12-08,7:38:00 PM,03 - Snow,06 - Ice,10 - No control,01 - Non intersection,07 - Dark,02 - Non-fatal injury,07 - SMV other,Car
3203,CARP RD btwn BAIRD SIDE RD & THOMAS A. DOLAN PKWY,336304.14,5026021.878,-76.09778,45.37343,2017-11-29,8:22:00 PM,01 - Clear,01 - Dry,10 - No control,01 - Non intersection,07 - Dark,03 - P.D. only,07 - SMV other,Car
3204,CARP RD btwn CARP RD & KITTIWAKE DR,348540.063,5014615.771,-75.94257,45.27014,2017-10-04,10:00:00 AM,01 - Clear,01 - Dry,10 - No control,04 - At/near private drive,01 - Daylight,03 - P.D. only,03 - Rear end,Stittsville
3205,CARP RD btwn CHARLIE'S LANE & JUANITA AVE,340653.28,5023431.881,-76.04244,45.34992,2017-07-24,12:00:00 AM,02 - Rain,02 - Wet,10 - No control,01 - Non intersection,00 - Unknown,03 - P.D. only,06 - SMV unattended vehicle,Carp
3206,CARP RD btwn GALETTA SIDE RD & STYLES SIDE RD,330039.2859,5033176.616,-76.17739,45.43807,2017-09-09,5:43:00 AM,01 - Clear,01 - Dry,10 - No control,01 - Non intersection,07 - Dark,03 - P.D. only,07 - SMV other,Fitzro
3207,CARP RD btwn GALETTA SIDE RD & STYLES SIDE RD,328218.1403,5035270.392,-76.20057,45.45697,2017-04-07,1:12:00 PM,01 - Clear,01 - Dry,10 - No control,01 - Non intersection,01 - Daylight,03 - P.D. only,07 - SMV other,Fitzroy
3208,CARP RD btwn HWY417 IC144 RAMP16 & HWY417 IC144 RAMP35,347398.6298,5015816.458,-75.95701,45.28101,2017-06-28,6:36:00 PM,02 - Rain,02 - Wet,10 - No control,01 - Non intersection,01 - Daylight,03 - P.D. only,03 - Rear end,Stittsville - Basswood
3209,CARP RD btwn HWY417 IC144 RAMP25 & WESTBROOK RD,347595.9542,5015601.073,-75.95452,45.27906,2017-07-12,5:45:00 PM,01 - Clear,01 - Dry,10 - No control,04 - At/near private drive,01 - Daylight,03 - P.D. only,02 - Angle,Stittsville - Basswood
3210,CARP RD btwn HWY417 IC144 RAMP25 & WESTBROOK RD,347591.2945,5015604.929,-75.95458,45.2791,2017-11-02,6:30:00 PM,02 - Rain,02 - Wet,10 - No control,01 - Non intersection,07 - Dark,03 - P.D. only,03 - Rear end,Stittsville - Basswood
3211,CARP RD btwn HWY417 IC144 RAMP51 & HWY417 IC144 RAMP25,347546.6997,5015654.623,-75.95514,45.27955,2017-07-08,12:36:00 PM,01 - Clear,01 - Dry,10 - No control,01 - Non intersection,01 - Daylight,03 - P.D. only,03 - Rear end,Stittsville - Basswood
3212,CARP RD btwn JUANITA AVE & FALLDOWN LANE,340948.3416,5023096.082,-76.0387,45.34688,2017-05-18,11:40:00 AM,01 - Clear,01 - Dry,10 - No control,04 - At/near private drive,01 - Daylight,03 - P.D. only,02 - Angle,Carp
3213,CARP RD btwn KINBURN SIDE RD & BAIRD SIDE RD,332367.7804,5030628.55,-76.14778,45.41505,2017-11-01,7:18:00 PM,02 - Rain,02 - Wet,10 - No control,01 - Non intersection,07 - Dark,03 - P.D. only,07 - SMV other,Car
3214,CARP RD btwn KITTIWAKE DR & HAZELDEAN RD,348702.8772,5014459.734,-75.94051,45.26872,2017-04-12,5:00:00 PM,01 - Clear,01 - Dry,10 - No control,04 - At/near private drive,01 - Daylight,02 - Non-fatal injury,05 - Turning movement,Stittsville
3215,CARP RD btwn KITTIWAKE DR & HAZELDEAN RD,348632.4028,5014526.587,-75.9414,45.26933,2017-03-01,5:14:00 PM,02 - Rain,02 - Wet,10 - No control,04 - At/near private drive,01 - Daylight,03 - P.D. only,02 - Angle,Stittsville
3216,CARP RD btwn LLOYDALEX CRES & ROTHBOURNE RD,348066.1356,5015084.005,-75.94857,45.27438,2017-05-17,3:10:00 AM,01 - Clear,01 - Dry,10 - No control,01 - Non intersection,07 - Dark,02 - Non-fatal injury,07 - SMV other,Stittsville
3217,CARP RD btwn LLOYDALEX CRES & ROTHBOURNE RD,348069.8379,5015072.898,-75.94852,45.27428,2017-05-27,6:59:00 AM,01 - Clear,01 - Dry,10 - No control,01 - Non intersection,01 - Daylight,03 - P.D. only,03 - Rear end,Stittsville
3218,CARP RD btwn LLOYDALEX CRES & ROTHBOURNE RD,348181.1755,5014955.504,-75.94712,45.27322,2017-09-20,3:30:00 PM,01 - Clear,01 - Dry,10 - No control,01 - Non intersection,01 - Daylight,03 - P.D. only,03 - Rear end,Stittsville
3219,CARP RD btwn MARCH RD & JOHN CAVANAUGH DR,342303.3513,5021583.344,-76.02152,45.3332,2017-05-02,6:30:00 AM,02 - Rain,02 - Wet,10 - No control,01 - Non intersection,01 - Daylight,03 - P.D. only,07 - SMV other,Stittsville - Basswood
3220,CARP RD btwn MARCH RD & JOHN CAVANAUGH DR,342712.1963,5021129.269,-76.01634,45.32909,2017-12-04,4:28:00 PM,01 - Clear,01 - Dry,10 - No control,01 - Non intersection,05 - Dusk,03 - P.D. only,03 - Rear end,Stittsville - Basswood
3221,CARP RD btwn MARCH RD & JOHN CAVANAUGH DR,343672.6566,5020006.152,-76.00418,45.31893,2017-11-28,7:31:00 AM,01 - Clear,01 - Dry,10 - No control,01 - Non intersection,01 - Daylight,03 - P.D. only,07 - SMV other,Carp - Hardwood Plains
3222,CARP RD btwn MARCH RD & JOHN CAVANAUGH DR,342198.2052,5021697.773,-76.02286,45.33423,2017-01-24,11:53:00 AM,03 - Snow,03 - Loose snow,10 - No control,01 - Non intersection,01 - Daylight,03 - P.D. only,07 - SMV other,Carp - Hardwood Plains
3223,CARP RD btwn MCGEE SIDE RD & ARBOURBROOK BLVD,344258.4264,5019373.259,-75.99676,45.3132,2017-06-08,7:50:00 AM,01 - Clear,01 - Dry,10 - No control,01 - Non intersection,01 - Daylight,03 - P.D. only,07 - SMV other,Stittsville - Basswood
3224,CARP RD btwn REIS RD & CAVANMORE RD,345378.9687,5018108.607,-75.98257,45.30176,2017-08-04,10:00:00 PM,02 - Rain,02 - Wet,10 - No control,01 - Non intersection,07 - Dark,03 - P.D. only,07 - SMV other,Stittsville - Basswood
3225,CARP RD btwn RICHARDSON SIDE RD & HWY417 IC144 RAMP62,347105.5495,5016140.85,-75.96072,45.28395,2017-09-11,11:17:00 AM,01 - Clear,01 - Dry,10 - No control,04 - At/near private drive,01 - Daylight,03 - P.D. only,03 - Rear end,Stittsville - Basswood
3226,CARP RD btwn RICHARDSON SIDE RD & HWY417 IC144 RAMP62,347097.8573,5016153.023,-75.96082,45.28406,2017-10-30,11:33:00 AM,02 - Rain,02 - Wet,10 - No control,04 - At/near private drive,01 - Daylight,03 - P.D. only,07 - SMV other,Stittsville - Basswood
3227,CARP RD btwn RICHARDSON SIDE RD & HWY417 IC144 RAMP62,346474.4258,5016854.039,-75.96871,45.29041,2017-11-29,6:30:00 AM,02 - Rain,02 - Wet,10 - No control,01 - Non intersection,03 - Dawn,03 - P.D. only,07 - SMV other,Stittsville - Basswood
3228,CARP RD btwn RICHARDSON SIDE RD & HWY417 IC144 RAMP62,346608.2437,5016709.89,-75.96701,45.2891,2017-12-14,10:01:00 AM,01 - Clear,01 - Dry,10 - No control,01 - Non intersection,01 - Daylight,03 - P.D. only,03 - Rear end,Stittsville - Basswood
3229,CARP RD btwn RICHARDSON SIDE RD & HWY417 IC144 RAMP62,346939.3752,5016326.447,-75.96282,45.28563,2017-01-22,1:45:00 PM,01 - Clear,02 - Wet,10 - No control,01 - Non intersection,01 - Daylight,03 - P.D. only,03 - Rear end,Stittsville - Basswood
3230,CARP RD btwn RICHARDSON SIDE RD & HWY417 IC144 RAMP62,346260.0574,5017104.938,-75.97142,45.29268,2017-04-18,7:45:00 AM,01 - Clear,01 - Dry,10 - No control,01 - Non intersection,01 - Daylight,03 - P.D. only,03 - Rear end,Stittsville - Basswood
3231,CARP RD btwn RIVINGTON ST & MARCH RD,341617.5091,5022338.641,-76.03022,45.34003,2017-05-13,1:10:00 PM,01 - Clear,01 - Dry,10 - No control,01 - Non intersection,01 - Daylight,02 - Non-fatal injury,03 - Rear end,Carp - Hardwood Plains
3232,CARP RD btwn RIVINGTON ST & MARCH RD,342052.7969,5021852.681,-76.0247,45.33563,2017-08-24,1:46:00 AM,01 - Clear,01 - Dry,10 - No control,01 - Non intersection,07 - Dark,03 - P.D. only,04 - Sideswipe,Carp - Hardwood Plains
3233,CARP RD btwn THOMAS A. DOLAN PKWY & NORMA LANE,338964.6406,5024349.332,-76.06393,45.35826,2017-08-22,5:46:00 PM,01 - Clear,02 - Wet,10 - No control,01 - Non intersection,01 - Daylight,02 - Non-fatal injury,01 - Approaching,Carp - Hardwood Plains
3234,CARP RD btwn THOMAS A. DOLAN PKWY & NORMA LANE,336633.1167,5025962.227,-76.09358,45.37288,2017-10-24,9:37:00 AM,01 - Clear,01 - Dry,10 - No control,01 - Non intersection,01 - Daylight,03 - P.D. only,07 - SMV other,Carp - Hardwood Plains
3235,CARP RD btwn THOMAS A. DOLAN PKWY & NORMA LANE,337679.1634,5025109.123,-76.08028,45.36515,2017-11-09,2:17:00 AM,01 - Clear,01 - Dry,10 - No control,01 - Non intersection,07 - Dark,02 - Non-fatal injury,07 - SMV other,Carp - Hardwood Plains
3236,CARP RD btwn THOMAS A. DOLAN PKWY & NORMA LANE,339739.5949,5024277.12,-76.05404,45.35757,2017-12-17,1:34:00 PM,01 - Clear,05 - Packed snow,10 - No control,01 - Non intersection,01 - Daylight,03 - P.D. only,07 - SMV other,Carp - Hardwood Plains
3237,CARP RD btwn WESTBROOK RD & LLOYDALEX CRES,347901.5347,5015262.281,-75.95065,45.276,2017-11-29,12:51:00 PM,01 - Clear,01 - Dry,10 - No control,04 - At/near private drive,01 - Daylight,03 - P.D. only,03 - Rear end,Stittsville - Basswood
3238,CARP RD btwn WESTBROOK RD & LLOYDALEX CRES,347771.8749,5015408.468,-75.95229,45.27732,2017-01-05,12:45:00 PM,01 - Clear,02 - Wet,10 - No control,01 - Non intersection,01 - Daylight,03 - P.D. only,03 - Rear end,Stittsville - Basswood
3239,CARP RD/HWY 417 CARP IC144R63 @ HWY 417 CARP I,347298.9642,5015926.157,-75.95828,45.28201,2017-06-20,7:10:00 AM,02 - Rain,02 - Wet,01 - Traffic signal,02 - Intersection related,01 - Daylight,03 - P.D. only,03 - Rear end,Stittsville - Basswood
3240,CARP RD/HWY 417 CARP IC144R63 @ HWY 417 CARP I,347301.0784,5015927.031,-75.95825,45.28201,2017-12-12,5:05:00 PM,03 - Snow,03 - Loose snow,01 - Traffic signal,02 - Intersection related,07 - Dark,03 - P.D. only,03 - Rear end,Stittsville - Basswood
3241,CARP RD/HWY 417 CARP IC144R63 @ HWY 417 CARP I,347300.5774,5015925.901,-75.95825,45.282,2017-01-26,5:23:00 PM,01 - Clear,06 - Ice,01 - Traffic signal,02 - Intersection related,05 - Dusk,03 - P.D. only,03 - Rear end,Stittsville - Basswood
3242,CARP RD/HWY 417 CARP IC144R63 @ HWY 417 CARP I,347299.8269,5015926.823,-75.95826,45.28201,2017-04-03,5:41:00 PM,01 - Clear,01 - Dry,01 - Traffic signal,02 - Intersection related,01 - Daylight,03 - P.D. only,03 - Rear end,Stittsville - Basswood
3243,CARP RD/HWY 417 CARP IC144R63 @ HWY 417 CARP I,347301.0097,5015925.569,-75.95825,45.282,2017-12-23,2:10:00 PM,03 - Snow,03 - Loose snow,01 - Traffic signal,02 - Intersection related,01 - Daylight,03 - P.D. only,03 - Rear end,Stittsville - Basswood
3244,CARRIERE ST @ ORLEANS BLVD,380794.9606,5036609.27,-75.52818,45.46528,2017-07-17,11:22:00 AM,01 - Clear,01 - Dry,01 - Traffic signal,02 - Intersection related,01 - Daylight,03 - P.D. only,03 - Rear end,Orleans Village - Chateauneuf
3245,CARRIERE ST @ ORLEANS BLVD,380793.2002,5036609.303,-75.5282,45.46528,2017-10-16,4:14:00 PM,01 - Clear,01 - Dry,01 - Traffic signal,03 - At intersection,01 - Daylight,03 - P.D. only,03 - Rear end,Orleans Village - Chateauneuf
3246,CARRUTHERS AVE @ SCOTT ST,365154.7111,5029847.598,-75.72899,45.40596,2017-09-22,1:51:00 PM,01 - Clear,01 - Dry,01 - Traffic signal,02 - Intersection related,01 - Daylight,03 - P.D. only,03 - Rear end,Mechanicsville
3247,CARRUTHERS AVE @ SCOTT ST,365152.9566,5029848.782,-75.72901,45.40597,2017-11-17,5:45:00 PM,01 - Clear,01 - Dry,01 - Traffic signal,03 - At intersection,07 - Dark,03 - P.D. only,05 - Turning movement,Mechanicsville
3248,CARRUTHERS AVE @ SCOTT ST,365152.7815,5029849.801,-75.72902,45.40598,2017-02-03,6:42:00 PM,01 - Clear,01 - Dry,01 - Traffic signal,02 - Intersection related,07 - Dark,03 - P.D. only,04 - Sideswipe,Mechanicsville
3249,CARRUTHERS AVE btwn BURNSIDE AVE & LYNDALE AVE,365073.6962,5030046.797,-75.73,45.40776,2017-04-20,12:00:00 AM,01 - Clear,01 - Dry,10 - No control,01 - Non intersection,00 - Unknown,03 - P.D. only,06 - SMV unattended vehicle,Mechanicsville
3250,CARRUTHERS AVE btwn STONEHURST AVE & SCOTT ST,365140.3215,5029879.969,-75.72917,45.40626,2017-10-18,12:00:00 AM,01 - Clear,01 - Dry,10 - No control,01 - Non intersection,00 - Unknown,03 - P.D. only,06 - SMV unattended vehicle,Mechanicsville
3251,CARSON'S RD @ DEN HAAG DR,373029.4999,5033806.628,-75.62786,45.44086,2017-09-21,2:09:00 AM,01 - Clear,01 - Dry,02 - Stop sign,02 - Intersection related,07 - Dark,03 - P.D. only,07 - SMV other,Carson Grove - Carson Meadows
3252,CARSON'S RD btwn CHARLESWOOD AVE & DEN HAAG DR,372981.9714,5033904.883,-75.62845,45.44175,2017-09-19,4:00:00 AM,01 - Clear,01 - Dry,10 - No control,01 - Non intersection,07 - Dark,03 - P.D. only,07 - SMV other,Carson Grove - Carson Meadows
3253,CARSON'S RD btwn CHARLESWOOD AVE & DEN HAAG DR,372985.8054,5033897.084,-75.6284,45.44168,2017-03-26,11:30:00 AM,01 - Clear,01 - Dry,10 - No control,01 - Non intersection,01 - Daylight,03 - P.D. only,06 - SMV unattended vehicle,Carson Grove - Carson Meadows
3254,CARTIER ST @ FRANK ST,368508.4577,5030979.946,-75.68601,45.41585,2017-02-11,1:43:00 AM,03 - Snow,05 - Packed snow,02 - Stop sign,03 - At intersection,07 - Dark,02 - Non-fatal injury,07 - SMV other,Golden Triangle
3255,CARTIER ST @ GLADSTONE AVE,368536.7078,5030936.813,-75.68565,45.41546,2017-12-20,12:28:00 PM,01 - Clear,03 - Loose snow,02 - Stop sign,02 - Intersection related,01 - Daylight,03 - P.D. only,03 - Rear end,Golden Triangle
3256,CARTIER ST @ MACLAREN ST,368362.4008,5031217.739,-75.68784,45.41801,2017-02-12,1:32:00 PM,03 - Snow,03 - Loose snow,02 - Stop sign,03 - At intersection,01 - Daylight,03 - P.D. only,02 - Angle,Golden Triangle
3257,CARTIER ST btwn COOPER ST & SOMERSET ST W,368293.3952,5031328.204,-75.68871,45.41901,2017-05-24,12:00:00 AM,01 - Clear,01 - Dry,10 - No control,01 - Non intersection,00 - Unknown,03 - P.D. only,06 - SMV unattended vehicle,Golden Triangle
3258,CARTIER ST btwn MACLAREN ST & GILMOUR ST,368364.5517,5031212.603,-75.68781,45.41796,2017-09-23,9:35:00 AM,01 - Clear,01 - Dry,10 - No control,04 - At/near private drive,01 - Daylight,03 - P.D. only,02 - Angle,Golden Triangle
3259,CARVER PL @ MATHESON RD,373002.5294,5032963.495,-75.62832,45.43328,2017-09-21,2:00:00 PM,01 - Clear,01 - Dry,10 - No control,02 - Intersection related,01 - Daylight,03 - P.D. only,06 - SMV unattended vehicle,Carson Grove - Carson Meadows
3260,CARWOOD CIRC @ DEN HAAG DR,372505.5953,5033982.733,-75.63453,45.4425,2017-08-14,2:21:00 PM,01 - Clear,01 - Dry,02 - Stop sign,02 - Intersection related,01 - Daylight,03 - P.D. only,07 - SMV other,Carson Grove - Carson Meadows
3261,CASA GRANDE CIR btwn CASA GRANDE CIR & CASA GRANDE CIR,384382.0863,5034279.792,-75.48269,45.44392,2017-03-09,9:20:00 AM,01 - Clear,01 - Dry,10 - No control,04 - At/near private drive,01 - Daylight,03 - P.D. only,06 - SMV unattended vehicle,Avalon
3262,CASA GRANDE CIR/ASTERVALE ST @ SWEETVALLEY DR,384563.7941,5034180.987,-75.48038,45.44301,2017-04-05,12:47:00 PM,01 - Clear,01 - Dry,02 - Stop sign,02 - Intersection related,01 - Daylight,03 - P.D. only,99 - Other,Avalon
3263,CASTLE HILL CRES @ GLENMOUNT AVE,363759.3595,5025275.858,-75.74736,45.36495,2017-12-11,12:33:00 PM,03 - Snow,05 - Packed snow,03 - Yield sign,03 - At intersection,01 - Daylight,02 - Non-fatal injury,05 - Turning movement,Braemar Park - Bel Air Heights - Copeland Park
3264,CASTLE HILL CRES btwn BONNIE CRES & CLYDE AVE,363804.8766,5025661.977,-75.74673,45.36842,2017-05-14,1:31:00 AM,02 - Rain,02 - Wet,10 - No control,01 - Non intersection,07 - Dark,03 - P.D. only,06 - SMV unattended vehicle,Braemar Park - Bel Air Heights - Copeland Park
3265,CASTLEFRANK RD @ HAZELDEAN RD,352678.8814,5017676.769,-75.88953,45.29741,2017-05-27,10:41:00 AM,01 - Clear,01 - Dry,01 - Traffic signal,02 - Intersection related,01 - Daylight,02 - Non-fatal injury,03 - Rear end,Glen Cairn - Kanata South Business Park
3266,CASTLEFRANK RD @ HAZELDEAN RD,352678.2126,5017677.438,-75.88954,45.29742,2017-05-23,1:59:00 PM,01 - Clear,01 - Dry,01 - Traffic signal,03 - At intersection,01 - Daylight,03 - P.D. only,05 - Turning movement,Glen Cairn - Kanata South Business Park
3267,CASTLEFRANK RD @ HAZELDEAN RD,352678.5191,5017676.769,-75.88954,45.29741,2017-08-16,12:45:00 PM,01 - Clear,01 - Dry,01 - Traffic signal,02 - Intersection related,01 - Daylight,03 - P.D. only,03 - Rear end,Glen Cairn - Kanata South Business Park
3268,CASTLEFRANK RD @ HAZELDEAN RD,352677.5437,5017676.769,-75.88955,45.29741,2017-07-11,9:48:00 AM,01 - Clear,01 - Dry,01 - Traffic signal,03 - At intersection,01 - Daylight,03 - P.D. only,05 - Turning movement,Glen Cairn - Kanata South Business Park
3269,CASTLEFRANK RD @ HAZELDEAN RD,352676.6604,5017675.856,-75.88956,45.2974,2017-08-05,2:00:00 PM,01 - Clear,01 - Dry,01 - Traffic signal,02 - Intersection related,01 - Daylight,03 - P.D. only,03 - Rear end,Glen Cairn - Kanata South Business Park
3270,CASTLEFRANK RD @ HAZELDEAN RD,352677.4047,5017676.059,-75.88955,45.29741,2017-08-25,1:10:00 PM,01 - Clear,01 - Dry,01 - Traffic signal,02 - Intersection related,01 - Daylight,03 - P.D. only,99 - Other,Glen Cairn - Kanata South Business Park
3271,CASTLEFRANK RD @ HAZELDEAN RD,352678.2126,5017676.1,-75.88954,45.29741,2017-07-03,2:56:00 PM,01 - Clear,01 - Dry,01 - Traffic signal,02 - Intersection related,01 - Daylight,03 - P.D. only,03 - Rear end,Glen Cairn - Kanata South Business Park
3272,CASTLEFRANK RD @ HAZELDEAN RD,352678.8814,5017678.107,-75.88953,45.29742,2017-11-15,8:37:00 AM,01 - Clear,01 - Dry,01 - Traffic signal,02 - Intersection related,01 - Daylight,02 - Non-fatal injury,03 - Rear end,Glen Cairn - Kanata South Business Park
3273,CASTLEFRANK RD @ HAZELDEAN RD,352679.5503,5017676.769,-75.88953,45.29741,2017-12-05,8:00:00 AM,02 - Rain,02 - Wet,01 - Traffic signal,02 - Intersection related,01 - Daylight,03 - P.D. only,03 - Rear end,Glen Cairn - Kanata South Business Park
3274,CASTLEFRANK RD @ HAZELDEAN RD,352677.5437,5017676.769,-75.88955,45.29741,2017-11-27,1:00:00 PM,01 - Clear,01 - Dry,01 - Traffic signal,02 - Intersection related,01 - Daylight,03 - P.D. only,03 - Rear end,Glen Cairn - Kanata South Business Park
3275,CASTLEFRANK RD @ HAZELDEAN RD,352678.4208,5017675.955,-75.88954,45.29741,2017-02-01,5:06:00 PM,01 - Clear,02 - Wet,01 - Traffic signal,03 - At intersection,01 - Daylight,02 - Non-fatal injury,07 - SMV other,Glen Cairn - Kanata South Business Park
3276,CASTLEFRANK RD @ HAZELDEAN RD,352677.8781,5017676.223,-75.88955,45.29741,2017-01-30,7:35:00 AM,01 - Clear,01 - Dry,01 - Traffic signal,02 - Intersection related,03 - Dawn,02 - Non-fatal injury,03 - Rear end,Glen Cairn - Kanata South Business Park
3277,CASTLEFRANK RD @ HAZELDEAN RD,352676.3772,5017677.144,-75.88957,45.29742,2017-01-03,7:34:00 AM,04 - Freezing Rain,04 - Slush,01 - Traffic signal,03 - At intersection,03 - Dawn,02 - Non-fatal injury,05 - Turning movement,Glen Cairn - Kanata South Business Park
3278,CASTLEFRANK RD @ HAZELDEAN RD,352678.8814,5017675.431,-75.88953,45.2974,2017-03-06,5:40:00 PM,02 - Rain,02 - Wet,01 - Traffic signal,02 - Intersection related,05 - Dusk,03 - P.D. only,04 - Sideswipe,Glen Cairn - Kanata South Business Park
3279,CASTLEFRANK RD @ HAZELDEAN RD,352676.8748,5017678.107,-75.88956,45.29743,2017-02-27,10:00:00 AM,01 - Clear,01 - Dry,01 - Traffic signal,02 - Intersection related,01 - Daylight,03 - P.D. only,03 - Rear end,Katimavik - Hazeldean
3280,CASTLEFRANK RD @ HAZELDEAN RD,352677.264,5017675.716,-75.88955,45.2974,2017-12-21,8:51:00 AM,01 - Clear,01 - Dry,01 - Traffic signal,02 - Intersection related,01 - Daylight,03 - P.D. only,05 - Turning movement,Glen Cairn - Kanata South Business Park
3281,CASTLEFRANK RD @ HAZELDEAN RD,352677.3425,5017676.87,-75.88955,45.29741,2017-12-26,4:46:00 PM,01 - Clear,01 - Dry,01 - Traffic signal,03 - At intersection,05 - Dusk,02 - Non-fatal injury,05 - Turning movement,Glen Cairn - Kanata South Business Park
3282,CASTLEFRANK RD @ KATIMAVIK RD,351949.4496,5018943.516,-75.89871,45.30886,2017-06-20,10:27:00 PM,01 - Clear,01 - Dry,01 - Traffic signal,03 - At intersection,07 - Dark,03 - P.D. only,02 - Angle,Katimavik - Hazeldean
3283,CASTLEFRANK RD @ KATIMAVIK RD,351951.4053,5018943.007,-75.89869,45.30886,2017-09-29,4:11:00 PM,01 - Clear,01 - Dry,01 - Traffic signal,02 - Intersection related,01 - Daylight,03 - P.D. only,03 - Rear end,Katimavik - Hazeldean
3284,CASTLEFRANK RD @ KATIMAVIK RD,351950.7874,5018942.847,-75.8987,45.30885,2017-11-01,7:18:00 AM,02 - Rain,02 - Wet,01 - Traffic signal,03 - At intersection,03 - Dawn,03 - P.D. only,05 - Turning movement,Katimavik - Hazeldean
3285,CASTLEFRANK RD @ KATIMAVIK RD,351950.1185,5018943.516,-75.8987,45.30886,2017-11-26,3:11:00 PM,01 - Clear,01 - Dry,01 - Traffic signal,02 - Intersection related,01 - Daylight,03 - P.D. only,03 - Rear end,Katimavik - Hazeldean
3286,CASTLEFRANK RD @ KATIMAVIK RD,351950.416,5018945.278,-75.8987,45.30888,2017-01-31,10:02:00 PM,01 - Clear,01 - Dry,01 - Traffic signal,03 - At intersection,07 - Dark,02 - Non-fatal injury,02 - Angle,Katimavik - Hazeldean
3287,CASTLEFRANK RD @ KATIMAVIK RD,351950.3623,5018943.516,-75.8987,45.30886,2017-12-18,9:34:00 AM,03 - Snow,03 - Loose snow,01 - Traffic signal,03 - At intersection,01 - Daylight,03 - P.D. only,03 - Rear end,Katimavik - Hazeldean
3288,CASTLEFRANK RD @ MACNEIL CRT,352550.5775,5017823.048,-75.89116,45.29874,2017-11-25,3:10:00 PM,01 - Clear,01 - Dry,02 - Stop sign,03 - At intersection,01 - Daylight,03 - P.D. only,05 - Turning movement,Katimavik - Hazeldean
3289,CASTLEFRANK RD @ MCCURDY DR N,352077.6452,5018772.489,-75.89709,45.30731,2017-01-20,4:58:00 PM,01 - Clear,02 - Wet,02 - Stop sign,03 - At intersection,05 - Dusk,02 - Non-fatal injury,07 - SMV other,Katimavik - Hazeldean