Record,Location,X,Y,Longitude,Latitude,Date,Time,Environment,Road_Surface,Traffic_Control,Collision_Location,Light,Collision_Classification,Impact_type,Neighborhood
3290,CASTLEFRANK RD @ TERRY FOX DR,352994.3435,5016303.47,-75.88565,45.28503,2017-06-03,3:26:00 PM,01 - Clear,01 - Dry,01 - Traffic signal,02 - Intersection related,01 - Daylight,03 - P.D. only,03 - Rear end,Glen Cairn - Kanata South Business Park
3291,CASTLEFRANK RD @ TERRY FOX DR,352994.3435,5016304.139,-75.88564,45.28504,2017-05-08,3:39:00 PM,01 - Clear,01 - Dry,01 - Traffic signal,02 - Intersection related,01 - Daylight,03 - P.D. only,03 - Rear end,Glen Cairn - Kanata South Business Park
3292,CASTLEFRANK RD @ TERRY FOX DR,352993.787,5016303.698,-75.88565,45.28504,2017-08-20,3:31:00 PM,01 - Clear,01 - Dry,01 - Traffic signal,02 - Intersection related,01 - Daylight,03 - P.D. only,03 - Rear end,Glen Cairn - Kanata South Business Park
3293,CASTLEFRANK RD @ TERRY FOX DR,352994.0087,5016304.808,-75.88565,45.28505,2017-09-25,3:47:00 PM,01 - Clear,01 - Dry,01 - Traffic signal,02 - Intersection related,01 - Daylight,03 - P.D. only,03 - Rear end,Glen Cairn - Kanata South Business Park
3294,CASTLEFRANK RD @ TERRY FOX DR,352993.0057,5016305.477,-75.88566,45.28505,2017-12-03,1:05:00 PM,01 - Clear,01 - Dry,01 - Traffic signal,02 - Intersection related,01 - Daylight,03 - P.D. only,03 - Rear end,Glen Cairn - Kanata South Business Park
3295,CASTLEFRANK RD @ TERRY FOX DR,352994.3435,5016304.139,-75.88564,45.28504,2017-03-21,5:04:00 PM,01 - Clear,01 - Dry,01 - Traffic signal,02 - Intersection related,01 - Daylight,03 - P.D. only,05 - Turning movement,Glen Cairn - Kanata South Business Park
3296,CASTLEFRANK RD @ TERRY FOX DR,352994.4824,5016305.045,-75.88564,45.28505,2017-12-29,11:12:00 AM,01 - Clear,06 - Ice,01 - Traffic signal,02 - Intersection related,01 - Daylight,03 - P.D. only,03 - Rear end,Glen Cairn - Kanata South Business Park
3297,CASTLEFRANK RD @ TERRY FOX DR,352994.4869,5016303.613,-75.88564,45.28504,2017-12-25,11:41:00 AM,01 - Clear,01 - Dry,01 - Traffic signal,02 - Intersection related,01 - Daylight,03 - P.D. only,07 - SMV other,Glen Cairn - Kanata South Business Park
3298,CASTLEFRANK RD @ WINCHESTER DR,352862.7724,5017418.893,-75.88721,45.29508,2017-12-02,6:40:00 PM,01 - Clear,01 - Dry,02 - Stop sign,02 - Intersection related,07 - Dark,03 - P.D. only,03 - Rear end,Glen Cairn - Kanata South Business Park
3299,CASTLEFRANK RD btwn ALDBURN PL & STOKES CRES,353351.4982,5017175.054,-75.88101,45.29285,2017-06-11,1:38:00 AM,01 - Clear,01 - Dry,10 - No control,01 - Non intersection,07 - Dark,03 - P.D. only,06 - SMV unattended vehicle,Glen Cairn - Kanata South Business Park
3300,CASTLEFRANK RD btwn CONNELLY PL & GLAMORGAN DR,353236.145,5016352.76,-75.88256,45.28546,2017-04-10,3:16:00 PM,01 - Clear,01 - Dry,10 - No control,01 - Non intersection,01 - Daylight,03 - P.D. only,07 - SMV other,Glen Cairn - Kanata South Business Park
3301,CASTLEFRANK RD btwn GLAMORGAN DR & SHELDRAKE DR (2),353426.0058,5016804.51,-75.88009,45.28951,2017-04-29,10:00:00 AM,01 - Clear,01 - Dry,10 - No control,01 - Non intersection,01 - Daylight,03 - P.D. only,04 - Sideswipe,Glen Cairn - Kanata South Business Park
3302,CASTLEFRANK RD btwn HAZELDEAN RD & TO BE DETERMINED,352763.124,5017556.55,-75.88847,45.29633,2017-10-03,2:26:00 PM,01 - Clear,01 - Dry,10 - No control,01 - Non intersection,01 - Daylight,02 - Non-fatal injury,04 - Sideswipe,Glen Cairn - Kanata South Business Park
3303,CASTLEFRANK RD btwn KANATA AVE & KATIMAVIK RD,351929.3827,5018971.61,-75.89897,45.30911,2017-07-11,8:25:00 AM,01 - Clear,01 - Dry,10 - No control,01 - Non intersection,01 - Daylight,03 - P.D. only,03 - Rear end,Katimavik - Hazeldean
3304,CASTLEFRANK RD btwn KATIMAVIK RD & MCCURDY DR,352005.6369,5018872.613,-75.898,45.30822,2017-05-17,10:53:00 AM,01 - Clear,01 - Dry,10 - No control,01 - Non intersection,01 - Daylight,02 - Non-fatal injury,03 - Rear end,Katimavik - Hazeldean
3305,CASTLEFRANK RD btwn KATIMAVIK RD & MCCURDY DR,352018.0786,5018856.91,-75.89785,45.30808,2017-09-23,12:26:00 AM,01 - Clear,01 - Dry,10 - No control,01 - Non intersection,07 - Dark,03 - P.D. only,04 - Sideswipe,Katimavik - Hazeldean
3306,CASTLEFRANK RD btwn MACNEIL CRT & HAZELDEAN RD,352656.139,5017702.856,-75.88982,45.29765,2017-04-25,11:30:00 AM,01 - Clear,01 - Dry,10 - No control,01 - Non intersection,01 - Daylight,03 - P.D. only,04 - Sideswipe,Katimavik - Hazeldean
3307,CASTLEFRANK RD btwn SHELDRAKE DR & GLAMORGAN DR,353313.2428,5016470.796,-75.88156,45.28652,2017-01-12,4:30:00 PM,01 - Clear,05 - Packed snow,10 - No control,04 - At/near private drive,01 - Daylight,03 - P.D. only,06 - SMV unattended vehicle,Glen Cairn - Kanata South Business Park
3308,CASTLEFRANK RD btwn TO BE DETERMINED & WINCHESTER DR,352833.9455,5017443.595,-75.88758,45.2953,2017-01-22,1:31:00 PM,01 - Clear,01 - Dry,10 - No control,04 - At/near private drive,01 - Daylight,03 - P.D. only,02 - Angle,Glen Cairn - Kanata South Business Park
3309,CASTLEFRANK RD N @ GLAMORGAN DR N,353398.4775,5016665.544,-75.88046,45.28826,2017-09-09,12:01:00 AM,01 - Clear,01 - Dry,10 - No control,02 - Intersection related,07 - Dark,03 - P.D. only,06 - SMV unattended vehicle,Glen Cairn - Kanata South Business Park
3310,CATHCART ST @ DALHOUSIE ST,367779.169,5032932.353,-75.69507,45.43349,2017-10-16,7:21:00 AM,01 - Clear,01 - Dry,02 - Stop sign,03 - At intersection,01 - Daylight,02 - Non-fatal injury,02 - Angle,Lower Town
3311,CATHCART ST @ KING EDWARD AVE NB,368093.703,5033120.829,-75.69103,45.43516,2017-08-31,4:45:00 PM,01 - Clear,01 - Dry,02 - Stop sign,02 - Intersection related,01 - Daylight,03 - P.D. only,05 - Turning movement,Lower Town
3312,CATHCART ST @ KING EDWARD AVE NB,368094.0023,5033120.082,-75.69103,45.43515,2017-12-31,3:33:00 PM,03 - Snow,06 - Ice,02 - Stop sign,02 - Intersection related,01 - Daylight,03 - P.D. only,07 - SMV other,Lower Town
3313,CATHCART ST @ KING EDWARD AVE SB/MACDONALD-CAR,368087.7096,5033096.65,-75.69111,45.43494,2017-11-17,6:09:00 PM,01 - Clear,01 - Dry,02 - Stop sign,02 - Intersection related,07 - Dark,03 - P.D. only,04 - Sideswipe,Lower Town
3314,CATHCART ST btwn CATHCART SQ & RAMP,368033.9875,5033085.041,-75.6918,45.43484,2017-02-15,12:00:00 AM,03 - Snow,03 - Loose snow,10 - No control,01 - Non intersection,00 - Unknown,03 - P.D. only,06 - SMV unattended vehicle,Lower Town
3315,CATHERINE ST @ ELGIN ST,368552.3752,5030576.234,-75.6855,45.41222,2017-06-06,4:00:00 AM,02 - Rain,02 - Wet,01 - Traffic signal,02 - Intersection related,07 - Dark,03 - P.D. only,03 - Rear end,Golden Triangle
3316,CATHERINE ST @ ELGIN ST,368553.7129,5030576.234,-75.68548,45.41222,2017-07-17,3:31:00 PM,01 - Clear,01 - Dry,01 - Traffic signal,03 - At intersection,01 - Daylight,03 - P.D. only,05 - Turning movement,Golden Triangle
3317,CATHERINE ST @ ELGIN ST,368553.7129,5030578.241,-75.68548,45.41224,2017-11-16,12:41:00 PM,01 - Clear,01 - Dry,01 - Traffic signal,03 - At intersection,01 - Daylight,03 - P.D. only,07 - SMV other,Golden Triangle
3318,CATHERINE ST @ ELGIN ST,368552.3752,5030576.903,-75.6855,45.41222,2017-11-23,5:59:00 PM,01 - Clear,01 - Dry,01 - Traffic signal,03 - At intersection,07 - Dark,03 - P.D. only,02 - Angle,Golden Triangle
3319,CATHERINE ST @ ELGIN ST,368552.7096,5030577.197,-75.68549,45.41223,2017-02-15,8:20:00 AM,03 - Snow,03 - Loose snow,01 - Traffic signal,03 - At intersection,01 - Daylight,03 - P.D. only,04 - Sideswipe,Golden Triangle
3320,CATHERINE ST @ ELGIN ST,368554.3818,5030576.903,-75.68547,45.41222,2017-02-15,7:11:00 PM,03 - Snow,03 - Loose snow,01 - Traffic signal,02 - Intersection related,07 - Dark,03 - P.D. only,04 - Sideswipe,Golden Triangle
3321,CATHERINE ST @ ELGIN ST,368553.0441,5030578.91,-75.68549,45.41224,2017-02-20,1:15:00 PM,01 - Clear,01 - Dry,01 - Traffic signal,02 - Intersection related,01 - Daylight,03 - P.D. only,04 - Sideswipe,Golden Triangle
3322,CATHERINE ST @ ELGIN ST,368552.7096,5030577.335,-75.68549,45.41223,2017-12-23,2:21:00 PM,03 - Snow,03 - Loose snow,01 - Traffic signal,03 - At intersection,01 - Daylight,02 - Non-fatal injury,02 - Angle,Golden Triangle
3323,CATHERINE ST @ KENT ST,367907.7075,5030189.748,-75.69378,45.4088,2017-08-28,6:42:00 PM,01 - Clear,01 - Dry,01 - Traffic signal,03 - At intersection,01 - Daylight,03 - P.D. only,05 - Turning movement,Centretown
3324,CATHERINE ST @ KENT ST,367908.9896,5030187.923,-75.69377,45.40878,2017-07-25,12:23:00 PM,01 - Clear,01 - Dry,01 - Traffic signal,03 - At intersection,01 - Daylight,03 - P.D. only,02 - Angle,Centretown
3325,CATHERINE ST @ KENT ST,367907.0695,5030188.245,-75.69379,45.40879,2017-08-04,1:30:00 PM,01 - Clear,01 - Dry,01 - Traffic signal,03 - At intersection,01 - Daylight,03 - P.D. only,05 - Turning movement,Centretown
3326,CATHERINE ST @ KENT ST,367907.2296,5030187.848,-75.69379,45.40878,2017-08-31,5:46:00 PM,01 - Clear,01 - Dry,01 - Traffic signal,03 - At intersection,01 - Daylight,02 - Non-fatal injury,05 - Turning movement,Centretown
3327,CATHERINE ST @ KENT ST,367908.7108,5030189.233,-75.69377,45.40879,2017-06-30,1:33:00 PM,02 - Rain,02 - Wet,01 - Traffic signal,03 - At intersection,01 - Daylight,03 - P.D. only,05 - Turning movement,Centretown
3328,CATHERINE ST @ KENT ST,367907.8399,5030188.647,-75.69378,45.40879,2017-08-17,9:16:00 AM,01 - Clear,01 - Dry,01 - Traffic signal,03 - At intersection,01 - Daylight,03 - P.D. only,05 - Turning movement,Centretown
3329,CATHERINE ST @ KENT ST,367908.6633,5030187.37,-75.69377,45.40878,2017-09-19,3:15:00 PM,01 - Clear,01 - Dry,01 - Traffic signal,03 - At intersection,01 - Daylight,03 - P.D. only,02 - Angle,Centretown
3330,CATHERINE ST @ KENT ST,367907.7075,5030187.854,-75.69378,45.40878,2017-10-19,11:48:00 AM,01 - Clear,01 - Dry,01 - Traffic signal,03 - At intersection,01 - Daylight,03 - P.D. only,05 - Turning movement,Centretown
3331,CATHERINE ST @ KENT ST,367908.6543,5030187.381,-75.69377,45.40878,2017-11-21,7:37:00 PM,01 - Clear,02 - Wet,01 - Traffic signal,03 - At intersection,07 - Dark,03 - P.D. only,05 - Turning movement,Centretown
3332,CATHERINE ST @ KENT ST,367908.7108,5030187.896,-75.69377,45.40878,2017-12-08,7:04:00 AM,01 - Clear,01 - Dry,01 - Traffic signal,03 - At intersection,03 - Dawn,03 - P.D. only,05 - Turning movement,Centretown
3333,CATHERINE ST @ KENT ST,367907.7075,5030189.281,-75.69378,45.40879,2017-12-14,11:20:00 AM,01 - Clear,06 - Ice,01 - Traffic signal,02 - Intersection related,01 - Daylight,03 - P.D. only,03 - Rear end,Centretown
3334,CATHERINE ST @ KENT ST,367908.7108,5030189.233,-75.69377,45.40879,2017-11-30,5:47:00 PM,01 - Clear,01 - Dry,01 - Traffic signal,02 - Intersection related,07 - Dark,03 - P.D. only,04 - Sideswipe,Centretown
3335,CATHERINE ST @ KENT ST,367906.4729,5030189.799,-75.6938,45.4088,2017-02-10,4:01:00 PM,01 - Clear,01 - Dry,01 - Traffic signal,03 - At intersection,01 - Daylight,03 - P.D. only,05 - Turning movement,Centretown
3336,CATHERINE ST @ KENT ST,367907.7071,5030188.565,-75.69378,45.40879,2017-04-12,3:21:00 PM,01 - Clear,01 - Dry,01 - Traffic signal,03 - At intersection,01 - Daylight,03 - P.D. only,02 - Angle,Centretown
3337,CATHERINE ST @ KENT ST,367908.042,5030188.564,-75.69378,45.40879,2017-03-17,11:45:00 AM,01 - Clear,01 - Dry,01 - Traffic signal,03 - At intersection,01 - Daylight,03 - P.D. only,04 - Sideswipe,Centretown
3338,CATHERINE ST @ KENT ST,367908.1809,5030188.801,-75.69378,45.40879,2017-12-30,11:33:00 AM,03 - Snow,06 - Ice,01 - Traffic signal,03 - At intersection,01 - Daylight,03 - P.D. only,02 - Angle,Centretown
3339,CATHERINE ST @ KENT ST,367908.1809,5030188.801,-75.69378,45.40879,2017-12-29,12:30:00 PM,01 - Clear,01 - Dry,01 - Traffic signal,03 - At intersection,01 - Daylight,03 - P.D. only,05 - Turning movement,Centretown
3340,CATHERINE ST @ LYON ST/HWY 417 LYON IC120BR36,367746.0344,5030091.896,-75.69586,45.40793,2017-05-08,1:01:00 PM,01 - Clear,01 - Dry,01 - Traffic signal,03 - At intersection,01 - Daylight,02 - Non-fatal injury,02 - Angle,Centretown
3341,CATHERINE ST @ LYON ST/HWY 417 LYON IC120BR36,367748.1658,5030091.876,-75.69583,45.40793,2017-07-18,10:27:00 AM,01 - Clear,01 - Dry,01 - Traffic signal,03 - At intersection,01 - Daylight,02 - Non-fatal injury,02 - Angle,Centretown
3342,CATHERINE ST @ LYON ST/HWY 417 LYON IC120BR36,367748.6005,5030091.448,-75.69583,45.40793,2017-09-05,2:05:00 PM,01 - Clear,01 - Dry,01 - Traffic signal,03 - At intersection,01 - Daylight,03 - P.D. only,02 - Angle,Centretown
3343,CATHERINE ST @ LYON ST/HWY 417 LYON IC120BR36,367749.4233,5030094.282,-75.69582,45.40795,2017-01-13,1:02:00 PM,01 - Clear,02 - Wet,01 - Traffic signal,02 - Intersection related,01 - Daylight,03 - P.D. only,04 - Sideswipe,Centretown
3344,CATHERINE ST @ LYON ST/HWY 417 LYON IC120BR36,367749.2075,5030092.19,-75.69582,45.40794,2017-02-24,6:35:00 PM,02 - Rain,02 - Wet,01 - Traffic signal,02 - Intersection related,07 - Dark,02 - Non-fatal injury,03 - Rear end,Centretown
3345,CATHERINE ST @ LYON ST/HWY 417 LYON IC120BR36,367747.7066,5030092.326,-75.69584,45.40794,2017-12-20,2:56:00 PM,01 - Clear,01 - Dry,01 - Traffic signal,03 - At intersection,01 - Daylight,03 - P.D. only,02 - Angle,Centretown
3346,CATHERINE ST @ LYON ST/HWY 417 LYON IC120BR36,367748.18,5030092.328,-75.69583,45.40794,2017-12-26,4:20:00 PM,01 - Clear,01 - Dry,01 - Traffic signal,03 - At intersection,05 - Dusk,03 - P.D. only,02 - Angle,Centretown
3347,CATHERINE ST @ METCALFE ST,368394.8395,5030487.92,-75.68752,45.41144,2017-10-09,7:40:00 PM,01 - Clear,01 - Dry,01 - Traffic signal,02 - Intersection related,07 - Dark,03 - P.D. only,03 - Rear end,Centretown
3348,CATHERINE ST @ METCALFE ST,368393.9999,5030485.363,-75.68753,45.41141,2017-07-21,5:10:00 PM,01 - Clear,01 - Dry,01 - Traffic signal,02 - Intersection related,01 - Daylight,03 - P.D. only,04 - Sideswipe,Centretown
3349,CATHERINE ST @ METCALFE ST,368392.4125,5030488.3,-75.68755,45.41144,2017-07-17,4:00:00 PM,01 - Clear,01 - Dry,01 - Traffic signal,02 - Intersection related,01 - Daylight,03 - P.D. only,03 - Rear end,Centretown
3350,CATHERINE ST @ METCALFE ST,368393.8881,5030486.737,-75.68753,45.41143,2017-09-04,1:00:00 PM,01 - Clear,02 - Wet,01 - Traffic signal,03 - At intersection,01 - Daylight,03 - P.D. only,02 - Angle,Centretown
3351,CATHERINE ST @ METCALFE ST,368392.7509,5030486.802,-75.68755,45.41143,2017-11-06,1:23:00 PM,01 - Clear,01 - Dry,01 - Traffic signal,03 - At intersection,01 - Daylight,03 - P.D. only,02 - Angle,Centretown
3352,CATHERINE ST @ METCALFE ST,368395.1404,5030487.28,-75.68752,45.41143,2017-12-08,9:12:00 AM,01 - Clear,01 - Dry,01 - Traffic signal,03 - At intersection,01 - Daylight,03 - P.D. only,04 - Sideswipe,Centretown
3353,CATHERINE ST @ METCALFE ST,368393.3723,5030485.894,-75.68754,45.41142,2017-11-30,3:25:00 PM,02 - Rain,02 - Wet,01 - Traffic signal,02 - Intersection related,01 - Daylight,03 - P.D. only,04 - Sideswipe,Centretown
3354,CATHERINE ST @ METCALFE ST,368393.709,5030486.568,-75.68754,45.41143,2017-02-01,8:24:00 PM,03 - Snow,02 - Wet,01 - Traffic signal,03 - At intersection,07 - Dark,02 - Non-fatal injury,02 - Angle,Centretown
3355,CATHERINE ST @ METCALFE ST,368393.0378,5030485.225,-75.68754,45.41141,2017-01-06,8:00:00 PM,01 - Clear,02 - Wet,01 - Traffic signal,02 - Intersection related,07 - Dark,03 - P.D. only,04 - Sideswipe,Centretown
3356,CATHERINE ST @ METCALFE ST,368393.3723,5030486.563,-75.68754,45.41143,2017-04-01,6:51:00 PM,01 - Clear,01 - Dry,01 - Traffic signal,03 - At intersection,05 - Dusk,03 - P.D. only,04 - Sideswipe,Centretown
3357,CATHERINE ST @ QUEEN ELIZABETH DRWY,368672.0731,5030634.567,-75.68396,45.41273,2017-10-17,6:04:00 PM,01 - Clear,01 - Dry,10 - No control,03 - At intersection,01 - Daylight,03 - P.D. only,05 - Turning movement,Golden Triangle
3358,CATHERINE ST btwn BANK ST & O'CONNOR ST,368117.2974,5030316.401,-75.69109,45.40992,2017-01-18,10:06:00 AM,02 - Rain,02 - Wet,10 - No control,01 - Non intersection,01 - Daylight,03 - P.D. only,04 - Sideswipe,Centretown
3359,CATHERINE ST btwn BRONSON AVE & HWY417 IC121A RAMP61,367316.3016,5029830.766,-75.70138,45.40562,2017-03-05,5:52:00 PM,01 - Clear,01 - Dry,10 - No control,04 - At/near private drive,01 - Daylight,03 - P.D. only,03 - Rear end,Centretown
3360,CATHERINE ST btwn KENT ST & BANK ST,367974.9141,5030230.764,-75.69292,45.40916,2017-01-24,2:36:00 PM,03 - Snow,03 - Loose snow,10 - No control,01 - Non intersection,01 - Daylight,03 - P.D. only,04 - Sideswipe,Centretown
3361,CATHERINE ST btwn METCALFE ST & ELGIN ST,368402.7368,5030492.583,-75.68742,45.41148,2017-05-02,12:38:00 PM,02 - Rain,02 - Wet,10 - No control,01 - Non intersection,01 - Daylight,03 - P.D. only,06 - SMV unattended vehicle,Centretown
3362,CATHERINE ST btwn METCALFE ST & ELGIN ST,368507.5591,5030550.816,-75.68607,45.41199,2017-10-16,12:00:00 AM,01 - Clear,01 - Dry,10 - No control,01 - Non intersection,00 - Unknown,03 - P.D. only,06 - SMV unattended vehicle,Centretown
3363,CATHERINE ST btwn METCALFE ST & ELGIN ST,368434.8438,5030511.312,-75.68701,45.41164,2017-11-09,3:00:00 PM,01 - Clear,01 - Dry,10 - No control,01 - Non intersection,01 - Daylight,03 - P.D. only,06 - SMV unattended vehicle,Centretown
3364,CATHERINE ST btwn O'CONNOR ST & TO BE DETERMINED,368286.8705,5030419.001,-75.68891,45.41083,2017-11-03,11:35:00 AM,01 - Clear,01 - Dry,10 - No control,01 - Non intersection,01 - Daylight,03 - P.D. only,03 - Rear end,Centretown
3365,CATHERINE ST btwn PERCY ST & BAY ST,367596.9026,5030002.887,-75.69778,45.40715,2017-05-12,1:45:00 PM,01 - Clear,01 - Dry,10 - No control,04 - At/near private drive,01 - Daylight,03 - P.D. only,02 - Angle,Centretown
3366,CATHERINE ST/HWY 417 O'CONN IC119BR76 @ O'CONN,368243.3766,5030391.226,-75.68947,45.41058,2017-07-01,4:30:00 PM,01 - Clear,01 - Dry,01 - Traffic signal,03 - At intersection,01 - Daylight,03 - P.D. only,02 - Angle,Centretown
3367,CATHERINE ST/HWY 417 O'CONN IC119BR76 @ O'CONN,368244.7143,5030393.233,-75.68945,45.4106,2017-07-07,9:40:00 AM,01 - Clear,01 - Dry,01 - Traffic signal,02 - Intersection related,01 - Daylight,03 - P.D. only,02 - Angle,Centretown
3368,CATHERINE ST/HWY 417 O'CONN IC119BR76 @ O'CONN,368244.3716,5030392.567,-75.68946,45.41059,2017-08-17,7:35:00 AM,01 - Clear,01 - Dry,01 - Traffic signal,03 - At intersection,01 - Daylight,03 - P.D. only,02 - Angle,Centretown
3369,CATHERINE ST/HWY 417 O'CONN IC119BR76 @ O'CONN,368243.4433,5030392.66,-75.68947,45.41059,2017-09-03,10:09:00 AM,02 - Rain,02 - Wet,01 - Traffic signal,03 - At intersection,01 - Daylight,03 - P.D. only,02 - Angle,Centretown
3370,CATHERINE ST/HWY 417 O'CONN IC119BR76 @ O'CONN,368243.4741,5030392.369,-75.68947,45.41059,2017-08-04,5:08:00 PM,01 - Clear,01 - Dry,01 - Traffic signal,03 - At intersection,01 - Daylight,03 - P.D. only,02 - Angle,Centretown
3371,CATHERINE ST/HWY 417 O'CONN IC119BR76 @ O'CONN,368244.2779,5030392.938,-75.68946,45.4106,2017-09-12,3:43:00 PM,01 - Clear,01 - Dry,01 - Traffic signal,02 - Intersection related,01 - Daylight,03 - P.D. only,04 - Sideswipe,Centretown
3372,CATHERINE ST/HWY 417 O'CONN IC119BR76 @ O'CONN,368242.0388,5030392.564,-75.68949,45.41059,2017-11-15,6:33:00 PM,01 - Clear,01 - Dry,01 - Traffic signal,03 - At intersection,07 - Dark,03 - P.D. only,04 - Sideswipe,Centretown
3373,CATHERINE ST/HWY 417 O'CONN IC119BR76 @ O'CONN,368244.0455,5030393.233,-75.68946,45.4106,2017-12-09,4:56:00 PM,03 - Snow,04 - Slush,01 - Traffic signal,02 - Intersection related,07 - Dark,02 - Non-fatal injury,03 - Rear end,Centretown
3374,CATHERINE ST/HWY 417 O'CONN IC119BR76 @ O'CONN,368244.0455,5030393.233,-75.68946,45.4106,2017-11-02,9:50:00 AM,02 - Rain,02 - Wet,01 - Traffic signal,03 - At intersection,01 - Daylight,03 - P.D. only,02 - Angle,Centretown
3375,CATHERINE ST/HWY 417 O'CONN IC119BR76 @ O'CONN,368244.0796,5030391.944,-75.68946,45.41059,2017-02-11,3:35:00 PM,01 - Clear,02 - Wet,01 - Traffic signal,03 - At intersection,01 - Daylight,03 - P.D. only,02 - Angle,Centretown
3376,CATHERINE ST/HWY 417 O'CONN IC119BR76 @ O'CONN,368242.0717,5030392.018,-75.68949,45.41059,2017-01-31,2:50:00 PM,01 - Clear,01 - Dry,01 - Traffic signal,02 - Intersection related,01 - Daylight,03 - P.D. only,03 - Rear end,Centretown
3377,CATHERINE ST/HWY 417 O'CONN IC119BR76 @ O'CONN,368244.3013,5030392.633,-75.68946,45.41059,2017-03-27,6:22:00 AM,04 - Freezing Rain,02 - Wet,01 - Traffic signal,03 - At intersection,03 - Dawn,03 - P.D. only,02 - Angle,Centretown
3378,CATHERINE ST/HWY 417 O'CONN IC119BR76 @ O'CONN,368243.8344,5030393.811,-75.68946,45.4106,2017-04-19,4:41:00 PM,02 - Rain,02 - Wet,01 - Traffic signal,02 - Intersection related,01 - Daylight,03 - P.D. only,04 - Sideswipe,Centretown
3379,CATHERINE ST/HWY 417 O'CONN IC119BR76 @ O'CONN,368243.7752,5030392.357,-75.68946,45.41059,2017-12-21,2:14:00 AM,01 - Clear,01 - Dry,01 - Traffic signal,03 - At intersection,07 - Dark,03 - P.D. only,02 - Angle,Centretown
3380,CATHERINE ST/HWY 417 O'CONN IC119BR76 @ O'CONN,368242.7419,5030390.696,-75.68948,45.41058,2017-07-02,10:15:00 AM,01 - Clear,01 - Dry,01 - Traffic signal,03 - At intersection,01 - Daylight,03 - P.D. only,04 - Sideswipe,Centretown
3381,CATHERINE ST/HWY 417 O'CONN IC119BR76 @ O'CONN,368243.2638,5030393.007,-75.68947,45.4106,2017-12-15,7:30:00 PM,03 - Snow,03 - Loose snow,01 - Traffic signal,02 - Intersection related,07 - Dark,03 - P.D. only,04 - Sideswipe,Centretown
3382,CAVAN ST btwn CHATELAIN AVE & LEPAGE AVE,364593.9677,5026558.317,-75.73655,45.37642,2017-10-04,1:14:00 AM,01 - Clear,01 - Dry,10 - No control,01 - Non intersection,07 - Dark,03 - P.D. only,06 - SMV unattended vehicle,Carlington
3383,CEDAR CREEK DR @ HILLMAN MARSH WAY/OLD CROW WA,375548.2491,5020080.274,-75.59763,45.31711,2017-02-09,6:00:00 PM,01 - Clear,01 - Dry,,02 - Intersection related,07 - Dark,03 - P.D. only,06 - SMV unattended vehicle,Greenbelt
3384,CEDAR CREEK DR/DEVONWOOD CIRC @ FINDLAY CREEK,375593.1866,5020306.482,-75.59703,45.31914,2017-01-05,8:30:00 AM,01 - Clear,06 - Ice,02 - Stop sign,02 - Intersection related,01 - Daylight,03 - P.D. only,03 - Rear end,Greenbelt
3385,CEDAR CREEK DR/DEVONWOOD CIRC @ FINDLAY CREEK,375592.2677,5020307.547,-75.59704,45.31915,2017-01-04,8:44:00 PM,04 - Freezing Rain,06 - Ice,02 - Stop sign,02 - Intersection related,07 - Dark,03 - P.D. only,03 - Rear end,Greenbelt
3386,CEDARCROFT CRES btwn BIRCHMOUNT DR & EASTCLIFFE WAY,374132.9766,5031952.269,-75.61401,45.42407,2017-12-08,3:00:00 PM,01 - Clear,01 - Dry,10 - No control,01 - Non intersection,01 - Daylight,03 - P.D. only,01 - Approaching,Pineview
3387,CEDARCROFT CRES W @ MEADOWBROOK RD W,374336.1897,5031930.722,-75.61142,45.42385,2017-05-08,12:32:00 PM,01 - Clear,02 - Wet,02 - Stop sign,03 - At intersection,01 - Daylight,03 - P.D. only,02 - Angle,Pineview
3388,CEDARHILL DR N @ CEDARVIEW RD,360635.1731,5017192.825,-75.78815,45.29247,2017-02-11,10:10:00 PM,03 - Snow,03 - Loose snow,02 - Stop sign,03 - At intersection,07 - Dark,02 - Non-fatal injury,05 - Turning movement,Greenbelt
3389,CEDAROCK DR @ STONEHAVEN DR,354726.7886,5016855.086,-75.86351,45.28988,2017-05-09,5:00:00 PM,01 - Clear,01 - Dry,02 - Stop sign,02 - Intersection related,01 - Daylight,03 - P.D. only,04 - Sideswipe,Bridlewood - Emerald Meadows
3390,CEDAROCK DR @ STONEHAVEN DR,354727.123,5016853.96,-75.8635,45.28987,2017-02-13,5:10:00 PM,01 - Clear,01 - Dry,02 - Stop sign,03 - At intersection,01 - Daylight,03 - P.D. only,02 - Angle,Bridlewood - Emerald Meadows
3391,CEDAROCK DR btwn HANOVER CRT & SPRINGTREE PL,354996.4805,5016880.026,-75.86007,45.29008,2017-07-15,12:00:00 AM,01 - Clear,01 - Dry,10 - No control,01 - Non intersection,00 - Unknown,03 - P.D. only,06 - SMV unattended vehicle,Bridlewood - Emerald Meadows
3392,CEDAROW CRT @ HAZELDEAN RD,350593.6033,5015763.066,-75.9163,45.28033,2017-02-09,6:41:00 PM,01 - Clear,01 - Dry,02 - Stop sign,03 - At intersection,07 - Dark,03 - P.D. only,02 - Angle,Stittsville
3393,CEDARVIEW RD @ FALLOWFIELD RD,361294.1893,5015663.725,-75.77992,45.27866,2017-11-02,4:27:00 PM,02 - Rain,02 - Wet,01 - Traffic signal,03 - At intersection,05 - Dusk,03 - P.D. only,03 - Rear end,Munster Hamlet - Richmond