Record,Location,X,Y,Longitude,Latitude,Date,Time,Environment,Road_Surface,Traffic_Control,Collision_Location,Light,Collision_Classification,Impact_type,Neighborhood
3394,CEDARVIEW RD @ FALLOWFIELD RD,361294.1893,5015663.725,-75.77992,45.27866,2017-11-04,11:29:00 AM,01 - Clear,01 - Dry,01 - Traffic signal,02 - Intersection related,01 - Daylight,03 - P.D. only,05 - Turning movement,Munster Hamlet - Richmond
3395,CEDARVIEW RD @ FALLOWFIELD RD,361296.3394,5015665.111,-75.7799,45.27867,2017-02-15,6:11:00 PM,03 - Snow,03 - Loose snow,01 - Traffic signal,03 - At intersection,07 - Dark,03 - P.D. only,02 - Angle,Barrhaven West - Old Barrhaven
3396,CEDARVIEW RD @ FALLOWFIELD RD,361293.9167,5015663.316,-75.77993,45.27866,2017-01-27,4:46:00 PM,03 - Snow,02 - Wet,01 - Traffic signal,03 - At intersection,05 - Dusk,02 - Non-fatal injury,05 - Turning movement,Munster Hamlet - Richmond
3397,CEDARVIEW RD @ FALLOWFIELD RD,361295.0017,5015664.442,-75.77991,45.27867,2017-03-21,5:18:00 PM,01 - Clear,02 - Wet,01 - Traffic signal,02 - Intersection related,01 - Daylight,03 - P.D. only,03 - Rear end,Munster Hamlet - Richmond
3398,CEDARVIEW RD @ FALLOWFIELD RD,361294.1893,5015664.681,-75.77992,45.27867,2017-12-18,10:05:00 PM,03 - Snow,03 - Loose snow,01 - Traffic signal,02 - Intersection related,07 - Dark,02 - Non-fatal injury,04 - Sideswipe,Munster Hamlet - Richmond
3399,CEDARVIEW RD @ HWY 416 WESTHUNT IC72R24,359608.198,5019744.026,-75.80096,45.31551,2017-07-23,7:48:00 PM,01 - Clear,01 - Dry,02 - Stop sign,03 - At intersection,01 - Daylight,03 - P.D. only,02 - Angle,Greenbelt
3400,CEDARVIEW RD @ HWY 416 WESTHUNT IC72R24,359608.6365,5019744.151,-75.80096,45.31551,2017-02-12,4:57:00 PM,03 - Snow,05 - Packed snow,02 - Stop sign,02 - Intersection related,01 - Daylight,03 - P.D. only,03 - Rear end,Greenbelt
3401,CEDARVIEW RD @ HWY 416 WESTHUNT IC72R24,359607.7752,5019743.874,-75.80097,45.31551,2017-12-15,8:48:00 PM,03 - Snow,04 - Slush,02 - Stop sign,03 - At intersection,07 - Dark,03 - P.D. only,05 - Turning movement,Greenbelt
3402,CEDARVIEW RD @ HWY 416 WESTHUNT IC72R42,359597.5181,5019762.505,-75.8011,45.31568,2017-06-25,11:46:00 AM,02 - Rain,02 - Wet,10 - No control,03 - At intersection,01 - Daylight,02 - Non-fatal injury,03 - Rear end,Greenbelt
3403,CEDARVIEW RD @ HWY 416 WESTHUNT IC72R42,359598.187,5019763.174,-75.80109,45.31568,2017-02-16,8:15:00 AM,03 - Snow,05 - Packed snow,10 - No control,02 - Intersection related,01 - Daylight,03 - P.D. only,04 - Sideswipe,Greenbelt
3404,CEDARVIEW RD @ HWY 416 WESTHUNT IC72R42,359598.8559,5019763.174,-75.80108,45.31568,2017-02-22,4:27:00 PM,02 - Rain,02 - Wet,10 - No control,02 - Intersection related,01 - Daylight,03 - P.D. only,03 - Rear end,Greenbelt
3405,CEDARVIEW RD @ WEST HUNT CLUB RD,359719.6807,5019554.478,-75.79956,45.31379,2017-06-07,9:46:00 PM,01 - Clear,01 - Dry,01 - Traffic signal,03 - At intersection,07 - Dark,02 - Non-fatal injury,05 - Turning movement,Greenbelt
3406,CEDARVIEW RD @ WEST HUNT CLUB RD,359719.6807,5019555.815,-75.79956,45.31381,2017-04-25,4:20:00 PM,02 - Rain,02 - Wet,01 - Traffic signal,02 - Intersection related,01 - Daylight,03 - P.D. only,03 - Rear end,Greenbelt
3407,CEDARVIEW RD @ WEST HUNT CLUB RD,359719.1869,5019554.478,-75.79957,45.31379,2017-05-06,12:23:00 AM,02 - Rain,02 - Wet,01 - Traffic signal,03 - At intersection,07 - Dark,03 - P.D. only,07 - SMV other,Greenbelt
3408,CEDARVIEW RD @ WEST HUNT CLUB RD,359719.1286,5019555.61,-75.79957,45.3138,2017-08-23,10:46:00 AM,01 - Clear,01 - Dry,01 - Traffic signal,03 - At intersection,01 - Daylight,03 - P.D. only,02 - Angle,Greenbelt
3409,CEDARVIEW RD @ WEST HUNT CLUB RD,359719.1508,5019553.768,-75.79957,45.31379,2017-07-20,4:21:00 PM,01 - Clear,01 - Dry,01 - Traffic signal,03 - At intersection,01 - Daylight,03 - P.D. only,05 - Turning movement,Greenbelt
3410,CEDARVIEW RD @ WEST HUNT CLUB RD,359719.0119,5019555.147,-75.79957,45.3138,2017-07-20,5:00:00 PM,01 - Clear,01 - Dry,01 - Traffic signal,02 - Intersection related,01 - Daylight,03 - P.D. only,04 - Sideswipe,Greenbelt
3411,CEDARVIEW RD @ WEST HUNT CLUB RD,359720.4819,5019553.575,-75.79955,45.31379,2017-07-28,7:30:00 PM,01 - Clear,01 - Dry,01 - Traffic signal,02 - Intersection related,01 - Daylight,03 - P.D. only,03 - Rear end,Greenbelt
3412,CEDARVIEW RD @ WEST HUNT CLUB RD,359719.3184,5019553.837,-75.79956,45.31379,2017-08-15,9:04:00 AM,01 - Clear,01 - Dry,01 - Traffic signal,03 - At intersection,01 - Daylight,03 - P.D. only,05 - Turning movement,Greenbelt
3413,CEDARVIEW RD @ WEST HUNT CLUB RD,359719.2789,5019555.981,-75.79957,45.31381,2017-08-02,4:18:00 PM,01 - Clear,01 - Dry,01 - Traffic signal,02 - Intersection related,01 - Daylight,03 - P.D. only,03 - Rear end,Greenbelt
3414,CEDARVIEW RD @ WEST HUNT CLUB RD,359719.8951,5019553.564,-75.79956,45.31379,2017-07-21,5:28:00 PM,01 - Clear,01 - Dry,01 - Traffic signal,02 - Intersection related,01 - Daylight,03 - P.D. only,03 - Rear end,Greenbelt
3415,CEDARVIEW RD @ WEST HUNT CLUB RD,359718.343,5019553.809,-75.79958,45.31379,2017-07-07,11:19:00 PM,01 - Clear,01 - Dry,01 - Traffic signal,03 - At intersection,07 - Dark,03 - P.D. only,05 - Turning movement,Greenbelt
3416,CEDARVIEW RD @ WEST HUNT CLUB RD,359718.343,5019554.478,-75.79958,45.31379,2017-06-28,4:45:00 PM,01 - Clear,01 - Dry,01 - Traffic signal,02 - Intersection related,01 - Daylight,03 - P.D. only,03 - Rear end,Greenbelt
3417,CEDARVIEW RD @ WEST HUNT CLUB RD,359719.2239,5019553.385,-75.79957,45.31378,2017-10-04,8:38:00 PM,01 - Clear,01 - Dry,01 - Traffic signal,02 - Intersection related,07 - Dark,03 - P.D. only,03 - Rear end,Greenbelt
3418,CEDARVIEW RD @ WEST HUNT CLUB RD,359719.2239,5019553.385,-75.79957,45.31378,2017-09-26,4:51:00 PM,01 - Clear,01 - Dry,01 - Traffic signal,03 - At intersection,01 - Daylight,03 - P.D. only,03 - Rear end,Greenbelt
3419,CEDARVIEW RD @ WEST HUNT CLUB RD,359718.6774,5019554.241,-75.79957,45.31379,2017-12-12,3:14:00 PM,03 - Snow,03 - Loose snow,01 - Traffic signal,03 - At intersection,01 - Daylight,03 - P.D. only,03 - Rear end,Greenbelt
3420,CEDARVIEW RD @ WEST HUNT CLUB RD,359717.7216,5019554.239,-75.79959,45.31379,2017-12-10,1:23:00 PM,01 - Clear,01 - Dry,01 - Traffic signal,02 - Intersection related,01 - Daylight,02 - Non-fatal injury,03 - Rear end,Greenbelt
3421,CEDARVIEW RD @ WEST HUNT CLUB RD,359718.343,5019554.478,-75.79958,45.31379,2017-11-16,6:07:00 PM,02 - Rain,02 - Wet,01 - Traffic signal,03 - At intersection,07 - Dark,03 - P.D. only,05 - Turning movement,Greenbelt
3422,CEDARVIEW RD @ WEST HUNT CLUB RD,359720.4564,5019555.033,-75.79955,45.3138,2017-02-15,9:06:00 AM,01 - Clear,02 - Wet,01 - Traffic signal,02 - Intersection related,01 - Daylight,03 - P.D. only,03 - Rear end,Greenbelt
3423,CEDARVIEW RD @ WEST HUNT CLUB RD,359719.0119,5019553.809,-75.79957,45.31379,2017-03-24,3:42:00 PM,03 - Snow,04 - Slush,01 - Traffic signal,02 - Intersection related,01 - Daylight,03 - P.D. only,04 - Sideswipe,Greenbelt
3424,CEDARVIEW RD @ WEST HUNT CLUB RD,359720.2059,5019557.535,-75.79955,45.31382,2017-02-22,9:50:00 AM,01 - Clear,02 - Wet,01 - Traffic signal,03 - At intersection,01 - Daylight,03 - P.D. only,05 - Turning movement,Greenbelt
3425,CEDARVIEW RD @ WEST HUNT CLUB RD,359718.343,5019554.478,-75.79958,45.31379,2017-03-14,5:30:00 PM,03 - Snow,03 - Loose snow,01 - Traffic signal,02 - Intersection related,01 - Daylight,03 - P.D. only,03 - Rear end,Greenbelt
3426,CEDARVIEW RD @ WEST HUNT CLUB RD,359717.7216,5019554.717,-75.79959,45.3138,2017-12-29,6:54:00 PM,01 - Clear,05 - Packed snow,01 - Traffic signal,03 - At intersection,07 - Dark,03 - P.D. only,05 - Turning movement,Greenbelt
3427,CEDARVIEW RD @ WEST HUNT CLUB RD,359718.204,5019554.714,-75.79958,45.3138,2017-12-19,8:56:00 AM,03 - Snow,05 - Packed snow,01 - Traffic signal,02 - Intersection related,01 - Daylight,03 - P.D. only,05 - Turning movement,Greenbelt
3428,CEDARVIEW RD btwn 217 S OF FALLOWFIELD RD/CEDARVIEW MIDDLE PS & JOCKVA,361426.7919,5015368.581,-75.77827,45.27599,2017-05-19,2:30:00 PM,01 - Clear,01 - Dry,10 - No control,04 - At/near private drive,01 - Daylight,02 - Non-fatal injury,05 - Turning movement,Barrhaven West - Old Barrhaven
3429,CEDARVIEW RD btwn BRUIN RD & HWY416 IC72 RAMP62,359568.0877,5019812.788,-75.80146,45.31613,2017-07-17,2:55:00 PM,01 - Clear,01 - Dry,10 - No control,01 - Non intersection,01 - Daylight,02 - Non-fatal injury,05 - Turning movement,Greenbelt
3430,CEDARVIEW RD btwn BRUIN RD & HWY416 IC72 RAMP62,359285.0405,5020743.051,-75.80497,45.32452,2017-02-14,10:57:00 PM,03 - Snow,03 - Loose snow,10 - No control,01 - Non intersection,07 - Dark,03 - P.D. only,07 - SMV other,Greenbelt
3431,CEDARVIEW RD btwn WEST HUNT CLUB RD & LYTLE AVE,359742.5723,5019510.989,-75.79927,45.3134,2017-12-13,9:00:00 AM,03 - Snow,03 - Loose snow,10 - No control,01 - Non intersection,01 - Daylight,03 - P.D. only,03 - Rear end,Greenbelt
3432,CEDARVIEW RD btwn WEST HUNT CLUB RD & LYTLE AVE,360111.3199,5018642.193,-75.79467,45.30555,2017-11-01,12:42:00 PM,02 - Rain,02 - Wet,10 - No control,01 - Non intersection,01 - Daylight,03 - P.D. only,07 - SMV other,Greenbelt
3433,CEDARWOOD DR @ WALKLEY RD,371194.3942,5026456.862,-75.6523,45.37491,2017-05-31,9:12:00 PM,02 - Rain,02 - Wet,01 - Traffic signal,03 - At intersection,07 - Dark,03 - P.D. only,05 - Turning movement,Ledbury - Heron Gate - Ridgemont - Elmwood
3434,CEDARWOOD DR @ WALKLEY RD,371194.7286,5026454.814,-75.6523,45.37489,2017-08-31,4:52:00 PM,01 - Clear,01 - Dry,01 - Traffic signal,02 - Intersection related,01 - Daylight,03 - P.D. only,03 - Rear end,Ledbury - Heron Gate - Ridgemont - Elmwood
3435,CEDARWOOD DR @ WALKLEY RD,371195.8385,5026455.746,-75.65228,45.3749,2017-08-28,3:30:00 PM,01 - Clear,01 - Dry,01 - Traffic signal,02 - Intersection related,01 - Daylight,02 - Non-fatal injury,03 - Rear end,Ledbury - Heron Gate - Ridgemont - Elmwood
3436,CEDARWOOD DR @ WALKLEY RD,371194.7286,5026455.747,-75.6523,45.3749,2017-09-18,6:45:00 PM,01 - Clear,01 - Dry,01 - Traffic signal,02 - Intersection related,01 - Daylight,02 - Non-fatal injury,03 - Rear end,Ledbury - Heron Gate - Ridgemont - Elmwood
3437,CEDARWOOD DR @ WALKLEY RD,371193.8702,5026453.807,-75.65231,45.37488,2017-01-10,8:43:00 AM,01 - Clear,04 - Slush,01 - Traffic signal,02 - Intersection related,01 - Daylight,03 - P.D. only,03 - Rear end,Ledbury - Heron Gate - Ridgemont - Elmwood
3438,CEDARWOOD DR @ WALKLEY RD,371193.2277,5026456.65,-75.65232,45.37491,2017-03-12,11:48:00 AM,01 - Clear,01 - Dry,01 - Traffic signal,02 - Intersection related,01 - Daylight,03 - P.D. only,03 - Rear end,Ledbury - Heron Gate - Ridgemont - Elmwood
3439,CEDARWOOD DR btwn WALKLEY RD & BAYCREST DR,371176.7394,5026486.81,-75.65252,45.37518,2017-05-05,11:41:00 PM,02 - Rain,02 - Wet,10 - No control,04 - At/near private drive,07 - Dark,03 - P.D. only,05 - Turning movement,Ledbury - Heron Gate - Ridgemont - Elmwood
3440,CEDARWOOD DR btwn WALKLEY RD & BAYCREST DR,371135.4693,5026561.378,-75.65304,45.37585,2017-08-31,1:48:00 PM,01 - Clear,01 - Dry,10 - No control,01 - Non intersection,01 - Daylight,03 - P.D. only,06 - SMV unattended vehicle,Ledbury - Heron Gate - Ridgemont - Elmwood
3441,CEDARWOOD DR btwn WALKLEY RD & BAYCREST DR,371122.1059,5026632.357,-75.6532,45.37649,2017-11-10,3:09:00 PM,01 - Clear,01 - Dry,10 - No control,04 - At/near private drive,01 - Daylight,03 - P.D. only,02 - Angle,Ledbury - Heron Gate - Ridgemont - Elmwood
3442,CELESTE WAY btwn VENUS AVE & BALLANTYNE DR,385736.422,5037319.894,-75.46488,45.47111,2017-09-20,8:45:00 AM,01 - Clear,01 - Dry,10 - No control,01 - Non intersection,01 - Daylight,03 - P.D. only,01 - Approaching,Cardinal Creek
3443,CELTIC CRT btwn Continuation of CELTIC CRT & Continuation of CELTIC CR,371759.427,5025140.45,-75.64527,45.36301,2017-02-08,3:06:00 PM,01 - Clear,05 - Packed snow,10 - No control,01 - Non intersection,01 - Daylight,03 - P.D. only,99 - Other,South Keys - Heron Gate - Greenboro West
3444,CELTIC RIDGE CRES/MARCONI AVE @ MAXWELL BRIDGE,349386.6902,5024757.301,-75.93087,45.36134,2017-12-07,6:55:00 PM,03 - Snow,03 - Loose snow,10 - No control,03 - At intersection,07 - Dark,02 - Non-fatal injury,02 - Angle,South March
3445,CENTENNIAL BLVD @ MAIN ST,369480.0538,5029416.338,-75.6738,45.4017,2017-08-24,2:39:00 PM,01 - Clear,01 - Dry,02 - Stop sign,02 - Intersection related,01 - Daylight,03 - P.D. only,03 - Rear end,Old Ottawa East
3446,CENTENNIAL BLVD @ MAIN ST,369479.7164,5029414.553,-75.6738,45.40168,2017-12-04,3:45:00 PM,01 - Clear,01 - Dry,02 - Stop sign,03 - At intersection,01 - Daylight,03 - P.D. only,02 - Angle,Old Ottawa East
3447,CENTENNIAL BLVD @ MAIN ST,369480.5484,5029416.288,-75.67379,45.4017,2017-11-21,10:02:00 AM,01 - Clear,01 - Dry,02 - Stop sign,03 - At intersection,01 - Daylight,03 - P.D. only,02 - Angle,Old Ottawa East
3448,CENTENNIAL BLVD @ MAIN ST,369480.4241,5029417.066,-75.67379,45.4017,2017-01-31,7:48:00 AM,01 - Clear,01 - Dry,02 - Stop sign,03 - At intersection,03 - Dawn,03 - P.D. only,02 - Angle,Old Ottawa East
3449,CENTENNIAL BLVD @ MAIN ST,369480.3853,5029416.56,-75.67379,45.4017,2017-03-24,9:15:00 AM,03 - Snow,03 - Loose snow,02 - Stop sign,02 - Intersection related,01 - Daylight,03 - P.D. only,02 - Angle,Old Ottawa East
3450,CENTENNIAL BLVD @ MAIN ST,369480.8173,5029416.557,-75.67379,45.4017,2017-12-19,9:00:00 AM,03 - Snow,03 - Loose snow,02 - Stop sign,03 - At intersection,01 - Daylight,03 - P.D. only,04 - Sideswipe,Old Ottawa East
3451,CENTER ST @ MONTREAL RD,371820.7048,5033950.919,-75.64329,45.44228,2017-06-23,10:42:00 AM,01 - Clear,01 - Dry,02 - Stop sign,03 - At intersection,01 - Daylight,03 - P.D. only,05 - Turning movement,Cummings
3452,CENTER ST @ MONTREAL RD,371821.3763,5033951.44,-75.64328,45.44228,2017-07-15,8:48:00 AM,01 - Clear,01 - Dry,02 - Stop sign,02 - Intersection related,01 - Daylight,02 - Non-fatal injury,02 - Angle,Cummings
3453,CENTER ST @ MONTREAL RD,371820.7048,5033952.257,-75.64329,45.44229,2017-11-15,6:45:00 PM,01 - Clear,01 - Dry,02 - Stop sign,03 - At intersection,07 - Dark,03 - P.D. only,04 - Sideswipe,Cummings
3454,CENTER ST @ MONTREAL RD,371820.2526,5033956.445,-75.64329,45.44233,2017-01-10,9:19:00 AM,01 - Clear,01 - Dry,02 - Stop sign,02 - Intersection related,01 - Daylight,03 - P.D. only,04 - Sideswipe,Cummings
3455,CENTER ST btwn MONTREAL RD & PAUL AVE,371916.3446,5033709.658,-75.6421,45.4401,2017-08-01,12:00:00 PM,01 - Clear,01 - Dry,10 - No control,01 - Non intersection,01 - Daylight,03 - P.D. only,04 - Sideswipe,Cummings
3456,CENTER ST btwn MONTREAL RD & PAUL AVE,371864.4594,5033846.806,-75.64274,45.44134,2017-03-19,11:16:00 AM,01 - Clear,01 - Dry,10 - No control,01 - Non intersection,01 - Daylight,03 - P.D. only,01 - Approaching,Cummings
3457,CENTERRA CRT btwn END & KILBIRNIE DR,365312.4153,5011768.382,-75.72919,45.24327,2017-03-26,3:32:00 PM,01 - Clear,02 - Wet,10 - No control,04 - At/near private drive,01 - Daylight,03 - P.D. only,06 - SMV unattended vehicle,New Barrhaven
3458,CENTRAL PARK DR @ SCOUT ST,364668.7519,5025466.858,-75.73573,45.36659,2017-01-09,9:35:00 AM,01 - Clear,06 - Ice,02 - Stop sign,02 - Intersection related,01 - Daylight,03 - P.D. only,01 - Approaching,Civic Hospital - Experimental Farm - Central Park
3459,CENTRAL PARK DR btwn CRYSTAL PARK CRES & MERIVALE RD,364923.8944,5025870.481,-75.73242,45.3702,2017-08-12,5:00:00 AM,02 - Rain,02 - Wet,10 - No control,04 - At/near private drive,07 - Dark,03 - P.D. only,02 - Angle,Civic Hospital - Experimental Farm - Central Park
3460,CENTRAL PARK DR btwn CRYSTAL PARK CRES & MERIVALE RD,364910.7056,5025868.534,-75.73259,45.37018,2017-11-17,11:07:00 AM,01 - Clear,01 - Dry,10 - No control,01 - Non intersection,01 - Daylight,03 - P.D. only,05 - Turning movement,Civic Hospital - Experimental Farm - Central Park
3461,CENTRAL PARK DR btwn CRYSTAL PARK CRES & MERIVALE RD,364924.4758,5025868.906,-75.73242,45.37018,2017-02-16,10:33:00 AM,01 - Clear,05 - Packed snow,10 - No control,04 - At/near private drive,01 - Daylight,03 - P.D. only,03 - Rear end,Civic Hospital - Experimental Farm - Central Park
3462,CENTRAL PARK DR N @ MERIVALE RD,364953.2384,5025873.588,-75.73205,45.37022,2017-05-09,9:20:00 AM,01 - Clear,01 - Dry,01 - Traffic signal,03 - At intersection,01 - Daylight,02 - Non-fatal injury,07 - SMV other,Civic Hospital - Experimental Farm - Central Park
3463,CENTRAL PARK DR N @ MERIVALE RD,364953.7978,5025872.917,-75.73204,45.37022,2017-09-13,6:20:00 PM,01 - Clear,01 - Dry,01 - Traffic signal,02 - Intersection related,01 - Daylight,03 - P.D. only,04 - Sideswipe,Civic Hospital - Experimental Farm - Central Park
3464,CENTRAL PARK DR N @ MERIVALE RD,364952.002,5025873.813,-75.73207,45.37023,2017-03-22,7:55:00 PM,01 - Clear,01 - Dry,01 - Traffic signal,02 - Intersection related,07 - Dark,03 - P.D. only,03 - Rear end,Civic Hospital - Experimental Farm - Central Park
3465,CENTRAL PARK DR N @ MERIVALE RD,364954.5761,5025873.588,-75.73203,45.37022,2017-02-27,12:33:00 PM,01 - Clear,01 - Dry,01 - Traffic signal,02 - Intersection related,01 - Daylight,03 - P.D. only,04 - Sideswipe,Civic Hospital - Experimental Farm - Central Park
3466,CENTRAL PARK DR N @ MERIVALE RD,364953.9072,5025872.25,-75.73204,45.37021,2017-03-08,9:22:00 AM,01 - Clear,01 - Dry,01 - Traffic signal,02 - Intersection related,01 - Daylight,03 - P.D. only,04 - Sideswipe,Civic Hospital - Experimental Farm - Central Park
3467,CENTRAL PARK DR N @ MERIVALE RD,364954.0643,5025874.704,-75.73204,45.37023,2017-12-20,5:45:00 PM,01 - Clear,02 - Wet,01 - Traffic signal,02 - Intersection related,07 - Dark,03 - P.D. only,02 - Angle,Civic Hospital - Experimental Farm - Central Park
3468,CENTRAL PARK DR S @ MERIVALE RD,364987.2004,5025597.374,-75.73165,45.36774,2017-07-18,8:23:00 PM,01 - Clear,01 - Dry,01 - Traffic signal,02 - Intersection related,01 - Daylight,02 - Non-fatal injury,03 - Rear end,Civic Hospital - Experimental Farm - Central Park
3469,CENTRAL PARK DR S @ MERIVALE RD,364987.0571,5025598.042,-75.73165,45.36774,2017-01-06,10:26:00 AM,01 - Clear,06 - Ice,01 - Traffic signal,02 - Intersection related,01 - Daylight,03 - P.D. only,03 - Rear end,Civic Hospital - Experimental Farm - Central Park
3470,CENTREPOINTE DR @ CONSTELLATION CRES S,362377.3605,5023120.746,-75.76525,45.34567,2017-11-15,1:57:00 PM,01 - Clear,01 - Dry,02 - Stop sign,03 - At intersection,01 - Daylight,02 - Non-fatal injury,07 - SMV other,Centrepointe
3471,CENTREPOINTE DR @ DALECROFT CRT W,362244.9381,5022242.716,-75.76704,45.33778,2017-02-15,9:11:00 AM,03 - Snow,03 - Loose snow,02 - Stop sign,03 - At intersection,01 - Daylight,03 - P.D. only,02 - Angle,Centrepointe
3472,CENTREPOINTE DR @ GEMINI WAY,362113.2124,5023380.994,-75.76859,45.34803,2017-12-22,1:00:00 PM,03 - Snow,06 - Ice,02 - Stop sign,02 - Intersection related,01 - Daylight,03 - P.D. only,01 - Approaching,Centrepointe
3473,CENTREPOINTE DR @ HEMMINGWOOD WAY E,362327.0129,5023203.789,-75.76589,45.34642,2017-01-04,3:10:00 PM,03 - Snow,04 - Slush,02 - Stop sign,02 - Intersection related,01 - Daylight,02 - Non-fatal injury,02 - Angle,Centrepointe
3474,CENTREPOINTE DR @ MARBLE ARCH CRES N,361796.0129,5022636.826,-75.77273,45.34136,2017-07-04,10:40:00 AM,01 - Clear,01 - Dry,02 - Stop sign,02 - Intersection related,01 - Daylight,02 - Non-fatal injury,02 - Angle,Centrepointe
3475,CENTREPOINTE DR @ REC PATH BEN FRANKLIN PL,362420.6727,5023032.028,-75.76471,45.34487,2017-11-15,9:22:00 AM,01 - Clear,01 - Dry,01 - Traffic signal,03 - At intersection,01 - Daylight,02 - Non-fatal injury,07 - SMV other,Centrepointe
3476,CENTREPOINTE DR @ SUMMERWALK PL,361816.3442,5022578.5,-75.77247,45.34084,2017-02-27,4:22:00 PM,01 - Clear,01 - Dry,02 - Stop sign,02 - Intersection related,01 - Daylight,03 - P.D. only,03 - Rear end,Centrepointe
3477,CENTREPOINTE DR @ TALLWOOD DR,362670.3586,5022576.5,-75.76158,45.34075,2017-06-20,12:28:00 PM,01 - Clear,01 - Dry,01 - Traffic signal,03 - At intersection,01 - Daylight,02 - Non-fatal injury,02 - Angle,Centrepointe
3478,CENTREPOINTE DR @ TALLWOOD DR,362671.1709,5022575.783,-75.76157,45.34074,2017-12-19,7:19:00 PM,03 - Snow,06 - Ice,01 - Traffic signal,02 - Intersection related,07 - Dark,03 - P.D. only,03 - Rear end,Centrepointe
3479,CENTREPOINTE DR btwn Continuation of CENTREPOINTE DR & HEMMINGWOOD WAY,362298.6509,5023250.973,-75.76624,45.34685,2017-09-03,1:18:00 PM,02 - Rain,02 - Wet,10 - No control,01 - Non intersection,01 - Daylight,02 - Non-fatal injury,07 - SMV other,Centrepointe
3480,CENTREPOINTE DR btwn HEMMINGWOOD WAY & Continuation of CENTREPOINTE DR,362355.4897,5023158.51,-75.76553,45.34601,2017-06-23,12:55:00 PM,02 - Rain,02 - Wet,10 - No control,01 - Non intersection,01 - Daylight,02 - Non-fatal injury,04 - Sideswipe,Centrepointe
3481,CENTREPOINTE DR btwn REC PATH BEN FRANKLIN PL & PASEO PRIV,362508.7549,5022868.829,-75.76361,45.34339,2017-10-12,9:15:00 PM,01 - Clear,01 - Dry,10 - No control,04 - At/near private drive,07 - Dark,03 - P.D. only,07 - SMV other,Centrepointe
3482,CENTURY RD    E btwn FIRST LINE RD & MANOTICK MAIN ST,368269.0274,5007737.118,-75.69204,45.20674,2017-05-16,9:20:00 AM,01 - Clear,01 - Dry,10 - No control,01 - Non intersection,01 - Daylight,03 - P.D. only,07 - SMV other,Manotick - North Gower
3483,CENTURY RD    W btwn MCCORDICK RD & TO BE DETERMINED,361108.5373,5003465.859,-75.78367,45.16892,2017-11-17,1:30:00 PM,01 - Clear,01 - Dry,10 - No control,04 - At/near private drive,01 - Daylight,03 - P.D. only,05 - Turning movement,Munster Hamlet - Richmond
3484,CENTURY RD @ FOURTH LINE RD,362212.6444,5004061.994,-75.76956,45.17419,2017-10-22,3:15:00 PM,01 - Clear,01 - Dry,02 - Stop sign,02 - Intersection related,01 - Daylight,03 - P.D. only,04 - Sideswipe,Munster Hamlet - Richmond
3485,CENTURY RD S @ MCCORDICK RD S,360470.4175,5003124.526,-75.79183,45.1659,2017-05-16,6:26:00 PM,01 - Clear,01 - Dry,02 - Stop sign,03 - At intersection,01 - Daylight,02 - Non-fatal injury,02 - Angle,Munster Hamlet - Richmond
3486,CENTURY RD S @ MCCORDICK RD S,360470.4175,5003121.85,-75.79183,45.16587,2017-06-20,10:44:00 PM,01 - Clear,01 - Dry,02 - Stop sign,03 - At intersection,07 - Dark,02 - Non-fatal injury,02 - Angle,Munster Hamlet - Richmond
3487,CENTURY RD S @ MCCORDICK RD S,360469.9388,5003122.656,-75.79183,45.16588,2017-09-08,5:59:00 PM,02 - Rain,02 - Wet,02 - Stop sign,03 - At intersection,01 - Daylight,02 - Non-fatal injury,02 - Angle,Munster Hamlet - Richmond
3488,CENTURY RD S @ MCCORDICK RD S,360469.7486,5003121.85,-75.79183,45.16587,2017-02-25,7:53:00 PM,01 - Clear,02 - Wet,02 - Stop sign,03 - At intersection,07 - Dark,02 - Non-fatal injury,02 - Angle,Munster Hamlet - Richmond
3489,CENTURY RD W @ WILLIAM MCEWEN DR,365624.14,5006094.328,-75.72591,45.19219,2017-12-22,1:00:00 PM,03 - Snow,03 - Loose snow,02 - Stop sign,02 - Intersection related,01 - Daylight,03 - P.D. only,01 - Approaching,Manotick - North Gower
3490,CHAMBERLAIN AVE @ GLENDALE AVE,367717.0439,5029920.906,-75.69625,45.4064,2017-05-05,8:04:00 PM,02 - Rain,02 - Wet,02 - Stop sign,02 - Intersection related,05 - Dusk,02 - Non-fatal injury,03 - Rear end,The Glebe
3491,CHAMBERLAIN AVE @ PERCY ST,367559.0474,5029824.559,-75.69828,45.40554,2017-04-12,8:37:00 AM,01 - Clear,01 - Dry,01 - Traffic signal,02 - Intersection related,01 - Daylight,03 - P.D. only,04 - Sideswipe,The Glebe
3492,CHAMBERLAIN AVE btwn IMPERIAL AVE & PERCY ST,367425.3923,5029740.542,-75.7,45.4048,2017-06-30,5:02:00 PM,01 - Clear,02 - Wet,10 - No control,01 - Non intersection,01 - Daylight,02 - Non-fatal injury,07 - SMV other,The Glebe
3493,CHAMBERLAIN AVE btwn KENT ST & TO BE DETERMINED,368014.1037,5030094.07,-75.69244,45.40793,2017-08-22,4:28:00 PM,01 - Clear,02 - Wet,10 - No control,01 - Non intersection,01 - Daylight,03 - P.D. only,04 - Sideswipe,The Glebe
3494,CHAMBERLAIN AVE btwn KENT ST & TO BE DETERMINED,368020.8068,5030097.492,-75.69235,45.40796,2017-09-13,9:12:00 AM,01 - Clear,01 - Dry,10 - No control,01 - Non intersection,01 - Daylight,02 - Non-fatal injury,07 - SMV other,The Glebe