Record,Location,X,Y,Longitude,Latitude,Date,Time,Environment,Road_Surface,Traffic_Control,Collision_Location,Light,Collision_Classification,Impact_type,Neighborhood
3495,CHAMBERLAIN AVE btwn PERCY ST & GLENDALE AVE,367697.6459,5029906.859,-75.6965,45.40627,2017-04-21,1:30:00 PM,01 - Clear,01 - Dry,10 - No control,01 - Non intersection,01 - Daylight,03 - P.D. only,04 - Sideswipe,The Glebe
3496,CHAMPAGNE AVE @ WELLINGTON ST,365954.8572,5030345.062,-75.71871,45.41037,2017-04-26,4:36:00 PM,01 - Clear,01 - Dry,02 - Stop sign,03 - At intersection,01 - Daylight,02 - Non-fatal injury,05 - Turning movement,LeBreton Flats
3497,CHAMPLAIN BRIDGE/ISLAND PARK DR @ BATE ISLAND,362970.508,5030058.581,-75.75687,45.40805,2017-09-11,1:08:00 PM,01 - Clear,01 - Dry,02 - Stop sign,02 - Intersection related,01 - Daylight,02 - Non-fatal injury,05 - Turning movement,Westboro
3498,CHAMPLAIN BRIDGE/ISLAND PARK DR @ BATE ISLAND,362965.8686,5030054.708,-75.75693,45.40801,2017-04-11,6:15:00 AM,01 - Clear,01 - Dry,02 - Stop sign,02 - Intersection related,01 - Daylight,03 - P.D. only,05 - Turning movement,Westboro
3499,CHAMPLAIN BRIDGE/ISLAND PARK DR btwn BATE ISLAND & OTTAWA RIVER PKWY,363136.5663,5029606.306,-75.7548,45.40396,2017-03-06,8:13:00 AM,01 - Clear,01 - Dry,10 - No control,01 - Non intersection,01 - Daylight,03 - P.D. only,04 - Sideswipe,Westboro
3500,CHAMPLAIN BRIDGE/ISLAND PARK DR btwn BATE ISLAND & OTTAWA RIVER PKWY,363135.8734,5029600.131,-75.75481,45.40391,2017-04-26,6:35:00 AM,02 - Rain,02 - Wet,10 - No control,01 - Non intersection,01 - Daylight,03 - P.D. only,03 - Rear end,Westboro
3501,CHAMPLAIN BRIDGE/ISLAND PARK DR btwn BATE ISLAND & OTTAWA RIVER PKWY,363092.4969,5029874.923,-75.75533,45.40638,2017-05-03,12:00:00 AM,01 - Clear,01 - Dry,10 - No control,07 - Overpass or bridge,00 - Unknown,03 - P.D. only,03 - Rear end,Westboro
3502,CHAMPLAIN BRIDGE/ISLAND PARK DR btwn BATE ISLAND & OTTAWA RIVER PKWY,363092.5266,5029875.598,-75.75533,45.40639,2017-07-17,4:50:00 PM,01 - Clear,01 - Dry,10 - No control,01 - Non intersection,01 - Daylight,03 - P.D. only,03 - Rear end,Westboro
3503,CHAMPLAIN BRIDGE/ISLAND PARK DR btwn BATE ISLAND & OTTAWA RIVER PKWY,362977.7204,5030043.864,-75.75678,45.40791,2017-12-29,7:50:00 AM,01 - Clear,06 - Ice,10 - No control,01 - Non intersection,03 - Dawn,03 - P.D. only,07 - SMV other,Westboro
3504,CHAMPLAIN BRIDGE/ISLAND PARK DR btwn BATE ISLAND & OTTAWA RIVER PKWY,363131.2979,5029638.474,-75.75486,45.40425,2017-09-20,6:40:00 AM,01 - Clear,01 - Dry,10 - No control,07 - Overpass or bridge,03 - Dawn,02 - Non-fatal injury,07 - SMV other,Westboro
3505,CHAMPLAIN BRIDGE/ISLAND PARK DR btwn BATE ISLAND & OTTAWA RIVER PKWY,363073.0093,5029910.466,-75.75557,45.40671,2017-05-09,6:03:00 PM,03 - Snow,01 - Dry,10 - No control,07 - Overpass or bridge,01 - Daylight,03 - P.D. only,04 - Sideswipe,Westboro
3506,CHAMPLAIN BRIDGE/ISLAND PARK DR btwn BATE ISLAND & PROVINCIAL BOUNDARY,362756.3212,5030246.86,-75.75958,45.40976,2017-12-02,11:00:00 AM,01 - Clear,01 - Dry,10 - No control,01 - Non intersection,01 - Daylight,03 - P.D. only,04 - Sideswipe,Gatineau
3507,CHAMPLAIN BRIDGE/ISLAND PARK DR btwn BATE ISLAND & PROVINCIAL BOUNDARY,362924.8903,5030106.924,-75.75744,45.40849,2017-09-06,3:48:00 PM,01 - Clear,01 - Dry,10 - No control,01 - Non intersection,01 - Daylight,03 - P.D. only,03 - Rear end,Westboro
3508,CHAMPLAIN BRIDGE/ISLAND PARK DR btwn BATE ISLAND & PROVINCIAL BOUNDARY,362924.7863,5030107.047,-75.75744,45.40849,2017-08-05,12:00:00 AM,01 - Clear,01 - Dry,10 - No control,07 - Overpass or bridge,00 - Unknown,03 - P.D. only,04 - Sideswipe,Westboro
3509,CHAMPLAIN BRIDGE/ISLAND PARK DR btwn BATE ISLAND & PROVINCIAL BOUNDARY,362936.2387,5030093.349,-75.7573,45.40836,2017-09-21,5:45:00 PM,01 - Clear,01 - Dry,10 - No control,01 - Non intersection,01 - Daylight,03 - P.D. only,03 - Rear end,Westboro
3510,CHAMPLAIN BRIDGE/ISLAND PARK DR btwn BATE ISLAND & PROVINCIAL BOUNDARY,362756.2171,5030246.946,-75.75958,45.40976,2017-09-23,3:24:00 PM,01 - Clear,01 - Dry,10 - No control,07 - Overpass or bridge,01 - Daylight,03 - P.D. only,03 - Rear end,Gatineau
3511,CHAMPLAIN BRIDGE/ISLAND PARK DR btwn BATE ISLAND & PROVINCIAL BOUNDARY,362935.2597,5030094.487,-75.75731,45.40837,2017-07-25,4:20:00 PM,01 - Clear,01 - Dry,10 - No control,01 - Non intersection,01 - Daylight,03 - P.D. only,03 - Rear end,Westboro
3512,CHAMPLAIN ST @ JEANNE D'ARC BLVD,381381.1648,5038722.415,-75.52035,45.48422,2017-08-17,6:24:00 PM,01 - Clear,01 - Dry,01 - Traffic signal,03 - At intersection,01 - Daylight,02 - Non-fatal injury,02 - Angle,Orleans South West
3513,CHAMPLAIN ST @ JEANNE D'ARC BLVD,381379.7447,5038723.835,-75.52037,45.48424,2017-10-09,3:29:00 PM,01 - Clear,01 - Dry,01 - Traffic signal,03 - At intersection,01 - Daylight,03 - P.D. only,05 - Turning movement,Chatelaine Village
3514,CHAMPLAIN ST @ JEANNE D'ARC BLVD,381380.748,5038723.598,-75.52036,45.48424,2017-11-17,6:48:00 PM,01 - Clear,01 - Dry,01 - Traffic signal,03 - At intersection,07 - Dark,03 - P.D. only,05 - Turning movement,Chatelaine Village
3515,CHAMPLAIN ST @ JEANNE D'ARC BLVD,381380.0792,5038724.936,-75.52036,45.48425,2017-11-17,6:20:00 PM,01 - Clear,01 - Dry,01 - Traffic signal,03 - At intersection,07 - Dark,03 - P.D. only,05 - Turning movement,Chatelaine Village
3516,CHAMPLAIN ST @ PLACE D'ORLEANS  SC E/PLACE D'O,381519.1473,5038373.444,-75.51864,45.48107,2017-11-20,3:09:00 PM,01 - Clear,01 - Dry,01 - Traffic signal,02 - Intersection related,01 - Daylight,03 - P.D. only,03 - Rear end,Orleans South West
3517,CHAMPLAIN ST @ PLACE D'ORLEANS  SC E/PLACE D'O,381519.6641,5038375.935,-75.51863,45.48109,2017-01-16,12:51:00 PM,01 - Clear,01 - Dry,01 - Traffic signal,03 - At intersection,01 - Daylight,03 - P.D. only,02 - Angle,Orleans South West
3518,CHAMPLAIN ST @ PLACE D'ORLEANS DR,381597.3407,5038180.734,-75.51767,45.47933,2017-07-05,10:15:00 AM,01 - Clear,01 - Dry,01 - Traffic signal,03 - At intersection,01 - Daylight,03 - P.D. only,02 - Angle,Industrial Park
3519,CHAMPLAIN ST @ PLACE D'ORLEANS DR,381597.246,5038179.177,-75.51767,45.47931,2017-01-19,10:12:00 AM,01 - Clear,02 - Wet,01 - Traffic signal,03 - At intersection,01 - Daylight,03 - P.D. only,02 - Angle,Industrial Park
3520,CHAMPNEUF DR btwn BOISBRIAND CRES & KINDERSLEY AVE,381627.9843,5036020.208,-75.51762,45.45989,2017-05-27,12:00:00 AM,01 - Clear,01 - Dry,10 - No control,01 - Non intersection,00 - Unknown,03 - P.D. only,06 - SMV unattended vehicle,Orleans Village - Chateauneuf
3521,CHANONHOUSE DR @ DALLAIRE CRES N,357787.9877,5006082.873,-75.82563,45.19272,2017-01-16,9:16:00 AM,01 - Clear,01 - Dry,02 - Stop sign,02 - Intersection related,01 - Daylight,03 - P.D. only,04 - Sideswipe,Richmond
3522,CHAPEL CRES @ LEES AVE,369691.3773,5031285.233,-75.67085,45.41849,2017-02-24,11:11:00 PM,02 - Rain,02 - Wet,02 - Stop sign,02 - Intersection related,07 - Dark,02 - Non-fatal injury,07 - SMV other,Sandy Hill
3523,CHAPEL CRES/CHAPEL ST @ MANN AVE,369552.0069,5031552.892,-75.6726,45.42091,2017-09-27,8:45:00 AM,01 - Clear,01 - Dry,02 - Stop sign,03 - At intersection,01 - Daylight,03 - P.D. only,02 - Angle,Sandy Hill
3524,CHAPEL CRES/CHAPEL ST @ MANN AVE,369551.7252,5031552.619,-75.6726,45.42091,2017-09-12,5:03:00 PM,01 - Clear,01 - Dry,02 - Stop sign,03 - At intersection,01 - Daylight,03 - P.D. only,02 - Angle,Sandy Hill
3525,CHAPEL CRES/CHAPEL ST @ MANN AVE,369551.7008,5031552.445,-75.6726,45.42091,2017-12-30,11:30:00 AM,01 - Clear,01 - Dry,02 - Stop sign,03 - At intersection,01 - Daylight,02 - Non-fatal injury,02 - Angle,Sandy Hill
3526,CHAPEL ST @ RIDEAU ST,368892.453,5032643.355,-75.68088,45.43079,2017-09-14,5:32:00 PM,01 - Clear,01 - Dry,01 - Traffic signal,03 - At intersection,01 - Daylight,02 - Non-fatal injury,07 - SMV other,Lower Town
3527,CHAPEL ST @ RIDEAU ST,368892.8817,5032644.455,-75.68088,45.4308,2017-12-14,10:06:00 AM,01 - Clear,04 - Slush,01 - Traffic signal,02 - Intersection related,01 - Daylight,03 - P.D. only,05 - Turning movement,Lower Town
3528,CHAPEL ST @ SOMERSET ST,369338.374,5031906.249,-75.67528,45.42411,2017-10-28,2:01:00 AM,01 - Clear,01 - Dry,02 - Stop sign,02 - Intersection related,07 - Dark,02 - Non-fatal injury,07 - SMV other,Sandy Hill
3529,CHAPEL ST @ SOMERSET ST,369339.0429,5031906.249,-75.67527,45.42411,2017-11-03,2:42:00 PM,01 - Clear,01 - Dry,02 - Stop sign,03 - At intersection,01 - Daylight,02 - Non-fatal injury,02 - Angle,Sandy Hill
3530,CHAPEL ST @ STEWART ST,369012.7048,5032439.261,-75.67937,45.42894,2017-02-09,4:33:00 PM,01 - Clear,01 - Dry,02 - Stop sign,03 - At intersection,01 - Daylight,03 - P.D. only,07 - SMV other,Sandy Hill
3531,CHAPEL ST btwn DALY AVE & STEWART ST,368997.1401,5032466.284,-75.67957,45.42918,2017-04-25,12:00:00 AM,01 - Clear,01 - Dry,10 - No control,01 - Non intersection,00 - Unknown,03 - P.D. only,06 - SMV unattended vehicle,Sandy Hill
3532,CHAPEL ST btwn LAURIER AVE E & OSGOODE ST,369139.4742,5032230.705,-75.67778,45.42705,2017-09-20,8:08:00 PM,01 - Clear,01 - Dry,10 - No control,01 - Non intersection,07 - Dark,03 - P.D. only,06 - SMV unattended vehicle,Sandy Hill
3533,CHAPEL ST btwn OSGOODE ST & SOMERSET ST E,369247.5839,5032053.677,-75.67642,45.42545,2017-01-02,9:47:00 AM,01 - Clear,03 - Loose snow,10 - No control,01 - Non intersection,01 - Daylight,03 - P.D. only,06 - SMV unattended vehicle,Sandy Hill
3534,CHAPEL ST btwn TEMPLETON ST & MANN AVE,369475.4412,5031676.884,-75.67356,45.42204,2017-11-25,12:00:00 AM,01 - Clear,01 - Dry,10 - No control,01 - Non intersection,00 - Unknown,03 - P.D. only,06 - SMV unattended vehicle,Sandy Hill
3535,CHAPMAN BLVD btwn ARCH ST & SAUNDERSON DR,372962.7132,5028941.26,-75.62938,45.39709,2017-06-30,12:37:00 PM,02 - Rain,02 - Wet,10 - No control,04 - At/near private drive,01 - Daylight,03 - P.D. only,06 - SMV unattended vehicle,Elmvale - Eastway - Riverview - Riverview Park West
3536,CHAPMAN MILLS DR @ BEATRICE DR,365540.8727,5014927.161,-75.72589,45.27168,2017-03-15,9:44:00 PM,03 - Snow,03 - Loose snow,01 - Traffic signal,02 - Intersection related,07 - Dark,03 - P.D. only,03 - Rear end,New Barrhaven
3537,CHAPMAN MILLS DR @ LONGFIELDS DR,364841.826,5014582.921,-75.73484,45.26864,2017-08-17,4:26:00 PM,01 - Clear,01 - Dry,02 - Stop sign,02 - Intersection related,01 - Daylight,03 - P.D. only,06 - SMV unattended vehicle,New Barrhaven
3538,CHAPMAN MILLS DR @ LONGFIELDS DR,364841.826,5014582.921,-75.73484,45.26864,2017-11-15,3:35:00 PM,01 - Clear,01 - Dry,02 - Stop sign,03 - At intersection,01 - Daylight,03 - P.D. only,02 - Angle,New Barrhaven
3539,CHAPMAN MILLS DR @ LONGFIELDS DR,364841.826,5014582.921,-75.73484,45.26864,2017-02-15,9:24:00 AM,03 - Snow,03 - Loose snow,02 - Stop sign,03 - At intersection,01 - Daylight,03 - P.D. only,02 - Angle,New Barrhaven
3540,CHAPMAN MILLS DR btwn BEATRICE DR & MEADGATE GT,365675.4629,5014978.369,-75.72417,45.27213,2017-03-02,3:38:00 PM,01 - Clear,01 - Dry,10 - No control,04 - At/near private drive,01 - Daylight,03 - P.D. only,02 - Angle,New Barrhaven
3541,CHAPMAN MILLS DR btwn LEAMINGTON WAY & TEMAGAMI DR,365341.0125,5014836.164,-75.72845,45.27088,2017-07-06,9:24:00 AM,01 - Clear,01 - Dry,10 - No control,01 - Non intersection,01 - Daylight,03 - P.D. only,06 - SMV unattended vehicle,New Barrhaven
3542,CHAPMAN MILLS DR btwn LEAMINGTON WAY & TEMAGAMI DR,365209.5848,5014768.971,-75.73013,45.27028,2017-11-24,2:26:00 PM,01 - Clear,01 - Dry,10 - No control,01 - Non intersection,01 - Daylight,03 - P.D. only,02 - Angle,New Barrhaven
3543,CHAPMAN MILLS DR btwn LEAMINGTON WAY & TEMAGAMI DR,365282.2205,5014807.58,-75.7292,45.27062,2017-12-19,12:00:00 AM,03 - Snow,03 - Loose snow,10 - No control,01 - Non intersection,00 - Unknown,03 - P.D. only,06 - SMV unattended vehicle,New Barrhaven
3544,CHAPMAN MILLS DR btwn MEADGATE GT & CLEARBROOK DR,365740.1193,5015003.768,-75.72334,45.27235,2017-11-02,3:37:00 PM,02 - Rain,02 - Wet,10 - No control,01 - Non intersection,01 - Daylight,03 - P.D. only,04 - Sideswipe,New Barrhaven
3545,CHAPMAN MILLS DR/TRANSITWAY SOUTHWEST @ WOODROFFE AVE,366177.0901,5015219.37,-75.71775,45.27425,2017-04-13,4:14:00 PM,01 - Clear,01 - Dry,01 - Traffic signal,03 - At intersection,01 - Daylight,03 - P.D. only,04 - Sideswipe,New Barrhaven
3546,CHARDON DRWY btwn COLOMBINE DRWY & EGLANTINE DRWY,364391.5888,5029927.813,-75.73873,45.40675,2017-10-13,9:30:00 AM,01 - Clear,01 - Dry,10 - No control,01 - Non intersection,01 - Daylight,03 - P.D. only,06 - SMV unattended vehicle,Tunney's Pasture
3547,CHARDONNAY DR btwn ESPRIT DR & MELANSON CRES,384910.6347,5036098.536,-75.47564,45.46022,2017-11-15,12:00:00 AM,01 - Clear,01 - Dry,10 - No control,01 - Non intersection,00 - Unknown,03 - P.D. only,06 - SMV unattended vehicle,Avalon
3548,CHARDONNAY DR btwn PELICAN ST & SCALA AVE,385236.6682,5036250.994,-75.47144,45.46156,2017-11-15,11:08:00 AM,01 - Clear,01 - Dry,10 - No control,01 - Non intersection,01 - Daylight,03 - P.D. only,06 - SMV unattended vehicle,Avalon
3549,CHARDONNAY DR btwn VALDOR WAY & ASSOMPTION ST,384786.6387,5036061.382,-75.47723,45.4599,2017-03-18,1:01:00 AM,01 - Clear,01 - Dry,10 - No control,04 - At/near private drive,07 - Dark,03 - P.D. only,06 - SMV unattended vehicle,Avalon
3550,CHAREST WAY @ LICHEN AVE W,385327.6225,5036616.15,-75.47022,45.46483,2017-12-11,1:15:00 PM,01 - Clear,06 - Ice,03 - Yield sign,03 - At intersection,01 - Daylight,03 - P.D. only,02 - Angle,Avalon
3551,CHARKAY ST @ SEYMOUR AVE,365650.7087,5023975.836,-75.72338,45.35309,2017-05-24,12:25:00 PM,01 - Clear,01 - Dry,03 - Yield sign,03 - At intersection,01 - Daylight,02 - Non-fatal injury,02 - Angle,Borden Farm - Stewart Farm - Parkwood Hills - Fisher Glen
3552,CHARKAY ST @ SEYMOUR AVE,365650.0116,5023976.604,-75.72339,45.35309,2017-09-01,12:00:00 AM,01 - Clear,01 - Dry,03 - Yield sign,02 - Intersection related,00 - Unknown,03 - P.D. only,06 - SMV unattended vehicle,Borden Farm - Stewart Farm - Parkwood Hills - Fisher Glen
3553,CHARLEMAGNE BLVD @ GARDENWAY DR/BOTTRIELL WAY,384050.3595,5037034.402,-75.48648,45.46874,2017-03-14,8:29:00 PM,03 - Snow,03 - Loose snow,01 - Traffic signal,02 - Intersection related,07 - Dark,02 - Non-fatal injury,07 - SMV other,Fallingbrook
3554,CHARLEMAGNE BLVD @ ORCHARDVIEW AVE,384506.3098,5037241.458,-75.48062,45.47055,2017-09-16,2:26:00 PM,01 - Clear,01 - Dry,02 - Stop sign,02 - Intersection related,01 - Daylight,02 - Non-fatal injury,07 - SMV other,Fallingbrook
3555,CHARLEMAGNE BLVD @ ORCHARDVIEW AVE,384508.7211,5037242.857,-75.48059,45.47056,2017-01-04,6:10:00 PM,03 - Snow,06 - Ice,02 - Stop sign,03 - At intersection,07 - Dark,03 - P.D. only,05 - Turning movement,Fallingbrook
3556,CHARLEMAGNE BLVD @ PRINCESS LOUISE DR E,384092.7571,5038135.777,-75.48576,45.47864,2017-06-12,5:48:00 PM,01 - Clear,01 - Dry,02 - Stop sign,03 - At intersection,01 - Daylight,03 - P.D. only,99 - Other,Fallingbrook
3557,CHARLEMAGNE BLVD @ PRINCESS LOUISE DR W/VALADE,383520.544,5037973.014,-75.49311,45.47724,2017-08-01,7:53:00 AM,01 - Clear,01 - Dry,01 - Traffic signal,03 - At intersection,01 - Daylight,03 - P.D. only,05 - Turning movement,Fallingbrook
3558,CHARLEMAGNE BLVD @ VALADE CRES W,383393.9302,5038002.511,-75.49472,45.47752,2017-10-19,11:33:00 AM,01 - Clear,01 - Dry,02 - Stop sign,03 - At intersection,01 - Daylight,03 - P.D. only,05 - Turning movement,Fallingbrook
3559,CHARLEMAGNE BLVD @ VALIN ST,384705.4213,5037593.901,-75.47802,45.4737,2017-04-11,11:55:00 AM,01 - Clear,01 - Dry,02 - Stop sign,03 - At intersection,01 - Daylight,03 - P.D. only,07 - SMV other,Fallingbrook
3560,CHARLEMAGNE BLVD @ WATTERS RD,384559.2825,5038048.802,-75.47981,45.47781,2017-10-24,12:22:00 PM,01 - Clear,02 - Wet,02 - Stop sign,03 - At intersection,01 - Daylight,03 - P.D. only,07 - SMV other,Fallingbrook
3561,CHARLEMAGNE BLVD btwn ORCHARDVIEW AVE & BOTTRIELL WAY,384458.2617,5037202.442,-75.48124,45.47021,2017-03-08,9:06:00 AM,01 - Clear,06 - Ice,10 - No control,01 - Non intersection,01 - Daylight,03 - P.D. only,03 - Rear end,Fallingbrook
3562,CHARLEMAGNE BLVD btwn TENTH LINE RD & VALADE CRES,383216.0285,5037989.091,-75.497,45.47742,2017-05-22,7:10:00 PM,01 - Clear,01 - Dry,10 - No control,01 - Non intersection,01 - Daylight,03 - P.D. only,05 - Turning movement,Fallingbrook
3563,CHARLEVOIX ST btwn BEECHWOOD AVE & BARRETTE ST,369206.5116,5033571.586,-75.67675,45.43911,2017-09-28,9:15:00 AM,01 - Clear,02 - Wet,10 - No control,04 - At/near private drive,01 - Daylight,03 - P.D. only,02 - Angle,Vanier North
3564,CHARLOTTE ST @ RIDEAU ST,369250.7123,5032858.923,-75.67628,45.43269,2017-05-28,6:09:00 PM,01 - Clear,01 - Dry,01 - Traffic signal,03 - At intersection,01 - Daylight,02 - Non-fatal injury,07 - SMV other,Lower Town
3565,CHARLOTTE ST @ RIDEAU ST,369250.16,5032859.367,-75.67628,45.4327,2017-06-02,11:22:00 AM,01 - Clear,01 - Dry,01 - Traffic signal,02 - Intersection related,01 - Daylight,03 - P.D. only,04 - Sideswipe,Lower Town
3566,CHARLOTTE ST @ RIDEAU ST,369249.1075,5032858.69,-75.6763,45.43269,2017-07-05,4:20:00 PM,01 - Clear,01 - Dry,01 - Traffic signal,02 - Intersection related,01 - Daylight,03 - P.D. only,03 - Rear end,Lower Town
3567,CHARLOTTE ST @ STEWART ST,369375.0385,5032658.92,-75.67472,45.43088,2017-05-20,1:00:00 AM,01 - Clear,01 - Dry,01 - Traffic signal,03 - At intersection,07 - Dark,03 - P.D. only,05 - Turning movement,Sandy Hill
3568,CHARLOTTE ST/TORMEY ST @ BRIGADIER PRIV,369204.6625,5032911.666,-75.67686,45.43317,2017-01-10,3:17:00 PM,03 - Snow,05 - Packed snow,10 - No control,02 - Intersection related,01 - Daylight,03 - P.D. only,02 - Angle,Lower Town
3569,CHARLTON DR btwn LOTUS ST & MATHESON RD,373198.1252,5033132.486,-75.6258,45.43478,2017-10-04,5:06:00 PM,02 - Rain,02 - Wet,10 - No control,01 - Non intersection,01 - Daylight,03 - P.D. only,07 - SMV other,Carson Grove - Carson Meadows
3570,CHERRY DR @ FERNBANK RD,351146.5953,5012341.175,-75.90957,45.2495,2017-12-21,11:13:00 AM,01 - Clear,01 - Dry,02 - Stop sign,03 - At intersection,01 - Daylight,03 - P.D. only,02 - Angle,Stittsville
3571,CHESLEY ST @ BANK ST,368995.6919,5028205.508,-75.68014,45.39085,2017-05-30,4:00:00 PM,01 - Clear,01 - Dry,02 - Stop sign,02 - Intersection related,01 - Daylight,03 - P.D. only,05 - Turning movement,Old Ottawa South
3572,CHESTERTON DR @ MEADOWLANDS DR,365102.0381,5024010.177,-75.73038,45.35344,2017-05-02,5:41:00 PM,01 - Clear,02 - Wet,01 - Traffic signal,02 - Intersection related,01 - Daylight,03 - P.D. only,03 - Rear end,Borden Farm - Stewart Farm - Parkwood Hills - Fisher Glen
3573,CHESTERTON DR @ MEADOWLANDS DR,365101.3692,5024009.508,-75.73039,45.35344,2017-04-08,8:42:00 AM,01 - Clear,01 - Dry,01 - Traffic signal,03 - At intersection,01 - Daylight,02 - Non-fatal injury,02 - Angle,Borden Farm - Stewart Farm - Parkwood Hills - Fisher Glen
3574,CHESTERTON DR @ MEADOWLANDS DR,365103.3758,5024010.846,-75.73036,45.35345,2017-03-08,5:47:00 PM,01 - Clear,01 - Dry,01 - Traffic signal,02 - Intersection related,01 - Daylight,03 - P.D. only,03 - Rear end,Borden Farm - Stewart Farm - Parkwood Hills - Fisher Glen
3575,CHESTERTON DR btwn MULVAGH AVE & SOUTHVIEW CRES,365242.5821,5023890.613,-75.7286,45.35236,2017-07-28,11:24:00 AM,01 - Clear,01 - Dry,10 - No control,04 - At/near private drive,01 - Daylight,03 - P.D. only,02 - Angle,Borden Farm - Stewart Farm - Parkwood Hills - Fisher Glen
3576,CHESTERTON DR/COOLSPRING CRES W @ VIEWMOUNT DR,366231.0433,5023515.51,-75.71603,45.34889,2017-06-19,2:06:00 PM,01 - Clear,01 - Dry,02 - Stop sign,03 - At intersection,01 - Daylight,03 - P.D. only,02 - Angle,Borden Farm - Stewart Farm - Parkwood Hills - Fisher Glen
3577,CHEVRIER ST @ TRENT ST,365643.7007,5026845.303,-75.72312,45.37891,2017-12-24,12:33:00 PM,03 - Snow,05 - Packed snow,03 - Yield sign,02 - Intersection related,01 - Daylight,03 - P.D. only,07 - SMV other,Carlington
3578,CHIMO DR btwn LARSEN CRT & INUVIK CRES,352856.0788,5019235.586,-75.88712,45.31143,2017-08-06,9:50:00 AM,01 - Clear,01 - Dry,10 - No control,01 - Non intersection,01 - Daylight,03 - P.D. only,06 - SMV unattended vehicle,Katimavik - Hazeldean
3579,CHOMLEY CRES btwn MIMOSA AVE & PENHILL AVE,371648.6564,5030236.027,-75.64599,45.40887,2017-05-13,12:00:00 AM,01 - Clear,01 - Dry,10 - No control,01 - Non intersection,00 - Unknown,03 - P.D. only,06 - SMV unattended vehicle,Elmvale - Eastway - Riverview - Riverview Park West
3580,CHRISTINE AVE btwn PANET ST & SILVER ST,365063.0337,5026861.669,-75.73053,45.3791,2017-05-12,12:00:00 AM,01 - Clear,01 - Dry,10 - No control,01 - Non intersection,00 - Unknown,03 - P.D. only,06 - SMV unattended vehicle,Carlington
3581,CHURCHILL AVE   N btwn DOVERCOURT AVE & WESTHILL AVE,363623.9671,5027376.454,-75.74884,45.38386,2017-11-26,7:35:00 PM,03 - Snow,03 - Loose snow,10 - No control,01 - Non intersection,07 - Dark,03 - P.D. only,03 - Rear end,Westboro
3582,CHURCHILL AVE   N btwn DUNCAIRN AVE & DOVERCOURT AVE,363601.5978,5027428.105,-75.74912,45.38433,2017-08-29,10:50:00 AM,01 - Clear,01 - Dry,10 - No control,04 - At/near private drive,01 - Daylight,03 - P.D. only,02 - Angle,Westboro
3583,CHURCHILL AVE   N btwn KENWOOD AVE & PRINCETON AVE,363410.5143,5027867.778,-75.75151,45.3883,2017-12-29,10:53:00 PM,01 - Clear,01 - Dry,10 - No control,04 - At/near private drive,07 - Dark,03 - P.D. only,99 - Other,Westboro
3584,CHURCHILL AVE   N btwn RAVENHILL AVE & KENWOOD AVE,363323.6642,5028067.627,-75.75259,45.3901,2017-06-05,12:00:00 AM,01 - Clear,01 - Dry,10 - No control,01 - Non intersection,00 - Unknown,03 - P.D. only,06 - SMV unattended vehicle,Westboro
3585,CHURCHILL AVE   N btwn RICHMOND RD & DANFORTH AVE,363241.6001,5028258.991,-75.75362,45.39183,2017-06-29,4:39:00 PM,02 - Rain,02 - Wet,10 - No control,01 - Non intersection,01 - Daylight,03 - P.D. only,04 - Sideswipe,Westboro
3586,CHURCHILL AVE   N btwn RICHMOND RD & DANFORTH AVE,363238.4493,5028263.326,-75.75366,45.39187,2017-04-13,3:00:00 PM,01 - Clear,01 - Dry,10 - No control,01 - Non intersection,01 - Daylight,03 - P.D. only,06 - SMV unattended vehicle,Westboro
3587,CHURCHILL AVE   N btwn TILLBURY AVE & CARLING AVE,363770.6789,5027039.625,-75.74701,45.38082,2017-04-22,11:08:00 AM,01 - Clear,01 - Dry,10 - No control,04 - At/near private drive,01 - Daylight,03 - P.D. only,02 - Angle,Westboro
3588,CHURCHILL AVE   N btwn WHITBY AVE & MADISON AVE,363168.4551,5028429.154,-75.75453,45.39337,2017-12-20,10:00:00 AM,03 - Snow,05 - Packed snow,10 - No control,01 - Non intersection,01 - Daylight,03 - P.D. only,06 - SMV unattended vehicle,Westboro
3589,CHURCHILL AVE @ CLARE ST/PRINCETON AVE,363461.6873,5027750.88,-75.75087,45.38724,2017-11-26,5:48:00 PM,03 - Snow,06 - Ice,01 - Traffic signal,02 - Intersection related,07 - Dark,03 - P.D. only,07 - SMV other,Westboro
3590,CHURCHILL AVE @ RAVENHILL AVE,363312.9124,5028095.465,-75.75273,45.39035,2017-08-04,8:10:00 AM,02 - Rain,02 - Wet,02 - Stop sign,02 - Intersection related,01 - Daylight,03 - P.D. only,03 - Rear end,Westboro
3591,CHURCHILL AVE @ RICHMOND RD,363227.6938,5028292.551,-75.75379,45.39213,2017-09-06,12:00:00 AM,01 - Clear,01 - Dry,01 - Traffic signal,02 - Intersection related,00 - Unknown,03 - P.D. only,06 - SMV unattended vehicle,Carlingwood - McKellar Park - Laurentien View
3592,CHURCHILL AVE @ RICHMOND RD,363228.2403,5028292.551,-75.75378,45.39213,2017-09-26,7:08:00 PM,01 - Clear,01 - Dry,01 - Traffic signal,03 - At intersection,05 - Dusk,03 - P.D. only,05 - Turning movement,Westboro
3593,CHURCHILL AVE @ RICHMOND RD,363227.477,5028292.271,-75.75379,45.39213,2017-01-28,3:02:00 PM,03 - Snow,02 - Wet,01 - Traffic signal,02 - Intersection related,01 - Daylight,02 - Non-fatal injury,03 - Rear end,Carlingwood - McKellar Park - Laurentien View
3594,CHURCHILL AVE @ SCOTT ST,363097.1587,5028584.55,-75.75542,45.39477,2017-02-10,12:00:00 AM,01 - Clear,01 - Dry,02 - Stop sign,02 - Intersection related,00 - Unknown,03 - P.D. only,06 - SMV unattended vehicle,Westboro
3595,CHURCHILL AVE @ WHITBY AVE,363162.694,5028442.225,-75.7546,45.39349,2017-06-09,4:00:00 PM,01 - Clear,01 - Dry,02 - Stop sign,03 - At intersection,01 - Daylight,03 - P.D. only,05 - Turning movement,Westboro