Record,Location,X,Y,Longitude,Latitude,Date,Time,Environment,Road_Surface,Traffic_Control,Collision_Location,Light,Collision_Classification,Impact_type,Neighborhood
3596,CHURCHILL AVE @ WILMONT AVE,363130.6883,5028506.552,-75.755,45.39407,2017-04-26,5:20:00 PM,01 - Clear,01 - Dry,02 - Stop sign,02 - Intersection related,01 - Daylight,03 - P.D. only,04 - Sideswipe,Westboro
3597,CHURCHILL AVE @ WORKMAN AVE,363064.6965,5028628.056,-75.75583,45.39517,2017-03-19,4:00:00 PM,01 - Clear,01 - Dry,02 - Stop sign,03 - At intersection,01 - Daylight,03 - P.D. only,02 - Angle,Westboro Beach
3598,CIMARRON CRES btwn Continuation of CIMARRON CRES & Continuation of CIM,361844.6187,5022886.153,-75.77208,45.3436,2017-11-26,8:00:00 PM,03 - Snow,03 - Loose snow,10 - No control,04 - At/near private drive,07 - Dark,03 - P.D. only,06 - SMV unattended vehicle,Centrepointe
3599,CINDY HILL CRES btwn LONG ISLAND RD & LONG ISLAND RD,368174.552,5011264.962,-75.6928,45.23849,2017-04-21,12:00:00 AM,01 - Clear,01 - Dry,10 - No control,01 - Non intersection,00 - Unknown,03 - P.D. only,06 - SMV unattended vehicle,Manotick
3600,CITIPLACE DR btwn Continuation of CITIPLACE DR & Continuation of CITIP,366754.2896,5023504.486,-75.70936,45.34875,2017-11-26,12:00:00 AM,03 - Snow,06 - Ice,10 - No control,01 - Non intersection,00 - Unknown,03 - P.D. only,06 - SMV unattended vehicle,Industrial Park
3601,CITRINE ST btwn NACARAT ST & TRIGORIA CRES,383540.1607,5035050.283,-75.49332,45.45095,2017-04-11,11:04:00 AM,02 - Rain,02 - Wet,10 - No control,04 - At/near private drive,01 - Daylight,03 - P.D. only,06 - SMV unattended vehicle,Avalon
3602,CITY CENTRE AVE btwn SPRUCE ST & END,366065.9647,5030090.894,-75.71732,45.40807,2017-02-22,9:30:00 AM,01 - Clear,02 - Wet,10 - No control,04 - At/near private drive,01 - Daylight,03 - P.D. only,06 - SMV unattended vehicle,Little Italy
3603,CITY PARK DR @ WILBURY RD/HARPER AVE W,373898.5859,5032653.562,-75.61691,45.4304,2017-01-17,12:00:00 AM,01 - Clear,01 - Dry,02 - Stop sign,02 - Intersection related,00 - Unknown,03 - P.D. only,06 - SMV unattended vehicle,Industrial Park
3604,CLAPP LANE @ MANOTICK MAIN ST,368757.6998,5009885.715,-75.68555,45.22603,2017-04-25,5:24:00 PM,02 - Rain,02 - Wet,02 - Stop sign,03 - At intersection,01 - Daylight,03 - P.D. only,02 - Angle,Manotick
3605,CLAPP LANE @ MANOTICK MAIN ST,368759.6499,5009886.148,-75.68552,45.22603,2017-12-20,2:59:00 PM,01 - Clear,01 - Dry,02 - Stop sign,03 - At intersection,01 - Daylight,03 - P.D. only,02 - Angle,Manotick
3606,CLARE ST @ KIRKWOOD AVE,364068.2248,5027971.512,-75.7431,45.38918,2017-07-04,6:15:00 PM,01 - Clear,01 - Dry,01 - Traffic signal,02 - Intersection related,01 - Daylight,03 - P.D. only,03 - Rear end,Westboro
3607,CLARE ST @ KIRKWOOD AVE,364067.6996,5027972.882,-75.7431,45.38919,2017-04-18,7:23:00 AM,01 - Clear,01 - Dry,01 - Traffic signal,03 - At intersection,01 - Daylight,03 - P.D. only,02 - Angle,Westboro
3608,CLARE ST @ WESTHAVEN CRES,363956.0489,5027926.977,-75.74453,45.38878,2017-08-09,11:11:00 PM,01 - Clear,01 - Dry,02 - Stop sign,03 - At intersection,07 - Dark,03 - P.D. only,05 - Turning movement,Westboro
3609,CLARENCE ST @ COBOURG ST,368950.7127,5033056.591,-75.68009,45.4345,2017-05-15,9:26:00 PM,01 - Clear,01 - Dry,02 - Stop sign,03 - At intersection,07 - Dark,03 - P.D. only,02 - Angle,Lower Town
3610,CLARENCE ST @ COBOURG ST,368949.375,5033057.26,-75.6801,45.43451,2017-11-26,6:48:00 PM,03 - Snow,06 - Ice,02 - Stop sign,02 - Intersection related,07 - Dark,03 - P.D. only,07 - SMV other,Lower Town
3611,CLARENCE ST @ COBOURG ST,368951.2103,5033056.216,-75.68008,45.4345,2017-02-07,8:05:00 PM,03 - Snow,03 - Loose snow,02 - Stop sign,03 - At intersection,07 - Dark,02 - Non-fatal injury,07 - SMV other,Lower Town
3612,CLARENCE ST @ CUMBERLAND ST,368211.1689,5032608.607,-75.68959,45.43054,2017-06-15,6:12:00 AM,01 - Clear,01 - Dry,02 - Stop sign,03 - At intersection,01 - Daylight,03 - P.D. only,02 - Angle,Byward Market
3613,CLARENCE ST @ CUMBERLAND ST,368213.1443,5032607.364,-75.68957,45.43052,2017-09-09,2:37:00 AM,01 - Clear,01 - Dry,02 - Stop sign,03 - At intersection,07 - Dark,03 - P.D. only,02 - Angle,Byward Market
3614,CLARENCE ST @ CUMBERLAND ST,368212.363,5032606.25,-75.68958,45.43051,2017-12-15,2:08:00 PM,03 - Snow,03 - Loose snow,02 - Stop sign,03 - At intersection,01 - Daylight,03 - P.D. only,02 - Angle,Byward Market
3615,CLARENCE ST @ DALHOUSIE ST,368042.3785,5032503.043,-75.69177,45.4296,2017-08-06,2:52:00 AM,01 - Clear,01 - Dry,01 - Traffic signal,03 - At intersection,07 - Dark,02 - Non-fatal injury,07 - SMV other,Byward Market
3616,CLARENCE ST @ DALHOUSIE ST,368042.863,5032503.963,-75.69176,45.42961,2017-09-08,4:53:00 PM,01 - Clear,01 - Dry,01 - Traffic signal,02 - Intersection related,01 - Daylight,03 - P.D. only,04 - Sideswipe,Byward Market
3617,CLARENCE ST @ DALHOUSIE ST,368041.6066,5032502.505,-75.69178,45.4296,2017-10-13,8:33:00 AM,01 - Clear,01 - Dry,01 - Traffic signal,03 - At intersection,01 - Daylight,03 - P.D. only,05 - Turning movement,Byward Market
3618,CLARENCE ST @ KING EDWARD AVE,368336.1997,5032681.96,-75.68799,45.43118,2017-02-22,7:00:00 AM,01 - Clear,02 - Wet,02 - Stop sign,02 - Intersection related,03 - Dawn,03 - P.D. only,04 - Sideswipe,Byward Market
3619,CLARENCE ST @ SUSSEX DR,367752.8427,5032321.701,-75.69549,45.428,2017-07-12,7:37:00 PM,01 - Clear,01 - Dry,02 - Stop sign,02 - Intersection related,01 - Daylight,02 - Non-fatal injury,05 - Turning movement,Byward Market - Parliament Hill
3620,CLARENCE ST @ SUSSEX DR,367751.0889,5032321.781,-75.69551,45.428,2017-11-02,4:00:00 PM,02 - Rain,02 - Wet,02 - Stop sign,02 - Intersection related,01 - Daylight,03 - P.D. only,02 - Angle,Byward Market - Parliament Hill
3621,CLARENCE ST @ WURTEMBURG ST,369192.381,5033200.585,-75.67698,45.43577,2017-04-13,4:50:00 PM,01 - Clear,01 - Dry,02 - Stop sign,03 - At intersection,01 - Daylight,03 - P.D. only,05 - Turning movement,Lower Town
3622,CLARENCE ST btwn CUMBERLAND ST & KING EDWARD AVE,368299.3406,5032658.512,-75.68846,45.43098,2017-10-21,3:12:00 PM,01 - Clear,01 - Dry,10 - No control,01 - Non intersection,01 - Daylight,03 - P.D. only,04 - Sideswipe,Byward Market
3623,CLARENCE ST btwn SUSSEX DR & BY WARD MARKET SQ,367846.1085,5032380.184,-75.69429,45.42851,2017-05-06,1:34:00 AM,01 - Clear,01 - Dry,10 - No control,01 - Non intersection,07 - Dark,03 - P.D. only,06 - SMV unattended vehicle,Byward Market
3624,CLARENCE ST btwn SUSSEX DR & BY WARD MARKET SQ,367821.7171,5032364.302,-75.6946,45.42837,2017-05-21,2:30:00 AM,01 - Clear,01 - Dry,10 - No control,04 - At/near private drive,07 - Dark,03 - P.D. only,06 - SMV unattended vehicle,Byward Market
3625,CLARENCE ST btwn WILLIAM ST & DALHOUSIE ST,367987.2055,5032469.641,-75.69247,45.42931,2017-09-23,2:50:00 AM,01 - Clear,01 - Dry,10 - No control,01 - Non intersection,07 - Dark,03 - P.D. only,06 - SMV unattended vehicle,Byward Market
3626,CLARENCE ST btwn WILLIAM ST & DALHOUSIE ST,368001.191,5032478.629,-75.69229,45.42939,2017-02-17,12:15:00 AM,01 - Clear,01 - Dry,10 - No control,01 - Non intersection,07 - Dark,03 - P.D. only,06 - SMV unattended vehicle,Byward Market
3627,CLARENCE ST btwn WILLIAM ST & DALHOUSIE ST,368021.6293,5032488.882,-75.69203,45.42948,2017-03-11,2:29:00 AM,01 - Clear,01 - Dry,10 - No control,01 - Non intersection,07 - Dark,03 - P.D. only,04 - Sideswipe,Byward Market
3628,CLARENDON AVE @ WELLINGTON ST,364532.2418,5029023.562,-75.73704,45.3986,2017-09-22,11:09:00 AM,01 - Clear,01 - Dry,01 - Traffic signal,03 - At intersection,01 - Daylight,03 - P.D. only,02 - Angle,Island Park
3629,CLARIDGE DR @ TOTTERIDGE AVE,364653.8245,5016292.565,-75.73703,45.28404,2017-10-31,7:48:00 PM,01 - Clear,01 - Dry,02 - Stop sign,03 - At intersection,07 - Dark,02 - Non-fatal injury,07 - SMV other,New Barrhaven
3630,CLARIDGE DR btwn BEATRICE DR & SLEAFORD GT,365192.0278,5016529.085,-75.73014,45.28612,2017-07-04,3:30:00 PM,01 - Clear,01 - Dry,10 - No control,01 - Non intersection,01 - Daylight,03 - P.D. only,99 - Other,Chapman Mills - Rideau Crest - Davidson Heights
3631,CLARIDGE DR btwn BEATRICE DR & SLEAFORD GT,365198.8609,5016528.375,-75.73005,45.28612,2017-04-12,6:51:00 PM,01 - Clear,01 - Dry,10 - No control,01 - Non intersection,01 - Daylight,03 - P.D. only,06 - SMV unattended vehicle,Chapman Mills - Rideau Crest - Davidson Heights
3632,CLARIDGE DR btwn FAIRLOP WAY & BERRIGAN DR,364586.0326,5015967.997,-75.73793,45.28113,2017-08-17,3:09:00 PM,01 - Clear,01 - Dry,10 - No control,01 - Non intersection,01 - Daylight,03 - P.D. only,99 - Other,New Barrhaven
3633,CLARIDGE DR btwn TOTTERIDGE AVE & FAIRLOP WAY,364577.7504,5016242.542,-75.73801,45.2836,2017-12-02,3:37:00 PM,01 - Clear,01 - Dry,10 - No control,04 - At/near private drive,01 - Daylight,03 - P.D. only,06 - SMV unattended vehicle,New Barrhaven
3634,CLARIDGE DR btwn UPNEY DR & BEATRICE DR,365070.5062,5016515.492,-75.73169,45.28601,2017-05-17,12:00:00 AM,01 - Clear,01 - Dry,10 - No control,01 - Non intersection,00 - Unknown,03 - P.D. only,06 - SMV unattended vehicle,New Barrhaven
3635,CLARINGTON AVE @ VISTAPARK DR,385171.6208,5035016.108,-75.47248,45.45045,2017-12-13,2:50:00 PM,01 - Clear,04 - Slush,,02 - Intersection related,01 - Daylight,03 - P.D. only,02 - Angle,Avalon
3636,CLARKE AVE @ CUMMINGS AVE,372173.3872,5033617.927,-75.63882,45.43925,2017-04-27,6:23:00 PM,01 - Clear,01 - Dry,02 - Stop sign,03 - At intersection,01 - Daylight,03 - P.D. only,05 - Turning movement,Cummings
3637,CLARKE AVE @ CUMMINGS AVE,372174.0561,5033618.596,-75.63882,45.43925,2017-04-08,9:07:00 AM,01 - Clear,01 - Dry,02 - Stop sign,03 - At intersection,01 - Daylight,03 - P.D. only,05 - Turning movement,Cummings
3638,CLARKE AVE @ ST. LAURENT BLVD,371733.718,5033352.921,-75.64448,45.4369,2017-11-26,6:30:00 PM,03 - Snow,02 - Wet,01 - Traffic signal,02 - Intersection related,07 - Dark,03 - P.D. only,03 - Rear end,Cummings
3639,CLARKE AVE @ ST. LAURENT BLVD,371733.6284,5033353.59,-75.64448,45.43691,2017-01-20,6:45:00 PM,01 - Clear,02 - Wet,01 - Traffic signal,02 - Intersection related,07 - Dark,03 - P.D. only,03 - Rear end,Cummings
3640,CLAUDE ST btwn PAUL AVE & CLARKE AVE,371946.4223,5033506.066,-75.64174,45.43826,2017-06-16,9:01:00 AM,01 - Clear,01 - Dry,10 - No control,01 - Non intersection,01 - Daylight,03 - P.D. only,06 - SMV unattended vehicle,Cummings
3641,CLAYMOR AVE @ MEADOWLANDS DR,366921.6073,5025322.299,-75.70699,45.36509,2017-05-30,8:31:00 PM,01 - Clear,01 - Dry,01 - Traffic signal,02 - Intersection related,05 - Dusk,03 - P.D. only,03 - Rear end,Carleton Heights - Rideauview
3642,CLAYMOR AVE @ MEADOWLANDS DR,366920.1876,5025321.763,-75.70701,45.36509,2017-06-06,6:27:00 PM,01 - Clear,01 - Dry,01 - Traffic signal,02 - Intersection related,01 - Daylight,03 - P.D. only,04 - Sideswipe,Carleton Heights - Rideauview
3643,CLAYMOR AVE @ MEADOWLANDS DR,366920.2275,5025322.764,-75.70701,45.3651,2017-09-18,9:31:00 AM,01 - Clear,01 - Dry,01 - Traffic signal,03 - At intersection,01 - Daylight,02 - Non-fatal injury,07 - SMV other,Carleton Heights - Rideauview
3644,CLAYMOR AVE @ MEADOWLANDS DR,366921.2481,5025323.339,-75.707,45.3651,2017-01-31,3:31:00 AM,01 - Clear,01 - Dry,01 - Traffic signal,02 - Intersection related,07 - Dark,03 - P.D. only,07 - SMV other,Carleton Heights - Rideauview
3645,CLAYMOR AVE btwn GREENBRIAR AVE & NORMANDY CRES,367051.9124,5025167.425,-75.70535,45.36369,2017-11-21,9:03:00 AM,01 - Clear,06 - Ice,10 - No control,01 - Non intersection,01 - Daylight,03 - P.D. only,06 - SMV unattended vehicle,Carleton Heights - Rideauview
3646,CLAYMOR AVE btwn GREENBRIAR AVE & NORMANDY CRES,367023.5949,5025213.932,-75.7057,45.36411,2017-11-20,6:23:00 PM,01 - Clear,06 - Ice,10 - No control,04 - At/near private drive,07 - Dark,03 - P.D. only,06 - SMV unattended vehicle,Carleton Heights - Rideauview
3647,CLEARBROOK DR @ CHAPMAN MILLS DR,365923.4838,5015084.398,-75.721,45.27306,2017-06-29,2:30:00 PM,02 - Rain,02 - Wet,01 - Traffic signal,02 - Intersection related,01 - Daylight,03 - P.D. only,03 - Rear end,New Barrhaven
3648,CLEARBROOK DR btwn KENTMARE CRES & CHAPMAN MILLS DR,365900.2672,5015126.659,-75.72129,45.27344,2017-03-21,5:09:00 PM,01 - Clear,02 - Wet,10 - No control,04 - At/near private drive,01 - Daylight,03 - P.D. only,99 - Other,New Barrhaven
3649,CLEARBROOK DR btwn LONGFIELDS DR & SILVERSTONE WAY,364724.1435,5015004.205,-75.73629,45.27244,2017-04-28,6:51:00 AM,01 - Clear,01 - Dry,10 - No control,01 - Non intersection,01 - Daylight,02 - Non-fatal injury,07 - SMV other,New Barrhaven
3650,CLEARBROOK DR btwn PIAZZA CIR & SILVERSTONE WAY,364805.154,5015048.665,-75.73525,45.27283,2017-04-08,1:55:00 PM,01 - Clear,01 - Dry,10 - No control,01 - Non intersection,01 - Daylight,02 - Non-fatal injury,04 - Sideswipe,New Barrhaven
3651,CLEARBROOK DR/MARKETPLACE AVE @ LONGFIELDS DR,364632.1646,5014954.253,-75.73747,45.272,2017-07-28,2:35:00 PM,01 - Clear,01 - Dry,01 - Traffic signal,02 - Intersection related,01 - Daylight,03 - P.D. only,05 - Turning movement,New Barrhaven
3652,CLEARBROOK DR/MARKETPLACE AVE @ LONGFIELDS DR,364632.4329,5014954.793,-75.73746,45.272,2017-02-04,1:54:00 PM,01 - Clear,01 - Dry,01 - Traffic signal,03 - At intersection,01 - Daylight,03 - P.D. only,05 - Turning movement,New Barrhaven
3653,CLEARBROOK DR/MARKETPLACE AVE @ LONGFIELDS DR,364631.3709,5014952.077,-75.73748,45.27198,2017-02-22,7:00:00 PM,01 - Clear,01 - Dry,01 - Traffic signal,03 - At intersection,07 - Dark,03 - P.D. only,02 - Angle,New Barrhaven
3654,CLEARVIEW AVE @ ISLAND PARK DR,363546.3549,5029364.565,-75.74959,45.40175,2017-06-08,10:25:00 AM,01 - Clear,01 - Dry,02 - Stop sign,03 - At intersection,01 - Daylight,03 - P.D. only,02 - Angle,Westboro Beach
3655,CLEARVIEW AVE @ ISLAND PARK DR,363546.6892,5029364.565,-75.74959,45.40175,2017-06-12,1:00:00 PM,01 - Clear,01 - Dry,02 - Stop sign,02 - Intersection related,01 - Daylight,03 - P.D. only,03 - Rear end,Westboro Beach
3656,CLEARVIEW AVE @ ISLAND PARK DR,363546.6891,5029364.565,-75.74959,45.40175,2017-08-30,4:21:00 PM,01 - Clear,01 - Dry,02 - Stop sign,02 - Intersection related,01 - Daylight,02 - Non-fatal injury,05 - Turning movement,Westboro Beach
3657,CLEARVIEW AVE @ ISLAND PARK DR,363546.6891,5029364.565,-75.74959,45.40175,2017-11-06,6:20:00 AM,01 - Clear,02 - Wet,02 - Stop sign,02 - Intersection related,03 - Dawn,03 - P.D. only,02 - Angle,Westboro Beach
3658,CLEARVIEW AVE @ ISLAND PARK DR,363546.689,5029364.565,-75.74959,45.40175,2017-09-06,4:30:00 PM,01 - Clear,01 - Dry,02 - Stop sign,02 - Intersection related,01 - Daylight,03 - P.D. only,02 - Angle,Westboro Beach
3659,CLEARVIEW AVE btwn OAK PARK PRIV & END,363265.2125,5029130.567,-75.75321,45.39967,2017-12-21,7:09:00 PM,01 - Clear,05 - Packed snow,10 - No control,01 - Non intersection,07 - Dark,03 - P.D. only,07 - SMV other,Westboro Beach
3660,CLEGG ST @ COLONEL BY DR,368968.5677,5029741.214,-75.68029,45.40467,2017-08-20,4:28:00 PM,01 - Clear,01 - Dry,01 - Traffic signal,03 - At intersection,01 - Daylight,03 - P.D. only,03 - Rear end,Old Ottawa East
3661,CLEGG ST @ COLONEL BY DR,368968.6141,5029742.1,-75.68029,45.40467,2017-08-15,9:50:00 AM,01 - Clear,01 - Dry,01 - Traffic signal,03 - At intersection,01 - Daylight,02 - Non-fatal injury,05 - Turning movement,Old Ottawa East
3662,CLEGG ST @ COLONEL BY DR,368968.9946,5029741.861,-75.68028,45.40467,2017-01-26,9:45:00 PM,01 - Clear,01 - Dry,10 - No control,02 - Intersection related,07 - Dark,03 - P.D. only,03 - Rear end,Old Ottawa East
3663,CLEMENTINE BLVD @ HERON RD,369546.7741,5026786.299,-75.67329,45.37803,2017-09-21,3:56:00 PM,01 - Clear,01 - Dry,01 - Traffic signal,03 - At intersection,01 - Daylight,03 - P.D. only,05 - Turning movement,Alta Vista
3664,CLEMENTINE BLVD btwn GREGG ST & HERON RD,369537.172,5026727.852,-75.67342,45.3775,2017-04-15,8:16:00 PM,01 - Clear,01 - Dry,10 - No control,01 - Non intersection,05 - Dusk,03 - P.D. only,06 - SMV unattended vehicle,Alta Vista
3665,CLEMOW AVE @ BRONSON AVE,367421.8201,5029396.892,-75.70009,45.40171,2017-08-29,8:26:00 AM,01 - Clear,01 - Dry,02 - Stop sign,02 - Intersection related,01 - Daylight,03 - P.D. only,03 - Rear end,The Glebe
3666,CLEMOW AVE @ BRONSON AVE,367420.1675,5029397.829,-75.70011,45.40172,2017-02-02,3:57:00 PM,01 - Clear,01 - Dry,02 - Stop sign,03 - At intersection,01 - Daylight,03 - P.D. only,02 - Angle,The Glebe
3667,CLEMOW AVE btwn BRONSON AVE & PERCY ST,367441.5386,5029407.736,-75.69984,45.4018,2017-10-25,12:00:00 AM,01 - Clear,01 - Dry,10 - No control,01 - Non intersection,00 - Unknown,03 - P.D. only,06 - SMV unattended vehicle,The Glebe
3668,CLEOPATRA DR btwn CAESAR AVE & CAESAR AVE,365704.9472,5020983.374,-75.72306,45.32616,2017-04-08,10:44:00 AM,01 - Clear,01 - Dry,10 - No control,04 - At/near private drive,01 - Daylight,03 - P.D. only,05 - Turning movement,Merivale Gardens - Grenfell Glen - Pineglen - Country Place
3669,CLEROUX CRES btwn ORIENT PARK DR & KEMPLANE CRT,379345.2748,5033324.774,-75.54721,45.43588,2017-07-10,10:44:00 PM,01 - Clear,01 - Dry,10 - No control,01 - Non intersection,07 - Dark,03 - P.D. only,06 - SMV unattended vehicle,Blackburn Hamlet
3670,CLIFTON RD @ SCOTT ST,363567.6895,5028881.434,-75.74938,45.39741,2017-01-04,3:45:00 PM,03 - Snow,03 - Loose snow,02 - Stop sign,03 - At intersection,01 - Daylight,03 - P.D. only,02 - Angle,Westboro
3671,CLOVER ST @ GREGG ST,369311.3855,5026569.856,-75.67633,45.3761,2017-11-02,7:12:00 PM,02 - Rain,02 - Wet,02 - Stop sign,03 - At intersection,07 - Dark,03 - P.D. only,02 - Angle,Alta Vista
3672,CLOVER ST @ HERON RD,369292.7157,5026764.307,-75.67654,45.37785,2017-11-06,8:06:00 AM,02 - Rain,02 - Wet,01 - Traffic signal,02 - Intersection related,01 - Daylight,03 - P.D. only,03 - Rear end,Alta Vista
3673,CLOVER ST btwn HERON RD & GREGG ST,369300.7577,5026702.572,-75.67644,45.3773,2017-05-19,12:00:00 AM,01 - Clear,01 - Dry,10 - No control,01 - Non intersection,00 - Unknown,03 - P.D. only,06 - SMV unattended vehicle,Alta Vista
3674,CLOVER ST btwn HERON RD & GREGG ST,369309.1119,5026598.652,-75.67635,45.37636,2017-03-08,2:00:00 PM,01 - Clear,01 - Dry,10 - No control,01 - Non intersection,01 - Daylight,03 - P.D. only,06 - SMV unattended vehicle,Alta Vista
3675,CLOVER ST btwn HERON RD & GREGG ST,369301.2364,5026680.52,-75.67644,45.3771,2017-12-27,12:30:00 AM,01 - Clear,03 - Loose snow,10 - No control,01 - Non intersection,07 - Dark,03 - P.D. only,06 - SMV unattended vehicle,Alta Vista
3676,CLYDE AVE @ MAITLAND AVE,364250.229,5025139.714,-75.74111,45.36368,2017-07-15,6:50:00 PM,01 - Clear,01 - Dry,03 - Yield sign,02 - Intersection related,01 - Daylight,03 - P.D. only,04 - Sideswipe,Civic Hospital - Experimental Farm - Central Park
3677,CLYDE AVE @ MAITLAND AVE,364249.9766,5025140.499,-75.74111,45.36369,2017-10-14,2:35:00 PM,01 - Clear,02 - Wet,03 - Yield sign,02 - Intersection related,01 - Daylight,03 - P.D. only,04 - Sideswipe,Civic Hospital - Experimental Farm - Central Park
3678,CLYDE AVE @ MAITLAND AVE,364248.7377,5025140.756,-75.74113,45.36369,2017-10-27,5:15:00 PM,01 - Clear,01 - Dry,03 - Yield sign,02 - Intersection related,01 - Daylight,03 - P.D. only,03 - Rear end,Civic Hospital - Experimental Farm - Central Park
3679,CLYDE AVE btwn CLYDE AVE & STARWOOD RD,364421.1121,5024746.532,-75.73898,45.36013,2017-07-26,6:37:00 PM,01 - Clear,01 - Dry,10 - No control,01 - Non intersection,01 - Daylight,03 - P.D. only,04 - Sideswipe,Crestview - Meadowlands
3680,CLYDE AVE btwn CLYDE AVE & STARWOOD RD,364409.5772,5024773.14,-75.73912,45.36037,2017-11-08,9:30:00 PM,01 - Clear,01 - Dry,10 - No control,01 - Non intersection,07 - Dark,03 - P.D. only,04 - Sideswipe,Crestview - Meadowlands
3681,CLYDE AVE btwn CLYDE AVE & STARWOOD RD,364409.5779,5024773.14,-75.73912,45.36037,2017-11-13,1:40:00 PM,01 - Clear,01 - Dry,10 - No control,01 - Non intersection,01 - Daylight,03 - P.D. only,04 - Sideswipe,Crestview - Meadowlands
3682,CLYDE AVE btwn CLYDE AVE & STARWOOD RD,364443.3077,5024700.999,-75.7387,45.35972,2017-03-25,2:06:00 PM,01 - Clear,01 - Dry,10 - No control,04 - At/near private drive,01 - Daylight,02 - Non-fatal injury,02 - Angle,Cityview - Skyline - Fisher Heights
3683,CLYDE AVE btwn DOHENY ST & DOBBIE ST,363603.6981,5026670.993,-75.74918,45.37751,2017-02-16,9:00:00 AM,01 - Clear,01 - Dry,10 - No control,01 - Non intersection,01 - Daylight,02 - Non-fatal injury,03 - Rear end,Carlingwood West - Glabar Park - McKellar Heights
3684,CLYDE AVE btwn MAITLAND AVE & BASELINE RD,364336.6721,5024942.185,-75.74003,45.3619,2017-09-24,1:30:00 AM,01 - Clear,01 - Dry,10 - No control,01 - Non intersection,07 - Dark,01 - Fatal injury,07 - SMV other,Civic Hospital - Experimental Farm - Central Park
3685,CLYDE AVE btwn MAITLAND AVE & BASELINE RD,364292.5261,5025044.343,-75.74058,45.36282,2017-11-14,9:25:00 PM,01 - Clear,01 - Dry,10 - No control,01 - Non intersection,07 - Dark,03 - P.D. only,03 - Rear end,Civic Hospital - Experimental Farm - Central Park
3686,COBBLE HILL DR @ MARAVISTA DR,361396.5871,5014648.178,-75.77873,45.26951,2017-02-21,5:09:00 PM,01 - Clear,01 - Dry,02 - Stop sign,03 - At intersection,07 - Dark,03 - P.D. only,02 - Angle,Munster Hamlet - Richmond
3687,COBBLE HILL DR btwn BARRY HELMAN CRES/FERGUS CRES N & BARRY HELMAN CRES/FERGUS CRES S,361054.9031,5015134.494,-75.78303,45.27392,2017-06-05,12:00:00 AM,01 - Clear,01 - Dry,10 - No control,01 - Non intersection,00 - Unknown,03 - P.D. only,06 - SMV unattended vehicle,Munster Hamlet - Richmond
3688,COBBLE HILL DR btwn Continuation of COBBLE HILL DR & MOFFATT POND CRT,361719.1954,5014048.206,-75.77469,45.26409,2017-01-19,10:00:00 AM,01 - Clear,06 - Ice,10 - No control,01 - Non intersection,01 - Daylight,03 - P.D. only,06 - SMV unattended vehicle,Munster Hamlet - Richmond
3689,COBBLE HILL DR btwn NEWBURGH PL & ODESSA WAY,360891.579,5015276.609,-75.7851,45.27521,2017-08-21,7:30:00 AM,01 - Clear,01 - Dry,10 - No control,04 - At/near private drive,01 - Daylight,03 - P.D. only,06 - SMV unattended vehicle,Munster Hamlet - Richmond
3690,COBDEN RD btwn ELMIRA DR & IRIS ST,361348.2994,5023911.625,-75.77829,45.35287,2017-12-01,12:30:00 PM,01 - Clear,01 - Dry,10 - No control,01 - Non intersection,01 - Daylight,03 - P.D. only,06 - SMV unattended vehicle,Iris
3691,COBOURG ST @ RIDEAU ST,369127.7595,5032788.285,-75.67786,45.43207,2017-01-08,4:02:00 PM,01 - Clear,02 - Wet,01 - Traffic signal,02 - Intersection related,01 - Daylight,03 - P.D. only,03 - Rear end,Lower Town
3692,COBOURG ST @ ST. PATRICK ST,368801.8209,5033232.979,-75.68197,45.4361,2017-08-16,7:18:00 PM,01 - Clear,01 - Dry,01 - Traffic signal,02 - Intersection related,01 - Daylight,03 - P.D. only,04 - Sideswipe,Lower Town
3693,COBOURG ST @ ST. PATRICK ST,368802.6463,5033234.824,-75.68196,45.43612,2017-07-27,8:32:00 AM,01 - Clear,01 - Dry,01 - Traffic signal,02 - Intersection related,01 - Daylight,03 - P.D. only,03 - Rear end,Lower Town
3694,COBOURG ST @ ST. PATRICK ST,368801.9706,5033234.442,-75.68196,45.43611,2017-09-15,7:12:00 AM,01 - Clear,01 - Dry,01 - Traffic signal,02 - Intersection related,01 - Daylight,03 - P.D. only,03 - Rear end,Lower Town
3695,COBOURG ST @ ST. PATRICK ST,368803.5548,5033233.715,-75.68194,45.43611,2017-10-06,4:13:00 PM,01 - Clear,01 - Dry,01 - Traffic signal,02 - Intersection related,01 - Daylight,03 - P.D. only,03 - Rear end,Lower Town
3696,COBOURG ST @ ST. PATRICK ST,368802.4619,5033235.096,-75.68196,45.43612,2017-09-19,3:29:00 PM,01 - Clear,01 - Dry,01 - Traffic signal,03 - At intersection,01 - Daylight,03 - P.D. only,05 - Turning movement,Lower Town
3697,COBOURG ST @ ST. PATRICK ST,368800.935,5033234.709,-75.68198,45.43612,2017-12-28,11:54:00 AM,01 - Clear,01 - Dry,01 - Traffic signal,02 - Intersection related,01 - Daylight,03 - P.D. only,03 - Rear end,Lower Town
3698,COBOURG ST btwn OLD ST. PATRICK ST & OLD TOWN PRIV,368825.1809,5033167.258,-75.68168,45.43551,2017-10-18,4:06:00 PM,01 - Clear,01 - Dry,10 - No control,01 - Non intersection,01 - Daylight,03 - P.D. only,04 - Sideswipe,Lower Town
3699,COBOURG ST btwn THORBURN PRIV & RIDEAU ST,369126.36,5032791.151,-75.67788,45.43209,2017-12-10,2:30:00 AM,03 - Snow,03 - Loose snow,10 - No control,01 - Non intersection,07 - Dark,03 - P.D. only,06 - SMV unattended vehicle,Lower Town