Record,Location,X,Y,Longitude,Latitude,Date,Time,Environment,Road_Surface,Traffic_Control,Collision_Location,Light,Collision_Classification,Impact_type,Neighborhood
3700,COBURN AVE @ CARBROOKE ST,353555.5904,5018043.457,-75.87832,45.30065,2017-09-24,7:42:00 PM,01 - Clear,01 - Dry,02 - Stop sign,02 - Intersection related,05 - Dusk,03 - P.D. only,01 - Approaching,Glen Cairn - Kanata South Business Park
3701,COLDREY AVE @ KIRKWOOD AVE,364439.205,5027135.521,-75.73846,45.38162,2017-10-02,7:08:00 AM,01 - Clear,01 - Dry,01 - Traffic signal,03 - At intersection,01 - Daylight,03 - P.D. only,05 - Turning movement,Carlington
3702,COLDREY AVE @ KIRKWOOD AVE,364438.6484,5027136.644,-75.73847,45.38163,2017-09-08,8:41:00 AM,01 - Clear,01 - Dry,01 - Traffic signal,03 - At intersection,01 - Daylight,02 - Non-fatal injury,02 - Angle,Carlington
3703,COLDREY AVE @ KIRKWOOD AVE,364440.3677,5027135.871,-75.73844,45.38163,2017-04-17,12:09:00 PM,01 - Clear,01 - Dry,01 - Traffic signal,03 - At intersection,01 - Daylight,03 - P.D. only,05 - Turning movement,Carlington
3704,COLDREY AVE btwn KENZIE ST & MERIVALE RD,364857.3389,5027379.534,-75.73309,45.38378,2017-05-05,2:00:00 PM,02 - Rain,02 - Wet,10 - No control,04 - At/near private drive,01 - Daylight,03 - P.D. only,06 - SMV unattended vehicle,Carlington
3705,COLDREY AVE btwn KENZIE ST & MERIVALE RD,364764.9674,5027322.879,-75.73428,45.38328,2017-04-07,2:49:00 PM,02 - Rain,02 - Wet,10 - No control,01 - Non intersection,01 - Daylight,03 - P.D. only,04 - Sideswipe,Carlington
3706,COLDWATER CRES btwn MEADOWBREEZE DR/AUTUMNFIELD ST & MEADOWBREEZE DR/RIVERTREE ST,355713.317,5015045.093,-75.85112,45.27352,2017-07-03,12:00:00 AM,01 - Clear,01 - Dry,10 - No control,01 - Non intersection,00 - Unknown,03 - P.D. only,06 - SMV unattended vehicle,Bridlewood - Emerald Meadows
3707,COLE AVE btwn GREENWOOD AVE & ROOSEVELT AVE,363344.4264,5027146.398,-75.75244,45.38181,2017-03-25,12:00:00 AM,01 - Clear,04 - Slush,10 - No control,01 - Non intersection,00 - Unknown,03 - P.D. only,06 - SMV unattended vehicle,Carlingwood - McKellar Park - Laurentien View
3708,COLE AVE btwn KENWOOD AVE & PRINCETON AVE,363084.236,5027740.271,-75.75569,45.38718,2017-12-30,1:40:00 PM,01 - Clear,01 - Dry,10 - No control,04 - At/near private drive,01 - Daylight,03 - P.D. only,05 - Turning movement,Carlingwood - McKellar Park - Laurentien View
3709,COLLISTON CRES btwn WALKLEY RD & WALKLEY RD,370925.9154,5026461.927,-75.65573,45.37498,2017-03-07,9:17:00 AM,04 - Freezing Rain,06 - Ice,10 - No control,01 - Non intersection,01 - Daylight,03 - P.D. only,01 - Approaching,Ledbury - Heron Gate - Ridgemont - Elmwood
3710,COLOMBINE DRWY @ PARKDALE AVE,364754.6951,5030178.567,-75.73406,45.40898,2017-07-27,12:45:00 PM,01 - Clear,01 - Dry,02 - Stop sign,03 - At intersection,01 - Daylight,03 - P.D. only,05 - Turning movement,Tunney's Pasture
3711,COLONEL BY DR @ COLONEL BY DR RAMP 35,367689.0036,5028492.945,-75.69679,45.39355,2017-11-20,4:27:00 PM,01 - Clear,01 - Dry,02 - Stop sign,03 - At intersection,05 - Dusk,03 - P.D. only,03 - Rear end,Carleto
3712,COLONEL BY DR @ COLONEL BY DR SB ON RAMP 43,367640.2329,5028441.268,-75.69742,45.39309,2017-03-15,9:55:00 AM,03 - Snow,03 - Loose snow,02 - Stop sign,02 - Intersection related,01 - Daylight,03 - P.D. only,03 - Rear end,Carleton University
3713,COLONEL BY DR @ ECHO DR S,368542.4396,5028770.958,-75.68586,45.39598,2017-02-03,1:30:00 PM,01 - Clear,01 - Dry,10 - No control,02 - Intersection related,01 - Daylight,03 - P.D. only,03 - Rear end,Old Ottawa South
3714,COLONEL BY DR @ ECHO DR S,368542.7126,5028771.548,-75.68585,45.39598,2017-09-09,2:00:00 AM,01 - Clear,01 - Dry,10 - No control,02 - Intersection related,07 - Dark,02 - Non-fatal injury,03 - Rear end,Old Ottawa South
3715,COLONEL BY DR @ ECHO DR S,368542.7289,5028770.886,-75.68585,45.39598,2017-09-07,3:00:00 PM,01 - Clear,01 - Dry,10 - No control,02 - Intersection related,01 - Daylight,03 - P.D. only,03 - Rear end,Old Ottawa South
3716,COLONEL BY DR @ HAWTHORNE AVE/PRETORIA BRIDGE,368769.3824,5030525.567,-75.68273,45.41174,2017-06-09,2:26:00 PM,01 - Clear,01 - Dry,01 - Traffic signal,02 - Intersection related,01 - Daylight,03 - P.D. only,03 - Rear end,Old Ottawa East
3717,COLONEL BY DR @ HAWTHORNE AVE/PRETORIA BRIDGE,368768.0447,5030526.236,-75.68275,45.41175,2017-05-08,4:49:00 PM,01 - Clear,01 - Dry,01 - Traffic signal,02 - Intersection related,01 - Daylight,02 - Non-fatal injury,03 - Rear end,Old Ottawa East
3718,COLONEL BY DR @ HAWTHORNE AVE/PRETORIA BRIDGE,368767.3758,5030526.905,-75.68276,45.41175,2017-06-26,9:31:00 PM,01 - Clear,01 - Dry,01 - Traffic signal,03 - At intersection,07 - Dark,03 - P.D. only,04 - Sideswipe,Old Ottawa East
3719,COLONEL BY DR @ HAWTHORNE AVE/PRETORIA BRIDGE,368768.469,5030526.136,-75.68274,45.41175,2017-08-16,11:09:00 AM,01 - Clear,01 - Dry,01 - Traffic signal,02 - Intersection related,01 - Daylight,03 - P.D. only,03 - Rear end,Old Ottawa East
3720,COLONEL BY DR @ HAWTHORNE AVE/PRETORIA BRIDGE,368767.4013,5030525.199,-75.68276,45.41174,2017-07-24,10:57:00 AM,01 - Clear,01 - Dry,01 - Traffic signal,02 - Intersection related,01 - Daylight,03 - P.D. only,03 - Rear end,Old Ottawa East
3721,COLONEL BY DR @ HAWTHORNE AVE/PRETORIA BRIDGE,368767.3758,5030525.567,-75.68276,45.41174,2017-11-16,6:50:00 PM,01 - Clear,01 - Dry,01 - Traffic signal,02 - Intersection related,07 - Dark,03 - P.D. only,03 - Rear end,Old Ottawa East
3722,COLONEL BY DR @ HAWTHORNE AVE/PRETORIA BRIDGE,368767.3758,5030526.905,-75.68276,45.41175,2017-11-15,8:22:00 AM,01 - Clear,01 - Dry,01 - Traffic signal,03 - At intersection,01 - Daylight,03 - P.D. only,05 - Turning movement,Old Ottawa East
3723,COLONEL BY DR @ HAWTHORNE AVE/PRETORIA BRIDGE,368768.7135,5030526.236,-75.68274,45.41175,2017-11-27,2:20:00 PM,01 - Clear,01 - Dry,01 - Traffic signal,02 - Intersection related,01 - Daylight,03 - P.D. only,05 - Turning movement,Old Ottawa East
3724,COLONEL BY DR @ HAWTHORNE AVE/PRETORIA BRIDGE,368768.6014,5030526.256,-75.68274,45.41175,2017-01-23,3:19:00 PM,01 - Clear,01 - Dry,01 - Traffic signal,02 - Intersection related,01 - Daylight,03 - P.D. only,04 - Sideswipe,Old Ottawa East
3725,COLONEL BY DR @ HAWTHORNE AVE/PRETORIA BRIDGE,368768.0447,5030525.567,-75.68275,45.41174,2017-03-23,5:00:00 PM,01 - Clear,01 - Dry,01 - Traffic signal,03 - At intersection,01 - Daylight,03 - P.D. only,02 - Angle,Old Ottawa East
3726,COLONEL BY DR @ HAWTHORNE AVE/PRETORIA BRIDGE,368769.4269,5030523.85,-75.68273,45.41173,2017-01-22,11:30:00 AM,"07 - Fog, mist, smoke, dust",02 - Wet,01 - Traffic signal,02 - Intersection related,01 - Daylight,02 - Non-fatal injury,07 - SMV other,Old Ottawa East
3727,COLONEL BY DR @ HAWTHORNE AVE/PRETORIA BRIDGE,368767.7102,5030525.566,-75.68275,45.41174,2017-10-14,4:30:00 PM,02 - Rain,02 - Wet,01 - Traffic signal,02 - Intersection related,01 - Daylight,03 - P.D. only,03 - Rear end,Old Ottawa East
3728,COLONEL BY DR @ HOG'S BACK RD,367602.375,5025872.2,-75.69823,45.36998,2017-05-20,2:55:00 AM,01 - Clear,01 - Dry,01 - Traffic signal,03 - At intersection,07 - Dark,03 - P.D. only,07 - SMV other,Carleto
3729,COLONEL BY DR @ HOG'S BACK RD,367602.7094,5025872.849,-75.69823,45.36998,2017-05-06,1:23:00 PM,02 - Rain,02 - Wet,01 - Traffic signal,03 - At intersection,01 - Daylight,03 - P.D. only,02 - Angle,Carleto
3730,COLONEL BY DR @ HOG'S BACK RD,367605.8063,5025874.217,-75.69819,45.37,2017-06-06,2:25:00 PM,02 - Rain,02 - Wet,01 - Traffic signal,02 - Intersection related,01 - Daylight,03 - P.D. only,03 - Rear end,Carleto
3731,COLONEL BY DR @ HOG'S BACK RD,367603.6033,5025873.761,-75.69822,45.36999,2017-09-13,12:15:00 PM,01 - Clear,01 - Dry,01 - Traffic signal,02 - Intersection related,01 - Daylight,03 - P.D. only,03 - Rear end,Carleto
3732,COLONEL BY DR @ HOG'S BACK RD,367602.7094,5025873.266,-75.69823,45.36999,2017-01-31,8:25:00 PM,01 - Clear,02 - Wet,01 - Traffic signal,02 - Intersection related,07 - Dark,03 - P.D. only,02 - Angle,Carleto
3733,COLONEL BY DR @ HOG'S BACK RD,367604.2056,5025873.672,-75.69821,45.36999,2017-01-31,8:22:00 AM,01 - Clear,02 - Wet,01 - Traffic signal,02 - Intersection related,01 - Daylight,03 - P.D. only,03 - Rear end,Carleto
3734,COLONEL BY DR @ HOG'S BACK RD,367603.0439,5025874.207,-75.69822,45.37,2017-03-12,11:33:00 AM,01 - Clear,01 - Dry,01 - Traffic signal,03 - At intersection,01 - Daylight,03 - P.D. only,05 - Turning movement,Carleton University
3735,COLONEL BY DR @ HOG'S BACK RD,367600.8284,5025876.831,-75.69825,45.37002,2017-07-15,9:30:00 AM,01 - Clear,01 - Dry,01 - Traffic signal,03 - At intersection,01 - Daylight,03 - P.D. only,05 - Turning movement,Carleton University
3736,COLONEL BY DR @ HOG'S BACK RD,367602.71,5025873.538,-75.69823,45.36999,2017-09-19,10:38:00 PM,01 - Clear,01 - Dry,01 - Traffic signal,02 - Intersection related,07 - Dark,03 - P.D. only,05 - Turning movement,Carleto
3737,COLONEL BY DR @ HOG'S BACK RD,367605.5265,5025870.958,-75.69819,45.36997,2017-09-19,10:38:00 PM,01 - Clear,01 - Dry,01 - Traffic signal,02 - Intersection related,07 - Dark,03 - P.D. only,05 - Turning movement,Carleto
3738,COLONEL BY DR @ HOG'S BACK RD,367610.8563,5025879.46,-75.69812,45.37004,2017-04-24,4:37:00 PM,01 - Clear,01 - Dry,01 - Traffic signal,02 - Intersection related,01 - Daylight,03 - P.D. only,04 - Sideswipe,Carleto
3739,COLONEL BY DR @ HOG'S BACK RD,367602.6985,5025873.54,-75.69823,45.36999,2017-07-02,4:25:00 PM,01 - Clear,02 - Wet,01 - Traffic signal,02 - Intersection related,01 - Daylight,03 - P.D. only,03 - Rear end,Carleto
3740,COLONEL BY DR @ HOG'S BACK RD,367611.0716,5025882.697,-75.69812,45.37007,2017-02-23,8:15:00 PM,01 - Clear,02 - Wet,01 - Traffic signal,03 - At intersection,07 - Dark,03 - P.D. only,05 - Turning movement,Carleto
3741,COLONEL BY DR @ LEONARD AVE,368226.7077,5028577.558,-75.68991,45.39426,2017-12-02,2:20:00 AM,01 - Clear,01 - Dry,02 - Stop sign,02 - Intersection related,07 - Dark,02 - Non-fatal injury,03 - Rear end,Old Ottawa South
3742,COLONEL BY DR @ LEONARD AVE,368227.711,5028575.551,-75.6899,45.39425,2017-11-29,9:35:00 AM,01 - Clear,02 - Wet,02 - Stop sign,02 - Intersection related,01 - Daylight,03 - P.D. only,03 - Rear end,Old Ottawa South
3743,COLONEL BY DR @ MAIN ST,368858.9532,5030913.449,-75.68154,45.41522,2017-02-17,4:25:00 PM,01 - Clear,02 - Wet,02 - Stop sign,02 - Intersection related,01 - Daylight,03 - P.D. only,03 - Rear end,Old Ottawa East
3744,COLONEL BY DR @ MAIN ST,368860.0382,5030913.906,-75.68152,45.41523,2017-03-29,5:32:00 PM,01 - Clear,01 - Dry,02 - Stop sign,02 - Intersection related,01 - Daylight,02 - Non-fatal injury,03 - Rear end,Old Ottawa East
3745,COLONEL BY DR @ MAIN ST,368857.4548,5030913.278,-75.68156,45.41522,2017-02-15,1:10:00 PM,01 - Clear,03 - Loose snow,02 - Stop sign,02 - Intersection related,01 - Daylight,03 - P.D. only,05 - Turning movement,Old Ottawa East
3746,COLONEL BY DR @ MAIN ST,368859.9577,5030913.092,-75.68152,45.41522,2017-02-18,2:21:00 PM,01 - Clear,02 - Wet,02 - Stop sign,02 - Intersection related,01 - Daylight,03 - P.D. only,03 - Rear end,Old Ottawa East
3747,COLONEL BY DR @ OTTAWA UNIV. PED. XING,368730.611,5031493.322,-75.6831,45.42045,2017-01-16,8:15:00 AM,01 - Clear,02 - Wet,01 - Traffic signal,02 - Intersection related,01 - Daylight,02 - Non-fatal injury,07 - SMV other,Sandy Hill
3748,COLONEL BY DR @ ROSEDALE AVE,368295.1864,5028635.435,-75.68903,45.39478,2017-12-12,10:56:00 AM,03 - Snow,03 - Loose snow,02 - Stop sign,02 - Intersection related,01 - Daylight,03 - P.D. only,03 - Rear end,Old Ottawa South
3749,COLONEL BY DR @ UNIVERSITY RD - CARLETON,367347.5919,5026849.231,-75.70136,45.37879,2017-01-12,2:25:00 PM,03 - Snow,03 - Loose snow,01 - Traffic signal,02 - Intersection related,01 - Daylight,03 - P.D. only,07 - SMV other,Carleton University
3750,COLONEL BY DR @ UNIVERSITY RD - CARLETON,367347.218,5026856.354,-75.70136,45.37886,2017-03-24,11:10:00 AM,03 - Snow,03 - Loose snow,01 - Traffic signal,02 - Intersection related,01 - Daylight,03 - P.D. only,02 - Angle,Carleton University
3751,COLONEL BY DR @ UNIVERSITY RD - CARLETON,367327.6909,5026864.713,-75.70161,45.37893,2017-03-04,12:42:00 PM,01 - Clear,01 - Dry,01 - Traffic signal,02 - Intersection related,01 - Daylight,02 - Non-fatal injury,03 - Rear end,Carleton University
3752,COLONEL BY DR btwn BRONSON PL & SENECA ST,367854.7249,5028518.467,-75.69467,45.39377,2017-12-30,3:17:00 AM,01 - Clear,01 - Dry,10 - No control,01 - Non intersection,07 - Dark,03 - P.D. only,07 - SMV other,Old Ottawa South
3753,COLONEL BY DR btwn BRONSON PL & SENECA ST,367918.5815,5028514.638,-75.69386,45.39373,2017-10-28,8:35:00 PM,02 - Rain,02 - Wet,10 - No control,01 - Non intersection,07 - Dark,02 - Non-fatal injury,04 - Sideswipe,Old Ottawa South
3754,COLONEL BY DR btwn CLEGG ST & ECHO DR N,368951.563,5029830.519,-75.6805,45.40547,2017-12-15,10:35:00 AM,01 - Clear,01 - Dry,10 - No control,01 - Non intersection,01 - Daylight,03 - P.D. only,99 - Other,Old Ottawa East
3755,COLONEL BY DR btwn CLEGG ST & ECHO DR S,368652.2037,5028779.253,-75.68445,45.39604,2017-10-25,12:25:00 AM,02 - Rain,02 - Wet,10 - No control,01 - Non intersection,07 - Dark,03 - P.D. only,07 - SMV other,Old Ottawa South
3756,COLONEL BY DR btwn CLEGG ST & ECHO DR S,368612.1116,5028776.221,-75.68497,45.39602,2017-04-02,3:35:00 AM,01 - Clear,02 - Wet,10 - No control,01 - Non intersection,07 - Dark,03 - P.D. only,04 - Sideswipe,Old Ottawa South
3757,COLONEL BY DR btwn CLEGG ST & ECHO DR S,368649.9547,5028778.86,-75.68448,45.39604,2017-06-28,1:15:00 PM,01 - Clear,01 - Dry,10 - No control,01 - Non intersection,01 - Daylight,03 - P.D. only,99 - Other,Old Ottawa South
3758,COLONEL BY DR btwn COLONEL BY DR SB ON RAMP 43 & COLONEL BY DR NB ON R,367655.8049,5028455.033,-75.69722,45.39321,2017-10-20,3:15:00 PM,01 - Clear,01 - Dry,10 - No control,01 - Non intersection,01 - Daylight,03 - P.D. only,03 - Rear end,Carleton University
3759,COLONEL BY DR btwn HAWTHORNE AVE & MAIN ST,368762.736,5030544.405,-75.68281,45.41191,2017-06-23,2:16:00 AM,02 - Rain,02 - Wet,10 - No control,04 - At/near private drive,07 - Dark,03 - P.D. only,02 - Angle,Old Ottawa East
3760,COLONEL BY DR btwn HAWTHORNE AVE & MAIN ST,368766.6411,5030697.531,-75.68274,45.41329,2017-02-12,4:19:00 PM,03 - Snow,03 - Loose snow,10 - No control,01 - Non intersection,01 - Daylight,03 - P.D. only,01 - Approaching,Old Ottawa East
3761,COLONEL BY DR btwn N.D.H.Q. & OTTAWA UNIV. PED. XING,368238.8114,5031761.873,-75.68935,45.42291,2017-08-25,5:47:00 PM,01 - Clear,01 - Dry,10 - No control,01 - Non intersection,01 - Daylight,03 - P.D. only,03 - Rear end,Sandy Hill
3762,COLONEL BY DR btwn OTTAWA UNIV. PED. XING & MAIN ST,368930.9412,5031089.825,-75.68059,45.4168,2017-04-03,9:18:00 PM,01 - Clear,01 - Dry,10 - No control,01 - Non intersection,07 - Dark,02 - Non-fatal injury,02 - Angle,Old Ottawa East
3763,COLONEL BY DR btwn OTTAWA UNIV. PED. XING & MAIN ST,368930.9412,5031095.845,-75.68059,45.41686,2017-03-31,1:24:00 AM,01 - Clear,01 - Dry,10 - No control,01 - Non intersection,07 - Dark,03 - P.D. only,07 - SMV other,Old Ottawa East
3764,COLONEL BY DR btwn RIDEAU ST & MACKENZIE AVE,367940.8126,5032015.671,-75.69313,45.42523,2017-10-19,7:00:00 PM,01 - Clear,01 - Dry,10 - No control,04 - At/near private drive,05 - Dusk,03 - P.D. only,02 - Angle,Byward Market - Parliament Hill
3765,COLONEL BY DR btwn RIDEAU ST & MACKENZIE AVE,367962.8151,5031977.235,-75.69285,45.42488,2017-07-05,7:50:00 AM,01 - Clear,01 - Dry,10 - No control,04 - At/near private drive,01 - Daylight,03 - P.D. only,04 - Sideswipe,Byward Market - Parliament Hill
3766,COLONEL BY DR btwn SENECA ST & LEONARD AVE,368202.0064,5028559.091,-75.69023,45.3941,2017-09-07,6:49:00 PM,02 - Rain,02 - Wet,10 - No control,01 - Non intersection,01 - Daylight,03 - P.D. only,01 - Approaching,Old Ottawa South
3767,COLONEL BY DR btwn UNIVERSITY RD & COLONEL BY DR SB ON RAMP 43,367361.3227,5027108.822,-75.70115,45.38113,2017-11-05,1:53:00 AM,02 - Rain,02 - Wet,10 - No control,04 - At/near private drive,07 - Dark,02 - Non-fatal injury,05 - Turning movement,Carleton University
3768,COLONEL BY DR/MACKENZIE AVE @ DALY AVE,368004.3838,5031903.242,-75.69233,45.42421,2017-06-21,2:35:00 PM,01 - Clear,01 - Dry,01 - Traffic signal,02 - Intersection related,01 - Daylight,03 - P.D. only,03 - Rear end,Byward Market - Parliament Hill
3769,COLONEL BY DR/MACKENZIE AVE @ DALY AVE,368002.1761,5031904.312,-75.69236,45.42422,2017-07-27,4:45:00 PM,01 - Clear,01 - Dry,01 - Traffic signal,02 - Intersection related,01 - Daylight,03 - P.D. only,04 - Sideswipe,Byward Market - Parliament Hill
3770,COLONEL BY DR/MACKENZIE AVE @ DALY AVE,368003.185,5031905.29,-75.69234,45.42423,2017-09-04,9:21:00 AM,01 - Clear,01 - Dry,01 - Traffic signal,02 - Intersection related,01 - Daylight,02 - Non-fatal injury,03 - Rear end,Byward Market - Parliament Hill
3771,COLONEL BY DR/MACKENZIE AVE @ DALY AVE,368001.0723,5031903.487,-75.69237,45.42421,2017-10-07,1:38:00 PM,01 - Clear,01 - Dry,01 - Traffic signal,02 - Intersection related,01 - Daylight,03 - P.D. only,03 - Rear end,Byward Market - Parliament Hill
3772,COLONEL BY DR/MACKENZIE AVE @ DALY AVE,368003.2837,5031904.731,-75.69234,45.42422,2017-09-07,12:13:00 PM,01 - Clear,01 - Dry,01 - Traffic signal,02 - Intersection related,01 - Daylight,03 - P.D. only,03 - Rear end,Byward Market - Parliament Hill
3773,COLONEL BY DR/MACKENZIE AVE @ DALY AVE,368002.2837,5031903.985,-75.69235,45.42421,2017-04-15,9:00:00 PM,01 - Clear,01 - Dry,01 - Traffic signal,02 - Intersection related,07 - Dark,03 - P.D. only,04 - Sideswipe,Byward Market - Parliament Hill
3774,COLONEL BY DR/MACKENZIE AVE @ DALY AVE,368004.2082,5031905.679,-75.69233,45.42423,2017-01-31,7:26:00 AM,01 - Clear,01 - Dry,01 - Traffic signal,02 - Intersection related,03 - Dawn,03 - P.D. only,03 - Rear end,Byward Market - Parliament Hill
3775,COLONEL BY DR/MACKENZIE AVE @ DALY AVE,368002.691,5031903.784,-75.69235,45.42421,2017-12-16,10:45:00 PM,01 - Clear,02 - Wet,01 - Traffic signal,02 - Intersection related,07 - Dark,03 - P.D. only,03 - Rear end,Byward Market - Parliament Hill
3776,COLONEL BY DR/MACKENZIE AVE @ DALY AVE,368002.7119,5031904.58,-75.69235,45.42422,2017-05-14,8:25:00 AM,01 - Clear,02 - Wet,01 - Traffic signal,02 - Intersection related,01 - Daylight,03 - P.D. only,04 - Sideswipe,Byward Market - Parliament Hill
3777,COLONEL BY DR/SUSSEX DR @ RIDEAU ST,367921.6106,5032044.378,-75.69337,45.42549,2017-05-25,1:52:00 PM,01 - Clear,01 - Dry,01 - Traffic signal,03 - At intersection,01 - Daylight,02 - Non-fatal injury,07 - SMV other,Byward Market - Parliament Hill
3778,COLONEL BY DR/SUSSEX DR @ RIDEAU ST,367921.3746,5032044.142,-75.69337,45.42548,2017-06-26,6:01:00 PM,01 - Clear,01 - Dry,01 - Traffic signal,03 - At intersection,01 - Daylight,03 - P.D. only,05 - Turning movement,Byward Market - Parliament Hill
3779,COLONEL BY DR/SUSSEX DR @ RIDEAU ST,367921.7543,5032044.262,-75.69337,45.42548,2017-08-04,12:06:00 AM,01 - Clear,01 - Dry,01 - Traffic signal,02 - Intersection related,07 - Dark,03 - P.D. only,04 - Sideswipe,Byward Market - Parliament Hill
3780,COLONEL BY DR/SUSSEX DR @ RIDEAU ST,367921.6336,5032044.737,-75.69337,45.42549,2017-08-28,10:32:00 AM,01 - Clear,01 - Dry,01 - Traffic signal,03 - At intersection,01 - Daylight,03 - P.D. only,04 - Sideswipe,Byward Market - Parliament Hill
3781,COLONEL BY DR/SUSSEX DR @ RIDEAU ST,367920.8909,5032043.646,-75.69338,45.42548,2017-08-05,3:16:00 AM,01 - Clear,02 - Wet,01 - Traffic signal,02 - Intersection related,07 - Dark,03 - P.D. only,03 - Rear end,Byward Market - Parliament Hill
3782,COLONEL BY DR/SUSSEX DR @ RIDEAU ST,367921.4203,5032044.328,-75.69337,45.42548,2017-08-03,11:43:00 AM,01 - Clear,01 - Dry,01 - Traffic signal,03 - At intersection,01 - Daylight,03 - P.D. only,05 - Turning movement,Byward Market - Parliament Hill
3783,COLONEL BY DR/SUSSEX DR @ RIDEAU ST,367922.1922,5032043.726,-75.69336,45.42548,2017-07-21,11:42:00 AM,01 - Clear,01 - Dry,01 - Traffic signal,03 - At intersection,01 - Daylight,03 - P.D. only,04 - Sideswipe,Byward Market - Parliament Hill
3784,COLONEL BY DR/SUSSEX DR @ RIDEAU ST,367922.2223,5032044.817,-75.69336,45.42549,2017-10-20,12:43:00 PM,01 - Clear,01 - Dry,01 - Traffic signal,02 - Intersection related,01 - Daylight,03 - P.D. only,03 - Rear end,Byward Market - Parliament Hill
3785,COLONEL BY DR/SUSSEX DR @ RIDEAU ST,367922.0312,5032045.252,-75.69336,45.42549,2017-11-25,12:53:00 PM,01 - Clear,01 - Dry,01 - Traffic signal,02 - Intersection related,01 - Daylight,03 - P.D. only,04 - Sideswipe,Byward Market - Parliament Hill
3786,COLONEL BY DR/SUSSEX DR @ RIDEAU ST,367922.0609,5032044.08,-75.69336,45.42548,2017-12-07,12:47:00 PM,01 - Clear,01 - Dry,01 - Traffic signal,02 - Intersection related,01 - Daylight,02 - Non-fatal injury,03 - Rear end,Byward Market - Parliament Hill
3787,COLONEL BY DR/SUSSEX DR @ RIDEAU ST,367921.3483,5032045.152,-75.69337,45.42549,2017-11-08,2:20:00 PM,01 - Clear,01 - Dry,01 - Traffic signal,02 - Intersection related,01 - Daylight,03 - P.D. only,04 - Sideswipe,Byward Market - Parliament Hill
3788,COLONEL BY DR/SUSSEX DR @ RIDEAU ST,367922.0312,5032045.252,-75.69336,45.42549,2017-12-04,10:24:00 AM,01 - Clear,01 - Dry,01 - Traffic signal,03 - At intersection,01 - Daylight,03 - P.D. only,04 - Sideswipe,Byward Market - Parliament Hill
3789,COLONEL BY DR/SUSSEX DR @ RIDEAU ST,367922.0312,5032043.915,-75.69336,45.42548,2017-11-24,2:03:00 PM,01 - Clear,01 - Dry,01 - Traffic signal,02 - Intersection related,01 - Daylight,03 - P.D. only,07 - SMV other,Byward Market - Parliament Hill
3790,COLONEL BY DR/SUSSEX DR @ RIDEAU ST,367923.5469,5032042.088,-75.69334,45.42546,2017-01-10,12:46:00 PM,03 - Snow,04 - Slush,01 - Traffic signal,02 - Intersection related,01 - Daylight,03 - P.D. only,03 - Rear end,Byward Market - Parliament Hill
3791,COLONEL BY DR/SUSSEX DR @ RIDEAU ST,367921.6033,5032045.285,-75.69337,45.42549,2017-01-20,8:44:00 PM,01 - Clear,02 - Wet,01 - Traffic signal,02 - Intersection related,07 - Dark,03 - P.D. only,04 - Sideswipe,Byward Market - Parliament Hill
3792,COLONEL BY DR/SUSSEX DR @ RIDEAU ST,367920.8082,5032044.419,-75.69338,45.42549,2017-04-09,8:18:00 PM,01 - Clear,01 - Dry,01 - Traffic signal,03 - At intersection,07 - Dark,03 - P.D. only,04 - Sideswipe,Byward Market - Parliament Hill
3793,COLONEL BY DR/SUSSEX DR @ RIDEAU ST,367921.1442,5032044.755,-75.69337,45.42549,2017-03-06,12:10:00 PM,01 - Clear,01 - Dry,01 - Traffic signal,03 - At intersection,01 - Daylight,03 - P.D. only,03 - Rear end,Byward Market - Parliament Hill
3794,COLONEL BY DR/SUSSEX DR @ RIDEAU ST,367921.7973,5032044.707,-75.69336,45.42549,2017-12-30,1:22:00 AM,01 - Clear,02 - Wet,01 - Traffic signal,03 - At intersection,07 - Dark,02 - Non-fatal injury,02 - Angle,Byward Market - Parliament Hill
3795,COLONEL BY DR/SUSSEX DR @ RIDEAU ST,367921.1084,5032043.628,-75.69337,45.42548,2017-09-29,4:40:00 PM,01 - Clear,01 - Dry,01 - Traffic signal,02 - Intersection related,01 - Daylight,03 - P.D. only,04 - Sideswipe,Byward Market - Parliament Hill
3796,COLONEL MURRAY ST btwn HAMILTON ST & MARTIN ST,357049.3462,5006134.26,-75.83503,45.19324,2017-04-27,3:10:00 PM,01 - Clear,01 - Dry,10 - No control,01 - Non intersection,01 - Daylight,02 - Non-fatal injury,07 - SMV other,Richmond
3797,COLONIAL RD @ DESSAINT ST,394887.2972,5034064.509,-75.34846,45.44071,2017-09-25,7:59:00 AM,01 - Clear,01 - Dry,02 - Stop sign,02 - Intersection related,01 - Daylight,03 - P.D. only,03 - Rear end,Navan - Vars
3798,COLONIAL RD @ FRANK KENNY RD,390201.7044,5032046.833,-75.40869,45.42314,2017-09-08,9:06:00 AM,01 - Clear,01 - Dry,02 - Stop sign,03 - At intersection,01 - Daylight,03 - P.D. only,02 - Angle,Navan - Vars
3799,COLONIAL RD @ ROCKDALE RD,391419.487,5032662.503,-75.39303,45.42853,2017-11-30,3:23:00 PM,02 - Rain,02 - Wet,02 - Stop sign,03 - At intersection,01 - Daylight,02 - Non-fatal injury,02 - Angle,Navan - Vars
3800,COLONIAL RD btwn BIRCHGROVE RD & CANAAN RD,398428.9073,5035550.908,-75.30292,45.45361,2017-02-14,10:35:00 AM,01 - Clear,01 - Dry,10 - No control,01 - Non intersection,01 - Daylight,01 - Fatal injury,01 - Approaching,Cumberland - Estates