Record,Location,X,Y,Longitude,Latitude,Date,Time,Environment,Road_Surface,Traffic_Control,Collision_Location,Light,Collision_Classification,Impact_type,Neighborhood
3801,COLONIAL RD btwn DUNNING RD & DESSAINT ST,394700.2736,5033987.493,-75.35087,45.44004,2017-03-09,6:23:00 AM,05 - Drifting Snow,03 - Loose snow,10 - No control,01 - Non intersection,01 - Daylight,03 - P.D. only,07 - SMV other,Navan - Vars
3802,COLONIAL RD btwn FRANK KENNY RD & ROCKDALE RD,390382.7099,5032132.867,-75.40637,45.42389,2017-09-14,8:21:00 AM,01 - Clear,01 - Dry,10 - No control,01 - Non intersection,01 - Daylight,03 - P.D. only,07 - SMV other,Navan - Vars
3803,COLONIAL RD btwn LAFLEUR RD & BIRCHGROVE RD,396638.1998,5034724.772,-75.32596,45.44642,2017-02-05,10:20:00 PM,03 - Snow,05 - Packed snow,10 - No control,01 - Non intersection,07 - Dark,03 - P.D. only,07 - SMV other,Navan - Vars
3804,COLONIAL RD btwn MONSEIGNEUR DENIS CRT & LAFLEUR RD,396453.6475,5034647.786,-75.32834,45.44575,2017-06-12,4:30:00 AM,01 - Clear,01 - Dry,10 - No control,01 - Non intersection,07 - Dark,02 - Non-fatal injury,07 - SMV other,Navan - Vars
3805,COLONIAL RD btwn MONSEIGNEUR DENIS CRT & LAFLEUR RD,396154.7197,5034513.553,-75.33218,45.44458,2017-10-29,11:29:00 AM,02 - Rain,02 - Wet,10 - No control,01 - Non intersection,01 - Daylight,02 - Non-fatal injury,07 - SMV other,Navan - Vars
3806,COLONIAL RD/SMITH RD @ TRIM RD,388795.7971,5031789.84,-75.4267,45.421,2017-06-15,5:00:00 PM,01 - Clear,01 - Dry,02 - Stop sign,02 - Intersection related,01 - Daylight,03 - P.D. only,03 - Rear end,Navan
3807,COLONIAL RD/SMITH RD @ TRIM RD,388795.7971,5031788.502,-75.4267,45.42099,2017-02-15,6:45:00 PM,01 - Clear,03 - Loose snow,02 - Stop sign,03 - At intersection,07 - Dark,03 - P.D. only,02 - Angle,Navan
3808,COLONNADE RD    N btwn CORINTH PRIV & CITIPLACE DR,366777.5924,5023360.612,-75.70908,45.34745,2017-03-02,7:01:00 AM,01 - Clear,05 - Packed snow,10 - No control,01 - Non intersection,01 - Daylight,03 - P.D. only,01 - Approaching,Industrial Park
3809,COLONNADE RD    S btwn CONCOURSE GT & COLONNADE RD N,367069.4395,5022922.263,-75.70541,45.34348,2017-06-13,7:04:00 AM,01 - Clear,01 - Dry,10 - No control,04 - At/near private drive,01 - Daylight,03 - P.D. only,05 - Turning movement,Industrial Park
3810,COLONNADE RD @ COLONNADE RD E,367230.2967,5023196.01,-75.70332,45.34593,2017-11-16,5:23:00 PM,02 - Rain,02 - Wet,01 - Traffic signal,02 - Intersection related,07 - Dark,03 - P.D. only,03 - Rear end,Industrial Park
3811,COLONNADE RD @ MERIVALE RD,365364.0295,5022543.828,-75.72721,45.34023,2017-06-14,4:47:00 PM,01 - Clear,01 - Dry,01 - Traffic signal,02 - Intersection related,01 - Daylight,03 - P.D. only,03 - Rear end,Tanglewood
3812,COLONNADE RD @ MERIVALE RD,365365.8856,5022542.117,-75.72719,45.34021,2017-06-21,6:16:00 PM,01 - Clear,01 - Dry,01 - Traffic signal,02 - Intersection related,01 - Daylight,03 - P.D. only,04 - Sideswipe,Tanglewood
3813,COLONNADE RD @ MERIVALE RD,365364.0295,5022545.165,-75.72721,45.34024,2017-06-16,3:15:00 PM,01 - Clear,01 - Dry,01 - Traffic signal,02 - Intersection related,01 - Daylight,03 - P.D. only,03 - Rear end,Tanglewood
3814,COLONNADE RD @ MERIVALE RD,365362.6917,5022543.828,-75.72723,45.34023,2017-06-07,1:35:00 PM,01 - Clear,01 - Dry,01 - Traffic signal,02 - Intersection related,01 - Daylight,03 - P.D. only,03 - Rear end,Tanglewood
3815,COLONNADE RD @ MERIVALE RD,365364.6983,5022544.496,-75.7272,45.34023,2017-05-18,5:28:00 PM,01 - Clear,01 - Dry,01 - Traffic signal,02 - Intersection related,01 - Daylight,03 - P.D. only,04 - Sideswipe,Tanglewood
3816,COLONNADE RD @ MERIVALE RD,365363.6953,5022544.496,-75.72722,45.34023,2017-07-10,4:47:00 PM,01 - Clear,01 - Dry,01 - Traffic signal,03 - At intersection,01 - Daylight,03 - P.D. only,05 - Turning movement,Tanglewood
3817,COLONNADE RD @ MERIVALE RD,365364.9771,5022545.778,-75.7272,45.34024,2017-07-17,6:42:00 AM,01 - Clear,01 - Dry,01 - Traffic signal,02 - Intersection related,01 - Daylight,03 - P.D. only,07 - SMV other,Tanglewood
3818,COLONNADE RD @ MERIVALE RD,365363.054,5022543.855,-75.72723,45.34023,2017-08-17,8:56:00 AM,01 - Clear,01 - Dry,01 - Traffic signal,03 - At intersection,01 - Daylight,03 - P.D. only,02 - Angle,Tanglewood
3819,COLONNADE RD @ MERIVALE RD,365364.2377,5022544.225,-75.72721,45.34023,2017-10-19,12:51:00 PM,01 - Clear,01 - Dry,01 - Traffic signal,02 - Intersection related,01 - Daylight,02 - Non-fatal injury,03 - Rear end,Tanglewood
3820,COLONNADE RD @ MERIVALE RD,365363.695,5022544.733,-75.72722,45.34024,2017-11-01,9:49:00 PM,02 - Rain,02 - Wet,01 - Traffic signal,03 - At intersection,07 - Dark,02 - Non-fatal injury,03 - Rear end,Tanglewood
3821,COLONNADE RD @ MERIVALE RD,365363.3606,5022543.828,-75.72722,45.34023,2017-11-16,3:26:00 PM,02 - Rain,02 - Wet,01 - Traffic signal,02 - Intersection related,01 - Daylight,03 - P.D. only,03 - Rear end,Tanglewood
3822,COLONNADE RD @ MERIVALE RD,365365.3232,5022545.311,-75.7272,45.34024,2017-01-16,2:47:00 PM,01 - Clear,01 - Dry,01 - Traffic signal,03 - At intersection,01 - Daylight,03 - P.D. only,04 - Sideswipe,Tanglewood
3823,COLONNADE RD @ MERIVALE RD,365362.9445,5022544.872,-75.72723,45.34024,2017-02-06,11:09:00 AM,01 - Clear,02 - Wet,01 - Traffic signal,02 - Intersection related,01 - Daylight,03 - P.D. only,03 - Rear end,Tanglewood
3824,COLONNADE RD @ MERIVALE RD,365363.3606,5022544.496,-75.72722,45.34023,2017-04-03,5:25:00 PM,01 - Clear,01 - Dry,01 - Traffic signal,02 - Intersection related,01 - Daylight,03 - P.D. only,03 - Rear end,Tanglewood
3825,COLONNADE RD @ PRINCE OF WALES DR,367396.3838,5023266.516,-75.70119,45.34655,2017-05-26,5:30:00 PM,02 - Rain,02 - Wet,01 - Traffic signal,02 - Intersection related,01 - Daylight,03 - P.D. only,03 - Rear end,Industrial Park
3826,COLONNADE RD @ PRINCE OF WALES DR,367394.3772,5023267.854,-75.70122,45.34656,2017-05-18,5:45:00 PM,01 - Clear,01 - Dry,01 - Traffic signal,03 - At intersection,01 - Daylight,02 - Non-fatal injury,03 - Rear end,Industrial Park
3827,COLONNADE RD @ PRINCE OF WALES DR,367395.7149,5023265.847,-75.7012,45.34655,2017-05-03,4:24:00 PM,01 - Clear,01 - Dry,01 - Traffic signal,03 - At intersection,01 - Daylight,03 - P.D. only,03 - Rear end,Industrial Park
3828,COLONNADE RD @ PRINCE OF WALES DR,367395.1431,5023266.3,-75.70121,45.34655,2017-08-18,4:47:00 PM,01 - Clear,01 - Dry,01 - Traffic signal,02 - Intersection related,01 - Daylight,03 - P.D. only,03 - Rear end,Industrial Park
3829,COLONNADE RD @ PRINCE OF WALES DR,367395.1431,5023265.869,-75.70121,45.34655,2017-08-18,5:10:00 PM,01 - Clear,01 - Dry,01 - Traffic signal,02 - Intersection related,01 - Daylight,02 - Non-fatal injury,03 - Rear end,Industrial Park
3830,COLONNADE RD @ PRINCE OF WALES DR,367394.1028,5023266.821,-75.70122,45.34655,2017-08-01,7:00:00 PM,01 - Clear,01 - Dry,01 - Traffic signal,02 - Intersection related,01 - Daylight,03 - P.D. only,03 - Rear end,Industrial Park
3831,COLONNADE RD @ PRINCE OF WALES DR,367393.4939,5023266.212,-75.70123,45.34655,2017-08-10,6:30:00 PM,01 - Clear,01 - Dry,01 - Traffic signal,02 - Intersection related,01 - Daylight,03 - P.D. only,03 - Rear end,Industrial Park
3832,COLONNADE RD @ PRINCE OF WALES DR,367394.9054,5023266.338,-75.70121,45.34655,2017-10-16,7:01:00 AM,01 - Clear,01 - Dry,01 - Traffic signal,02 - Intersection related,03 - Dawn,02 - Non-fatal injury,05 - Turning movement,Industrial Park
3833,COLONNADE RD @ PRINCE OF WALES DR,367394.7115,5023266.516,-75.70121,45.34655,2017-12-05,4:11:00 PM,01 - Clear,02 - Wet,01 - Traffic signal,02 - Intersection related,05 - Dusk,03 - P.D. only,04 - Sideswipe,Industrial Park
3834,COLONNADE RD @ PRINCE OF WALES DR,367393.7083,5023265.847,-75.70123,45.34655,2017-01-05,8:53:00 AM,01 - Clear,06 - Ice,01 - Traffic signal,02 - Intersection related,01 - Daylight,03 - P.D. only,03 - Rear end,Industrial Park
3835,COLONNADE RD @ PRINCE OF WALES DR,367395.0461,5023267.854,-75.70121,45.34656,2017-02-17,12:15:00 PM,01 - Clear,02 - Wet,01 - Traffic signal,02 - Intersection related,01 - Daylight,03 - P.D. only,03 - Rear end,Industrial Park
3836,COLONNADE RD @ PRINCE OF WALES DR,367396.4283,5023266.516,-75.70119,45.34655,2017-01-06,6:41:00 PM,01 - Clear,01 - Dry,01 - Traffic signal,02 - Intersection related,07 - Dark,03 - P.D. only,03 - Rear end,Industrial Park
3837,COLONNADE RD @ PRINCE OF WALES DR,367394.1652,5023267.063,-75.70122,45.34656,2017-02-02,4:18:00 PM,01 - Clear,01 - Dry,01 - Traffic signal,02 - Intersection related,01 - Daylight,03 - P.D. only,03 - Rear end,Industrial Park
3838,COLONNADE RD @ PRINCE OF WALES DR,367396.3838,5023267.185,-75.70119,45.34656,2017-03-12,7:36:00 PM,01 - Clear,01 - Dry,01 - Traffic signal,02 - Intersection related,07 - Dark,03 - P.D. only,03 - Rear end,Industrial Park
3839,COLONNADE RD @ PRINCE OF WALES DR,367395.0461,5023267.854,-75.70121,45.34656,2017-04-18,12:01:00 PM,01 - Clear,01 - Dry,01 - Traffic signal,02 - Intersection related,01 - Daylight,03 - P.D. only,07 - SMV other,Industrial Park
3840,COLONNADE RD @ PRINCE OF WALES DR,367393.9611,5023266.141,-75.70122,45.34655,2017-03-21,5:20:00 PM,01 - Clear,01 - Dry,01 - Traffic signal,02 - Intersection related,01 - Daylight,03 - P.D. only,03 - Rear end,Industrial Park
3841,COLONNADE RD btwn MERIVALE RD & COLONNADE RD N,365517.8756,5022606.704,-75.72524,45.34078,2017-07-11,7:24:00 PM,02 - Rain,02 - Wet,10 - No control,01 - Non intersection,01 - Daylight,03 - P.D. only,03 - Rear end,Industrial Park
3842,COLONNADE RD btwn MERIVALE RD & COLONNADE RD N,365421.5545,5022568.577,-75.72648,45.34045,2017-11-30,4:52:00 PM,02 - Rain,02 - Wet,10 - No control,01 - Non intersection,07 - Dark,03 - P.D. only,07 - SMV other,Industrial Park
3843,COLONNADE RD btwn MERIVALE RD & COLONNADE RD N,365457.2194,5022580.594,-75.72602,45.34055,2017-01-10,5:40:00 PM,03 - Snow,06 - Ice,10 - No control,04 - At/near private drive,07 - Dark,03 - P.D. only,05 - Turning movement,Industrial Park
3844,COLONNADE RD btwn MERIVALE RD & COLONNADE RD N,365828.6616,5022783.325,-75.72126,45.34234,2017-12-28,2:51:00 AM,01 - Clear,01 - Dry,10 - No control,04 - At/near private drive,07 - Dark,03 - P.D. only,07 - SMV other,Industrial Park
3845,COLUMBUS AVE @ VERA ST,370493.3778,5032199.241,-75.66049,45.42664,2017-05-08,10:40:00 PM,01 - Clear,01 - Dry,03 - Yield sign,03 - At intersection,07 - Dark,03 - P.D. only,02 - Angle,Overbrook
3846,COMPASS ST/MARKINCH RD @ RENAUD RD,382358.0101,5033070.714,-75.50875,45.43327,2017-11-05,1:53:00 PM,02 - Rain,02 - Wet,02 - Stop sign,03 - At intersection,01 - Daylight,02 - Non-fatal injury,07 - SMV other,Chapel Hill South
3847,CONCORD ST @ EVELYN AVE,369283.7018,5030620.639,-75.67615,45.41255,2017-02-08,9:31:00 AM,03 - Snow,03 - Loose snow,02 - Stop sign,02 - Intersection related,01 - Daylight,03 - P.D. only,99 - Other,Old Ottawa East
3848,CONCORD ST @ GREENFIELD AVE,369033.7996,5031064.511,-75.67928,45.41657,2017-12-29,10:47:00 PM,01 - Clear,04 - Slush,02 - Stop sign,03 - At intersection,07 - Dark,03 - P.D. only,02 - Angle,Old Ottawa East
3849,CONCORD ST @ MONTCALM ST,369076.7556,5031013.217,-75.67874,45.4161,2017-02-13,12:00:00 AM,01 - Clear,01 - Dry,02 - Stop sign,02 - Intersection related,00 - Unknown,03 - P.D. only,06 - SMV unattended vehicle,Old Ottawa East
3850,CONDOR DR btwn LOON LANE & PLANTE DR,370085.7008,5024461.041,-75.66672,45.35705,2017-03-24,4:49:00 PM,03 - Snow,05 - Packed snow,10 - No control,04 - At/near private drive,01 - Daylight,03 - P.D. only,99 - Other,Hunt Club East - Western Community
3851,CONIFER CREEK CIR S btwn CONIFER CREEK CIR & END,356785.5545,5015426.557,-75.83741,45.27687,2017-08-05,12:00:00 AM,01 - Clear,01 - Dry,10 - No control,01 - Non intersection,00 - Unknown,03 - P.D. only,06 - SMV unattended vehicle,Bridlewood - Emerald Meadows
3852,CONIFER CREEK CIR S btwn CONIFER CREEK CIR & END,356858.882,5015467.134,-75.83647,45.27723,2017-12-30,8:00:00 PM,03 - Snow,05 - Packed snow,10 - No control,04 - At/near private drive,07 - Dark,03 - P.D. only,06 - SMV unattended vehicle,Bridlewood - Emerald Meadows
3853,CONNAUGHT AVE btwn CARLING AVE & SACKVILLE ST,360807.3988,5025009.403,-75.78507,45.36279,2017-03-06,12:00:00 AM,01 - Clear,01 - Dry,10 - No control,04 - At/near private drive,07 - Dark,03 - P.D. only,06 - SMV unattended vehicle,Whitehaven - Queensway Terrace North
3854,CONOVER ST @ KNOXDALE RD,361983.3479,5021007.494,-75.77052,45.32669,2017-07-07,5:31:00 PM,02 - Rain,02 - Wet,02 - Stop sign,02 - Intersection related,01 - Daylight,03 - P.D. only,03 - Rear end,Woodvale - Craig Henry - Manordale - Estates of Arlington Wo
3855,CONRAD AVE btwn KIPLING ST & FEATHERSTON DR,372295.3569,5027792.403,-75.63806,45.38682,2017-11-10,8:15:00 PM,02 - Rain,02 - Wet,10 - No control,04 - At/near private drive,07 - Dark,03 - P.D. only,06 - SMV unattended vehicle,Playfair Park - Lynda Park - Guildwood Estates
3856,CONROY RD @ BRADDISH ST,374990.2013,5022515.066,-75.6044,45.33907,2017-06-14,4:32:00 PM,01 - Clear,01 - Dry,02 - Stop sign,02 - Intersection related,01 - Daylight,02 - Non-fatal injury,05 - Turning movement,Greenbelt
3857,CONROY RD @ DAVIDSON RD N,374573.7515,5023514.384,-75.60958,45.3481,2017-02-07,8:55:00 PM,03 - Snow,06 - Ice,02 - Stop sign,02 - Intersection related,07 - Dark,03 - P.D. only,03 - Rear end,Greenbelt
3858,CONROY RD @ DAVIDSON RD N,374573.4171,5023514.841,-75.60958,45.34811,2017-03-22,12:22:00 PM,01 - Clear,01 - Dry,02 - Stop sign,03 - At intersection,01 - Daylight,03 - P.D. only,02 - Angle,Greenbelt
3859,CONROY RD @ HUNT CLUB RD,373761.9355,5025403.621,-75.61967,45.36518,2017-07-25,5:10:00 PM,01 - Clear,01 - Dry,01 - Traffic signal,02 - Intersection related,01 - Daylight,03 - P.D. only,03 - Rear end,Greenboro East
3860,CONROY RD @ HUNT CLUB RD,373764.381,5025405.164,-75.61964,45.3652,2017-08-05,11:18:00 PM,01 - Clear,01 - Dry,01 - Traffic signal,02 - Intersection related,07 - Dark,02 - Non-fatal injury,03 - Rear end,Greenboro East
3861,CONROY RD @ HUNT CLUB RD,373764.0745,5025403.854,-75.61964,45.36519,2017-07-05,2:20:00 PM,01 - Clear,01 - Dry,01 - Traffic signal,02 - Intersection related,01 - Daylight,02 - Non-fatal injury,03 - Rear end,Greenboro East
3862,CONROY RD @ HUNT CLUB RD,373763.74,5025404.523,-75.61965,45.36519,2017-07-23,7:21:00 PM,01 - Clear,01 - Dry,01 - Traffic signal,02 - Intersection related,01 - Daylight,03 - P.D. only,03 - Rear end,Greenboro East
3863,CONROY RD @ HUNT CLUB RD,373762.7933,5025403.813,-75.61966,45.36519,2017-08-28,5:24:00 PM,01 - Clear,01 - Dry,01 - Traffic signal,02 - Intersection related,01 - Daylight,03 - P.D. only,03 - Rear end,Greenboro East
3864,CONROY RD @ HUNT CLUB RD,373762.3623,5025405.212,-75.61966,45.3652,2017-07-21,3:14:00 PM,01 - Clear,01 - Dry,01 - Traffic signal,02 - Intersection related,01 - Daylight,03 - P.D. only,03 - Rear end,Greenboro East
3865,CONROY RD @ HUNT CLUB RD,373762.537,5025404.824,-75.61966,45.36519,2017-07-26,4:16:00 PM,01 - Clear,01 - Dry,01 - Traffic signal,02 - Intersection related,01 - Daylight,03 - P.D. only,03 - Rear end,Greenboro East
3866,CONROY RD @ HUNT CLUB RD,373763.4056,5025405.192,-75.61965,45.3652,2017-10-30,4:43:00 PM,01 - Clear,01 - Dry,01 - Traffic signal,03 - At intersection,01 - Daylight,03 - P.D. only,02 - Angle,Greenboro East
3867,CONROY RD @ HUNT CLUB RD,373764.2134,5025404.759,-75.61964,45.36519,2017-10-20,8:45:00 AM,01 - Clear,01 - Dry,01 - Traffic signal,02 - Intersection related,01 - Daylight,03 - P.D. only,04 - Sideswipe,Greenboro East
3868,CONROY RD @ HUNT CLUB RD,373763.4056,5025405.192,-75.61965,45.3652,2017-11-15,5:12:00 PM,01 - Clear,01 - Dry,01 - Traffic signal,02 - Intersection related,07 - Dark,03 - P.D. only,03 - Rear end,Greenboro East
3869,CONROY RD @ HUNT CLUB RD,373762.7367,5025405.861,-75.61966,45.3652,2017-11-24,4:58:00 PM,01 - Clear,01 - Dry,01 - Traffic signal,02 - Intersection related,07 - Dark,03 - P.D. only,03 - Rear end,Greenboro East
3870,CONROY RD @ HUNT CLUB RD,373762.7367,5025405.861,-75.61966,45.3652,2017-11-30,4:49:00 PM,02 - Rain,02 - Wet,01 - Traffic signal,03 - At intersection,05 - Dusk,02 - Non-fatal injury,05 - Turning movement,Greenboro East
3871,CONROY RD @ HUNT CLUB RD,373763.2621,5025403.806,-75.61965,45.36518,2017-11-30,1:11:00 PM,01 - Clear,01 - Dry,01 - Traffic signal,02 - Intersection related,01 - Daylight,03 - P.D. only,03 - Rear end,Greenboro East
3872,CONROY RD @ HUNT CLUB RD,373762.7842,5025404.284,-75.61966,45.36519,2017-12-01,2:49:00 PM,01 - Clear,01 - Dry,01 - Traffic signal,02 - Intersection related,01 - Daylight,03 - P.D. only,03 - Rear end,Greenboro East
3873,CONROY RD @ HUNT CLUB RD,373762.7367,5025404.523,-75.61966,45.36519,2017-11-30,5:00:00 PM,03 - Snow,02 - Wet,01 - Traffic signal,02 - Intersection related,05 - Dusk,03 - P.D. only,03 - Rear end,Greenboro East
3874,CONROY RD @ HUNT CLUB RD,373763.2666,5025403.813,-75.61965,45.36519,2017-11-07,4:35:00 PM,01 - Clear,01 - Dry,01 - Traffic signal,02 - Intersection related,05 - Dusk,03 - P.D. only,02 - Angle,Greenboro East
3875,CONROY RD @ HUNT CLUB RD,373762.4837,5025405.122,-75.61966,45.3652,2017-01-13,6:51:00 PM,01 - Clear,01 - Dry,01 - Traffic signal,02 - Intersection related,07 - Dark,02 - Non-fatal injury,03 - Rear end,Greenboro East
3876,CONROY RD @ HUNT CLUB RD,373764.0745,5025403.854,-75.61964,45.36519,2017-03-16,5:30:00 PM,01 - Clear,01 - Dry,01 - Traffic signal,02 - Intersection related,01 - Daylight,03 - P.D. only,03 - Rear end,Greenboro East
3877,CONROY RD @ HUNT CLUB RD,373762.991,5025403.062,-75.61966,45.36518,2017-03-28,12:55:00 PM,01 - Clear,01 - Dry,01 - Traffic signal,02 - Intersection related,01 - Daylight,03 - P.D. only,03 - Rear end,Greenboro East
3878,CONROY RD @ HUNT CLUB RD,373763.4056,5025404.523,-75.61965,45.36519,2017-03-17,6:35:00 AM,01 - Clear,01 - Dry,01 - Traffic signal,02 - Intersection related,01 - Daylight,03 - P.D. only,03 - Rear end,Greenboro East
3879,CONROY RD @ HUNT CLUB RD,373764.7433,5025403.854,-75.61963,45.36519,2017-03-13,6:30:00 AM,01 - Clear,01 - Dry,01 - Traffic signal,03 - At intersection,03 - Dawn,02 - Non-fatal injury,05 - Turning movement,Greenboro East
3880,CONROY RD @ JOHNSTON RD,373396.1661,5026309.742,-75.62421,45.37337,2017-07-20,7:11:00 PM,01 - Clear,01 - Dry,01 - Traffic signal,03 - At intersection,01 - Daylight,03 - P.D. only,05 - Turning movement,Hunt Club
3881,CONROY RD @ JOHNSTON RD,373397.1416,5026307.791,-75.6242,45.37335,2017-10-18,9:15:00 PM,01 - Clear,01 - Dry,01 - Traffic signal,03 - At intersection,07 - Dark,02 - Non-fatal injury,02 - Angle,Hunt Club
3882,CONROY RD @ JOHNSTON RD,373399.7362,5026309.924,-75.62417,45.37337,2017-12-09,11:01:00 AM,01 - Clear,01 - Dry,01 - Traffic signal,03 - At intersection,01 - Daylight,03 - P.D. only,03 - Rear end,Hunt Club
3883,CONROY RD @ JOHNSTON RD,373396.3292,5026309.655,-75.62421,45.37337,2017-11-02,8:39:00 PM,02 - Rain,02 - Wet,01 - Traffic signal,03 - At intersection,07 - Dark,02 - Non-fatal injury,02 - Angle,Hunt Club
3884,CONROY RD @ JOHNSTON RD,373397.1416,5026309.129,-75.6242,45.37337,2017-12-04,1:40:00 PM,01 - Clear,01 - Dry,01 - Traffic signal,03 - At intersection,01 - Daylight,03 - P.D. only,05 - Turning movement,Hunt Club
3885,CONROY RD @ JOHNSTON RD,373396.8071,5026309.694,-75.62421,45.37337,2017-01-23,12:49:00 PM,01 - Clear,01 - Dry,01 - Traffic signal,02 - Intersection related,01 - Daylight,03 - P.D. only,03 - Rear end,Hunt Club
3886,CONROY RD @ JOHNSTON RD,373397.5576,5026307.334,-75.6242,45.37335,2017-02-09,10:10:00 PM,01 - Clear,01 - Dry,01 - Traffic signal,03 - At intersection,07 - Dark,03 - P.D. only,02 - Angle,Hunt Club
3887,CONROY RD @ JOHNSTON RD,373397.1416,5026307.791,-75.6242,45.37335,2017-04-03,9:12:00 PM,01 - Clear,01 - Dry,01 - Traffic signal,03 - At intersection,07 - Dark,03 - P.D. only,05 - Turning movement,Hunt Club
3888,CONROY RD @ KINGSDALE AVE,374319.081,5024119.84,-75.61274,45.35358,2017-06-05,7:40:00 AM,01 - Clear,01 - Dry,02 - Stop sign,03 - At intersection,01 - Daylight,03 - P.D. only,02 - Angle,Blossom Park - Blossom Park West - Sawmill Creek/ Timbermill
3889,CONROY RD @ LORRY GREENBERG DR,373568.5205,5025879.521,-75.62207,45.36948,2017-04-28,3:08:00 PM,01 - Clear,01 - Dry,01 - Traffic signal,02 - Intersection related,01 - Daylight,02 - Non-fatal injury,03 - Rear end,Greenboro East
3890,CONROY RD @ LORRY GREENBERG DR,373567.7126,5025878.893,-75.62208,45.36948,2017-09-23,11:51:00 AM,01 - Clear,01 - Dry,01 - Traffic signal,03 - At intersection,01 - Daylight,02 - Non-fatal injury,02 - Angle,Greenboro East
3891,CONROY RD @ LORRY GREENBERG DR,373570.4374,5025878.558,-75.62205,45.36948,2017-02-14,3:25:00 PM,01 - Clear,02 - Wet,01 - Traffic signal,03 - At intersection,01 - Daylight,03 - P.D. only,05 - Turning movement,Greenboro East
3892,CONROY RD @ LORRY GREENBERG DR,373568.5205,5025879.521,-75.62207,45.36948,2017-04-18,2:50:00 PM,01 - Clear,01 - Dry,01 - Traffic signal,03 - At intersection,01 - Daylight,03 - P.D. only,02 - Angle,Greenboro East
3893,CONROY RD @ QUEENSDALE AVE,374351.7398,5024042.801,-75.61233,45.35288,2017-10-19,9:14:00 AM,01 - Clear,01 - Dry,02 - Stop sign,03 - At intersection,01 - Daylight,03 - P.D. only,02 - Angle,Blossom Park - Blossom Park West - Sawmill Creek/ Timbermill
3894,CONROY RD @ ST. LAURENT BLVD,373068.5871,5027159.204,-75.62828,45.38105,2017-06-18,11:10:00 AM,01 - Clear,01 - Dry,01 - Traffic signal,02 - Intersection related,01 - Daylight,02 - Non-fatal injury,04 - Sideswipe,Industrial Park
3895,CONROY RD @ ST. LAURENT BLVD,373069.6331,5027161.309,-75.62826,45.38107,2017-05-03,7:07:00 PM,01 - Clear,01 - Dry,01 - Traffic signal,03 - At intersection,01 - Daylight,03 - P.D. only,02 - Angle,Industrial Park
3896,CONROY RD @ ST. LAURENT BLVD,373071.1705,5027159.603,-75.62824,45.38105,2017-07-26,1:14:00 PM,01 - Clear,01 - Dry,01 - Traffic signal,02 - Intersection related,01 - Daylight,03 - P.D. only,03 - Rear end,Industrial Park
3897,CONROY RD @ ST. LAURENT BLVD,373070.4267,5027159.532,-75.62825,45.38105,2017-07-26,2:49:00 PM,01 - Clear,01 - Dry,01 - Traffic signal,03 - At intersection,01 - Daylight,03 - P.D. only,02 - Angle,Industrial Park
3898,CONROY RD @ ST. LAURENT BLVD,373069.9675,5027159.606,-75.62826,45.38105,2017-08-11,1:18:00 PM,01 - Clear,01 - Dry,01 - Traffic signal,02 - Intersection related,01 - Daylight,03 - P.D. only,03 - Rear end,Industrial Park
3899,CONROY RD @ ST. LAURENT BLVD,373070.4454,5027158.585,-75.62825,45.38104,2017-11-21,1:45:00 PM,01 - Clear,01 - Dry,01 - Traffic signal,02 - Intersection related,01 - Daylight,03 - P.D. only,04 - Sideswipe,Industrial Park
3900,CONROY RD @ ST. LAURENT BLVD,373069.6331,5027158.633,-75.62826,45.38104,2017-02-05,9:15:00 PM,03 - Snow,03 - Loose snow,01 - Traffic signal,02 - Intersection related,07 - Dark,03 - P.D. only,04 - Sideswipe,Industrial Park
3901,CONROY RD @ ST. LAURENT BLVD,373070.4409,5027159.065,-75.62825,45.38105,2017-01-17,3:30:00 PM,01 - Clear,01 - Dry,01 - Traffic signal,02 - Intersection related,01 - Daylight,03 - P.D. only,03 - Rear end,Industrial Park
3902,CONROY RD @ THURSTON DR,373205.1715,5026794.776,-75.62658,45.37776,2017-08-16,7:30:00 PM,01 - Clear,01 - Dry,01 - Traffic signal,03 - At intersection,05 - Dusk,02 - Non-fatal injury,05 - Turning movement,Industrial Park
3903,CONROY RD @ THURSTON DR,373206.2918,5026796.414,-75.62657,45.37777,2017-11-11,9:11:00 AM,01 - Clear,01 - Dry,01 - Traffic signal,03 - At intersection,01 - Daylight,03 - P.D. only,02 - Angle,Industrial Park
3904,CONROY RD @ THURSTON DR,373205.5338,5026797.423,-75.62658,45.37778,2017-12-04,5:11:00 PM,01 - Clear,01 - Dry,01 - Traffic signal,02 - Intersection related,07 - Dark,02 - Non-fatal injury,03 - Rear end,Industrial Park
3905,CONROY RD @ THURSTON DR,373203.4861,5026791.83,-75.62661,45.37773,2017-02-15,10:15:00 AM,03 - Snow,04 - Slush,01 - Traffic signal,02 - Intersection related,01 - Daylight,03 - P.D. only,03 - Rear end,Industrial Park
3906,CONROY RD @ THURSTON DR,373204.1961,5026796.086,-75.6266,45.37777,2017-02-25,7:52:00 PM,02 - Rain,02 - Wet,01 - Traffic signal,02 - Intersection related,07 - Dark,03 - P.D. only,04 - Sideswipe,Industrial Park