Record,Location,X,Y,Longitude,Latitude,Date,Time,Environment,Road_Surface,Traffic_Control,Collision_Location,Light,Collision_Classification,Impact_type,Neighborhood
3907,CONROY RD @ WALKLEY RD,372903.3882,5027464.869,-75.63034,45.38381,2017-06-15,6:43:00 PM,01 - Clear,01 - Dry,01 - Traffic signal,02 - Intersection related,01 - Daylight,02 - Non-fatal injury,03 - Rear end,Elmvale - Eastway - Riverview - Riverview Park West
3908,CONROY RD @ WALKLEY RD,372904.0571,5027463.531,-75.63034,45.3838,2017-04-25,8:16:00 AM,01 - Clear,01 - Dry,01 - Traffic signal,02 - Intersection related,01 - Daylight,03 - P.D. only,03 - Rear end,Elmvale - Eastway - Riverview - Riverview Park West
3909,CONROY RD @ WALKLEY RD,372903.3882,5027464.869,-75.63034,45.38381,2017-05-11,4:15:00 PM,01 - Clear,01 - Dry,01 - Traffic signal,02 - Intersection related,01 - Daylight,03 - P.D. only,04 - Sideswipe,Elmvale - Eastway - Riverview - Riverview Park West
3910,CONROY RD @ WALKLEY RD,372904.3704,5027463.032,-75.63033,45.3838,2017-06-22,5:14:00 PM,01 - Clear,01 - Dry,01 - Traffic signal,02 - Intersection related,01 - Daylight,03 - P.D. only,04 - Sideswipe,Elmvale - Eastway - Riverview - Riverview Park West
3911,CONROY RD @ WALKLEY RD,372904.0571,5027465.538,-75.63034,45.38382,2017-06-12,7:30:00 PM,01 - Clear,01 - Dry,01 - Traffic signal,02 - Intersection related,01 - Daylight,03 - P.D. only,03 - Rear end,Elmvale - Eastway - Riverview - Riverview Park West
3912,CONROY RD @ WALKLEY RD,372904.7259,5027463.531,-75.63033,45.3838,2017-06-04,7:14:00 PM,01 - Clear,01 - Dry,01 - Traffic signal,02 - Intersection related,01 - Daylight,03 - P.D. only,03 - Rear end,Elmvale - Eastway - Riverview - Riverview Park West
3913,CONROY RD @ WALKLEY RD,372904.0571,5027464.2,-75.63034,45.38381,2017-07-06,4:25:00 PM,01 - Clear,01 - Dry,01 - Traffic signal,02 - Intersection related,01 - Daylight,03 - P.D. only,03 - Rear end,Elmvale - Eastway - Riverview - Riverview Park West
3914,CONROY RD @ WALKLEY RD,372903.7226,5027462.985,-75.63034,45.3838,2017-10-11,4:09:00 PM,01 - Clear,01 - Dry,01 - Traffic signal,02 - Intersection related,01 - Daylight,03 - P.D. only,03 - Rear end,Elmvale - Eastway - Riverview - Riverview Park West
3915,CONROY RD @ WALKLEY RD,372904.495,5027463.228,-75.63033,45.3838,2017-09-05,8:21:00 AM,01 - Clear,02 - Wet,01 - Traffic signal,02 - Intersection related,01 - Daylight,02 - Non-fatal injury,03 - Rear end,Elmvale - Eastway - Riverview - Riverview Park West
3916,CONROY RD @ WALKLEY RD,372904.2691,5027463.531,-75.63033,45.3838,2017-09-26,1:25:00 PM,01 - Clear,01 - Dry,01 - Traffic signal,02 - Intersection related,01 - Daylight,03 - P.D. only,03 - Rear end,Elmvale - Eastway - Riverview - Riverview Park West
3917,CONROY RD @ WALKLEY RD,372904.7259,5027465.538,-75.63033,45.38382,2017-11-08,3:15:00 PM,01 - Clear,01 - Dry,01 - Traffic signal,02 - Intersection related,01 - Daylight,03 - P.D. only,03 - Rear end,Elmvale - Eastway - Riverview - Riverview Park West
3918,CONROY RD @ WALKLEY RD,372903.1762,5027465.171,-75.63035,45.38382,2017-01-26,10:41:00 AM,03 - Snow,02 - Wet,01 - Traffic signal,02 - Intersection related,01 - Daylight,03 - P.D. only,03 - Rear end,Elmvale - Eastway - Riverview - Riverview Park West
3919,CONROY RD @ WALKLEY RD,372905.1427,5027462.348,-75.63032,45.38379,2017-12-23,2:25:00 PM,03 - Snow,03 - Loose snow,01 - Traffic signal,02 - Intersection related,01 - Daylight,03 - P.D. only,03 - Rear end,South Keys - Heron Gate - Greenboro West
3920,CONROY RD btwn CONROY RD & ROSEBELLA AVE,373840.9975,5025227.934,-75.61869,45.36359,2017-12-06,8:15:00 AM,01 - Clear,01 - Dry,10 - No control,01 - Non intersection,01 - Daylight,03 - P.D. only,03 - Rear end,Blossom Park - Blossom Park West - Sawmill Creek/ Timbermill
3921,CONROY RD btwn CONROY RD & ROSEBELLA AVE,374170.0182,5024467.428,-75.61459,45.35672,2017-02-13,9:22:00 AM,03 - Snow,03 - Loose snow,10 - No control,01 - Non intersection,01 - Daylight,03 - P.D. only,07 - SMV other,Blossom Park - Blossom Park West - Sawmill Creek/ Timbermill
3922,CONROY RD btwn CONROY RD & ROSEBELLA AVE,373824.2751,5025272.081,-75.61889,45.36399,2017-02-26,12:23:00 PM,01 - Clear,01 - Dry,10 - No control,04 - At/near private drive,01 - Daylight,03 - P.D. only,06 - SMV unattended vehicle,Blossom Park - Blossom Park West - Sawmill Creek/ Timbermill
3923,CONROY RD btwn HUNT CLUB RD & CONROY RD,373805.3171,5025312.289,-75.61913,45.36436,2017-12-22,3:20:00 PM,03 - Snow,03 - Loose snow,10 - No control,01 - Non intersection,01 - Daylight,03 - P.D. only,07 - SMV other,Greenboro East
3924,CONROY RD btwn JOHNSTON RD & LORRY GREENBERG DR,373409.8506,5026278.359,-75.62404,45.37309,2017-06-18,6:03:00 PM,01 - Clear,01 - Dry,10 - No control,01 - Non intersection,01 - Daylight,03 - P.D. only,05 - Turning movement,Hunt Club
3925,CONROY RD btwn THURSTON DR & JOHNSTON RD,373262.39,5026653.611,-75.62587,45.37648,2017-05-24,3:15:00 PM,01 - Clear,01 - Dry,10 - No control,01 - Non intersection,01 - Daylight,03 - P.D. only,04 - Sideswipe,Industrial Park
3926,CONROY RD btwn WALKLEY RD & ST. LAURENT BLVD,373039.8787,5027231.475,-75.62863,45.3817,2017-09-23,6:45:00 PM,01 - Clear,01 - Dry,10 - No control,04 - At/near private drive,05 - Dusk,02 - Non-fatal injury,07 - SMV other,Industrial Park
3927,CONSTANCE BAY RD @ DUNROBIN RD,336736.6951,5037256.428,-76.09153,45.4745,2017-09-08,2:00:00 AM,01 - Clear,01 - Dry,02 - Stop sign,02 - Intersection related,07 - Dark,03 - P.D. only,07 - SMV other,Woodlawn
3928,CONSTELLATION CRES @ BASELINE RD,362273.388,5023598.194,-75.76652,45.34997,2017-02-16,8:11:00 AM,03 - Snow,05 - Packed snow,01 - Traffic signal,02 - Intersection related,01 - Daylight,03 - P.D. only,03 - Rear end,Iris
3929,CONSTELLATION CRES btwn TURN LANE & CENTREPOINTE DR,362498.8548,5023254.328,-75.76369,45.34686,2017-06-30,9:25:00 AM,01 - Clear,02 - Wet,10 - No control,01 - Non intersection,01 - Daylight,02 - Non-fatal injury,06 - SMV unattended vehicle,Centrepointe
3930,COOKSHIRE CRES btwn BEAUREGARD CRES & MONTCREST DR,384835.3726,5038702.328,-75.47617,45.48366,2017-03-15,12:00:00 AM,03 - Snow,03 - Loose snow,10 - No control,01 - Non intersection,00 - Unknown,03 - P.D. only,06 - SMV unattended vehicle,Fallingbrook
3931,COOLSPRING CRES btwn COACH HOUSE GT & VIEWMOUNT DR,366613.8826,5023668.202,-75.71113,45.35024,2017-09-23,12:16:00 PM,01 - Clear,01 - Dry,10 - No control,04 - At/near private drive,01 - Daylight,03 - P.D. only,06 - SMV unattended vehicle,Borden Farm - Stewart Farm - Parkwood Hills - Fisher Glen
3932,COOPER ST @ BANK ST,367647.3326,5030990.801,-75.69701,45.41603,2017-07-22,7:58:00 PM,01 - Clear,01 - Dry,02 - Stop sign,03 - At intersection,01 - Daylight,03 - P.D. only,02 - Angle,Centretown
3933,COOPER ST @ BANK ST,367649.1837,5030990.808,-75.69698,45.41603,2017-10-25,9:40:00 AM,01 - Clear,01 - Dry,02 - Stop sign,03 - At intersection,01 - Daylight,03 - P.D. only,05 - Turning movement,Centretown
3934,COOPER ST @ BANK ST,367647.707,5030991.91,-75.697,45.41604,2017-11-06,1:46:00 PM,01 - Clear,01 - Dry,02 - Stop sign,03 - At intersection,01 - Daylight,03 - P.D. only,02 - Angle,Centretown
3935,COOPER ST @ BANK ST,367649.7136,5030991.241,-75.69698,45.41603,2017-02-17,5:20:00 PM,01 - Clear,01 - Dry,02 - Stop sign,03 - At intersection,07 - Dark,03 - P.D. only,02 - Angle,Centretown
3936,COOPER ST @ DRIVEWAY (THE),368494.7496,5031494.819,-75.68612,45.42049,2017-12-21,4:00:00 PM,03 - Snow,06 - Ice,10 - No control,03 - At intersection,05 - Dusk,03 - P.D. only,07 - SMV other,Golden Triangle
3937,COOPER ST @ ELGIN ST,368120.7173,5031271.589,-75.69092,45.41851,2017-06-21,5:41:00 PM,01 - Clear,01 - Dry,01 - Traffic signal,03 - At intersection,01 - Daylight,03 - P.D. only,02 - Angle,Centretown
3938,COOPER ST @ ELGIN ST,368119.1052,5031271.893,-75.69094,45.41852,2017-08-07,8:49:00 PM,01 - Clear,01 - Dry,01 - Traffic signal,02 - Intersection related,05 - Dusk,03 - P.D. only,04 - Sideswipe,Centretown
3939,COOPER ST @ ELGIN ST,368118.6211,5031271.589,-75.69095,45.41851,2017-02-02,5:47:00 PM,01 - Clear,02 - Wet,01 - Traffic signal,03 - At intersection,05 - Dusk,03 - P.D. only,02 - Angle,Centretown
3940,COOPER ST @ ELGIN ST,368121.3862,5031270.251,-75.69091,45.4185,2017-02-26,10:19:00 AM,01 - Clear,01 - Dry,01 - Traffic signal,03 - At intersection,01 - Daylight,02 - Non-fatal injury,07 - SMV other,Centretown
3941,COOPER ST @ KENT ST,367482.3702,5030890.231,-75.69913,45.41514,2017-09-21,8:37:00 AM,01 - Clear,01 - Dry,02 - Stop sign,03 - At intersection,01 - Daylight,03 - P.D. only,02 - Angle,Centretown
3942,COOPER ST @ LYON ST,367322.6525,5030792.326,-75.70118,45.41427,2017-10-20,4:03:00 PM,01 - Clear,01 - Dry,02 - Stop sign,02 - Intersection related,01 - Daylight,02 - Non-fatal injury,05 - Turning movement,Centretown
3943,COOPER ST @ LYON ST,367321.2323,5030792.563,-75.7012,45.41428,2017-12-20,3:40:00 PM,01 - Clear,04 - Slush,02 - Stop sign,03 - At intersection,01 - Daylight,03 - P.D. only,05 - Turning movement,Centretown
3944,COOPER ST @ O'CONNOR ST,367810.3834,5031084.233,-75.69491,45.41686,2017-06-21,4:13:00 PM,01 - Clear,01 - Dry,02 - Stop sign,03 - At intersection,01 - Daylight,02 - Non-fatal injury,05 - Turning movement,Centretown
3945,COOPER ST @ O'CONNOR ST,367808.8697,5031085.53,-75.69493,45.41687,2017-06-22,10:58:00 AM,01 - Clear,01 - Dry,02 - Stop sign,02 - Intersection related,01 - Daylight,03 - P.D. only,04 - Sideswipe,Centretown
3946,COOPER ST @ O'CONNOR ST,367808.1757,5031085.839,-75.69494,45.41687,2017-07-23,2:54:00 AM,01 - Clear,01 - Dry,02 - Stop sign,02 - Intersection related,07 - Dark,03 - P.D. only,04 - Sideswipe,Centretown
3947,COOPER ST @ O'CONNOR ST,367807.7079,5031087.578,-75.69495,45.41689,2017-11-23,9:47:00 PM,01 - Clear,01 - Dry,02 - Stop sign,03 - At intersection,07 - Dark,03 - P.D. only,04 - Sideswipe,Centretown
3948,COOPER ST @ PERCY ST,367068.1745,5030641.568,-75.70445,45.41294,2017-06-28,4:43:00 PM,01 - Clear,01 - Dry,02 - Stop sign,03 - At intersection,01 - Daylight,03 - P.D. only,02 - Angle,Centretown
3949,COOPER ST btwn ELGIN ST & CARTIER ST,368123.8876,5031274.327,-75.69088,45.41854,2017-01-06,10:16:00 AM,01 - Clear,01 - Dry,10 - No control,01 - Non intersection,01 - Daylight,03 - P.D. only,01 - Approaching,Centretown
3950,COOPER ST btwn KENT ST & BANK ST,367569.3997,5030941.867,-75.69801,45.4156,2017-08-24,2:19:00 PM,01 - Clear,01 - Dry,10 - No control,04 - At/near private drive,01 - Daylight,03 - P.D. only,99 - Other,Centretown
3951,COOPER ST btwn KENT ST & BANK ST,367486.0182,5030892.166,-75.69908,45.41516,2017-09-28,12:00:00 AM,01 - Clear,01 - Dry,10 - No control,01 - Non intersection,00 - Unknown,03 - P.D. only,06 - SMV unattended vehicle,Centretown
3952,COOPER ST btwn METCALFE ST & ELGIN ST,368031.5598,5031219.554,-75.69207,45.41805,2017-10-11,12:00:00 AM,01 - Clear,01 - Dry,10 - No control,01 - Non intersection,00 - Unknown,03 - P.D. only,06 - SMV unattended vehicle,Centretown
3953,COOPER ST btwn METCALFE ST & ELGIN ST,367984.6067,5031193.095,-75.69267,45.41782,2017-09-03,7:24:00 PM,01 - Clear,02 - Wet,10 - No control,01 - Non intersection,05 - Dusk,03 - P.D. only,99 - Other,Centretown
3954,COPE @ TERRY FOX,353998.2169,5015345.544,-75.87294,45.27634,2017-08-25,6:36:00 PM,01 - Clear,01 - Dry,01 - Traffic signal,03 - At intersection,01 - Daylight,03 - P.D. only,05 - Turning movement,Glen Cairn - Kanata South Business Park
3955,COPE @ TERRY FOX,353996.0671,5015345.007,-75.87297,45.27634,2017-07-06,3:16:00 PM,01 - Clear,01 - Dry,01 - Traffic signal,03 - At intersection,01 - Daylight,03 - P.D. only,03 - Rear end,Glen Cairn - Kanata South Business Park
3956,COPE @ TERRY FOX,353996.2668,5015344.639,-75.87297,45.27634,2017-06-30,8:42:00 PM,01 - Clear,01 - Dry,01 - Traffic signal,03 - At intersection,05 - Dusk,03 - P.D. only,05 - Turning movement,Glen Cairn - Kanata South Business Park
3957,COPE @ TERRY FOX,353997.6046,5015344.639,-75.87295,45.27634,2017-11-05,12:24:00 PM,02 - Rain,02 - Wet,01 - Traffic signal,03 - At intersection,01 - Daylight,03 - P.D. only,05 - Turning movement,Glen Cairn - Kanata South Business Park
3958,COPE @ TERRY FOX,353997.6046,5015345.308,-75.87295,45.27634,2017-11-28,5:21:00 PM,02 - Rain,02 - Wet,01 - Traffic signal,02 - Intersection related,07 - Dark,03 - P.D. only,05 - Turning movement,Glen Cairn - Kanata South Business Park
3959,COPE @ TERRY FOX,353997.6046,5015345.977,-75.87295,45.27635,2017-02-19,12:15:00 PM,01 - Clear,02 - Wet,01 - Traffic signal,03 - At intersection,01 - Daylight,02 - Non-fatal injury,05 - Turning movement,Glen Cairn - Kanata South Business Park
3960,COPE @ TERRY FOX,353996.2668,5015345.308,-75.87297,45.27634,2017-03-05,10:33:00 AM,01 - Clear,01 - Dry,01 - Traffic signal,03 - At intersection,01 - Daylight,02 - Non-fatal injury,05 - Turning movement,Glen Cairn - Kanata South Business Park
3961,COPPERWOOD ST btwn QUARRY RIDGE DR & QUARRY RIDGE DR,380889.8423,5038092.943,-75.52673,45.47862,2017-09-08,2:30:00 PM,01 - Clear,01 - Dry,10 - No control,04 - At/near private drive,01 - Daylight,03 - P.D. only,06 - SMV unattended vehicle,Orleans South West
3962,CORALROOT AVE @ LONGFIELDS DR,364999.2346,5016865.777,-75.73256,45.28917,2017-10-24,8:10:00 AM,01 - Clear,02 - Wet,02 - Stop sign,02 - Intersection related,01 - Daylight,03 - P.D. only,04 - Sideswipe,New Barrhaven
3963,CORDOVA ST @ EPWORTH AVE,364043.9794,5023671.789,-75.74392,45.35049,2017-01-09,10:43:00 AM,01 - Clear,03 - Loose snow,02 - Stop sign,02 - Intersection related,01 - Daylight,03 - P.D. only,07 - SMV other,Crestview - Meadowlands
3964,CORDOVA ST @ RITA AVE,363921.6908,5023875.688,-75.74546,45.35233,2017-10-10,4:18:00 PM,01 - Clear,01 - Dry,02 - Stop sign,02 - Intersection related,01 - Daylight,02 - Non-fatal injury,07 - SMV other,Crestview - Meadowlands
3965,CORKERY RD @ OLD ALMONTE RD,338906.4858,5013045.751,-76.06545,45.25654,2017-07-12,7:14:00 PM,01 - Clear,01 - Dry,02 - Stop sign,03 - At intersection,01 - Daylight,03 - P.D. only,07 - SMV other,Carp - Hardwood Plains
3966,CORKERY RD btwn MANION RD & OLD ALMONTE RD,338798.5976,5013178.834,-76.06681,45.25775,2017-06-07,6:24:00 AM,01 - Clear,01 - Dry,10 - No control,01 - Non intersection,01 - Daylight,03 - P.D. only,07 - SMV other,Carp - Hardwood Plains
3967,CORKSTOWN RD @ MARCH RD,352657.9476,5020883.486,-75.88949,45.32627,2017-04-26,3:01:00 PM,01 - Clear,01 - Dry,02 - Stop sign,03 - At intersection,01 - Daylight,02 - Non-fatal injury,05 - Turning movement,Beaverbrook
3968,CORKSTOWN RD @ MARCH RD,352658.9076,5020882.839,-75.88948,45.32626,2017-08-20,8:21:00 PM,01 - Clear,01 - Dry,02 - Stop sign,02 - Intersection related,07 - Dark,03 - P.D. only,05 - Turning movement,Greenbelt
3969,CORKSTOWN RD btwn MOODIE DR & CRYSTAL BEACH DR,356525.5006,5022537.437,-75.83998,45.34088,2017-07-02,1:06:00 AM,02 - Rain,02 - Wet,10 - No control,01 - Non intersection,07 - Dark,03 - P.D. only,03 - Rear end,Crystal Bay - Lakeview Park - Britannia Village
3970,CORKSTOWN RD btwn MOODIE DR & CRYSTAL BEACH DR,356388.6985,5022757.541,-75.84171,45.34287,2017-03-02,3:41:00 PM,01 - Clear,03 - Loose snow,10 - No control,01 - Non intersection,01 - Daylight,03 - P.D. only,01 - Approaching,Crystal Bay - Lakeview Park - Britannia Village
3971,CORLEY PRIV @ FAIRLEA CRES,372003.9255,5026534.516,-75.64196,45.37553,2017-12-27,12:41:00 PM,01 - Clear,01 - Dry,10 - No control,02 - Intersection related,01 - Daylight,03 - P.D. only,99 - Other,Ledbury - Heron Gate - Ridgemont - Elmwood
3972,CORONATION AVE @ CHOMLEY CRES,371632.5153,5030425.118,-75.64617,45.41057,2017-02-24,12:37:00 PM,02 - Rain,02 - Wet,02 - Stop sign,03 - At intersection,01 - Daylight,03 - P.D. only,02 - Angle,Industrial Park
3973,CORONATION AVE btwn CHOMLEY CRES & WEYBURN ST,371777.1517,5030401.623,-75.64433,45.41035,2017-08-09,7:26:00 AM,01 - Clear,01 - Dry,10 - No control,01 - Non intersection,01 - Daylight,02 - Non-fatal injury,04 - Sideswipe,Industrial Park
3974,COTE DE NEIGES RD btwn CORDOVA ST & END,363640.8821,5023886.062,-75.74904,45.35245,2017-02-12,10:13:00 AM,01 - Clear,05 - Packed snow,10 - No control,01 - Non intersection,01 - Daylight,03 - P.D. only,06 - SMV unattended vehicle,Crestview - Meadowlands
3975,COTTER'S CRES btwn DOWNPATRICK RD & DOWNPATRICK RD,370373.527,5022991.408,-75.66324,45.3438,2017-03-07,8:52:00 AM,01 - Clear,01 - Dry,10 - No control,01 - Non intersection,01 - Daylight,03 - P.D. only,06 - SMV unattended vehicle,Hunt Club - Ottawa Airport
3976,COUNTRY GLEN WAY btwn CALVINGTON AVE & CAMPEAU DR,349174.733,5018389.771,-75.93415,45.30406,2017-12-27,12:01:00 AM,01 - Clear,05 - Packed snow,10 - No control,04 - At/near private drive,07 - Dark,03 - P.D. only,06 - SMV unattended vehicle,Kanata Lakes - Marchwood Lakeside - Morgan's Grant - Kanata
3977,COUNTRY MEADOW DR btwn BEARHILL RD & COUNTRY CARRIAGE WAY,337950.2254,5018858.906,-76.07724,45.3089,2017-06-24,5:06:00 PM,01 - Clear,01 - Dry,10 - No control,01 - Non intersection,01 - Daylight,02 - Non-fatal injury,07 - SMV other,Carp - Hardwood Plains
3978,COUNTY RD 29 @ HWY 417 CTYRD 29 IC180R51,318041.3201,5030776.606,-76.33081,45.4168,2017-02-16,4:30:00 PM,01 - Clear,01 - Dry,02 - Stop sign,02 - Intersection related,01 - Daylight,03 - P.D. only,03 - Rear end,Arnprior
3979,COURTICE AVE btwn KILBORN AVE & ORCHARD AVE,370931.104,5027693.759,-75.6555,45.38606,2017-03-22,12:00:00 AM,01 - Clear,01 - Dry,10 - No control,01 - Non intersection,00 - Unknown,03 - P.D. only,06 - SMV unattended vehicle,Alta Vista
3980,COUSINEAU ST @ ST. JOSEPH BLVD,380705.2061,5037027.781,-75.52926,45.46905,2017-07-20,11:28:00 AM,01 - Clear,01 - Dry,02 - Stop sign,02 - Intersection related,01 - Daylight,03 - P.D. only,04 - Sideswipe,Industrial Park
3981,COUSINEAU ST @ ST. JOSEPH BLVD,380707.4138,5037028.585,-75.52923,45.46906,2017-12-11,4:06:00 PM,01 - Clear,01 - Dry,02 - Stop sign,02 - Intersection related,05 - Dusk,03 - P.D. only,02 - Angle,Orleans Village - Chateauneuf
3982,COVENTRY RD @ JETFORM PARK  STADIUM,370834.6967,5031671.971,-75.65619,45.42187,2017-07-05,2:09:00 PM,01 - Clear,01 - Dry,01 - Traffic signal,02 - Intersection related,01 - Daylight,03 - P.D. only,03 - Rear end,Overbrook
3983,COVENTRY RD @ LOLA ST,371262.7143,5031614.572,-75.65073,45.42131,2017-05-19,11:12:00 AM,01 - Clear,01 - Dry,01 - Traffic signal,03 - At intersection,01 - Daylight,02 - Non-fatal injury,05 - Turning movement,Overbrook
3984,COVENTRY RD @ LOLA ST,371263.7176,5031614.797,-75.65072,45.42131,2017-09-12,8:18:00 PM,01 - Clear,01 - Dry,01 - Traffic signal,03 - At intersection,07 - Dark,02 - Non-fatal injury,04 - Sideswipe,Overbrook
3985,COVENTRY RD @ LOLA ST,371265.3898,5031613.234,-75.6507,45.4213,2017-04-18,6:31:00 PM,01 - Clear,01 - Dry,01 - Traffic signal,03 - At intersection,01 - Daylight,02 - Non-fatal injury,05 - Turning movement,Overbrook
3986,COVENTRY RD @ VANIER PKWY,370677.3882,5031611.034,-75.65821,45.42133,2017-05-09,8:13:00 PM,01 - Clear,01 - Dry,01 - Traffic signal,02 - Intersection related,01 - Daylight,03 - P.D. only,03 - Rear end,Overbrook
3987,COVENTRY RD @ VANIER PKWY,370676.7194,5031612.372,-75.65822,45.42134,2017-04-30,9:04:00 PM,01 - Clear,01 - Dry,01 - Traffic signal,02 - Intersection related,07 - Dark,03 - P.D. only,04 - Sideswipe,Overbrook
3988,COVENTRY RD @ VANIER PKWY,370676.4629,5031611.703,-75.65822,45.42134,2017-06-24,2:45:00 PM,01 - Clear,01 - Dry,01 - Traffic signal,03 - At intersection,01 - Daylight,03 - P.D. only,02 - Angle,Overbrook
3989,COVENTRY RD @ VANIER PKWY,370675.4873,5031611.581,-75.65824,45.42134,2017-07-03,10:19:00 PM,01 - Clear,01 - Dry,01 - Traffic signal,02 - Intersection related,07 - Dark,03 - P.D. only,04 - Sideswipe,Overbrook
3990,COVENTRY RD @ VANIER PKWY,370677.3882,5031611.034,-75.65821,45.42133,2017-07-02,5:53:00 PM,01 - Clear,01 - Dry,01 - Traffic signal,03 - At intersection,01 - Daylight,03 - P.D. only,04 - Sideswipe,Overbrook
3991,COVENTRY RD @ VANIER PKWY,370675.9831,5031612.684,-75.65823,45.42135,2017-06-30,3:40:00 PM,01 - Clear,01 - Dry,01 - Traffic signal,02 - Intersection related,01 - Daylight,03 - P.D. only,04 - Sideswipe,Overbrook
3992,COVENTRY RD @ VANIER PKWY,370677.3882,5031611.034,-75.65821,45.42133,2017-06-29,8:16:00 PM,02 - Rain,02 - Wet,01 - Traffic signal,02 - Intersection related,01 - Daylight,02 - Non-fatal injury,03 - Rear end,Overbrook
3993,COVENTRY RD @ VANIER PKWY,370677.4778,5031612.249,-75.65821,45.42134,2017-09-29,6:55:00 PM,01 - Clear,01 - Dry,01 - Traffic signal,03 - At intersection,05 - Dusk,03 - P.D. only,04 - Sideswipe,Overbrook
3994,COVENTRY RD @ VANIER PKWY,370675.483,5031611.928,-75.65824,45.42134,2017-12-12,6:11:00 AM,03 - Snow,05 - Packed snow,01 - Traffic signal,02 - Intersection related,07 - Dark,02 - Non-fatal injury,03 - Rear end,Overbrook
3995,COVENTRY RD @ VANIER PKWY,370676.3546,5031611.558,-75.65823,45.42134,2017-11-10,3:42:00 PM,01 - Clear,01 - Dry,01 - Traffic signal,02 - Intersection related,01 - Daylight,03 - P.D. only,03 - Rear end,Overbrook
3996,COVENTRY RD @ VANIER PKWY,370677.3317,5031612.886,-75.65821,45.42135,2017-12-05,8:27:00 AM,02 - Rain,02 - Wet,01 - Traffic signal,02 - Intersection related,01 - Daylight,03 - P.D. only,03 - Rear end,Overbrook
3997,COVENTRY RD @ VANIER PKWY,370677.3882,5031611.703,-75.65821,45.42134,2017-11-15,10:55:00 AM,01 - Clear,01 - Dry,01 - Traffic signal,02 - Intersection related,01 - Daylight,03 - P.D. only,03 - Rear end,Overbrook
3998,COVENTRY RD @ VANIER PKWY,370677.2433,5031610.845,-75.65821,45.42133,2017-01-13,6:20:00 AM,01 - Clear,02 - Wet,01 - Traffic signal,02 - Intersection related,07 - Dark,03 - P.D. only,04 - Sideswipe,Overbrook
3999,COVENTRY RD @ VANIER PKWY,370675.5265,5031610.845,-75.65824,45.42133,2017-01-09,7:10:00 AM,01 - Clear,02 - Wet,01 - Traffic signal,02 - Intersection related,03 - Dawn,03 - P.D. only,03 - Rear end,Overbrook
4000,COVENTRY RD @ VANIER PKWY,370677.3317,5031612.886,-75.65821,45.42135,2017-01-13,12:00:00 PM,01 - Clear,01 - Dry,01 - Traffic signal,02 - Intersection related,01 - Daylight,03 - P.D. only,03 - Rear end,Overbrook
4001,COVENTRY RD @ VANIER PKWY,370677.1354,5031611.328,-75.65822,45.42133,2017-02-11,12:34:00 PM,03 - Snow,02 - Wet,01 - Traffic signal,02 - Intersection related,01 - Daylight,02 - Non-fatal injury,03 - Rear end,Overbrook
4002,COVENTRY RD @ VANIER PKWY,370677.3882,5031612.372,-75.65821,45.42134,2017-03-02,5:10:00 PM,01 - Clear,01 - Dry,01 - Traffic signal,02 - Intersection related,01 - Daylight,03 - P.D. only,03 - Rear end,Overbrook
4003,COVENTRY RD @ VANIER PKWY,370676.0505,5031610.365,-75.65823,45.42133,2017-03-23,10:57:00 AM,01 - Clear,01 - Dry,01 - Traffic signal,02 - Intersection related,01 - Daylight,03 - P.D. only,03 - Rear end,Overbrook
4004,COVENTRY RD @ VANIER PKWY,370676.7882,5031611.558,-75.65822,45.42134,2017-12-22,2:56:00 PM,01 - Clear,02 - Wet,01 - Traffic signal,02 - Intersection related,01 - Daylight,03 - P.D. only,03 - Rear end,Overbrook
4005,COVENTRY RD @ VANIER PKWY,370676.3785,5031611.686,-75.65823,45.42134,2017-12-25,1:55:00 PM,03 - Snow,03 - Loose snow,01 - Traffic signal,03 - At intersection,01 - Daylight,03 - P.D. only,03 - Rear end,Overbrook
4006,COVENTRY RD btwn BELFAST RD & ST. LAURENT SC WEST,371827.0656,5031676.347,-75.64351,45.42181,2017-11-03,2:40:00 PM,01 - Clear,01 - Dry,10 - No control,01 - Non intersection,01 - Daylight,03 - P.D. only,04 - Sideswipe,Overbrook
4007,COVENTRY RD btwn LOLA ST & BELFAST RD,371294.3187,5031617.851,-75.65033,45.42134,2017-02-01,12:40:00 PM,01 - Clear,02 - Wet,10 - No control,01 - Non intersection,01 - Daylight,03 - P.D. only,03 - Rear end,Overbrook
4008,COVENTRY RD btwn ST. LAURENT SC WEST & ST. LAURENT BLVD,372265.5654,5031942.574,-75.63788,45.42416,2017-05-02,10:23:00 AM,01 - Clear,01 - Dry,10 - No control,01 - Non intersection,01 - Daylight,03 - P.D. only,03 - Rear end,Overbrook
4009,COVENTRY RD btwn ST. LAURENT SC WEST & ST. LAURENT SC EAST,371914.2607,5031927.54,-75.64237,45.42406,2017-11-17,12:24:00 PM,01 - Clear,01 - Dry,10 - No control,01 - Non intersection,01 - Daylight,03 - P.D. only,04 - Sideswipe,Overbrook