Record,Location,X,Y,Longitude,Latitude,Date,Time,Environment,Road_Surface,Traffic_Control,Collision_Location,Light,Collision_Classification,Impact_type,Neighborhood
4010,CRAIG HENRY DR @ IVYLEA ST/WOODVALE GR,363036.9379,5021804.492,-75.75699,45.33377,2017-01-04,10:42:00 AM,03 - Snow,05 - Packed snow,02 - Stop sign,03 - At intersection,01 - Daylight,03 - P.D. only,05 - Turning movement,Woodvale - Craig Henry - Manordale - Estates of Arlington Wo
4011,CRAIG HENRY DR @ IVYLEA ST/WOODVALE GR,363034.3365,5021801.367,-75.75702,45.33374,2017-12-25,3:09:00 PM,01 - Clear,03 - Loose snow,02 - Stop sign,03 - At intersection,01 - Daylight,03 - P.D. only,05 - Turning movement,Woodvale - Craig Henry - Manordale - Estates of Arlington Wo
4012,CRAIG HENRY DR @ IVYLEA ST/WOODVALE GR,363036.0813,5021802.493,-75.757,45.33375,2017-12-29,3:25:00 PM,01 - Clear,01 - Dry,02 - Stop sign,03 - At intersection,01 - Daylight,03 - P.D. only,06 - SMV unattended vehicle,Woodvale - Craig Henry - Manordale - Estates of Arlington Wo
4013,CRAIG HENRY DR @ JACK AARON DR,362421.1934,5021883.453,-75.76484,45.33453,2017-07-15,11:08:00 AM,01 - Clear,01 - Dry,02 - Stop sign,03 - At intersection,01 - Daylight,03 - P.D. only,02 - Angle,Woodvale - Craig Henry - Manordale - Estates of Arlington Wo
4014,CRAIG HENRY DR @ KNOXDALE RD,363118.3601,5021654.822,-75.75597,45.33242,2017-11-27,3:08:00 PM,03 - Snow,05 - Packed snow,01 - Traffic signal,02 - Intersection related,01 - Daylight,03 - P.D. only,03 - Rear end,Woodvale - Craig Henry - Manordale - Estates of Arlington Wo
4015,CRAIG HENRY DR @ KNOXDALE RD,363117.1613,5021654.78,-75.75599,45.33242,2017-12-22,5:30:00 PM,03 - Snow,04 - Slush,01 - Traffic signal,02 - Intersection related,07 - Dark,03 - P.D. only,03 - Rear end,Woodvale - Craig Henry - Manordale - Estates of Arlington Wo
4016,CRAIG HENRY DR btwn ALDRIDGE WAY & JACK AARON DR,362145.3634,5021862.544,-75.76836,45.33437,2017-11-02,8:16:00 PM,02 - Rain,02 - Wet,10 - No control,04 - At/near private drive,07 - Dark,03 - P.D. only,04 - Sideswipe,Woodvale - Craig Henry - Manordale - Estates of Arlington Wo
4017,CRAIG HENRY DR btwn ALDRIDGE WAY & JACK AARON DR,362373.984,5021890.611,-75.76544,45.3346,2017-11-02,10:12:00 AM,02 - Rain,02 - Wet,10 - No control,04 - At/near private drive,01 - Daylight,03 - P.D. only,06 - SMV unattended vehicle,Woodvale - Craig Henry - Manordale - Estates of Arlington Wo
4018,CRAIG HENRY DR btwn ALDRIDGE WAY & JACK AARON DR,362409.5804,5021887.515,-75.76498,45.33457,2017-12-31,10:26:00 AM,01 - Clear,05 - Packed snow,10 - No control,04 - At/near private drive,01 - Daylight,03 - P.D. only,06 - SMV unattended vehicle,Woodvale - Craig Henry - Manordale - Estates of Arlington Wo
4019,CRAIG HENRY DR btwn BERTONA ST & SOVEREIGN AVE,362769.2357,5021942.709,-75.76039,45.33504,2017-03-19,1:55:00 AM,01 - Clear,01 - Dry,10 - No control,01 - Non intersection,07 - Dark,03 - P.D. only,06 - SMV unattended vehicle,Woodvale - Craig Henry - Manordale - Estates of Arlington Wo
4020,CRAIG'S SIDE RD btwn FARMLAND RD & CARP RD,339121.7462,5023118.398,-76.06201,45.34717,2017-08-14,4:14:00 PM,01 - Clear,01 - Dry,10 - No control,01 - Non intersection,01 - Daylight,02 - Non-fatal injury,07 - SMV other,Carp - Hardwood Plains
4021,CRAWFORD SIDE RD @ ONDROVIC GT,342795.845,5006614.097,-76.01638,45.19847,2017-04-14,9:24:00 PM,01 - Clear,01 - Dry,10 - No control,02 - Intersection related,07 - Dark,03 - P.D. only,07 - SMV other,Munster Hamlet - Richmond
4022,CRAWFORD SIDE RD btwn DWYER HILL RD & ONDROVIC GT,342481.9698,5006333.836,-76.0204,45.19596,2017-01-02,9:12:00 AM,01 - Clear,02 - Wet,10 - No control,01 - Non intersection,01 - Daylight,03 - P.D. only,07 - SMV other,Munster Hamlet - Richmond
4023,CREMONA CRES btwn CREMONA PL & KNOXDALE RD,362311.4448,5021250.618,-75.76631,45.32885,2017-02-21,12:00:00 AM,03 - Snow,03 - Loose snow,10 - No control,01 - Non intersection,00 - Unknown,03 - P.D. only,06 - SMV unattended vehicle,Woodvale - Craig Henry - Manordale - Estates of Arlington Wo
4024,CRESTHAVEN DR @ STRANDHERD DR,366815.5784,5015027.402,-75.70963,45.27247,2017-05-18,5:59:00 PM,01 - Clear,01 - Dry,01 - Traffic signal,02 - Intersection related,01 - Daylight,03 - P.D. only,03 - Rear end,Chapman Mills - Rideau Crest - Davidson Heights
4025,CRESTHAVEN DR @ STRANDHERD DR,366812.9595,5015028.781,-75.70967,45.27248,2017-10-26,4:11:00 PM,01 - Clear,01 - Dry,01 - Traffic signal,02 - Intersection related,01 - Daylight,03 - P.D. only,03 - Rear end,Chapman Mills - Rideau Crest - Davidson Heights
4026,CRESTHAVEN DR @ STRANDHERD DR,366813.4283,5015026.876,-75.70966,45.27246,2017-11-01,6:12:00 PM,02 - Rain,02 - Wet,01 - Traffic signal,02 - Intersection related,07 - Dark,02 - Non-fatal injury,03 - Rear end,Chapman Mills - Rideau Crest - Davidson Heights
4027,CRESTHAVEN DR @ STRANDHERD DR,366814.2407,5015027.402,-75.70965,45.27247,2017-12-13,6:06:00 AM,03 - Snow,03 - Loose snow,01 - Traffic signal,03 - At intersection,07 - Dark,03 - P.D. only,02 - Angle,Chapman Mills - Rideau Crest - Davidson Heights
4028,CRESTHAVEN DR @ SUNVALE WAY,366747.8375,5015639.4,-75.71042,45.27798,2017-09-19,7:23:00 AM,01 - Clear,01 - Dry,02 - Stop sign,02 - Intersection related,01 - Daylight,03 - P.D. only,03 - Rear end,Chapman Mills - Rideau Crest - Davidson Heights
4029,CRESTHAVEN DR btwn GROVEMONT DR & HARBOUR VIEW ST,366547.4086,5014867.618,-75.71307,45.27105,2017-12-15,8:53:00 AM,01 - Clear,02 - Wet,10 - No control,01 - Non intersection,01 - Daylight,03 - P.D. only,04 - Sideswipe,Chapman Mills - Rideau Crest - Davidson Heights
4030,CRESTHAVEN DR btwn GROVEMONT DR & HARBOUR VIEW ST,366564.9744,5014877.888,-75.71285,45.27115,2017-12-30,2:36:00 PM,03 - Snow,04 - Slush,10 - No control,04 - At/near private drive,01 - Daylight,03 - P.D. only,06 - SMV unattended vehicle,Chapman Mills - Rideau Crest - Davidson Heights
4031,CRESTHAVEN DR btwn STRANDHERD DR & BARNSTONE DR,366866.4146,5015064.86,-75.70898,45.2728,2017-12-16,7:50:00 AM,03 - Snow,04 - Slush,10 - No control,01 - Non intersection,03 - Dawn,03 - P.D. only,07 - SMV other,Chapman Mills - Rideau Crest - Davidson Heights
4032,CRESTHAVEN DR btwn VILLANDRY ST & BARNSTONE DR,366916.5818,5015136.432,-75.70833,45.27344,2017-11-28,12:00:00 AM,01 - Clear,01 - Dry,10 - No control,01 - Non intersection,00 - Unknown,03 - P.D. only,06 - SMV unattended vehicle,Chapman Mills - Rideau Crest - Davidson Heights
4033,CRESTHAVEN DR btwn WATERBRIDGE DR & DAYBREAK ST,366940.6663,5016012.309,-75.70792,45.28132,2017-02-15,8:35:00 AM,03 - Snow,03 - Loose snow,10 - No control,04 - At/near private drive,01 - Daylight,02 - Non-fatal injury,02 - Angle,Chapman Mills - Rideau Crest - Davidson Heights
4034,CRESTHAVEN DR btwn WOODROFFE AVE & SERENA WAY,366362.7162,5014861.091,-75.71543,45.27101,2017-07-18,7:01:00 PM,01 - Clear,01 - Dry,10 - No control,04 - At/near private drive,01 - Daylight,03 - P.D. only,06 - SMV unattended vehicle,Chapman Mills - Rideau Crest - Davidson Heights
4035,CRESTHAVEN DR btwn WOODROFFE AVE & SERENA WAY,366406.7516,5014857.453,-75.71486,45.27098,2017-10-09,11:05:00 PM,01 - Clear,02 - Wet,10 - No control,01 - Non intersection,07 - Dark,03 - P.D. only,06 - SMV unattended vehicle,Chapman Mills - Rideau Crest - Davidson Heights
4036,CRESTHAVEN DR btwn WOODROFFE AVE & SERENA WAY,366372.3708,5014862.481,-75.7153,45.27102,2017-02-13,7:03:00 AM,01 - Clear,03 - Loose snow,10 - No control,01 - Non intersection,03 - Dawn,03 - P.D. only,06 - SMV unattended vehicle,Chapman Mills - Rideau Crest - Davidson Heights
4037,CRESTVIEW RD btwn RONALD AVE & HIGHRIDGE AVE,371090.0342,5028866.605,-75.65331,45.3966,2017-04-11,12:00:00 AM,"07 - Fog, mist, smoke, dust",01 - Dry,10 - No control,01 - Non intersection,00 - Unknown,03 - P.D. only,06 - SMV unattended vehicle,Alta Vista
4038,CRESTWAY DR @ HATHAWAY DR,366392.4794,5015842.828,-75.71492,45.27984,2017-02-23,1:15:00 PM,01 - Clear,01 - Dry,02 - Stop sign,02 - Intersection related,01 - Daylight,03 - P.D. only,03 - Rear end,Chapman Mills - Rideau Crest - Davidson Heights
4039,CRESTWAY DR @ LEIKIN DR,366939.0699,5016514.564,-75.70787,45.28584,2017-11-06,5:49:00 PM,01 - Clear,01 - Dry,02 - Stop sign,03 - At intersection,07 - Dark,02 - Non-fatal injury,02 - Angle,Chapman Mills - Rideau Crest - Davidson Heights
4040,CRESTWAY DR @ LEIKIN DR,366939.4043,5016517.139,-75.70787,45.28586,2017-01-05,7:40:00 AM,03 - Snow,06 - Ice,02 - Stop sign,02 - Intersection related,03 - Dawn,03 - P.D. only,03 - Rear end,Chapman Mills - Rideau Crest - Davidson Heights
4041,CRESTWAY DR @ PRINCE OF WALES DR,367368.8867,5016576.909,-75.70239,45.28636,2017-09-30,12:11:00 PM,01 - Clear,01 - Dry,01 - Traffic signal,03 - At intersection,01 - Daylight,02 - Non-fatal injury,03 - Rear end,Greenbelt
4042,CRESTWAY DR @ PRINCE OF WALES DR,367370.3876,5016577.348,-75.70237,45.28637,2017-02-03,9:01:00 AM,01 - Clear,01 - Dry,01 - Traffic signal,03 - At intersection,01 - Daylight,02 - Non-fatal injury,02 - Angle,Greenbelt
4043,CRESTWAY DR @ PRINCE OF WALES DR,367371.2765,5016577.284,-75.70236,45.28637,2017-03-25,1:22:00 PM,01 - Clear,01 - Dry,01 - Traffic signal,02 - Intersection related,01 - Daylight,03 - P.D. only,03 - Rear end,Greenbelt
4044,CRESTWAY DR @ STRANDHERD DR,366348.575,5015471.802,-75.71553,45.27651,2017-05-28,4:24:00 PM,01 - Clear,01 - Dry,01 - Traffic signal,02 - Intersection related,01 - Daylight,02 - Non-fatal injury,03 - Rear end,Chapman Mills - Rideau Crest - Davidson Heights
4045,CRESTWAY DR @ STRANDHERD DR,366345.8995,5015471.134,-75.71556,45.2765,2017-06-01,3:00:00 PM,01 - Clear,01 - Dry,01 - Traffic signal,02 - Intersection related,01 - Daylight,03 - P.D. only,03 - Rear end,Chapman Mills - Rideau Crest - Davidson Heights
4046,CRESTWAY DR @ STRANDHERD DR,366346.3013,5015471.434,-75.71556,45.27651,2017-07-25,8:52:00 PM,01 - Clear,01 - Dry,01 - Traffic signal,02 - Intersection related,05 - Dusk,03 - P.D. only,03 - Rear end,Chapman Mills - Rideau Crest - Davidson Heights
4047,CRESTWAY DR @ STRANDHERD DR,366347.5043,5015472.036,-75.71554,45.27651,2017-07-13,6:00:00 PM,01 - Clear,01 - Dry,01 - Traffic signal,03 - At intersection,01 - Daylight,03 - P.D. only,03 - Rear end,Chapman Mills - Rideau Crest - Davidson Heights
4048,CRESTWAY DR @ STRANDHERD DR,366345.4019,5015470.758,-75.71557,45.2765,2017-02-15,9:46:00 AM,03 - Snow,03 - Loose snow,01 - Traffic signal,03 - At intersection,01 - Daylight,03 - P.D. only,04 - Sideswipe,Chapman Mills - Rideau Crest - Davidson Heights
4049,CRESTWAY DR @ STRANDHERD DR,366346.9028,5015471.37,-75.71555,45.2765,2017-01-05,10:26:00 AM,01 - Clear,06 - Ice,01 - Traffic signal,02 - Intersection related,01 - Daylight,03 - P.D. only,03 - Rear end,Chapman Mills - Rideau Crest - Davidson Heights
4050,CRESTWAY DR @ STRANDHERD DR,366347.3762,5015472.317,-75.71555,45.27651,2017-12-29,2:24:00 PM,01 - Clear,06 - Ice,01 - Traffic signal,02 - Intersection related,01 - Daylight,03 - P.D. only,04 - Sideswipe,Chapman Mills - Rideau Crest - Davidson Heights
4051,CRICHTON ST btwn VAUGHAN ST & ST. PATRICK ST,369110.4605,5033503.781,-75.67799,45.43851,2017-03-03,1:05:00 PM,01 - Clear,01 - Dry,10 - No control,04 - At/near private drive,01 - Daylight,03 - P.D. only,02 - Angle,New Edinburgh
4052,CROSSKEYS PL/HELENE CAMPBELL RD @ STRANDHERD DR,360982.3112,5014901.733,-75.78398,45.27183,2017-08-03,11:25:00 AM,01 - Clear,01 - Dry,01 - Traffic signal,03 - At intersection,01 - Daylight,03 - P.D. only,03 - Rear end,Munster Hamlet - Richmond
4053,CROSSKEYS PL/HELENE CAMPBELL RD @ STRANDHERD DR,360982.3112,5014901.733,-75.78398,45.27183,2017-09-25,10:36:00 AM,01 - Clear,01 - Dry,01 - Traffic signal,03 - At intersection,01 - Daylight,02 - Non-fatal injury,02 - Angle,Munster Hamlet - Richmond
4054,CROSSKEYS PL/HELENE CAMPBELL RD @ STRANDHERD DR,360982.3112,5014901.733,-75.78398,45.27183,2017-11-22,6:45:00 PM,01 - Clear,01 - Dry,01 - Traffic signal,02 - Intersection related,07 - Dark,03 - P.D. only,04 - Sideswipe,Munster Hamlet - Richmond
4055,CROWNHILL ST btwn STEEL ST & APPLEFORD ST,374630.1579,5033889.685,-75.60739,45.44145,2017-11-05,10:10:00 AM,02 - Rain,02 - Wet,10 - No control,01 - Non intersection,01 - Daylight,03 - P.D. only,06 - SMV unattended vehicle,Beacon Hill South - Cardinal Heights
4056,CROWNRIDGE DR @ HOPE SIDE RD,356074.2572,5014981.869,-75.84652,45.27292,2017-07-12,11:14:00 AM,01 - Clear,01 - Dry,02 - Stop sign,02 - Intersection related,01 - Daylight,03 - P.D. only,04 - Sideswipe,Greenbelt
4057,CROYDON AVE @ RICHMOND RD,360544.4109,5025273.477,-75.7884,45.36519,2017-07-21,1:08:00 PM,01 - Clear,01 - Dry,01 - Traffic signal,03 - At intersection,01 - Daylight,02 - Non-fatal injury,05 - Turning movement,Woodroffe - Lincoln Heights
4058,CROYDON AVE @ RICHMOND RD,360545.1773,5025271.501,-75.78839,45.36517,2017-10-24,8:28:00 PM,01 - Clear,01 - Dry,01 - Traffic signal,03 - At intersection,07 - Dark,03 - P.D. only,05 - Turning movement,Woodroffe - Lincoln Heights
4059,CROYDON AVE @ RICHMOND RD,360547.1877,5025273.645,-75.78836,45.36519,2017-01-07,2:21:00 PM,01 - Clear,01 - Dry,01 - Traffic signal,03 - At intersection,01 - Daylight,03 - P.D. only,02 - Angle,Woodroffe - Lincoln Heights
4060,CRYSTAL BEACH DR btwn STILL WATER DR & CORKSTOWN RD,357252.9257,5022920.603,-75.83066,45.34427,2017-02-05,9:00:00 PM,03 - Snow,03 - Loose snow,10 - No control,01 - Non intersection,07 - Dark,03 - P.D. only,06 - SMV unattended vehicle,Crystal Bay - Lakeview Park - Britannia Village
4061,CUBA AVE @ SMYTH RD,373007.7339,5029347.314,-75.62875,45.40074,2017-12-09,10:08:00 PM,03 - Snow,05 - Packed snow,02 - Stop sign,03 - At intersection,07 - Dark,03 - P.D. only,02 - Angle,Elmvale - Eastway - Riverview - Riverview Park West
4062,CUMBERLAND ST @ GEORGE ST,368326.0421,5032417.258,-75.68815,45.4288,2017-06-09,5:20:00 PM,01 - Clear,01 - Dry,01 - Traffic signal,03 - At intersection,01 - Daylight,02 - Non-fatal injury,07 - SMV other,Byward Market
4063,CUMBERLAND ST @ GEORGE ST,368326.0421,5032417.927,-75.68815,45.42881,2017-10-28,6:25:00 PM,01 - Clear,01 - Dry,01 - Traffic signal,03 - At intersection,07 - Dark,03 - P.D. only,07 - SMV other,Byward Market
4064,CUMBERLAND ST @ GEORGE ST,368325.7076,5032415.913,-75.68816,45.42879,2017-12-15,2:30:00 AM,01 - Clear,02 - Wet,01 - Traffic signal,02 - Intersection related,07 - Dark,02 - Non-fatal injury,07 - SMV other,Byward Market
4065,CUMBERLAND ST @ LAURIER AVE,368596.7483,5031948.345,-75.68475,45.42456,2017-09-14,8:30:00 AM,01 - Clear,01 - Dry,01 - Traffic signal,03 - At intersection,01 - Daylight,03 - P.D. only,02 - Angle,Sandy Hill
4066,CUMBERLAND ST @ LAURIER AVE,368598.6599,5031949.301,-75.68473,45.42457,2017-09-14,7:36:00 PM,01 - Clear,01 - Dry,01 - Traffic signal,02 - Intersection related,07 - Dark,03 - P.D. only,04 - Sideswipe,Sandy Hill
4067,CUMBERLAND ST @ LAURIER AVE,368598.182,5031947.867,-75.68473,45.42456,2017-10-11,7:29:00 PM,01 - Clear,01 - Dry,01 - Traffic signal,03 - At intersection,07 - Dark,03 - P.D. only,05 - Turning movement,Sandy Hill
4068,CUMBERLAND ST @ MURRAY ST,368169.4149,5032679.585,-75.69012,45.43118,2017-08-08,5:34:00 PM,01 - Clear,01 - Dry,01 - Traffic signal,02 - Intersection related,01 - Daylight,03 - P.D. only,06 - SMV unattended vehicle,Byward Market
4069,CUMBERLAND ST @ MURRAY ST,368170.2235,5032679.348,-75.69011,45.43118,2017-10-26,3:20:00 PM,01 - Clear,01 - Dry,01 - Traffic signal,02 - Intersection related,01 - Daylight,03 - P.D. only,03 - Rear end,Byward Market
4070,CUMBERLAND ST @ MURRAY ST,368169.7411,5032679.346,-75.69012,45.43118,2017-12-12,11:32:00 PM,03 - Snow,04 - Slush,01 - Traffic signal,02 - Intersection related,07 - Dark,02 - Non-fatal injury,07 - SMV other,Byward Market
4071,CUMBERLAND ST @ MURRAY ST,368169.604,5032680.678,-75.69012,45.43119,2017-01-17,6:56:00 PM,03 - Snow,03 - Loose snow,01 - Traffic signal,03 - At intersection,07 - Dark,03 - P.D. only,02 - Angle,Byward Market
4072,CUMBERLAND ST @ RIDEAU ST,368373.5077,5032329.305,-75.68756,45.42801,2017-04-24,3:11:00 PM,01 - Clear,01 - Dry,01 - Traffic signal,02 - Intersection related,01 - Daylight,03 - P.D. only,04 - Sideswipe,Byward Market - Parliament Hill
4073,CUMBERLAND ST @ RIDEAU ST,368374.0331,5032330.213,-75.68755,45.42802,2017-09-20,12:30:00 PM,01 - Clear,01 - Dry,01 - Traffic signal,03 - At intersection,01 - Daylight,03 - P.D. only,05 - Turning movement,Byward Market - Parliament Hill
4074,CUMBERLAND ST @ RIDEAU ST,368374.511,5032329.735,-75.68754,45.42801,2017-11-07,3:21:00 PM,01 - Clear,01 - Dry,01 - Traffic signal,02 - Intersection related,01 - Daylight,03 - P.D. only,03 - Rear end,Byward Market - Parliament Hill
4075,CUMBERLAND ST @ RIDEAU ST,368374.1766,5032329.305,-75.68755,45.42801,2017-11-20,8:55:00 PM,01 - Clear,01 - Dry,01 - Traffic signal,03 - At intersection,07 - Dark,02 - Non-fatal injury,02 - Angle,Byward Market - Parliament Hill
4076,CUMBERLAND ST @ RIDEAU ST,368375.0205,5032330.993,-75.68754,45.42802,2017-11-22,1:35:00 AM,02 - Rain,02 - Wet,01 - Traffic signal,03 - At intersection,07 - Dark,02 - Non-fatal injury,02 - Angle,Byward Market - Parliament Hill
4077,CUMBERLAND ST @ RIDEAU ST,368374.8455,5032329.305,-75.68754,45.42801,2017-11-15,6:36:00 AM,01 - Clear,01 - Dry,01 - Traffic signal,02 - Intersection related,03 - Dawn,03 - P.D. only,02 - Angle,Byward Market - Parliament Hill
4078,CUMBERLAND ST @ RIDEAU ST,368373.9646,5032330.52,-75.68755,45.42802,2017-01-19,4:51:00 PM,01 - Clear,02 - Wet,01 - Traffic signal,02 - Intersection related,05 - Dusk,03 - P.D. only,04 - Sideswipe,Byward Market - Parliament Hill
4079,CUMBERLAND ST @ RIDEAU ST,368374.8455,5032328.636,-75.68754,45.428,2017-03-13,10:51:00 AM,01 - Clear,01 - Dry,01 - Traffic signal,02 - Intersection related,01 - Daylight,02 - Non-fatal injury,03 - Rear end,Byward Market - Parliament Hill
4080,CUMBERLAND ST @ ST. PATRICK ST,368130.3769,5032748.582,-75.69061,45.4318,2017-07-03,11:50:00 PM,01 - Clear,01 - Dry,01 - Traffic signal,02 - Intersection related,07 - Dark,03 - P.D. only,03 - Rear end,Byward Market
4081,CUMBERLAND ST @ ST. PATRICK ST,368128.761,5032748.194,-75.69063,45.4318,2017-06-29,4:15:00 PM,02 - Rain,02 - Wet,01 - Traffic signal,02 - Intersection related,01 - Daylight,03 - P.D. only,04 - Sideswipe,Byward Market
4082,CUMBERLAND ST @ ST. PATRICK ST,368128.3703,5032748.582,-75.69063,45.4318,2017-11-17,3:05:00 PM,01 - Clear,01 - Dry,01 - Traffic signal,03 - At intersection,01 - Daylight,02 - Non-fatal injury,02 - Angle,Byward Market
4083,CUMBERLAND ST @ WILBROD ST/SERAPHIN MARION PRI,368536.3839,5032049.915,-75.68551,45.42548,2017-11-16,4:25:00 PM,01 - Clear,01 - Dry,02 - Stop sign,03 - At intersection,05 - Dusk,02 - Non-fatal injury,07 - SMV other,Sandy Hill
4084,CUMBERLAND ST @ YORK ST,368263.702,5032522.269,-75.68893,45.42975,2017-04-09,6:40:00 PM,01 - Clear,01 - Dry,01 - Traffic signal,02 - Intersection related,01 - Daylight,02 - Non-fatal injury,03 - Rear end,Byward Market
4085,CUMBERLAND ST @ YORK ST,368263.0332,5032522.269,-75.68894,45.42975,2017-03-18,4:08:00 PM,01 - Clear,01 - Dry,01 - Traffic signal,03 - At intersection,01 - Daylight,03 - P.D. only,03 - Rear end,Byward Market
4086,CUMBERLAND ST btwn CLARENCE ST & YORK ST,368249.2282,5032545.938,-75.68912,45.42997,2017-01-25,7:43:00 PM,01 - Clear,01 - Dry,10 - No control,01 - Non intersection,07 - Dark,02 - Non-fatal injury,07 - SMV other,Byward Market
4087,CUMBERLAND ST btwn CLARENCE ST & YORK ST,368236.7841,5032567.952,-75.68927,45.43017,2017-03-02,2:09:00 PM,01 - Clear,01 - Dry,10 - No control,01 - Non intersection,01 - Daylight,03 - P.D. only,03 - Rear end,Byward Market
4088,CUMBERLAND ST btwn GEORGE ST & RIDEAU ST,368350.7912,5032374.449,-75.68784,45.42842,2017-04-05,8:39:00 PM,01 - Clear,01 - Dry,10 - No control,01 - Non intersection,07 - Dark,03 - P.D. only,04 - Sideswipe,Byward Market
4089,CUMBERLAND ST btwn YORK ST & GEORGE ST,368285.9083,5032482.141,-75.68866,45.42939,2017-12-01,4:57:00 PM,01 - Clear,01 - Dry,10 - No control,04 - At/near private drive,07 - Dark,02 - Non-fatal injury,05 - Turning movement,Byward Market
4090,CUMBERLAND ST btwn YORK ST & GEORGE ST,368286.5569,5032483.195,-75.68865,45.4294,2017-02-19,5:42:00 PM,01 - Clear,02 - Wet,10 - No control,04 - At/near private drive,07 - Dark,02 - Non-fatal injury,07 - SMV other,Byward Market
4091,CUMMINGS AVE @ DONALD ST,372652.5484,5032411.883,-75.63287,45.42835,2017-08-08,1:20:00 PM,01 - Clear,01 - Dry,01 - Traffic signal,02 - Intersection related,01 - Daylight,03 - P.D. only,03 - Rear end,Cummings
4092,CUMMINGS AVE @ DONALD ST,372651.3307,5032413.101,-75.63288,45.42836,2017-08-07,4:06:00 PM,01 - Clear,01 - Dry,01 - Traffic signal,02 - Intersection related,01 - Daylight,02 - Non-fatal injury,03 - Rear end,Cummings
4093,CUMMINGS AVE @ DONALD ST,372649.7186,5032410.91,-75.6329,45.42834,2017-11-26,9:00:00 PM,05 - Drifting Snow,06 - Ice,01 - Traffic signal,03 - At intersection,07 - Dark,03 - P.D. only,02 - Angle,Cummings
4094,CUMMINGS AVE @ DONALD ST,372649.8635,5032413.296,-75.6329,45.42836,2017-01-09,7:20:00 PM,01 - Clear,01 - Dry,01 - Traffic signal,03 - At intersection,07 - Dark,03 - P.D. only,05 - Turning movement,Cummings
4095,CUMMINGS AVE @ DONALD ST,372651.7252,5032412.248,-75.63288,45.42835,2017-04-20,1:05:00 PM,01 - Clear,01 - Dry,01 - Traffic signal,03 - At intersection,01 - Daylight,02 - Non-fatal injury,05 - Turning movement,Cummings
4096,CUMMINGS AVE @ MONTREAL RD,372008.1811,5034040.35,-75.64088,45.44306,2017-08-29,2:33:00 AM,01 - Clear,01 - Dry,01 - Traffic signal,03 - At intersection,07 - Dark,03 - P.D. only,07 - SMV other,Cummings
4097,CUMMINGS AVE @ MONTREAL RD,372007.7077,5034039.869,-75.64088,45.44306,2017-09-20,6:27:00 AM,01 - Clear,01 - Dry,01 - Traffic signal,03 - At intersection,03 - Dawn,02 - Non-fatal injury,05 - Turning movement,Cummings
4098,CUMMINGS AVE @ MONTREAL RD,372007.7077,5034038.947,-75.64088,45.44305,2017-02-06,3:36:00 PM,01 - Clear,05 - Packed snow,01 - Traffic signal,02 - Intersection related,01 - Daylight,03 - P.D. only,03 - Rear end,Cummings
4099,CUMMINGS AVE @ MONTREAL RD,372007.3733,5034041.255,-75.64089,45.44307,2017-02-24,10:15:00 PM,02 - Rain,02 - Wet,01 - Traffic signal,02 - Intersection related,07 - Dark,03 - P.D. only,04 - Sideswipe,Cummings
4100,CUMMINGS AVE @ OGILVIE RD,372748.0822,5032168.991,-75.63168,45.42615,2017-08-02,12:40:00 PM,01 - Clear,01 - Dry,01 - Traffic signal,02 - Intersection related,01 - Daylight,03 - P.D. only,05 - Turning movement,Cummings
4101,CUMMINGS AVE @ OGILVIE RD,372748.0822,5032170.905,-75.63168,45.42617,2017-08-03,7:50:00 AM,01 - Clear,01 - Dry,01 - Traffic signal,03 - At intersection,01 - Daylight,02 - Non-fatal injury,05 - Turning movement,Cummings
4102,CUMMINGS AVE @ OGILVIE RD,372748.7202,5032169.938,-75.63167,45.42616,2017-08-27,12:11:00 AM,01 - Clear,01 - Dry,01 - Traffic signal,03 - At intersection,07 - Dark,03 - P.D. only,02 - Angle,Cummings
4103,CUMMINGS AVE @ OGILVIE RD,372748.7202,5032169.915,-75.63167,45.42616,2017-09-12,12:30:00 PM,01 - Clear,01 - Dry,01 - Traffic signal,02 - Intersection related,01 - Daylight,03 - P.D. only,03 - Rear end,Cummings
4104,CUMMINGS AVE @ OGILVIE RD,372749.2667,5032169.493,-75.63166,45.42616,2017-09-08,8:37:00 AM,02 - Rain,02 - Wet,01 - Traffic signal,02 - Intersection related,01 - Daylight,03 - P.D. only,03 - Rear end,Cummings
4105,CUMMINGS AVE @ OGILVIE RD,372747.7644,5032170.825,-75.63168,45.42617,2017-09-20,2:47:00 PM,01 - Clear,01 - Dry,01 - Traffic signal,02 - Intersection related,01 - Daylight,02 - Non-fatal injury,04 - Sideswipe,Cummings
4106,CUMMINGS AVE @ OGILVIE RD,372749.7235,5032171.255,-75.63166,45.42617,2017-10-27,11:30:00 AM,01 - Clear,01 - Dry,01 - Traffic signal,03 - At intersection,01 - Daylight,02 - Non-fatal injury,05 - Turning movement,Cummings
4107,CUMMINGS AVE @ OGILVIE RD,372748.7202,5032171.132,-75.63167,45.42617,2017-01-30,7:00:00 PM,01 - Clear,01 - Dry,01 - Traffic signal,02 - Intersection related,07 - Dark,03 - P.D. only,03 - Rear end,Cummings