Record,Location,X,Y,Longitude,Latitude,Date,Time,Environment,Road_Surface,Traffic_Control,Collision_Location,Light,Collision_Classification,Impact_type,Neighborhood
4108,CUMMINGS AVE @ OGILVIE RD,372748.7202,5032171.711,-75.63167,45.42618,2017-02-08,4:20:00 PM,01 - Clear,03 - Loose snow,01 - Traffic signal,02 - Intersection related,01 - Daylight,03 - P.D. only,03 - Rear end,Cummings
4109,CUMMINGS AVE @ OGILVIE RD,372749.9548,5032173.055,-75.63165,45.42619,2017-02-15,8:17:00 AM,03 - Snow,03 - Loose snow,01 - Traffic signal,02 - Intersection related,01 - Daylight,03 - P.D. only,05 - Turning movement,Cummings
4110,CUMMINGS AVE @ OGILVIE RD,372749.7235,5032170.586,-75.63166,45.42617,2017-03-08,10:45:00 AM,01 - Clear,01 - Dry,01 - Traffic signal,02 - Intersection related,01 - Daylight,02 - Non-fatal injury,03 - Rear end,Cummings
4111,CUMMINGS AVE @ OGILVIE RD,372750.2211,5032170.961,-75.63165,45.42617,2017-03-02,3:28:00 PM,01 - Clear,01 - Dry,01 - Traffic signal,03 - At intersection,01 - Daylight,03 - P.D. only,03 - Rear end,Cummings
4112,CUMMINGS AVE btwn BURN ST & GARDENVALE RD,372363.1758,5033142.283,-75.63646,45.43495,2017-04-28,12:00:00 AM,01 - Clear,01 - Dry,10 - No control,01 - Non intersection,00 - Unknown,03 - P.D. only,06 - SMV unattended vehicle,Cummings
4113,CUMMINGS AVE btwn CLARKE AVE & QUEBEC ST,372210.5936,5033529.577,-75.63836,45.43845,2017-03-03,11:48:00 AM,01 - Clear,01 - Dry,10 - No control,01 - Non intersection,01 - Daylight,03 - P.D. only,03 - Rear end,Cummings
4114,CUMMINGS AVE btwn CUMMINGS AVE & THIBAULT ST,372470.11,5032871.105,-75.63513,45.4325,2017-12-16,1:29:00 AM,03 - Snow,03 - Loose snow,10 - No control,01 - Non intersection,07 - Dark,03 - P.D. only,06 - SMV unattended vehicle,Cummings
4115,CUMMINGS AVE btwn GARDENVALE RD & SHANE ST,372407.513,5033024.768,-75.63591,45.43389,2017-04-27,9:00:00 PM,01 - Clear,01 - Dry,10 - No control,01 - Non intersection,07 - Dark,03 - P.D. only,06 - SMV unattended vehicle,Cummings
4116,CUMMINGS AVE btwn MONTREAL RD & WILSON ST,372063.5332,5033906.593,-75.64019,45.44185,2017-04-17,6:48:00 PM,01 - Clear,01 - Dry,10 - No control,04 - At/near private drive,01 - Daylight,03 - P.D. only,03 - Rear end,Cummings
4117,CUMMINGS AVE btwn OGILVIE RD & LABELLE ST,372824.4726,5032018.074,-75.63072,45.42479,2017-06-01,3:20:00 PM,01 - Clear,01 - Dry,10 - No control,01 - Non intersection,01 - Daylight,03 - P.D. only,03 - Rear end,Industrial Park
4118,CUMMINGS AVE btwn OGILVIE RD & LABELLE ST,372753.4992,5032162.7,-75.63161,45.4261,2017-07-20,2:53:00 PM,01 - Clear,01 - Dry,10 - No control,04 - At/near private drive,01 - Daylight,02 - Non-fatal injury,02 - Angle,Cummings
4119,CUMMINGS AVE btwn OGILVIE RD & LABELLE ST,372863.1603,5031917.28,-75.63024,45.42388,2017-09-04,1:05:00 AM,01 - Clear,01 - Dry,10 - No control,04 - At/near private drive,07 - Dark,03 - P.D. only,02 - Angle,Industrial Park
4120,CUMMINGS AVE btwn OGILVIE RD & LABELLE ST,372843.369,5031961.221,-75.63049,45.42428,2017-11-26,12:10:00 PM,01 - Clear,01 - Dry,10 - No control,04 - At/near private drive,01 - Daylight,03 - P.D. only,02 - Angle,Industrial Park
4121,CUMMINGS AVE btwn QUEBEC ST & BURN ST,372260.7608,5033401.149,-75.63774,45.43729,2017-02-19,6:33:00 AM,01 - Clear,02 - Wet,10 - No control,01 - Non intersection,03 - Dawn,03 - P.D. only,06 - SMV unattended vehicle,Cummings
4122,CUMMINGS AVE btwn THIBAULT ST & CARON ST,372520.6213,5032743.627,-75.63451,45.43135,2017-10-24,12:00:00 AM,02 - Rain,02 - Wet,10 - No control,01 - Non intersection,00 - Unknown,03 - P.D. only,07 - SMV other,Cummings
4123,CUMMINGS AVE btwn WELDON DR & OGILVIE RD,372739.6901,5032185.97,-75.63178,45.42631,2017-03-08,9:19:00 AM,01 - Clear,02 - Wet,10 - No control,01 - Non intersection,01 - Daylight,03 - P.D. only,03 - Rear end,Cummings
4124,CUMMINGS AVE/LABELLE ST @ CYRVILLE RD,372861.0504,5031872.236,-75.63028,45.42347,2017-06-28,6:42:00 PM,01 - Clear,01 - Dry,01 - Traffic signal,02 - Intersection related,01 - Daylight,02 - Non-fatal injury,03 - Rear end,Industrial Park
4125,CUMMINGS AVE/LABELLE ST @ CYRVILLE RD,372860.7159,5031872.284,-75.63028,45.42347,2017-11-10,8:30:00 AM,01 - Clear,01 - Dry,01 - Traffic signal,02 - Intersection related,01 - Daylight,03 - P.D. only,04 - Sideswipe,Industrial Park
4126,CUMORAH DR/RED WILLOW DR @ MAPLE RUN AVE,380652.7461,5035116.809,-75.53022,45.45186,2017-12-11,8:20:00 AM,03 - Snow,06 - Ice,02 - Stop sign,03 - At intersection,01 - Daylight,03 - P.D. only,02 - Angle,Orleans Village - Chateauneuf
4127,CYCLONE TAYLOR BLVD @ HUNTMAR DR,349514.9257,5017548.106,-75.92988,45.29646,2017-06-18,3:09:00 PM,01 - Clear,01 - Dry,01 - Traffic signal,02 - Intersection related,01 - Daylight,02 - Non-fatal injury,03 - Rear end,Stittsville - Basswood
4128,CYCLONE TAYLOR BLVD @ HUNTMAR DR,349513.6445,5017550.154,-75.9299,45.29648,2017-10-25,3:40:00 PM,01 - Clear,01 - Dry,01 - Traffic signal,02 - Intersection related,01 - Daylight,03 - P.D. only,03 - Rear end,Stittsville - Basswood
4129,CYCLONE TAYLOR BLVD btwn FRANK FINNIGAN WAY & PALLADIUM DR,349845.7569,5017803.868,-75.92564,45.29874,2017-04-21,7:14:00 PM,01 - Clear,01 - Dry,10 - No control,01 - Non intersection,07 - Dark,03 - P.D. only,04 - Sideswipe,Kanata Lakes - Marchwood Lakeside - Morgan's Grant - Kanata
4130,CYCLONE TAYLOR BLVD btwn FRANK FINNIGAN WAY & PALLADIUM DR,350128.1397,5017724.631,-75.92205,45.29801,2017-03-16,11:25:00 PM,01 - Clear,02 - Wet,10 - No control,04 - At/near private drive,07 - Dark,03 - P.D. only,02 - Angle,Kanata Lakes - Marchwood Lakeside - Morgan's Grant - Kanata
4131,CYCLONE TAYLOR BLVD btwn FRANK FINNIGAN WAY & PALLADIUM DR,349983.9083,5017826.535,-75.92388,45.29894,2017-04-22,12:28:00 AM,01 - Clear,01 - Dry,10 - No control,04 - At/near private drive,07 - Dark,03 - P.D. only,05 - Turning movement,Kanata Lakes - Marchwood Lakeside - Morgan's Grant - Kanata
4132,CYMBELINE DR btwn OBERON ST & SEYTON DR,356788.001,5020030.242,-75.8369,45.3183,2017-01-10,12:00:00 PM,01 - Clear,03 - Loose snow,10 - No control,01 - Non intersection,01 - Daylight,03 - P.D. only,01 - Approaching,Bells Corners West
4133,CYR AVE @ MCARTHUR AVE,370355.6584,5032708.351,-75.66218,45.43124,2017-09-15,12:05:00 PM,01 - Clear,01 - Dry,02 - Stop sign,03 - At intersection,01 - Daylight,03 - P.D. only,99 - Other,Vanier South
4134,CYR AVE @ MONTREAL RD,370220.7094,5033148.814,-75.66384,45.43521,2017-08-28,12:59:00 PM,01 - Clear,01 - Dry,02 - Stop sign,02 - Intersection related,01 - Daylight,03 - P.D. only,04 - Sideswipe,Vanier South
4135,CYR AVE @ MONTREAL RD,370220.375,5033149.259,-75.66385,45.43522,2017-07-06,3:04:00 PM,01 - Clear,01 - Dry,02 - Stop sign,03 - At intersection,01 - Daylight,02 - Non-fatal injury,05 - Turning movement,Vanier
4136,CYR AVE @ MONTREAL RD,370220.375,5033147.252,-75.66385,45.4352,2017-04-03,1:40:00 PM,01 - Clear,01 - Dry,02 - Stop sign,03 - At intersection,01 - Daylight,02 - Non-fatal injury,07 - SMV other,Vanier South
4137,CYR AVE @ MONTREAL RD,370220.2315,5033148.351,-75.66385,45.43521,2017-12-29,2:46:00 PM,01 - Clear,05 - Packed snow,02 - Stop sign,03 - At intersection,01 - Daylight,03 - P.D. only,02 - Angle,Vanier South
4138,CYRVILLE RD @ INNES RD,375048.0592,5031119.564,-75.60244,45.41648,2017-05-05,7:21:00 PM,02 - Rain,02 - Wet,01 - Traffic signal,02 - Intersection related,01 - Daylight,03 - P.D. only,03 - Rear end,Industrial Park
4139,CYRVILLE RD @ INNES RD,375047.3903,5031118.895,-75.60245,45.41648,2017-04-26,2:29:00 PM,01 - Clear,01 - Dry,01 - Traffic signal,02 - Intersection related,01 - Daylight,03 - P.D. only,03 - Rear end,Industrial Park
4140,CYRVILLE RD @ INNES RD,375048.728,5031120.902,-75.60243,45.4165,2017-07-10,1:20:00 PM,01 - Clear,01 - Dry,01 - Traffic signal,02 - Intersection related,01 - Daylight,03 - P.D. only,03 - Rear end,Industrial Park
4141,CYRVILLE RD @ INNES RD,375048.1839,5031119.335,-75.60244,45.41648,2017-07-15,11:04:00 AM,01 - Clear,01 - Dry,01 - Traffic signal,03 - At intersection,01 - Daylight,03 - P.D. only,02 - Angle,Industrial Park
4142,CYRVILLE RD @ INNES RD,375047.7247,5031120.205,-75.60245,45.41649,2017-08-19,5:43:00 PM,01 - Clear,01 - Dry,01 - Traffic signal,02 - Intersection related,01 - Daylight,03 - P.D. only,04 - Sideswipe,Industrial Park
4143,CYRVILLE RD @ INNES RD,375046.7214,5031118.226,-75.60246,45.41647,2017-07-05,3:33:00 PM,01 - Clear,01 - Dry,01 - Traffic signal,02 - Intersection related,01 - Daylight,03 - P.D. only,03 - Rear end,Industrial Park
4144,CYRVILLE RD @ INNES RD,375047.7247,5031119.328,-75.60245,45.41648,2017-09-30,4:50:00 PM,01 - Clear,01 - Dry,01 - Traffic signal,02 - Intersection related,01 - Daylight,03 - P.D. only,03 - Rear end,Industrial Park
4145,CYRVILLE RD @ INNES RD,375047.7247,5031120.657,-75.60244,45.41649,2017-10-06,7:34:00 PM,01 - Clear,01 - Dry,01 - Traffic signal,02 - Intersection related,07 - Dark,03 - P.D. only,03 - Rear end,Industrial Park
4146,CYRVILLE RD @ INNES RD,375048.2674,5031119.836,-75.60244,45.41649,2017-10-20,12:18:00 PM,01 - Clear,01 - Dry,01 - Traffic signal,02 - Intersection related,01 - Daylight,03 - P.D. only,03 - Rear end,Industrial Park
4147,CYRVILLE RD @ INNES RD,375046.0797,5031121.353,-75.60247,45.4165,2017-09-08,7:19:00 AM,01 - Clear,01 - Dry,01 - Traffic signal,02 - Intersection related,01 - Daylight,03 - P.D. only,03 - Rear end,Industrial Park
4148,CYRVILLE RD @ INNES RD,375048.2026,5031119.325,-75.60244,45.41648,2017-09-21,1:27:00 PM,01 - Clear,01 - Dry,01 - Traffic signal,02 - Intersection related,01 - Daylight,03 - P.D. only,04 - Sideswipe,Industrial Park
4149,CYRVILLE RD @ INNES RD,375047.2513,5031119.328,-75.60245,45.41648,2017-09-23,1:53:00 PM,01 - Clear,01 - Dry,01 - Traffic signal,02 - Intersection related,01 - Daylight,03 - P.D. only,05 - Turning movement,Industrial Park
4150,CYRVILLE RD @ INNES RD,375047.3903,5031118.226,-75.60245,45.41647,2017-11-15,1:10:00 PM,01 - Clear,01 - Dry,01 - Traffic signal,02 - Intersection related,01 - Daylight,03 - P.D. only,04 - Sideswipe,Industrial Park
4151,CYRVILLE RD @ INNES RD,375047.7247,5031118.617,-75.60245,45.41648,2017-12-14,5:28:00 PM,01 - Clear,01 - Dry,01 - Traffic signal,02 - Intersection related,07 - Dark,03 - P.D. only,03 - Rear end,Industrial Park
4152,CYRVILLE RD @ INNES RD,375046.7214,5031120.233,-75.60246,45.41649,2017-11-16,10:27:00 AM,02 - Rain,02 - Wet,01 - Traffic signal,02 - Intersection related,01 - Daylight,03 - P.D. only,04 - Sideswipe,Industrial Park
4153,CYRVILLE RD @ INNES RD,375046.7214,5031118.895,-75.60246,45.41648,2017-11-26,7:07:00 PM,03 - Snow,05 - Packed snow,01 - Traffic signal,02 - Intersection related,07 - Dark,03 - P.D. only,03 - Rear end,Industrial Park
4154,CYRVILLE RD @ INNES RD,375048.0592,5031119.564,-75.60244,45.41648,2017-11-14,3:32:00 PM,01 - Clear,01 - Dry,01 - Traffic signal,02 - Intersection related,01 - Daylight,03 - P.D. only,03 - Rear end,Industrial Park
4155,CYRVILLE RD @ INNES RD,375048.728,5031118.226,-75.60243,45.41647,2017-11-05,5:00:00 PM,01 - Clear,01 - Dry,01 - Traffic signal,02 - Intersection related,05 - Dusk,03 - P.D. only,03 - Rear end,Industrial Park
4156,CYRVILLE RD @ INNES RD,375048.0592,5031119.564,-75.60244,45.41648,2017-11-04,4:47:00 PM,02 - Rain,02 - Wet,01 - Traffic signal,03 - At intersection,05 - Dusk,03 - P.D. only,04 - Sideswipe,Industrial Park
4157,CYRVILLE RD @ INNES RD,375049.3969,5031119.564,-75.60242,45.41648,2017-11-19,9:19:00 AM,03 - Snow,03 - Loose snow,01 - Traffic signal,02 - Intersection related,01 - Daylight,03 - P.D. only,03 - Rear end,Industrial Park
4158,CYRVILLE RD @ INNES RD,375048.728,5031120.233,-75.60243,45.41649,2017-02-17,6:38:00 PM,01 - Clear,01 - Dry,01 - Traffic signal,02 - Intersection related,07 - Dark,03 - P.D. only,03 - Rear end,Industrial Park
4159,CYRVILLE RD @ INNES RD,375048.4752,5031119.189,-75.60244,45.41648,2017-02-17,5:00:00 PM,01 - Clear,01 - Dry,01 - Traffic signal,02 - Intersection related,05 - Dusk,03 - P.D. only,03 - Rear end,Industrial Park
4160,CYRVILLE RD @ INNES RD,375046.7214,5031118.895,-75.60246,45.41648,2017-02-17,1:47:00 PM,01 - Clear,03 - Loose snow,01 - Traffic signal,02 - Intersection related,01 - Daylight,03 - P.D. only,04 - Sideswipe,Industrial Park
4161,CYRVILLE RD @ INNES RD,375047.182,5031119.293,-75.60245,45.41648,2017-02-01,12:23:00 PM,01 - Clear,02 - Wet,01 - Traffic signal,02 - Intersection related,01 - Daylight,03 - P.D. only,99 - Other,Industrial Park
4162,CYRVILLE RD @ INNES RD,375047.3903,5031118.895,-75.60245,45.41648,2017-04-15,3:23:00 PM,02 - Rain,02 - Wet,01 - Traffic signal,02 - Intersection related,01 - Daylight,02 - Non-fatal injury,03 - Rear end,Industrial Park
4163,CYRVILLE RD @ INNES RD,375048.0592,5031119.564,-75.60244,45.41648,2017-03-16,1:05:00 PM,01 - Clear,01 - Dry,01 - Traffic signal,02 - Intersection related,01 - Daylight,03 - P.D. only,99 - Other,Industrial Park
4164,CYRVILLE RD @ INNES RD,375047.3903,5031119.564,-75.60245,45.41648,2017-04-06,2:08:00 PM,02 - Rain,02 - Wet,01 - Traffic signal,02 - Intersection related,01 - Daylight,03 - P.D. only,03 - Rear end,Industrial Park
4165,CYRVILLE RD @ INNES RD,375046.7214,5031119.564,-75.60246,45.41649,2017-03-20,5:00:00 PM,01 - Clear,01 - Dry,01 - Traffic signal,02 - Intersection related,01 - Daylight,03 - P.D. only,03 - Rear end,Industrial Park
4166,CYRVILLE RD @ INNES RD,375047.7247,5031118.439,-75.60245,45.41647,2017-04-05,8:46:00 AM,01 - Clear,01 - Dry,01 - Traffic signal,02 - Intersection related,01 - Daylight,03 - P.D. only,03 - Rear end,Industrial Park
4167,CYRVILLE RD @ INNES RD,375047.3903,5031119.564,-75.60245,45.41648,2017-03-06,4:28:00 PM,02 - Rain,02 - Wet,01 - Traffic signal,03 - At intersection,01 - Daylight,03 - P.D. only,02 - Angle,Industrial Park
4168,CYRVILLE RD @ INNES RD,375047.1534,5031119.087,-75.60245,45.41648,2017-12-21,8:52:00 AM,01 - Clear,01 - Dry,01 - Traffic signal,03 - At intersection,01 - Daylight,03 - P.D. only,03 - Rear end,Industrial Park
4169,CYRVILLE RD @ INNES RD,375047.7247,5031120.748,-75.60244,45.4165,2017-12-22,9:38:00 AM,01 - Clear,02 - Wet,01 - Traffic signal,02 - Intersection related,01 - Daylight,03 - P.D. only,04 - Sideswipe,Industrial Park
4170,CYRVILLE RD @ LABRIE AVE,373401.7231,5031682.275,-75.6234,45.42171,2017-10-16,7:44:00 PM,01 - Clear,01 - Dry,02 - Stop sign,03 - At intersection,07 - Dark,03 - P.D. only,02 - Angle,Industrial Park
4171,CYRVILLE RD @ MEADOWBROOK RD,374630.7362,5031241.218,-75.60776,45.41762,2017-04-25,4:15:00 PM,02 - Rain,02 - Wet,01 - Traffic signal,02 - Intersection related,01 - Daylight,03 - P.D. only,03 - Rear end,Industrial Park
4172,CYRVILLE RD @ MEADOWBROOK RD,374628.7862,5031241.846,-75.60778,45.41763,2017-09-03,12:30:00 PM,02 - Rain,02 - Wet,01 - Traffic signal,02 - Intersection related,01 - Daylight,03 - P.D. only,03 - Rear end,Industrial Park
4173,CYRVILLE RD @ MEADOWBROOK RD,374629.7329,5031243.233,-75.60777,45.41764,2017-07-30,11:53:00 AM,01 - Clear,01 - Dry,01 - Traffic signal,02 - Intersection related,01 - Daylight,03 - P.D. only,04 - Sideswipe,Industrial Park
4174,CYRVILLE RD @ MEADOWBROOK RD,374629.7329,5031242.793,-75.60777,45.41764,2017-08-30,8:30:00 AM,01 - Clear,01 - Dry,01 - Traffic signal,02 - Intersection related,01 - Daylight,02 - Non-fatal injury,03 - Rear end,Industrial Park
4175,CYRVILLE RD @ MEADOWBROOK RD,374629.7329,5031241.463,-75.60777,45.41762,2017-10-02,8:01:00 AM,01 - Clear,01 - Dry,01 - Traffic signal,02 - Intersection related,01 - Daylight,03 - P.D. only,03 - Rear end,Industrial Park
4176,CYRVILLE RD @ MEADOWBROOK RD,374629.2595,5031243.74,-75.60777,45.41764,2017-01-10,2:00:00 PM,03 - Snow,03 - Loose snow,01 - Traffic signal,02 - Intersection related,01 - Daylight,03 - P.D. only,03 - Rear end,Industrial Park
4177,CYRVILLE RD @ MEADOWBROOK RD,374630.7362,5031243.894,-75.60775,45.41765,2017-12-16,9:31:00 AM,03 - Snow,03 - Loose snow,01 - Traffic signal,03 - At intersection,01 - Daylight,03 - P.D. only,02 - Angle,Industrial Park
4178,CYRVILLE RD @ OGILVIE RD,372453.3847,5032005.57,-75.63547,45.42471,2017-06-28,8:43:00 AM,01 - Clear,01 - Dry,01 - Traffic signal,02 - Intersection related,01 - Daylight,03 - P.D. only,03 - Rear end,Cummings
4179,CYRVILLE RD @ OGILVIE RD,372453.7191,5032005.945,-75.63546,45.42472,2017-02-09,4:58:00 PM,01 - Clear,01 - Dry,01 - Traffic signal,02 - Intersection related,01 - Daylight,03 - P.D. only,03 - Rear end,Cummings
4180,CYRVILLE RD @ OGILVIE RD,372453.3847,5032007.576,-75.63547,45.42473,2017-03-03,7:15:00 PM,01 - Clear,01 - Dry,01 - Traffic signal,03 - At intersection,07 - Dark,02 - Non-fatal injury,07 - SMV other,Cummings
4181,CYRVILLE RD @ OGILVIE RD,372454.0536,5032006.239,-75.63546,45.42472,2017-03-14,1:30:00 PM,03 - Snow,04 - Slush,01 - Traffic signal,02 - Intersection related,01 - Daylight,03 - P.D. only,03 - Rear end,Cummings
4182,CYRVILLE RD @ OGILVIE RD,372454.0536,5032007.576,-75.63546,45.42473,2017-03-25,12:48:00 PM,01 - Clear,01 - Dry,01 - Traffic signal,02 - Intersection related,01 - Daylight,03 - P.D. only,04 - Sideswipe,Cummings
4183,CYRVILLE RD @ OGILVIE RD,372452.7633,5032006.287,-75.63548,45.42472,2017-12-21,5:22:00 PM,01 - Clear,01 - Dry,01 - Traffic signal,02 - Intersection related,07 - Dark,03 - P.D. only,05 - Turning movement,Cummings
4184,CYRVILLE RD @ ST. LAURENT BLVD,372242.0553,5032111.58,-75.63815,45.42569,2017-05-17,3:30:00 PM,01 - Clear,01 - Dry,01 - Traffic signal,02 - Intersection related,01 - Daylight,03 - P.D. only,04 - Sideswipe,Overbrook
4185,CYRVILLE RD @ ST. LAURENT BLVD,372242.0553,5032112.249,-75.63815,45.42569,2017-06-15,10:30:00 AM,01 - Clear,01 - Dry,01 - Traffic signal,02 - Intersection related,01 - Daylight,03 - P.D. only,99 - Other,Overbrook
4186,CYRVILLE RD @ ST. LAURENT BLVD,372241.7208,5032112.482,-75.63816,45.42569,2017-08-02,7:40:00 AM,01 - Clear,01 - Dry,01 - Traffic signal,02 - Intersection related,01 - Daylight,03 - P.D. only,03 - Rear end,Overbrook
4187,CYRVILLE RD @ ST. LAURENT BLVD,372242.7241,5032111.58,-75.63814,45.42569,2017-10-29,6:19:00 PM,02 - Rain,02 - Wet,01 - Traffic signal,02 - Intersection related,07 - Dark,03 - P.D. only,99 - Other,Overbrook
4188,CYRVILLE RD @ ST. LAURENT BLVD,372242.0553,5032111.58,-75.63815,45.42569,2017-11-26,7:26:00 PM,03 - Snow,04 - Slush,01 - Traffic signal,02 - Intersection related,07 - Dark,03 - P.D. only,05 - Turning movement,Overbrook
4189,CYRVILLE RD @ ST. LAURENT BLVD,372242.1718,5032111.805,-75.63815,45.42569,2017-12-06,5:05:00 PM,01 - Clear,01 - Dry,01 - Traffic signal,02 - Intersection related,07 - Dark,03 - P.D. only,04 - Sideswipe,Overbrook
4190,CYRVILLE RD @ ST. LAURENT BLVD,372240.765,5032112.775,-75.63817,45.4257,2017-12-09,11:08:00 AM,01 - Clear,01 - Dry,01 - Traffic signal,02 - Intersection related,01 - Daylight,03 - P.D. only,03 - Rear end,Overbrook
4191,CYRVILLE RD @ ST. LAURENT BLVD,372242.6676,5032110.87,-75.63815,45.42568,2017-11-11,2:05:00 PM,01 - Clear,01 - Dry,01 - Traffic signal,03 - At intersection,01 - Daylight,03 - P.D. only,05 - Turning movement,Overbrook
4192,CYRVILLE RD @ ST. LAURENT BLVD,372242.2303,5032110.561,-75.63815,45.42568,2017-03-06,2:15:00 PM,01 - Clear,01 - Dry,01 - Traffic signal,02 - Intersection related,01 - Daylight,03 - P.D. only,03 - Rear end,Overbrook
4193,CYRVILLE RD @ ST. LAURENT BLVD,372242.1942,5032111.817,-75.63815,45.42569,2017-12-31,3:47:00 PM,01 - Clear,01 - Dry,01 - Traffic signal,02 - Intersection related,01 - Daylight,03 - P.D. only,03 - Rear end,Overbrook
4194,CYRVILLE RD @ ST. LAURENT BLVD,372241.7208,5032112.297,-75.63816,45.42569,2017-12-18,8:02:00 AM,03 - Snow,03 - Loose snow,01 - Traffic signal,03 - At intersection,01 - Daylight,03 - P.D. only,07 - SMV other,Overbrook
4195,CYRVILLE RD @ STAR TOP RD,373830.7317,5031518.563,-75.61794,45.4202,2017-07-06,10:15:00 AM,01 - Clear,01 - Dry,01 - Traffic signal,02 - Intersection related,01 - Daylight,03 - P.D. only,03 - Rear end,Pineview
4196,CYRVILLE RD @ STAR TOP RD,373830.6752,5031518.326,-75.61794,45.42019,2017-10-23,5:56:00 PM,01 - Clear,01 - Dry,01 - Traffic signal,03 - At intersection,05 - Dusk,03 - P.D. only,03 - Rear end,Pineview
4197,CYRVILLE RD @ STAR TOP RD,373829.478,5031517.317,-75.61795,45.42018,2017-10-07,11:25:00 AM,02 - Rain,02 - Wet,01 - Traffic signal,02 - Intersection related,01 - Daylight,03 - P.D. only,05 - Turning movement,Industrial Park
4198,CYRVILLE RD @ STAR TOP RD,373829.7284,5031517.368,-75.61795,45.42019,2017-10-25,10:01:00 AM,01 - Clear,01 - Dry,01 - Traffic signal,03 - At intersection,01 - Daylight,03 - P.D. only,03 - Rear end,Pineview
4199,CYRVILLE RD btwn BEAUPARC PRIV & LABRIE AVE,373266.1449,5031728.918,-75.62512,45.42214,2017-01-03,9:20:00 AM,04 - Freezing Rain,04 - Slush,10 - No control,04 - At/near private drive,01 - Daylight,03 - P.D. only,03 - Rear end,Cummings
4200,CYRVILLE RD btwn LABRIE AVE & STAR TOP RD,373810.5825,5031525.365,-75.61819,45.42026,2017-06-29,2:10:00 PM,02 - Rain,02 - Wet,10 - No control,04 - At/near private drive,01 - Daylight,03 - P.D. only,02 - Angle,Pineview
4201,CYRVILLE RD btwn LABRIE AVE & STAR TOP RD,373542.8552,5031628.57,-75.6216,45.42121,2017-07-13,3:43:00 PM,01 - Clear,01 - Dry,10 - No control,04 - At/near private drive,01 - Daylight,03 - P.D. only,02 - Angle,Industrial Park
4202,CYRVILLE RD btwn LABRIE AVE & STAR TOP RD,373674.704,5031578.805,-75.61992,45.42075,2017-11-23,4:59:00 PM,01 - Clear,01 - Dry,10 - No control,04 - At/near private drive,07 - Dark,03 - P.D. only,02 - Angle,Pineview
4203,CYRVILLE RD btwn LABRIE AVE & STAR TOP RD,373772.0889,5031539.222,-75.61868,45.42039,2017-02-08,8:32:00 AM,01 - Clear,04 - Slush,10 - No control,04 - At/near private drive,01 - Daylight,03 - P.D. only,02 - Angle,Industrial Park
4204,CYRVILLE RD btwn MAXIME ST & INNES RD,374901.6738,5031165.842,-75.6043,45.41692,2017-10-04,1:08:00 PM,01 - Clear,01 - Dry,10 - No control,04 - At/near private drive,01 - Daylight,03 - P.D. only,02 - Angle,Industrial Park
4205,CYRVILLE RD btwn STAR TOP RD & MEADOWBROOK RD,374475.5523,5031292.054,-75.60973,45.41809,2017-06-09,4:54:00 PM,01 - Clear,01 - Dry,10 - No control,04 - At/near private drive,01 - Daylight,02 - Non-fatal injury,05 - Turning movement,Industrial Park
4206,CYRVILLE RD btwn STAR TOP RD & MEADOWBROOK RD,374294.2748,5031327.875,-75.61204,45.41843,2017-05-29,4:15:00 PM,01 - Clear,02 - Wet,10 - No control,04 - At/near private drive,01 - Daylight,02 - Non-fatal injury,02 - Angle,Industrial Park
4207,CYRVILLE RD btwn STAR TOP RD & MEADOWBROOK RD,374498.3579,5031287.114,-75.60944,45.41805,2017-08-08,4:45:00 PM,01 - Clear,01 - Dry,10 - No control,01 - Non intersection,01 - Daylight,03 - P.D. only,04 - Sideswipe,Pineview
4208,CYRVILLE RD btwn STAR TOP RD & MEADOWBROOK RD,374499.5554,5031285.396,-75.60942,45.41803,2017-08-18,4:00:00 PM,02 - Rain,02 - Wet,10 - No control,04 - At/near private drive,01 - Daylight,03 - P.D. only,02 - Angle,Industrial Park
4209,CYRVILLE RD btwn STAR TOP RD & MEADOWBROOK RD,374504.0459,5031283.894,-75.60937,45.41802,2017-09-03,1:15:00 PM,02 - Rain,02 - Wet,10 - No control,04 - At/near private drive,01 - Daylight,02 - Non-fatal injury,02 - Angle,Industrial Park
4210,CYRVILLE RD btwn STAR TOP RD & MEADOWBROOK RD,374445.1175,5031305.751,-75.61012,45.41822,2017-09-22,4:42:00 PM,01 - Clear,01 - Dry,10 - No control,04 - At/near private drive,01 - Daylight,02 - Non-fatal injury,02 - Angle,Pineview
4211,CYRVILLE RD btwn STAR TOP RD & MEADOWBROOK RD,374603.3115,5031249.914,-75.6081,45.4177,2017-11-20,9:11:00 AM,01 - Clear,01 - Dry,10 - No control,01 - Non intersection,01 - Daylight,03 - P.D. only,04 - Sideswipe,Industrial Park
4212,CYRVILLE RD btwn STAR TOP RD & MEADOWBROOK RD,374500.3015,5031284.697,-75.60942,45.41803,2017-11-25,11:20:00 AM,02 - Rain,02 - Wet,10 - No control,04 - At/near private drive,01 - Daylight,02 - Non-fatal injury,02 - Angle,Industrial Park
4213,CYRVILLE RD btwn STAR TOP RD & MEADOWBROOK RD,374512.1188,5031282.363,-75.60926,45.418,2017-11-16,4:19:00 PM,02 - Rain,02 - Wet,10 - No control,04 - At/near private drive,05 - Dusk,03 - P.D. only,02 - Angle,Pineview
4214,CYRVILLE RD btwn STAR TOP RD & MEADOWBROOK RD,373928.3906,5031483.78,-75.61669,45.41987,2017-04-05,3:30:00 PM,01 - Clear,01 - Dry,10 - No control,01 - Non intersection,01 - Daylight,03 - P.D. only,03 - Rear end,Pineview