Record,Location,X,Y,Longitude,Latitude,Date,Time,Environment,Road_Surface,Traffic_Control,Collision_Location,Light,Collision_Classification,Impact_type,Neighborhood
4215,CYRVILLE RD btwn STAR TOP RD & MEADOWBROOK RD,374301.1176,5031328.162,-75.61195,45.41844,2017-03-28,2:36:00 PM,01 - Clear,02 - Wet,10 - No control,01 - Non intersection,01 - Daylight,03 - P.D. only,03 - Rear end,Industrial Park
4216,DAIRY DR @ SOUTH FRONTAGE,384734.3019,5039695.615,-75.4773,45.4926,2017-10-01,1:09:00 PM,01 - Clear,01 - Dry,02 - Stop sign,03 - At intersection,01 - Daylight,03 - P.D. only,05 - Turning movement,Cumberland - Estates
4217,DAIRY DR btwn SOUTH FRONTAGE & Continuation of DAIRY DR,384922.4933,5039819.507,-75.47488,45.4937,2017-10-04,12:05:00 PM,01 - Clear,01 - Dry,10 - No control,01 - Non intersection,01 - Daylight,03 - P.D. only,01 - Approaching,Cumberland - Estates
4218,DALEHURST DR @ WOODFIELD DR,363756.6123,5021821.311,-75.74781,45.33386,2017-02-01,6:39:00 PM,01 - Clear,02 - Wet,02 - Stop sign,03 - At intersection,07 - Dark,02 - Non-fatal injury,07 - SMV other,Tanglewood
4219,DALEHURST DR btwn CRESTLEA CRES & LAVONNE CRT,363592.9285,5021719.578,-75.74991,45.33296,2017-03-15,1:38:00 PM,03 - Snow,03 - Loose snow,10 - No control,01 - Non intersection,01 - Daylight,03 - P.D. only,01 - Approaching,Tanglewood
4220,DALEHURST DR btwn CRESTLEA CRES & LAVONNE CRT,363610.4789,5021762.035,-75.74968,45.33334,2017-12-24,2:04:00 PM,01 - Clear,05 - Packed snow,10 - No control,01 - Non intersection,01 - Daylight,03 - P.D. only,06 - SMV unattended vehicle,Tanglewood
4221,DALHOUSIE ST @ GUIGUES AVE,367913.2442,5032712.495,-75.69339,45.4315,2017-09-26,5:42:00 PM,01 - Clear,01 - Dry,02 - Stop sign,03 - At intersection,01 - Daylight,03 - P.D. only,02 - Angle,Lower Town
4222,DALHOUSIE ST @ GUIGUES AVE,367911.8393,5032713.588,-75.69341,45.43151,2017-01-18,11:50:00 AM,04 - Freezing Rain,06 - Ice,02 - Stop sign,02 - Intersection related,01 - Daylight,03 - P.D. only,99 - Other,Lower Town
4223,DALHOUSIE ST @ GUIGUES AVE,367911.6282,5032712.552,-75.69341,45.4315,2017-01-23,11:44:00 AM,01 - Clear,01 - Dry,02 - Stop sign,02 - Intersection related,01 - Daylight,03 - P.D. only,06 - SMV unattended vehicle,Lower Town
4224,DALHOUSIE ST @ MURRAY ST,367999.1706,5032574.614,-75.69231,45.43025,2017-06-15,10:30:00 PM,02 - Rain,02 - Wet,01 - Traffic signal,03 - At intersection,07 - Dark,02 - Non-fatal injury,07 - SMV other,Byward Market
4225,DALHOUSIE ST @ MURRAY ST,368001.177,5032573.356,-75.69228,45.43024,2017-08-25,6:14:00 PM,01 - Clear,01 - Dry,01 - Traffic signal,02 - Intersection related,01 - Daylight,03 - P.D. only,03 - Rear end,Byward Market
4226,DALHOUSIE ST @ MURRAY ST,368001.1725,5032573.831,-75.69228,45.43024,2017-09-21,3:29:00 PM,01 - Clear,01 - Dry,01 - Traffic signal,02 - Intersection related,01 - Daylight,03 - P.D. only,02 - Angle,Byward Market
4227,DALHOUSIE ST @ MURRAY ST,367999.6062,5032572.502,-75.6923,45.43023,2017-01-22,10:40:00 PM,01 - Clear,01 - Dry,01 - Traffic signal,03 - At intersection,07 - Dark,03 - P.D. only,04 - Sideswipe,Byward Market
4228,DALHOUSIE ST @ MURRAY ST,368000.3647,5032572.257,-75.69229,45.43023,2017-04-08,6:15:00 PM,01 - Clear,01 - Dry,01 - Traffic signal,03 - At intersection,01 - Daylight,03 - P.D. only,05 - Turning movement,Byward Market
4229,DALHOUSIE ST @ MURRAY ST,367999.6958,5032573.595,-75.6923,45.43024,2017-03-14,5:00:00 PM,03 - Snow,03 - Loose snow,01 - Traffic signal,03 - At intersection,01 - Daylight,03 - P.D. only,05 - Turning movement,Byward Market
4230,DALHOUSIE ST @ MURRAY ST,368001.0336,5032573.595,-75.69228,45.43024,2017-02-27,7:33:00 PM,01 - Clear,01 - Dry,01 - Traffic signal,02 - Intersection related,07 - Dark,03 - P.D. only,04 - Sideswipe,Byward Market
4231,DALHOUSIE ST @ RIDEAU ST,368206.7091,5032229.504,-75.6897,45.42713,2017-07-24,10:26:00 PM,02 - Rain,02 - Wet,01 - Traffic signal,03 - At intersection,07 - Dark,02 - Non-fatal injury,07 - SMV other,Byward Market - Parliament Hill
4232,DALHOUSIE ST @ RIDEAU ST,368205.4271,5032226.299,-75.68972,45.4271,2017-07-18,1:01:00 AM,01 - Clear,01 - Dry,01 - Traffic signal,03 - At intersection,07 - Dark,02 - Non-fatal injury,07 - SMV other,Byward Market - Parliament Hill
4233,DALHOUSIE ST @ RIDEAU ST,368205.7624,5032227.345,-75.68971,45.42711,2017-10-26,6:21:00 PM,01 - Clear,01 - Dry,01 - Traffic signal,02 - Intersection related,05 - Dusk,03 - P.D. only,04 - Sideswipe,Byward Market - Parliament Hill
4234,DALHOUSIE ST @ RIDEAU ST,368206.7091,5032227.581,-75.6897,45.42711,2017-09-30,7:19:00 PM,01 - Clear,01 - Dry,01 - Traffic signal,03 - At intersection,05 - Dusk,03 - P.D. only,06 - SMV unattended vehicle,Byward Market - Parliament Hill
4235,DALHOUSIE ST @ RIDEAU ST,368207.7124,5032228.25,-75.68969,45.42711,2017-11-13,9:14:00 PM,01 - Clear,01 - Dry,01 - Traffic signal,02 - Intersection related,07 - Dark,03 - P.D. only,06 - SMV unattended vehicle,Byward Market - Parliament Hill
4236,DALHOUSIE ST @ RIDEAU ST,368206.7091,5032228.128,-75.6897,45.42711,2017-01-13,12:11:00 AM,01 - Clear,02 - Wet,01 - Traffic signal,03 - At intersection,07 - Dark,03 - P.D. only,04 - Sideswipe,Byward Market - Parliament Hill
4237,DALHOUSIE ST @ RIDEAU ST,368207.4596,5032227.206,-75.68969,45.4271,2017-03-19,11:00:00 AM,01 - Clear,01 - Dry,01 - Traffic signal,02 - Intersection related,01 - Daylight,03 - P.D. only,03 - Rear end,Byward Market - Parliament Hill
4238,DALHOUSIE ST @ RIDEAU ST,368207.0997,5032227.581,-75.6897,45.42711,2017-02-21,8:58:00 AM,01 - Clear,02 - Wet,01 - Traffic signal,03 - At intersection,01 - Daylight,02 - Non-fatal injury,07 - SMV other,Byward Market - Parliament Hill
4239,DALHOUSIE ST @ ST. PATRICK ST,367957.0596,5032641.222,-75.69284,45.43085,2017-08-23,12:00:00 AM,01 - Clear,01 - Dry,01 - Traffic signal,02 - Intersection related,00 - Unknown,03 - P.D. only,06 - SMV unattended vehicle,Byward Market
4240,DALHOUSIE ST @ ST. PATRICK ST,367958.3416,5032640.581,-75.69282,45.43085,2017-08-14,1:18:00 PM,01 - Clear,01 - Dry,01 - Traffic signal,02 - Intersection related,01 - Daylight,03 - P.D. only,02 - Angle,Byward Market
4241,DALHOUSIE ST @ ST. PATRICK ST,367959.2291,5032641.6,-75.69281,45.43086,2017-02-03,12:38:00 PM,01 - Clear,01 - Dry,01 - Traffic signal,02 - Intersection related,01 - Daylight,03 - P.D. only,04 - Sideswipe,Byward Market
4242,DALHOUSIE ST @ YORK ST,368094.7104,5032420.259,-75.69111,45.42885,2017-05-06,11:56:00 PM,02 - Rain,02 - Wet,01 - Traffic signal,02 - Intersection related,07 - Dark,03 - P.D. only,04 - Sideswipe,Byward Market
4243,DALHOUSIE ST @ YORK ST,368094.0416,5032420.259,-75.69112,45.42885,2017-05-24,12:13:00 AM,01 - Clear,01 - Dry,01 - Traffic signal,02 - Intersection related,07 - Dark,03 - P.D. only,03 - Rear end,Byward Market
4244,DALHOUSIE ST @ YORK ST,368093.6503,5032419.357,-75.69112,45.42884,2017-09-04,12:41:00 AM,01 - Clear,01 - Dry,01 - Traffic signal,02 - Intersection related,07 - Dark,03 - P.D. only,05 - Turning movement,Byward Market
4245,DALHOUSIE ST @ YORK ST,368093.3727,5032418.921,-75.69112,45.42884,2017-02-19,11:48:00 AM,01 - Clear,01 - Dry,01 - Traffic signal,03 - At intersection,01 - Daylight,02 - Non-fatal injury,07 - SMV other,Byward Market
4246,DALHOUSIE ST btwn BRUYERE ST & ST. ANDREW ST,367852.311,5032817.03,-75.69415,45.43244,2017-07-02,12:00:00 AM,01 - Clear,01 - Dry,10 - No control,01 - Non intersection,00 - Unknown,03 - P.D. only,06 - SMV unattended vehicle,Lower Town
4247,DALHOUSIE ST btwn CLARENCE ST & YORK ST,368068.5722,5032462.123,-75.69144,45.42923,2017-06-19,11:03:00 PM,01 - Clear,01 - Dry,10 - No control,01 - Non intersection,07 - Dark,03 - P.D. only,03 - Rear end,Byward Market
4248,DALHOUSIE ST btwn GEORGE ST & RIDEAU ST,368180.9566,5032278.417,-75.69002,45.42757,2017-11-12,12:00:00 AM,01 - Clear,01 - Dry,10 - No control,01 - Non intersection,00 - Unknown,03 - P.D. only,06 - SMV unattended vehicle,Byward Market
4249,DALHOUSIE ST btwn GEORGE ST & RIDEAU ST,368161.1311,5032310.439,-75.69027,45.42786,2017-01-11,5:24:00 PM,01 - Clear,02 - Wet,10 - No control,04 - At/near private drive,05 - Dusk,03 - P.D. only,06 - SMV unattended vehicle,Byward Market
4250,DALHOUSIE ST btwn MURRAY ST & CLARENCE ST,368037.0139,5032512.294,-75.69183,45.42968,2017-07-01,6:41:00 PM,01 - Clear,01 - Dry,10 - No control,01 - Non intersection,01 - Daylight,02 - Non-fatal injury,07 - SMV other,Byward Market
4251,DALHOUSIE ST btwn MURRAY ST & CLARENCE ST,368016.4937,5032549.139,-75.69209,45.43002,2017-10-29,11:20:00 AM,02 - Rain,02 - Wet,10 - No control,01 - Non intersection,01 - Daylight,03 - P.D. only,04 - Sideswipe,Byward Market
4252,DALHOUSIE ST btwn YORK ST & GEORGE ST,368126.4867,5032367.064,-75.69071,45.42837,2017-06-26,12:00:00 AM,01 - Clear,01 - Dry,10 - No control,01 - Non intersection,00 - Unknown,03 - P.D. only,06 - SMV unattended vehicle,Byward Market
4253,DALHOUSIE ST btwn YORK ST & GEORGE ST,368100.7305,5032407.55,-75.69103,45.42874,2017-08-03,5:50:00 PM,01 - Clear,01 - Dry,10 - No control,04 - At/near private drive,01 - Daylight,03 - P.D. only,02 - Angle,Byward Market
4254,DALMENY RD @ DALMENY RD EXTENSION,377405.7249,4998957.308,-75.57702,45.12686,2017-10-29,9:55:00 AM,02 - Rain,02 - Wet,02 - Stop sign,02 - Intersection related,01 - Daylight,03 - P.D. only,01 - Approaching,Kars - Osgoode
4255,DALMENY RD @ NIXON DR,375590.3401,4997714.447,-75.60027,45.11586,2017-07-31,11:37:00 AM,01 - Clear,01 - Dry,02 - Stop sign,03 - At intersection,01 - Daylight,02 - Non-fatal injury,02 - Angle,Kars - Osgoode
4256,DALMENY RD @ NIXON DR,375591.2399,4997713.06,-75.60026,45.11585,2017-12-12,6:15:00 AM,03 - Snow,06 - Ice,02 - Stop sign,02 - Intersection related,07 - Dark,03 - P.D. only,02 - Angle,Kars - Osgoode
4257,DALMENY RD @ RIVER RD,374386.7074,4996966.939,-75.61567,45.10925,2017-03-16,5:18:00 PM,01 - Clear,01 - Dry,02 - Stop sign,03 - At intersection,01 - Daylight,03 - P.D. only,07 - SMV other,Osgoode
4258,DALMENY RD @ STAGECOACH RD,377831.725,4999218.646,-75.57157,45.12917,2017-05-24,4:27:00 PM,01 - Clear,01 - Dry,02 - Stop sign,02 - Intersection related,01 - Daylight,03 - P.D. only,07 - SMV other,Kars - Osgoode
4259,DALMENY RD btwn 5TH LINE RD & CAMPBELLCROFT RD,383259.8502,5002757.407,-75.50202,45.16043,2017-09-07,6:56:00 AM,02 - Rain,02 - Wet,10 - No control,01 - Non intersection,03 - Dawn,01 - Fatal injury,01 - Approaching,Metcalfe
4260,DALMENY RD btwn 5TH LINE RD & CAMPBELLCROFT RD,383613.1926,5002985.744,-75.49749,45.16244,2017-04-18,1:41:00 PM,01 - Clear,01 - Dry,10 - No control,04 - At/near private drive,01 - Daylight,03 - P.D. only,02 - Angle,Metcalfe
4261,DALMENY RD btwn OLD STAGECOACH RD & STAGECOACH RD,377784.9022,4999190.552,-75.57217,45.12892,2017-12-14,2:10:00 PM,01 - Clear,01 - Dry,10 - No control,01 - Non intersection,01 - Daylight,03 - P.D. only,07 - SMV other,Kars - Osgoode
4262,DALMENY RD btwn STAGECOACH RD & 4TH LINE RD,377892.7634,4999256.73,-75.57079,45.1295,2017-05-16,9:30:00 PM,01 - Clear,01 - Dry,10 - No control,01 - Non intersection,07 - Dark,03 - P.D. only,07 - SMV other,Kars - Osgoode
4263,DALMENY RD btwn STAGECOACH RD & 4TH LINE RD,379525.0079,5000295.154,-75.54989,45.13868,2017-01-14,10:41:00 PM,01 - Clear,01 - Dry,10 - No control,01 - Non intersection,07 - Dark,03 - P.D. only,07 - SMV other,Kars - Osgoode
4264,DALMENY RD btwn TO BE DETERMINED & OLD STAGECOACH RD,377597.0098,4999076.067,-75.57458,45.12791,2017-04-03,9:52:00 AM,01 - Clear,01 - Dry,10 - No control,01 - Non intersection,01 - Daylight,03 - P.D. only,07 - SMV other,Kars - Osgoode
4265,DALY AVE @ CHARLOTTE ST,369334.3271,5032723.022,-75.67523,45.43146,2017-06-07,5:21:00 PM,01 - Clear,01 - Dry,02 - Stop sign,02 - Intersection related,01 - Daylight,03 - P.D. only,03 - Rear end,Sandy Hill
4266,DALY AVE @ CHARLOTTE ST,369334.9793,5032723.022,-75.67522,45.43146,2017-06-21,5:42:00 PM,01 - Clear,01 - Dry,02 - Stop sign,03 - At intersection,01 - Daylight,03 - P.D. only,02 - Angle,Sandy Hill
4267,DALY AVE @ CHARLOTTE ST,369335.3054,5032723.348,-75.67521,45.43147,2017-06-16,11:07:00 AM,01 - Clear,01 - Dry,02 - Stop sign,02 - Intersection related,01 - Daylight,03 - P.D. only,02 - Angle,Sandy Hill
4268,DALY AVE @ CHARLOTTE ST,369335.6098,5032722.364,-75.67521,45.43146,2017-10-04,2:00:00 PM,01 - Clear,01 - Dry,02 - Stop sign,02 - Intersection related,01 - Daylight,03 - P.D. only,06 - SMV unattended vehicle,Sandy Hill
4269,DALY AVE @ CHARLOTTE ST,369333.6224,5032722.86,-75.67524,45.43146,2017-10-10,4:12:00 PM,01 - Clear,01 - Dry,02 - Stop sign,02 - Intersection related,01 - Daylight,03 - P.D. only,03 - Rear end,Sandy Hill
4270,DALY AVE @ FRIEL ST,368852.377,5032431.253,-75.68142,45.42888,2017-03-04,5:12:00 PM,01 - Clear,01 - Dry,02 - Stop sign,03 - At intersection,01 - Daylight,03 - P.D. only,02 - Angle,Sandy Hill
4271,DALY AVE @ KING EDWARD AVE,368592.0421,5032275.592,-75.68477,45.4275,2017-05-04,8:58:00 AM,01 - Clear,01 - Dry,02 - Stop sign,03 - At intersection,01 - Daylight,03 - P.D. only,02 - Angle,Sandy Hill
4272,DALY AVE @ KING EDWARD AVE,368592.7109,5032274.923,-75.68476,45.4275,2017-05-25,6:50:00 PM,01 - Clear,01 - Dry,02 - Stop sign,03 - At intersection,01 - Daylight,03 - P.D. only,02 - Angle,Sandy Hill
4273,DALY AVE @ KING EDWARD AVE,368593.3798,5032273.586,-75.68475,45.42749,2017-04-28,6:23:00 PM,01 - Clear,01 - Dry,02 - Stop sign,03 - At intersection,01 - Daylight,03 - P.D. only,02 - Angle,Sandy Hill
4274,DALY AVE @ KING EDWARD AVE,368592.181,5032272.402,-75.68477,45.42748,2017-08-29,4:10:00 PM,01 - Clear,01 - Dry,02 - Stop sign,03 - At intersection,01 - Daylight,03 - P.D. only,02 - Angle,Sandy Hill
4275,DALY AVE @ KING EDWARD AVE,368591.7076,5032273.356,-75.68478,45.42748,2017-07-28,6:10:00 PM,01 - Clear,01 - Dry,02 - Stop sign,02 - Intersection related,01 - Daylight,03 - P.D. only,02 - Angle,Sandy Hill
4276,DALY AVE @ KING EDWARD AVE,368591.7076,5032273.347,-75.68478,45.42748,2017-10-21,12:32:00 PM,01 - Clear,01 - Dry,02 - Stop sign,03 - At intersection,01 - Daylight,03 - P.D. only,02 - Angle,Sandy Hill
4277,DALY AVE @ KING EDWARD AVE,368591.3732,5032271.579,-75.68478,45.42747,2017-11-17,3:44:00 PM,01 - Clear,01 - Dry,02 - Stop sign,03 - At intersection,01 - Daylight,03 - P.D. only,05 - Turning movement,Sandy Hill
4278,DALY AVE @ KING EDWARD AVE,368590.2067,5032274.711,-75.68479,45.4275,2017-01-30,7:40:00 PM,03 - Snow,02 - Wet,02 - Stop sign,03 - At intersection,07 - Dark,03 - P.D. only,02 - Angle,Sandy Hill
4279,DALY AVE @ KING EDWARD AVE,368591.2566,5032272.909,-75.68478,45.42748,2017-12-28,5:08:00 AM,01 - Clear,01 - Dry,02 - Stop sign,03 - At intersection,07 - Dark,03 - P.D. only,02 - Angle,Sandy Hill
4280,DALY AVE @ KING EDWARD AVE,368591.3732,5032273.586,-75.68478,45.42749,2017-12-15,3:16:00 PM,03 - Snow,03 - Loose snow,02 - Stop sign,03 - At intersection,01 - Daylight,03 - P.D. only,02 - Angle,Sandy Hill
4281,DALY AVE @ NICHOLAS ST,368227.1655,5032046.306,-75.68946,45.42547,2017-06-22,9:00:00 AM,01 - Clear,01 - Dry,01 - Traffic signal,02 - Intersection related,01 - Daylight,03 - P.D. only,04 - Sideswipe,Byward Market - Parliament Hill
4282,DALY AVE @ NICHOLAS ST,368227.6299,5032048.42,-75.68946,45.42549,2017-07-23,8:15:00 PM,01 - Clear,02 - Wet,01 - Traffic signal,02 - Intersection related,05 - Dusk,03 - P.D. only,03 - Rear end,Byward Market - Parliament Hill
4283,DALY AVE @ NICHOLAS ST,368228.0355,5032047.243,-75.68945,45.42548,2017-06-29,12:01:00 PM,02 - Rain,02 - Wet,01 - Traffic signal,02 - Intersection related,01 - Daylight,03 - P.D. only,99 - Other,Byward Market - Parliament Hill
4284,DALY AVE @ NICHOLAS ST,368226.2673,5032046.335,-75.68947,45.42548,2017-09-03,1:04:00 PM,02 - Rain,02 - Wet,01 - Traffic signal,02 - Intersection related,01 - Daylight,02 - Non-fatal injury,02 - Angle,Byward Market - Parliament Hill
4285,DALY AVE @ NICHOLAS ST,368226.6301,5032045.77,-75.68947,45.42547,2017-07-11,3:29:00 PM,02 - Rain,02 - Wet,01 - Traffic signal,02 - Intersection related,01 - Daylight,03 - P.D. only,04 - Sideswipe,Byward Market - Parliament Hill
4286,DALY AVE @ NICHOLAS ST,368227.701,5032047.284,-75.68946,45.42548,2017-09-25,7:10:00 AM,01 - Clear,01 - Dry,01 - Traffic signal,02 - Intersection related,01 - Daylight,03 - P.D. only,99 - Other,Byward Market - Parliament Hill
4287,DALY AVE @ NICHOLAS ST,368227.9495,5032046.385,-75.68945,45.42548,2017-09-11,2:16:00 PM,01 - Clear,01 - Dry,01 - Traffic signal,02 - Intersection related,01 - Daylight,03 - P.D. only,03 - Rear end,Byward Market - Parliament Hill
4288,DALY AVE @ NICHOLAS ST,368226.7452,5032046.813,-75.68947,45.42548,2017-09-24,2:01:00 AM,01 - Clear,01 - Dry,01 - Traffic signal,03 - At intersection,07 - Dark,02 - Non-fatal injury,07 - SMV other,Byward Market - Parliament Hill
4289,DALY AVE @ NICHOLAS ST,368227.3666,5032044.567,-75.68946,45.42546,2017-11-24,1:22:00 PM,01 - Clear,01 - Dry,01 - Traffic signal,02 - Intersection related,01 - Daylight,03 - P.D. only,03 - Rear end,Byward Market - Parliament Hill
4290,DALY AVE @ NICHOLAS ST,368227.701,5032046.358,-75.68946,45.42548,2017-11-21,10:26:00 AM,01 - Clear,01 - Dry,01 - Traffic signal,02 - Intersection related,01 - Daylight,02 - Non-fatal injury,05 - Turning movement,Byward Market - Parliament Hill
4291,DALY AVE @ NICHOLAS ST,368227.701,5032045.217,-75.68946,45.42547,2017-01-16,7:25:00 PM,01 - Clear,01 - Dry,01 - Traffic signal,03 - At intersection,07 - Dark,03 - P.D. only,04 - Sideswipe,Byward Market - Parliament Hill
4292,DALY AVE @ NICHOLAS ST,368227.1583,5032046.845,-75.68946,45.42548,2017-01-17,11:06:00 PM,04 - Freezing Rain,06 - Ice,01 - Traffic signal,03 - At intersection,07 - Dark,03 - P.D. only,07 - SMV other,Byward Market - Parliament Hill
4293,DALY AVE @ NICHOLAS ST,368226.594,5032047.604,-75.68947,45.42549,2017-02-03,1:52:00 PM,01 - Clear,01 - Dry,01 - Traffic signal,02 - Intersection related,01 - Daylight,03 - P.D. only,04 - Sideswipe,Byward Market - Parliament Hill
4294,DALY AVE @ NICHOLAS ST,368228.0355,5032046.574,-75.68945,45.42548,2017-03-03,6:30:00 PM,01 - Clear,04 - Slush,01 - Traffic signal,03 - At intersection,07 - Dark,03 - P.D. only,05 - Turning movement,Byward Market - Parliament Hill
4295,DALY AVE @ NICHOLAS ST,368227.952,5032047.677,-75.68945,45.42549,2017-03-23,12:37:00 PM,01 - Clear,01 - Dry,01 - Traffic signal,03 - At intersection,01 - Daylight,03 - P.D. only,05 - Turning movement,Byward Market - Parliament Hill
4296,DALY AVE @ NICHOLAS ST,368228.0355,5032045.905,-75.68945,45.42547,2017-04-15,9:03:00 PM,02 - Rain,02 - Wet,01 - Traffic signal,03 - At intersection,07 - Dark,03 - P.D. only,02 - Angle,Byward Market - Parliament Hill
4297,DALY AVE @ NICHOLAS ST,368228.4515,5032046.949,-75.68945,45.42548,2017-03-25,1:06:00 PM,03 - Snow,03 - Loose snow,01 - Traffic signal,02 - Intersection related,01 - Daylight,03 - P.D. only,03 - Rear end,Byward Market - Parliament Hill
4298,DALY AVE @ NICHOLAS ST,368227.7009,5032046.574,-75.68946,45.42548,2017-03-08,2:17:00 PM,01 - Clear,02 - Wet,01 - Traffic signal,03 - At intersection,01 - Daylight,03 - P.D. only,03 - Rear end,Byward Market - Parliament Hill
4299,DALY AVE @ WALLER ST,368340.539,5032119.808,-75.688,45.42613,2017-08-01,11:17:00 PM,01 - Clear,01 - Dry,01 - Traffic signal,02 - Intersection related,07 - Dark,02 - Non-fatal injury,07 - SMV other,Byward Market - Parliament Hill
4300,DALY AVE @ WALLER ST,368340.8684,5032121.035,-75.688,45.42614,2017-10-12,4:30:00 PM,01 - Clear,01 - Dry,01 - Traffic signal,02 - Intersection related,01 - Daylight,03 - P.D. only,04 - Sideswipe,Byward Market - Parliament Hill
4301,DALY AVE @ WALLER ST,368341.5145,5032120.449,-75.68799,45.42613,2017-10-29,2:49:00 PM,02 - Rain,02 - Wet,01 - Traffic signal,03 - At intersection,01 - Daylight,03 - P.D. only,05 - Turning movement,Byward Market - Parliament Hill
4302,DALY AVE @ WALLER ST,368341.5145,5032121.787,-75.68799,45.42614,2017-11-18,4:24:00 PM,01 - Clear,01 - Dry,01 - Traffic signal,02 - Intersection related,05 - Dusk,03 - P.D. only,03 - Rear end,Byward Market - Parliament Hill
4303,DALY AVE @ WALLER ST,368340.729,5032120.674,-75.688,45.42613,2017-12-08,4:22:00 PM,01 - Clear,01 - Dry,01 - Traffic signal,03 - At intersection,05 - Dusk,02 - Non-fatal injury,07 - SMV other,Byward Market - Parliament Hill
4304,DALY AVE @ WALLER ST,368340.0945,5032120.178,-75.68801,45.42613,2017-02-05,7:55:00 PM,06 - Strong wind,02 - Wet,01 - Traffic signal,03 - At intersection,07 - Dark,03 - P.D. only,07 - SMV other,Byward Market - Parliament Hill
4305,DALY AVE btwn CHARLOTTE ST & WURTEMBURG ST,369379.0021,5032751.662,-75.67465,45.43172,2017-05-25,12:00:00 AM,01 - Clear,01 - Dry,10 - No control,01 - Non intersection,00 - Unknown,03 - P.D. only,06 - SMV unattended vehicle,Sandy Hill
4306,DALY AVE btwn COURT HOUSE LANE & WALLER ST,368319.6861,5032106.657,-75.68827,45.42601,2017-06-20,7:24:00 AM,01 - Clear,02 - Wet,10 - No control,01 - Non intersection,01 - Daylight,03 - P.D. only,01 - Approaching,Byward Market - Parliament Hill
4307,DALY AVE btwn MACKENZIE AVE & NICHOLAS ST,368173.8549,5032012.46,-75.69015,45.42518,2017-04-29,3:53:00 PM,01 - Clear,01 - Dry,10 - No control,06 - Underpass or tunnel,01 - Daylight,03 - P.D. only,05 - Turning movement,Byward Market - Parliament Hill
4308,DALY AVE btwn MACKENZIE AVE & NICHOLAS ST,368202.0179,5032029.634,-75.68979,45.42533,2017-09-28,6:21:00 AM,01 - Clear,01 - Dry,10 - No control,01 - Non intersection,07 - Dark,03 - P.D. only,07 - SMV other,Byward Market - Parliament Hill
4309,DALY AVE btwn MACKENZIE AVE & NICHOLAS ST,368191.2462,5032021.825,-75.68992,45.42526,2017-09-28,8:54:00 AM,01 - Clear,01 - Dry,10 - No control,01 - Non intersection,01 - Daylight,03 - P.D. only,99 - Other,Byward Market - Parliament Hill
4310,DALY AVE btwn NICHOLAS ST & COURT HOUSE LANE,368260.7236,5032069.845,-75.68903,45.42568,2017-08-16,8:04:00 AM,01 - Clear,01 - Dry,09 - Traffic controller,01 - Non intersection,01 - Daylight,03 - P.D. only,07 - SMV other,Byward Market - Parliament Hill
4311,DALY AVE btwn NICHOLAS ST & COURT HOUSE LANE,368249.0028,5032060.538,-75.68918,45.4256,2017-09-22,10:16:00 AM,01 - Clear,01 - Dry,10 - No control,01 - Non intersection,01 - Daylight,03 - P.D. only,06 - SMV unattended vehicle,Byward Market - Parliament Hill
4312,DALY AVE btwn NICHOLAS ST & COURT HOUSE LANE,368273.834,5032076.696,-75.68886,45.42574,2017-02-01,9:02:00 AM,01 - Clear,01 - Dry,10 - No control,01 - Non intersection,01 - Daylight,03 - P.D. only,07 - SMV other,Byward Market - Parliament Hill
4313,DAMSELFLY WAY btwn BROAD COVE CRES & RIVER MIST RD,364961.7983,5011559.645,-75.73368,45.24143,2017-01-10,12:00:00 AM,03 - Snow,03 - Loose snow,10 - No control,01 - Non intersection,00 - Unknown,03 - P.D. only,06 - SMV unattended vehicle,New Barrhaven
4314,DANFORTH AVE @ ROOSEVELT AVE,363029.6116,5028077.551,-75.75635,45.39022,2017-08-12,2:08:00 PM,01 - Clear,01 - Dry,02 - Stop sign,02 - Intersection related,01 - Daylight,03 - P.D. only,99 - Other,Carlingwood - McKellar Park - Laurentien View
4315,DANZIG TERR/GRONINGEN ST @ ROUNCEY RD,353305.1189,5015423.868,-75.88177,45.2771,2017-12-12,12:13:00 PM,03 - Snow,03 - Loose snow,02 - Stop sign,03 - At intersection,01 - Daylight,03 - P.D. only,02 - Angle,Glen Cairn - Kanata South Business Park
4316,DATA CENTRE RD @ HERON RD,368942.6269,5026731.864,-75.68101,45.37759,2017-12-31,3:56:00 PM,01 - Clear,01 - Dry,02 - Stop sign,02 - Intersection related,01 - Daylight,03 - P.D. only,04 - Sideswipe,Alta Vista
4317,DATA CENTRE RD @ RIVERSIDE DR,368897.449,5027671.668,-75.68147,45.38605,2017-08-31,1:59:00 PM,01 - Clear,01 - Dry,01 - Traffic signal,02 - Intersection related,01 - Daylight,02 - Non-fatal injury,03 - Rear end,Alta Vista
4318,DATA CENTRE RD @ RIVERSIDE DR,368896.9711,5027671.668,-75.68147,45.38605,2017-11-07,5:22:00 PM,01 - Clear,01 - Dry,01 - Traffic signal,02 - Intersection related,07 - Dark,03 - P.D. only,03 - Rear end,Alta Vista
4319,DATA CENTRE RD @ RIVERSIDE DR,368897.1982,5027671.907,-75.68147,45.38605,2017-02-18,8:43:00 AM,01 - Clear,01 - Dry,01 - Traffic signal,02 - Intersection related,01 - Daylight,02 - Non-fatal injury,03 - Rear end,Alta Vista