Record,Location,X,Y,Longitude,Latitude,Date,Time,Environment,Road_Surface,Traffic_Control,Collision_Location,Light,Collision_Classification,Impact_type,Neighborhood
4320,DATA CENTRE RD @ RIVERSIDE DR,368897.449,5027671.361,-75.68147,45.38605,2017-01-28,2:13:00 PM,01 - Clear,02 - Wet,01 - Traffic signal,02 - Intersection related,01 - Daylight,03 - P.D. only,03 - Rear end,Alta Vista
4321,DATA CENTRE RD @ RIVERSIDE DR,368898.4523,5027672.576,-75.68145,45.38606,2017-03-14,4:10:00 PM,03 - Snow,03 - Loose snow,01 - Traffic signal,02 - Intersection related,01 - Daylight,03 - P.D. only,03 - Rear end,Alta Vista
4322,DAVENTRY CRES btwn DEWBERRY CRES & ROSECLIFFE CRT,364695.2973,5016764.591,-75.73644,45.28828,2017-11-27,1:29:00 PM,01 - Clear,05 - Packed snow,10 - No control,01 - Non intersection,01 - Daylight,03 - P.D. only,06 - SMV unattended vehicle,New Barrhaven
4323,DAVID DR @ ROWLEY AVE,364241.1538,5023572.286,-75.74142,45.34958,2017-07-31,10:18:00 AM,01 - Clear,01 - Dry,02 - Stop sign,03 - At intersection,01 - Daylight,03 - P.D. only,02 - Angle,Crestview - Meadowlands
4324,DAVID DR @ WOODROFFE AVE,362980.6896,5022908.178,-75.75758,45.34371,2017-07-22,2:28:00 AM,01 - Clear,01 - Dry,02 - Stop sign,02 - Intersection related,07 - Dark,02 - Non-fatal injury,07 - SMV other,Crestview - Meadowlands
4325,DAVID DR @ WOODROFFE AVE,362981.3306,5022906.219,-75.75757,45.34369,2017-08-04,4:39:00 PM,01 - Clear,01 - Dry,02 - Stop sign,02 - Intersection related,01 - Daylight,02 - Non-fatal injury,02 - Angle,Crestview - Meadowlands
4326,DAVID DR btwn ROWLEY AVE & JOAN ST,364550.5439,5023753.752,-75.73745,45.35118,2017-01-04,12:33:00 PM,01 - Clear,05 - Packed snow,10 - No control,04 - At/near private drive,01 - Daylight,03 - P.D. only,02 - Angle,Crestview - Meadowlands
4327,DAVID MANCHESTER RD btwn PENNYCROSS LANE & Continuation of DAVID MANCH,344513.72,5014946.911,-75.99386,45.27336,2017-07-20,2:30:00 AM,01 - Clear,01 - Dry,10 - No control,01 - Non intersection,07 - Dark,03 - P.D. only,07 - SMV other,Stittsville - Basswood
4328,DAVIDSON RD @ HAWTHORNE RD,376284.2028,5024509.227,-75.58761,45.35688,2017-05-10,7:46:00 AM,01 - Clear,01 - Dry,02 - Stop sign,02 - Intersection related,01 - Daylight,03 - P.D. only,07 - SMV other,Greenbelt
4329,DAVIDSON RD @ HAWTHORNE RD,376283.2316,5024509.277,-75.58762,45.35688,2017-09-19,5:02:00 PM,01 - Clear,01 - Dry,02 - Stop sign,02 - Intersection related,01 - Daylight,03 - P.D. only,03 - Rear end,Greenbelt
4330,DAVIDSON RD btwn BANK ST & CONROY RD,373728.3459,5022955.904,-75.62044,45.34316,2017-03-08,6:49:00 AM,01 - Clear,06 - Ice,10 - No control,01 - Non intersection,01 - Daylight,03 - P.D. only,07 - SMV other,Blossom Park - Blossom Park West - Sawmill Creek/ Timbermill
4331,DAVIDSON RD btwn CONROY RD & HAWTHORNE RD,375419.9518,5024005.595,-75.59871,45.35244,2017-12-12,9:35:00 PM,03 - Snow,03 - Loose snow,10 - No control,01 - Non intersection,07 - Dark,02 - Non-fatal injury,03 - Rear end,Greenbelt
4332,DAZE ST @ 200 W OF BANK ST/SOUTHKEYS SC,371194.1932,5024142.084,-75.65261,45.35408,2017-12-02,10:10:00 PM,01 - Clear,01 - Dry,01 - Traffic signal,03 - At intersection,07 - Dark,03 - P.D. only,05 - Turning movement,South Keys - Heron Gate - Greenboro West
4333,DAZE ST @ 200 W OF BANK ST/SOUTHKEYS SC,371194.1932,5024142.753,-75.65261,45.35409,2017-12-15,11:45:00 PM,03 - Snow,03 - Loose snow,01 - Traffic signal,02 - Intersection related,07 - Dark,03 - P.D. only,03 - Rear end,South Keys - Heron Gate - Greenboro West
4334,DAZE ST btwn HUNT CLUB RD & 200 W OF BANK ST,371269.6896,5023897.627,-75.65168,45.35187,2017-05-26,2:14:00 PM,02 - Rain,02 - Wet,10 - No control,01 - Non intersection,01 - Daylight,03 - P.D. only,07 - SMV other,South Keys - Heron Gate - Greenboro West
4335,DEAKIN ST @ PRINCE OF WALES DR,367390.3767,5021524.157,-75.70149,45.33087,2017-05-14,12:37:00 PM,02 - Rain,02 - Wet,01 - Traffic signal,02 - Intersection related,01 - Daylight,03 - P.D. only,04 - Sideswipe,Industrial Park
4336,DEAKIN ST @ PRINCE OF WALES DR,367391.0456,5021523.488,-75.70148,45.33087,2017-05-25,7:06:00 AM,02 - Rain,02 - Wet,01 - Traffic signal,02 - Intersection related,01 - Daylight,03 - P.D. only,03 - Rear end,Industrial Park
4337,DEAKIN ST @ PRINCE OF WALES DR,367389.7078,5021524.157,-75.7015,45.33087,2017-05-26,8:35:00 AM,01 - Clear,01 - Dry,01 - Traffic signal,02 - Intersection related,01 - Daylight,03 - P.D. only,04 - Sideswipe,Industrial Park
4338,DEAKIN ST @ PRINCE OF WALES DR,367390.2016,5021524.507,-75.70149,45.33088,2017-05-05,1:49:00 PM,02 - Rain,02 - Wet,01 - Traffic signal,02 - Intersection related,01 - Daylight,03 - P.D. only,03 - Rear end,Industrial Park
4339,DEAKIN ST @ PRINCE OF WALES DR,367390.2642,5021522.817,-75.70149,45.33086,2017-09-05,4:15:00 PM,01 - Clear,01 - Dry,01 - Traffic signal,02 - Intersection related,01 - Daylight,03 - P.D. only,04 - Sideswipe,Industrial Park
4340,DEAKIN ST @ PRINCE OF WALES DR,367390.3767,5021522.15,-75.70149,45.33086,2017-11-13,5:10:00 PM,01 - Clear,01 - Dry,01 - Traffic signal,02 - Intersection related,05 - Dusk,03 - P.D. only,03 - Rear end,Industrial Park
4341,DEAKIN ST @ PRINCE OF WALES DR,367389.2774,5021523.727,-75.7015,45.33087,2017-11-03,4:59:00 PM,01 - Clear,01 - Dry,01 - Traffic signal,02 - Intersection related,05 - Dusk,02 - Non-fatal injury,04 - Sideswipe,Industrial Park
4342,DEAKIN ST @ PRINCE OF WALES DR,367391.7966,5021522.131,-75.70147,45.33086,2017-01-27,9:13:00 AM,01 - Clear,01 - Dry,01 - Traffic signal,03 - At intersection,01 - Daylight,03 - P.D. only,02 - Angle,Industrial Park
4343,DEAKIN ST @ PRINCE OF WALES DR,367390.7111,5021523.759,-75.70148,45.33087,2017-01-20,1:07:00 PM,01 - Clear,02 - Wet,01 - Traffic signal,03 - At intersection,01 - Daylight,03 - P.D. only,02 - Angle,Industrial Park
4344,DEAKIN ST @ PRINCE OF WALES DR,367391.0456,5021523.488,-75.70148,45.33087,2017-03-28,1:18:00 PM,01 - Clear,01 - Dry,01 - Traffic signal,03 - At intersection,01 - Daylight,03 - P.D. only,05 - Turning movement,Industrial Park
4345,DEANCOURT CRES btwn BRIARFIELD CRES & BRIARFIELD CRES,383868.3385,5038234.123,-75.48862,45.47955,2017-05-01,5:30:00 PM,02 - Rain,02 - Wet,10 - No control,04 - At/near private drive,01 - Daylight,03 - P.D. only,06 - SMV unattended vehicle,Fallingbrook
4346,DEBRA AVE btwn BELLAMY ST & END,366942.5902,5025492.7,-75.7067,45.36662,2017-12-10,12:00:00 AM,01 - Clear,03 - Loose snow,10 - No control,04 - At/near private drive,00 - Unknown,03 - P.D. only,06 - SMV unattended vehicle,Carleton Heights - Rideauview
4347,DECARIE DR btwn CHATEAU CRES & JEANNE D'ARC BLVD N,380846.5116,5038581.565,-75.52721,45.48302,2017-02-05,11:43:00 AM,03 - Snow,03 - Loose snow,10 - No control,01 - Non intersection,01 - Daylight,03 - P.D. only,01 - Approaching,Orleans South West
4348,DECARIE DR btwn GRENOBLE CRES & GRENOBLE CRES,381090.8091,5038833.033,-75.52405,45.48525,2017-01-08,12:00:00 AM,03 - Snow,03 - Loose snow,10 - No control,01 - Non intersection,00 - Unknown,03 - P.D. only,06 - SMV unattended vehicle,Orleans South West
4349,"DECOEUR, PROMENADE/SOUTHFIELD WAY @ TENTH LINE RD",384551.517,5034726.576,-75.48045,45.44792,2017-09-12,6:48:00 PM,01 - Clear,01 - Dry,02 - Stop sign,02 - Intersection related,01 - Daylight,02 - Non-fatal injury,03 - Rear end,Avalon
4350,"DECOEUR, PROMENADE/SOUTHFIELD WAY @ TENTH LINE RD",384551.517,5034726.576,-75.48045,45.44792,2017-02-09,6:45:00 PM,01 - Clear,01 - Dry,02 - Stop sign,03 - At intersection,07 - Dark,03 - P.D. only,05 - Turning movement,Avalon
4351,"DECOEUR, PROMENADE/SOUTHFIELD WAY @ TENTH LINE RD",384551.517,5034726.576,-75.48045,45.44792,2017-02-04,5:56:00 PM,01 - Clear,01 - Dry,02 - Stop sign,03 - At intersection,05 - Dusk,03 - P.D. only,02 - Angle,Avalon
4352,"DECOEUR, PROMENADE/SOUTHFIELD WAY @ TENTH LINE RD",384551.517,5034726.576,-75.48045,45.44792,2017-12-19,12:47:00 PM,01 - Clear,03 - Loose snow,02 - Stop sign,03 - At intersection,01 - Daylight,02 - Non-fatal injury,07 - SMV other,Avalon
4353,DEERFIELD DR btwn NAVAHO DR & DEERFIELD DR,363421.0829,5024098.363,-75.75182,45.35438,2017-09-13,12:00:00 AM,01 - Clear,01 - Dry,10 - No control,04 - At/near private drive,00 - Unknown,03 - P.D. only,06 - SMV unattended vehicle,Crestview - Meadowlands
4354,DEERFIELD DR btwn NAVAHO DR & DEERFIELD DR,363373.2032,5023946.063,-75.75245,45.35301,2017-10-14,5:30:00 AM,02 - Rain,02 - Wet,10 - No control,01 - Non intersection,07 - Dark,03 - P.D. only,07 - SMV other,Crestview - Meadowlands
4355,DEERFIELD DR btwn NAVAHO DR & DEERFIELD DR,363233.5263,5023985.258,-75.75423,45.35338,2017-04-09,12:00:00 AM,01 - Clear,01 - Dry,10 - No control,01 - Non intersection,00 - Unknown,03 - P.D. only,06 - SMV unattended vehicle,Crestview - Meadowlands
4356,DEERFOX DR @ GLEESON WAY,365615.5821,5015785.484,-75.72483,45.27939,2017-08-01,6:11:00 PM,01 - Clear,01 - Dry,,03 - At intersection,01 - Daylight,03 - P.D. only,04 - Sideswipe,New Barrhaven
4357,DEERFOX DR btwn APPLEDALE DR & BEATRICE DR,365354.6217,5015636.047,-75.72818,45.27807,2017-05-08,4:20:00 PM,01 - Clear,01 - Dry,10 - No control,04 - At/near private drive,01 - Daylight,03 - P.D. only,99 - Other,New Barrhaven
4358,DELAMERE DR @ WEST RIDGE DR,348643.1773,5013722.735,-75.94134,45.2621,2017-03-08,7:43:00 AM,01 - Clear,06 - Ice,02 - Stop sign,02 - Intersection related,01 - Daylight,03 - P.D. only,03 - Rear end,Crossing Bridge
4359,DELTA ST @ STINSON AVE,358164.6611,5020640.257,-75.81927,45.32368,2017-12-24,10:27:00 PM,01 - Clear,03 - Loose snow,03 - Yield sign,03 - At intersection,07 - Dark,03 - P.D. only,02 - Angle,Bells Corners East
4360,DEMETER ST btwn GOSNELL TER & LUDLOWE ST,385814.6554,5037658.95,-75.46382,45.47416,2017-04-22,8:30:00 AM,01 - Clear,01 - Dry,10 - No control,01 - Non intersection,01 - Daylight,03 - P.D. only,06 - SMV unattended vehicle,Cardinal Creek
4361,DENALI WAY btwn END & TONY GEORGE PL,349328.661,5015791.383,-75.93242,45.28067,2017-01-13,11:45:00 AM,01 - Clear,02 - Wet,10 - No control,01 - Non intersection,01 - Daylight,03 - P.D. only,06 - SMV unattended vehicle,Stittsville
4362,DENBURY AVE btwn DOVERCOURT AVE & TILLBURY AVE,362834.702,5027046.84,-75.75896,45.38096,2017-06-05,1:43:00 PM,01 - Clear,01 - Dry,10 - No control,04 - At/near private drive,01 - Daylight,03 - P.D. only,02 - Angle,Carlingwood - McKellar Park - Laurentien View
4363,DENBURY AVE btwn KENWOOD AVE & CROSSFIELD AVE,362650.4846,5027500.314,-75.76125,45.38505,2017-03-31,9:45:00 AM,01 - Clear,01 - Dry,10 - No control,01 - Non intersection,01 - Daylight,03 - P.D. only,06 - SMV unattended vehicle,Carlingwood - McKellar Park - Laurentien View
4364,DENTON WAY btwn GOSNELL TER & GOSNELL TER,385756.362,5037795.509,-75.46454,45.47539,2017-06-02,5:59:00 PM,01 - Clear,01 - Dry,10 - No control,04 - At/near private drive,01 - Daylight,03 - P.D. only,06 - SMV unattended vehicle,Cardinal Creek
4365,DENZIL DOYLE CRT @ TERENCE MATTHEWS CRES,354111.6782,5016590.205,-75.87137,45.28754,2017-11-09,12:15:00 PM,01 - Clear,01 - Dry,10 - No control,02 - Intersection related,01 - Daylight,03 - P.D. only,02 - Angle,Glen Cairn - Kanata South Business Park
4366,D'ERABLE PL btwn DU BOIS AVE & END,381259.3502,5038212.287,-75.52199,45.47965,2017-02-01,9:00:00 PM,01 - Clear,01 - Dry,10 - No control,01 - Non intersection,07 - Dark,03 - P.D. only,06 - SMV unattended vehicle,Orleans South West
4367,DES EPINETTES AVE @ JEANNE D'ARC BLVD,382227.114,5035959.41,-75.50997,45.45927,2017-05-10,4:54:00 PM,01 - Clear,01 - Dry,01 - Traffic signal,02 - Intersection related,01 - Daylight,03 - P.D. only,03 - Rear end,Orleans Village - Chateauneuf
4368,DES EPINETTES AVE @ JEANNE D'ARC BLVD,382226.4137,5035959.24,-75.50997,45.45927,2017-06-29,3:45:00 PM,02 - Rain,02 - Wet,01 - Traffic signal,02 - Intersection related,01 - Daylight,03 - P.D. only,03 - Rear end,Orleans Village - Chateauneuf
4369,DES EPINETTES AVE @ JEANNE D'ARC BLVD,382225.4661,5035958.571,-75.50999,45.45926,2017-08-12,4:00:00 PM,02 - Rain,02 - Wet,01 - Traffic signal,03 - At intersection,01 - Daylight,03 - P.D. only,03 - Rear end,Orleans Village - Chateauneuf
4370,DES EPINETTES AVE @ JEANNE D'ARC BLVD,382227.2215,5035958.335,-75.50996,45.45926,2017-10-23,8:35:00 AM,01 - Clear,01 - Dry,01 - Traffic signal,03 - At intersection,01 - Daylight,03 - P.D. only,03 - Rear end,Orleans Village - Chateauneuf
4371,DES EPINETTES AVE @ JEANNE D'ARC BLVD,382223.8638,5035959.41,-75.51001,45.45927,2017-11-14,12:00:00 PM,01 - Clear,01 - Dry,01 - Traffic signal,03 - At intersection,01 - Daylight,03 - P.D. only,02 - Angle,Orleans Village - Chateauneuf
4372,DES EPINETTES AVE @ JEANNE D'ARC BLVD,382227.2946,5035958.571,-75.50996,45.45926,2017-02-06,11:11:00 AM,01 - Clear,01 - Dry,01 - Traffic signal,02 - Intersection related,01 - Daylight,03 - P.D. only,03 - Rear end,Orleans Village - Chateauneuf
4373,DES EPINETTES AVE @ JEANNE D'ARC BLVD,382227.7514,5035957.903,-75.50996,45.45926,2017-03-06,4:45:00 PM,04 - Freezing Rain,02 - Wet,01 - Traffic signal,02 - Intersection related,01 - Daylight,03 - P.D. only,04 - Sideswipe,Orleans Village - Chateauneuf
4374,DES EPINETTES AVE @ JEANNE D'ARC BLVD,382226.5002,5035958.878,-75.50997,45.45927,2017-03-01,8:37:00 PM,02 - Rain,02 - Wet,01 - Traffic signal,03 - At intersection,07 - Dark,02 - Non-fatal injury,05 - Turning movement,Orleans Village - Chateauneuf
4375,DES EPINETTES AVE @ PRESTWICK DR,383333.0891,5036664.57,-75.49571,45.46549,2017-06-22,2:15:00 PM,01 - Clear,01 - Dry,02 - Stop sign,03 - At intersection,01 - Daylight,03 - P.D. only,02 - Angle,Queenswood Heights
4376,DES EPINETTES AVE @ PRESTWICK DR,383334.2855,5036664.863,-75.4957,45.4655,2017-01-21,6:48:00 PM,02 - Rain,02 - Wet,02 - Stop sign,03 - At intersection,07 - Dark,03 - P.D. only,02 - Angle,Queenswood Heights
4377,DES GRANDS CHAMPS btwn BRETTON PL & CAVALIER WAY (2),380583.5148,5033295.283,-75.53139,45.43548,2017-01-27,12:00:00 AM,01 - Clear,04 - Slush,10 - No control,01 - Non intersection,00 - Unknown,03 - P.D. only,06 - SMV unattended vehicle,Chapel Hill South
4378,DES GRIVES CRES btwn DES SERINS LANE & SUNVIEW DR (2),381668.2823,5036756.501,-75.51699,45.46651,2017-08-15,7:30:00 AM,01 - Clear,01 - Dry,10 - No control,04 - At/near private drive,01 - Daylight,03 - P.D. only,06 - SMV unattended vehicle,Orleans Village - Chateauneuf
4379,DES PERES BLANCS AVE @ DES PERES BLANCS AVE,370453.8198,5034079.86,-75.66074,45.44357,2017-09-21,12:00:00 PM,01 - Clear,01 - Dry,10 - No control,02 - Intersection related,01 - Daylight,03 - P.D. only,06 - SMV unattended vehicle,Vanier North
4380,DES PERES BLANCS AVE btwn JOLLIET AVE & LAVERGNE ST,370285.6897,5033904.006,-75.66291,45.442,2017-10-02,10:33:00 AM,01 - Clear,01 - Dry,10 - No control,01 - Non intersection,01 - Daylight,03 - P.D. only,06 - SMV unattended vehicle,Vanier North
4381,DES PERES BLANCS AVE btwn JOLLIET AVE & LAVERGNE ST,370268.9632,5033886.176,-75.66313,45.44184,2017-03-08,3:22:00 PM,01 - Clear,01 - Dry,10 - No control,04 - At/near private drive,01 - Daylight,03 - P.D. only,99 - Other,Vanier North
4382,DES RAVINS PL btwn FOREST VALLEY DR & FOREST VALLEY DR,380092.4028,5035146.866,-75.53738,45.4522,2017-12-21,12:40:00 PM,01 - Clear,01 - Dry,10 - No control,04 - At/near private drive,01 - Daylight,03 - P.D. only,06 - SMV unattended vehicle,Chapel Hill
4383,DES SOLDATS-RIENDEAU ST btwn ANDRE AUDET AVE & RIVER MIST RD,364883.164,5011750.429,-75.73466,45.24315,2017-03-04,5:45:00 AM,01 - Clear,01 - Dry,10 - No control,01 - Non intersection,07 - Dark,03 - P.D. only,06 - SMV unattended vehicle,New Barrhaven
4384,DESCHAMPS AVE @ DUROCHER ST,370018.0861,5033304.324,-75.66641,45.43663,2017-01-11,12:30:00 PM,01 - Clear,04 - Slush,02 - Stop sign,02 - Intersection related,01 - Daylight,03 - P.D. only,02 - Angle,Vanier North
4385,DESCHAMPS AVE @ HANNAH ST,370163.583,5033319.59,-75.66455,45.43675,2017-11-03,11:37:00 PM,01 - Clear,01 - Dry,02 - Stop sign,03 - At intersection,07 - Dark,03 - P.D. only,03 - Rear end,Vanier North
4386,DESCHAMPS AVE @ HANNAH ST,370162.6124,5033317.947,-75.66456,45.43674,2017-01-13,6:15:00 PM,01 - Clear,01 - Dry,02 - Stop sign,03 - At intersection,07 - Dark,03 - P.D. only,02 - Angle,Vanier North
4387,DESCHAMPS AVE @ VANIER PKWY,369852.0471,5033268.929,-75.66854,45.43633,2017-06-05,3:40:00 PM,01 - Clear,01 - Dry,01 - Traffic signal,02 - Intersection related,01 - Daylight,03 - P.D. only,03 - Rear end,Vanier North
4388,DESCHAMPS AVE @ VANIER PKWY,369851.7126,5033267.368,-75.66854,45.43631,2017-09-12,5:10:00 PM,01 - Clear,01 - Dry,01 - Traffic signal,03 - At intersection,01 - Daylight,02 - Non-fatal injury,05 - Turning movement,Vanier North
4389,DESCHAMPS AVE @ VANIER PKWY,369851.7445,5033267.601,-75.66854,45.43631,2017-02-10,8:43:00 AM,01 - Clear,01 - Dry,01 - Traffic signal,03 - At intersection,01 - Daylight,03 - P.D. only,02 - Angle,Vanier North
4390,DESCHAMPS AVE btwn HANNAH ST & OLMSTEAD ST,370207.053,5033326.027,-75.66399,45.43681,2017-07-19,4:59:00 PM,01 - Clear,01 - Dry,10 - No control,04 - At/near private drive,01 - Daylight,02 - Non-fatal injury,06 - SMV unattended vehicle,Vanier North
4391,DEVINE RD @ FRANK KENNY RD,393676.1748,5023504.278,-75.36584,45.34585,2017-12-30,7:36:00 PM,01 - Clear,06 - Ice,02 - Stop sign,02 - Intersection related,07 - Dark,03 - P.D. only,07 - SMV other,Navan - Vars
4392,DEVINE RD @ FRONTIER RD,389638.1725,5021966.139,-75.41763,45.33251,2017-12-12,7:26:00 AM,03 - Snow,03 - Loose snow,02 - Stop sign,02 - Intersection related,03 - Dawn,03 - P.D. only,07 - SMV other,Navan - Vars
4393,DEVINE RD @ ROCKDALE RD,394886.8733,5024095.787,-75.35029,45.35102,2017-07-02,5:33:00 PM,02 - Rain,02 - Wet,02 - Stop sign,03 - At intersection,01 - Daylight,03 - P.D. only,02 - Angle,Navan - Vars
4394,DEVINE RD @ ROCKDALE RD,394888.9695,5024095.91,-75.35026,45.35102,2017-01-24,8:19:00 AM,04 - Freezing Rain,06 - Ice,02 - Stop sign,03 - At intersection,01 - Daylight,03 - P.D. only,02 - Angle,Navan - Vars
4395,DEVONWOOD CIRC btwn TUNDRA SWAN BAY & HATCHLEY RD,375419.6309,5020510.982,-75.59921,45.321,2017-06-02,3:09:00 AM,01 - Clear,02 - Wet,10 - No control,01 - Non intersection,07 - Dark,03 - P.D. only,07 - SMV other,Greenbelt
4396,DIAMONDVIEW RD @ THOMAS A. DOLAN PKWY,335556.5135,5025182.005,-76.10737,45.36591,2017-09-27,11:16:00 AM,01 - Clear,01 - Dry,02 - Stop sign,03 - At intersection,01 - Daylight,02 - Non-fatal injury,02 - Angle,Car
4397,DIAMONDVIEW RD @ THOMAS A. DOLAN PKWY,335556.1791,5025183.22,-76.10738,45.36592,2017-04-22,3:39:00 PM,01 - Clear,01 - Dry,02 - Stop sign,03 - At intersection,01 - Daylight,03 - P.D. only,02 - Angle,Car
4398,DIAMONDVIEW RD btwn BAIRD SIDE RD & THOMAS A. DOLAN PKWY,333615.1928,5027191.34,-76.13204,45.38407,2017-11-14,3:53:00 PM,01 - Clear,01 - Dry,10 - No control,01 - Non intersection,01 - Daylight,02 - Non-fatal injury,07 - SMV other,Car
4399,DIEPPE ST btwn MCARTHUR AVE & END,371338.897,5032666.907,-75.64962,45.43077,2017-01-18,12:00:00 AM,03 - Snow,05 - Packed snow,10 - No control,04 - At/near private drive,00 - Unknown,03 - P.D. only,06 - SMV unattended vehicle,Castle Heights
4400,DILWORTH RD btwn FOURTH LINE RD & HWY416 IC42 RAMP34,371045.0278,4994896.146,-75.65841,45.09094,2017-03-03,7:08:00 PM,01 - Clear,01 - Dry,10 - No control,01 - Non intersection,07 - Dark,03 - P.D. only,07 - SMV other,Manotick - North Gower
4401,DOMALATCHY PL @ WOODROFFE AVE,362404.2414,5024139.51,-75.76479,45.35483,2017-10-05,6:46:00 PM,01 - Clear,01 - Dry,02 - Stop sign,02 - Intersection related,05 - Dusk,03 - P.D. only,03 - Rear end,Iris
4402,DOMALATCHY PL @ WOODROFFE AVE,362404.6507,5024138.794,-75.76479,45.35483,2017-12-14,12:48:00 PM,01 - Clear,04 - Slush,02 - Stop sign,03 - At intersection,01 - Daylight,03 - P.D. only,03 - Rear end,Iris
4403,DOMALATCHY PL @ WOODROFFE AVE,362403.6949,5024140.636,-75.7648,45.35484,2017-03-23,1:30:00 PM,01 - Clear,01 - Dry,02 - Stop sign,02 - Intersection related,01 - Daylight,03 - P.D. only,03 - Rear end,Iris
4404,DONALD B. MUNRO DR btwn CARRYS SIDE RD & GRANTS SIDE RD,330958.5405,5026098.146,-76.16602,45.37434,2017-02-04,10:21:00 PM,01 - Clear,03 - Loose snow,10 - No control,01 - Non intersection,07 - Dark,03 - P.D. only,07 - SMV other,Car
4405,DONALD B. MUNRO DR btwn CRAIG'S SIDE RD & FARMLAND RD,339069.4261,5022997.946,-76.06268,45.34609,2017-05-29,5:24:00 AM,01 - Clear,01 - Dry,10 - No control,01 - Non intersection,03 - Dawn,03 - P.D. only,07 - SMV other,Carp - Hardwood Plains
4406,DONALD B. MUNRO DR btwn FALLDOWN LANE & CARP RD,340975.6715,5022902.418,-76.03836,45.34514,2017-12-13,10:14:00 AM,03 - Snow,03 - Loose snow,10 - No control,04 - At/near private drive,01 - Daylight,03 - P.D. only,07 - SMV other,Carp
4407,DONALD B. MUNRO DR btwn JOHN SHAW RD & WILLIAM HODGINS LANE,334969.6578,5023670.843,-76.11496,45.35233,2017-09-27,1:21:00 PM,01 - Clear,01 - Dry,10 - No control,01 - Non intersection,01 - Daylight,03 - P.D. only,07 - SMV other,Carp - Hardwood Plains
4408,DONALD B. MUNRO DR btwn VAUGHAN SIDE RD & DIAMONDVIEW RD,337698.6734,5021782.266,-76.08026,45.33522,2017-07-25,12:48:00 PM,01 - Clear,01 - Dry,10 - No control,01 - Non intersection,01 - Daylight,02 - Non-fatal injury,07 - SMV other,Carp - Hardwood Plains
4409,DONALD B. MUNRO DR btwn VAUGHAN SIDE RD & DIAMONDVIEW RD,337679.1303,5021758.681,-76.08051,45.33501,2017-11-26,7:50:00 PM,03 - Snow,03 - Loose snow,10 - No control,01 - Non intersection,07 - Dark,03 - P.D. only,07 - SMV other,Carp - Hardwood Plains
4410,DONALD B. MUNRO DR/OLD CARP RD W @ MARCH RD,343096.2483,5022593.269,-76.01133,45.34224,2017-05-30,5:19:00 PM,02 - Rain,02 - Wet,02 - Stop sign,03 - At intersection,01 - Daylight,03 - P.D. only,02 - Angle,Stittsville - Basswood
4411,DONALD B. MUNRO DR/OLD CARP RD W @ MARCH RD,343092.127,5022592.903,-76.01138,45.34224,2017-01-15,5:05:00 PM,01 - Clear,01 - Dry,02 - Stop sign,03 - At intersection,05 - Dusk,03 - P.D. only,02 - Angle,Carp - Hardwood Plains
4412,DONALD ST @ ELAINE DR,372332.075,5032481.132,-75.63695,45.429,2017-10-12,11:54:00 AM,01 - Clear,01 - Dry,01 - Traffic signal,02 - Intersection related,01 - Daylight,03 - P.D. only,03 - Rear end,Cummings
4413,DONALD ST @ EVE ST,370914.2201,5032338.207,-75.65509,45.42785,2017-02-12,6:15:00 PM,03 - Snow,03 - Loose snow,02 - Stop sign,03 - At intersection,07 - Dark,02 - Non-fatal injury,05 - Turning movement,Overbrook
4414,DONALD ST @ NORTH RIVER RD,369968.0514,5032233.251,-75.66719,45.427,2017-04-21,3:51:00 PM,02 - Rain,02 - Wet,02 - Stop sign,03 - At intersection,01 - Daylight,03 - P.D. only,02 - Angle,Overbrook
4415,DONALD ST @ PAUL EMILE LAMARCHE,371362.3552,5032388.034,-75.64936,45.42826,2017-10-07,4:28:00 PM,01 - Clear,01 - Dry,02 - Stop sign,03 - At intersection,01 - Daylight,02 - Non-fatal injury,03 - Rear end,Overbrook
4416,DONALD ST @ QUILL ST,370700.9404,5032316.049,-75.65782,45.42767,2017-02-15,6:24:00 PM,02 - Rain,03 - Loose snow,01 - Traffic signal,02 - Intersection related,07 - Dark,03 - P.D. only,03 - Rear end,Vanier South
4417,DONALD ST @ ST. LAURENT BLVD,372094.0474,5032471.916,-75.64,45.42894,2017-06-14,1:05:00 PM,01 - Clear,01 - Dry,01 - Traffic signal,02 - Intersection related,01 - Daylight,03 - P.D. only,03 - Rear end,Overbrook
4418,DONALD ST @ ST. LAURENT BLVD,372092.7096,5032473.254,-75.64001,45.42896,2017-05-15,4:00:00 PM,01 - Clear,01 - Dry,01 - Traffic signal,03 - At intersection,01 - Daylight,03 - P.D. only,02 - Angle,Overbrook
4419,DONALD ST @ ST. LAURENT BLVD,372094.7162,5032470.578,-75.63999,45.42893,2017-05-26,3:12:00 PM,02 - Rain,02 - Wet,01 - Traffic signal,03 - At intersection,01 - Daylight,03 - P.D. only,03 - Rear end,Overbrook
4420,DONALD ST @ ST. LAURENT BLVD,372094.7162,5032471.247,-75.63999,45.42894,2017-06-12,10:32:00 PM,01 - Clear,01 - Dry,01 - Traffic signal,03 - At intersection,07 - Dark,02 - Non-fatal injury,02 - Angle,Overbrook
4421,DONALD ST @ ST. LAURENT BLVD,372094.1863,5032471.401,-75.63999,45.42894,2017-08-23,1:39:00 PM,01 - Clear,01 - Dry,01 - Traffic signal,03 - At intersection,01 - Daylight,03 - P.D. only,05 - Turning movement,Overbrook