Record,Location,X,Y,Longitude,Latitude,Date,Time,Environment,Road_Surface,Traffic_Control,Collision_Location,Light,Collision_Classification,Impact_type,Neighborhood
4422,DONALD ST @ ST. LAURENT BLVD,372093.0719,5032471.944,-75.64001,45.42894,2017-08-13,12:26:00 PM,01 - Clear,01 - Dry,01 - Traffic signal,03 - At intersection,01 - Daylight,03 - P.D. only,05 - Turning movement,Overbrook
4423,DONALD ST @ ST. LAURENT BLVD,372093.7129,5032472.904,-75.64,45.42895,2017-07-21,6:13:00 PM,01 - Clear,01 - Dry,01 - Traffic signal,03 - At intersection,01 - Daylight,02 - Non-fatal injury,05 - Turning movement,Overbrook
4424,DONALD ST @ ST. LAURENT BLVD,372093.7129,5032473.295,-75.64,45.42896,2017-10-05,1:12:00 PM,01 - Clear,01 - Dry,01 - Traffic signal,02 - Intersection related,01 - Daylight,03 - P.D. only,04 - Sideswipe,Overbrook
4425,DONALD ST @ ST. LAURENT BLVD,372093.266,5032472.808,-75.64,45.42895,2017-09-11,6:23:00 PM,01 - Clear,01 - Dry,01 - Traffic signal,02 - Intersection related,01 - Daylight,03 - P.D. only,03 - Rear end,Overbrook
4426,DONALD ST @ ST. LAURENT BLVD,372093.2395,5032473.768,-75.64001,45.42896,2017-09-24,11:48:00 AM,01 - Clear,01 - Dry,01 - Traffic signal,02 - Intersection related,01 - Daylight,03 - P.D. only,03 - Rear end,Overbrook
4427,DONALD ST @ ST. LAURENT BLVD,372093.7129,5032471.468,-75.64,45.42894,2017-09-14,11:53:00 AM,01 - Clear,01 - Dry,01 - Traffic signal,02 - Intersection related,01 - Daylight,03 - P.D. only,03 - Rear end,Overbrook
4428,DONALD ST @ ST. LAURENT BLVD,372094.2594,5032472.038,-75.63999,45.42894,2017-10-06,9:25:00 AM,01 - Clear,01 - Dry,01 - Traffic signal,03 - At intersection,01 - Daylight,03 - P.D. only,05 - Turning movement,Overbrook
4429,DONALD ST @ ST. LAURENT BLVD,372093.2395,5032472.348,-75.64001,45.42895,2017-09-14,4:22:00 PM,01 - Clear,01 - Dry,01 - Traffic signal,02 - Intersection related,01 - Daylight,03 - P.D. only,03 - Rear end,Overbrook
4430,DONALD ST @ ST. LAURENT BLVD,372094.7162,5032471.916,-75.63999,45.42894,2017-10-03,2:10:00 PM,01 - Clear,01 - Dry,01 - Traffic signal,03 - At intersection,01 - Daylight,02 - Non-fatal injury,05 - Turning movement,Overbrook
4431,DONALD ST @ ST. LAURENT BLVD,372093.2395,5032471.875,-75.64001,45.42894,2017-10-20,10:31:00 AM,01 - Clear,01 - Dry,01 - Traffic signal,03 - At intersection,01 - Daylight,02 - Non-fatal injury,05 - Turning movement,Overbrook
4432,DONALD ST @ ST. LAURENT BLVD,372094.6687,5032473.78,-75.63999,45.42896,2017-11-01,1:49:00 PM,01 - Clear,01 - Dry,01 - Traffic signal,02 - Intersection related,01 - Daylight,03 - P.D. only,03 - Rear end,Overbrook
4433,DONALD ST @ ST. LAURENT BLVD,372094.6597,5032472.348,-75.63999,45.42895,2017-12-13,6:35:00 PM,03 - Snow,05 - Packed snow,01 - Traffic signal,03 - At intersection,07 - Dark,02 - Non-fatal injury,03 - Rear end,Overbrook
4434,DONALD ST @ ST. LAURENT BLVD,372092.7096,5032473.923,-75.64001,45.42896,2017-12-01,1:37:00 AM,01 - Clear,02 - Wet,01 - Traffic signal,02 - Intersection related,07 - Dark,02 - Non-fatal injury,07 - SMV other,Overbrook
4435,DONALD ST @ ST. LAURENT BLVD,372094.0474,5032472.585,-75.64,45.42895,2017-11-26,8:44:00 AM,01 - Clear,01 - Dry,01 - Traffic signal,03 - At intersection,01 - Daylight,03 - P.D. only,02 - Angle,Overbrook
4436,DONALD ST @ ST. LAURENT BLVD,372093.3785,5032473.254,-75.64,45.42896,2017-11-30,1:11:00 AM,01 - Clear,01 - Dry,01 - Traffic signal,03 - At intersection,07 - Dark,03 - P.D. only,04 - Sideswipe,Overbrook
4437,DONALD ST @ ST. LAURENT BLVD,372093.7129,5032472.359,-75.64,45.42895,2017-12-08,2:54:00 PM,01 - Clear,01 - Dry,01 - Traffic signal,03 - At intersection,01 - Daylight,03 - P.D. only,05 - Turning movement,Overbrook
4438,DONALD ST @ ST. LAURENT BLVD,372093.2619,5032473.261,-75.64,45.42896,2017-12-07,2:30:00 PM,01 - Clear,01 - Dry,01 - Traffic signal,03 - At intersection,01 - Daylight,03 - P.D. only,05 - Turning movement,Overbrook
4439,DONALD ST @ ST. LAURENT BLVD,372094.0474,5032472.585,-75.64,45.42895,2017-11-27,12:00:00 PM,01 - Clear,01 - Dry,01 - Traffic signal,02 - Intersection related,01 - Daylight,03 - P.D. only,03 - Rear end,Overbrook
4440,DONALD ST @ ST. LAURENT BLVD,372092.6274,5032473.399,-75.64001,45.42896,2017-01-10,5:00:00 PM,03 - Snow,04 - Slush,01 - Traffic signal,03 - At intersection,05 - Dusk,03 - P.D. only,05 - Turning movement,Overbrook
4441,DONALD ST @ ST. LAURENT BLVD,372092.9624,5032472.96,-75.64001,45.42895,2017-02-13,1:15:00 AM,03 - Snow,04 - Slush,01 - Traffic signal,02 - Intersection related,07 - Dark,03 - P.D. only,04 - Sideswipe,Overbrook
4442,DONALD ST @ ST. LAURENT BLVD,372093.7129,5032473.711,-75.64,45.42896,2017-01-16,11:25:00 AM,01 - Clear,01 - Dry,01 - Traffic signal,03 - At intersection,01 - Daylight,02 - Non-fatal injury,07 - SMV other,Overbrook
4443,DONALD ST @ ST. LAURENT BLVD,372092.7096,5032473.254,-75.64001,45.42896,2017-03-24,10:37:00 AM,03 - Snow,03 - Loose snow,01 - Traffic signal,02 - Intersection related,01 - Daylight,03 - P.D. only,03 - Rear end,Overbrook
4444,DONALD ST @ ST. LAURENT BLVD,372094.7162,5032473.923,-75.63999,45.42896,2017-02-28,7:55:00 AM,01 - Clear,01 - Dry,01 - Traffic signal,02 - Intersection related,01 - Daylight,03 - P.D. only,03 - Rear end,Overbrook
4445,DONALD ST @ ST. LAURENT BLVD,372093.3785,5032471.916,-75.64,45.42894,2017-03-10,3:51:00 PM,01 - Clear,01 - Dry,01 - Traffic signal,03 - At intersection,01 - Daylight,02 - Non-fatal injury,05 - Turning movement,Overbrook
4446,DONALD ST @ ST. LAURENT BLVD,372093.2395,5032473.768,-75.64001,45.42896,2017-03-04,4:23:00 PM,01 - Clear,01 - Dry,01 - Traffic signal,02 - Intersection related,01 - Daylight,03 - P.D. only,04 - Sideswipe,Overbrook
4447,DONALD ST @ ST. LAURENT BLVD,372094.1863,5032471.875,-75.63999,45.42894,2017-12-22,6:51:00 PM,01 - Clear,04 - Slush,01 - Traffic signal,03 - At intersection,07 - Dark,02 - Non-fatal injury,05 - Turning movement,Overbrook
4448,DONALD ST @ ST. LAURENT BLVD,372093.7129,5032471.908,-75.64,45.42894,2017-12-29,9:19:00 PM,01 - Clear,01 - Dry,01 - Traffic signal,03 - At intersection,07 - Dark,03 - P.D. only,07 - SMV other,Overbrook
4449,DONALD ST @ TELFORD AVE,371697.607,5032428.241,-75.64507,45.42859,2017-08-17,5:20:00 PM,01 - Clear,01 - Dry,01 - Traffic signal,02 - Intersection related,01 - Daylight,03 - P.D. only,03 - Rear end,Overbrook
4450,DONALD ST @ VANIER PKWY,370312.6689,5032270.824,-75.66279,45.4273,2017-08-27,10:57:00 PM,01 - Clear,01 - Dry,01 - Traffic signal,02 - Intersection related,07 - Dark,03 - P.D. only,03 - Rear end,Overbrook
4451,DONALD ST @ VANIER PKWY,370311.7131,5032269.628,-75.6628,45.42729,2017-08-01,10:03:00 PM,01 - Clear,01 - Dry,01 - Traffic signal,03 - At intersection,07 - Dark,03 - P.D. only,05 - Turning movement,Overbrook
4452,DONALD ST @ VANIER PKWY,370311.9498,5032271.295,-75.66279,45.42731,2017-10-28,7:48:00 PM,01 - Clear,02 - Wet,01 - Traffic signal,03 - At intersection,07 - Dark,02 - Non-fatal injury,05 - Turning movement,Overbrook
4453,DONALD ST @ VANIER PKWY,370312.1865,5032269.875,-75.66279,45.42729,2017-09-16,8:26:00 PM,01 - Clear,01 - Dry,01 - Traffic signal,03 - At intersection,07 - Dark,03 - P.D. only,05 - Turning movement,Overbrook
4454,DONALD ST @ VANIER PKWY,370311.3787,5032272.592,-75.6628,45.42732,2017-12-05,4:59:00 PM,01 - Clear,01 - Dry,01 - Traffic signal,03 - At intersection,05 - Dusk,03 - P.D. only,02 - Angle,Vanier South
4455,DONALD ST @ VANIER PKWY,370312.0476,5032271.923,-75.66279,45.42731,2017-03-08,6:54:00 PM,01 - Clear,01 - Dry,01 - Traffic signal,03 - At intersection,05 - Dusk,03 - P.D. only,05 - Turning movement,Overbrook
4456,DONALD ST @ VANIER PKWY,370311.3787,5032269.917,-75.6628,45.42729,2017-03-17,11:15:00 AM,01 - Clear,01 - Dry,01 - Traffic signal,03 - At intersection,01 - Daylight,02 - Non-fatal injury,02 - Angle,Overbrook
4457,DONALD ST @ VANIER PKWY,370312.0476,5032272.592,-75.66279,45.42732,2017-04-01,12:20:00 PM,01 - Clear,01 - Dry,01 - Traffic signal,02 - Intersection related,01 - Daylight,03 - P.D. only,04 - Sideswipe,Vanier South
4458,DONALD ST @ VANIER PKWY,370312.7164,5032272.592,-75.66278,45.42732,2017-03-17,6:36:00 AM,01 - Clear,01 - Dry,01 - Traffic signal,02 - Intersection related,01 - Daylight,03 - P.D. only,03 - Rear end,Vanier South
4459,DONALD ST @ VANIER PKWY,370311.3787,5032269.917,-75.6628,45.42729,2017-02-21,3:38:00 PM,01 - Clear,02 - Wet,01 - Traffic signal,02 - Intersection related,01 - Daylight,03 - P.D. only,03 - Rear end,Overbrook
4460,DONALD ST @ VANIER PKWY,370312.6689,5032271.78,-75.66278,45.42731,2017-12-22,6:39:00 PM,01 - Clear,01 - Dry,01 - Traffic signal,02 - Intersection related,07 - Dark,03 - P.D. only,03 - Rear end,Overbrook
4461,DONALD ST btwn 48 E  PAUL EMILE LAMARCHE & AVE. PAUL EMILE LAMARCHE AVE,371383.2483,5032388.283,-75.64909,45.42826,2017-07-05,5:29:00 PM,01 - Clear,01 - Dry,10 - No control,04 - At/near private drive,01 - Daylight,03 - P.D. only,03 - Rear end,Overbrook
4462,DONALD ST btwn BARNABY PRIV & TELFORD AVE,371687.7907,5032426.253,-75.64519,45.42857,2017-12-23,7:17:00 PM,03 - Snow,06 - Ice,10 - No control,01 - Non intersection,07 - Dark,03 - P.D. only,03 - Rear end,Overbrook
4463,DONALD ST btwn ELAINE DR & FINDON GT,372401.9619,5032455.836,-75.63606,45.42877,2017-11-10,5:55:00 PM,01 - Clear,01 - Dry,10 - No control,04 - At/near private drive,07 - Dark,03 - P.D. only,02 - Angle,Cummings
4464,DONALD ST btwn FINDON GT & BELGATE WAY,372479.15,5032427.633,-75.63508,45.42851,2017-02-28,4:34:00 PM,01 - Clear,01 - Dry,10 - No control,04 - At/near private drive,01 - Daylight,03 - P.D. only,02 - Angle,Cummings
4465,DONALD ST btwn GL/OT BOUNDARY & 110 E OF ST. LAURENT BLVD,372147.204,5032478.975,-75.63931,45.429,2017-12-22,3:29:00 PM,01 - Clear,01 - Dry,10 - No control,04 - At/near private drive,01 - Daylight,03 - P.D. only,02 - Angle,Cummings
4466,DONALD ST btwn LOLA ST & AVE. DU PERE CHARLEBOIS AVE,371120.0448,5032361.223,-75.65246,45.42804,2017-02-14,6:23:00 PM,03 - Snow,03 - Loose snow,10 - No control,01 - Non intersection,07 - Dark,02 - Non-fatal injury,04 - Sideswipe,Overbrook
4467,DONALD ST btwn LOLA ST & AVE. DU PERE CHARLEBOIS AVE,371105.7251,5032360.441,-75.65264,45.42803,2017-03-24,9:26:00 AM,03 - Snow,03 - Loose snow,10 - No control,04 - At/near private drive,01 - Daylight,03 - P.D. only,07 - SMV other,Overbrook
4468,DONALD ST btwn QUILL ST & BEAUDRY ST,370815.4937,5032326.395,-75.65635,45.42776,2017-09-07,10:47:00 AM,01 - Clear,01 - Dry,10 - No control,01 - Non intersection,01 - Daylight,03 - P.D. only,07 - SMV other,Overbrook
4469,DONALD ST btwn TELFORD AVE & OKEE ST,371847.0987,5032442.8,-75.64315,45.4287,2017-09-02,7:25:00 AM,01 - Clear,01 - Dry,10 - No control,04 - At/near private drive,03 - Dawn,03 - P.D. only,06 - SMV unattended vehicle,Overbrook
4470,DONALD ST btwn VERA ST & QUILL ST,370591.5708,5032300.366,-75.65922,45.42754,2017-05-06,2:43:00 AM,01 - Clear,01 - Dry,10 - No control,01 - Non intersection,07 - Dark,03 - P.D. only,06 - SMV unattended vehicle,Overbrook
4471,DONALD ST btwn VERA ST & QUILL ST,370595.8584,5032300.366,-75.65916,45.42754,2017-05-06,3:55:00 AM,02 - Rain,02 - Wet,10 - No control,01 - Non intersection,07 - Dark,02 - Non-fatal injury,06 - SMV unattended vehicle,Overbrook
4472,DONNELLY DR @ MERLYN WILSON RD,369256.6776,4990839.429,-75.68165,45.0546,2017-06-01,6:30:00 AM,01 - Clear,01 - Dry,02 - Stop sign,02 - Intersection related,01 - Daylight,03 - P.D. only,03 - Rear end,Munster Hamlet - Richmond
4473,DONNELLY DR @ MERLYN WILSON RD,369252.6897,4990840.878,-75.6817,45.05462,2017-05-26,3:54:00 PM,01 - Clear,01 - Dry,02 - Stop sign,03 - At intersection,01 - Daylight,02 - Non-fatal injury,02 - Angle,Munster Hamlet - Richmond
4474,DONNELLY DR @ MERLYN WILSON RD,369252.6897,4990842.216,-75.6817,45.05463,2017-11-12,1:23:00 PM,01 - Clear,01 - Dry,02 - Stop sign,03 - At intersection,01 - Daylight,03 - P.D. only,02 - Angle,Munster Hamlet - Richmond
4475,DONNELLY DR @ MERLYN WILSON RD,369254.0275,4990842.885,-75.68168,45.05464,2017-04-01,5:04:00 PM,01 - Clear,01 - Dry,02 - Stop sign,03 - At intersection,01 - Daylight,02 - Non-fatal injury,02 - Angle,Munster Hamlet - Richmond
4476,DONNELLY DR btwn BURRITTS AVE & JOE DREW LANE,361539.8731,4983442.762,-75.78045,44.98871,2017-03-20,6:01:00 PM,01 - Clear,01 - Dry,10 - No control,01 - Non intersection,05 - Dusk,03 - P.D. only,07 - SMV other,Munster Hamlet - Richmond
4477,DONNELLY DR btwn Continuation of DONNELLY DR & MILL POND LANE,358125.5196,4981311.787,-75.82397,44.96979,2017-11-19,6:03:00 AM,03 - Snow,05 - Packed snow,10 - No control,01 - Non intersection,07 - Dark,03 - P.D. only,07 - SMV other,Munster Hamlet - Richmond
4478,DONNELLY DR btwn FAIRMILE RD & FOURTH LINE RD,371940.7766,4993069.506,-75.64728,45.07442,2017-06-03,7:33:00 PM,01 - Clear,01 - Dry,10 - No control,01 - Non intersection,01 - Daylight,03 - P.D. only,07 - SMV other,Manotick - North Gower
4479,DONNELLY DR btwn FAIRMILE RD & FOURTH LINE RD,371848.7007,4992682.305,-75.6485,45.07095,2017-10-26,7:50:00 PM,01 - Clear,01 - Dry,10 - No control,01 - Non intersection,07 - Dark,03 - P.D. only,07 - SMV other,Manotick - North Gower
4480,DONNELLY DR btwn FAIRMILE RD & FOURTH LINE RD,371938.1128,4992841.458,-75.64734,45.07237,2017-01-04,4:36:00 PM,03 - Snow,03 - Loose snow,10 - No control,04 - At/near private drive,01 - Daylight,03 - P.D. only,04 - Sideswipe,Manotick - North Gower
4481,DONNELLY DR btwn HARNETT RD & MALAKOFF RD,367802.241,4989567.803,-75.70027,45.04329,2017-06-14,11:38:00 AM,01 - Clear,01 - Dry,10 - No control,01 - Non intersection,01 - Daylight,03 - P.D. only,07 - SMV other,Munster Hamlet - Richmond
4482,DONNELLY DR btwn MERLYN WILSON RD & MCCORDICK RD,369666.2837,4991203.687,-75.6764,45.05784,2017-06-25,1:13:00 AM,01 - Clear,01 - Dry,10 - No control,01 - Non intersection,07 - Dark,03 - P.D. only,07 - SMV other,Munster Hamlet - Richmond
4483,DONNELLY DR btwn MERLYN WILSON RD & MCCORDICK RD,370022.7924,4991517.282,-75.67183,45.06063,2017-08-19,1:00:00 AM,01 - Clear,01 - Dry,10 - No control,01 - Non intersection,07 - Dark,03 - P.D. only,07 - SMV other,Munster Hamlet - Richmond
4484,DONNELLY DR btwn MERLYN WILSON RD & MCCORDICK RD,370037.3658,4991531.893,-75.67165,45.06076,2017-12-14,9:48:00 PM,01 - Clear,02 - Wet,10 - No control,01 - Non intersection,07 - Dark,03 - P.D. only,07 - SMV other,Munster Hamlet - Richmond
4485,DONNELLY DR btwn MERLYN WILSON RD & MCCORDICK RD,370189.8742,4991664.335,-75.66969,45.06194,2017-04-03,12:54:00 AM,01 - Clear,01 - Dry,10 - No control,01 - Non intersection,07 - Dark,02 - Non-fatal injury,07 - SMV other,Munster Hamlet - Richmond
4486,DONNELLY DR btwn REDDICK LANE & HARNETT RD,365418.5412,4987476.074,-75.73078,45.02468,2017-04-04,10:10:00 PM,02 - Rain,02 - Wet,10 - No control,01 - Non intersection,07 - Dark,03 - P.D. only,07 - SMV other,Munster Hamlet - Richmond
4487,DONNELLY DR btwn WEEDMARK RD & REDDICK LANE,363109.7318,4985427.849,-75.76031,45.00644,2017-05-18,9:17:00 PM,01 - Clear,01 - Dry,10 - No control,01 - Non intersection,07 - Dark,03 - P.D. only,07 - SMV other,Munster Hamlet - Richmond
4488,DONNELLY DR btwn WEEDMARK RD & REDDICK LANE,363085.6258,4985409.367,-75.76062,45.00628,2017-12-22,2:06:00 PM,03 - Snow,03 - Loose snow,10 - No control,01 - Non intersection,01 - Daylight,02 - Non-fatal injury,01 - Approaching,Munster Hamlet - Richmond
4489,DONWEL DR btwn STANLEYFIELD CRES & STANLEYFIELD CRES,378648.4622,5012812.034,-75.55918,45.25139,2017-07-31,8:42:00 AM,01 - Clear,01 - Dry,10 - No control,04 - At/near private drive,01 - Daylight,02 - Non-fatal injury,07 - SMV other,Greely
4490,DORCHESTER AVE btwn HOLLINGTON ST & CHEVRIER ST,365496.3082,5026951.807,-75.72498,45.37988,2017-02-16,11:13:00 AM,01 - Clear,03 - Loose snow,10 - No control,01 - Non intersection,01 - Daylight,03 - P.D. only,06 - SMV unattended vehicle,Carlington
4491,DORIMA ST @ INNES RD,384313.0964,5036323.23,-75.48324,45.46231,2017-06-29,8:31:00 PM,02 - Rain,02 - Wet,02 - Stop sign,03 - At intersection,05 - Dusk,03 - P.D. only,03 - Rear end,Fallingbrook
4492,DORIMA ST @ INNES RD,384313.0193,5036322.41,-75.48324,45.4623,2017-10-21,10:53:00 AM,01 - Clear,01 - Dry,02 - Stop sign,03 - At intersection,01 - Daylight,02 - Non-fatal injury,02 - Angle,Fallingbrook
4493,DORION AVE btwn ALTA VISTA DR & BLAIR ST,370761.4402,5030107.511,-75.65734,45.4078,2017-03-03,12:18:00 PM,01 - Clear,01 - Dry,10 - No control,04 - At/near private drive,01 - Daylight,03 - P.D. only,02 - Angle,Elmvale - Eastway - Riverview - Riverview Park West
4494,DOUGLAS AVE btwn PUTMAN AVE & BEECHWOOD AVE,369297.6937,5033735.167,-75.67556,45.44057,2017-06-12,4:32:00 PM,01 - Clear,01 - Dry,10 - No control,01 - Non intersection,01 - Daylight,03 - P.D. only,06 - SMV unattended vehicle,Lindenlea
4495,DOVERCOURT AVE @ GOLDEN AVE,363201.0233,5027245.203,-75.75425,45.38271,2017-04-18,8:05:00 PM,01 - Clear,01 - Dry,02 - Stop sign,03 - At intersection,05 - Dusk,03 - P.D. only,02 - Angle,Carlingwood - McKellar Park - Laurentien View
4496,DOVERCOURT AVE @ HIGHLAND AVE,363065.7721,5027162.889,-75.75599,45.38198,2017-01-06,1:23:00 PM,01 - Clear,05 - Packed snow,02 - Stop sign,03 - At intersection,01 - Daylight,03 - P.D. only,02 - Angle,Carlingwood - McKellar Park - Laurentien View
4497,DOVERCOURT AVE @ SHERBOURNE RD,362153.1428,5026789.266,-75.76769,45.3787,2017-12-23,12:05:00 PM,03 - Snow,05 - Packed snow,02 - Stop sign,03 - At intersection,01 - Daylight,03 - P.D. only,02 - Angle,Carlingwood - McKellar Park - Laurentien View
4498,DOVERCOURT AVE @ WINDERMERE AVE,362535.3584,5026935.872,-75.76279,45.37999,2017-05-12,12:39:00 PM,01 - Clear,01 - Dry,02 - Stop sign,03 - At intersection,01 - Daylight,03 - P.D. only,02 - Angle,Carlingwood - McKellar Park - Laurentien View
4499,DOVERCOURT AVE @ WINDERMERE AVE,362536.6961,5026938.547,-75.76277,45.38001,2017-03-11,3:07:00 PM,01 - Clear,01 - Dry,02 - Stop sign,03 - At intersection,01 - Daylight,03 - P.D. only,02 - Angle,Carlingwood - McKellar Park - Laurentien View
4500,DOVERCOURT AVE @ WINDERMERE AVE,362536.1662,5026936.304,-75.76278,45.37999,2017-12-23,10:08:00 AM,01 - Clear,04 - Slush,02 - Stop sign,03 - At intersection,01 - Daylight,03 - P.D. only,02 - Angle,Carlingwood - McKellar Park - Laurentien View
4501,DOVERCOURT AVE btwn BROADVIEW AVE & HIGHLAND AVE,362999.6536,5027123.566,-75.75684,45.38164,2017-12-20,2:55:00 PM,01 - Clear,02 - Wet,10 - No control,01 - Non intersection,01 - Daylight,03 - P.D. only,06 - SMV unattended vehicle,Carlingwood - McKellar Park - Laurentien View
4502,DOVERCOURT AVE btwn ROOSEVELT AVE & MELBOURNE AVE,363413.301,5027339.564,-75.75153,45.38354,2017-09-18,3:20:00 PM,01 - Clear,01 - Dry,10 - No control,01 - Non intersection,01 - Daylight,02 - Non-fatal injury,03 - Rear end,Carlingwood - McKellar Park - Laurentien View
4503,DOWNPATRICK RD @ UPLANDS DR,370292.2603,5022804.748,-75.6643,45.34213,2017-08-14,4:01:00 PM,01 - Clear,01 - Dry,02 - Stop sign,02 - Intersection related,01 - Daylight,02 - Non-fatal injury,03 - Rear end,Hunt Club - Ottawa Airport
4504,DOWNPATRICK RD btwn MCCARTHY RD & DOWNPATRICK RD,370525.2119,5023356.763,-75.66126,45.34708,2017-05-06,7:55:00 PM,02 - Rain,02 - Wet,10 - No control,04 - At/near private drive,05 - Dusk,03 - P.D. only,02 - Angle,Hunt Club East - Western Community
4505,DOWNPATRICK RD btwn MCCARTHY RD & DOWNPATRICK RD,370513.8597,5023386.075,-75.6614,45.34734,2017-03-14,9:56:00 PM,05 - Drifting Snow,03 - Loose snow,10 - No control,01 - Non intersection,07 - Dark,03 - P.D. only,01 - Approaching,Hunt Club East - Western Community
4506,DOZOIS RD @ GOUGH RD,372530.0618,5010155.073,-75.63748,45.2281,2017-06-28,4:30:00 PM,02 - Rain,02 - Wet,02 - Stop sign,02 - Intersection related,01 - Daylight,03 - P.D. only,03 - Rear end,Manotick
4507,DRAPER AVE btwn MORRISON DR & CORNELL ST,360233.7206,5022558.963,-75.79267,45.34079,2017-10-20,12:00:00 AM,01 - Clear,01 - Dry,10 - No control,01 - Non intersection,07 - Dark,03 - P.D. only,06 - SMV unattended vehicle,Qualicum - Redwood Park
4508,DRAPER AVE btwn MORRISON DR & PATHWAY PRIV,360373.7487,5023036.672,-75.79083,45.34508,2017-04-24,12:00:00 AM,01 - Clear,01 - Dry,10 - No control,01 - Non intersection,00 - Unknown,03 - P.D. only,06 - SMV unattended vehicle,Qualicum - Redwood Park
4509,DRIVEWAY (THE) @ PRINCE OF WALES DR,366884.0462,5028136.877,-75.70712,45.39042,2017-06-26,11:08:00 AM,01 - Clear,01 - Dry,11 - Roundabout,02 - Intersection related,01 - Daylight,03 - P.D. only,03 - Rear end,Civic Hospital - Experimental Farm - Central Park
4510,DRIVEWAY (THE) @ PRINCE OF WALES DR,366884.0462,5028136.877,-75.70712,45.39042,2017-06-15,7:26:00 AM,01 - Clear,01 - Dry,11 - Roundabout,02 - Intersection related,01 - Daylight,02 - Non-fatal injury,03 - Rear end,Civic Hospital - Experimental Farm - Central Park
4511,DRIVEWAY (THE) @ PRINCE OF WALES DR,366883.7243,5028137.295,-75.70712,45.39042,2017-04-29,8:48:00 PM,01 - Clear,01 - Dry,11 - Roundabout,03 - At intersection,07 - Dark,03 - P.D. only,07 - SMV other,Civic Hospital - Experimental Farm - Central Park
4512,DRIVEWAY (THE) @ PRINCE OF WALES DR,366884.0462,5028138.215,-75.70712,45.39043,2017-06-28,5:32:00 PM,01 - Clear,01 - Dry,11 - Roundabout,03 - At intersection,01 - Daylight,02 - Non-fatal injury,04 - Sideswipe,Civic Hospital - Experimental Farm - Central Park
4513,DRIVEWAY (THE) @ PRINCE OF WALES DR,366884.0079,5028137.422,-75.70712,45.39042,2017-09-28,6:05:00 PM,01 - Clear,01 - Dry,11 - Roundabout,03 - At intersection,01 - Daylight,03 - P.D. only,03 - Rear end,Civic Hospital - Experimental Farm - Central Park
4514,DRIVEWAY (THE) @ PRINCE OF WALES DR,366884.0462,5028138.884,-75.70712,45.39044,2017-12-01,4:15:00 PM,01 - Clear,03 - Loose snow,11 - Roundabout,02 - Intersection related,05 - Dusk,03 - P.D. only,07 - SMV other,Civic Hospital - Experimental Farm - Central Park
4515,DRIVEWAY (THE) @ PRINCE OF WALES DR,366883.3447,5028137.141,-75.70713,45.39042,2017-11-05,5:35:00 PM,02 - Rain,02 - Wet,11 - Roundabout,02 - Intersection related,07 - Dark,03 - P.D. only,03 - Rear end,Civic Hospital - Experimental Farm - Central Park
4516,DRIVEWAY (THE) @ PRINCE OF WALES DR,366883.7111,5028137.547,-75.70712,45.39043,2017-12-17,10:10:00 AM,01 - Clear,01 - Dry,11 - Roundabout,03 - At intersection,01 - Daylight,02 - Non-fatal injury,02 - Angle,Civic Hospital - Experimental Farm - Central Park
4517,DU BOIS AVE btwn D'ERABLE PL & DES ORMES PL,381209.5422,5038229.626,-75.52262,45.47981,2017-11-12,12:00:00 AM,01 - Clear,01 - Dry,10 - No control,01 - Non intersection,00 - Unknown,03 - P.D. only,06 - SMV unattended vehicle,Orleans South West
4518,DU BUISSON CRES btwn GARDENWAY DR & GARDENWAY DR,384428.0711,5036444.62,-75.48175,45.46339,2017-07-24,8:30:00 PM,01 - Clear,01 - Dry,10 - No control,01 - Non intersection,05 - Dusk,03 - P.D. only,06 - SMV unattended vehicle,Fallingbrook
4519,DU CLAIRVAUX RD @ LA CHAPELLE ST,380082.172,5034351.127,-75.53763,45.44504,2017-01-21,9:19:00 AM,01 - Clear,04 - Slush,02 - Stop sign,03 - At intersection,01 - Daylight,03 - P.D. only,02 - Angle,Chapel Hill
4520,DU GOUVERNEUR DR @ GAUTHIER ST,388676.7211,5040869.437,-75.42667,45.5027,2017-04-11,5:23:00 PM,01 - Clear,01 - Dry,02 - Stop sign,02 - Intersection related,01 - Daylight,03 - P.D. only,07 - SMV other,Cumberland - Estates
4521,DU GRAND BOIS AVE @ INNES RD,383108.7996,5035761.846,-75.49873,45.4574,2017-09-05,5:32:00 PM,01 - Clear,01 - Dry,02 - Stop sign,02 - Intersection related,01 - Daylight,03 - P.D. only,03 - Rear end,Avalon
4522,DU GRAND BOIS AVE @ INNES RD,383109.7554,5035763.746,-75.49871,45.45741,2017-12-11,6:30:00 PM,01 - Clear,01 - Dry,02 - Stop sign,02 - Intersection related,07 - Dark,03 - P.D. only,03 - Rear end,Avalon
4523,DU GRAND BOIS AVE @ INNES RD,383110.7112,5035761.368,-75.4987,45.45739,2017-12-16,2:42:00 PM,01 - Clear,02 - Wet,02 - Stop sign,02 - Intersection related,01 - Daylight,03 - P.D. only,03 - Rear end,Avalon
4524,DU GRAND BOIS AVE @ INNES RD,383110.7022,5035761.852,-75.4987,45.4574,2017-12-16,2:03:00 PM,01 - Clear,02 - Wet,02 - Stop sign,02 - Intersection related,01 - Daylight,03 - P.D. only,03 - Rear end,Avalon