Record,Location,X,Y,Longitude,Latitude,Date,Time,Environment,Road_Surface,Traffic_Control,Collision_Location,Light,Collision_Classification,Impact_type,Neighborhood
4525,DUHAMEL ST @ FAIRMONT AVE,365668.6501,5029499.374,-75.72247,45.40279,2017-12-16,10:29:00 AM,01 - Clear,04 - Slush,02 - Stop sign,03 - At intersection,01 - Daylight,03 - P.D. only,02 - Angle,Civi
4526,DUMAURIER AVE @ BARWELL AVE/GRENON AVE,359729.6724,5023651.86,-75.79898,45.35066,2017-01-21,5:53:00 PM,01 - Clear,02 - Wet,02 - Stop sign,03 - At intersection,07 - Dark,02 - Non-fatal injury,07 - SMV other,Whitehaven - Queensway Terrace North
4527,DUMAURIER AVE @ BARWELL AVE/GRENON AVE,359729.126,5023649.41,-75.79899,45.35064,2017-01-21,12:34:00 PM,01 - Clear,02 - Wet,02 - Stop sign,03 - At intersection,01 - Daylight,02 - Non-fatal injury,02 - Angle,Whitehaven - Queensway Terrace North
4528,DUMAURIER AVE @ PINECREST RD,360320.0068,5023833.842,-75.79142,45.35225,2017-11-13,7:51:00 AM,01 - Clear,01 - Dry,01 - Traffic signal,03 - At intersection,01 - Daylight,02 - Non-fatal injury,02 - Angle,Whitehaven - Queensway Terrace North
4529,DUMAURIER AVE @ PINECREST RD,360321.0101,5023835.849,-75.79141,45.35227,2017-01-05,5:11:00 PM,01 - Clear,06 - Ice,01 - Traffic signal,02 - Intersection related,05 - Dusk,03 - P.D. only,03 - Rear end,Whitehaven - Queensway Terrace North
4530,DUMAURIER AVE @ PINECREST RD,360322.6823,5023835.18,-75.79139,45.35226,2017-04-06,8:44:00 PM,02 - Rain,02 - Wet,01 - Traffic signal,03 - At intersection,07 - Dark,02 - Non-fatal injury,02 - Angle,Whitehaven - Queensway Terrace North
4531,DUMAURIER AVE @ PINECREST RD,360321.2056,5023835.694,-75.79141,45.35227,2017-12-29,10:50:00 AM,01 - Clear,06 - Ice,01 - Traffic signal,02 - Intersection related,01 - Daylight,03 - P.D. only,03 - Rear end,Whitehaven - Queensway Terrace North
4532,DUMAURIER AVE @ RAMSEY CRES S,360122.3526,5023335.589,-75.794,45.34778,2017-10-19,7:53:00 AM,01 - Clear,01 - Dry,02 - Stop sign,02 - Intersection related,01 - Daylight,03 - P.D. only,02 - Angle,Whitehaven - Queensway Terrace North
4533,DUMAURIER AVE @ RICHMOND RD,359627.0244,5023733.588,-75.80028,45.3514,2017-08-14,4:40:00 PM,01 - Clear,01 - Dry,01 - Traffic signal,03 - At intersection,01 - Daylight,02 - Non-fatal injury,02 - Angle,Whitehaven - Queensway Terrace North
4534,DUMAURIER AVE @ RICHMOND RD,359628.9413,5023733.917,-75.80025,45.35141,2017-07-18,9:39:00 PM,01 - Clear,01 - Dry,01 - Traffic signal,03 - At intersection,07 - Dark,03 - P.D. only,02 - Angle,Whitehaven - Queensway Terrace North
4535,DUMAURIER AVE @ RICHMOND RD,359628.1388,5023735.275,-75.80026,45.35142,2017-10-28,11:27:00 PM,02 - Rain,02 - Wet,01 - Traffic signal,02 - Intersection related,07 - Dark,03 - P.D. only,03 - Rear end,Whitehaven - Queensway Terrace North
4536,DUMAURIER AVE btwn ALENMEDE CRES & RAMSEY CRES,359939.4493,5023271.249,-75.79634,45.34722,2017-03-06,10:00:00 PM,04 - Freezing Rain,06 - Ice,10 - No control,01 - Non intersection,99 - Other,03 - P.D. only,06 - SMV unattended vehicle,Whitehaven - Queensway Terrace North
4537,DUMAURIER AVE btwn RAMSEY CRES & RAMSEY CRES,360124.3962,5023334.967,-75.79398,45.34778,2017-09-26,3:01:00 PM,01 - Clear,01 - Dry,10 - No control,01 - Non intersection,01 - Daylight,03 - P.D. only,07 - SMV other,Whitehaven - Queensway Terrace North
4538,DUMAURIER AVE btwn SPLINTER CRES & ALENMEDE CRES,359840.0121,5023418.713,-75.7976,45.34855,2017-02-15,12:00:00 AM,03 - Snow,03 - Loose snow,10 - No control,01 - Non intersection,00 - Unknown,03 - P.D. only,06 - SMV unattended vehicle,Whitehaven - Queensway Terrace North
4539,DUNBARTON CRT btwn Continuation of DUNBARTON CRT & Continuation of DUN,371193.8965,5034279.39,-75.65125,45.44529,2017-07-22,1:24:00 PM,01 - Clear,01 - Dry,10 - No control,01 - Non intersection,01 - Daylight,03 - P.D. only,99 - Other,Cemetery
4540,DUNCAIRN AVE btwn CHURCHILL AVE N & TWEEDSMUIR AVE,363673.871,5027553.194,-75.74818,45.38544,2017-09-30,12:00:00 AM,01 - Clear,01 - Dry,10 - No control,04 - At/near private drive,00 - Unknown,03 - P.D. only,06 - SMV unattended vehicle,Westboro
4541,DUNDEE AVE btwn ELMHURST ST & HENLEY ST,360487.2536,5024535.601,-75.78921,45.35855,2017-05-01,12:00:00 AM,02 - Rain,02 - Wet,10 - No control,01 - Non intersection,00 - Unknown,03 - P.D. only,06 - SMV unattended vehicle,Whitehaven - Queensway Terrace North
4542,DUNDONALD DR @ GREENBANK RD,365090.6441,5012122.311,-75.73197,45.24648,2017-05-17,3:19:00 PM,01 - Clear,01 - Dry,02 - Stop sign,03 - At intersection,01 - Daylight,03 - P.D. only,03 - Rear end,New Barrhaven
4543,DUNDONALD DR @ GREENBANK RD,365090.6441,5012122.311,-75.73197,45.24648,2017-04-19,4:43:00 PM,02 - Rain,02 - Wet,02 - Stop sign,02 - Intersection related,01 - Daylight,03 - P.D. only,07 - SMV other,New Barrhaven
4544,DUNDONALD DR btwn LAMPREY ST & RIVER MIST RD,364650.9751,5011867.229,-75.7376,45.24422,2017-01-05,9:53:00 AM,01 - Clear,06 - Ice,10 - No control,01 - Non intersection,01 - Daylight,03 - P.D. only,06 - SMV unattended vehicle,New Barrhaven
4545,DUNNING RD @ FRENCH HILL RD,392364.1512,5037643.865,-75.38007,45.47323,2017-11-27,8:00:00 AM,01 - Clear,01 - Dry,02 - Stop sign,03 - At intersection,01 - Daylight,03 - P.D. only,02 - Angle,Navan - Vars
4546,DUNNING RD @ WILHAVEN DR,391044.2922,5040825.685,-75.39639,45.50202,2017-02-15,2:44:00 PM,03 - Snow,02 - Wet,02 - Stop sign,03 - At intersection,01 - Daylight,03 - P.D. only,02 - Angle,Cumberland - Estates
4547,DUNNING RD btwn BRICKLAND DR & WILHAVEN DR,390851.2268,5041308.737,-75.39877,45.50639,2017-11-12,3:17:00 PM,01 - Clear,01 - Dry,10 - No control,04 - At/near private drive,01 - Daylight,02 - Non-fatal injury,07 - SMV other,Cumberland - Estates
4548,DUNNING RD btwn DEVINE RD & RUSSLAND RD,397537.6828,5024742.849,-75.31634,45.3565,2017-06-13,7:05:00 AM,01 - Clear,01 - Dry,10 - No control,01 - Non intersection,01 - Daylight,03 - P.D. only,07 - SMV other,Navan - Vars
4549,DUNNING RD btwn FRENCH HILL RD & INNES RD,391818.2495,5038969.791,-75.38682,45.48523,2017-03-14,5:35:00 PM,03 - Snow,06 - Ice,10 - No control,01 - Non intersection,05 - Dusk,03 - P.D. only,01 - Approaching,Cumberland - Estates
4550,DUNNING RD btwn MAGLADRY RD & SARSFIELD RD,395514.1183,5029730.949,-75.34125,45.40164,2017-05-16,5:01:00 PM,01 - Clear,01 - Dry,10 - No control,04 - At/near private drive,01 - Daylight,03 - P.D. only,03 - Rear end,Navan - Vars
4551,DUNNING RD btwn REGIMBALD RD & GIROUX RD,393296.4228,5035414.498,-75.36855,45.45306,2017-02-04,5:42:00 PM,01 - Clear,06 - Ice,10 - No control,01 - Non intersection,07 - Dark,03 - P.D. only,07 - SMV other,Navan - Vars
4552,DUNNING RD btwn WILHAVEN DR & INNES RD,391626.6269,5039410.493,-75.38919,45.48922,2017-02-06,10:04:00 PM,03 - Snow,03 - Loose snow,10 - No control,01 - Non intersection,07 - Dark,03 - P.D. only,07 - SMV other,Cumberland - Estates
4553,DUNROBIN RD @ GALETTA SIDE RD,333687.6064,5040340.353,-76.13034,45.50239,2017-03-08,5:57:00 AM,01 - Clear,06 - Ice,02 - Stop sign,02 - Intersection related,07 - Dark,03 - P.D. only,07 - SMV other,Dirleton
4554,DUNROBIN RD @ KERWIN RD,346290.176,5027171.288,-75.97019,45.38325,2017-01-06,6:30:00 PM,01 - Clear,01 - Dry,02 - Stop sign,02 - Intersection related,07 - Dark,03 - P.D. only,07 - SMV other,Carp - Hardwood Plains
4555,DUNROBIN RD @ KERWIN RD,346290.6574,5027172.368,-75.97018,45.38326,2017-01-18,5:36:00 PM,"07 - Fog, mist, smoke, dust",02 - Wet,02 - Stop sign,02 - Intersection related,05 - Dusk,03 - P.D. only,07 - SMV other,Carp - Hardwood Plains
4556,DUNROBIN RD @ KINBURN SIDE RD,338029.2644,5035928.96,-76.07508,45.4625,2017-03-18,10:41:00 AM,01 - Clear,01 - Dry,02 - Stop sign,03 - At intersection,01 - Daylight,03 - P.D. only,02 - Angle,Woodlawn
4557,DUNROBIN RD @ LILLIAN WAY,345529.6192,5027920.682,-75.97984,45.39004,2017-08-11,1:15:00 PM,01 - Clear,01 - Dry,10 - No control,02 - Intersection related,01 - Daylight,03 - P.D. only,07 - SMV other,Carp - Hardwood Plains
4558,DUNROBIN RD @ MARCH RD,347174.9353,5026066.874,-75.95899,45.37326,2017-06-08,5:57:00 PM,01 - Clear,01 - Dry,01 - Traffic signal,03 - At intersection,01 - Daylight,03 - P.D. only,05 - Turning movement,Carp - Hardwood Plains
4559,DUNROBIN RD @ MARCH RD,347172.1572,5026066.427,-75.95902,45.37326,2017-10-11,7:21:00 PM,01 - Clear,01 - Dry,01 - Traffic signal,03 - At intersection,07 - Dark,03 - P.D. only,05 - Turning movement,Carp - Hardwood Plains
4560,DUNROBIN RD @ MARCH RD,347174.2664,5026066.205,-75.959,45.37326,2017-04-11,6:59:00 PM,01 - Clear,01 - Dry,01 - Traffic signal,03 - At intersection,01 - Daylight,03 - P.D. only,05 - Turning movement,Carp - Hardwood Plains
4561,DUNROBIN RD @ MARCH RD,347173.6541,5026066.72,-75.959,45.37326,2017-12-15,4:50:00 PM,03 - Snow,03 - Loose snow,01 - Traffic signal,03 - At intersection,07 - Dark,03 - P.D. only,05 - Turning movement,Carp - Hardwood Plains
4562,DUNROBIN RD @ THOMAS A. DOLAN PKWY,342338.3954,5031478.34,-76.02032,45.42223,2017-07-20,9:39:00 AM,01 - Clear,01 - Dry,01 - Traffic signal,03 - At intersection,01 - Daylight,02 - Non-fatal injury,05 - Turning movement,Dunrobin
4563,DUNROBIN RD @ THOMAS A. DOLAN PKWY,342338.4907,5031477.355,-76.02032,45.42222,2017-09-07,8:05:00 AM,02 - Rain,02 - Wet,01 - Traffic signal,02 - Intersection related,01 - Daylight,03 - P.D. only,03 - Rear end,Dunrobin
4564,DUNROBIN RD @ THOMAS A. DOLAN PKWY,342338.4552,5031478.437,-76.02032,45.42223,2017-01-12,5:35:00 PM,01 - Clear,06 - Ice,01 - Traffic signal,02 - Intersection related,05 - Dusk,03 - P.D. only,03 - Rear end,Dunrobin
4565,DUNROBIN RD @ THOMAS A. DOLAN PKWY,342338.6001,5031475.572,-76.02032,45.42221,2017-04-21,11:02:00 AM,01 - Clear,02 - Wet,01 - Traffic signal,03 - At intersection,01 - Daylight,02 - Non-fatal injury,02 - Angle,Dunrobin
4566,DUNROBIN RD @ VANCES SIDE RD,340158.0725,5033679.848,-76.04803,45.44216,2017-12-23,1:52:00 PM,03 - Snow,03 - Loose snow,02 - Stop sign,02 - Intersection related,01 - Daylight,02 - Non-fatal injury,01 - Approaching,Car
4567,DUNROBIN RD btwn BAIRD'S GRANT LANE & BUCKHAMS BAY RD,334891.2419,5039148.052,-76.11501,45.49161,2017-12-09,5:40:00 PM,03 - Snow,02 - Wet,10 - No control,01 - Non intersection,07 - Dark,03 - P.D. only,07 - SMV other,Buckham'
4568,DUNROBIN RD btwn BUCKHAMS BAY RD & KILMAURS SIDE RD,335002.7358,5039033.021,-76.11359,45.49057,2017-10-02,7:45:00 AM,"07 - Fog, mist, smoke, dust",02 - Wet,10 - No control,01 - Non intersection,01 - Daylight,03 - P.D. only,07 - SMV other,Buckham'
4569,DUNROBIN RD btwn CONSTANCE BAY RD & KINBURN SIDE RD,336835.5427,5037151.761,-76.09027,45.47356,2017-03-14,5:58:00 PM,03 - Snow,03 - Loose snow,10 - No control,01 - Non intersection,05 - Dusk,03 - P.D. only,07 - SMV other,Woodlawn
4570,DUNROBIN RD btwn CONSTANCE BAY RD & KINBURN SIDE RD,337460.423,5036539.633,-76.08232,45.46802,2017-04-18,7:28:00 PM,01 - Clear,01 - Dry,10 - No control,01 - Non intersection,07 - Dark,03 - P.D. only,07 - SMV other,Woodlawn
4571,DUNROBIN RD btwn DUNROBIN RD & MURPHY SIDE RD,342875.4844,5030842.467,-76.01351,45.41648,2017-06-15,12:45:00 AM,01 - Clear,01 - Dry,10 - No control,01 - Non intersection,07 - Dark,03 - P.D. only,07 - SMV other,Carp - Hardwood Plains
4572,DUNROBIN RD btwn DUNROBIN RD & MURPHY SIDE RD,344170.7113,5029345.8,-75.99708,45.40294,2017-09-11,3:06:00 PM,01 - Clear,01 - Dry,10 - No control,01 - Non intersection,01 - Daylight,02 - Non-fatal injury,03 - Rear end,Carp - Hardwood Plains
4573,DUNROBIN RD btwn DUNROBIN RD & MURPHY SIDE RD,344585.5013,5028891.854,-75.99182,45.39883,2017-11-15,5:30:00 PM,01 - Clear,01 - Dry,10 - No control,01 - Non intersection,07 - Dark,03 - P.D. only,07 - SMV other,Carp - Hardwood Plains
4574,DUNROBIN RD btwn DUNROBIN RD & MURPHY SIDE RD,342410.4245,5031407.625,-76.01941,45.42159,2017-01-13,5:41:00 PM,01 - Clear,05 - Packed snow,10 - No control,01 - Non intersection,07 - Dark,03 - P.D. only,07 - SMV other,Carp - Hardwood Plains
4575,DUNROBIN RD btwn HARWOOD LANE & KERWIN RD,346276.3448,5027190.303,-75.97037,45.38343,2017-02-10,9:25:00 PM,03 - Snow,05 - Packed snow,10 - No control,01 - Non intersection,07 - Dark,03 - P.D. only,07 - SMV other,Carp - Hardwood Plains
4576,DUNROBIN RD btwn HARWOOD LANE & KERWIN RD,346214.684,5027244.778,-75.97115,45.38392,2017-03-24,10:12:00 AM,01 - Clear,01 - Dry,10 - No control,01 - Non intersection,01 - Daylight,03 - P.D. only,07 - SMV other,Carp - Hardwood Plains
4577,DUNROBIN RD btwn KINBURN SIDE RD & VANCES SIDE RD,338315.3617,5035608.743,-76.07145,45.4596,2017-06-25,1:05:00 AM,01 - Clear,01 - Dry,10 - No control,01 - Non intersection,07 - Dark,03 - P.D. only,07 - SMV other,Woodlawn
4578,DUNROBIN RD btwn KINBURN SIDE RD & VANCES SIDE RD,338053.3168,5035905.911,-76.07478,45.46229,2017-07-31,7:31:00 AM,01 - Clear,01 - Dry,10 - No control,01 - Non intersection,01 - Daylight,03 - P.D. only,07 - SMV other,Woodlawn
4579,DUNROBIN RD btwn KINBURN SIDE RD & VANCES SIDE RD,339946.5788,5033893.143,-76.05071,45.44409,2017-12-18,8:38:00 PM,03 - Snow,03 - Loose snow,10 - No control,01 - Non intersection,07 - Dark,03 - P.D. only,07 - SMV other,Car
4580,DUNROBIN RD btwn LILLIAN WAY & HARWOOD LANE,345887.2416,5027554.403,-75.9753,45.38672,2017-04-16,9:30:00 PM,01 - Clear,01 - Dry,10 - No control,01 - Non intersection,07 - Dark,03 - P.D. only,07 - SMV other,Carp - Hardwood Plains
4581,DUNROBIN RD btwn MARCH RD & RIDDELL DR,347176.9419,5026201.322,-75.95895,45.37447,2017-04-30,9:30:00 PM,01 - Clear,01 - Dry,10 - No control,01 - Non intersection,07 - Dark,03 - P.D. only,07 - SMV other,Carp - Hardwood Plains
4582,DUNROBIN RD btwn MURPHY SIDE RD & LILLIAN WAY,345071.5832,5028373.594,-75.98565,45.39414,2017-05-26,7:40:00 AM,02 - Rain,02 - Wet,10 - No control,01 - Non intersection,01 - Daylight,03 - P.D. only,07 - SMV other,Carp - Hardwood Plains
4583,DUNROBIN RD btwn VANCES SIDE RD & PORCUPINE TR,340222.8165,5033618.073,-76.0472,45.4416,2017-05-15,1:30:00 AM,01 - Clear,01 - Dry,10 - No control,01 - Non intersection,07 - Dark,03 - P.D. only,07 - SMV other,Car
4584,DUNROBIN RD btwn VANCES SIDE RD & PORCUPINE TR,340702.286,5033140.221,-76.04111,45.43727,2017-12-15,10:22:00 PM,03 - Snow,04 - Slush,10 - No control,01 - Non intersection,07 - Dark,03 - P.D. only,07 - SMV other,Car
4585,DUNROBIN RD btwn WAYBURN AVE & RIDDELL DR,347107.378,5026393.754,-75.95982,45.37621,2017-02-05,10:09:00 AM,03 - Snow,03 - Loose snow,10 - No control,01 - Non intersection,01 - Daylight,03 - P.D. only,03 - Rear end,Carp - Hardwood Plains
4586,DUNSTON TER @ HUNT CLUB RD,372221.4079,5024431.693,-75.63947,45.35659,2017-01-03,4:57:00 PM,04 - Freezing Rain,03 - Loose snow,02 - Stop sign,03 - At intersection,05 - Dusk,03 - P.D. only,05 - Turning movement,Greenboro East
4587,DUPLANTE AVE btwn TEMPO ST & ALINE AVE,385186.535,5038325.4,-75.47174,45.48023,2017-07-17,12:48:00 AM,01 - Clear,01 - Dry,10 - No control,01 - Non intersection,07 - Dark,03 - P.D. only,06 - SMV unattended vehicle,Cardinal Creek
4588,DUROCHER ST @ MONTREAL RD,370135.8147,5033102.256,-75.66493,45.4348,2017-09-12,12:52:00 PM,01 - Clear,01 - Dry,02 - Stop sign,03 - At intersection,01 - Daylight,02 - Non-fatal injury,02 - Angle,Vanier
4589,DUROCHER ST @ MONTREAL RD,370135.7527,5033101.825,-75.66494,45.4348,2017-10-21,2:07:00 PM,01 - Clear,01 - Dry,02 - Stop sign,03 - At intersection,01 - Daylight,03 - P.D. only,02 - Angle,Vanier
4590,DUROCHER ST @ MONTREAL RD,370137.7118,5033102.923,-75.66491,45.43481,2017-11-28,5:15:00 PM,01 - Clear,01 - Dry,02 - Stop sign,02 - Intersection related,07 - Dark,03 - P.D. only,99 - Other,Vanier
4591,DUROCHER ST @ MONTREAL RD,370136.7354,5033101.53,-75.66492,45.43479,2017-12-09,8:55:00 PM,03 - Snow,03 - Loose snow,02 - Stop sign,02 - Intersection related,07 - Dark,03 - P.D. only,03 - Rear end,Vanier
4592,DUROCHER ST @ MONTREAL RD,370136.7085,5033099.116,-75.66492,45.43477,2017-02-07,6:35:00 PM,01 - Clear,01 - Dry,02 - Stop sign,02 - Intersection related,07 - Dark,03 - P.D. only,02 - Angle,Vanier
4593,DUROCHER ST @ MONTREAL RD,370137.043,5033102.923,-75.66492,45.43481,2017-03-31,2:11:00 PM,01 - Clear,01 - Dry,02 - Stop sign,03 - At intersection,01 - Daylight,03 - P.D. only,02 - Angle,Vanier
4594,DUROCHER ST btwn DESCHAMPS AVE & ST. PAUL ST,370023.0676,5033299.405,-75.66635,45.43658,2017-08-05,12:00:00 AM,01 - Clear,01 - Dry,10 - No control,01 - Non intersection,00 - Unknown,03 - P.D. only,06 - SMV unattended vehicle,Vanier North
4595,DUSSERE ST @ ST. JOSEPH BLVD,380855.7373,5037125.791,-75.52732,45.46992,2017-07-10,7:34:00 PM,01 - Clear,01 - Dry,02 - Stop sign,02 - Intersection related,01 - Daylight,03 - P.D. only,04 - Sideswipe,Orleans Village - Chateauneuf
4596,DUTTON CRES btwn Continuation of DUTTON CRES & Continuation of DUTTON,375507.7089,5035523.111,-75.59594,45.45606,2017-04-09,5:45:00 PM,01 - Clear,01 - Dry,10 - No control,04 - At/near private drive,01 - Daylight,03 - P.D. only,06 - SMV unattended vehicle,Beacon Hill North
4597,DWYER HILL RD @ DONNELLY DR,360066.7423,4982833.161,-75.7992,44.98334,2017-11-03,9:48:00 AM,01 - Clear,02 - Wet,02 - Stop sign,03 - At intersection,01 - Daylight,02 - Non-fatal injury,07 - SMV other,Munster Hamlet - Richmond
4598,DWYER HILL RD @ FERNBANK RD,342917.4979,5005064.071,-76.01496,45.18451,2017-05-08,5:05:00 AM,02 - Rain,02 - Wet,02 - Stop sign,02 - Intersection related,07 - Dark,02 - Non-fatal injury,07 - SMV other,Munster Hamlet - Richmond
4599,DWYER HILL RD @ FERNBANK RD,342918.9791,5005066.126,-76.01494,45.18453,2017-07-23,10:20:00 PM,01 - Clear,01 - Dry,02 - Stop sign,02 - Intersection related,07 - Dark,03 - P.D. only,07 - SMV other,Munster Hamlet - Richmond
4600,DWYER HILL RD @ FLOOD RD,356724.0459,4986389.009,-75.84121,45.01559,2017-12-05,1:44:00 PM,01 - Clear,02 - Wet,02 - Stop sign,02 - Intersection related,01 - Daylight,03 - P.D. only,07 - SMV other,Munster Hamlet - Richmond
4601,DWYER HILL RD @ ROGER STEVENS DR,354336.542,4989351.272,-75.87121,45.04241,2017-08-16,5:46:00 PM,01 - Clear,01 - Dry,02 - Stop sign,03 - At intersection,01 - Daylight,03 - P.D. only,02 - Angle,Munster Hamlet - Richmond
4602,DWYER HILL RD @ ROGER STEVENS DR,354337.5453,4989349.934,-75.8712,45.0424,2017-06-29,6:43:00 PM,02 - Rain,02 - Wet,02 - Stop sign,03 - At intersection,01 - Daylight,02 - Non-fatal injury,02 - Angle,Munster Hamlet - Richmond
4603,DWYER HILL RD @ ROGER STEVENS DR,354337.0012,4989350.583,-75.8712,45.04241,2017-07-21,1:19:00 PM,01 - Clear,01 - Dry,02 - Stop sign,03 - At intersection,01 - Daylight,02 - Non-fatal injury,02 - Angle,Munster Hamlet - Richmond
4604,DWYER HILL RD @ ROGER STEVENS DR,354336.0686,4989351.035,-75.87122,45.04241,2017-09-15,12:14:00 PM,01 - Clear,01 - Dry,02 - Stop sign,03 - At intersection,01 - Daylight,02 - Non-fatal injury,02 - Angle,Munster Hamlet - Richmond
4605,DWYER HILL RD @ ROGER STEVENS DR,354355.5983,4989346.569,-75.87097,45.04237,2017-10-09,3:21:00 PM,01 - Clear,02 - Wet,02 - Stop sign,03 - At intersection,01 - Daylight,02 - Non-fatal injury,02 - Angle,Munster Hamlet - Richmond
4606,DWYER HILL RD @ ROGER STEVENS DR,354309.9965,4989406.807,-75.87154,45.04292,2017-10-04,4:46:00 PM,01 - Clear,01 - Dry,02 - Stop sign,03 - At intersection,01 - Daylight,02 - Non-fatal injury,02 - Angle,Munster Hamlet - Richmond
4607,DWYER HILL RD @ ROGER STEVENS DR,354336.2076,4989351.941,-75.87121,45.04242,2017-01-11,6:41:00 PM,01 - Clear,01 - Dry,02 - Stop sign,03 - At intersection,07 - Dark,02 - Non-fatal injury,02 - Angle,Munster Hamlet - Richmond
4608,DWYER HILL RD btwn BLEEKS RD & COPELAND RD,347112.1468,5000228.501,-75.96199,45.14076,2017-06-02,12:54:00 PM,01 - Clear,01 - Dry,10 - No control,01 - Non intersection,01 - Daylight,03 - P.D. only,07 - SMV other,Munster Hamlet - Richmond
4609,DWYER HILL RD btwn FALLOWFIELD RD & MCCAFFREY TR,345865.4423,5001677.601,-75.97772,45.15388,2017-11-08,5:57:00 PM,01 - Clear,01 - Dry,10 - No control,01 - Non intersection,07 - Dark,03 - P.D. only,07 - SMV other,Munster Hamlet - Richmond
4610,DWYER HILL RD btwn PADEN RD & DONNELLY DR,359022.8766,4983983.652,-75.81231,44.99377,2017-02-19,6:00:00 PM,01 - Clear,01 - Dry,10 - No control,01 - Non intersection,07 - Dark,03 - P.D. only,07 - SMV other,Munster Hamlet - Richmond
4611,DWYER HILL RD btwn PADEN RD & DONNELLY DR,359127.524,4983871.816,-75.81099,44.99276,2017-12-17,6:00:00 PM,01 - Clear,01 - Dry,10 - No control,01 - Non intersection,07 - Dark,03 - P.D. only,07 - SMV other,Munster Hamlet - Richmond
4612,DWYER HILL RD btwn PURDY RD & DWYER HILL RD,351031.6887,4995609.117,-75.91258,45.09895,2017-04-28,6:20:00 AM,01 - Clear,02 - Wet,10 - No control,01 - Non intersection,03 - Dawn,02 - Non-fatal injury,07 - SMV other,Munster Hamlet - Richmond
4613,DWYER HILL RD btwn ROGER STEVENS DR & FLOOD RD,356375.8278,4986644.438,-75.8456,45.01791,2017-12-06,5:30:00 PM,01 - Clear,01 - Dry,10 - No control,01 - Non intersection,07 - Dark,03 - P.D. only,07 - SMV other,Munster Hamlet - Richmond
4614,DWYER HILL RD btwn ROGER STEVENS DR & FLOOD RD,354385.037,4989302.442,-75.8706,45.04197,2017-03-30,8:37:00 PM,01 - Clear,01 - Dry,10 - No control,01 - Non intersection,07 - Dark,03 - P.D. only,07 - SMV other,Munster Hamlet - Richmond
4615,DWYER HILL RD btwn ROGER STEVENS DR & FLOOD RD,355746.8888,4986901.997,-75.85356,45.02027,2017-03-10,6:46:00 PM,01 - Clear,01 - Dry,10 - No control,01 - Non intersection,05 - Dusk,03 - P.D. only,07 - SMV other,Munster Hamlet - Richmond
4616,DYNES RD @ PRINCE OF WALES DR,367115.0486,5025923.533,-75.70445,45.37048,2017-05-04,2:41:00 PM,01 - Clear,01 - Dry,01 - Traffic signal,02 - Intersection related,01 - Daylight,03 - P.D. only,03 - Rear end,Carleton Heights - Rideauview
4617,DYNES RD @ PRINCE OF WALES DR,367115.7174,5025923.533,-75.70444,45.37048,2017-06-19,6:03:00 PM,01 - Clear,01 - Dry,01 - Traffic signal,02 - Intersection related,01 - Daylight,02 - Non-fatal injury,03 - Rear end,Carleton Heights - Rideauview
4618,DYNES RD @ PRINCE OF WALES DR,367114.7141,5025923.294,-75.70445,45.37048,2017-09-19,2:30:00 PM,01 - Clear,01 - Dry,01 - Traffic signal,03 - At intersection,01 - Daylight,02 - Non-fatal injury,03 - Rear end,Carleton Heights - Rideauview
4619,DYNES RD @ PRINCE OF WALES DR,367116.1342,5025923.769,-75.70443,45.37049,2017-11-04,11:40:00 AM,02 - Rain,02 - Wet,01 - Traffic signal,02 - Intersection related,01 - Daylight,02 - Non-fatal injury,03 - Rear end,Carleton Heights - Rideauview
4620,DYNES RD btwn CLAYMOR AVE & MORLEY BLVD,366906.1988,5025771.936,-75.70713,45.36914,2017-09-21,5:49:00 PM,01 - Clear,01 - Dry,10 - No control,01 - Non intersection,01 - Daylight,03 - P.D. only,06 - SMV unattended vehicle,Carleton Heights - Rideauview
4621,DYNES RD btwn FISHER AVE & ARNOT RD,366467.1509,5025493.576,-75.71277,45.36667,2017-01-13,2:53:00 PM,01 - Clear,01 - Dry,10 - No control,04 - At/near private drive,01 - Daylight,03 - P.D. only,02 - Angle,Carleton Heights - Rideauview
4622,EAGLE LANE @ MEADOWLANDS DR,365280.1166,5024420.218,-75.72805,45.35712,2017-01-30,12:55:00 PM,01 - Clear,01 - Dry,02 - Stop sign,02 - Intersection related,01 - Daylight,03 - P.D. only,03 - Rear end,Borden Farm - Stewart Farm - Parkwood Hills - Fisher Glen
4623,EAGLESON RD @ 146 N OF ABBEYHILL DR/HAZELDEAN,353772.9571,5018172.055,-75.87554,45.30179,2017-05-18,5:20:00 PM,01 - Clear,01 - Dry,01 - Traffic signal,03 - At intersection,01 - Daylight,02 - Non-fatal injury,05 - Turning movement,Glen Cairn - Kanata South Business Park
4624,EAGLESON RD @ 146 N OF ABBEYHILL DR/HAZELDEAN,353773.626,5018171.386,-75.87553,45.30179,2017-06-06,2:36:00 PM,02 - Rain,02 - Wet,01 - Traffic signal,03 - At intersection,01 - Daylight,02 - Non-fatal injury,05 - Turning movement,Glen Cairn - Kanata South Business Park
4625,EAGLESON RD @ 146 N OF ABBEYHILL DR/HAZELDEAN,353773.2915,5018172.055,-75.87553,45.30179,2017-02-03,8:57:00 PM,01 - Clear,01 - Dry,01 - Traffic signal,03 - At intersection,07 - Dark,02 - Non-fatal injury,05 - Turning movement,Glen Cairn - Kanata South Business Park
4626,EAGLESON RD @ 240 N OF CADENCE GT/LOBLAWS SC,354526.4255,5016263.414,-75.86612,45.28457,2017-05-05,9:48:00 AM,02 - Rain,02 - Wet,01 - Traffic signal,02 - Intersection related,01 - Daylight,03 - P.D. only,05 - Turning movement,Bridlewood - Emerald Meadows