Record,Location,X,Y,Longitude,Latitude,Date,Time,Environment,Road_Surface,Traffic_Control,Collision_Location,Light,Collision_Classification,Impact_type,Neighborhood
4627,EAGLESON RD @ 300 N OF MICHAEL COWPLAND/EAGLES,354273.555,5016903.492,-75.86928,45.29034,2017-02-19,8:12:00 PM,01 - Clear,02 - Wet,01 - Traffic signal,02 - Intersection related,07 - Dark,03 - P.D. only,03 - Rear end,Bridlewood - Emerald Meadows
4628,EAGLESON RD @ COPE DR/CADENCE GT,354619.619,5016028.096,-75.86496,45.28244,2017-05-07,3:40:00 PM,01 - Clear,01 - Dry,01 - Traffic signal,03 - At intersection,01 - Daylight,02 - Non-fatal injury,07 - SMV other,Bridlewood - Emerald Meadows
4629,EAGLESON RD @ COPE DR/CADENCE GT,354620.9568,5016028.096,-75.86494,45.28244,2017-06-23,4:01:00 PM,01 - Clear,01 - Dry,01 - Traffic signal,03 - At intersection,01 - Daylight,03 - P.D. only,02 - Angle,Bridlewood - Emerald Meadows
4630,EAGLESON RD @ COPE DR/CADENCE GT,354621.2103,5016027.028,-75.86494,45.28243,2017-07-21,8:54:00 AM,01 - Clear,01 - Dry,01 - Traffic signal,03 - At intersection,01 - Daylight,03 - P.D. only,05 - Turning movement,Bridlewood - Emerald Meadows
4631,EAGLESON RD @ COPE DR/CADENCE GT,354621.5781,5016027.666,-75.86493,45.28244,2017-11-01,6:22:00 PM,02 - Rain,02 - Wet,01 - Traffic signal,03 - At intersection,07 - Dark,03 - P.D. only,05 - Turning movement,Bridlewood - Emerald Meadows
4632,EAGLESON RD @ COPE DR/CADENCE GT,354621.0543,5016027.614,-75.86494,45.28244,2017-11-26,11:41:00 AM,01 - Clear,01 - Dry,01 - Traffic signal,02 - Intersection related,01 - Daylight,03 - P.D. only,04 - Sideswipe,Bridlewood - Emerald Meadows
4633,EAGLESON RD @ COPE DR/CADENCE GT,354621.4594,5016027.062,-75.86493,45.28243,2017-11-03,8:31:00 AM,01 - Clear,02 - Wet,01 - Traffic signal,03 - At intersection,01 - Daylight,03 - P.D. only,02 - Angle,Bridlewood - Emerald Meadows
4634,EAGLESON RD @ COPE DR/CADENCE GT,354621.6256,5016027.427,-75.86493,45.28244,2017-11-13,6:30:00 PM,01 - Clear,01 - Dry,01 - Traffic signal,02 - Intersection related,07 - Dark,03 - P.D. only,02 - Angle,Bridlewood - Emerald Meadows
4635,EAGLESON RD @ COPE DR/CADENCE GT,354621.6256,5016025.421,-75.86493,45.28242,2017-04-08,9:00:00 AM,01 - Clear,01 - Dry,01 - Traffic signal,02 - Intersection related,01 - Daylight,03 - P.D. only,03 - Rear end,Bridlewood - Emerald Meadows
4636,EAGLESON RD @ COPE DR/CADENCE GT,354621.6256,5016026.758,-75.86493,45.28243,2017-03-17,5:43:00 PM,01 - Clear,01 - Dry,01 - Traffic signal,03 - At intersection,01 - Daylight,02 - Non-fatal injury,05 - Turning movement,Bridlewood - Emerald Meadows
4637,EAGLESON RD @ COPE DR/CADENCE GT,354620.855,5016027.496,-75.86494,45.28244,2017-12-26,7:35:00 PM,01 - Clear,01 - Dry,01 - Traffic signal,03 - At intersection,07 - Dark,02 - Non-fatal injury,05 - Turning movement,Bridlewood - Emerald Meadows
4638,EAGLESON RD @ FALLOWFIELD RD,355963.3063,5012595.743,-75.84818,45.25146,2017-06-24,7:46:00 PM,02 - Rain,02 - Wet,01 - Traffic signal,03 - At intersection,01 - Daylight,03 - P.D. only,05 - Turning movement,Munster Hamlet - Richmond
4639,EAGLESON RD @ FALLOWFIELD RD,355959.9619,5012593.737,-75.84823,45.25144,2017-06-19,3:55:00 PM,01 - Clear,01 - Dry,01 - Traffic signal,03 - At intersection,01 - Daylight,03 - P.D. only,02 - Angle,Stittsville - Basswood
4640,EAGLESON RD @ FALLOWFIELD RD,355961.2997,5012593.068,-75.84821,45.25144,2017-04-26,9:10:00 AM,01 - Clear,01 - Dry,01 - Traffic signal,02 - Intersection related,01 - Daylight,03 - P.D. only,07 - SMV other,Stittsville - Basswood
4641,EAGLESON RD @ FALLOWFIELD RD,355961.2997,5012593.068,-75.84821,45.25144,2017-06-20,7:22:00 AM,02 - Rain,02 - Wet,01 - Traffic signal,02 - Intersection related,01 - Daylight,03 - P.D. only,03 - Rear end,Stittsville - Basswood
4642,EAGLESON RD @ FALLOWFIELD RD,355961.2026,5012593.327,-75.84821,45.25144,2017-08-22,11:26:00 AM,01 - Clear,01 - Dry,01 - Traffic signal,03 - At intersection,01 - Daylight,03 - P.D. only,02 - Angle,Stittsville - Basswood
4643,EAGLESON RD @ FALLOWFIELD RD,355961.6341,5012594.167,-75.8482,45.25145,2017-09-20,8:37:00 AM,01 - Clear,01 - Dry,01 - Traffic signal,03 - At intersection,01 - Daylight,02 - Non-fatal injury,05 - Turning movement,Stittsville - Basswood
4644,EAGLESON RD @ FALLOWFIELD RD,355961.1607,5012594.169,-75.84821,45.25145,2017-09-25,2:22:00 PM,01 - Clear,01 - Dry,01 - Traffic signal,03 - At intersection,01 - Daylight,02 - Non-fatal injury,03 - Rear end,Stittsville - Basswood
4645,EAGLESON RD @ FALLOWFIELD RD,355961.6341,5012594.167,-75.8482,45.25145,2017-10-21,12:56:00 PM,01 - Clear,01 - Dry,01 - Traffic signal,03 - At intersection,01 - Daylight,02 - Non-fatal injury,07 - SMV other,Stittsville - Basswood
4646,EAGLESON RD @ FALLOWFIELD RD,355962.6374,5012594.406,-75.84819,45.25145,2017-11-09,9:10:00 PM,01 - Clear,01 - Dry,01 - Traffic signal,02 - Intersection related,07 - Dark,03 - P.D. only,04 - Sideswipe,Stittsville - Basswood
4647,EAGLESON RD @ FALLOWFIELD RD,355962.6374,5012594.406,-75.84819,45.25145,2017-11-22,3:50:00 PM,01 - Clear,01 - Dry,01 - Traffic signal,02 - Intersection related,01 - Daylight,03 - P.D. only,02 - Angle,Stittsville - Basswood
4648,EAGLESON RD @ FALLOWFIELD RD,355961.6341,5012594.642,-75.8482,45.25145,2017-11-07,7:50:00 AM,01 - Clear,01 - Dry,01 - Traffic signal,03 - At intersection,01 - Daylight,03 - P.D. only,03 - Rear end,Stittsville - Basswood
4649,EAGLESON RD @ FALLOWFIELD RD,355959.9619,5012594.406,-75.84823,45.25145,2017-11-09,7:28:00 PM,02 - Rain,02 - Wet,01 - Traffic signal,03 - At intersection,07 - Dark,02 - Non-fatal injury,05 - Turning movement,Stittsville - Basswood
4650,EAGLESON RD @ FALLOWFIELD RD,355961.0877,5012595.499,-75.84821,45.25146,2017-02-02,12:50:00 PM,01 - Clear,02 - Wet,01 - Traffic signal,03 - At intersection,01 - Daylight,02 - Non-fatal injury,02 - Angle,Stittsville - Basswood
4651,EAGLESON RD @ FALLOWFIELD RD,355962.6374,5012593.068,-75.84819,45.25144,2017-03-23,5:52:00 PM,01 - Clear,01 - Dry,01 - Traffic signal,03 - At intersection,01 - Daylight,03 - P.D. only,07 - SMV other,Stittsville - Basswood
4652,EAGLESON RD @ FALLOWFIELD RD,355961.9686,5012595.075,-75.8482,45.25146,2017-03-15,11:28:00 AM,03 - Snow,03 - Loose snow,01 - Traffic signal,02 - Intersection related,01 - Daylight,03 - P.D. only,03 - Rear end,Stittsville - Basswood
4653,EAGLESON RD @ FERNBANK RD,354798.2949,5015588.094,-75.86272,45.27847,2017-06-22,10:13:00 PM,01 - Clear,01 - Dry,01 - Traffic signal,02 - Intersection related,07 - Dark,03 - P.D. only,05 - Turning movement,Bridlewood - Emerald Meadows
4654,EAGLESON RD @ FERNBANK RD,354798.2949,5015587.425,-75.86272,45.27846,2017-10-28,3:38:00 PM,02 - Rain,02 - Wet,01 - Traffic signal,03 - At intersection,01 - Daylight,03 - P.D. only,05 - Turning movement,Glen Cairn - Kanata South Business Park
4655,EAGLESON RD @ FERNBANK RD,354798.9638,5015586.756,-75.86271,45.27846,2017-11-26,3:28:00 PM,01 - Clear,02 - Wet,01 - Traffic signal,03 - At intersection,01 - Daylight,02 - Non-fatal injury,05 - Turning movement,Glen Cairn - Kanata South Business Park
4656,EAGLESON RD @ FLEWELLYN RD,355334.4865,5014247.21,-75.85603,45.26637,2017-08-22,4:47:00 PM,02 - Rain,02 - Wet,02 - Stop sign,02 - Intersection related,01 - Daylight,03 - P.D. only,07 - SMV other,Stittsville - Basswood
4657,EAGLESON RD @ FLEWELLYN RD,355334.1014,5014248.142,-75.85603,45.26638,2017-10-29,7:02:00 PM,02 - Rain,02 - Wet,02 - Stop sign,03 - At intersection,07 - Dark,02 - Non-fatal injury,03 - Rear end,Greenbelt
4658,EAGLESON RD @ HAZELDEAN RD/ROBERTSON RD,353673.2905,5018423.122,-75.87678,45.30406,2017-06-06,8:00:00 AM,02 - Rain,02 - Wet,01 - Traffic signal,02 - Intersection related,01 - Daylight,03 - P.D. only,03 - Rear end,Greenbelt
4659,EAGLESON RD @ HAZELDEAN RD/ROBERTSON RD,353673.9594,5018424.46,-75.87677,45.30407,2017-06-20,7:41:00 PM,01 - Clear,01 - Dry,01 - Traffic signal,02 - Intersection related,01 - Daylight,02 - Non-fatal injury,03 - Rear end,Greenbelt
4660,EAGLESON RD @ HAZELDEAN RD/ROBERTSON RD,353675.2971,5018425.129,-75.87676,45.30408,2017-04-24,5:40:00 PM,01 - Clear,01 - Dry,01 - Traffic signal,02 - Intersection related,01 - Daylight,03 - P.D. only,03 - Rear end,Greenbelt
4661,EAGLESON RD @ HAZELDEAN RD/ROBERTSON RD,353674.0564,5018424.676,-75.87677,45.30407,2017-08-22,10:47:00 AM,01 - Clear,01 - Dry,01 - Traffic signal,02 - Intersection related,01 - Daylight,03 - P.D. only,04 - Sideswipe,Greenbelt
4662,EAGLESON RD @ HAZELDEAN RD/ROBERTSON RD,353674.2908,5018424.238,-75.87677,45.30407,2017-08-31,2:02:00 PM,01 - Clear,01 - Dry,01 - Traffic signal,03 - At intersection,01 - Daylight,03 - P.D. only,03 - Rear end,Greenbelt
4663,EAGLESON RD @ HAZELDEAN RD/ROBERTSON RD,353673.8469,5018425.126,-75.87677,45.30408,2017-07-24,8:31:00 PM,02 - Rain,02 - Wet,01 - Traffic signal,02 - Intersection related,05 - Dusk,03 - P.D. only,03 - Rear end,Greenbelt
4664,EAGLESON RD @ HAZELDEAN RD/ROBERTSON RD,353674.2629,5018423.503,-75.87677,45.30406,2017-08-08,7:51:00 PM,01 - Clear,01 - Dry,01 - Traffic signal,03 - At intersection,01 - Daylight,03 - P.D. only,05 - Turning movement,Greenbelt
4665,EAGLESON RD @ HAZELDEAN RD/ROBERTSON RD,353674.2908,5018424.238,-75.87677,45.30407,2017-08-25,2:10:00 PM,01 - Clear,01 - Dry,01 - Traffic signal,02 - Intersection related,01 - Daylight,03 - P.D. only,03 - Rear end,Greenbelt
4666,EAGLESON RD @ HAZELDEAN RD/ROBERTSON RD,353673.6249,5018424.697,-75.87678,45.30407,2017-10-25,12:45:00 PM,01 - Clear,01 - Dry,01 - Traffic signal,02 - Intersection related,01 - Daylight,03 - P.D. only,04 - Sideswipe,Greenbelt
4667,EAGLESON RD @ HAZELDEAN RD/ROBERTSON RD,353674.1028,5018424.699,-75.87677,45.30407,2017-10-30,2:30:00 PM,01 - Clear,02 - Wet,01 - Traffic signal,02 - Intersection related,01 - Daylight,03 - P.D. only,03 - Rear end,Greenbelt
4668,EAGLESON RD @ HAZELDEAN RD/ROBERTSON RD,353674.0983,5018423.277,-75.87677,45.30406,2017-11-08,9:56:00 AM,01 - Clear,01 - Dry,01 - Traffic signal,02 - Intersection related,01 - Daylight,03 - P.D. only,03 - Rear end,Greenbelt
4669,EAGLESON RD @ HAZELDEAN RD/ROBERTSON RD,353673.2905,5018423.122,-75.87678,45.30406,2017-11-20,3:31:00 PM,01 - Clear,01 - Dry,01 - Traffic signal,02 - Intersection related,01 - Daylight,03 - P.D. only,03 - Rear end,Greenbelt
4670,EAGLESON RD @ HAZELDEAN RD/ROBERTSON RD,353673.6249,5018423.743,-75.87678,45.30407,2017-11-07,5:45:00 PM,01 - Clear,01 - Dry,01 - Traffic signal,03 - At intersection,07 - Dark,03 - P.D. only,03 - Rear end,Greenbelt
4671,EAGLESON RD @ HAZELDEAN RD/ROBERTSON RD,353674.4833,5018421.885,-75.87677,45.30405,2017-01-07,2:22:00 PM,01 - Clear,01 - Dry,01 - Traffic signal,02 - Intersection related,01 - Daylight,03 - P.D. only,03 - Rear end,Greenbelt
4672,EAGLESON RD @ HAZELDEAN RD/ROBERTSON RD,353673.6249,5018425.553,-75.87678,45.30408,2017-01-26,3:45:00 PM,01 - Clear,01 - Dry,01 - Traffic signal,02 - Intersection related,01 - Daylight,03 - P.D. only,03 - Rear end,Greenbelt
4673,EAGLESON RD @ HAZELDEAN RD/ROBERTSON RD,353674.0983,5018424.697,-75.87677,45.30407,2017-01-14,11:30:00 AM,01 - Clear,01 - Dry,01 - Traffic signal,02 - Intersection related,01 - Daylight,03 - P.D. only,03 - Rear end,Greenbelt
4674,EAGLESON RD @ HAZELDEAN RD/ROBERTSON RD,353675.1258,5018424.085,-75.87676,45.30407,2017-02-20,8:47:00 PM,01 - Clear,02 - Wet,01 - Traffic signal,02 - Intersection related,07 - Dark,02 - Non-fatal injury,03 - Rear end,Greenbelt
4675,EAGLESON RD @ HAZELDEAN RD/ROBERTSON RD,353675.2971,5018424.46,-75.87676,45.30407,2017-03-15,9:54:00 AM,03 - Snow,06 - Ice,01 - Traffic signal,02 - Intersection related,01 - Daylight,03 - P.D. only,03 - Rear end,Greenbelt
4676,EAGLESON RD @ HAZELDEAN RD/ROBERTSON RD,353673.9594,5018423.122,-75.87677,45.30406,2017-03-24,11:35:00 AM,03 - Snow,04 - Slush,01 - Traffic signal,02 - Intersection related,01 - Daylight,03 - P.D. only,99 - Other,Greenbelt
4677,EAGLESON RD @ HAZELDEAN RD/ROBERTSON RD,353673.6249,5018424.46,-75.87678,45.30407,2017-12-29,10:10:00 PM,01 - Clear,01 - Dry,01 - Traffic signal,02 - Intersection related,07 - Dark,03 - P.D. only,03 - Rear end,Greenbelt
4678,EAGLESON RD @ HAZELDEAN RD/ROBERTSON RD,353674.5807,5018423.743,-75.87677,45.30407,2017-12-31,9:23:00 AM,01 - Clear,05 - Packed snow,01 - Traffic signal,02 - Intersection related,01 - Daylight,03 - P.D. only,07 - SMV other,Greenbelt
4679,EAGLESON RD @ HAZELDEAN RD/ROBERTSON RD,353672.2048,5018425.17,-75.8768,45.30408,2017-12-21,9:20:00 AM,01 - Clear,01 - Dry,01 - Traffic signal,02 - Intersection related,01 - Daylight,03 - P.D. only,03 - Rear end,Greenbelt
4680,EAGLESON RD @ HOPE SIDE RD/TERRY FOX DR,355189.8251,5014616.005,-75.85783,45.2697,2017-05-14,4:50:00 PM,01 - Clear,01 - Dry,01 - Traffic signal,03 - At intersection,01 - Daylight,02 - Non-fatal injury,02 - Angle,Bridlewood - Emerald Meadows
4681,EAGLESON RD @ HOPE SIDE RD/TERRY FOX DR,355187.9309,5014615.339,-75.85786,45.26969,2017-08-24,9:54:00 PM,01 - Clear,01 - Dry,01 - Traffic signal,02 - Intersection related,07 - Dark,03 - P.D. only,03 - Rear end,Stittsville - Basswood
4682,EAGLESON RD @ HOPE SIDE RD/TERRY FOX DR,355189.0113,5014615.147,-75.85784,45.26969,2017-01-11,10:11:00 AM,01 - Clear,02 - Wet,01 - Traffic signal,02 - Intersection related,01 - Daylight,03 - P.D. only,99 - Other,Bridlewood - Emerald Meadows
4683,EAGLESON RD @ HOPE SIDE RD/TERRY FOX DR,355188.1529,5014617.098,-75.85785,45.26971,2017-02-06,2:31:00 PM,01 - Clear,01 - Dry,01 - Traffic signal,02 - Intersection related,01 - Daylight,03 - P.D. only,03 - Rear end,Bridlewood - Emerald Meadows
4684,EAGLESON RD @ HWY 417 EAGLESO IC138R35,352963.7641,5020184.719,-75.88566,45.31996,2017-04-03,5:51:00 PM,01 - Clear,01 - Dry,10 - No control,02 - Intersection related,01 - Daylight,03 - P.D. only,03 - Rear end,Katimavik - Hazeldean
4685,EAGLESON RD @ HWY 417 EAGLESO IC138R51/PARK AN,353038.1844,5020014.457,-75.88473,45.31842,2017-06-15,5:40:00 PM,01 - Clear,01 - Dry,01 - Traffic signal,03 - At intersection,01 - Daylight,03 - P.D. only,05 - Turning movement,Greenbelt
4686,EAGLESON RD @ HWY 417 EAGLESO IC138R51/PARK AN,353036.1778,5020014.457,-75.88475,45.31842,2017-05-03,2:13:00 PM,01 - Clear,01 - Dry,01 - Traffic signal,02 - Intersection related,01 - Daylight,03 - P.D. only,07 - SMV other,Katimavik - Hazeldean
4687,EAGLESON RD @ HWY 417 EAGLESO IC138R51/PARK AN,353038.0604,5020014.463,-75.88473,45.31842,2017-07-29,3:13:00 PM,01 - Clear,01 - Dry,01 - Traffic signal,02 - Intersection related,01 - Daylight,02 - Non-fatal injury,03 - Rear end,Greenbelt
4688,EAGLESON RD @ HWY 417 EAGLESO IC138R51/PARK AN,353037.8154,5020014.169,-75.88473,45.31842,2017-10-23,6:17:00 PM,01 - Clear,01 - Dry,01 - Traffic signal,02 - Intersection related,05 - Dusk,03 - P.D. only,03 - Rear end,Greenbelt
4689,EAGLESON RD @ HWY 417 EAGLESO IC138R51/PARK AN,353036.7608,5020014.031,-75.88474,45.31842,2017-10-02,10:59:00 AM,01 - Clear,01 - Dry,01 - Traffic signal,02 - Intersection related,01 - Daylight,03 - P.D. only,03 - Rear end,Greenbelt
4690,EAGLESON RD @ HWY 417 EAGLESO IC138R51/PARK AN,353037.1008,5020013.121,-75.88474,45.31841,2017-12-07,6:05:00 PM,01 - Clear,03 - Loose snow,01 - Traffic signal,03 - At intersection,07 - Dark,03 - P.D. only,07 - SMV other,Greenbelt
4691,EAGLESON RD @ HWY 417 EAGLESO IC138R51/PARK AN,353036.2344,5020013.078,-75.88475,45.31841,2017-12-07,6:06:00 PM,01 - Clear,01 - Dry,01 - Traffic signal,03 - At intersection,07 - Dark,03 - P.D. only,07 - SMV other,Greenbelt
4692,EAGLESON RD @ HWY 417 EAGLESO IC138R51/PARK AN,353036.1778,5020013.788,-75.88475,45.31842,2017-04-16,2:12:00 AM,02 - Rain,02 - Wet,01 - Traffic signal,03 - At intersection,07 - Dark,03 - P.D. only,02 - Angle,Katimavik - Hazeldean
4693,EAGLESON RD @ KAKULU RD,353382.5644,5019151.705,-75.88042,45.31064,2017-09-30,3:45:00 PM,01 - Clear,01 - Dry,01 - Traffic signal,02 - Intersection related,01 - Daylight,03 - P.D. only,03 - Rear end,Greenbelt
4694,EAGLESON RD @ KAKULU RD,353381.2832,5019151.469,-75.88043,45.31063,2017-03-17,6:18:00 PM,01 - Clear,01 - Dry,01 - Traffic signal,02 - Intersection related,05 - Dusk,02 - Non-fatal injury,03 - Rear end,Greenbelt
4695,EAGLESON RD @ KAKULU RD,353383.1461,5019152.488,-75.88041,45.31064,2017-03-06,12:23:00 AM,01 - Clear,01 - Dry,01 - Traffic signal,03 - At intersection,07 - Dark,03 - P.D. only,03 - Rear end,Greenbelt
4696,EAGLESON RD @ KATIMAVIK RD/TIMM DR,353214.2897,5019566.139,-75.88252,45.31438,2017-03-19,3:46:00 PM,01 - Clear,01 - Dry,01 - Traffic signal,02 - Intersection related,01 - Daylight,03 - P.D. only,03 - Rear end,Greenbelt
4697,EAGLESON RD @ KATIMAVIK RD/TIMM DR,353215.6274,5019565.47,-75.88251,45.31437,2017-04-07,5:33:00 PM,01 - Clear,01 - Dry,01 - Traffic signal,03 - At intersection,01 - Daylight,02 - Non-fatal injury,05 - Turning movement,Katimavik - Hazeldean
4698,EAGLESON RD @ KATIMAVIK RD/TIMM DR,353213.6208,5019566.139,-75.88253,45.31438,2017-04-23,4:47:00 PM,01 - Clear,01 - Dry,01 - Traffic signal,02 - Intersection related,01 - Daylight,03 - P.D. only,05 - Turning movement,Greenbelt
4699,EAGLESON RD @ KATIMAVIK RD/TIMM DR,353214.1507,5019565.233,-75.88252,45.31437,2017-12-19,5:36:00 PM,03 - Snow,03 - Loose snow,01 - Traffic signal,02 - Intersection related,07 - Dark,03 - P.D. only,03 - Rear end,Katimavik - Hazeldean
4700,EAGLESON RD @ MICHAEL COWPLAND DR/STONEHAVEN D,354382.2916,5016622.775,-75.86792,45.28781,2017-06-13,12:13:00 PM,01 - Clear,01 - Dry,01 - Traffic signal,03 - At intersection,01 - Daylight,02 - Non-fatal injury,05 - Turning movement,Glen Cairn - Kanata South Business Park
4701,EAGLESON RD @ MICHAEL COWPLAND DR/STONEHAVEN D,354382.9769,5016623.083,-75.86791,45.28781,2017-07-31,8:35:00 AM,01 - Clear,01 - Dry,01 - Traffic signal,02 - Intersection related,01 - Daylight,03 - P.D. only,03 - Rear end,Glen Cairn - Kanata South Business Park
4702,EAGLESON RD @ MICHAEL COWPLAND DR/STONEHAVEN D,354382.477,5016624.606,-75.86792,45.28783,2017-07-18,9:13:00 PM,01 - Clear,01 - Dry,01 - Traffic signal,03 - At intersection,05 - Dusk,03 - P.D. only,05 - Turning movement,Bridlewood - Emerald Meadows
4703,EAGLESON RD @ MICHAEL COWPLAND DR/STONEHAVEN D,354382.9769,5016624.662,-75.86791,45.28783,2017-07-15,3:16:00 PM,01 - Clear,01 - Dry,01 - Traffic signal,02 - Intersection related,01 - Daylight,03 - P.D. only,03 - Rear end,Bridlewood - Emerald Meadows
4704,EAGLESON RD @ MICHAEL COWPLAND DR/STONEHAVEN D,354383.6293,5016624.113,-75.8679,45.28782,2017-10-27,8:20:00 PM,01 - Clear,01 - Dry,01 - Traffic signal,03 - At intersection,07 - Dark,02 - Non-fatal injury,05 - Turning movement,Glen Cairn - Kanata South Business Park
4705,EAGLESON RD @ MICHAEL COWPLAND DR/STONEHAVEN D,354382.7899,5016623.158,-75.86792,45.28781,2017-12-10,12:16:00 AM,03 - Snow,03 - Loose snow,01 - Traffic signal,02 - Intersection related,07 - Dark,03 - P.D. only,99 - Other,Glen Cairn - Kanata South Business Park
4706,EAGLESON RD @ MICHAEL COWPLAND DR/STONEHAVEN D,354380.9538,5016622.775,-75.86794,45.28781,2017-11-24,7:31:00 PM,01 - Clear,01 - Dry,01 - Traffic signal,02 - Intersection related,07 - Dark,02 - Non-fatal injury,03 - Rear end,Glen Cairn - Kanata South Business Park
4707,EAGLESON RD @ MICHAEL COWPLAND DR/STONEHAVEN D,354384.5771,5016620.865,-75.86789,45.28779,2017-11-30,8:48:00 PM,02 - Rain,02 - Wet,01 - Traffic signal,02 - Intersection related,07 - Dark,03 - P.D. only,07 - SMV other,Bridlewood - Emerald Meadows
4708,EAGLESON RD @ MICHAEL COWPLAND DR/STONEHAVEN D,354381.6227,5016623.444,-75.86793,45.28782,2017-02-13,6:57:00 PM,01 - Clear,02 - Wet,01 - Traffic signal,02 - Intersection related,07 - Dark,03 - P.D. only,99 - Other,Glen Cairn - Kanata South Business Park
4709,EAGLESON RD @ MICHAEL COWPLAND DR/STONEHAVEN D,354383.6293,5016622.775,-75.8679,45.28781,2017-03-16,7:55:00 AM,01 - Clear,04 - Slush,01 - Traffic signal,02 - Intersection related,01 - Daylight,03 - P.D. only,03 - Rear end,Glen Cairn - Kanata South Business Park
4710,EAGLESON RD @ MICHAEL COWPLAND DR/STONEHAVEN D,354382.2916,5016622.106,-75.86792,45.2878,2017-03-15,5:57:00 PM,03 - Snow,03 - Loose snow,01 - Traffic signal,02 - Intersection related,01 - Daylight,03 - P.D. only,03 - Rear end,Glen Cairn - Kanata South Business Park
4711,EAGLESON RD @ MICHAEL COWPLAND DR/STONEHAVEN D,354382.9605,5016624.113,-75.86791,45.28782,2017-03-20,8:40:00 AM,01 - Clear,01 - Dry,01 - Traffic signal,02 - Intersection related,01 - Daylight,03 - P.D. only,03 - Rear end,Glen Cairn - Kanata South Business Park
4712,EAGLESON RD @ MICHAEL COWPLAND DR/STONEHAVEN D,354382.754,5016623.011,-75.86792,45.28781,2017-12-20,9:15:00 AM,03 - Snow,06 - Ice,01 - Traffic signal,02 - Intersection related,01 - Daylight,03 - P.D. only,03 - Rear end,Glen Cairn - Kanata South Business Park
4713,EAGLESON RD @ PALOMINO DR N,354010.6314,5017577.447,-75.87256,45.29643,2017-05-01,1:28:00 PM,02 - Rain,02 - Wet,01 - Traffic signal,03 - At intersection,01 - Daylight,02 - Non-fatal injury,05 - Turning movement,Bridlewood - Emerald Meadows
4714,EAGLESON RD @ PALOMINO DR N,354011.3003,5017577.447,-75.87256,45.29643,2017-05-23,7:52:00 AM,01 - Clear,01 - Dry,01 - Traffic signal,02 - Intersection related,01 - Daylight,03 - P.D. only,04 - Sideswipe,Bridlewood - Emerald Meadows
4715,EAGLESON RD @ PALOMINO DR N,354009.4945,5017577.93,-75.87258,45.29643,2017-10-05,1:25:00 PM,01 - Clear,01 - Dry,01 - Traffic signal,02 - Intersection related,01 - Daylight,03 - P.D. only,03 - Rear end,Bridlewood - Emerald Meadows
4716,EAGLESON RD @ PALOMINO DR N,354009.6281,5017578.804,-75.87258,45.29644,2017-02-05,11:20:00 AM,03 - Snow,03 - Loose snow,01 - Traffic signal,02 - Intersection related,01 - Daylight,03 - P.D. only,07 - SMV other,Bridlewood - Emerald Meadows
4717,EAGLESON RD @ PALOMINO DR S/ROTHESAY DR,354123.152,5017289.776,-75.87116,45.29383,2017-08-31,2:06:00 PM,01 - Clear,01 - Dry,01 - Traffic signal,02 - Intersection related,01 - Daylight,03 - P.D. only,03 - Rear end,Bridlewood - Emerald Meadows
4718,EAGLESON RD @ PALOMINO DR S/ROTHESAY DR,354124.7326,5017288.542,-75.87114,45.29382,2017-11-01,7:58:00 PM,02 - Rain,02 - Wet,01 - Traffic signal,02 - Intersection related,07 - Dark,02 - Non-fatal injury,05 - Turning movement,Bridlewood - Emerald Meadows
4719,EAGLESON RD @ PALOMINO DR S/ROTHESAY DR,354124.6249,5017288.246,-75.87114,45.29382,2017-01-08,11:20:00 AM,03 - Snow,02 - Wet,01 - Traffic signal,02 - Intersection related,01 - Daylight,03 - P.D. only,07 - SMV other,Bridlewood - Emerald Meadows
4720,EAGLESON RD @ PERTH ST/RICHMOND RD,358015.965,5007411.014,-75.82259,45.20466,2017-11-28,5:58:00 AM,01 - Clear,01 - Dry,01 - Traffic signal,02 - Intersection related,07 - Dark,03 - P.D. only,03 - Rear end,Munster Hamlet - Richmond
4721,EAGLESON RD @ PERTH ST/RICHMOND RD,358017.3027,5007409.676,-75.82257,45.20464,2017-11-10,4:13:00 PM,01 - Clear,01 - Dry,01 - Traffic signal,03 - At intersection,01 - Daylight,02 - Non-fatal injury,02 - Angle,Munster Hamlet - Richmond
4722,EAGLESON RD @ PERTH ST/RICHMOND RD,358014.7721,5007409.487,-75.8226,45.20464,2017-01-07,12:34:00 PM,01 - Clear,01 - Dry,01 - Traffic signal,02 - Intersection related,01 - Daylight,03 - P.D. only,05 - Turning movement,Munster Hamlet - Richmond
4723,EAGLESON RD @ RUSHMORE RD,356744.1058,5010543.688,-75.83845,45.23294,2017-12-23,1:39:00 PM,03 - Snow,03 - Loose snow,02 - Stop sign,02 - Intersection related,01 - Daylight,03 - P.D. only,07 - SMV other,Stittsville - Basswood
4724,EAGLESON RD btwn 146 N OF ABBEYHILL DR/HAZELDEAN MALL SC & ABBEYHILL D,353820.4334,5018050.851,-75.87494,45.3007,2017-07-22,4:13:00 PM,01 - Clear,01 - Dry,10 - No control,01 - Non intersection,01 - Daylight,02 - Non-fatal injury,03 - Rear end,Glen Cairn - Kanata South Business Park
4725,EAGLESON RD btwn ABBEYHILL DR & PALOMINO DR,353879.1839,5017907.15,-75.87421,45.2994,2017-05-23,4:37:00 PM,01 - Clear,01 - Dry,10 - No control,01 - Non intersection,01 - Daylight,03 - P.D. only,03 - Rear end,Greenbelt
4726,EAGLESON RD btwn ABBEYHILL DR & PALOMINO DR,353930.4058,5017759.671,-75.87357,45.29807,2017-07-28,11:39:00 AM,01 - Clear,01 - Dry,10 - No control,01 - Non intersection,01 - Daylight,03 - P.D. only,06 - SMV unattended vehicle,Greenbelt