Record,Location,X,Y,Longitude,Latitude,Date,Time,Environment,Road_Surface,Traffic_Control,Collision_Location,Light,Collision_Classification,Impact_type,Neighborhood
4727,EAGLESON RD btwn ABBEYHILL DR & PALOMINO DR,353904.1548,5017842.284,-75.8739,45.29882,2017-06-30,12:59:00 PM,02 - Rain,02 - Wet,10 - No control,01 - Non intersection,01 - Daylight,03 - P.D. only,04 - Sideswipe,Greenbelt
4728,EAGLESON RD btwn ABBEYHILL DR & PALOMINO DR,353950.4308,5017723.266,-75.87332,45.29774,2017-11-19,2:01:00 PM,03 - Snow,03 - Loose snow,10 - No control,01 - Non intersection,01 - Daylight,02 - Non-fatal injury,03 - Rear end,Greenbelt
4729,EAGLESON RD btwn AKINS RD & RUSHMORE RD,356664.7922,5010728.349,-75.83944,45.23461,2017-12-08,2:06:00 PM,01 - Clear,01 - Dry,10 - No control,01 - Non intersection,01 - Daylight,02 - Non-fatal injury,01 - Approaching,Stittsville - Basswood
4730,EAGLESON RD btwn AKINS RD & RUSHMORE RD,356705.4006,5010636.393,-75.83893,45.23378,2017-12-12,10:17:00 AM,03 - Snow,03 - Loose snow,10 - No control,01 - Non intersection,01 - Daylight,03 - P.D. only,07 - SMV other,Stittsville - Basswood
4731,EAGLESON RD btwn AKINS RD & RUSHMORE RD,356506.0185,5011171.35,-75.84142,45.2386,2017-03-24,7:02:00 PM,03 - Snow,06 - Ice,10 - No control,01 - Non intersection,07 - Dark,02 - Non-fatal injury,07 - SMV other,Stittsville - Basswood
4732,EAGLESON RD btwn Continuation of EAGLESON RD & FERNBANK RD,354758.83,5015686.421,-75.86322,45.27936,2017-02-12,4:54:00 PM,03 - Snow,03 - Loose snow,10 - No control,01 - Non intersection,05 - Dusk,02 - Non-fatal injury,01 - Approaching,Bridlewood - Emerald Meadows
4733,EAGLESON RD btwn EAGLESON BUSINESS CENTRE & MICHAEL COWPLAND DR/STONEH,354329.1512,5016758.327,-75.86859,45.28903,2017-12-14,12:39:00 PM,01 - Clear,05 - Packed snow,10 - No control,04 - At/near private drive,01 - Daylight,03 - P.D. only,02 - Angle,Glen Cairn - Kanata South Business Park
4734,EAGLESON RD btwn EAGLESON RD & FLEWELLYN RD,355311.8599,5014300.333,-75.85631,45.26685,2017-02-11,12:08:00 PM,01 - Clear,02 - Wet,10 - No control,01 - Non intersection,01 - Daylight,02 - Non-fatal injury,03 - Rear end,Stittsville - Basswood
4735,EAGLESON RD btwn EMERALD MEADOWS DR & TERRY FOX DR,355036.6479,5015005.748,-75.85974,45.27321,2017-03-14,4:40:00 PM,03 - Snow,03 - Loose snow,10 - No control,01 - Non intersection,01 - Daylight,03 - P.D. only,99 - Other,Bridlewood - Emerald Meadows
4736,EAGLESON RD btwn FALLOWFIELD RD & AKINS RD,355963.8685,5012589.366,-75.84818,45.2514,2017-10-03,5:47:00 PM,01 - Clear,01 - Dry,10 - No control,01 - Non intersection,01 - Daylight,02 - Non-fatal injury,07 - SMV other,Stittsville - Basswood
4737,EAGLESON RD btwn FALLOWFIELD RD & AKINS RD,356327.8166,5011668.912,-75.84364,45.24309,2017-12-12,8:18:00 PM,03 - Snow,05 - Packed snow,10 - No control,01 - Non intersection,07 - Dark,03 - P.D. only,07 - SMV other,Munster Hamlet - Richmond
4738,EAGLESON RD btwn FALLOWFIELD RD & AKINS RD,355986.7177,5012538.887,-75.84789,45.25095,2017-03-16,3:55:00 PM,01 - Clear,06 - Ice,10 - No control,01 - Non intersection,01 - Daylight,03 - P.D. only,07 - SMV other,Munster Hamlet - Richmond
4739,EAGLESON RD btwn FAULKNER TR & FALLOWFIELD RD,355708.6919,5013239.99,-75.85136,45.25728,2017-05-30,6:50:00 AM,01 - Clear,01 - Dry,10 - No control,01 - Non intersection,01 - Daylight,03 - P.D. only,07 - SMV other,Stittsville - Basswood
4740,EAGLESON RD btwn FAULKNER TR & FALLOWFIELD RD,355742.6493,5013146.291,-75.85094,45.25643,2017-01-23,7:59:00 AM,04 - Freezing Rain,06 - Ice,10 - No control,04 - At/near private drive,01 - Daylight,03 - P.D. only,01 - Approaching,Stittsville - Basswood
4741,EAGLESON RD btwn FLEWELLYN RD & FAULKNER TR,355526.2374,5013736.595,-75.85363,45.26176,2017-06-27,10:17:00 AM,01 - Clear,01 - Dry,10 - No control,01 - Non intersection,01 - Daylight,03 - P.D. only,03 - Rear end,Stittsville - Basswood
4742,EAGLESON RD btwn FLEWELLYN RD & FAULKNER TR,355406.2086,5014043.865,-75.85513,45.26453,2017-01-05,1:53:00 PM,01 - Clear,03 - Loose snow,10 - No control,01 - Non intersection,01 - Daylight,03 - P.D. only,03 - Rear end,Stittsville - Basswood
4743,EAGLESON RD btwn HAZELDEAN RD & 146 N OF ABBEYHILL DR/HAZELDEAN MALL S,353691.5736,5018375.742,-75.87655,45.30363,2017-07-10,2:10:00 AM,02 - Rain,02 - Wet,10 - No control,01 - Non intersection,07 - Dark,03 - P.D. only,07 - SMV other,Greenbelt
4744,EAGLESON RD btwn HAZELDEAN RD & 146 N OF ABBEYHILL DR/HAZELDEAN MALL S,353681.2233,5018405.735,-75.87668,45.3039,2017-01-30,4:50:00 PM,01 - Clear,01 - Dry,10 - No control,01 - Non intersection,05 - Dusk,03 - P.D. only,07 - SMV other,Greenbelt
4745,EAGLESON RD btwn HWY417 IC138 RAMP51 & KATIMAVIK RD,353176.3923,5019657.828,-75.883,45.3152,2017-09-05,9:01:00 AM,01 - Clear,01 - Dry,10 - No control,01 - Non intersection,01 - Daylight,03 - P.D. only,04 - Sideswipe,Katimavik - Hazeldean
4746,EAGLESON RD btwn HWY417 IC138 RAMP51 & KATIMAVIK RD,353161.8196,5019706.878,-75.88318,45.31565,2017-02-13,1:25:00 PM,01 - Clear,02 - Wet,10 - No control,01 - Non intersection,01 - Daylight,03 - P.D. only,04 - Sideswipe,Greenbelt
4747,EAGLESON RD btwn KATIMAVIK RD & KAKULU RD,353327.2241,5019287.282,-75.88111,45.31186,2017-03-06,10:25:00 PM,04 - Freezing Rain,06 - Ice,10 - No control,01 - Non intersection,07 - Dark,03 - P.D. only,07 - SMV other,Greenbelt
4748,EAGLESON RD btwn OTTAWA ST & BROPHY DR,358976.3764,5005004.9,-75.81062,45.18293,2017-07-29,3:10:00 AM,01 - Clear,01 - Dry,10 - No control,01 - Non intersection,07 - Dark,02 - Non-fatal injury,04 - Sideswipe,Munster Hamlet - Richmond
4749,EAGLESON RD btwn OTTAWA ST & BROPHY DR,358634.7572,5005877.099,-75.81488,45.19081,2017-01-04,8:24:00 AM,03 - Snow,06 - Ice,10 - No control,01 - Non intersection,01 - Daylight,02 - Non-fatal injury,01 - Approaching,Munster Hamlet - Richmond
4750,EAGLESON RD btwn PALOMINO DR & ROTHESAY DR,354085.504,5017386.108,-75.87163,45.2947,2017-03-18,11:24:00 PM,01 - Clear,01 - Dry,10 - No control,01 - Non intersection,07 - Dark,03 - P.D. only,07 - SMV other,Bridlewood - Emerald Meadows
4751,EAGLESON RD btwn SHATNER GT & HAZELDEAN RD,353613.2162,5018572.405,-75.87753,45.30541,2017-02-13,4:00:00 PM,01 - Clear,02 - Wet,10 - No control,01 - Non intersection,01 - Daylight,03 - P.D. only,03 - Rear end,Greenbelt
4752,EARL ARMSTRONG RD @ BOWESVILLE RD,372561.7443,5017440.464,-75.63608,45.29365,2017-06-28,6:28:00 AM,01 - Clear,01 - Dry,02 - Stop sign,03 - At intersection,01 - Daylight,02 - Non-fatal injury,05 - Turning movement,Greenbelt
4753,EARL ARMSTRONG RD @ BOWESVILLE RD,372560.2676,5017441.647,-75.6361,45.29366,2017-10-18,5:01:00 PM,01 - Clear,01 - Dry,02 - Stop sign,03 - At intersection,01 - Daylight,03 - P.D. only,02 - Angle,Greenbelt
4754,EARL ARMSTRONG RD @ BOWESVILLE RD,372562.8506,5017440.505,-75.63607,45.29365,2017-10-24,9:26:00 PM,02 - Rain,02 - Wet,02 - Stop sign,03 - At intersection,07 - Dark,03 - P.D. only,02 - Angle,Greenbelt
4755,EARL ARMSTRONG RD @ BOWESVILLE RD,372560.7854,5017440.465,-75.63609,45.29365,2017-09-15,7:50:00 PM,01 - Clear,01 - Dry,02 - Stop sign,02 - Intersection related,05 - Dusk,03 - P.D. only,02 - Angle,Greenbelt
4756,EARL ARMSTRONG RD @ BOWESVILLE RD,372560.778,5017440.391,-75.63609,45.29365,2017-01-12,4:23:00 PM,01 - Clear,02 - Wet,02 - Stop sign,03 - At intersection,01 - Daylight,03 - P.D. only,02 - Angle,Greenbelt
4757,EARL ARMSTRONG RD @ BOWESVILLE RD,372561.2505,5017440.464,-75.63609,45.29365,2017-03-03,2:32:00 PM,01 - Clear,01 - Dry,02 - Stop sign,03 - At intersection,01 - Daylight,03 - P.D. only,02 - Angle,Greenbelt
4758,EARL ARMSTRONG RD @ BOWESVILLE RD,372560.9845,5017440.615,-75.63609,45.29365,2017-02-28,4:44:00 PM,01 - Clear,01 - Dry,02 - Stop sign,03 - At intersection,01 - Daylight,02 - Non-fatal injury,02 - Angle,Greenbelt
4759,EARL ARMSTRONG RD @ BOWESVILLE RD,372560.8039,5017440.706,-75.63609,45.29365,2017-04-16,2:45:00 AM,"07 - Fog, mist, smoke, dust",02 - Wet,02 - Stop sign,02 - Intersection related,07 - Dark,03 - P.D. only,07 - SMV other,Greenbelt
4760,EARL ARMSTRONG RD @ BOWESVILLE RD,372568.4297,5017446.231,-75.63599,45.2937,2017-03-15,12:20:00 PM,05 - Drifting Snow,06 - Ice,02 - Stop sign,02 - Intersection related,01 - Daylight,02 - Non-fatal injury,07 - SMV other,Greenbelt
4761,EARL ARMSTRONG RD @ LIMEBANK RD,370156.2304,5015959.432,-75.66694,45.28055,2017-06-10,1:54:00 PM,01 - Clear,01 - Dry,01 - Traffic signal,02 - Intersection related,01 - Daylight,02 - Non-fatal injury,03 - Rear end,Greenbelt
4762,EARL ARMSTRONG RD @ LIMEBANK RD,370156.2304,5015960.451,-75.66694,45.28056,2017-05-24,7:28:00 AM,01 - Clear,01 - Dry,01 - Traffic signal,02 - Intersection related,01 - Daylight,03 - P.D. only,03 - Rear end,Greenbelt
4763,EARL ARMSTRONG RD @ LIMEBANK RD,370156.0554,5015961.12,-75.66694,45.28057,2017-03-24,6:44:00 PM,03 - Snow,03 - Loose snow,01 - Traffic signal,03 - At intersection,07 - Dark,03 - P.D. only,07 - SMV other,Greenbelt
4764,EARL ARMSTRONG RD @ PARK N RIDE/295 E OF RIVER RD,367882.9291,5014698.176,-75.69607,45.26941,2017-01-20,7:08:00 AM,01 - Clear,02 - Wet,01 - Traffic signal,03 - At intersection,03 - Dawn,02 - Non-fatal injury,05 - Turning movement,Gloucester
4765,EARL ARMSTRONG RD @ RIVER RD,367572.3841,5014685.066,-75.70003,45.26932,2017-05-19,12:30:00 PM,01 - Clear,01 - Dry,01 - Traffic signal,02 - Intersection related,01 - Daylight,03 - P.D. only,03 - Rear end,Gloucester
4766,EARL ARMSTRONG RD @ RIVER RD,367573.053,5014683.729,-75.70002,45.26931,2017-06-21,5:52:00 PM,01 - Clear,01 - Dry,01 - Traffic signal,02 - Intersection related,01 - Daylight,03 - P.D. only,03 - Rear end,Gloucester
4767,EARL ARMSTRONG RD @ RIVER RD,367577.7829,5014686.774,-75.69996,45.26934,2017-05-30,4:23:00 PM,01 - Clear,01 - Dry,01 - Traffic signal,02 - Intersection related,01 - Daylight,03 - P.D. only,03 - Rear end,Gloucester
4768,EARL ARMSTRONG RD @ RIVER RD,367572.3841,5014685.066,-75.70003,45.26932,2017-05-23,6:16:00 PM,01 - Clear,01 - Dry,01 - Traffic signal,02 - Intersection related,01 - Daylight,03 - P.D. only,03 - Rear end,Gloucester
4769,EARL ARMSTRONG RD @ RIVER RD,367572.7185,5014685.49,-75.70003,45.26932,2017-09-01,4:00:00 PM,01 - Clear,01 - Dry,01 - Traffic signal,02 - Intersection related,01 - Daylight,02 - Non-fatal injury,02 - Angle,Gloucester
4770,EARL ARMSTRONG RD @ RIVER RD,367572.3841,5014685.066,-75.70003,45.26932,2017-07-19,11:30:00 AM,01 - Clear,01 - Dry,01 - Traffic signal,02 - Intersection related,01 - Daylight,03 - P.D. only,03 - Rear end,Gloucester
4771,EARL ARMSTRONG RD @ RIVER RD,367573.053,5014685.735,-75.70002,45.26933,2017-06-26,3:30:00 PM,01 - Clear,01 - Dry,01 - Traffic signal,02 - Intersection related,01 - Daylight,02 - Non-fatal injury,03 - Rear end,Gloucester
4772,EARL ARMSTRONG RD @ RIVER RD,367572.7185,5014684.702,-75.70003,45.26932,2017-08-16,10:45:00 AM,01 - Clear,02 - Wet,01 - Traffic signal,03 - At intersection,01 - Daylight,03 - P.D. only,03 - Rear end,Gloucester
4773,EARL ARMSTRONG RD @ RIVER RD,367572.7185,5014684.621,-75.70003,45.26932,2017-09-12,4:22:00 PM,01 - Clear,01 - Dry,01 - Traffic signal,02 - Intersection related,01 - Daylight,02 - Non-fatal injury,03 - Rear end,Gloucester
4774,EARL ARMSTRONG RD @ RIVER RD,367572.5984,5014685.071,-75.70003,45.26932,2017-09-22,5:08:00 PM,01 - Clear,01 - Dry,01 - Traffic signal,02 - Intersection related,01 - Daylight,03 - P.D. only,03 - Rear end,Gloucester
4775,EARL ARMSTRONG RD @ RIVER RD,367575.8953,5014684.532,-75.69999,45.26932,2017-09-28,7:17:00 AM,01 - Clear,01 - Dry,01 - Traffic signal,02 - Intersection related,01 - Daylight,03 - P.D. only,03 - Rear end,Gloucester
4776,EARL ARMSTRONG RD @ RIVER RD,367570.171,5014684.398,-75.70006,45.26932,2017-11-29,4:45:00 PM,01 - Clear,01 - Dry,01 - Traffic signal,02 - Intersection related,05 - Dusk,03 - P.D. only,03 - Rear end,Gloucester
4777,EARL ARMSTRONG RD @ RIVER RD,367571.7152,5014685.735,-75.70004,45.26933,2017-11-25,10:32:00 AM,02 - Rain,02 - Wet,01 - Traffic signal,03 - At intersection,01 - Daylight,03 - P.D. only,05 - Turning movement,Gloucester
4778,EARL ARMSTRONG RD @ RIVER RD,367574.3907,5014684.398,-75.70001,45.26931,2017-02-14,8:42:00 PM,03 - Snow,03 - Loose snow,01 - Traffic signal,03 - At intersection,07 - Dark,02 - Non-fatal injury,05 - Turning movement,Gloucester
4779,EARL ARMSTRONG RD @ RIVER RD,367573.6456,5014688.513,-75.70002,45.26935,2017-01-23,3:50:00 PM,01 - Clear,01 - Dry,01 - Traffic signal,02 - Intersection related,01 - Daylight,02 - Non-fatal injury,03 - Rear end,Gloucester
4780,EARL ARMSTRONG RD @ RIVER RD,367572.3841,5014685.066,-75.70003,45.26932,2017-02-16,10:58:00 AM,03 - Snow,02 - Wet,01 - Traffic signal,02 - Intersection related,01 - Daylight,02 - Non-fatal injury,03 - Rear end,Gloucester
4781,EARL ARMSTRONG RD @ RIVER RD,367572.1205,5014685.674,-75.70004,45.26933,2017-01-09,11:36:00 AM,01 - Clear,01 - Dry,01 - Traffic signal,02 - Intersection related,01 - Daylight,03 - P.D. only,03 - Rear end,Gloucester
4782,EARL ARMSTRONG RD @ RIVER RD,367573.7218,5014686.404,-75.70002,45.26933,2017-03-01,5:52:00 PM,01 - Clear,02 - Wet,01 - Traffic signal,02 - Intersection related,05 - Dusk,03 - P.D. only,03 - Rear end,Gloucester
4783,EARL ARMSTRONG RD @ RIVER RD,367571.0463,5014684.398,-75.70005,45.26932,2017-03-11,7:34:00 PM,01 - Clear,01 - Dry,01 - Traffic signal,02 - Intersection related,07 - Dark,03 - P.D. only,99 - Other,Gloucester
4784,EARL ARMSTRONG RD @ SHORELINE DR,368840.7903,5015288.591,-75.68379,45.27464,2017-02-11,9:08:00 AM,01 - Clear,04 - Slush,01 - Traffic signal,02 - Intersection related,01 - Daylight,03 - P.D. only,07 - SMV other,Greenbelt
4785,EARL ARMSTRONG RD @ SPRATT RD,368399.4311,5015006.912,-75.68945,45.27214,2017-08-01,4:55:00 PM,01 - Clear,01 - Dry,01 - Traffic signal,03 - At intersection,01 - Daylight,02 - Non-fatal injury,02 - Angle,Greenbelt
4786,EARL ARMSTRONG RD @ SPRATT RD,368397.3179,5015011.125,-75.68948,45.27218,2017-08-09,6:00:00 PM,01 - Clear,01 - Dry,01 - Traffic signal,02 - Intersection related,01 - Daylight,03 - P.D. only,03 - Rear end,Greenbelt
4787,EARL ARMSTRONG RD @ SPRATT RD,368397.7124,5015009.422,-75.68947,45.27217,2017-10-28,10:05:00 PM,02 - Rain,02 - Wet,01 - Traffic signal,03 - At intersection,07 - Dark,03 - P.D. only,05 - Turning movement,Greenbelt
4788,EARL ARMSTRONG RD @ SPRATT RD,368405.7365,5015011.44,-75.68937,45.27218,2017-11-24,6:25:00 PM,01 - Clear,01 - Dry,01 - Traffic signal,03 - At intersection,07 - Dark,02 - Non-fatal injury,05 - Turning movement,Greenbelt
4789,EARL ARMSTRONG RD @ SPRATT RD,368396.1627,5015011.429,-75.68949,45.27218,2017-01-26,7:40:00 AM,02 - Rain,02 - Wet,01 - Traffic signal,03 - At intersection,03 - Dawn,02 - Non-fatal injury,03 - Rear end,Greenbelt
4790,EARL ARMSTRONG RD @ SPRATT RD,368395.9586,5015010.303,-75.6895,45.27217,2017-01-05,3:55:00 PM,01 - Clear,02 - Wet,01 - Traffic signal,03 - At intersection,01 - Daylight,02 - Non-fatal injury,05 - Turning movement,Greenbelt
4791,EARL ARMSTRONG RD @ SPRATT RD,368397.2186,5015011.429,-75.68948,45.27218,2017-03-21,6:44:00 PM,01 - Clear,01 - Dry,01 - Traffic signal,03 - At intersection,05 - Dusk,03 - P.D. only,05 - Turning movement,Greenbelt
4792,EARL ARMSTRONG RD @ SPRATT RD,368396.3747,5015012.098,-75.68949,45.27219,2017-04-06,8:00:00 AM,01 - Clear,02 - Wet,01 - Traffic signal,02 - Intersection related,01 - Daylight,02 - Non-fatal injury,03 - Rear end,Greenbelt
4793,EARL ARMSTRONG RD @ SPRATT RD,368396.7091,5015012.146,-75.68949,45.27219,2017-12-15,5:30:00 PM,03 - Snow,03 - Loose snow,01 - Traffic signal,02 - Intersection related,07 - Dark,03 - P.D. only,03 - Rear end,Greenbelt
4794,EARL ARMSTRONG RD btwn BOWESVILLE RD & HIGH RD,372906.5205,5017671.654,-75.63165,45.2957,2017-11-26,2:00:00 AM,03 - Snow,03 - Loose snow,10 - No control,01 - Non intersection,07 - Dark,03 - P.D. only,07 - SMV other,Greenbelt
4795,EARL ARMSTRONG RD btwn Continuation of EARL ARMSTRONG RD & CANYON WALK,369355.1405,5015603.874,-75.6772,45.27743,2017-10-25,6:57:00 AM,01 - Clear,01 - Dry,10 - No control,01 - Non intersection,03 - Dawn,03 - P.D. only,03 - Rear end,Greenbelt
4796,EARL ARMSTRONG RD btwn LIMEBANK RD & BOWESVILLE RD,371816.7312,5016947.279,-75.64564,45.28928,2017-03-07,10:16:00 AM,02 - Rain,02 - Wet,10 - No control,01 - Non intersection,01 - Daylight,03 - P.D. only,07 - SMV other,Greenbelt
4797,EARL ARMSTRONG RD btwn RIVER RD & SPRATT RD,367963.73,5014744.337,-75.69504,45.26982,2017-06-13,6:32:00 PM,01 - Clear,01 - Dry,10 - No control,01 - Non intersection,01 - Daylight,03 - P.D. only,04 - Sideswipe,Greenbelt
4798,EARL ARMSTRONG RD btwn RIVER RD & SPRATT RD,368180.6038,5014878.3,-75.69226,45.27101,2017-11-28,6:08:00 PM,01 - Clear,01 - Dry,10 - No control,01 - Non intersection,07 - Dark,03 - P.D. only,03 - Rear end,Greenbelt
4799,EARL ARMSTRONG RD btwn RIVER RD & SPRATT RD,367655.0132,5014661.539,-75.69898,45.2691,2017-01-18,8:00:00 AM,01 - Clear,03 - Loose snow,10 - No control,04 - At/near private drive,01 - Daylight,03 - P.D. only,05 - Turning movement,Gloucester
4800,EARL ARMSTRONG RD btwn RIVER RD & SPRATT RD,367929.1967,5014721.078,-75.69548,45.26961,2017-01-09,10:21:00 AM,01 - Clear,01 - Dry,10 - No control,01 - Non intersection,01 - Daylight,03 - P.D. only,07 - SMV other,Greenbelt
4801,EARL ARMSTRONG RD btwn SPRATT RD & SHORELINE DR,368573.7505,5015123.382,-75.68722,45.27317,2017-11-06,4:06:00 PM,01 - Clear,01 - Dry,10 - No control,04 - At/near private drive,01 - Daylight,03 - P.D. only,03 - Rear end,Greenbelt
4802,EARL GREY DR @ 175 S OF KANATA AVE/WALMART SC,350933.1076,5019117.403,-75.91166,45.31049,2017-01-06,7:20:00 PM,01 - Clear,01 - Dry,01 - Traffic signal,02 - Intersection related,07 - Dark,03 - P.D. only,02 - Angle,Kanata
4803,EARL GREY DR btwn 175 S OF KANATA AVE/WALMART SC & KANATA AVE,350951.3045,5019163.964,-75.91142,45.31091,2017-07-30,2:16:00 PM,01 - Clear,01 - Dry,10 - No control,04 - At/near private drive,01 - Daylight,03 - P.D. only,02 - Angle,Kanata
4804,EARL GREY DR btwn 175 S OF KANATA AVE/WALMART SC & KANATA AVE,350953.6658,5019171.155,-75.91139,45.31098,2017-09-17,1:27:00 PM,01 - Clear,01 - Dry,10 - No control,04 - At/near private drive,01 - Daylight,03 - P.D. only,03 - Rear end,Kanata
4805,EARL GREY DR btwn ROLAND MICHENER DR & 175 S OF KANATA AVE/WALMART SC,350931.1026,5019108.207,-75.91168,45.31041,2017-07-29,3:26:00 PM,01 - Clear,01 - Dry,10 - No control,01 - Non intersection,01 - Daylight,03 - P.D. only,02 - Angle,Kanata
4806,EARL MULLIGAN DR @ MOUNTSHANNON DR,364813.6891,5017244.455,-75.73488,45.29259,2017-10-12,8:57:00 PM,01 - Clear,01 - Dry,02 - Stop sign,03 - At intersection,07 - Dark,03 - P.D. only,02 - Angle,New Barrhaven
4807,EARL MULLIGAN DR @ WOODGATE WAY,365042.0316,5017385.121,-75.73195,45.29384,2017-12-01,4:59:00 PM,01 - Clear,01 - Dry,02 - Stop sign,02 - Intersection related,07 - Dark,03 - P.D. only,03 - Rear end,New Barrhaven
4808,EARL MULLIGAN DR @ WOODROFFE AVE,365251.7045,5017506.46,-75.72926,45.29491,2017-05-20,11:08:00 AM,01 - Clear,01 - Dry,01 - Traffic signal,03 - At intersection,01 - Daylight,02 - Non-fatal injury,05 - Turning movement,Greenbelt
4809,EARL MULLIGAN DR @ WOODROFFE AVE,365249.7827,5017506.23,-75.72929,45.29491,2017-07-26,8:33:00 AM,01 - Clear,01 - Dry,01 - Traffic signal,02 - Intersection related,01 - Daylight,03 - P.D. only,03 - Rear end,Greenbelt
4810,EARL MULLIGAN DR @ WOODROFFE AVE,365250.7012,5017505.646,-75.72927,45.2949,2017-10-20,8:13:00 AM,01 - Clear,01 - Dry,01 - Traffic signal,02 - Intersection related,01 - Daylight,03 - P.D. only,03 - Rear end,Greenbelt
4811,EARL MULLIGAN DR @ WOODROFFE AVE,365250.2278,5017505.277,-75.72928,45.2949,2017-10-17,9:47:00 AM,01 - Clear,01 - Dry,01 - Traffic signal,03 - At intersection,01 - Daylight,03 - P.D. only,02 - Angle,Greenbelt
4812,EARL MULLIGAN DR @ WOODROFFE AVE,365250.8669,5017506.636,-75.72927,45.29491,2017-01-05,5:26:00 PM,01 - Clear,06 - Ice,01 - Traffic signal,02 - Intersection related,05 - Dusk,02 - Non-fatal injury,03 - Rear end,Greenbelt
4813,EARL MULLIGAN DR @ WOODROFFE AVE,365251.7045,5017507.798,-75.72926,45.29492,2017-04-21,6:12:00 PM,01 - Clear,01 - Dry,01 - Traffic signal,03 - At intersection,01 - Daylight,03 - P.D. only,05 - Turning movement,Greenbelt
4814,EARLSCOURT CRES @ GOUGH RD W,373297.7283,5010632.396,-75.62764,45.23232,2017-10-03,3:03:00 PM,01 - Clear,01 - Dry,10 - No control,02 - Intersection related,01 - Daylight,03 - P.D. only,05 - Turning movement,Manotick
4815,EAST SHORE RD @ REGIONAL RD 174,391770.7821,5042804.894,-75.38674,45.51974,2017-05-08,7:04:00 AM,03 - Snow,02 - Wet,02 - Stop sign,02 - Intersection related,01 - Daylight,03 - P.D. only,04 - Sideswipe,Cumberland - Estates
4816,EASTVALE DR btwn OGILVIE RD & FILLMORE CRES,375013.4343,5036050.994,-75.60218,45.46086,2017-04-19,12:00:00 AM,01 - Clear,02 - Wet,10 - No control,01 - Non intersection,00 - Unknown,03 - P.D. only,06 - SMV unattended vehicle,Beacon Hill North
4817,EASTVALE DR btwn OGILVIE RD & LOYOLA AVE,375627.4055,5035090.283,-75.59447,45.45215,2017-01-01,12:00:00 AM,03 - Snow,04 - Slush,10 - No control,01 - Non intersection,00 - Unknown,03 - P.D. only,06 - SMV unattended vehicle,Beacon Hill North
4818,EASTVALE DR N @ OGILVIE RD,374982.8839,5036044.603,-75.60257,45.4608,2017-08-01,12:23:00 PM,01 - Clear,01 - Dry,02 - Stop sign,02 - Intersection related,01 - Daylight,03 - P.D. only,04 - Sideswipe,Beacon Hill North
4819,EASTVALE DR S @ OGILVIE RD,375466.2383,5035022.967,-75.59654,45.45156,2017-06-25,10:30:00 AM,01 - Clear,01 - Dry,01 - Traffic signal,02 - Intersection related,01 - Daylight,02 - Non-fatal injury,03 - Rear end,Beacon Hill North
4820,EASTVALE DR S @ OGILVIE RD,375465.8986,5035026.144,-75.59654,45.45159,2017-11-17,4:32:00 PM,01 - Clear,01 - Dry,01 - Traffic signal,03 - At intersection,05 - Dusk,03 - P.D. only,05 - Turning movement,Beacon Hill North
4821,EASTWOOD PL @ MCARTHUR AVE,371051.714,5032783.244,-75.65327,45.43184,2017-10-28,1:30:00 PM,01 - Clear,01 - Dry,02 - Stop sign,03 - At intersection,01 - Daylight,03 - P.D. only,05 - Turning movement,Vanier South
4822,ECCLES ST @ PRESTON ST,366328.2768,5030075.853,-75.71397,45.40792,2017-10-28,7:25:00 PM,01 - Clear,01 - Dry,02 - Stop sign,03 - At intersection,07 - Dark,03 - P.D. only,03 - Rear end,Centretown West
4823,ECCLES ST btwn LEBRETON ST N & BELL ST N,366742.859,5030221.033,-75.70866,45.40918,2017-09-02,6:51:00 AM,01 - Clear,01 - Dry,10 - No control,01 - Non intersection,03 - Dawn,02 - Non-fatal injury,07 - SMV other,Chinatown
4824,ECHO DR btwn MAIN ST & CONCORD ST N,368926.8595,5031062.156,-75.68065,45.41656,2017-11-20,8:43:00 PM,01 - Clear,05 - Packed snow,10 - No control,01 - Non intersection,07 - Dark,02 - Non-fatal injury,01 - Approaching,Old Ottawa East
4825,ECHO DR N @ MAIN ST,368861.7262,5030890.442,-75.6815,45.41502,2017-12-24,1:24:00 AM,03 - Snow,05 - Packed snow,10 - No control,02 - Intersection related,07 - Dark,03 - P.D. only,03 - Rear end,Old Ottawa East
4826,ECHOWOODS AVE btwn KITTIWAKE DR & LLOYDALEX CRES,348651.8338,5014616.389,-75.94115,45.27014,2017-01-21,12:00:00 AM,01 - Clear,01 - Dry,10 - No control,01 - Non intersection,00 - Unknown,03 - P.D. only,06 - SMV unattended vehicle,Stittsville
4827,EDGAR BRAULT ST @ ST. JOSEPH BLVD,381419.6995,5037546.738,-75.52004,45.47364,2017-10-17,4:15:00 PM,01 - Clear,01 - Dry,01 - Traffic signal,02 - Intersection related,01 - Daylight,02 - Non-fatal injury,03 - Rear end,Industrial Park
4828,EDGAR BRAULT ST @ ST. JOSEPH BLVD,381419.6386,5037546.715,-75.52004,45.47364,2017-01-03,8:44:00 AM,04 - Freezing Rain,04 - Slush,01 - Traffic signal,02 - Intersection related,01 - Daylight,03 - P.D. only,02 - Angle,Industrial Park
4829,EDGAR BRAULT ST @ ST. JOSEPH BLVD,381419.6857,5037547.688,-75.52004,45.47365,2017-03-31,1:08:00 PM,01 - Clear,01 - Dry,01 - Traffic signal,02 - Intersection related,01 - Daylight,03 - P.D. only,03 - Rear end,Industrial Park
4830,EDGECOMBE ST @ SMYTH RD,372325.0473,5029271.595,-75.63748,45.40013,2017-01-19,2:45:00 PM,01 - Clear,01 - Dry,02 - Stop sign,03 - At intersection,01 - Daylight,03 - P.D. only,04 - Sideswipe,Elmvale - Eastway - Riverview - Riverview Park West