Record,Location,X,Y,Longitude,Latitude,Date,Time,Environment,Road_Surface,Traffic_Control,Collision_Location,Light,Collision_Classification,Impact_type,Neighborhood
4831,EDGEWATER ST btwn TERRY FOX DR & HAZELDEAN RD,351989.1709,5017660.399,-75.89833,45.29731,2017-06-26,3:06:00 PM,01 - Clear,01 - Dry,10 - No control,01 - Non intersection,01 - Daylight,03 - P.D. only,02 - Angle,Katimavik - Hazeldean
4832,EDGEWATER ST btwn TERRY FOX DR & HAZELDEAN RD,352159.3916,5017483.387,-75.89618,45.29571,2017-10-31,5:25:00 PM,01 - Clear,01 - Dry,10 - No control,04 - At/near private drive,01 - Daylight,03 - P.D. only,02 - Angle,Katimavik - Hazeldean
4833,EDGEWORTH AVE btwn LAWN AVE & CARLING AVE,361241.61,5025470.009,-75.77948,45.3669,2017-12-01,3:00:00 PM,01 - Clear,01 - Dry,10 - No control,01 - Non intersection,01 - Daylight,03 - P.D. only,06 - SMV unattended vehicle,Woodroffe - Lincoln Heights
4834,EDGEWORTH AVE btwn LAWN AVE & CARLING AVE,361229.1139,5025502.411,-75.77963,45.36719,2017-02-22,7:56:00 AM,01 - Clear,05 - Packed snow,10 - No control,01 - Non intersection,01 - Daylight,03 - P.D. only,04 - Sideswipe,Woodroffe - Lincoln Heights
4835,EDISON AVE @ RAVENHILL AVE,363238.5604,5028065.585,-75.75368,45.39009,2017-09-06,5:04:00 PM,01 - Clear,01 - Dry,02 - Stop sign,02 - Intersection related,01 - Daylight,03 - P.D. only,02 - Angle,Carlingwood - McKellar Park - Laurentien View
4836,EDISON AVE btwn RAVENHILL AVE & KENWOOD AVE,363248.6254,5028043.491,-75.75355,45.38989,2017-01-10,1:01:00 PM,01 - Clear,04 - Slush,10 - No control,01 - Non intersection,01 - Daylight,03 - P.D. only,06 - SMV unattended vehicle,Carlingwood - McKellar Park - Laurentien View
4837,EDITH AVE @ QUEEN MARY ST,370933.5838,5032022.797,-75.65488,45.42501,2017-08-20,10:58:00 PM,01 - Clear,01 - Dry,02 - Stop sign,03 - At intersection,07 - Dark,02 - Non-fatal injury,02 - Angle,Overbrook
4838,"EGLISE, RUE DE L @ MONTREAL RD",371156.7069,5033634.925,-75.65182,45.4395,2017-06-23,1:18:00 AM,02 - Rain,02 - Wet,01 - Traffic signal,02 - Intersection related,07 - Dark,02 - Non-fatal injury,03 - Rear end,Vanier South
4839,"EGLISE, RUE DE L @ MONTREAL RD",371156.6247,5033634.401,-75.65182,45.43949,2017-10-15,1:00:00 PM,01 - Clear,02 - Wet,01 - Traffic signal,02 - Intersection related,01 - Daylight,03 - P.D. only,03 - Rear end,Vanier South
4840,"EGLISE, RUE DE L @ MONTREAL RD",371158.1881,5033633.348,-75.6518,45.43948,2017-12-01,4:35:00 PM,01 - Clear,01 - Dry,01 - Traffic signal,02 - Intersection related,05 - Dusk,03 - P.D. only,04 - Sideswipe,Vanier South
4841,"EGLISE, RUE DE L @ MONTREAL RD",371158.3928,5033632.676,-75.65179,45.43948,2017-12-16,4:40:00 PM,01 - Clear,04 - Slush,01 - Traffic signal,03 - At intersection,05 - Dusk,02 - Non-fatal injury,05 - Turning movement,Vanier South
4842,"EGLISE, RUE DE L btwn MONTREAL RD & COLLEGE CIRC",371226.9382,5033495.502,-75.65094,45.43824,2017-05-26,12:00:00 AM,01 - Clear,01 - Dry,10 - No control,01 - Non intersection,00 - Unknown,03 - P.D. only,06 - SMV unattended vehicle,Vanier South
4843,EGRET WAY @ GREENBANK RD,364969.077,5012404.258,-75.73348,45.24903,2017-03-09,5:09:00 PM,01 - Clear,01 - Dry,02 - Stop sign,03 - At intersection,01 - Daylight,03 - P.D. only,02 - Angle,New Barrhaven
4844,EGRET WAY btwn GRAND CANAL ST & RIVER MIST RD,364476.2512,5012119.164,-75.73979,45.2465,2017-10-26,1:30:00 PM,01 - Clear,01 - Dry,10 - No control,04 - At/near private drive,01 - Daylight,03 - P.D. only,06 - SMV unattended vehicle,New Barrhaven
4845,EIGHTH LINE RD E @ HALL RD E,385109.8656,5025150.727,-75.47487,45.3617,2017-01-08,10:30:00 PM,01 - Clear,05 - Packed snow,02 - Stop sign,02 - Intersection related,07 - Dark,03 - P.D. only,07 - SMV other,Greenbelt
4846,ELDERBERRY TER @ LAVEROCK BAY,382050.0737,5038621.582,-75.51181,45.48324,2017-02-15,4:34:00 PM,03 - Snow,02 - Wet,10 - No control,03 - At intersection,01 - Daylight,03 - P.D. only,02 - Angle,Chatelaine Village
4847,ELDERWOOD TR btwn PINECONE TR & TRAILWAY CIRC,350745.4011,5014489.75,-75.91448,45.26886,2017-07-11,5:00:00 AM,02 - Rain,02 - Wet,10 - No control,04 - At/near private drive,03 - Dawn,03 - P.D. only,06 - SMV unattended vehicle,Stittsville
4848,ELGIN ST @ FRANK ST,368357.7111,5030889.755,-75.68794,45.41506,2017-12-15,7:35:00 AM,01 - Clear,01 - Dry,02 - Stop sign,03 - At intersection,03 - Dawn,03 - P.D. only,99 - Other,Centretown
4849,ELGIN ST @ FRANK ST,368358.6669,5030887.855,-75.68793,45.41504,2017-11-05,4:58:00 PM,02 - Rain,02 - Wet,02 - Stop sign,02 - Intersection related,07 - Dark,03 - P.D. only,02 - Angle,Centretown
4850,ELGIN ST @ FRANK ST,368358.1845,5030887.388,-75.68794,45.41504,2017-12-15,10:15:00 AM,03 - Snow,03 - Loose snow,02 - Stop sign,03 - At intersection,01 - Daylight,02 - Non-fatal injury,07 - SMV other,Centretown
4851,ELGIN ST @ GILMOUR ST,368252.71,5031054.815,-75.68926,45.41655,2017-12-13,7:19:00 PM,03 - Snow,03 - Loose snow,01 - Traffic signal,02 - Intersection related,07 - Dark,02 - Non-fatal injury,03 - Rear end,Centretown
4852,ELGIN ST @ GLADSTONE AVE,368384.716,5030844.352,-75.6876,45.41465,2017-08-22,4:09:00 PM,01 - Clear,01 - Dry,01 - Traffic signal,03 - At intersection,01 - Daylight,03 - P.D. only,02 - Angle,Centretown
4853,ELGIN ST @ GLOUCESTER ST,367987.7132,5031478.248,-75.6926,45.42039,2017-07-12,9:48:00 AM,01 - Clear,01 - Dry,10 - No control,02 - Intersection related,01 - Daylight,03 - P.D. only,04 - Sideswipe,Downtown
4854,ELGIN ST @ GLOUCESTER ST,367986.9681,5031476.845,-75.69261,45.42037,2017-08-23,12:00:00 AM,01 - Clear,01 - Dry,10 - No control,02 - Intersection related,07 - Dark,03 - P.D. only,06 - SMV unattended vehicle,Downtown
4855,ELGIN ST @ GLOUCESTER ST,367987.7877,5031478.69,-75.69259,45.42039,2017-02-14,12:00:00 AM,03 - Snow,03 - Loose snow,10 - No control,02 - Intersection related,00 - Unknown,03 - P.D. only,06 - SMV unattended vehicle,Downtown
4856,ELGIN ST @ ISABELLA ST,368614.5981,5030489.789,-75.68471,45.41143,2017-05-20,2:03:00 PM,01 - Clear,01 - Dry,02 - Stop sign,02 - Intersection related,01 - Daylight,03 - P.D. only,04 - Sideswipe,The Glebe
4857,ELGIN ST @ LAURIER AVE,367949.0444,5031550.245,-75.69308,45.42104,2017-06-09,12:28:00 PM,01 - Clear,01 - Dry,01 - Traffic signal,03 - At intersection,01 - Daylight,02 - Non-fatal injury,05 - Turning movement,Downtown
4858,ELGIN ST @ LAURIER AVE,367949.0444,5031550.245,-75.69308,45.42104,2017-04-27,4:51:00 PM,01 - Clear,01 - Dry,01 - Traffic signal,02 - Intersection related,01 - Daylight,03 - P.D. only,04 - Sideswipe,Downtown
4859,ELGIN ST @ LAURIER AVE,367947.0377,5031548.907,-75.69311,45.42102,2017-04-29,7:07:00 AM,01 - Clear,01 - Dry,01 - Traffic signal,03 - At intersection,01 - Daylight,03 - P.D. only,04 - Sideswipe,Downtown
4860,ELGIN ST @ LAURIER AVE,367950.0507,5031549.352,-75.69307,45.42103,2017-07-11,6:15:00 PM,01 - Clear,01 - Dry,01 - Traffic signal,02 - Intersection related,01 - Daylight,03 - P.D. only,04 - Sideswipe,Downtown
4861,ELGIN ST @ LAURIER AVE,367948.2784,5031548.929,-75.69309,45.42102,2017-08-12,1:42:00 AM,01 - Clear,01 - Dry,01 - Traffic signal,02 - Intersection related,07 - Dark,03 - P.D. only,06 - SMV unattended vehicle,Downtown
4862,ELGIN ST @ LAURIER AVE,367948.1635,5031549.029,-75.69309,45.42103,2017-09-26,5:27:00 PM,01 - Clear,01 - Dry,01 - Traffic signal,03 - At intersection,01 - Daylight,02 - Non-fatal injury,07 - SMV other,Downtown
4863,ELGIN ST @ LAURIER AVE,367949.1833,5031548.392,-75.69308,45.42102,2017-10-26,1:20:00 PM,01 - Clear,01 - Dry,01 - Traffic signal,02 - Intersection related,01 - Daylight,03 - P.D. only,03 - Rear end,Downtown
4864,ELGIN ST @ LAURIER AVE,367947.7541,5031549.337,-75.6931,45.42103,2017-09-29,6:50:00 AM,01 - Clear,01 - Dry,01 - Traffic signal,03 - At intersection,03 - Dawn,03 - P.D. only,04 - Sideswipe,Downtown
4865,ELGIN ST @ LAURIER AVE,367949.6657,5031549.815,-75.69307,45.42103,2017-10-09,12:23:00 AM,01 - Clear,01 - Dry,01 - Traffic signal,03 - At intersection,07 - Dark,03 - P.D. only,07 - SMV other,Downtown
4866,ELGIN ST @ LAURIER AVE,367947.7541,5031549.337,-75.6931,45.42103,2017-12-07,8:43:00 AM,01 - Clear,01 - Dry,01 - Traffic signal,03 - At intersection,01 - Daylight,02 - Non-fatal injury,05 - Turning movement,Downtown
4867,ELGIN ST @ LAURIER AVE,367949.2526,5031548.219,-75.69308,45.42102,2017-01-27,2:30:00 PM,03 - Snow,02 - Wet,01 - Traffic signal,03 - At intersection,01 - Daylight,03 - P.D. only,04 - Sideswipe,Downtown
4868,ELGIN ST @ LAURIER AVE,367949.0444,5031549.576,-75.69308,45.42103,2017-02-21,9:24:00 PM,01 - Clear,01 - Dry,01 - Traffic signal,02 - Intersection related,07 - Dark,03 - P.D. only,04 - Sideswipe,Downtown
4869,ELGIN ST @ LAURIER AVE,367949.7132,5031550.245,-75.69307,45.42104,2017-03-14,4:30:00 PM,01 - Clear,03 - Loose snow,01 - Traffic signal,03 - At intersection,01 - Daylight,03 - P.D. only,05 - Turning movement,Downtown
4870,ELGIN ST @ LAURIER AVE,367949.0444,5031550.245,-75.69308,45.42104,2017-03-06,8:04:00 PM,01 - Clear,02 - Wet,01 - Traffic signal,03 - At intersection,07 - Dark,03 - P.D. only,05 - Turning movement,Downtown
4871,ELGIN ST @ LAURIER AVE,367949.7132,5031548.907,-75.69307,45.42102,2017-03-24,9:52:00 AM,03 - Snow,03 - Loose snow,01 - Traffic signal,02 - Intersection related,01 - Daylight,03 - P.D. only,04 - Sideswipe,Downtown
4872,ELGIN ST @ LAURIER AVE,367948.7099,5031550.759,-75.69308,45.42104,2017-12-17,10:29:00 PM,01 - Clear,02 - Wet,01 - Traffic signal,03 - At intersection,07 - Dark,03 - P.D. only,05 - Turning movement,Downtown
4873,ELGIN ST @ LEWIS ST,368276.7043,5031018.437,-75.68896,45.41622,2017-08-23,7:05:00 AM,01 - Clear,01 - Dry,02 - Stop sign,02 - Intersection related,01 - Daylight,03 - P.D. only,02 - Angle,Centretown
4874,ELGIN ST @ LISGAR ST,368074.7112,5031345.339,-75.6915,45.41918,2017-09-19,12:45:00 PM,01 - Clear,01 - Dry,01 - Traffic signal,03 - At intersection,01 - Daylight,03 - P.D. only,03 - Rear end,Centretown
4875,ELGIN ST @ LISGAR ST,368074.3768,5031343.569,-75.69151,45.41917,2017-10-29,11:40:00 PM,01 - Clear,01 - Dry,01 - Traffic signal,03 - At intersection,07 - Dark,03 - P.D. only,02 - Angle,Centretown
4876,ELGIN ST @ MACLAREN ST,368209.7167,5031125.906,-75.6898,45.4172,2017-05-20,6:00:00 PM,01 - Clear,01 - Dry,01 - Traffic signal,03 - At intersection,01 - Daylight,03 - P.D. only,04 - Sideswipe,Centretown
4877,ELGIN ST @ MACLAREN ST,368208.5701,5031126.369,-75.68982,45.4172,2017-12-30,11:05:00 PM,03 - Snow,05 - Packed snow,01 - Traffic signal,03 - At intersection,07 - Dark,03 - P.D. only,02 - Angle,Centretown
4878,ELGIN ST @ MCLEOD ST,368424.7121,5030778.924,-75.6871,45.41405,2017-08-19,8:37:00 PM,01 - Clear,01 - Dry,02 - Stop sign,03 - At intersection,07 - Dark,02 - Non-fatal injury,02 - Angle,Centretown
4879,ELGIN ST @ MCLEOD ST,368424.7121,5030778.855,-75.6871,45.41405,2017-10-24,5:51:00 PM,01 - Clear,01 - Dry,02 - Stop sign,03 - At intersection,01 - Daylight,03 - P.D. only,02 - Angle,Centretown
4880,ELGIN ST @ MCLEOD ST,368426.213,5030779.947,-75.68708,45.41406,2017-02-08,9:15:00 PM,03 - Snow,04 - Slush,02 - Stop sign,02 - Intersection related,07 - Dark,03 - P.D. only,04 - Sideswipe,Centretown
4881,ELGIN ST @ MCLEOD ST,368424.7121,5030778.444,-75.6871,45.41405,2017-12-16,6:43:00 PM,03 - Snow,05 - Packed snow,02 - Stop sign,03 - At intersection,07 - Dark,02 - Non-fatal injury,07 - SMV other,Centretown
4882,ELGIN ST @ QUEEN ST,367803.6992,5031778.909,-75.69491,45.42311,2017-04-25,8:18:00 AM,01 - Clear,01 - Dry,01 - Traffic signal,02 - Intersection related,01 - Daylight,03 - P.D. only,99 - Other,Downtown
4883,ELGIN ST @ QUEEN ST,367805.037,5031778.24,-75.69489,45.4231,2017-11-29,6:43:00 PM,01 - Clear,01 - Dry,01 - Traffic signal,03 - At intersection,07 - Dark,03 - P.D. only,05 - Turning movement,Downtown
4884,ELGIN ST @ QUEEN ST,367804.3681,5031778.909,-75.6949,45.42311,2017-12-03,5:25:00 PM,01 - Clear,01 - Dry,01 - Traffic signal,02 - Intersection related,07 - Dark,03 - P.D. only,07 - SMV other,Downtown
4885,ELGIN ST @ QUEEN ST,367804.8708,5031779.58,-75.69489,45.42311,2017-12-15,7:30:00 PM,03 - Snow,05 - Packed snow,01 - Traffic signal,02 - Intersection related,07 - Dark,03 - P.D. only,03 - Rear end,Downtown
4886,ELGIN ST @ QUEEN ST,367804.2291,5031779.815,-75.6949,45.42312,2017-12-19,9:34:00 AM,01 - Clear,04 - Slush,01 - Traffic signal,03 - At intersection,01 - Daylight,03 - P.D. only,05 - Turning movement,Downtown
4887,ELGIN ST @ SLATER ST,367889.7044,5031647.244,-75.69383,45.42191,2017-06-24,3:24:00 PM,01 - Clear,01 - Dry,01 - Traffic signal,03 - At intersection,01 - Daylight,03 - P.D. only,02 - Angle,Downtown
4888,ELGIN ST @ SLATER ST,367891.711,5031645.906,-75.6938,45.4219,2017-05-02,10:04:00 AM,01 - Clear,01 - Dry,01 - Traffic signal,03 - At intersection,01 - Daylight,03 - P.D. only,05 - Turning movement,Downtown
4889,ELGIN ST @ SLATER ST,367892.3799,5031646.575,-75.69379,45.42191,2017-05-26,9:37:00 AM,01 - Clear,01 - Dry,01 - Traffic signal,02 - Intersection related,01 - Daylight,03 - P.D. only,04 - Sideswipe,Downtown
4890,ELGIN ST @ SLATER ST,367890.4842,5031647.506,-75.69382,45.42192,2017-07-04,4:50:00 PM,01 - Clear,01 - Dry,01 - Traffic signal,02 - Intersection related,01 - Daylight,03 - P.D. only,04 - Sideswipe,Downtown
4891,ELGIN ST @ SLATER ST,367890.1513,5031645.219,-75.69382,45.4219,2017-07-03,8:14:00 PM,01 - Clear,01 - Dry,01 - Traffic signal,03 - At intersection,01 - Daylight,03 - P.D. only,04 - Sideswipe,Downtown
4892,ELGIN ST @ SLATER ST,367890.1722,5031646.307,-75.69382,45.42191,2017-08-02,3:00:00 PM,01 - Clear,01 - Dry,01 - Traffic signal,02 - Intersection related,01 - Daylight,03 - P.D. only,04 - Sideswipe,Downtown
4893,ELGIN ST @ SLATER ST,367890.7077,5031649.044,-75.69381,45.42193,2017-02-15,4:17:00 PM,03 - Snow,03 - Loose snow,01 - Traffic signal,02 - Intersection related,01 - Daylight,03 - P.D. only,04 - Sideswipe,Downtown
4894,ELGIN ST @ SLATER ST,367892.3799,5031647.244,-75.69379,45.42191,2017-04-21,10:04:00 PM,02 - Rain,02 - Wet,01 - Traffic signal,03 - At intersection,07 - Dark,03 - P.D. only,02 - Angle,Downtown
4895,ELGIN ST @ SOMERSET ST,368163.7053,5031198.572,-75.69038,45.41785,2017-05-03,8:36:00 AM,01 - Clear,01 - Dry,01 - Traffic signal,03 - At intersection,01 - Daylight,02 - Non-fatal injury,07 - SMV other,Centretown
4896,ELGIN ST @ SOMERSET ST,368165.9845,5031198.253,-75.69035,45.41785,2017-07-19,8:16:00 AM,01 - Clear,01 - Dry,01 - Traffic signal,03 - At intersection,01 - Daylight,02 - Non-fatal injury,05 - Turning movement,Centretown
4897,ELGIN ST @ SOMERSET ST,368164.7086,5031196.933,-75.69037,45.41784,2017-09-14,10:38:00 AM,01 - Clear,01 - Dry,01 - Traffic signal,02 - Intersection related,01 - Daylight,02 - Non-fatal injury,07 - SMV other,Centretown
4898,ELGIN ST @ SOMERSET ST,368165.1865,5031198.811,-75.69036,45.41786,2017-12-14,10:45:00 AM,01 - Clear,01 - Dry,01 - Traffic signal,02 - Intersection related,01 - Daylight,03 - P.D. only,05 - Turning movement,Centretown
4899,ELGIN ST @ SOMERSET ST,368163.7619,5031198.335,-75.69038,45.41785,2017-12-09,8:50:00 PM,03 - Snow,03 - Loose snow,01 - Traffic signal,02 - Intersection related,07 - Dark,03 - P.D. only,03 - Rear end,Centretown
4900,ELGIN ST @ SOMERSET ST,368164.1659,5031198.301,-75.69038,45.41785,2017-02-03,7:45:00 PM,01 - Clear,01 - Dry,01 - Traffic signal,03 - At intersection,07 - Dark,03 - P.D. only,04 - Sideswipe,Centretown
4901,ELGIN ST @ SOMERSET ST,368164.7089,5031198.572,-75.69037,45.41785,2017-01-18,5:05:00 PM,01 - Clear,04 - Slush,01 - Traffic signal,02 - Intersection related,05 - Dusk,02 - Non-fatal injury,07 - SMV other,Centretown
4902,ELGIN ST @ WAVERLEY ST,368318.135,5030952.946,-75.68844,45.41563,2017-07-21,3:48:00 PM,01 - Clear,01 - Dry,01 - Traffic signal,03 - At intersection,01 - Daylight,02 - Non-fatal injury,04 - Sideswipe,Centretown
4903,ELGIN ST @ WELLINGTON ST W,367667.0323,5031874.473,-75.69664,45.42398,2017-06-26,3:42:00 PM,01 - Clear,01 - Dry,01 - Traffic signal,02 - Intersection related,01 - Daylight,03 - P.D. only,04 - Sideswipe,Downtown
4904,ELGIN ST @ WELLINGTON ST W,367664.2259,5031878.772,-75.69668,45.42402,2017-08-24,5:04:00 PM,01 - Clear,01 - Dry,01 - Traffic signal,03 - At intersection,01 - Daylight,03 - P.D. only,05 - Turning movement,Downtown
4905,ELGIN ST @ WELLINGTON ST W,367665.8137,5031878.243,-75.69666,45.42401,2017-09-02,3:34:00 PM,01 - Clear,01 - Dry,01 - Traffic signal,02 - Intersection related,01 - Daylight,03 - P.D. only,03 - Rear end,Downtown
4906,ELGIN ST @ WELLINGTON ST W,367664.7038,5031876.383,-75.69667,45.424,2017-09-20,12:52:00 PM,01 - Clear,01 - Dry,01 - Traffic signal,02 - Intersection related,01 - Daylight,03 - P.D. only,04 - Sideswipe,Downtown
4907,ELGIN ST @ WELLINGTON ST W,367665.2503,5031876.485,-75.69666,45.424,2017-10-03,7:00:00 PM,01 - Clear,01 - Dry,01 - Traffic signal,02 - Intersection related,05 - Dusk,03 - P.D. only,05 - Turning movement,Downtown
4908,ELGIN ST @ WELLINGTON ST W,367664.2304,5031877.341,-75.69668,45.42401,2017-12-07,5:22:00 PM,01 - Clear,01 - Dry,01 - Traffic signal,03 - At intersection,07 - Dark,02 - Non-fatal injury,05 - Turning movement,Downtown
4909,ELGIN ST @ WELLINGTON ST W,367664.3694,5031877.577,-75.69668,45.42401,2017-03-10,10:05:00 AM,01 - Clear,01 - Dry,01 - Traffic signal,03 - At intersection,01 - Daylight,03 - P.D. only,04 - Sideswipe,Downtown
4910,ELGIN ST @ WELLINGTON ST W,367664.2528,5031876.901,-75.69668,45.424,2017-12-24,7:43:00 AM,01 - Clear,03 - Loose snow,01 - Traffic signal,02 - Intersection related,03 - Dawn,03 - P.D. only,04 - Sideswipe,Downtown
4911,ELGIN ST btwn ARGYLE AVE & ARGYLE AVE,368499.3251,5030662.336,-75.68616,45.413,2017-10-13,4:47:00 PM,01 - Clear,01 - Dry,10 - No control,01 - Non intersection,01 - Daylight,02 - Non-fatal injury,06 - SMV unattended vehicle,Centretown
4912,ELGIN ST btwn ARGYLE AVE & CATHERINE ST,368516.6349,5030634.254,-75.68595,45.41274,2017-01-17,3:12:00 PM,99 - Other,99 - Other,10 - No control,98 - Other,99 - Other,03 - P.D. only,99 - Other,Centretown
4913,ELGIN ST btwn COOPER ST & SOMERSET ST W,368150.9935,5031220.962,-75.69054,45.41806,2017-06-11,3:30:00 PM,01 - Clear,01 - Dry,10 - No control,01 - Non intersection,01 - Daylight,03 - P.D. only,04 - Sideswipe,Centretown
4914,ELGIN ST btwn COOPER ST & SOMERSET ST W,368126.1865,5031262.743,-75.69085,45.41843,2017-08-21,6:00:00 PM,01 - Clear,01 - Dry,10 - No control,01 - Non intersection,01 - Daylight,03 - P.D. only,06 - SMV unattended vehicle,Centretown
4915,ELGIN ST btwn COOPER ST & SOMERSET ST W,368139.8261,5031238.737,-75.69068,45.41822,2017-12-03,2:00:00 PM,01 - Clear,01 - Dry,10 - No control,01 - Non intersection,01 - Daylight,03 - P.D. only,06 - SMV unattended vehicle,Centretown
4916,ELGIN ST btwn FRANK ST & GLADSTONE AVE,368374.5129,5030862.211,-75.68773,45.41481,2017-04-05,12:00:00 AM,01 - Clear,01 - Dry,10 - No control,01 - Non intersection,00 - Unknown,03 - P.D. only,06 - SMV unattended vehicle,Centretown
4917,ELGIN ST btwn GLADSTONE AVE & MCLEOD ST,368392.0494,5030830.696,-75.68751,45.41452,2017-10-24,6:22:00 PM,01 - Clear,01 - Dry,10 - No control,01 - Non intersection,05 - Dusk,03 - P.D. only,03 - Rear end,Centretown
4918,ELGIN ST btwn LAURIER AVE W & GLOUCESTER ST (2),367951.0355,5031545.102,-75.69306,45.42099,2017-08-01,2:00:00 PM,01 - Clear,01 - Dry,10 - No control,01 - Non intersection,01 - Daylight,03 - P.D. only,06 - SMV unattended vehicle,Downtown
4919,ELGIN ST btwn LISGAR ST & COOPER ST,368083.7413,5031333.536,-75.69139,45.41907,2017-02-18,5:01:00 PM,01 - Clear,02 - Wet,10 - No control,01 - Non intersection,01 - Daylight,03 - P.D. only,04 - Sideswipe,Centretown
4920,ELGIN ST btwn MACLAREN ST & GILMOUR ST,368233.6465,5031085.347,-75.6895,45.41683,2017-12-03,12:00:00 AM,01 - Clear,01 - Dry,10 - No control,01 - Non intersection,00 - Unknown,03 - P.D. only,06 - SMV unattended vehicle,Centretown
4921,ELGIN ST btwn SLATER ST & LAURIER AVE W (1),367916.2794,5031638.013,-75.69349,45.42183,2017-06-16,1:23:00 PM,01 - Clear,01 - Dry,10 - No control,01 - Non intersection,01 - Daylight,03 - P.D. only,04 - Sideswipe,Downtown
4922,ELGIN ST btwn SLATER ST & LAURIER AVE W (1),367910.4401,5031645.237,-75.69356,45.42189,2017-06-01,4:19:00 PM,01 - Clear,01 - Dry,10 - No control,01 - Non intersection,01 - Daylight,02 - Non-fatal injury,04 - Sideswipe,Downtown
4923,ELGIN ST btwn SOMERSET ST W & MACLAREN ST,368200.6661,5031140.066,-75.68992,45.41732,2017-01-29,9:00:00 PM,01 - Clear,01 - Dry,10 - No control,01 - Non intersection,07 - Dark,03 - P.D. only,06 - SMV unattended vehicle,Centretown
4924,ELGIN ST btwn WAVERLEY ST & FRANK ST,368330.2311,5030931.609,-75.68829,45.41544,2017-03-08,12:25:00 PM,01 - Clear,01 - Dry,10 - No control,01 - Non intersection,01 - Daylight,03 - P.D. only,06 - SMV unattended vehicle,Centretown
4925,ELGIN ST btwn WAVERLEY ST & FRANK ST,368345.5777,5030907.528,-75.6881,45.41522,2017-03-28,11:18:00 PM,01 - Clear,01 - Dry,10 - No control,01 - Non intersection,07 - Dark,03 - P.D. only,06 - SMV unattended vehicle,Centretown
4926,ELGIN ST NB @ WELLINGTON ST/RIDEAU ST,367802.7064,5031964.586,-75.6949,45.42478,2017-11-13,4:00:00 PM,01 - Clear,01 - Dry,01 - Traffic signal,02 - Intersection related,01 - Daylight,03 - P.D. only,04 - Sideswipe,Byward Market - Parliament Hill
4927,ELM ST btwn PRESTON ST & ROCHESTER ST,366271.9577,5030282.921,-75.71467,45.40978,2017-02-18,12:00:00 AM,03 - Snow,04 - Slush,10 - No control,01 - Non intersection,00 - Unknown,03 - P.D. only,06 - SMV unattended vehicle,Little Italy
4928,ELMGROVE AVE btwn WINONA AVE & END,363265.4527,5028501.291,-75.75328,45.39401,2017-05-10,12:00:00 AM,01 - Clear,01 - Dry,10 - No control,01 - Non intersection,00 - Unknown,03 - P.D. only,06 - SMV unattended vehicle,Westboro
4929,ELMIRA DR btwn COBDEN RD & LAMBETH WALK,361493.5692,5024051.92,-75.77642,45.35412,2017-10-25,8:53:00 AM,01 - Clear,01 - Dry,10 - No control,01 - Non intersection,01 - Daylight,03 - P.D. only,06 - SMV unattended vehicle,Iris
4930,ELMIRA DR btwn COBDEN RD & LAMBETH WALK,361442.2369,5024010.438,-75.77708,45.35375,2017-04-01,2:00:00 PM,01 - Clear,01 - Dry,10 - No control,01 - Non intersection,01 - Daylight,02 - Non-fatal injury,99 - Other,Iris
4931,ELMLEA DR btwn ELMLEA GT & TO BE DETERMINED,374872.1414,5033567.535,-75.60434,45.43853,2017-10-22,6:00:00 PM,01 - Clear,01 - Dry,10 - No control,01 - Non intersection,01 - Daylight,03 - P.D. only,99 - Other,Beacon Hill South - Cardinal Heights
4932,ELMRIDGE DR btwn APPLEGROVE CRT & BURFIELD AVE,374915.4323,5033909.715,-75.60374,45.4416,2017-03-14,3:28:00 PM,03 - Snow,05 - Packed snow,10 - No control,01 - Non intersection,01 - Daylight,03 - P.D. only,99 - Other,Beacon Hill South - Cardinal Heights
4933,ELMRIDGE DR btwn ELMSMERE RD & BETHAMY LANE,375194.3339,5034099.525,-75.60015,45.44328,2017-11-08,4:30:00 PM,01 - Clear,01 - Dry,10 - No control,01 - Non intersection,05 - Dusk,03 - P.D. only,06 - SMV unattended vehicle,Beacon Hill South - Cardinal Heights
4934,ELSINORE LANE btwn EDENVALE DR & EDENVALE DR,352439.6027,5020365.611,-75.89233,45.32162,2017-09-21,2:38:00 PM,01 - Clear,01 - Dry,10 - No control,04 - At/near private drive,01 - Daylight,03 - P.D. only,07 - SMV other,Kanata
4935,ELWOOD ST @ SEGUIN ST,374376.4202,5034288.5,-75.61057,45.44506,2017-01-17,12:00:00 AM,01 - Clear,01 - Dry,02 - Stop sign,02 - Intersection related,00 - Unknown,03 - P.D. only,06 - SMV unattended vehicle,Beacon Hill South - Cardinal Heights
4936,EMERALD MEADOWS DR @ GRASSY PLAINS DR,355427.5687,5015545.693,-75.85471,45.27804,2017-12-14,1:27:00 AM,01 - Clear,03 - Loose snow,10 - No control,03 - At intersection,07 - Dark,03 - P.D. only,07 - SMV other,Bridlewood - Emerald Meadows
4937,EMMERSON AVE @ PARKDALE AVE,364713.483,5030270.867,-75.73458,45.40981,2017-07-11,3:43:00 PM,02 - Rain,02 - Wet,02 - Stop sign,02 - Intersection related,01 - Daylight,03 - P.D. only,03 - Rear end,Island Park
4938,EMOND ST btwn DESCHAMPS AVE & MONTREAL RD,370134.0974,5033239.979,-75.66494,45.43604,2017-08-27,12:00:00 AM,01 - Clear,01 - Dry,10 - No control,01 - Non intersection,00 - Unknown,03 - P.D. only,06 - SMV unattended vehicle,Vanier North