Record,Location,X,Y,Longitude,Latitude,Date,Time,Environment,Road_Surface,Traffic_Control,Collision_Location,Light,Collision_Classification,Impact_type,Neighborhood
4939,EMPEROR AVE @ FISHER AVE,365685.3772,5027163.211,-75.72254,45.38176,2017-05-06,6:23:00 PM,02 - Rain,02 - Wet,02 - Stop sign,03 - At intersection,01 - Daylight,03 - P.D. only,02 - Angle,Carlington
4940,EMPEROR AVE @ FISHER AVE,365684.3065,5027164.046,-75.72256,45.38177,2017-07-24,8:13:00 AM,02 - Rain,02 - Wet,02 - Stop sign,02 - Intersection related,01 - Daylight,03 - P.D. only,03 - Rear end,Carlington
4941,EMPEROR AVE @ FISHER AVE,365684.1829,5027161.825,-75.72256,45.38175,2017-09-07,7:21:00 PM,01 - Clear,01 - Dry,02 - Stop sign,02 - Intersection related,05 - Dusk,03 - P.D. only,03 - Rear end,Carlington
4942,EMPEROR AVE @ FISHER AVE,365683.3706,5027163.211,-75.72257,45.38176,2017-11-18,7:51:00 PM,02 - Rain,02 - Wet,02 - Stop sign,02 - Intersection related,07 - Dark,02 - Non-fatal injury,05 - Turning movement,Carlington
4943,EMPEROR AVE btwn SILVER ST & HOLLINGTON ST,365172.5653,5026840.591,-75.72913,45.37891,2017-09-25,7:04:00 AM,01 - Clear,01 - Dry,10 - No control,04 - At/near private drive,01 - Daylight,03 - P.D. only,06 - SMV unattended vehicle,Carlington
4944,EMPRESS AVE @ PRIMROSE AVE,366657.4219,5030537.23,-75.70971,45.41204,2017-02-22,1:34:00 PM,01 - Clear,01 - Dry,10 - No control,02 - Intersection related,01 - Daylight,03 - P.D. only,06 - SMV unattended vehicle,Centretown West
4945,ENFIELD AVE @ MCARTHUR AVE,370341.4647,5032704.462,-75.66236,45.4312,2017-02-09,4:41:00 PM,01 - Clear,03 - Loose snow,02 - Stop sign,02 - Intersection related,01 - Daylight,03 - P.D. only,03 - Rear end,Vanier South
4946,ENTERPRISE AVE @ MERIVALE RD,365829.2906,5021419.23,-75.72142,45.33007,2017-10-25,4:50:00 PM,01 - Clear,01 - Dry,01 - Traffic signal,02 - Intersection related,01 - Daylight,03 - P.D. only,03 - Rear end,Merivale Gardens - Grenfell Glen - Pineglen - Country Place
4947,ENTERPRISE AVE @ MERIVALE RD,365829.2223,5021418.249,-75.72142,45.33006,2017-12-25,3:36:00 PM,01 - Clear,01 - Dry,01 - Traffic signal,02 - Intersection related,01 - Daylight,03 - P.D. only,07 - SMV other,Merivale Gardens - Grenfell Glen - Pineglen - Country Place
4948,ENTERPRISE AVE btwn TRADE ST & MERIVALE RD,365730.4335,5021361.848,-75.72268,45.32956,2017-03-09,9:23:00 AM,01 - Clear,01 - Dry,10 - No control,04 - At/near private drive,01 - Daylight,03 - P.D. only,04 - Sideswipe,Merivale Gardens - Grenfell Glen - Pineglen - Country Place
4949,EPWORTH AVE btwn BASSANO ST & PENDER ST,364293.445,5023823.295,-75.74072,45.35183,2017-02-16,10:03:00 AM,01 - Clear,03 - Loose snow,10 - No control,01 - Non intersection,01 - Daylight,03 - P.D. only,01 - Approaching,Crestview - Meadowlands
4950,EQUESTRIAN DR btwn FOXLEIGH CRES & TROTTING WAY,354614.7819,5016220.783,-75.865,45.28418,2017-12-14,3:52:00 PM,01 - Clear,04 - Slush,10 - No control,01 - Non intersection,01 - Daylight,03 - P.D. only,03 - Rear end,Bridlewood - Emerald Meadows
4951,EQUESTRIAN DR btwn REDFOX PL & STIRRUP PL,354949.0301,5015878.433,-75.86077,45.28107,2017-11-28,12:19:00 PM,01 - Clear,02 - Wet,10 - No control,01 - Non intersection,01 - Daylight,03 - P.D. only,07 - SMV other,Bridlewood - Emerald Meadows
4952,EQUESTRIAN DR btwn REIN TER & SADDLEHORN CRES,354939.9595,5016763.38,-75.8608,45.28904,2017-04-14,6:09:00 PM,01 - Clear,01 - Dry,10 - No control,01 - Non intersection,01 - Daylight,03 - P.D. only,03 - Rear end,Bridlewood - Emerald Meadows
4953,EQUESTRIAN DR btwn STABLE WAY & POMMEL CRES,354638.6258,5016591.319,-75.86466,45.28751,2017-01-03,9:33:00 PM,03 - Snow,04 - Slush,10 - No control,04 - At/near private drive,07 - Dark,03 - P.D. only,06 - SMV unattended vehicle,Bridlewood - Emerald Meadows
4954,ERIC CZAPNIK WAY btwn Continuation of ERIC CZAPNIK WAY & Dead End,382987.73,5038818.855,-75.49979,45.48491,2017-03-08,10:00:00 AM,01 - Clear,02 - Wet,10 - No control,01 - Non intersection,01 - Daylight,03 - P.D. only,06 - SMV unattended vehicle,Industrial Park
4955,ERINDALE DR @ BASELINE RD,363857.2187,5024575.759,-75.7462,45.35864,2017-09-16,2:53:00 PM,01 - Clear,01 - Dry,02 - Stop sign,03 - At intersection,01 - Daylight,02 - Non-fatal injury,02 - Angle,Braemar Park - Bel Air Heights - Copeland Park
4956,ERINDALE DR @ BASELINE RD,363856.8337,5024574.664,-75.7462,45.35863,2017-01-01,9:40:00 PM,01 - Clear,02 - Wet,02 - Stop sign,03 - At intersection,07 - Dark,03 - P.D. only,07 - SMV other,Braemar Park - Bel Air Heights - Copeland Park
4957,ERINDALE DR @ BASELINE RD,363856.9416,5024575.898,-75.7462,45.35864,2017-01-12,8:55:00 AM,02 - Rain,02 - Wet,02 - Stop sign,02 - Intersection related,01 - Daylight,03 - P.D. only,02 - Angle,Braemar Park - Bel Air Heights - Copeland Park
4958,ERINDALE DR btwn FORLAN DR & AINSLEY DR,363776.5538,5024729.085,-75.74721,45.36003,2017-02-16,12:00:00 AM,03 - Snow,03 - Loose snow,10 - No control,01 - Non intersection,00 - Unknown,03 - P.D. only,06 - SMV unattended vehicle,Braemar Park - Bel Air Heights - Copeland Park
4959,ERINDALE DR btwn NAVAHO DR & FORLAN DR,363677.8994,5024971.892,-75.74844,45.36222,2017-10-12,1:54:00 PM,01 - Clear,01 - Dry,10 - No control,01 - Non intersection,01 - Daylight,03 - P.D. only,05 - Turning movement,Braemar Park - Bel Air Heights - Copeland Park
4960,ESCALLONIA CRT btwn ESCALLONIA CRT & ESCALLONIA CRT,349836.269,5016000.495,-75.92593,45.28252,2017-08-06,9:46:00 PM,01 - Clear,01 - Dry,10 - No control,04 - At/near private drive,07 - Dark,03 - P.D. only,06 - SMV unattended vehicle,Stittsville
4961,ESCALLONIA CRT btwn ESCALLONIA CRT & ESCALLONIA CRT,349760.304,5015963.189,-75.9269,45.28219,2017-02-15,9:51:00 AM,03 - Snow,03 - Loose snow,10 - No control,01 - Non intersection,01 - Daylight,03 - P.D. only,01 - Approaching,Stittsville
4962,ESCARPMENT CRES N/TERRANE PL @ HUNTSVILLE DR,348440.9581,5019993.782,-75.94336,45.31854,2017-12-19,9:25:00 AM,01 - Clear,02 - Wet,02 - Stop sign,03 - At intersection,01 - Daylight,03 - P.D. only,02 - Angle,Kanata Lakes - Marchwood Lakeside - Morgan's Grant - Kanata
4963,ESPLANADE AVE @ GARDENWAY DR,384561.8522,5036721.284,-75.47999,45.46586,2017-01-28,4:28:00 PM,01 - Clear,02 - Wet,02 - Stop sign,03 - At intersection,01 - Daylight,03 - P.D. only,02 - Angle,Fallingbrook
4964,ESPRIT DR @ DU PLATEAU ST/SCALA AVE,384875.3489,5036398.278,-75.47604,45.46292,2017-08-26,10:35:00 AM,01 - Clear,01 - Dry,02 - Stop sign,02 - Intersection related,01 - Daylight,03 - P.D. only,05 - Turning movement,Avalon
4965,ESPRIT DR btwn ESPRIT DR N & ESPRIT DR S,385495.461,5034929.937,-75.46835,45.44964,2017-04-05,4:10:00 PM,01 - Clear,01 - Dry,10 - No control,01 - Non intersection,01 - Daylight,03 - P.D. only,06 - SMV unattended vehicle,Avalon
4966,ESPRIT DR btwn ESPRIT DR N & STORMWIND AVE,385549.686,5035010.865,-75.46764,45.45036,2017-07-21,7:35:00 AM,01 - Clear,01 - Dry,10 - No control,01 - Non intersection,01 - Daylight,03 - P.D. only,06 - SMV unattended vehicle,Avalon
4967,ESPRIT DR btwn GALLERIA CIRC & BLACKBURN BYPS,385107.2567,5035429.574,-75.47323,45.45418,2017-10-29,5:30:00 AM,01 - Clear,01 - Dry,10 - No control,01 - Non intersection,07 - Dark,03 - P.D. only,06 - SMV unattended vehicle,Avalon
4968,ESPRIT DR btwn GALLERIA CIRC & BLACKBURN BYPS,385119.479,5035400.815,-75.47308,45.45392,2017-04-05,12:00:00 AM,02 - Rain,02 - Wet,10 - No control,01 - Non intersection,00 - Unknown,03 - P.D. only,06 - SMV unattended vehicle,Avalon
4969,ESPRIT DR btwn VISTAPARK DR & Continuation of ESPRIT DR,385423.2794,5035125.157,-75.46924,45.45141,2017-02-14,9:01:00 AM,03 - Snow,04 - Slush,10 - No control,04 - At/near private drive,01 - Daylight,03 - P.D. only,03 - Rear end,Avalon
4970,ESQUIMAULT AVE btwn OKANAGAN DR & QUALICUM ST,359505.7712,5022474.128,-75.80197,45.34008,2017-10-06,11:20:00 AM,01 - Clear,01 - Dry,10 - No control,01 - Non intersection,01 - Daylight,03 - P.D. only,07 - SMV other,Qualicum - Redwood Park
4971,ESSON ST @ HUNT CLUB RD,374640.2808,5025906.164,-75.60839,45.36962,2017-10-20,8:29:00 AM,01 - Clear,01 - Dry,02 - Stop sign,03 - At intersection,01 - Daylight,03 - P.D. only,03 - Rear end,Hunt Club
4972,ESTERBROOK DR btwn ROLLING MEADOW CRES & DOVEHAVEN ST,381743.2615,5032414.368,-75.51671,45.42743,2017-05-10,12:00:00 AM,01 - Clear,01 - Dry,10 - No control,01 - Non intersection,00 - Unknown,03 - P.D. only,06 - SMV unattended vehicle,Chapel Hill South
4973,EVANS BLVD @ BANK ST,369929.433,5027031.54,-75.66837,45.3802,2017-07-17,6:56:00 PM,01 - Clear,01 - Dry,02 - Stop sign,03 - At intersection,01 - Daylight,02 - Non-fatal injury,02 - Angle,Alta Vista
4974,EVANS BLVD @ BANK ST,369930.7712,5027031.492,-75.66836,45.3802,2017-12-20,9:15:00 AM,01 - Clear,02 - Wet,02 - Stop sign,02 - Intersection related,01 - Daylight,03 - P.D. only,02 - Angle,Alta Vista
4975,EVANS BLVD btwn BANK ST & WILLOWDALE AVE,369999.1157,5027023.727,-75.66749,45.38012,2017-07-18,12:00:00 AM,01 - Clear,01 - Dry,10 - No control,01 - Non intersection,00 - Unknown,03 - P.D. only,06 - SMV unattended vehicle,Alta Vista
4976,EVANS BLVD btwn BANK ST & WILLOWDALE AVE,369947.9143,5027035.021,-75.66814,45.38023,2017-02-27,12:00:00 AM,01 - Clear,01 - Dry,10 - No control,01 - Non intersection,00 - Unknown,03 - P.D. only,06 - SMV unattended vehicle,Alta Vista
4977,EVELYN AVE @ MAIN ST,369039.1822,5030472.388,-75.67929,45.41124,2017-01-13,5:20:00 PM,01 - Clear,01 - Dry,01 - Traffic signal,02 - Intersection related,05 - Dusk,02 - Non-fatal injury,03 - Rear end,Old Ottawa East
4978,EVELYN AVE @ MAIN ST,369038.1624,5030473.025,-75.67931,45.41125,2017-01-31,2:19:00 PM,01 - Clear,01 - Dry,01 - Traffic signal,02 - Intersection related,01 - Daylight,03 - P.D. only,04 - Sideswipe,Old Ottawa East
4979,EVELYN AVE btwn MAIN ST & ROSEMERE AVE,369184.9608,5030560.235,-75.67742,45.41202,2017-03-05,12:38:00 PM,01 - Clear,01 - Dry,10 - No control,01 - Non intersection,01 - Daylight,03 - P.D. only,06 - SMV unattended vehicle,Old Ottawa East
4980,EVELYN AVE btwn ROSEMERE AVE & CONCORD ST S,369261.9802,5030609.445,-75.67643,45.41245,2017-08-19,11:25:00 AM,01 - Clear,01 - Dry,10 - No control,04 - At/near private drive,01 - Daylight,02 - Non-fatal injury,07 - SMV other,Old Ottawa East
4981,EVEREST PRIV @ RUSSELL RD,372691.4938,5029716.211,-75.63274,45.40409,2017-01-05,8:00:00 AM,01 - Clear,06 - Ice,02 - Stop sign,03 - At intersection,01 - Daylight,03 - P.D. only,02 - Angle,Elmvale - Eastway - Riverview - Riverview Park West
4982,EWING ST btwn CLIFFORD PRIV & WELSH PRIV,373694.6275,5026284.401,-75.62041,45.37311,2017-09-25,10:09:00 PM,01 - Clear,01 - Dry,10 - No control,01 - Non intersection,07 - Dark,03 - P.D. only,06 - SMV unattended vehicle,Hunt Club
4983,EXHIBITION WAY btwn BANK ST & NO NAME,368619.0135,5029130.176,-75.68483,45.3992,2017-05-15,2:03:00 PM,01 - Clear,01 - Dry,10 - No control,01 - Non intersection,01 - Daylight,03 - P.D. only,06 - SMV unattended vehicle,The Glebe
4984,EXHIBITION WAY btwn BANK ST & NO NAME,368584.7147,5029109.333,-75.68527,45.39902,2017-04-29,9:32:00 PM,01 - Clear,01 - Dry,10 - No control,01 - Non intersection,07 - Dark,03 - P.D. only,06 - SMV unattended vehicle,The Glebe
4985,EXHIBITION WAY btwn BANK ST & NO NAME,368587.3606,5029110.656,-75.68524,45.39903,2017-07-18,6:00:00 PM,01 - Clear,01 - Dry,10 - No control,01 - Non intersection,01 - Daylight,03 - P.D. only,06 - SMV unattended vehicle,The Glebe
4986,EXPLORER LANE N @ VOYAGEUR DR N,378433.3887,5037815.482,-75.55819,45.47638,2017-09-03,3:19:00 PM,02 - Rain,02 - Wet,,02 - Intersection related,01 - Daylight,03 - P.D. only,07 - SMV other,Greenbelt
4987,FABLE ST btwn LARKIN DR & PHYLIS ST,362353.7449,5015796.334,-75.7664,45.27977,2017-12-15,12:00:00 AM,03 - Snow,03 - Loose snow,10 - No control,01 - Non intersection,00 - Unknown,03 - P.D. only,06 - SMV unattended vehicle,Barrhaven West - Old Barrhaven
4988,FABLE ST btwn MALVERN DR & BLUERIDGE CRT,362470.4857,5015617.234,-75.76494,45.27815,2017-07-12,8:19:00 AM,01 - Clear,01 - Dry,10 - No control,01 - Non intersection,01 - Daylight,03 - P.D. only,04 - Sideswipe,Barrhaven West - Old Barrhaven
4989,FAIRBANKS AVE @ SMYTH RD,370628.7207,5029080.847,-75.65917,45.39857,2017-09-22,5:57:00 PM,01 - Clear,01 - Dry,02 - Stop sign,02 - Intersection related,01 - Daylight,03 - P.D. only,02 - Angle,Alta Vista
4990,FAIRLEA CRES @ HEATHERINGTON RD N,371808.0066,5026693.385,-75.64444,45.37698,2017-01-07,12:27:00 PM,01 - Clear,06 - Ice,03 - Yield sign,02 - Intersection related,01 - Daylight,03 - P.D. only,03 - Rear end,Ledbury - Heron Gate - Ridgemont - Elmwood
4991,FAIRLEA CRES btwn HEATHERINGTON RD & CORLEY PRIV,371940.7163,5026515.908,-75.64277,45.37537,2017-05-09,3:03:00 PM,01 - Clear,01 - Dry,10 - No control,01 - Non intersection,01 - Daylight,03 - P.D. only,06 - SMV unattended vehicle,Ledbury - Heron Gate - Ridgemont - Elmwood
4992,FAIRLEA CRES btwn HEATHERINGTON RD & GORE PRIV,372087.2541,5026649.799,-75.64088,45.37656,2017-04-24,12:00:00 AM,01 - Clear,01 - Dry,10 - No control,01 - Non intersection,00 - Unknown,03 - P.D. only,06 - SMV unattended vehicle,Ledbury - Heron Gate - Ridgemont - Elmwood
4993,FAIRLEA CRES btwn HEATHERINGTON RD & GORE PRIV,371819.1502,5026695.036,-75.64429,45.37699,2017-09-14,12:00:00 AM,01 - Clear,01 - Dry,10 - No control,01 - Non intersection,00 - Unknown,03 - P.D. only,06 - SMV unattended vehicle,Ledbury - Heron Gate - Ridgemont - Elmwood
4994,FAIRLEA CRES btwn HEATHERINGTON RD & GORE PRIV,371928.8216,5026755.077,-75.64288,45.37752,2017-10-10,10:40:00 AM,01 - Clear,01 - Dry,10 - No control,01 - Non intersection,01 - Daylight,03 - P.D. only,06 - SMV unattended vehicle,Ledbury - Heron Gate - Ridgemont - Elmwood
4995,FAIRLEA CRES btwn HEATHERINGTON RD & GORE PRIV,371901.0277,5026739.35,-75.64324,45.37738,2017-12-05,5:15:00 PM,02 - Rain,02 - Wet,10 - No control,01 - Non intersection,07 - Dark,03 - P.D. only,06 - SMV unattended vehicle,Ledbury - Heron Gate - Ridgemont - Elmwood
4996,FAIRLEA CRES btwn HEATHERINGTON RD & GORE PRIV,372027.5637,5026793.284,-75.64162,45.37786,2017-01-07,7:50:00 AM,01 - Clear,06 - Ice,10 - No control,01 - Non intersection,03 - Dawn,03 - P.D. only,01 - Approaching,Ledbury - Heron Gate - Ridgemont - Elmwood
4997,FAIRLEA CRES btwn HEATHERINGTON RD & GORE PRIV,372018.2754,5026803.504,-75.64174,45.37795,2017-01-08,5:03:00 PM,01 - Clear,06 - Ice,10 - No control,01 - Non intersection,05 - Dusk,03 - P.D. only,01 - Approaching,Ledbury - Heron Gate - Ridgemont - Elmwood
4998,FAIRLEA CRES btwn HEATHERINGTON RD & GORE PRIV,371839.7252,5026707.125,-75.64403,45.3771,2017-03-07,8:59:00 AM,04 - Freezing Rain,06 - Ice,10 - No control,01 - Non intersection,01 - Daylight,03 - P.D. only,01 - Approaching,Ledbury - Heron Gate - Ridgemont - Elmwood
4999,FAIRMONT AVE @ GLADSTONE AVE,365735.368,5029345.232,-75.72164,45.40139,2017-06-07,9:35:00 AM,01 - Clear,01 - Dry,01 - Traffic signal,03 - At intersection,01 - Daylight,02 - Non-fatal injury,07 - SMV other,Civi
5000,FAIRMONT AVE @ GLADSTONE AVE,365735.2709,5029344.347,-75.72164,45.40138,2017-08-19,1:47:00 PM,01 - Clear,01 - Dry,01 - Traffic signal,02 - Intersection related,01 - Daylight,02 - Non-fatal injury,03 - Rear end,Civi
5001,FAIRMONT AVE @ WELLINGTON ST,365555.491,5029698.6,-75.72389,45.40459,2017-04-26,2:49:00 PM,01 - Clear,01 - Dry,01 - Traffic signal,02 - Intersection related,01 - Daylight,02 - Non-fatal injury,06 - SMV unattended vehicle,Mechanicsville
5002,FAIRMONT AVE @ WELLINGTON ST,365556.0265,5029698.158,-75.72388,45.40458,2017-07-14,4:29:00 PM,01 - Clear,01 - Dry,01 - Traffic signal,02 - Intersection related,01 - Daylight,03 - P.D. only,04 - Sideswipe,Mechanicsville
5003,FAIRMONT AVE @ WELLINGTON ST,365554.5443,5029698.6,-75.7239,45.40459,2017-12-22,10:12:00 AM,03 - Snow,02 - Wet,01 - Traffic signal,02 - Intersection related,01 - Daylight,03 - P.D. only,04 - Sideswipe,Mechanicsville
5004,FAIRMONT AVE @ YOUNG ST,365822.6974,5029152.739,-75.72054,45.39965,2017-10-29,11:01:00 PM,02 - Rain,02 - Wet,02 - Stop sign,02 - Intersection related,07 - Dark,03 - P.D. only,07 - SMV other,Civic Hospital - Experimental Farm - Central Park
5005,FAIRMONT AVE btwn KENILWORTH ST & LAURENTIAN PL,365994.1996,5028759.649,-75.7184,45.3961,2017-12-25,12:43:00 PM,01 - Clear,03 - Loose snow,10 - No control,01 - Non intersection,01 - Daylight,03 - P.D. only,06 - SMV unattended vehicle,Civic Hospital - Experimental Farm - Central Park
5006,FAIRMONT AVE btwn WELLINGTON ST W & DUHAMEL ST,365588.3313,5029643.773,-75.72348,45.40409,2017-03-21,9:02:00 AM,01 - Clear,02 - Wet,10 - No control,01 - Non intersection,01 - Daylight,03 - P.D. only,06 - SMV unattended vehicle,Civi
5007,FALAISE RD @ FISHER AVE,366775.7082,5024562.231,-75.70895,45.35827,2017-10-11,6:41:00 PM,01 - Clear,01 - Dry,02 - Stop sign,03 - At intersection,05 - Dusk,02 - Non-fatal injury,02 - Angle,Carleton Heights - Rideauview
5008,FALAISE RD @ FISHER AVE,366775.7082,5024560.811,-75.70895,45.35825,2017-10-05,4:30:00 PM,01 - Clear,01 - Dry,02 - Stop sign,03 - At intersection,01 - Daylight,03 - P.D. only,02 - Angle,Carleton Heights - Rideauview
5009,FALAISE RD @ FISHER AVE,366775.2348,5024561.284,-75.70896,45.35826,2017-01-10,8:38:00 AM,01 - Clear,06 - Ice,02 - Stop sign,02 - Intersection related,01 - Daylight,03 - P.D. only,03 - Rear end,Carleton Heights - Rideauview
5010,FALCON AVE @ HERON RD,369606.6482,5026793.733,-75.67253,45.37809,2017-01-05,6:30:00 PM,01 - Clear,04 - Slush,02 - Stop sign,02 - Intersection related,07 - Dark,03 - P.D. only,07 - SMV other,Alta Vista
5011,FALLOWFIELD RD @ 482 E OF HOLITMAN DR/BARRHAVE,364167.7597,5017377.73,-75.7431,45.29385,2017-04-11,8:09:00 PM,01 - Clear,01 - Dry,01 - Traffic signal,03 - At intersection,07 - Dark,03 - P.D. only,05 - Turning movement,New Barrhaven
5012,FALLOWFIELD RD @ 482 E OF HOLITMAN DR/BARRHAVE,364167.7597,5017376.393,-75.7431,45.29383,2017-03-30,2:25:00 PM,01 - Clear,01 - Dry,01 - Traffic signal,03 - At intersection,01 - Daylight,02 - Non-fatal injury,02 - Angle,New Barrhaven
5013,FALLOWFIELD RD @ GREENBANK RD,363081.0102,5016731.786,-75.75703,45.28812,2017-06-03,11:46:00 AM,01 - Clear,01 - Dry,01 - Traffic signal,03 - At intersection,01 - Daylight,02 - Non-fatal injury,05 - Turning movement,Barrhaven West - Old Barrhaven
5014,FALLOWFIELD RD @ GREENBANK RD,363080.3413,5016731.786,-75.75703,45.28812,2017-06-03,9:38:00 AM,01 - Clear,01 - Dry,01 - Traffic signal,03 - At intersection,01 - Daylight,03 - P.D. only,05 - Turning movement,Barrhaven West - Old Barrhaven
5015,FALLOWFIELD RD @ GREENBANK RD,363080.1662,5016732.455,-75.75704,45.28813,2017-06-20,11:27:00 PM,01 - Clear,01 - Dry,01 - Traffic signal,03 - At intersection,07 - Dark,03 - P.D. only,02 - Angle,Greenbelt
5016,FALLOWFIELD RD @ GREENBANK RD,363080.8977,5016732.677,-75.75703,45.28813,2017-08-25,12:57:00 PM,01 - Clear,01 - Dry,01 - Traffic signal,02 - Intersection related,01 - Daylight,03 - P.D. only,03 - Rear end,Greenbelt
5017,FALLOWFIELD RD @ GREENBANK RD,363080.6757,5016733.259,-75.75703,45.28814,2017-07-31,6:41:00 AM,01 - Clear,01 - Dry,01 - Traffic signal,02 - Intersection related,01 - Daylight,03 - P.D. only,04 - Sideswipe,Greenbelt
5018,FALLOWFIELD RD @ GREENBANK RD,363080.6757,5016732.774,-75.75703,45.28813,2017-07-22,4:45:00 PM,01 - Clear,01 - Dry,01 - Traffic signal,03 - At intersection,01 - Daylight,03 - P.D. only,02 - Angle,Greenbelt
5019,FALLOWFIELD RD @ GREENBANK RD,363081.1491,5016733.165,-75.75702,45.28814,2017-08-26,1:59:00 PM,01 - Clear,01 - Dry,01 - Traffic signal,02 - Intersection related,01 - Daylight,03 - P.D. only,03 - Rear end,Greenbelt
5020,FALLOWFIELD RD @ GREENBANK RD,363080.6757,5016732.24,-75.75703,45.28813,2017-08-22,9:51:00 AM,01 - Clear,02 - Wet,01 - Traffic signal,03 - At intersection,01 - Daylight,02 - Non-fatal injury,05 - Turning movement,Greenbelt
5021,FALLOWFIELD RD @ GREENBANK RD,363079.3937,5016733.096,-75.75705,45.28814,2017-08-13,4:30:00 PM,01 - Clear,01 - Dry,01 - Traffic signal,03 - At intersection,01 - Daylight,02 - Non-fatal injury,05 - Turning movement,Greenbelt
5022,FALLOWFIELD RD @ GREENBANK RD,363080.3413,5016733.793,-75.75703,45.28814,2017-10-29,7:35:00 PM,02 - Rain,02 - Wet,01 - Traffic signal,03 - At intersection,07 - Dark,02 - Non-fatal injury,02 - Angle,Greenbelt
5023,FALLOWFIELD RD @ GREENBANK RD,363080.2288,5016731.338,-75.75704,45.28812,2017-09-11,2:35:00 PM,01 - Clear,01 - Dry,01 - Traffic signal,02 - Intersection related,01 - Daylight,03 - P.D. only,03 - Rear end,Greenbelt
5024,FALLOWFIELD RD @ GREENBANK RD,363080.2288,5016732.232,-75.75704,45.28813,2017-09-14,6:55:00 PM,01 - Clear,01 - Dry,01 - Traffic signal,02 - Intersection related,05 - Dusk,03 - P.D. only,03 - Rear end,Greenbelt
5025,FALLOWFIELD RD @ GREENBANK RD,363082.3479,5016733.124,-75.75701,45.28814,2017-11-16,6:20:00 PM,02 - Rain,02 - Wet,01 - Traffic signal,03 - At intersection,07 - Dark,03 - P.D. only,05 - Turning movement,Greenbelt
5026,FALLOWFIELD RD @ GREENBANK RD,363079.6724,5016733.124,-75.75704,45.28814,2017-11-27,9:37:00 AM,01 - Clear,01 - Dry,01 - Traffic signal,02 - Intersection related,01 - Daylight,03 - P.D. only,03 - Rear end,Greenbelt
5027,FALLOWFIELD RD @ GREENBANK RD,363081.1491,5016731.272,-75.75702,45.28812,2017-11-11,6:52:00 PM,01 - Clear,01 - Dry,01 - Traffic signal,02 - Intersection related,07 - Dark,02 - Non-fatal injury,03 - Rear end,Barrhaven West - Old Barrhaven
5028,FALLOWFIELD RD @ GREENBANK RD,363080.3413,5016732.455,-75.75703,45.28813,2017-11-21,2:46:00 PM,01 - Clear,01 - Dry,01 - Traffic signal,02 - Intersection related,01 - Daylight,03 - P.D. only,04 - Sideswipe,Greenbelt
5029,FALLOWFIELD RD @ GREENBANK RD,363081.4262,5016734.331,-75.75702,45.28815,2017-02-16,9:32:00 AM,01 - Clear,04 - Slush,01 - Traffic signal,02 - Intersection related,01 - Daylight,02 - Non-fatal injury,03 - Rear end,Greenbelt
5030,FALLOWFIELD RD @ GREENBANK RD,363080.3413,5016733.793,-75.75703,45.28814,2017-02-16,9:23:00 AM,03 - Snow,04 - Slush,01 - Traffic signal,02 - Intersection related,01 - Daylight,02 - Non-fatal injury,03 - Rear end,Greenbelt
5031,FALLOWFIELD RD @ GREENBANK RD,363080.6757,5016733.002,-75.75703,45.28814,2017-01-30,12:33:00 PM,01 - Clear,01 - Dry,01 - Traffic signal,02 - Intersection related,01 - Daylight,03 - P.D. only,03 - Rear end,Greenbelt
5032,FALLOWFIELD RD @ GREENBANK RD,363081.2222,5016733.002,-75.75702,45.28814,2017-01-24,7:25:00 AM,01 - Clear,01 - Dry,01 - Traffic signal,02 - Intersection related,03 - Dawn,03 - P.D. only,03 - Rear end,Greenbelt
5033,FALLOWFIELD RD @ GREENBANK RD,363080.133,5016731.641,-75.75704,45.28812,2017-01-25,10:49:00 PM,01 - Clear,02 - Wet,01 - Traffic signal,03 - At intersection,07 - Dark,02 - Non-fatal injury,05 - Turning movement,Greenbelt
5034,FALLOWFIELD RD @ GREENBANK RD,363079.8173,5016734.172,-75.75704,45.28815,2017-01-08,9:13:00 PM,01 - Clear,02 - Wet,01 - Traffic signal,02 - Intersection related,07 - Dark,03 - P.D. only,03 - Rear end,Greenbelt
5035,FALLOWFIELD RD @ GREENBANK RD,363081.0102,5016731.118,-75.75703,45.28812,2017-02-16,7:50:00 AM,03 - Snow,03 - Loose snow,01 - Traffic signal,02 - Intersection related,01 - Daylight,03 - P.D. only,03 - Rear end,Barrhaven West - Old Barrhaven
5036,FALLOWFIELD RD @ GREENBANK RD,363080.3413,5016732.455,-75.75703,45.28813,2017-03-09,11:35:00 AM,01 - Clear,01 - Dry,01 - Traffic signal,02 - Intersection related,01 - Daylight,03 - P.D. only,04 - Sideswipe,Greenbelt
5037,FALLOWFIELD RD @ HOLITMAN DR,363743.4363,5017135.57,-75.74853,45.2917,2017-01-18,11:02:00 AM,01 - Clear,01 - Dry,02 - Stop sign,03 - At intersection,01 - Daylight,03 - P.D. only,02 - Angle,New Barrhaven
5038,FALLOWFIELD RD @ HOLITMAN DR,363742.3514,5017135.782,-75.74855,45.2917,2017-03-27,4:58:00 PM,"07 - Fog, mist, smoke, dust",02 - Wet,02 - Stop sign,03 - At intersection,01 - Daylight,03 - P.D. only,02 - Angle,New Barrhaven
5039,FALLOWFIELD RD @ HWY 416 FALLOWFI IC66R24,360278.3449,5014851.05,-75.79296,45.27143,2017-07-21,5:59:00 PM,01 - Clear,01 - Dry,02 - Stop sign,02 - Intersection related,01 - Daylight,03 - P.D. only,02 - Angle,Munster Hamlet - Richmond