Record,Location,X,Y,Longitude,Latitude,Date,Time,Environment,Road_Surface,Traffic_Control,Collision_Location,Light,Collision_Classification,Impact_type,Neighborhood
5040,FALLOWFIELD RD @ HWY 416 FALLOWFI IC66R24,360278.3918,5014851.355,-75.79296,45.27143,2017-12-18,12:30:00 PM,03 - Snow,04 - Slush,02 - Stop sign,02 - Intersection related,01 - Daylight,03 - P.D. only,03 - Rear end,Munster Hamlet - Richmond
5041,FALLOWFIELD RD @ HWY 416 FALLOWFI IC66R34,359823.0026,5014726.886,-75.79878,45.27035,2017-12-10,5:49:00 PM,01 - Clear,01 - Dry,01 - Traffic signal,02 - Intersection related,07 - Dark,02 - Non-fatal injury,03 - Rear end,Munster Hamlet - Richmond
5042,FALLOWFIELD RD @ HWY 416 FALLOWFI IC66R34,359823.1461,5014727.029,-75.79878,45.27035,2017-03-23,4:58:00 PM,01 - Clear,01 - Dry,01 - Traffic signal,02 - Intersection related,01 - Daylight,03 - P.D. only,03 - Rear end,Munster Hamlet - Richmond
5043,FALLOWFIELD RD @ HWY 416 FALLOWFI IC66R34,359822.4772,5014727.029,-75.79878,45.27035,2017-04-08,12:17:00 PM,01 - Clear,01 - Dry,01 - Traffic signal,02 - Intersection related,01 - Daylight,03 - P.D. only,03 - Rear end,Munster Hamlet - Richmond
5044,FALLOWFIELD RD @ HWY 416 FALLOWFI IC66R52,360096.7865,5014799.42,-75.79528,45.27098,2017-04-07,7:40:00 AM,02 - Rain,02 - Wet,10 - No control,02 - Intersection related,01 - Daylight,03 - P.D. only,07 - SMV other,Munster Hamlet - Richmond
5045,FALLOWFIELD RD @ MERIVALE RD,366890.7093,5018844.469,-75.7082,45.30681,2017-04-28,6:30:00 PM,01 - Clear,01 - Dry,01 - Traffic signal,02 - Intersection related,01 - Daylight,03 - P.D. only,03 - Rear end,Greenbelt
5046,FALLOWFIELD RD @ MERIVALE RD,366893.5391,5018843.556,-75.70816,45.3068,2017-07-31,4:53:00 PM,01 - Clear,01 - Dry,01 - Traffic signal,02 - Intersection related,01 - Daylight,03 - P.D. only,03 - Rear end,Greenbelt
5047,FALLOWFIELD RD @ MERIVALE RD,366892.0471,5018846.476,-75.70818,45.30683,2017-10-17,11:38:00 AM,01 - Clear,01 - Dry,01 - Traffic signal,03 - At intersection,01 - Daylight,03 - P.D. only,02 - Angle,Greenbelt
5048,FALLOWFIELD RD @ MERIVALE RD,366891.2657,5018843.799,-75.70819,45.3068,2017-09-08,3:58:00 PM,01 - Clear,01 - Dry,01 - Traffic signal,02 - Intersection related,01 - Daylight,02 - Non-fatal injury,03 - Rear end,Greenbelt
5049,FALLOWFIELD RD @ MERIVALE RD,366890.0404,5018845.138,-75.70821,45.30681,2017-10-30,10:55:00 AM,02 - Rain,02 - Wet,01 - Traffic signal,03 - At intersection,01 - Daylight,03 - P.D. only,05 - Turning movement,Greenbelt
5050,FALLOWFIELD RD @ MERIVALE RD,366892.0471,5018845.807,-75.70818,45.30682,2017-11-15,6:46:00 PM,01 - Clear,01 - Dry,01 - Traffic signal,02 - Intersection related,07 - Dark,03 - P.D. only,03 - Rear end,Greenbelt
5051,FALLOWFIELD RD @ MERIVALE RD,366891.2392,5018844.233,-75.70819,45.30681,2017-12-09,10:30:00 PM,03 - Snow,03 - Loose snow,01 - Traffic signal,02 - Intersection related,07 - Dark,03 - P.D. only,07 - SMV other,Greenbelt
5052,FALLOWFIELD RD @ MERIVALE RD,366892.0471,5018846.476,-75.70818,45.30683,2017-11-18,11:50:00 AM,02 - Rain,02 - Wet,01 - Traffic signal,02 - Intersection related,01 - Daylight,03 - P.D. only,03 - Rear end,Greenbelt
5053,FALLOWFIELD RD @ MERIVALE RD,366890.7659,5018844.706,-75.7082,45.30681,2017-01-19,4:16:00 PM,01 - Clear,02 - Wet,01 - Traffic signal,03 - At intersection,01 - Daylight,03 - P.D. only,03 - Rear end,Greenbelt
5054,FALLOWFIELD RD @ MERIVALE RD,366892.571,5018843.611,-75.70818,45.3068,2017-01-05,5:15:00 PM,01 - Clear,04 - Slush,01 - Traffic signal,02 - Intersection related,05 - Dusk,03 - P.D. only,03 - Rear end,Greenbelt
5055,FALLOWFIELD RD @ MERIVALE RD,366891.1699,5018845.283,-75.70819,45.30681,2017-01-05,6:32:00 PM,04 - Freezing Rain,06 - Ice,01 - Traffic signal,03 - At intersection,07 - Dark,03 - P.D. only,05 - Turning movement,Greenbelt
5056,FALLOWFIELD RD @ MERIVALE RD,366893.4293,5018846.186,-75.70816,45.30682,2017-01-05,8:01:00 PM,04 - Freezing Rain,06 - Ice,01 - Traffic signal,02 - Intersection related,07 - Dark,03 - P.D. only,03 - Rear end,Greenbelt
5057,FALLOWFIELD RD @ MERIVALE RD,366892.0471,5018845.138,-75.70818,45.30681,2017-03-14,1:08:00 PM,03 - Snow,06 - Ice,01 - Traffic signal,02 - Intersection related,01 - Daylight,03 - P.D. only,03 - Rear end,Greenbelt
5058,FALLOWFIELD RD @ MOODIE DR,359496.0578,5014633.435,-75.80295,45.26953,2017-06-21,6:57:00 AM,01 - Clear,01 - Dry,01 - Traffic signal,02 - Intersection related,01 - Daylight,03 - P.D. only,04 - Sideswipe,Munster Hamlet - Richmond
5059,FALLOWFIELD RD @ MOODIE DR,359501.3215,5014637.751,-75.80289,45.26957,2017-05-01,4:33:00 PM,02 - Rain,02 - Wet,01 - Traffic signal,02 - Intersection related,01 - Daylight,03 - P.D. only,03 - Rear end,Munster Hamlet - Richmond
5060,FALLOWFIELD RD @ MOODIE DR,359501.9904,5014636.413,-75.80288,45.26956,2017-06-15,4:36:00 PM,01 - Clear,01 - Dry,01 - Traffic signal,02 - Intersection related,01 - Daylight,03 - P.D. only,03 - Rear end,Munster Hamlet - Richmond
5061,FALLOWFIELD RD @ MOODIE DR,359501.6559,5014635.61,-75.80288,45.26955,2017-07-14,7:43:00 AM,01 - Clear,01 - Dry,01 - Traffic signal,03 - At intersection,01 - Daylight,02 - Non-fatal injury,04 - Sideswipe,Munster Hamlet - Richmond
5062,FALLOWFIELD RD @ MOODIE DR,359501.9904,5014635.744,-75.80288,45.26955,2017-07-08,10:50:00 AM,01 - Clear,01 - Dry,01 - Traffic signal,02 - Intersection related,01 - Daylight,03 - P.D. only,03 - Rear end,Munster Hamlet - Richmond
5063,FALLOWFIELD RD @ MOODIE DR,359502.1028,5014636.189,-75.80288,45.26956,2017-09-08,4:36:00 PM,01 - Clear,02 - Wet,01 - Traffic signal,02 - Intersection related,01 - Daylight,02 - Non-fatal injury,03 - Rear end,Munster Hamlet - Richmond
5064,FALLOWFIELD RD @ MOODIE DR,359502.1293,5014637.123,-75.80288,45.26956,2017-09-27,1:48:00 PM,01 - Clear,01 - Dry,01 - Traffic signal,02 - Intersection related,01 - Daylight,03 - P.D. only,03 - Rear end,Munster Hamlet - Richmond
5065,FALLOWFIELD RD @ MOODIE DR,359500.7092,5014636.176,-75.8029,45.26956,2017-09-22,5:13:00 PM,01 - Clear,01 - Dry,01 - Traffic signal,02 - Intersection related,01 - Daylight,03 - P.D. only,03 - Rear end,Munster Hamlet - Richmond
5066,FALLOWFIELD RD @ MOODIE DR,359501.1825,5014636.176,-75.80289,45.26956,2017-12-10,6:50:00 PM,01 - Clear,01 - Dry,01 - Traffic signal,03 - At intersection,07 - Dark,03 - P.D. only,05 - Turning movement,Munster Hamlet - Richmond
5067,FALLOWFIELD RD @ MOODIE DR,359501.3215,5014635.744,-75.80289,45.26955,2017-11-17,2:00:00 PM,01 - Clear,01 - Dry,01 - Traffic signal,02 - Intersection related,01 - Daylight,03 - P.D. only,03 - Rear end,Munster Hamlet - Richmond
5068,FALLOWFIELD RD @ MOODIE DR,359499.9392,5014637.271,-75.8029,45.26957,2017-01-05,8:07:00 AM,01 - Clear,06 - Ice,01 - Traffic signal,02 - Intersection related,03 - Dawn,03 - P.D. only,03 - Rear end,Munster Hamlet - Richmond
5069,FALLOWFIELD RD @ MOODIE DR,359502.6027,5014636.176,-75.80287,45.26956,2017-04-17,7:34:00 PM,01 - Clear,01 - Dry,01 - Traffic signal,02 - Intersection related,01 - Daylight,02 - Non-fatal injury,03 - Rear end,Munster Hamlet - Richmond
5070,FALLOWFIELD RD @ MOODIE DR,359501.9904,5014636.413,-75.80288,45.26956,2017-04-07,7:51:00 AM,01 - Clear,02 - Wet,01 - Traffic signal,02 - Intersection related,01 - Daylight,03 - P.D. only,03 - Rear end,Munster Hamlet - Richmond
5071,FALLOWFIELD RD @ MOODIE DR,359502.1293,5014637.123,-75.80288,45.26956,2017-12-19,6:55:00 AM,03 - Snow,03 - Loose snow,01 - Traffic signal,03 - At intersection,07 - Dark,03 - P.D. only,05 - Turning movement,Munster Hamlet - Richmond
5072,FALLOWFIELD RD @ RICHMOND RD,357721.3012,5013529.416,-75.82569,45.25973,2017-05-25,4:46:00 PM,02 - Rain,02 - Wet,01 - Traffic signal,02 - Intersection related,01 - Daylight,03 - P.D. only,03 - Rear end,Munster Hamlet - Richmond
5073,FALLOWFIELD RD @ RICHMOND RD,357722.0671,5013530.063,-75.82568,45.25974,2017-08-11,3:31:00 PM,01 - Clear,01 - Dry,01 - Traffic signal,02 - Intersection related,01 - Daylight,03 - P.D. only,07 - SMV other,Munster Hamlet - Richmond
5074,FALLOWFIELD RD @ RICHMOND RD,357721.3012,5013528.078,-75.82569,45.25972,2017-07-10,5:51:00 PM,01 - Clear,01 - Dry,01 - Traffic signal,02 - Intersection related,01 - Daylight,03 - P.D. only,03 - Rear end,Munster Hamlet - Richmond
5075,FALLOWFIELD RD @ RICHMOND RD,357722.109,5013528.706,-75.82568,45.25973,2017-10-20,3:36:00 PM,01 - Clear,01 - Dry,01 - Traffic signal,02 - Intersection related,01 - Daylight,03 - P.D. only,03 - Rear end,Munster Hamlet - Richmond
5076,FALLOWFIELD RD @ RICHMOND RD,357720.6323,5013529.416,-75.8257,45.25973,2017-11-26,6:16:00 PM,03 - Snow,03 - Loose snow,01 - Traffic signal,03 - At intersection,07 - Dark,03 - P.D. only,02 - Angle,Greenbelt
5077,FALLOWFIELD RD @ RICHMOND RD,357720.5427,5013528.87,-75.8257,45.25973,2017-01-21,1:27:00 PM,01 - Clear,01 - Dry,01 - Traffic signal,02 - Intersection related,01 - Daylight,03 - P.D. only,03 - Rear end,Greenbelt
5078,FALLOWFIELD RD @ RICHMOND RD,357721.6356,5013528.938,-75.82568,45.25973,2017-12-16,8:59:00 AM,03 - Snow,03 - Loose snow,01 - Traffic signal,02 - Intersection related,01 - Daylight,03 - P.D. only,03 - Rear end,Munster Hamlet - Richmond
5079,FALLOWFIELD RD @ SHEA RD,354013.3755,5011020.149,-75.87318,45.23742,2017-01-02,9:16:00 AM,01 - Clear,01 - Dry,02 - Stop sign,03 - At intersection,01 - Daylight,02 - Non-fatal injury,02 - Angle,Stittsville - Basswood
5080,FALLOWFIELD RD @ SHEA RD,354022.2526,5011023.763,-75.87307,45.23745,2017-12-21,2:22:00 PM,01 - Clear,01 - Dry,02 - Stop sign,03 - At intersection,01 - Daylight,03 - P.D. only,02 - Angle,Stittsville - Basswood
5081,FALLOWFIELD RD @ STEEPLE HILL CRES,358397.6936,5013996.704,-75.81702,45.26389,2017-08-20,8:36:00 PM,01 - Clear,01 - Dry,02 - Stop sign,03 - At intersection,05 - Dusk,02 - Non-fatal injury,02 - Angle,Munster Hamlet - Richmond
5082,FALLOWFIELD RD @ STEEPLE HILL CRES,358398.9342,5013994.4,-75.817,45.26387,2017-08-17,4:25:00 PM,01 - Clear,01 - Dry,02 - Stop sign,02 - Intersection related,01 - Daylight,03 - P.D. only,03 - Rear end,Munster Hamlet - Richmond
5083,FALLOWFIELD RD @ STEEPLE HILL CRES,358398.315,5013998.759,-75.81701,45.2639,2017-11-12,2:14:00 PM,01 - Clear,01 - Dry,02 - Stop sign,02 - Intersection related,01 - Daylight,02 - Non-fatal injury,07 - SMV other,Munster Hamlet - Richmond
5084,FALLOWFIELD RD @ STEEPLE HILL CRES,358396.9772,5013998.09,-75.81703,45.2639,2017-04-13,2:51:00 PM,01 - Clear,01 - Dry,02 - Stop sign,03 - At intersection,01 - Daylight,03 - P.D. only,02 - Angle,Munster Hamlet - Richmond
5085,FALLOWFIELD RD @ STRANDHERD DR,360752.5593,5014962.823,-75.78691,45.2724,2017-06-05,2:45:00 PM,01 - Clear,01 - Dry,01 - Traffic signal,02 - Intersection related,01 - Daylight,03 - P.D. only,03 - Rear end,Munster Hamlet - Richmond
5086,FALLOWFIELD RD @ STRANDHERD DR,360751.5838,5014963.436,-75.78692,45.2724,2017-08-12,6:56:00 PM,02 - Rain,02 - Wet,01 - Traffic signal,02 - Intersection related,01 - Daylight,02 - Non-fatal injury,03 - Rear end,Munster Hamlet - Richmond
5087,FALLOWFIELD RD @ STRANDHERD DR,360752.7603,5014961.351,-75.7869,45.27238,2017-07-26,7:34:00 AM,01 - Clear,01 - Dry,01 - Traffic signal,02 - Intersection related,01 - Daylight,03 - P.D. only,04 - Sideswipe,Munster Hamlet - Richmond
5088,FALLOWFIELD RD @ STRANDHERD DR,360753.5069,5014961.513,-75.78689,45.27238,2017-08-15,2:45:00 PM,01 - Clear,01 - Dry,01 - Traffic signal,03 - At intersection,01 - Daylight,02 - Non-fatal injury,02 - Angle,Munster Hamlet - Richmond
5089,FALLOWFIELD RD @ STRANDHERD DR,360752.224,5014962.154,-75.78691,45.27239,2017-07-14,6:11:00 PM,01 - Clear,01 - Dry,01 - Traffic signal,02 - Intersection related,01 - Daylight,03 - P.D. only,03 - Rear end,Munster Hamlet - Richmond
5090,FALLOWFIELD RD @ STRANDHERD DR,360752.6717,5014961.931,-75.7869,45.27239,2017-09-20,8:10:00 PM,01 - Clear,01 - Dry,01 - Traffic signal,02 - Intersection related,07 - Dark,03 - P.D. only,03 - Rear end,Munster Hamlet - Richmond
5091,FALLOWFIELD RD @ STRANDHERD DR,360751.8904,5014962.823,-75.78691,45.2724,2017-10-17,5:28:00 PM,01 - Clear,01 - Dry,01 - Traffic signal,02 - Intersection related,01 - Daylight,03 - P.D. only,03 - Rear end,Munster Hamlet - Richmond
5092,FALLOWFIELD RD @ STRANDHERD DR,360752.6982,5014962.391,-75.7869,45.27239,2017-11-17,12:02:00 PM,01 - Clear,01 - Dry,01 - Traffic signal,03 - At intersection,01 - Daylight,03 - P.D. only,03 - Rear end,Munster Hamlet - Richmond
5093,FALLOWFIELD RD @ STRANDHERD DR,360751.3664,5014963.871,-75.78692,45.27241,2017-01-12,6:25:00 AM,02 - Rain,02 - Wet,01 - Traffic signal,02 - Intersection related,07 - Dark,03 - P.D. only,01 - Approaching,Munster Hamlet - Richmond
5094,FALLOWFIELD RD @ STRANDHERD DR,360750.6963,5014962.154,-75.78693,45.27239,2017-04-20,8:40:00 AM,01 - Clear,01 - Dry,01 - Traffic signal,02 - Intersection related,01 - Daylight,03 - P.D. only,03 - Rear end,Munster Hamlet - Richmond
5095,FALLOWFIELD RD @ STRANDHERD DR,360752.5593,5014961.485,-75.78691,45.27238,2017-02-26,2:09:00 PM,01 - Clear,01 - Dry,01 - Traffic signal,02 - Intersection related,01 - Daylight,03 - P.D. only,04 - Sideswipe,Munster Hamlet - Richmond
5096,FALLOWFIELD RD @ TRANSITWAY/VIARAIL,364468.7499,5017549.752,-75.73924,45.29537,2017-02-07,12:06:00 AM,03 - Snow,03 - Loose snow,01 - Traffic signal,03 - At intersection,07 - Dark,03 - P.D. only,02 - Angle,New Barrhaven
5097,FALLOWFIELD RD @ TRANSITWAY/VIARAIL,364466.3009,5017548.63,-75.73927,45.29536,2017-03-04,5:24:00 AM,01 - Clear,01 - Dry,01 - Traffic signal,02 - Intersection related,07 - Dark,03 - P.D. only,07 - SMV other,New Barrhaven
5098,FALLOWFIELD RD @ VIA PARK PL/275 W OF WOODROFFE AVE,364848.2072,5017766.175,-75.73437,45.29728,2017-10-23,1:41:00 PM,01 - Clear,01 - Dry,01 - Traffic signal,03 - At intersection,01 - Daylight,02 - Non-fatal injury,05 - Turning movement,New Barrhaven
5099,FALLOWFIELD RD @ VIA PARK PL/275 W OF WOODROFFE AVE,364847.2373,5017766.021,-75.73439,45.29728,2017-10-05,6:49:00 PM,01 - Clear,01 - Dry,01 - Traffic signal,02 - Intersection related,05 - Dusk,02 - Non-fatal injury,03 - Rear end,New Barrhaven
5100,FALLOWFIELD RD @ VIA PARK PL/275 W OF WOODROFFE AVE,364848.5375,5017765.589,-75.73437,45.29728,2017-10-26,5:31:00 AM,01 - Clear,01 - Dry,01 - Traffic signal,02 - Intersection related,07 - Dark,03 - P.D. only,07 - SMV other,New Barrhaven
5101,FALLOWFIELD RD @ WOLFGANG DR,363406.3766,5016943.451,-75.75285,45.29,2017-06-16,6:25:00 PM,01 - Clear,01 - Dry,02 - Stop sign,03 - At intersection,01 - Daylight,02 - Non-fatal injury,02 - Angle,Greenbelt
5102,FALLOWFIELD RD @ WOLFGANG DR,363407.025,5016944.793,-75.75284,45.29001,2017-07-14,9:06:00 AM,01 - Clear,01 - Dry,02 - Stop sign,02 - Intersection related,01 - Daylight,03 - P.D. only,03 - Rear end,Greenbelt
5103,FALLOWFIELD RD @ WOLFGANG DR,363407.025,5016944.793,-75.75284,45.29001,2017-03-24,10:36:00 PM,03 - Snow,04 - Slush,02 - Stop sign,02 - Intersection related,07 - Dark,03 - P.D. only,07 - SMV other,Greenbelt
5104,FALLOWFIELD RD @ WOLFGANG DR,363407.6938,5016944.793,-75.75284,45.29001,2017-02-21,1:28:00 PM,01 - Clear,01 - Dry,02 - Stop sign,03 - At intersection,01 - Daylight,02 - Non-fatal injury,02 - Angle,Greenbelt
5105,FALLOWFIELD RD @ WOODROFFE AVE,365086.3677,5017904.103,-75.73132,45.2985,2017-08-08,8:30:00 AM,01 - Clear,01 - Dry,01 - Traffic signal,03 - At intersection,01 - Daylight,03 - P.D. only,03 - Rear end,Greenbelt
5106,FALLOWFIELD RD @ WOODROFFE AVE,365084.928,5017902.08,-75.73134,45.29849,2017-08-30,6:48:00 PM,01 - Clear,01 - Dry,01 - Traffic signal,02 - Intersection related,01 - Daylight,03 - P.D. only,03 - Rear end,New Barrhaven
5107,FALLOWFIELD RD @ WOODROFFE AVE,365086.4259,5017902.871,-75.73132,45.29849,2017-07-05,3:44:00 PM,01 - Clear,01 - Dry,01 - Traffic signal,03 - At intersection,01 - Daylight,02 - Non-fatal injury,05 - Turning movement,Greenbelt
5108,FALLOWFIELD RD @ WOODROFFE AVE,365085.15,5017901.595,-75.73134,45.29848,2017-07-15,10:00:00 PM,01 - Clear,01 - Dry,01 - Traffic signal,02 - Intersection related,07 - Dark,03 - P.D. only,04 - Sideswipe,New Barrhaven
5109,FALLOWFIELD RD @ WOODROFFE AVE,365085.15,5017903.427,-75.73134,45.2985,2017-09-16,10:02:00 AM,01 - Clear,01 - Dry,01 - Traffic signal,02 - Intersection related,01 - Daylight,03 - P.D. only,05 - Turning movement,New Barrhaven
5110,FALLOWFIELD RD @ WOODROFFE AVE,365085.15,5017903.427,-75.73134,45.2985,2017-09-27,6:15:00 PM,01 - Clear,01 - Dry,01 - Traffic signal,02 - Intersection related,01 - Daylight,03 - P.D. only,05 - Turning movement,New Barrhaven
5111,FALLOWFIELD RD @ WOODROFFE AVE,365084.6036,5017902.644,-75.73134,45.29849,2017-10-03,5:42:00 PM,01 - Clear,01 - Dry,01 - Traffic signal,02 - Intersection related,01 - Daylight,03 - P.D. only,03 - Rear end,New Barrhaven
5112,FALLOWFIELD RD @ WOODROFFE AVE,365085.4845,5017904.528,-75.73133,45.29851,2017-12-02,5:11:00 PM,01 - Clear,01 - Dry,01 - Traffic signal,02 - Intersection related,07 - Dark,03 - P.D. only,03 - Rear end,New Barrhaven
5113,FALLOWFIELD RD @ WOODROFFE AVE,365086.1533,5017904.528,-75.73132,45.29851,2017-11-29,6:04:00 AM,01 - Clear,01 - Dry,01 - Traffic signal,02 - Intersection related,07 - Dark,02 - Non-fatal injury,04 - Sideswipe,Greenbelt
5114,FALLOWFIELD RD @ WOODROFFE AVE,365085.15,5017902.953,-75.73134,45.29849,2017-12-11,6:26:00 PM,01 - Clear,01 - Dry,01 - Traffic signal,02 - Intersection related,07 - Dark,03 - P.D. only,03 - Rear end,New Barrhaven
5115,FALLOWFIELD RD @ WOODROFFE AVE,365085.6965,5017902.097,-75.73133,45.29849,2017-02-01,12:54:00 PM,01 - Clear,02 - Wet,01 - Traffic signal,02 - Intersection related,01 - Daylight,03 - P.D. only,03 - Rear end,Greenbelt
5116,FALLOWFIELD RD @ WOODROFFE AVE,365086.8667,5017904.048,-75.73131,45.2985,2017-01-17,4:20:00 PM,01 - Clear,01 - Dry,01 - Traffic signal,02 - Intersection related,01 - Daylight,03 - P.D. only,04 - Sideswipe,Greenbelt
5117,FALLOWFIELD RD @ WOODROFFE AVE,365086.1533,5017904.528,-75.73132,45.29851,2017-02-10,5:02:00 PM,01 - Clear,01 - Dry,01 - Traffic signal,03 - At intersection,01 - Daylight,03 - P.D. only,03 - Rear end,Greenbelt
5118,FALLOWFIELD RD @ WOODROFFE AVE,365084.8156,5017903.859,-75.73134,45.2985,2017-03-02,1:40:00 PM,01 - Clear,01 - Dry,01 - Traffic signal,02 - Intersection related,01 - Daylight,03 - P.D. only,03 - Rear end,New Barrhaven
5119,FALLOWFIELD RD @ WOODROFFE AVE,365086.1533,5017904.528,-75.73132,45.29851,2017-04-18,4:22:00 PM,01 - Clear,01 - Dry,01 - Traffic signal,02 - Intersection related,01 - Daylight,03 - P.D. only,03 - Rear end,Greenbelt
5120,FALLOWFIELD RD @ WOODROFFE AVE,365086.1533,5017905.197,-75.73132,45.29851,2017-04-05,1:33:00 PM,01 - Clear,01 - Dry,01 - Traffic signal,02 - Intersection related,01 - Daylight,03 - P.D. only,07 - SMV other,Greenbelt
5121,FALLOWFIELD RD @ WOODROFFE AVE,365084.6721,5017902.951,-75.73134,45.29849,2017-12-18,8:11:00 AM,03 - Snow,03 - Loose snow,01 - Traffic signal,02 - Intersection related,01 - Daylight,03 - P.D. only,03 - Rear end,New Barrhaven
5122,FALLOWFIELD RD @ WOODROFFE AVE,365085.6234,5017903.427,-75.73133,45.2985,2017-12-22,7:47:00 PM,03 - Snow,03 - Loose snow,01 - Traffic signal,02 - Intersection related,07 - Dark,03 - P.D. only,03 - Rear end,New Barrhaven
5123,FALLOWFIELD RD btwn CEDARVIEW RD & LARKIN DR,361466.9749,5015766.927,-75.77771,45.27957,2017-12-16,6:05:00 PM,01 - Clear,02 - Wet,10 - No control,01 - Non intersection,07 - Dark,03 - P.D. only,03 - Rear end,Greenbelt
5124,FALLOWFIELD RD btwn CONLEY RD & HUNTLEY RD,352333.69,5009549.836,-75.89471,45.22431,2017-11-08,5:06:00 AM,01 - Clear,01 - Dry,10 - No control,01 - Non intersection,07 - Dark,02 - Non-fatal injury,07 - SMV other,Munster Hamlet - Richmond
5125,FALLOWFIELD RD btwn CONLEY RD & HUNTLEY RD,351336.9147,5008686.198,-75.90749,45.2166,2017-11-03,8:40:00 AM,01 - Clear,02 - Wet,10 - No control,01 - Non intersection,01 - Daylight,02 - Non-fatal injury,07 - SMV other,Munster Hamlet - Richmond
5126,FALLOWFIELD RD btwn EAGLESON RD & RICHMOND RD,356850.1411,5013021.8,-75.83684,45.25523,2017-08-31,11:56:00 PM,01 - Clear,01 - Dry,10 - No control,01 - Non intersection,07 - Dark,03 - P.D. only,07 - SMV other,Munster Hamlet - Richmond
5127,FALLOWFIELD RD btwn EAGLESON RD & RICHMOND RD,356250.3492,5012677.758,-75.84452,45.25218,2017-09-05,7:21:00 AM,01 - Clear,01 - Dry,10 - No control,01 - Non intersection,01 - Daylight,02 - Non-fatal injury,04 - Sideswipe,Munster Hamlet - Richmond
5128,FALLOWFIELD RD btwn EAGLESON RD & RICHMOND RD,356421.3568,5012777.006,-75.84233,45.25306,2017-11-26,6:19:00 PM,03 - Snow,03 - Loose snow,10 - No control,01 - Non intersection,07 - Dark,03 - P.D. only,07 - SMV other,Munster Hamlet - Richmond
5129,FALLOWFIELD RD btwn EAGLESON RD & RICHMOND RD,356419.7074,5012775.953,-75.84235,45.25305,2017-02-04,11:03:00 PM,01 - Clear,03 - Loose snow,10 - No control,01 - Non intersection,07 - Dark,02 - Non-fatal injury,07 - SMV other,Munster Hamlet - Richmond
5130,FALLOWFIELD RD btwn EAGLESON RD & RICHMOND RD,356841.7188,5013018.672,-75.83695,45.2552,2017-01-18,6:56:00 AM,04 - Freezing Rain,04 - Slush,10 - No control,01 - Non intersection,03 - Dawn,02 - Non-fatal injury,01 - Approaching,Munster Hamlet - Richmond
5131,FALLOWFIELD RD btwn EAGLESON RD & RICHMOND RD,356047.1802,5012601.82,-75.84711,45.25151,2017-01-05,6:28:00 AM,01 - Clear,06 - Ice,10 - No control,01 - Non intersection,07 - Dark,03 - P.D. only,01 - Approaching,Munster Hamlet - Richmond
5132,FALLOWFIELD RD btwn EAGLESON RD & RICHMOND RD,357578.5757,5013448.639,-75.82752,45.25902,2017-01-03,9:15:00 AM,04 - Freezing Rain,06 - Ice,10 - No control,01 - Non intersection,01 - Daylight,03 - P.D. only,01 - Approaching,Munster Hamlet - Richmond
5133,FALLOWFIELD RD btwn EAGLESON RD & RICHMOND RD,356245.7543,5012674.234,-75.84458,45.25215,2017-01-05,7:32:00 AM,01 - Clear,06 - Ice,10 - No control,01 - Non intersection,03 - Dawn,03 - P.D. only,07 - SMV other,Munster Hamlet - Richmond
5134,FALLOWFIELD RD btwn HUNTLEY RD & KIMINI DR,352458.7737,5009665.555,-75.89311,45.22534,2017-07-16,6:00:00 AM,01 - Clear,01 - Dry,10 - No control,01 - Non intersection,01 - Daylight,03 - P.D. only,07 - SMV other,Munster Hamlet - Richmond
5135,FALLOWFIELD RD btwn HWY416 IC66 RAMP34 & HWY416 IC66 RAMP63,359853.303,5014734.922,-75.79839,45.27042,2017-12-18,11:16:00 PM,01 - Clear,04 - Slush,10 - No control,01 - Non intersection,07 - Dark,03 - P.D. only,07 - SMV other,Munster Hamlet - Richmond
5136,FALLOWFIELD RD btwn HWY416 IC66 RAMP52 & HWY416 IC66 RAMP24,360172.7801,5014822.832,-75.79431,45.27118,2017-11-25,5:32:00 PM,02 - Rain,02 - Wet,10 - No control,01 - Non intersection,07 - Dark,03 - P.D. only,03 - Rear end,Munster Hamlet - Richmond
5137,FALLOWFIELD RD btwn HWY416 IC66 RAMP62 & STRANDHERD DR,360555.2099,5014932.032,-75.78942,45.27213,2017-10-20,8:20:00 AM,01 - Clear,01 - Dry,10 - No control,01 - Non intersection,01 - Daylight,03 - P.D. only,03 - Rear end,Munster Hamlet - Richmond
5138,FALLOWFIELD RD btwn KIMINI DR & SHEA RD,353256.4833,5010369.882,-75.88288,45.23162,2017-11-25,3:27:00 PM,01 - Clear,01 - Dry,10 - No control,01 - Non intersection,01 - Daylight,03 - P.D. only,07 - SMV other,Stittsville - Basswood
5139,FALLOWFIELD RD btwn MERIVALE RD & WOODROFFE AVE,365980.4858,5018484.635,-75.71985,45.30365,2017-05-13,11:10:00 PM,01 - Clear,01 - Dry,10 - No control,01 - Non intersection,07 - Dark,02 - Non-fatal injury,04 - Sideswipe,Greenbelt
5140,FALLOWFIELD RD btwn MERIVALE RD & WOODROFFE AVE,366799.9093,5018807.311,-75.70936,45.30648,2017-02-04,2:20:00 PM,05 - Drifting Snow,03 - Loose snow,10 - No control,01 - Non intersection,01 - Daylight,03 - P.D. only,01 - Approaching,Greenbelt
5141,FALLOWFIELD RD btwn MERIVALE RD & WOODROFFE AVE,366859.94,5018830.422,-75.70859,45.30668,2017-03-19,11:32:00 PM,01 - Clear,01 - Dry,10 - No control,01 - Non intersection,07 - Dark,02 - Non-fatal injury,07 - SMV other,Greenbelt
5142,FALLOWFIELD RD btwn MERIVALE RD & WOODROFFE AVE,365741.8563,5018354.785,-75.72291,45.3025,2017-12-23,12:33:00 AM,01 - Clear,02 - Wet,10 - No control,01 - Non intersection,07 - Dark,03 - P.D. only,07 - SMV other,Greenbelt