Record,Location,X,Y,Longitude,Latitude,Date,Time,Environment,Road_Surface,Traffic_Control,Collision_Location,Light,Collision_Classification,Impact_type,Neighborhood
5143,FALLOWFIELD RD btwn MOODIE DR & HWY416 IC66 RAMP53,359598.3114,5014663.169,-75.80165,45.26979,2017-05-28,9:26:00 PM,01 - Clear,01 - Dry,10 - No control,04 - At/near private drive,07 - Dark,02 - Non-fatal injury,05 - Turning movement,Munster Hamlet - Richmond
5144,FALLOWFIELD RD btwn MOODIE DR & HWY416 IC66 RAMP53,359520.7816,5014641.877,-75.80264,45.26961,2017-09-30,3:48:00 PM,01 - Clear,01 - Dry,10 - No control,01 - Non intersection,01 - Daylight,03 - P.D. only,07 - SMV other,Munster Hamlet - Richmond
5145,FALLOWFIELD RD btwn MOODIE DR & HWY416 IC66 RAMP53,359545.3718,5014648.435,-75.80232,45.26966,2017-10-02,5:01:00 PM,01 - Clear,01 - Dry,10 - No control,01 - Non intersection,01 - Daylight,03 - P.D. only,03 - Rear end,Munster Hamlet - Richmond
5146,FALLOWFIELD RD btwn MOODIE DR & HWY416 IC66 RAMP53,359587.6091,5014661.831,-75.80178,45.26978,2017-02-19,3:19:00 PM,01 - Clear,01 - Dry,10 - No control,01 - Non intersection,01 - Daylight,03 - P.D. only,04 - Sideswipe,Munster Hamlet - Richmond
5147,FALLOWFIELD RD btwn MUNSTER RD & CONLEY RD,348658.8438,5006336.09,-75.94179,45.19563,2017-05-27,9:34:00 PM,01 - Clear,01 - Dry,10 - No control,01 - Non intersection,07 - Dark,03 - P.D. only,07 - SMV other,Munster Hamlet - Richmond
5148,FALLOWFIELD RD btwn MUNSTER RD & CONLEY RD,347163.8602,5005037.895,-75.96092,45.18404,2017-09-01,8:20:00 PM,01 - Clear,01 - Dry,10 - No control,01 - Non intersection,07 - Dark,03 - P.D. only,07 - SMV other,Munster Hamlet - Richmond
5149,FALLOWFIELD RD btwn MUNSTER RD & CONLEY RD,349000.9313,5006639.181,-75.93741,45.19833,2017-03-16,5:43:00 PM,05 - Drifting Snow,05 - Packed snow,10 - No control,01 - Non intersection,01 - Daylight,03 - P.D. only,07 - SMV other,Munster Hamlet - Richmond
5150,FALLOWFIELD RD btwn MUNSTER RD & CONLEY RD,347807.2005,5005596.126,-75.95269,45.18902,2017-12-29,11:58:00 AM,03 - Snow,06 - Ice,10 - No control,04 - At/near private drive,01 - Daylight,03 - P.D. only,07 - SMV other,Munster Hamlet - Richmond
5151,FALLOWFIELD RD btwn ORR ST & GREENBANK RD,363021.4784,5016682.957,-75.75779,45.28769,2017-06-15,3:50:00 PM,01 - Clear,01 - Dry,10 - No control,01 - Non intersection,01 - Daylight,03 - P.D. only,04 - Sideswipe,Barrhaven West - Old Barrhaven
5152,FALLOWFIELD RD btwn ORR ST & GREENBANK RD,362964.5627,5016642.553,-75.75852,45.28733,2017-06-04,4:58:00 AM,01 - Clear,01 - Dry,10 - No control,01 - Non intersection,03 - Dawn,03 - P.D. only,07 - SMV other,Barrhaven West - Old Barrhaven
5153,FALLOWFIELD RD btwn ORR ST & GREENBANK RD,363040.8869,5016702.422,-75.75754,45.28786,2017-07-20,4:05:00 PM,01 - Clear,01 - Dry,10 - No control,04 - At/near private drive,01 - Daylight,03 - P.D. only,03 - Rear end,Barrhaven West - Old Barrhaven
5154,FALLOWFIELD RD btwn ORR ST & GREENBANK RD,363001.1491,5016669.733,-75.75805,45.28757,2017-01-20,9:59:00 AM,01 - Clear,02 - Wet,10 - No control,04 - At/near private drive,01 - Daylight,02 - Non-fatal injury,03 - Rear end,Barrhaven West - Old Barrhaven
5155,FALLOWFIELD RD btwn ORR ST & GREENBANK RD,363014.1205,5016680.281,-75.75788,45.28767,2017-03-21,5:01:00 PM,01 - Clear,01 - Dry,10 - No control,04 - At/near private drive,01 - Daylight,03 - P.D. only,03 - Rear end,Barrhaven West - Old Barrhaven
5156,FALLOWFIELD RD btwn RICHMOND RD & STEEPLE HILL CRES,357875.1473,5013617.71,-75.82372,45.26052,2017-02-13,2:30:00 PM,01 - Clear,01 - Dry,10 - No control,01 - Non intersection,01 - Daylight,03 - P.D. only,99 - Other,Munster Hamlet - Richmond
5157,FALLOWFIELD RD btwn SHEA RD & EAGLESON RD,355553.5274,5012353.387,-75.85343,45.24931,2017-02-07,2:41:00 PM,06 - Strong wind,03 - Loose snow,10 - No control,01 - Non intersection,01 - Daylight,03 - P.D. only,07 - SMV other,Stittsville - Basswood
5158,FALLOWFIELD RD btwn SHEA RD & EAGLESON RD,355688.4101,5012491.127,-75.8517,45.25054,2017-01-20,6:56:00 PM,01 - Clear,01 - Dry,10 - No control,01 - Non intersection,07 - Dark,01 - Fatal injury,01 - Approaching,Stittsville - Basswood
5159,FALLOWFIELD RD btwn SHEA RD & EAGLESON RD,354775.6754,5011688.339,-75.8634,45.24338,2017-12-18,1:11:00 PM,03 - Snow,03 - Loose snow,10 - No control,01 - Non intersection,01 - Daylight,02 - Non-fatal injury,07 - SMV other,Stittsville - Basswood
5160,FALLOWFIELD RD btwn STEEPLE HILL CRES & MOODIE DR,358969.3132,5014361.246,-75.8097,45.26712,2017-06-21,7:52:00 AM,01 - Clear,01 - Dry,10 - No control,01 - Non intersection,01 - Daylight,03 - P.D. only,03 - Rear end,Greenbelt
5161,FALLOWFIELD RD btwn STEEPLE HILL CRES & MOODIE DR,359121.6637,5014454.767,-75.80775,45.26795,2017-06-01,3:35:00 PM,01 - Clear,01 - Dry,10 - No control,01 - Non intersection,01 - Daylight,03 - P.D. only,01 - Approaching,Greenbelt
5162,FALLOWFIELD RD btwn STEEPLE HILL CRES & MOODIE DR,359353.6495,5014586.971,-75.80477,45.26912,2017-07-31,3:30:00 PM,01 - Clear,01 - Dry,10 - No control,01 - Non intersection,01 - Daylight,03 - P.D. only,05 - Turning movement,Greenbelt
5163,FALLOWFIELD RD btwn STEEPLE HILL CRES & MOODIE DR,359310.9455,5014564.282,-75.80532,45.26892,2017-09-27,7:31:00 AM,01 - Clear,01 - Dry,10 - No control,01 - Non intersection,01 - Daylight,02 - Non-fatal injury,03 - Rear end,Greenbelt
5164,FALLOWFIELD RD btwn STEEPLE HILL CRES & MOODIE DR,358626.4892,5014152.277,-75.81409,45.26527,2017-12-25,11:00:00 AM,01 - Clear,02 - Wet,10 - No control,04 - At/near private drive,01 - Daylight,03 - P.D. only,07 - SMV other,Greenbelt
5165,FALLOWFIELD RD btwn TRANSIT & 482 E OF HOLITMAN DR/BARRHAVEN CROSSING,364273.2772,5017437.957,-75.74174,45.29438,2017-08-25,8:15:00 AM,01 - Clear,01 - Dry,10 - No control,05 - At railway crossing,01 - Daylight,03 - P.D. only,03 - Rear end,New Barrhaven
5166,FALLOWFIELD RD btwn WOLFGANG DR & HOLITMAN DR,363565.9438,5017032.844,-75.75081,45.29079,2017-03-02,12:02:00 PM,05 - Drifting Snow,03 - Loose snow,10 - No control,01 - Non intersection,01 - Daylight,03 - P.D. only,04 - Sideswipe,New Barrhaven
5167,FALLOWFIELD RD btwn WOODROFFE AVE & VIA PARK PL/275 W OF WOODROFFE AVE,364982.4281,5017844.255,-75.73265,45.29797,2017-10-26,3:50:00 PM,01 - Clear,01 - Dry,10 - No control,01 - Non intersection,01 - Daylight,03 - P.D. only,03 - Rear end,New Barrhaven
5168,FALLOWFIELD RD btwn WOODROFFE AVE & VIA PARK PL/275 W OF WOODROFFE AVE,365004.9031,5017855.042,-75.73237,45.29807,2017-01-04,9:00:00 PM,03 - Snow,05 - Packed snow,10 - No control,04 - At/near private drive,07 - Dark,02 - Non-fatal injury,02 - Angle,New Barrhaven
5169,FALLOWFIELD RD btwn WOODROFFE AVE & VIA PARK PL/275 W OF WOODROFFE AVE,365080.8896,5017900.113,-75.73139,45.29847,2017-01-19,11:25:00 AM,01 - Clear,02 - Wet,10 - No control,01 - Non intersection,01 - Daylight,03 - P.D. only,03 - Rear end,New Barrhaven
5170,FARINCOURT CRES btwn CHINIAN ST & CHINIAN ST,383887.563,5034820.124,-75.48892,45.44884,2017-08-26,9:36:00 PM,01 - Clear,01 - Dry,10 - No control,04 - At/near private drive,07 - Dark,03 - P.D. only,06 - SMV unattended vehicle,Avalon
5171,FARM GATE CRES E @ VIEWMOUNT DR E,366870.457,5024181.64,-75.70779,45.35483,2017-02-10,10:30:00 AM,03 - Snow,03 - Loose snow,02 - Stop sign,02 - Intersection related,01 - Daylight,03 - P.D. only,07 - SMV other,Borden Farm - Stewart Farm - Parkwood Hills - Fisher Glen
5172,FARMERS WAY @ LEITRIM RD W,381293.4464,5025418.183,-75.52354,45.36453,2017-02-22,8:34:00 AM,01 - Clear,01 - Dry,02 - Stop sign,03 - At intersection,01 - Daylight,02 - Non-fatal injury,02 - Angle,Greenbelt
5173,FARMERS WAY btwn EIGHTH LINE RD & NINTH LINE RD,383257.1467,5023469.981,-75.49878,45.34679,2017-06-09,1:31:00 PM,01 - Clear,01 - Dry,10 - No control,01 - Non intersection,01 - Daylight,03 - P.D. only,07 - SMV other,Greenbelt
5174,FAUBERT ST @ REGIONAL RD 174,390281.1745,5042682.871,-75.40583,45.51882,2017-07-25,4:55:00 PM,01 - Clear,01 - Dry,02 - Stop sign,02 - Intersection related,01 - Daylight,03 - P.D. only,03 - Rear end,Cumberland - Estates
5175,FAUBERT ST @ REGIONAL RD 174,390281.9142,5042683.159,-75.40582,45.51883,2017-09-29,10:53:00 AM,01 - Clear,01 - Dry,02 - Stop sign,02 - Intersection related,01 - Daylight,02 - Non-fatal injury,03 - Rear end,Cumberland - Estates
5176,FAUBERT ST @ REGIONAL RD 174,390281.776,5042683.696,-75.40582,45.51883,2017-02-05,11:27:00 AM,03 - Snow,02 - Wet,02 - Stop sign,02 - Intersection related,01 - Daylight,02 - Non-fatal injury,03 - Rear end,Cumberland - Estates
5177,FEATHERSTON DR @ EMSLIE AVE,372421.5874,5027696.795,-75.63646,45.38595,2017-09-29,4:57:00 PM,01 - Clear,01 - Dry,03 - Yield sign,03 - At intersection,01 - Daylight,03 - P.D. only,07 - SMV other,Playfair Park - Lynda Park - Guildwood Estates
5178,FEATHERSTON DR @ RYDER ST,372406.7314,5027551.209,-75.63667,45.38464,2017-03-08,7:29:00 AM,01 - Clear,06 - Ice,02 - Stop sign,02 - Intersection related,01 - Daylight,02 - Non-fatal injury,03 - Rear end,Playfair Park - Lynda Park - Guildwood Estates
5179,FEATHERSTON DR @ SHAREL DR,372384.1532,5027754.633,-75.63693,45.38647,2017-01-24,10:58:00 AM,04 - Freezing Rain,04 - Slush,03 - Yield sign,03 - At intersection,01 - Daylight,03 - P.D. only,02 - Angle,Playfair Park - Lynda Park - Guildwood Estates
5180,FEATHERSTON DR btwn FERNCROFT CRES & BRIAR HILL DR,371384.8918,5027357.914,-75.64975,45.383,2017-05-28,12:33:00 AM,01 - Clear,01 - Dry,10 - No control,01 - Non intersection,07 - Dark,03 - P.D. only,06 - SMV unattended vehicle,Playfair Park - Lynda Park - Guildwood Estates
5181,FENTON RD btwn QUINN RD & SOUTHCLARK PL,373692.765,5020145.827,-75.62129,45.31788,2017-11-21,3:30:00 PM,01 - Clear,01 - Dry,10 - No control,04 - At/near private drive,01 - Daylight,03 - P.D. only,99 - Other,Greenbelt
5182,FENTON RD btwn SOUTHCLARK PL & LEITRIM RD,373955.3031,5020577.536,-75.61788,45.32174,2017-09-08,8:20:00 PM,01 - Clear,01 - Dry,10 - No control,01 - Non intersection,07 - Dark,03 - P.D. only,07 - SMV other,Greenbelt
5183,FERIAND ST btwn JOLLIET AVE & END,369845.9388,5034076.484,-75.66851,45.44359,2017-12-25,12:44:00 PM,03 - Snow,03 - Loose snow,10 - No control,01 - Non intersection,01 - Daylight,03 - P.D. only,06 - SMV unattended vehicle,Vanier North
5184,FERNBANK RD @ JINKINSON RD,345887.6171,5007695.059,-75.97694,45.20802,2017-02-12,6:20:00 PM,03 - Snow,04 - Slush,02 - Stop sign,02 - Intersection related,07 - Dark,03 - P.D. only,07 - SMV other,Stittsville - Basswood
5185,FERNBANK RD @ ROMINA ST,354467.9734,5015278.548,-75.86696,45.27571,2017-04-08,12:58:00 PM,01 - Clear,01 - Dry,02 - Stop sign,02 - Intersection related,01 - Daylight,02 - Non-fatal injury,07 - SMV other,Stittsville - Basswood
5186,FERNBANK RD @ SHEA RD,352053.783,5013123.497,-75.89794,45.25648,2017-02-15,7:14:00 PM,03 - Snow,03 - Loose snow,11 - Roundabout,03 - At intersection,07 - Dark,03 - P.D. only,02 - Angle,Stittsville
5187,FERNBANK RD @ STITTSVILLE MAIN ST,350934.5888,5012161.167,-75.91229,45.2479,2017-08-16,10:59:00 AM,01 - Clear,01 - Dry,01 - Traffic signal,02 - Intersection related,01 - Daylight,02 - Non-fatal injury,03 - Rear end,Stittsville
5188,FERNBANK RD @ STITTSVILLE MAIN ST,350935.5356,5012162.587,-75.91227,45.24791,2017-11-26,7:50:00 PM,03 - Snow,05 - Packed snow,01 - Traffic signal,02 - Intersection related,07 - Dark,02 - Non-fatal injury,03 - Rear end,Stittsville
5189,FERNBANK RD @ STITTSVILLE MAIN ST,350934.5888,5012162.114,-75.91228,45.24791,2017-12-29,4:44:00 PM,01 - Clear,02 - Wet,01 - Traffic signal,03 - At intersection,05 - Dusk,03 - P.D. only,02 - Angle,Stittsville
5190,FERNBANK RD btwn BLACK'S SIDE RD & WEST RIDGE DR,349879.8606,5011232.576,-75.9258,45.23961,2017-11-19,10:08:00 AM,03 - Snow,06 - Ice,10 - No control,01 - Non intersection,01 - Daylight,03 - P.D. only,07 - SMV other,Stittsville - Basswood
5191,FERNBANK RD btwn DWYER HILL RD & MUNSTER RD,343051.2771,5005178.452,-76.01324,45.18554,2017-11-03,7:00:00 PM,01 - Clear,01 - Dry,10 - No control,01 - Non intersection,07 - Dark,03 - P.D. only,07 - SMV other,Munster Hamlet - Richmond
5192,FERNBANK RD btwn DWYER HILL RD & MUNSTER RD,345135.2508,5006996.827,-75.98658,45.20178,2017-04-05,7:20:00 AM,01 - Clear,01 - Dry,10 - No control,01 - Non intersection,01 - Daylight,03 - P.D. only,07 - SMV other,Munster Hamlet - Richmond
5193,FERNBANK RD btwn FERNBANK RD & TERRY FOX DR,353994.9011,5014845.644,-75.87304,45.27185,2017-07-27,6:32:00 PM,01 - Clear,01 - Dry,10 - No control,01 - Non intersection,01 - Daylight,02 - Non-fatal injury,07 - SMV other,Stittsville - Basswood
5194,FERNBANK RD btwn FERNBANK RD & TERRY FOX DR,353818.355,5014693.829,-75.8753,45.27049,2017-07-18,10:07:00 PM,01 - Clear,01 - Dry,10 - No control,01 - Non intersection,07 - Dark,03 - P.D. only,07 - SMV other,Glen Cairn - Kanata South Business Park
5195,FERNBANK RD btwn FERNBANK RD & TERRY FOX DR,353929.4046,5014790.835,-75.87388,45.27136,2017-09-19,11:13:00 PM,01 - Clear,01 - Dry,10 - No control,01 - Non intersection,07 - Dark,02 - Non-fatal injury,07 - SMV other,Stittsville - Basswood
5196,FERNBANK RD btwn JINKINSON RD & BLACK'S SIDE RD,347576.6875,5009143.132,-75.95532,45.22095,2017-06-18,9:21:00 PM,01 - Clear,01 - Dry,10 - No control,01 - Non intersection,07 - Dark,01 - Fatal injury,07 - SMV other,Stittsville - Basswood
5197,FERNBANK RD btwn JINKINSON RD & BLACK'S SIDE RD,347032.7569,5008669.282,-75.96229,45.21672,2017-03-23,11:41:00 AM,01 - Clear,01 - Dry,10 - No control,01 - Non intersection,01 - Daylight,03 - P.D. only,07 - SMV other,Stittsville - Basswood
5198,FERNBANK RD btwn LIARD ST & SHEA RD,351924.686,5013014.467,-75.89959,45.25551,2017-05-21,9:00:00 PM,02 - Rain,02 - Wet,10 - No control,01 - Non intersection,07 - Dark,03 - P.D. only,07 - SMV other,Stittsville
5199,FERNBANK RD btwn LUCAS LANE & JINKINSON RD,345476.23,5007291.525,-75.98221,45.20442,2017-02-09,6:26:00 PM,01 - Clear,01 - Dry,10 - No control,01 - Non intersection,07 - Dark,03 - P.D. only,07 - SMV other,Stittsville - Basswood
5200,FERNBANK RD btwn WEST RIDGE DR & ETTA ST,350692.6374,5011945.299,-75.91539,45.24597,2017-08-22,10:45:00 AM,01 - Clear,01 - Dry,10 - No control,01 - Non intersection,01 - Daylight,03 - P.D. only,06 - SMV unattended vehicle,Stittsville
5201,FERNLEAF CRES btwn WAYSIDE CRT & DES EPINETTES AVE,382827.726,5036362.503,-75.50222,45.46283,2017-07-26,8:32:00 AM,01 - Clear,01 - Dry,10 - No control,01 - Non intersection,01 - Daylight,03 - P.D. only,06 - SMV unattended vehicle,Queenswood Heights
5202,FIELDSTONE CRES W @ GREY NUNS DR W,379867.9847,5037144.211,-75.53995,45.47019,2017-01-10,10:44:00 PM,03 - Snow,03 - Loose snow,02 - Stop sign,03 - At intersection,07 - Dark,02 - Non-fatal injury,02 - Angle,Industrial Park
5203,FIFTH AVE @ O'CONNOR ST,368718.707,5029591.425,-75.6835,45.40334,2017-01-09,4:00:00 PM,03 - Snow,02 - Wet,02 - Stop sign,02 - Intersection related,05 - Dusk,03 - P.D. only,06 - SMV unattended vehicle,The Glebe
5204,FIFTH AVE @ O'CONNOR ST,368718.7065,5029590.567,-75.6835,45.40333,2017-02-18,12:00:00 AM,01 - Clear,05 - Packed snow,02 - Stop sign,02 - Intersection related,00 - Unknown,03 - P.D. only,06 - SMV unattended vehicle,The Glebe
5205,FIFTH AVE @ QUEEN ELIZABETH DRWY,368836.6789,5029657.739,-75.68198,45.40393,2017-07-06,8:45:00 PM,01 - Clear,01 - Dry,01 - Traffic signal,02 - Intersection related,05 - Dusk,03 - P.D. only,03 - Rear end,The Glebe
5206,FIFTH AVE @ QUEEN ELIZABETH DRWY,368836.6789,5029657.739,-75.68198,45.40393,2017-12-15,6:19:00 PM,03 - Snow,03 - Loose snow,01 - Traffic signal,02 - Intersection related,07 - Dark,03 - P.D. only,03 - Rear end,The Glebe
5207,FIFTH AVE btwn ADELAIDE ST & O'CONNOR ST,368668.3792,5029561.669,-75.68415,45.40308,2017-02-12,12:00:00 AM,03 - Snow,03 - Loose snow,10 - No control,01 - Non intersection,00 - Unknown,03 - P.D. only,06 - SMV unattended vehicle,The Glebe
5208,FIFTH AVE btwn ADELAIDE ST & O'CONNOR ST,368687.6033,5029571.169,-75.6839,45.40316,2017-02-27,12:37:00 PM,01 - Clear,05 - Packed snow,10 - No control,01 - Non intersection,01 - Daylight,03 - P.D. only,04 - Sideswipe,The Glebe
5209,FIFTH AVE btwn BANK ST & HOWICK PL,368436.506,5029419.956,-75.68713,45.40182,2017-03-18,1:30:00 AM,01 - Clear,01 - Dry,10 - No control,01 - Non intersection,07 - Dark,03 - P.D. only,04 - Sideswipe,The Glebe
5210,FIFTH AVE btwn CHRYSLER ST & PERCY ST,367838.5142,5029065.461,-75.69481,45.39869,2017-06-28,2:03:00 PM,01 - Clear,01 - Dry,10 - No control,01 - Non intersection,01 - Daylight,03 - P.D. only,06 - SMV unattended vehicle,The Glebe
5211,FIFTH AVE btwn CHRYSLER ST & PERCY ST,367833.0366,5029062.872,-75.69488,45.39867,2017-08-19,11:44:00 AM,01 - Clear,01 - Dry,10 - No control,01 - Non intersection,01 - Daylight,03 - P.D. only,06 - SMV unattended vehicle,The Glebe
5212,FIFTH AVE btwn CRAIG ST & MORRIS ST,368012.8912,5029170.24,-75.69257,45.39962,2017-05-05,12:00:00 AM,02 - Rain,02 - Wet,10 - No control,01 - Non intersection,00 - Unknown,03 - P.D. only,06 - SMV unattended vehicle,The Glebe
5213,FIFTH AVE btwn HOWICK PL & RUPERT ST,368560.3455,5029495.613,-75.68554,45.40249,2017-05-14,12:00:00 AM,01 - Clear,01 - Dry,10 - No control,01 - Non intersection,00 - Unknown,03 - P.D. only,06 - SMV unattended vehicle,The Glebe
5214,FIFTH AVE btwn MORRIS ST & RALPH ST,368096.9044,5029220.33,-75.69149,45.40006,2017-04-10,2:23:00 PM,01 - Clear,01 - Dry,10 - No control,01 - Non intersection,01 - Daylight,02 - Non-fatal injury,03 - Rear end,The Glebe
5215,FIFTH AVE btwn MURIEL ST & GORDON ST,367739.7777,5029008.038,-75.69608,45.39818,2017-01-06,6:00:00 AM,01 - Clear,05 - Packed snow,10 - No control,01 - Non intersection,07 - Dark,02 - Non-fatal injury,01 - Approaching,The Glebe
5216,FIFTH AVE/CRAIG ST @ PERCY ST,367965.8704,5029141.812,-75.69317,45.39936,2017-11-26,7:26:00 PM,03 - Snow,03 - Loose snow,02 - Stop sign,02 - Intersection related,07 - Dark,03 - P.D. only,02 - Angle,The Glebe
5217,FIFTH LINE RD btwn BERRY SIDE RD & KERWIN RD,347337.7364,5030170.48,-75.95656,45.41018,2017-04-23,2:47:00 PM,01 - Clear,01 - Dry,10 - No control,01 - Non intersection,01 - Daylight,02 - Non-fatal injury,07 - SMV other,Carp - Hardwood Plains
5218,FIFTH LINE RD btwn GREENLAND RD & BERRY SIDE RD,346975.4311,5030545.023,-75.96115,45.41357,2017-10-20,7:33:00 AM,01 - Clear,01 - Dry,10 - No control,01 - Non intersection,01 - Daylight,03 - P.D. only,07 - SMV other,Carp - Hardwood Plains
5219,FIFTH LINE RD btwn GREENLAND RD & BERRY SIDE RD,346730.7331,5030802.774,-75.96426,45.4159,2017-02-04,9:30:00 PM,01 - Clear,05 - Packed snow,10 - No control,01 - Non intersection,07 - Dark,03 - P.D. only,07 - SMV other,Carp - Hardwood Plains
5220,FILION CRES btwn BRIDLEWOOD DR & BRIDLEWOOD DR,354595.6954,5017347.167,-75.86513,45.29431,2017-01-08,2:20:00 PM,01 - Clear,03 - Loose snow,10 - No control,04 - At/near private drive,01 - Daylight,03 - P.D. only,06 - SMV unattended vehicle,Bridlewood - Emerald Meadows
5221,FINDLAY AVE @ TORRINGTON PL,367934.0407,5028790.887,-75.69363,45.39621,2017-11-30,4:19:00 PM,02 - Rain,02 - Wet,02 - Stop sign,03 - At intersection,05 - Dusk,03 - P.D. only,02 - Angle,The Glebe
5222,FINDLAY AVE @ TORRINGTON PL,367933.3718,5028788.212,-75.69363,45.39619,2017-11-26,7:57:00 PM,03 - Snow,05 - Packed snow,02 - Stop sign,03 - At intersection,07 - Dark,03 - P.D. only,02 - Angle,The Glebe
5223,FINDLAY CREEK DR @ BANK ST,375847.8079,5020460.634,-75.59376,45.3205,2017-05-06,3:32:00 PM,02 - Rain,02 - Wet,01 - Traffic signal,02 - Intersection related,01 - Daylight,03 - P.D. only,03 - Rear end,Greenbelt
5224,FINDLAY CREEK DR @ BANK ST,375847.9468,5020458.782,-75.59376,45.32048,2017-08-27,8:03:00 PM,01 - Clear,01 - Dry,01 - Traffic signal,02 - Intersection related,05 - Dusk,03 - P.D. only,02 - Angle,Greenbelt
5225,FINDLAY CREEK DR @ BANK ST,375847.3624,5020461.056,-75.59376,45.3205,2017-12-20,11:55:00 AM,03 - Snow,04 - Slush,01 - Traffic signal,03 - At intersection,01 - Daylight,02 - Non-fatal injury,03 - Rear end,Greenbelt
5226,FINDLAY CREEK DR @ WILLOWMERE WAY,374187.0559,5019311.412,-75.6151,45.31033,2017-05-22,4:37:00 AM,02 - Rain,02 - Wet,02 - Stop sign,02 - Intersection related,07 - Dark,02 - Non-fatal injury,07 - SMV other,Greenbelt
5227,FINDLAY CREEK DR btwn DEVONWOOD CIRC & BANK ST,375734.7644,5020393.744,-75.59521,45.31991,2017-11-27,8:15:00 AM,03 - Snow,06 - Ice,10 - No control,01 - Non intersection,01 - Daylight,03 - P.D. only,03 - Rear end,Greenbelt
5228,FINDLAY CREEK DR btwn DEVONWOOD CIRC & BANK ST,375724.2712,5020386.966,-75.59534,45.31985,2017-01-24,8:15:00 AM,04 - Freezing Rain,06 - Ice,10 - No control,04 - At/near private drive,01 - Daylight,02 - Non-fatal injury,07 - SMV other,Greenbelt
5229,FINDLAY CREEK DR btwn DEVONWOOD CIRC & BANK ST,375725.1859,5020381.957,-75.59533,45.3198,2017-03-22,5:25:00 PM,01 - Clear,01 - Dry,10 - No control,04 - At/near private drive,01 - Daylight,03 - P.D. only,02 - Angle,Greenbelt
5230,FINDLAY CREEK DR btwn NETLEY CIRC & KELLY FARM DR,375324.8464,5020014.949,-75.60049,45.31654,2017-11-07,7:13:00 AM,01 - Clear,01 - Dry,10 - No control,01 - Non intersection,01 - Daylight,03 - P.D. only,06 - SMV unattended vehicle,Greenbelt
5231,FINDLAY CREEK DR btwn NETLEY CIRC & KELLY FARM DR,375300.827,5019969.756,-75.6008,45.31614,2017-01-05,8:58:00 AM,02 - Rain,06 - Ice,10 - No control,01 - Non intersection,01 - Daylight,03 - P.D. only,99 - Other,Greenbelt
5232,FIRST AVE btwn O'CONNOR ST & QUEEN ELIZABETH DRWY,368704.4794,5029958.952,-75.68363,45.40665,2017-12-20,7:44:00 PM,01 - Clear,06 - Ice,10 - No control,01 - Non intersection,07 - Dark,03 - P.D. only,06 - SMV unattended vehicle,The Glebe
5233,FIRST LINE RD btwn PHELAN RD E & ROGER STEVENS DR,371221.9205,5002976.013,-75.65509,45.16363,2017-06-04,10:45:00 PM,01 - Clear,02 - Wet,10 - No control,01 - Non intersection,07 - Dark,03 - P.D. only,07 - SMV other,Kars - Osgoode
5234,FIRST ST @ ST. JOSEPH BLVD,383646.0239,5039063.36,-75.49133,45.48704,2017-03-14,6:01:00 PM,03 - Snow,03 - Loose snow,02 - Stop sign,03 - At intersection,05 - Dusk,03 - P.D. only,07 - SMV other,Industrial Park
5235,FISHER AVE @ 220 S OF TRENT ST,365871.8186,5026729.263,-75.72022,45.37784,2017-07-30,10:49:00 AM,01 - Clear,01 - Dry,01 - Traffic signal,02 - Intersection related,01 - Daylight,02 - Non-fatal injury,02 - Angle,Civic Hospital - Experimental Farm - Central Park
5236,FISHER AVE @ ARNOT RD,366321.5084,5025654.936,-75.71461,45.36814,2017-08-22,4:49:00 PM,02 - Rain,02 - Wet,02 - Stop sign,02 - Intersection related,01 - Daylight,03 - P.D. only,03 - Rear end,Civic Hospital - Experimental Farm - Central Park
5237,FISHER AVE @ DEER PARK RD/DYNES RD,366406.0452,5025454.532,-75.71356,45.36633,2017-07-02,3:56:00 PM,01 - Clear,02 - Wet,01 - Traffic signal,02 - Intersection related,01 - Daylight,02 - Non-fatal injury,02 - Angle,Carleton Heights - Rideauview
5238,FISHER AVE @ DEER PARK RD/DYNES RD,366407.1668,5025456.342,-75.71354,45.36634,2017-01-28,1:33:00 PM,01 - Clear,02 - Wet,01 - Traffic signal,02 - Intersection related,01 - Daylight,03 - P.D. only,05 - Turning movement,Carleton Heights - Rideauview
5239,FISHER AVE @ DEER PARK RD/DYNES RD,366407.2,5025457.565,-75.71354,45.36635,2017-03-03,3:55:00 PM,01 - Clear,01 - Dry,01 - Traffic signal,02 - Intersection related,01 - Daylight,03 - P.D. only,04 - Sideswipe,Carleton Heights - Rideauview
5240,FISHER AVE @ FOREST PARK AVE,366521.5314,5025178.655,-75.71212,45.36383,2017-07-07,4:37:00 PM,02 - Rain,02 - Wet,02 - Stop sign,02 - Intersection related,01 - Daylight,02 - Non-fatal injury,03 - Rear end,Carleton Heights - Rideauview
5241,FISHER AVE @ KINTYRE PRIV,366496.7351,5025235.392,-75.71243,45.36435,2017-09-29,11:40:00 AM,01 - Clear,01 - Dry,01 - Traffic signal,02 - Intersection related,01 - Daylight,02 - Non-fatal injury,03 - Rear end,Carleton Heights - Rideauview
5242,FISHER AVE @ MALIBU TER,366261.6732,5025799.589,-75.71536,45.36944,2017-09-30,10:05:00 AM,01 - Clear,01 - Dry,02 - Stop sign,02 - Intersection related,01 - Daylight,03 - P.D. only,02 - Angle,Civic Hospital - Experimental Farm - Central Park