Record,Location,X,Y,Longitude,Latitude,Date,Time,Environment,Road_Surface,Traffic_Control,Collision_Location,Light,Collision_Classification,Impact_type,Neighborhood
5243,FISHER AVE @ MEADOWLANDS DR,366576.0682,5025046.115,-75.71144,45.36264,2017-06-24,7:46:00 AM,01 - Clear,01 - Dry,01 - Traffic signal,02 - Intersection related,01 - Daylight,02 - Non-fatal injury,02 - Angle,Carleton Heights - Rideauview
5244,FISHER AVE @ MEADOWLANDS DR,366575.3994,5025044.777,-75.71145,45.36262,2017-10-19,12:15:00 PM,01 - Clear,01 - Dry,01 - Traffic signal,03 - At intersection,01 - Daylight,03 - P.D. only,02 - Angle,Carleton Heights - Rideauview
5245,FISHER AVE @ MEADOWLANDS DR,366574.1182,5025044.263,-75.71146,45.36262,2017-10-23,9:22:00 AM,01 - Clear,01 - Dry,01 - Traffic signal,03 - At intersection,01 - Daylight,02 - Non-fatal injury,05 - Turning movement,Carleton Heights - Rideauview
5246,FISHER AVE @ MEADOWLANDS DR,366575.5383,5025044.263,-75.71144,45.36262,2017-10-26,3:30:00 PM,01 - Clear,01 - Dry,01 - Traffic signal,02 - Intersection related,01 - Daylight,03 - P.D. only,03 - Rear end,Carleton Heights - Rideauview
5247,FISHER AVE @ MEADOWLANDS DR,366575.0649,5025044.9,-75.71145,45.36263,2017-09-29,7:40:00 AM,01 - Clear,01 - Dry,01 - Traffic signal,03 - At intersection,01 - Daylight,02 - Non-fatal injury,99 - Other,Carleton Heights - Rideauview
5248,FISHER AVE @ MEADOWLANDS DR,366574.1182,5025045.683,-75.71146,45.36263,2017-09-21,3:35:00 PM,01 - Clear,01 - Dry,01 - Traffic signal,02 - Intersection related,01 - Daylight,03 - P.D. only,04 - Sideswipe,Carleton Heights - Rideauview
5249,FISHER AVE @ MEADOWLANDS DR,366574.7305,5025045.446,-75.71145,45.36263,2017-11-09,9:13:00 PM,02 - Rain,02 - Wet,01 - Traffic signal,03 - At intersection,07 - Dark,03 - P.D. only,99 - Other,Carleton Heights - Rideauview
5250,FISHER AVE @ MEADOWLANDS DR,366576.0207,5025045.685,-75.71144,45.36263,2017-12-12,12:00:00 PM,03 - Snow,03 - Loose snow,01 - Traffic signal,03 - At intersection,01 - Daylight,03 - P.D. only,02 - Angle,Carleton Heights - Rideauview
5251,FISHER AVE @ MEADOWLANDS DR,366575.3994,5025044.777,-75.71145,45.36262,2017-12-04,2:17:00 PM,03 - Snow,02 - Wet,01 - Traffic signal,02 - Intersection related,01 - Daylight,03 - P.D. only,03 - Rear end,Carleton Heights - Rideauview
5252,FISHER AVE @ MEADOWLANDS DR,366575.0649,5025045.683,-75.71145,45.36263,2017-12-07,9:45:00 AM,03 - Snow,06 - Ice,01 - Traffic signal,02 - Intersection related,01 - Daylight,03 - P.D. only,07 - SMV other,Carleton Heights - Rideauview
5253,FISHER AVE @ MEADOWLANDS DR,366574.7305,5025046.784,-75.71145,45.36264,2017-12-03,9:41:00 AM,01 - Clear,01 - Dry,01 - Traffic signal,03 - At intersection,01 - Daylight,03 - P.D. only,05 - Turning movement,Carleton Heights - Rideauview
5254,FISHER AVE @ MEADOWLANDS DR,366575.8154,5025044.32,-75.71144,45.36262,2017-03-25,11:39:00 PM,04 - Freezing Rain,06 - Ice,01 - Traffic signal,02 - Intersection related,07 - Dark,03 - P.D. only,03 - Rear end,Carleton Heights - Rideauview
5255,FISHER AVE @ MEADOWLANDS DR,366574.0616,5025046.115,-75.71146,45.36264,2017-03-19,4:20:00 PM,01 - Clear,01 - Dry,01 - Traffic signal,02 - Intersection related,01 - Daylight,03 - P.D. only,03 - Rear end,Carleton Heights - Rideauview
5256,FISHER AVE @ NORMANDY CRES N,366683.7582,5024782.66,-75.7101,45.36026,2017-09-12,5:02:00 PM,01 - Clear,01 - Dry,02 - Stop sign,03 - At intersection,01 - Daylight,03 - P.D. only,02 - Angle,Carleton Heights - Rideauview
5257,FISHER AVE @ NORMANDY CRES S,366868.3736,5024341.189,-75.70779,45.35627,2017-03-09,12:25:00 PM,01 - Clear,01 - Dry,02 - Stop sign,02 - Intersection related,01 - Daylight,03 - P.D. only,05 - Turning movement,Carleton Heights - Rideauview
5258,FISHER AVE @ NORMANDY CRES S,366869.1814,5024339.336,-75.70778,45.35625,2017-12-28,12:20:00 PM,01 - Clear,01 - Dry,02 - Stop sign,02 - Intersection related,01 - Daylight,03 - P.D. only,02 - Angle,Carleton Heights - Rideauview
5259,FISHER AVE @ PRINCE OF WALES DR,367162.7081,5023940.505,-75.70409,45.35264,2017-06-30,1:51:00 PM,02 - Rain,02 - Wet,01 - Traffic signal,03 - At intersection,01 - Daylight,03 - P.D. only,05 - Turning movement,Borden Farm - Stewart Farm - Parkwood Hills - Fisher Glen
5260,FISHER AVE @ PRINCE OF WALES DR,367162.1827,5023943.228,-75.70409,45.35266,2017-11-01,9:23:00 AM,02 - Rain,02 - Wet,01 - Traffic signal,03 - At intersection,01 - Daylight,03 - P.D. only,05 - Turning movement,Borden Farm - Stewart Farm - Parkwood Hills - Fisher Glen
5261,FISHER AVE @ PRINCE OF WALES DR,367160.749,5023942.75,-75.70411,45.35266,2017-12-07,6:56:00 AM,01 - Clear,03 - Loose snow,01 - Traffic signal,02 - Intersection related,03 - Dawn,03 - P.D. only,04 - Sideswipe,Borden Farm - Stewart Farm - Parkwood Hills - Fisher Glen
5262,FISHER AVE @ PRINCE OF WALES DR,367161.7048,5023943.058,-75.7041,45.35266,2017-01-28,6:34:00 PM,03 - Snow,03 - Loose snow,01 - Traffic signal,02 - Intersection related,07 - Dark,03 - P.D. only,04 - Sideswipe,Borden Farm - Stewart Farm - Parkwood Hills - Fisher Glen
5263,FISHER AVE @ PRINCE OF WALES DR,367161.7048,5023942.75,-75.7041,45.35266,2017-12-15,8:03:00 PM,03 - Snow,04 - Slush,01 - Traffic signal,02 - Intersection related,07 - Dark,03 - P.D. only,04 - Sideswipe,Borden Farm - Stewart Farm - Parkwood Hills - Fisher Glen
5264,FISHER AVE @ SHILLINGTON AVE,365627.7781,5027296.274,-75.72326,45.38297,2017-10-24,10:23:00 PM,02 - Rain,02 - Wet,01 - Traffic signal,02 - Intersection related,07 - Dark,03 - P.D. only,03 - Rear end,Carlington
5265,FISHER AVE @ SHILLINGTON AVE,365626.6926,5027297.671,-75.72328,45.38298,2017-02-10,7:52:00 AM,03 - Snow,02 - Wet,01 - Traffic signal,03 - At intersection,01 - Daylight,03 - P.D. only,05 - Turning movement,Carlington
5266,FISHER AVE @ SHILLINGTON AVE,365625.7459,5027296.309,-75.72329,45.38297,2017-12-28,1:51:00 PM,01 - Clear,01 - Dry,01 - Traffic signal,02 - Intersection related,01 - Daylight,03 - P.D. only,03 - Rear end,Carlington
5267,FISHER AVE @ TUNIS AVE,365497.177,5027596.295,-75.72489,45.38568,2017-09-05,5:04:00 PM,01 - Clear,01 - Dry,02 - Stop sign,03 - At intersection,01 - Daylight,02 - Non-fatal injury,02 - Angle,Civic Hospital - Experimental Farm - Central Park
5268,FISHER AVE @ TUNIS AVE,365496.7955,5027596.707,-75.7249,45.38568,2017-12-15,7:30:00 PM,01 - Clear,01 - Dry,02 - Stop sign,02 - Intersection related,07 - Dark,02 - Non-fatal injury,03 - Rear end,Carlington
5269,FISHER AVE @ VIEWMOUNT DR,366919.7948,5024209.236,-75.70715,45.35508,2017-02-05,1:30:00 PM,03 - Snow,03 - Loose snow,01 - Traffic signal,03 - At intersection,01 - Daylight,03 - P.D. only,02 - Angle,Borden Farm - Stewart Farm - Parkwood Hills - Fisher Glen
5270,FISHER AVE @ VIEWMOUNT DR,366918.5041,5024209.39,-75.70717,45.35508,2017-12-17,2:25:00 PM,01 - Clear,01 - Dry,01 - Traffic signal,03 - At intersection,01 - Daylight,03 - P.D. only,02 - Angle,Borden Farm - Stewart Farm - Parkwood Hills - Fisher Glen
5271,FISHER AVE btwn 220 S OF TRENT ST & MCCOOEY LANE,365939.2178,5026559.309,-75.71938,45.37631,2017-06-03,2:46:00 PM,01 - Clear,01 - Dry,10 - No control,01 - Non intersection,01 - Daylight,03 - P.D. only,03 - Rear end,Civic Hospital - Experimental Farm - Central Park
5272,FISHER AVE btwn 220 S OF TRENT ST & MCCOOEY LANE,365891.0573,5026677.703,-75.71998,45.37738,2017-06-25,11:04:00 AM,01 - Clear,01 - Dry,10 - No control,01 - Non intersection,01 - Daylight,02 - Non-fatal injury,03 - Rear end,Civic Hospital - Experimental Farm - Central Park
5273,FISHER AVE btwn 220 S OF TRENT ST & MCCOOEY LANE,365977.4834,5026472.526,-75.7189,45.37552,2017-10-05,3:49:00 PM,01 - Clear,01 - Dry,10 - No control,01 - Non intersection,01 - Daylight,03 - P.D. only,03 - Rear end,Civic Hospital - Experimental Farm - Central Park
5274,FISHER AVE btwn 220 S OF TRENT ST & MCCOOEY LANE,365969.1397,5026490.745,-75.719,45.37569,2017-09-19,4:00:00 PM,01 - Clear,01 - Dry,10 - No control,01 - Non intersection,01 - Daylight,02 - Non-fatal injury,03 - Rear end,Civic Hospital - Experimental Farm - Central Park
5275,FISHER AVE btwn ARNOT RD & DEER PARK RD,366347.1178,5025592.569,-75.71429,45.36757,2017-09-26,8:36:00 AM,01 - Clear,01 - Dry,10 - No control,01 - Non intersection,01 - Daylight,02 - Non-fatal injury,04 - Sideswipe,Civic Hospital - Experimental Farm - Central Park
5276,FISHER AVE btwn BASELINE RD & MALIBU TER,366219.7114,5025899.539,-75.71588,45.37035,2017-12-07,5:30:00 PM,01 - Clear,01 - Dry,10 - No control,01 - Non intersection,07 - Dark,03 - P.D. only,02 - Angle,Civic Hospital - Experimental Farm - Central Park
5277,FISHER AVE btwn CRERAR AVE & TUNIS AVE,365491.492,5027606.475,-75.72497,45.38577,2017-11-08,6:16:00 PM,01 - Clear,01 - Dry,10 - No control,01 - Non intersection,07 - Dark,03 - P.D. only,03 - Rear end,Carlington
5278,FISHER AVE btwn EMPEROR AVE & TRENT ST,365727.8879,5027056.134,-75.72201,45.3808,2017-02-16,7:10:00 AM,03 - Snow,06 - Ice,10 - No control,01 - Non intersection,03 - Dawn,03 - P.D. only,01 - Approaching,Carlington
5279,FISHER AVE btwn FOREST PARK AVE & MEADOWLANDS DR,366554.6087,5025095.525,-75.7117,45.36308,2017-07-13,12:59:00 PM,01 - Clear,01 - Dry,10 - No control,01 - Non intersection,01 - Daylight,02 - Non-fatal injury,07 - SMV other,Carleton Heights - Rideauview
5280,FISHER AVE btwn FOREST PARK AVE & MEADOWLANDS DR,366568.4414,5025065.826,-75.71153,45.36281,2017-03-17,5:50:00 PM,01 - Clear,01 - Dry,10 - No control,01 - Non intersection,01 - Daylight,03 - P.D. only,03 - Rear end,Carleton Heights - Rideauview
5281,FISHER AVE btwn MCCOOEY LANE & BASELINE RD,366122.1652,5026138.328,-75.71709,45.3725,2017-10-27,10:19:00 AM,01 - Clear,01 - Dry,10 - No control,01 - Non intersection,01 - Daylight,03 - P.D. only,05 - Turning movement,Civic Hospital - Experimental Farm - Central Park
5282,FISHER AVE btwn MEADOWLANDS DR & URBISCI PRIV,366604.8308,5024980.563,-75.71108,45.36204,2017-05-10,8:11:00 AM,01 - Clear,01 - Dry,10 - No control,01 - Non intersection,01 - Daylight,03 - P.D. only,04 - Sideswipe,Carleton Heights - Rideauview
5283,FISHER AVE btwn MEADOWLANDS DR & URBISCI PRIV,366584.7639,5025026.717,-75.71133,45.36246,2017-05-21,10:56:00 AM,01 - Clear,01 - Dry,10 - No control,04 - At/near private drive,01 - Daylight,02 - Non-fatal injury,02 - Angle,Carleton Heights - Rideauview
5284,FISHER AVE btwn TRENT ST & 220 S OF TRENT ST,365823.029,5026838.484,-75.72083,45.37883,2017-06-14,5:52:00 PM,01 - Clear,01 - Dry,10 - No control,01 - Non intersection,01 - Daylight,03 - P.D. only,03 - Rear end,Civic Hospital - Experimental Farm - Central Park
5285,FISHER AVE btwn TRENT ST & 220 S OF TRENT ST,365828.014,5026826.652,-75.72076,45.37872,2017-03-18,10:22:00 AM,01 - Clear,01 - Dry,10 - No control,04 - At/near private drive,01 - Daylight,03 - P.D. only,03 - Rear end,Civic Hospital - Experimental Farm - Central Park
5286,FITZGERALD RD @ ROBERTSON RD,356790.049,5020288.589,-75.83684,45.32062,2017-09-22,7:54:00 PM,01 - Clear,01 - Dry,01 - Traffic signal,03 - At intersection,07 - Dark,02 - Non-fatal injury,07 - SMV other,Bells Corners West
5287,FITZGERALD RD @ ROBERTSON RD,356789.0977,5020289.06,-75.83686,45.32063,2017-12-31,4:16:00 PM,01 - Clear,06 - Ice,01 - Traffic signal,02 - Intersection related,05 - Dusk,03 - P.D. only,03 - Rear end,Bells Corners West
5288,FITZROY ST btwn NELLIE ST & OLD SHIP RD,327326.467,5037058.097,-76.21189,45.47309,2017-11-17,6:22:00 PM,01 - Clear,01 - Dry,10 - No control,01 - Non intersection,07 - Dark,03 - P.D. only,07 - SMV other,Fitzro
5289,FLAMBOROUGH WAY @ MERSEY DR,349152.5291,5023780.768,-75.93395,45.35257,2017-08-05,1:14:00 PM,01 - Clear,01 - Dry,10 - No control,02 - Intersection related,01 - Daylight,03 - P.D. only,04 - Sideswipe,Morgan's Grant
5290,FLAT SEDGE CRES btwn BUTTONBUSH WAY N & WHITE ALDER AVE E,375325.237,5020781.173,-75.60038,45.32344,2017-07-26,12:40:00 AM,01 - Clear,01 - Dry,10 - No control,01 - Non intersection,07 - Dark,03 - P.D. only,06 - SMV unattended vehicle,Greenbelt
5291,FLEMING AVE btwn FIFE CRES & ARCH ST,372842.0491,5028257.408,-75.63102,45.39095,2017-09-30,11:16:00 PM,01 - Clear,01 - Dry,10 - No control,04 - At/near private drive,07 - Dark,03 - P.D. only,06 - SMV unattended vehicle,Urbandale
5292,FLETCHER CIRC btwn Continuation of FLETCHER CIRC & Continuation of FLE,349302.312,5020058.416,-75.93237,45.31907,2017-11-26,12:00:00 AM,03 - Snow,03 - Loose snow,10 - No control,01 - Non intersection,00 - Unknown,03 - P.D. only,06 - SMV unattended vehicle,Kanata Lakes - Marchwood Lakeside - Morgan's Grant - Kanata
5293,FLETCHER CIRC btwn Continuation of FLETCHER CIRC & Continuation of FLE,349357.6292,5019996.234,-75.93167,45.3185,2017-01-28,2:27:00 AM,01 - Clear,02 - Wet,10 - No control,04 - At/near private drive,07 - Dark,03 - P.D. only,06 - SMV unattended vehicle,Kanata Lakes - Marchwood Lakeside - Morgan's Grant - Kanata
5294,FLETCHER CIRC btwn Continuation of FLETCHER CIRC & Continuation of FLE,349360.066,5019993.143,-75.93164,45.31847,2017-12-27,1:54:00 PM,01 - Clear,05 - Packed snow,10 - No control,01 - Non intersection,01 - Daylight,03 - P.D. only,04 - Sideswipe,Kanata Lakes - Marchwood Lakeside - Morgan's Grant - Kanata
5295,FLETCHER CIRC btwn Continuation of FLETCHER CIRC & TORBEC AVE,349408.612,5020003.602,-75.93102,45.31857,2017-07-27,12:00:00 AM,01 - Clear,01 - Dry,10 - No control,04 - At/near private drive,00 - Unknown,03 - P.D. only,06 - SMV unattended vehicle,Kanata Lakes - Marchwood Lakeside - Morgan's Grant - Kanata
5296,FLETCHER CIRC btwn TORBEC AVE & KEYROCK DR,349532.2611,5020112.804,-75.92943,45.31954,2017-11-07,3:04:00 PM,01 - Clear,01 - Dry,10 - No control,01 - Non intersection,01 - Daylight,03 - P.D. only,06 - SMV unattended vehicle,Kanata Lakes - Marchwood Lakeside - Morgan's Grant - Kanata
5297,FLEWELLYN RD @ SHEA RD,352993.1687,5012174.621,-75.88606,45.24788,2017-08-18,6:57:00 PM,01 - Clear,01 - Dry,02 - Stop sign,03 - At intersection,01 - Daylight,03 - P.D. only,07 - SMV other,Stittsville - Basswood
5298,FLEWELLYN RD @ SHEA RD,352993.8148,5012174.178,-75.88605,45.24788,2017-10-24,6:26:00 PM,01 - Clear,01 - Dry,02 - Stop sign,03 - At intersection,07 - Dark,03 - P.D. only,07 - SMV other,Stittsville - Basswood
5299,FLEWELLYN RD @ SHEA RD,352994.0781,5012173.688,-75.88605,45.24787,2017-11-05,2:18:00 PM,02 - Rain,02 - Wet,02 - Stop sign,03 - At intersection,01 - Daylight,03 - P.D. only,02 - Angle,Stittsville - Basswood
5300,FLEWELLYN RD @ SHEA RD,352993.9347,5012175.743,-75.88605,45.24789,2017-03-30,5:03:00 PM,01 - Clear,01 - Dry,02 - Stop sign,03 - At intersection,01 - Daylight,02 - Non-fatal injury,02 - Angle,Stittsville - Basswood
5301,FLEWELLYN RD btwn DWYER HILL RD & MUNSTER RD,345080.8855,5005163.134,-75.98742,45.18529,2017-05-21,6:51:00 AM,01 - Clear,01 - Dry,10 - No control,01 - Non intersection,01 - Daylight,03 - P.D. only,07 - SMV other,Munster Hamlet - Richmond
5302,FLEWELLYN RD btwn DWYER HILL RD & MUNSTER RD,344583.9405,5004674.802,-75.99378,45.18092,2017-12-04,5:17:00 PM,01 - Clear,02 - Wet,10 - No control,01 - Non intersection,07 - Dark,03 - P.D. only,07 - SMV other,Munster Hamlet - Richmond
5303,FLEWELLYN RD btwn MUNSTER RD & CONLEY RD,346735.2905,5006599.305,-75.96625,45.19811,2017-09-25,8:06:00 AM,01 - Clear,01 - Dry,10 - No control,01 - Non intersection,01 - Daylight,03 - P.D. only,07 - SMV other,Stittsville - Basswood
5304,FLEWELLYN RD btwn MUNSTER RD & CONLEY RD,346831.9374,5006680.409,-75.96501,45.19884,2017-10-17,8:42:00 PM,01 - Clear,01 - Dry,10 - No control,01 - Non intersection,07 - Dark,03 - P.D. only,07 - SMV other,Stittsville - Basswood
5305,FLEWELLYN RD btwn NO NAME & BLACK'S SIDE RD,349917.8654,5009428.754,-75.92548,45.22338,2017-05-12,11:12:00 PM,01 - Clear,01 - Dry,10 - No control,01 - Non intersection,07 - Dark,03 - P.D. only,07 - SMV other,Stittsville - Basswood
5306,FLEWELLYN RD btwn NO NAME & BLACK'S SIDE RD,349887.3612,5009412.179,-75.92587,45.22323,2017-12-15,5:24:00 AM,01 - Clear,01 - Dry,10 - No control,01 - Non intersection,07 - Dark,03 - P.D. only,07 - SMV other,Stittsville - Basswood
5307,FLEWELLYN RD btwn ORMROD RD & DWYER HILL RD,343301.9623,5003529.988,-76.01018,45.17069,2017-08-23,6:48:00 AM,01 - Clear,01 - Dry,10 - No control,01 - Non intersection,01 - Daylight,03 - P.D. only,07 - SMV other,Munster Hamlet - Richmond
5308,FLEWELLYN RD btwn POPLARWOOD AVE & SHEA RD,352191.7326,5011439.397,-75.89634,45.24132,2017-02-25,9:28:00 AM,02 - Rain,02 - Wet,10 - No control,01 - Non intersection,01 - Daylight,03 - P.D. only,07 - SMV other,Stittsville - Basswood
5309,FLEWELLYN RD btwn RIDINGVIEW CRES & WEST HEALEY AVE,350888.0141,5010284.394,-75.91305,45.23101,2017-11-27,7:18:00 AM,01 - Clear,02 - Wet,10 - No control,01 - Non intersection,01 - Daylight,01 - Fatal injury,07 - SMV other,Stittsville - Basswood
5310,FLEWELLYN RD btwn SHEA RD & FAULKNER TR,353142.5382,5012300.065,-75.88415,45.249,2017-11-24,3:02:00 PM,01 - Clear,01 - Dry,10 - No control,01 - Non intersection,01 - Daylight,02 - Non-fatal injury,07 - SMV other,Stittsville - Basswood
5311,FLINTRIDGE CRES btwn BRIDLE PARK DR & BRIDLE PARK DR,356040.0222,5016353.947,-75.84682,45.28527,2017-10-20,8:00:00 AM,01 - Clear,01 - Dry,10 - No control,04 - At/near private drive,01 - Daylight,03 - P.D. only,06 - SMV unattended vehicle,Bridlewood - Emerald Meadows
5312,FLORA ST @ KENT ST,367829.2599,5030323.567,-75.69477,45.41001,2017-10-05,6:48:00 AM,01 - Clear,01 - Dry,02 - Stop sign,03 - At intersection,03 - Dawn,03 - P.D. only,02 - Angle,Centretown
5313,FLORA ST @ KENT ST,367828.7134,5030323.567,-75.69477,45.41001,2017-02-14,3:58:00 PM,01 - Clear,02 - Wet,02 - Stop sign,02 - Intersection related,01 - Daylight,03 - P.D. only,05 - Turning movement,Centretown
5314,FLORA ST btwn KENT ST & BANK ST,367915.6226,5030378.353,-75.69366,45.4105,2017-03-03,7:00:00 PM,01 - Clear,01 - Dry,10 - No control,01 - Non intersection,05 - Dusk,03 - P.D. only,06 - SMV unattended vehicle,Centretown
5315,FLORIDA AVE btwn ARIZONA AVE & PALM ST,372045.002,5027318.476,-75.64132,45.38258,2017-08-02,10:07:00 PM,01 - Clear,01 - Dry,10 - No control,01 - Non intersection,07 - Dark,03 - P.D. only,06 - SMV unattended vehicle,Playfair Park - Lynda Park - Guildwood Estates
5316,FLOWER AVE @ WOODROFFE AVE,361812.2266,5026114.985,-75.77212,45.37266,2017-10-03,4:05:00 PM,01 - Clear,01 - Dry,02 - Stop sign,03 - At intersection,01 - Daylight,02 - Non-fatal injury,05 - Turning movement,Carlingwood - McKellar Park - Laurentien View
5317,FLOWER AVE @ WOODROFFE AVE,361812.5385,5026115.531,-75.77211,45.37266,2017-01-06,3:53:00 PM,01 - Clear,06 - Ice,02 - Stop sign,02 - Intersection related,01 - Daylight,03 - P.D. only,03 - Rear end,Carlingwood - McKellar Park - Laurentien View
5318,FOOTHILLS DR btwn GRANGEMILL AVE & REDFIELD AVE (2),358863.309,5021213.582,-75.8103,45.32879,2017-09-19,6:15:00 AM,01 - Clear,01 - Dry,10 - No control,01 - Non intersection,03 - Dawn,03 - P.D. only,06 - SMV unattended vehicle,Bells Corners East
5319,FOREST VALLEY DR @ FORESTGLEN CRES S,379736.4898,5035680.95,-75.54185,45.45704,2017-01-09,11:16:00 AM,01 - Clear,06 - Ice,02 - Stop sign,03 - At intersection,01 - Daylight,03 - P.D. only,02 - Angle,Chapel Hill
5320,FOREST VALLEY DR @ ORLEANS BLVD,380260.1688,5034820.282,-75.53529,45.44924,2017-08-31,11:02:00 AM,01 - Clear,01 - Dry,01 - Traffic signal,03 - At intersection,01 - Daylight,03 - P.D. only,05 - Turning movement,Chapel Hill
5321,FOREST VALLEY DR btwn ST. JOSEPH BLVD & RIVERMILL CRES,379585.7975,5035862.61,-75.54375,45.45869,2017-08-05,1:50:00 PM,01 - Clear,01 - Dry,10 - No control,04 - At/near private drive,01 - Daylight,03 - P.D. only,99 - Other,Chapel Hill
5322,FORESTBROOK ST @ OLD SECOND LINE RD,348355.5129,5022892.544,-75.9442,45.34463,2017-07-03,5:52:00 PM,01 - Clear,01 - Dry,02 - Stop sign,03 - At intersection,01 - Daylight,03 - P.D. only,03 - Rear end,Morgan's Grant
5323,FORESTBROOK ST @ OLD SECOND LINE RD,348355.5129,5022892.544,-75.9442,45.34463,2017-10-01,4:00:00 PM,01 - Clear,01 - Dry,02 - Stop sign,02 - Intersection related,01 - Daylight,03 - P.D. only,03 - Rear end,Morgan's Grant
5324,FORESTBROOK ST btwn HUNTERBROOK ST N & STATEWOOD DR,348532.8228,5023053.293,-75.94192,45.34606,2017-12-29,9:00:00 AM,01 - Clear,01 - Dry,10 - No control,01 - Non intersection,01 - Daylight,03 - P.D. only,01 - Approaching,Morgan's Grant
5325,FORESTBROOK ST btwn STATEWOOD DR & BRADY AVE,348701.4088,5022951.115,-75.93978,45.34513,2017-02-07,6:30:00 AM,03 - Snow,04 - Slush,10 - No control,04 - At/near private drive,03 - Dawn,03 - P.D. only,06 - SMV unattended vehicle,Morgan's Grant
5326,FORESTGLADE CRES btwn PICASSO DR & NOBLETON AVE,375172.7676,5026380.027,-75.60152,45.37383,2017-04-11,10:41:00 PM,01 - Clear,01 - Dry,10 - No control,01 - Non intersection,07 - Dark,03 - P.D. only,06 - SMV unattended vehicle,Hunt Club
5327,FOUNTAINHEAD DR btwn STARCROSS ST & WINTERHAVEN DR,381995.3924,5032101.67,-75.51353,45.42459,2017-02-11,12:00:00 AM,03 - Snow,03 - Loose snow,10 - No control,01 - Non intersection,00 - Unknown,03 - P.D. only,06 - SMV unattended vehicle,Chapel Hill South
5328,FOUR SEASONS DR btwn SCHOLARS CRT & SHADETREE CRES,366410.7274,5024019.145,-75.71368,45.35341,2017-03-07,8:15:00 AM,04 - Freezing Rain,06 - Ice,10 - No control,01 - Non intersection,01 - Daylight,03 - P.D. only,01 - Approaching,Borden Farm - Stewart Farm - Parkwood Hills - Fisher Glen
5329,FOUR SEASONS DR btwn SCHOLARS CRT & SHADETREE CRES,366388.0578,5024010.612,-75.71397,45.35334,2017-03-07,11:41:00 AM,04 - Freezing Rain,06 - Ice,10 - No control,01 - Non intersection,01 - Daylight,03 - P.D. only,06 - SMV unattended vehicle,Borden Farm - Stewart Farm - Parkwood Hills - Fisher Glen
5330,FOUR SEASONS DR btwn SHADETREE CRES & SHADETREE CRES,366539.1555,5024012.456,-75.71204,45.35334,2017-02-15,2:19:00 PM,01 - Clear,03 - Loose snow,10 - No control,01 - Non intersection,01 - Daylight,03 - P.D. only,01 - Approaching,Borden Farm - Stewart Farm - Parkwood Hills - Fisher Glen
5331,FOUR SEASONS DR btwn SHADETREE CRES & SHADETREE CRES,366570.9742,5023979.801,-75.71163,45.35304,2017-12-22,3:52:00 PM,03 - Snow,03 - Loose snow,10 - No control,04 - At/near private drive,01 - Daylight,03 - P.D. only,06 - SMV unattended vehicle,Borden Farm - Stewart Farm - Parkwood Hills - Fisher Glen
5332,FOURTH AVE @ O'CONNOR ST,368678.7109,5029661.325,-75.684,45.40397,2017-07-19,12:00:00 AM,01 - Clear,01 - Dry,02 - Stop sign,02 - Intersection related,00 - Unknown,03 - P.D. only,06 - SMV unattended vehicle,The Glebe
5333,FOURTH AVE btwn LYON ST S & BANK ST,368283.7551,5029426.601,-75.68908,45.4019,2017-11-12,3:55:00 PM,01 - Clear,01 - Dry,10 - No control,01 - Non intersection,01 - Daylight,02 - Non-fatal injury,07 - SMV other,The Glebe
5334,FOURTH LINE RD @ COMMUNITY WAY,366707.1948,4999074.539,-75.713,45.12893,2017-09-09,2:28:00 PM,01 - Clear,01 - Dry,10 - No control,02 - Intersection related,01 - Daylight,02 - Non-fatal injury,03 - Rear end,Manotick - North Gower
5335,FOURTH LINE RD @ PRINCE OF WALES DR,366272.9836,4999562.947,-75.71846,45.13337,2017-07-04,9:42:00 AM,01 - Clear,01 - Dry,02 - Stop sign,03 - At intersection,01 - Daylight,03 - P.D. only,02 - Angle,Manotick - North Gower
5336,FOURTH LINE RD @ ROGER STEVENS DR,366457.4833,4999356.193,-75.71614,45.13149,2017-11-03,12:11:00 PM,01 - Clear,01 - Dry,01 - Traffic signal,02 - Intersection related,01 - Daylight,03 - P.D. only,99 - Other,Manotick - North Gower
5337,FOURTH LINE RD btwn CALLENDOR RD & DILWORTH RD,370267.6773,4995101.008,-75.66826,45.09286,2017-10-20,7:02:00 PM,01 - Clear,01 - Dry,10 - No control,01 - Non intersection,05 - Dusk,03 - P.D. only,07 - SMV other,Manotick - North Gower
5338,FOURTH LINE RD btwn COMMUNITY WAY & WILLISBROOK DR,366765.5191,4999011.404,-75.71226,45.12836,2017-03-04,12:05:00 PM,01 - Clear,01 - Dry,10 - No control,04 - At/near private drive,01 - Daylight,03 - P.D. only,05 - Turning movement,Manotick - North Gower
5339,FOURTH LINE RD btwn DILWORTH RD & DONNELLY DR,371867.6731,4993351.117,-75.64817,45.07696,2017-11-18,7:50:00 PM,02 - Rain,02 - Wet,10 - No control,01 - Non intersection,07 - Dark,03 - P.D. only,07 - SMV other,Manotick - North Gower