Record,Location,X,Y,Longitude,Latitude,Date,Time,Environment,Road_Surface,Traffic_Control,Collision_Location,Light,Collision_Classification,Impact_type,Neighborhood
5340,FOURTH LINE RD btwn DILWORTH RD & DONNELLY DR,371875.5472,4993294.347,-75.64807,45.07645,2017-11-27,12:23:00 AM,03 - Snow,03 - Loose snow,10 - No control,01 - Non intersection,07 - Dark,03 - P.D. only,07 - SMV other,Manotick - North Gower
5341,FOURTH LINE RD btwn EDWARD KIDD CRES & PRINCE OF WALES DR,365912.4369,4999967.477,-75.72299,45.13704,2017-01-04,2:59:00 AM,04 - Freezing Rain,06 - Ice,10 - No control,01 - Non intersection,07 - Dark,03 - P.D. only,07 - SMV other,Manotick - North Gower
5342,FOURTH LINE RD btwn WILLISBROOK DR & LOCKHEAD RD W,367022.1484,4998731.197,-75.70904,45.12582,2017-01-16,11:23:00 PM,01 - Clear,06 - Ice,10 - No control,01 - Non intersection,07 - Dark,03 - P.D. only,07 - SMV other,Manotick - North Gower
5343,FOX CRES @ WOODROFFE AVE,361807.3475,5025625.865,-75.77224,45.36826,2017-07-14,1:58:00 PM,02 - Rain,02 - Wet,02 - Stop sign,03 - At intersection,01 - Daylight,03 - P.D. only,02 - Angle,Carlingwood West - Glabar Park - McKellar Heights
5344,FOX CRES @ WOODROFFE AVE,361804.2552,5025626.771,-75.77228,45.36827,2017-08-24,3:09:00 PM,01 - Clear,01 - Dry,02 - Stop sign,03 - At intersection,01 - Daylight,02 - Non-fatal injury,02 - Angle,Carlingwood West - Glabar Park - McKellar Heights
5345,FOX CRES @ WOODROFFE AVE,361807.0954,5025626.297,-75.77224,45.36826,2017-09-28,2:31:00 PM,01 - Clear,01 - Dry,02 - Stop sign,02 - Intersection related,01 - Daylight,03 - P.D. only,04 - Sideswipe,Carlingwood West - Glabar Park - McKellar Heights
5346,FOX VALLEY RD btwn WADDION DR & END,375149.3781,5012583.322,-75.60378,45.24969,2017-06-03,12:00:00 AM,01 - Clear,01 - Dry,10 - No control,01 - Non intersection,07 - Dark,03 - P.D. only,06 - SMV unattended vehicle,Greely
5347,FOXFIELD DR btwn GREENBANK RD & KADEER WAY,363345.1442,5016209.185,-75.75372,45.2834,2017-02-25,2:22:00 PM,02 - Rain,02 - Wet,10 - No control,04 - At/near private drive,01 - Daylight,03 - P.D. only,02 - Angle,New Barrhaven
5348,FOXFIELD DR btwn HENFIELD AVE & KNOLLSBROOK DR,363598.1284,5016333.666,-75.75048,45.2845,2017-03-18,9:00:00 AM,01 - Clear,01 - Dry,10 - No control,04 - At/near private drive,01 - Daylight,03 - P.D. only,06 - SMV unattended vehicle,New Barrhaven
5349,FOXHOUND WAY btwn BURRITTS RAPIDS PL & PRENTISS WAY,364026.0617,5012597.962,-75.74547,45.25085,2017-03-05,8:45:00 AM,01 - Clear,01 - Dry,10 - No control,04 - At/near private drive,01 - Daylight,03 - P.D. only,06 - SMV unattended vehicle,New Barrhaven
5350,FOXLIGHT CIR btwn FOXLIGHT CIR & FOXLIGHT CIR,356787.843,5015728.753,-75.83735,45.27959,2017-02-09,12:00:00 AM,01 - Clear,04 - Slush,10 - No control,01 - Non intersection,00 - Unknown,03 - P.D. only,06 - SMV unattended vehicle,Bridlewood - Emerald Meadows
5351,FOXLIGHT CIR btwn FOXLIGHT CIR & FOXLIGHT CIR,356791.006,5015682.058,-75.83732,45.27917,2017-03-15,12:00:00 AM,03 - Snow,03 - Loose snow,10 - No control,01 - Non intersection,00 - Unknown,03 - P.D. only,06 - SMV unattended vehicle,Bridlewood - Emerald Meadows
5352,FOXVIEW PL btwn BRUNEL ST & MONTREAL RD,372802.278,5034683.919,-75.63064,45.44878,2017-11-26,3:12:00 PM,01 - Clear,01 - Dry,10 - No control,01 - Non intersection,01 - Daylight,03 - P.D. only,07 - SMV other,Gloucester
5353,FRANK BENDER ST @ JEANNE D'ARC BLVD,381871.7065,5035882.379,-75.51452,45.45862,2017-10-28,8:26:00 PM,02 - Rain,02 - Wet,01 - Traffic signal,02 - Intersection related,07 - Dark,03 - P.D. only,03 - Rear end,Orleans Village - Chateauneuf
5354,FRANK BENDER ST @ JEANNE D'ARC BLVD,381870.2043,5035884.121,-75.51454,45.45863,2017-09-18,7:37:00 PM,01 - Clear,01 - Dry,01 - Traffic signal,03 - At intersection,07 - Dark,03 - P.D. only,05 - Turning movement,Orleans Village - Chateauneuf
5355,FRANK BENDER ST @ JEANNE D'ARC BLVD,381870.4163,5035884.243,-75.51454,45.45864,2017-03-21,2:29:00 PM,01 - Clear,02 - Wet,01 - Traffic signal,03 - At intersection,01 - Daylight,03 - P.D. only,05 - Turning movement,Orleans Village - Chateauneuf
5356,FRANK KENNY RD @ RUSSELL RD,392563.7536,5026366.993,-75.37953,45.37175,2017-11-10,1:14:00 PM,01 - Clear,01 - Dry,02 - Stop sign,02 - Intersection related,01 - Daylight,03 - P.D. only,03 - Rear end,Navan - Vars
5357,FRANK KENNY RD @ TRIM RD,386221.4219,5038049.586,-75.45855,45.47762,2017-11-17,1:19:00 AM,01 - Clear,01 - Dry,01 - Traffic signal,03 - At intersection,07 - Dark,03 - P.D. only,07 - SMV other,Cardinal Creek
5358,FRANK KENNY RD btwn COLONIAL RD & HUISMANS RD,390553.5491,5031153.705,-75.40435,45.41506,2017-09-16,5:52:00 PM,01 - Clear,01 - Dry,10 - No control,01 - Non intersection,01 - Daylight,02 - Non-fatal injury,04 - Sideswipe,Navan - Vars
5359,FRANK KENNY RD btwn FRENCH HILL RD & WALL RD,388903.7079,5035234.017,-75.42473,45.45197,2017-01-10,8:55:00 PM,03 - Snow,03 - Loose snow,10 - No control,01 - Non intersection,07 - Dark,03 - P.D. only,07 - SMV other,Navan - Vars
5360,FRANK KENNY RD btwn GIROUX RD & COLONIAL RD,389886.8153,5032833.533,-75.41258,45.43026,2017-06-25,3:20:00 PM,02 - Rain,02 - Wet,10 - No control,01 - Non intersection,01 - Daylight,03 - P.D. only,07 - SMV other,Navan - Vars
5361,FRANK KENNY RD btwn HUISMANS RD & MCFADDEN RD,391070.9929,5029878.579,-75.39797,45.40353,2017-12-14,6:16:00 AM,01 - Clear,01 - Dry,10 - No control,01 - Non intersection,07 - Dark,03 - P.D. only,07 - SMV other,Navan - Vars
5362,FRANK KENNY RD btwn HUISMANS RD & MCFADDEN RD,390926.9517,5030228.163,-75.39975,45.40669,2017-11-22,4:14:00 PM,01 - Clear,01 - Dry,10 - No control,01 - Non intersection,05 - Dusk,03 - P.D. only,01 - Approaching,Navan - Vars
5363,FRANK KENNY RD btwn HUISMANS RD & MCFADDEN RD,390938.2586,5030215.737,-75.3996,45.40658,2017-02-17,3:18:00 AM,01 - Clear,01 - Dry,10 - No control,01 - Non intersection,07 - Dark,03 - P.D. only,07 - SMV other,Navan - Vars
5364,FRANK KENNY RD btwn INNES RD & FRENCH HILL RD,388178.405,5037012.356,-75.4337,45.46806,2017-01-28,12:31:00 AM,05 - Drifting Snow,06 - Ice,10 - No control,01 - Non intersection,07 - Dark,02 - Non-fatal injury,04 - Sideswipe,Navan - Vars
5365,FRANK KENNY RD btwn JONQUILLE WAY & WILHAVEN DR,386865.9336,5040107.715,-75.44997,45.49607,2017-07-06,3:58:00 PM,01 - Clear,01 - Dry,10 - No control,01 - Non intersection,01 - Daylight,02 - Non-fatal injury,07 - SMV other,Cumberland - Estates
5366,FRANK KENNY RD btwn JONQUILLE WAY & WILHAVEN DR,386665.7854,5040288.177,-75.4525,45.49771,2017-11-30,4:43:00 PM,02 - Rain,06 - Ice,10 - No control,01 - Non intersection,05 - Dusk,02 - Non-fatal injury,07 - SMV other,Cumberland - Estates
5367,FRANK KENNY RD btwn MCFADDEN RD & RUSSELL RD,391636.6616,5028537.715,-75.39098,45.39139,2017-11-10,4:52:00 PM,01 - Clear,01 - Dry,10 - No control,01 - Non intersection,07 - Dark,03 - P.D. only,07 - SMV other,Navan - Vars
5368,FRANK KENNY RD btwn RUSSELL RD & DEVINE RD,393671.2373,5023526.961,-75.3659,45.34606,2017-01-06,8:28:00 AM,01 - Clear,06 - Ice,10 - No control,01 - Non intersection,01 - Daylight,02 - Non-fatal injury,07 - SMV other,Navan - Vars
5369,FRANK KENNY RD E @ INNES RD,387870.3456,5037734.72,-75.43752,45.4746,2017-07-05,4:40:00 PM,01 - Clear,01 - Dry,02 - Stop sign,03 - At intersection,01 - Daylight,03 - P.D. only,07 - SMV other,Navan - Vars
5370,FRANK KENNY RD E @ INNES RD,387873.8483,5037730.174,-75.43748,45.47456,2017-09-07,5:50:00 PM,01 - Clear,02 - Wet,02 - Stop sign,03 - At intersection,01 - Daylight,02 - Non-fatal injury,03 - Rear end,Navan - Vars
5371,FRANK KENNY RD E @ INNES RD,387873.5084,5037728.816,-75.43748,45.47454,2017-02-21,3:19:00 PM,01 - Clear,01 - Dry,02 - Stop sign,03 - At intersection,01 - Daylight,03 - P.D. only,05 - Turning movement,Navan - Vars
5372,FRANK KENNY RD W @ INNES RD,387532.501,5037630.354,-75.44186,45.4737,2017-07-19,6:30:00 PM,01 - Clear,01 - Dry,02 - Stop sign,02 - Intersection related,01 - Daylight,03 - P.D. only,07 - SMV other,Cardinal Creek
5373,FRANK KENNY RD W @ INNES RD,387529.3242,5037630.1,-75.4419,45.4737,2017-09-08,2:10:00 PM,01 - Clear,01 - Dry,02 - Stop sign,02 - Intersection related,01 - Daylight,03 - P.D. only,05 - Turning movement,Cardinal Creek
5374,FRANK KENNY RD W @ INNES RD,387531.2135,5037629.98,-75.44187,45.47369,2017-10-23,9:14:00 AM,01 - Clear,01 - Dry,02 - Stop sign,02 - Intersection related,01 - Daylight,03 - P.D. only,02 - Angle,Navan - Vars
5375,FRANK KENNY RD W @ INNES RD,387530.6145,5037630.53,-75.44188,45.4737,2017-10-10,3:27:00 PM,01 - Clear,01 - Dry,02 - Stop sign,02 - Intersection related,01 - Daylight,03 - P.D. only,02 - Angle,Cardinal Creek
5376,FRANK KENNY RD W @ INNES RD,387529.9456,5037629.192,-75.44189,45.47369,2017-11-09,7:22:00 PM,02 - Rain,02 - Wet,02 - Stop sign,02 - Intersection related,07 - Dark,03 - P.D. only,07 - SMV other,Cardinal Creek
5377,FRANK ST @ O'CONNOR ST,368052.71,5030697.574,-75.69187,45.41336,2017-05-29,11:30:00 AM,02 - Rain,02 - Wet,02 - Stop sign,02 - Intersection related,01 - Daylight,03 - P.D. only,04 - Sideswipe,Centretown
5378,FRANK ST btwn BANK ST & O'CONNOR ST,368007.894,5030672.155,-75.69244,45.41313,2017-07-01,6:38:00 PM,01 - Clear,01 - Dry,10 - No control,01 - Non intersection,01 - Daylight,02 - Non-fatal injury,07 - SMV other,Centretown
5379,FRANK ST btwn BANK ST & O'CONNOR ST,367910.6805,5030614.985,-75.69369,45.41263,2017-11-21,12:00:00 AM,01 - Clear,01 - Dry,10 - No control,01 - Non intersection,00 - Unknown,03 - P.D. only,06 - SMV unattended vehicle,Centretown
5380,FRANK ST btwn ELGIN ST & CARTIER ST,368459.4832,5030950.049,-75.68664,45.41559,2017-11-27,4:30:00 PM,01 - Clear,02 - Wet,10 - No control,01 - Non intersection,05 - Dusk,03 - P.D. only,07 - SMV other,Golden Triangle
5381,FRANK ST btwn ELGIN ST & CARTIER ST,368367.4101,5030893.923,-75.68782,45.41509,2017-12-03,11:15:00 AM,01 - Clear,01 - Dry,10 - No control,01 - Non intersection,01 - Daylight,03 - P.D. only,06 - SMV unattended vehicle,Golden Triangle
5382,FRANK ST btwn O'CONNOR ST & METCALFE ST,368097.6712,5030726.591,-75.69129,45.41361,2017-10-11,1:40:00 PM,01 - Clear,01 - Dry,10 - No control,04 - At/near private drive,01 - Daylight,03 - P.D. only,99 - Other,Centretown
5383,FRANKTOWN RD @ DWYER HILL RD,348405.0706,4998729.801,-75.94568,45.1272,2017-02-04,11:33:00 AM,01 - Clear,01 - Dry,02 - Stop sign,02 - Intersection related,01 - Daylight,03 - P.D. only,04 - Sideswipe,Munster Hamlet - Richmond
5384,FRANKTOWN RD @ JOY'S RD W,355256.9919,5004890.734,-75.85796,45.18218,2017-10-20,2:41:00 PM,01 - Clear,01 - Dry,02 - Stop sign,02 - Intersection related,01 - Daylight,03 - P.D. only,03 - Rear end,Munster Hamlet - Richmond
5385,FRANKTOWN RD btwn CONLEY RD & JOY'S RD,354995.5616,5004646.006,-75.86131,45.18,2017-06-16,5:36:00 AM,02 - Rain,02 - Wet,10 - No control,01 - Non intersection,03 - Dawn,03 - P.D. only,07 - SMV other,Munster Hamlet - Richmond
5386,FRANKTOWN RD btwn CONLEY RD & JOY'S RD,353379.866,5003121.687,-75.88202,45.16639,2017-11-22,6:40:00 PM,01 - Clear,01 - Dry,10 - No control,01 - Non intersection,07 - Dark,03 - P.D. only,07 - SMV other,Munster Hamlet - Richmond
5387,FRANKTOWN RD btwn GREEN'S RD & CONLEY RD,352377.8735,5002221.303,-75.89485,45.15836,2017-03-20,5:24:00 PM,01 - Clear,02 - Wet,10 - No control,04 - At/near private drive,01 - Daylight,03 - P.D. only,05 - Turning movement,Munster Hamlet - Richmond
5388,FRANKTOWN RD btwn MUNSTER RD & GREEN'S RD,352265.0059,5002124.134,-75.89629,45.15749,2017-09-20,12:11:00 AM,01 - Clear,01 - Dry,10 - No control,01 - Non intersection,07 - Dark,03 - P.D. only,07 - SMV other,Munster Hamlet - Richmond
5389,FRANKTOWN RD btwn MUNSTER RD & GREEN'S RD,351774.1647,5001696.235,-75.90258,45.15368,2017-11-09,5:35:00 PM,02 - Rain,02 - Wet,10 - No control,01 - Non intersection,07 - Dark,03 - P.D. only,07 - SMV other,Munster Hamlet - Richmond
5390,FRANKTOWN RD btwn MUNSTER RD & GREEN'S RD,351592.0882,5001531.814,-75.90491,45.15221,2017-04-12,9:46:00 PM,01 - Clear,01 - Dry,10 - No control,01 - Non intersection,07 - Dark,03 - P.D. only,07 - SMV other,Munster Hamlet - Richmond
5391,FRANKTOWN RD btwn SILVER FOX WAY & SKEEL CRT,347580.0039,4997996.67,-75.95623,45.12065,2017-11-19,12:16:00 PM,05 - Drifting Snow,04 - Slush,10 - No control,01 - Non intersection,01 - Daylight,03 - P.D. only,07 - SMV other,Munster Hamlet - Richmond
5392,FRASER AVE btwn SKEAD ST & RICHMOND RD,362435.8617,5027825.73,-75.76396,45.388,2017-04-21,5:31:00 PM,01 - Clear,01 - Dry,10 - No control,01 - Non intersection,01 - Daylight,03 - P.D. only,06 - SMV unattended vehicle,Carlingwood - McKellar Park - Laurentien View
5393,FRASER FIELDS WAY @ STRANDHERD DR,362949.5871,5013991.964,-75.75902,45.26348,2017-02-18,7:46:00 AM,01 - Clear,01 - Dry,02 - Stop sign,03 - At intersection,01 - Daylight,03 - P.D. only,02 - Angle,New Barrhaven
5394,FRIEL ST @ LAURIER AVE,368997.7064,5032191.031,-75.6796,45.42671,2017-09-28,4:26:00 PM,01 - Clear,01 - Dry,02 - Stop sign,03 - At intersection,01 - Daylight,02 - Non-fatal injury,05 - Turning movement,Sandy Hill
5395,FRIEL ST @ RIDEAU ST,368772.0369,5032571.922,-75.68243,45.43015,2017-06-01,1:22:00 AM,01 - Clear,01 - Dry,01 - Traffic signal,02 - Intersection related,07 - Dark,03 - P.D. only,04 - Sideswipe,Lowe
5396,FRIEL ST @ RIDEAU ST,368771.7024,5032570.348,-75.68244,45.43014,2017-12-09,12:32:00 PM,01 - Clear,01 - Dry,01 - Traffic signal,02 - Intersection related,01 - Daylight,03 - P.D. only,04 - Sideswipe,Lowe
5397,FRIEL ST @ RIDEAU ST,368771.368,5032571.922,-75.68244,45.43015,2017-04-02,11:28:00 AM,01 - Clear,01 - Dry,01 - Traffic signal,02 - Intersection related,01 - Daylight,03 - P.D. only,04 - Sideswipe,Lowe
5398,FRIEL ST @ STEWART ST,368891.795,5032363.814,-75.68093,45.42827,2017-07-17,8:39:00 AM,01 - Clear,01 - Dry,02 - Stop sign,03 - At intersection,01 - Daylight,02 - Non-fatal injury,02 - Angle,Sandy Hill
5399,FRIEL ST @ WILBROD ST,368934.1938,5032297.817,-75.6804,45.42767,2017-12-11,4:55:00 PM,03 - Snow,05 - Packed snow,02 - Stop sign,02 - Intersection related,05 - Dusk,03 - P.D. only,03 - Rear end,Sandy Hill
5400,FRIEL ST btwn WILBROD ST & LAURIER AVE E,368988.6763,5032207.631,-75.67971,45.42686,2017-01-30,10:00:00 AM,01 - Clear,01 - Dry,10 - No control,01 - Non intersection,01 - Daylight,03 - P.D. only,03 - Rear end,Sandy Hill
5401,FROBISHER LANE @ OLD RIVERSIDE DR,370170.4975,5029577.586,-75.66496,45.40308,2017-02-14,10:42:00 PM,03 - Snow,05 - Packed snow,02 - Stop sign,02 - Intersection related,07 - Dark,03 - P.D. only,01 - Approaching,Industrial Park
5402,FROBISHER LANE W @ RIVERSIDE DR,370120.3873,5029601.895,-75.6656,45.40331,2017-05-25,6:57:00 PM,02 - Rain,02 - Wet,01 - Traffic signal,02 - Intersection related,01 - Daylight,03 - P.D. only,03 - Rear end,Industrial Park
5403,FROBISHER LANE W @ RIVERSIDE DR,370118.7084,5029601.226,-75.66562,45.4033,2017-09-03,12:39:00 PM,01 - Clear,02 - Wet,01 - Traffic signal,03 - At intersection,01 - Daylight,03 - P.D. only,03 - Rear end,Industrial Park
5404,FROBISHER LANE W @ RIVERSIDE DR,370119.6709,5029600.031,-75.66561,45.40329,2017-10-06,1:20:00 PM,01 - Clear,01 - Dry,01 - Traffic signal,03 - At intersection,01 - Daylight,03 - P.D. only,07 - SMV other,Industrial Park
5405,FROBISHER LANE W @ RIVERSIDE DR,370119.6619,5029601.936,-75.66561,45.40331,2017-12-14,4:45:00 PM,01 - Clear,01 - Dry,01 - Traffic signal,02 - Intersection related,05 - Dusk,03 - P.D. only,03 - Rear end,Industrial Park
5406,FROBISHER LANE W @ RIVERSIDE DR,370119.6709,5029601.465,-75.66561,45.4033,2017-12-09,9:38:00 PM,03 - Snow,06 - Ice,01 - Traffic signal,02 - Intersection related,07 - Dark,03 - P.D. only,02 - Angle,Industrial Park
5407,FROBISHER LANE W @ RIVERSIDE DR,370118.605,5029602.617,-75.66562,45.40331,2017-01-18,8:50:00 AM,03 - Snow,04 - Slush,01 - Traffic signal,02 - Intersection related,01 - Daylight,03 - P.D. only,02 - Angle,Industrial Park
5408,FROBISHER LANE W @ RIVERSIDE DR,370117.9644,5029599.697,-75.66563,45.40329,2017-01-05,5:41:00 PM,01 - Clear,06 - Ice,01 - Traffic signal,02 - Intersection related,07 - Dark,03 - P.D. only,03 - Rear end,Industrial Park
5409,FROBISHER LANE W @ RIVERSIDE DR,370118.5013,5029600.252,-75.66562,45.40329,2017-01-13,5:19:00 PM,01 - Clear,02 - Wet,01 - Traffic signal,03 - At intersection,05 - Dusk,02 - Non-fatal injury,03 - Rear end,Industrial Park
5410,FROBISHER LANE W @ RIVERSIDE DR,370120.3873,5029602.564,-75.6656,45.40331,2017-03-24,9:28:00 PM,04 - Freezing Rain,03 - Loose snow,01 - Traffic signal,02 - Intersection related,07 - Dark,03 - P.D. only,03 - Rear end,Industrial Park
5411,FRONTIER RD btwn DEVINE RD & BURTON RD,389762.1569,5021652.129,-75.4161,45.32967,2017-11-19,2:56:00 AM,04 - Freezing Rain,06 - Ice,10 - No control,01 - Non intersection,07 - Dark,03 - P.D. only,07 - SMV other,Navan - Vars
5412,FURNESS WAY @ VERSILIA DR,367084.4849,5016332.675,-75.70604,45.28419,2017-12-26,3:25:00 PM,01 - Clear,05 - Packed snow,02 - Stop sign,03 - At intersection,01 - Daylight,03 - P.D. only,02 - Angle,Chapman Mills - Rideau Crest - Davidson Heights
5413,GABRIEL ST @ ST. JOSEPH BLVD,381545.2093,5037640.884,-75.51842,45.47448,2017-12-20,6:14:00 PM,01 - Clear,02 - Wet,02 - Stop sign,03 - At intersection,07 - Dark,03 - P.D. only,02 - Angle,Industrial Park
5414,GALATINA WAY btwn ABBEYDALE CIRC & HUNTERBROOK ST N,348439.5853,5022881.4,-75.94312,45.34452,2017-01-19,10:00:00 PM,01 - Clear,05 - Packed snow,10 - No control,04 - At/near private drive,07 - Dark,03 - P.D. only,06 - SMV unattended vehicle,Morgan's Grant
5415,GALETTA SIDE RD btwn CANON SMITH DR & NEWTOWN RD,329241.7969,5036320.072,-76.18743,45.46638,2017-12-25,5:39:00 PM,02 - Rain,02 - Wet,10 - No control,01 - Non intersection,07 - Dark,03 - P.D. only,07 - SMV other,Fitzro
5416,GALETTA SIDE RD btwn HOMESTEADERS RD & CARP RD,327339.2123,5034629.123,-76.21184,45.45123,2017-02-23,6:46:00 AM,01 - Clear,02 - Wet,10 - No control,01 - Non intersection,03 - Dawn,03 - P.D. only,07 - SMV other,Fitzro
5417,GALETTA SIDE RD btwn MACHARDY RD & DARWIN ST,323054.5141,5030860.623,-76.26676,45.41744,2017-11-03,10:00:00 PM,01 - Clear,01 - Dry,10 - No control,01 - Non intersection,07 - Dark,02 - Non-fatal injury,07 - SMV other,Moh
5418,GALETTA SIDE RD btwn MOHRS RD & MORNING DEW DR,324030.9752,5031830.847,-76.25424,45.42615,2017-05-15,9:11:00 PM,01 - Clear,01 - Dry,10 - No control,01 - Non intersection,07 - Dark,03 - P.D. only,07 - SMV other,Galetta
5419,GALETTA SIDE RD btwn WOODKILTON RD & DUNROBIN RD,333172.5025,5039886.668,-76.13696,45.49833,2017-04-16,12:08:00 PM,02 - Rain,02 - Wet,10 - No control,01 - Non intersection,01 - Daylight,03 - P.D. only,07 - SMV other,Dirleton
5420,GARFIELD AVE @ MAITLAND AVE,363343.0446,5025562.286,-75.75264,45.36756,2017-06-21,12:22:00 PM,01 - Clear,01 - Dry,01 - Traffic signal,02 - Intersection related,01 - Daylight,03 - P.D. only,04 - Sideswipe,Braemar Park - Bel Air Heights - Copeland Park
5421,GARFIELD AVE @ MAITLAND AVE,363343.0263,5025562.528,-75.75264,45.36756,2017-05-29,5:34:00 PM,01 - Clear,01 - Dry,01 - Traffic signal,02 - Intersection related,01 - Daylight,02 - Non-fatal injury,03 - Rear end,Braemar Park - Bel Air Heights - Copeland Park
5422,GARFIELD AVE @ MAITLAND AVE,363342.3574,5025562.528,-75.75265,45.36756,2017-07-12,1:50:00 PM,01 - Clear,01 - Dry,01 - Traffic signal,02 - Intersection related,01 - Daylight,03 - P.D. only,03 - Rear end,Braemar Park - Bel Air Heights - Copeland Park
5423,GARFIELD AVE @ MAITLAND AVE,363342.6176,5025562.936,-75.75265,45.36756,2017-01-31,9:30:00 AM,01 - Clear,01 - Dry,01 - Traffic signal,02 - Intersection related,01 - Daylight,03 - P.D. only,03 - Rear end,Braemar Park - Bel Air Heights - Copeland Park
5424,GARFIELD AVE @ MAITLAND AVE,363343.6386,5025562.291,-75.75263,45.36756,2017-01-18,6:00:00 PM,01 - Clear,06 - Ice,01 - Traffic signal,02 - Intersection related,07 - Dark,03 - P.D. only,03 - Rear end,Braemar Park - Bel Air Heights - Copeland Park
5425,GARLAND ST @ SOMERSET ST W/WELLINGTON ST,365654.1706,5029846.796,-75.72261,45.40591,2017-02-13,12:00:00 AM,03 - Snow,04 - Slush,01 - Traffic signal,02 - Intersection related,00 - Unknown,03 - P.D. only,06 - SMV unattended vehicle,Centretow
5426,GARLOCK RD @ THIRD LINE RD,371033.3314,4997274.918,-75.65824,45.11235,2017-08-02,6:29:00 AM,01 - Clear,01 - Dry,10 - No control,02 - Intersection related,01 - Daylight,03 - P.D. only,07 - SMV other,Kars - Osgoode
5427,GARRITY CRES btwn BALINROAN CRES & LEAMINGTON WAY,365030.54,5014275.648,-75.73247,45.26586,2017-08-11,4:32:00 PM,01 - Clear,01 - Dry,10 - No control,01 - Non intersection,01 - Daylight,03 - P.D. only,02 - Angle,New Barrhaven
5428,GEMINI WAY btwn CENTREPOINTE DR & TURN LANE,362168.3607,5023410.75,-75.76789,45.3483,2017-04-06,4:20:00 PM,02 - Rain,02 - Wet,10 - No control,01 - Non intersection,01 - Daylight,03 - P.D. only,04 - Sideswipe,Centrepointe
5429,GENTLE GATE CRES btwn TAPIOLA CRES & TAPIOLA CRES,371680.8987,5025167.304,-75.64626,45.36326,2017-02-13,12:00:00 AM,03 - Snow,05 - Packed snow,10 - No control,01 - Non intersection,00 - Unknown,03 - P.D. only,06 - SMV unattended vehicle,South Keys - Heron Gate - Greenboro West
5430,GEORGE ST    W btwn PRESTON ST & END,366576.8954,5029399.169,-75.71088,45.4018,2017-06-01,7:05:00 AM,01 - Clear,01 - Dry,10 - No control,01 - Non intersection,01 - Daylight,03 - P.D. only,99 - Other,Little Italy
5431,GEORGE ST @ 26 W OF BYWARD MARKET/FREIMAN MALL,367996.5658,5032195.76,-75.69239,45.42684,2017-05-05,9:00:00 PM,01 - Clear,01 - Dry,01 - Traffic signal,02 - Intersection related,07 - Dark,02 - Non-fatal injury,07 - SMV other,Byward Market
5432,GEORGE ST @ DALHOUSIE ST,368158.4087,5032316.176,-75.69031,45.42791,2017-06-16,12:53:00 PM,01 - Clear,01 - Dry,01 - Traffic signal,03 - At intersection,01 - Daylight,03 - P.D. only,05 - Turning movement,Byward Market
5433,GEORGE ST @ DALHOUSIE ST,368157.5217,5032315.289,-75.69032,45.4279,2017-05-12,5:41:00 PM,01 - Clear,01 - Dry,01 - Traffic signal,02 - Intersection related,01 - Daylight,03 - P.D. only,04 - Sideswipe,Byward Market
5434,GEORGE ST @ DALHOUSIE ST,368158.3386,5032314.949,-75.69031,45.4279,2017-08-12,6:35:00 AM,01 - Clear,02 - Wet,01 - Traffic signal,03 - At intersection,03 - Dawn,03 - P.D. only,02 - Angle,Byward Market
5435,GEORGE ST @ DALHOUSIE ST,368157.8528,5032314.654,-75.69031,45.4279,2017-07-06,4:30:00 PM,01 - Clear,01 - Dry,01 - Traffic signal,02 - Intersection related,01 - Daylight,03 - P.D. only,03 - Rear end,Byward Market
5436,GEORGE ST @ DALHOUSIE ST,368158.1755,5032315.351,-75.69031,45.4279,2017-09-24,2:48:00 AM,01 - Clear,01 - Dry,01 - Traffic signal,03 - At intersection,07 - Dark,02 - Non-fatal injury,07 - SMV other,Byward Market
5437,GEORGE ST @ DALHOUSIE ST,368157.6979,5032315.59,-75.69032,45.4279,2017-10-30,1:39:00 PM,01 - Clear,01 - Dry,01 - Traffic signal,03 - At intersection,01 - Daylight,03 - P.D. only,03 - Rear end,Byward Market
5438,GEORGE ST @ DALHOUSIE ST,368156.6347,5032315.733,-75.69033,45.42791,2017-02-28,8:57:00 PM,01 - Clear,01 - Dry,01 - Traffic signal,03 - At intersection,07 - Dark,02 - Non-fatal injury,07 - SMV other,Byward Market
5439,GEORGE ST @ DALHOUSIE ST,368157.6976,5032314.406,-75.69032,45.42789,2017-12-23,8:20:00 AM,01 - Clear,02 - Wet,01 - Traffic signal,03 - At intersection,01 - Daylight,03 - P.D. only,02 - Angle,Byward Market
5440,GEORGE ST @ PRESTON ST,366619.5953,5029416.336,-75.71033,45.40196,2017-08-02,7:00:00 PM,01 - Clear,01 - Dry,01 - Traffic signal,02 - Intersection related,01 - Daylight,03 - P.D. only,06 - SMV unattended vehicle,Little Italy
5441,GEORGE ST @ PRESTON ST,366620.2023,5029415.434,-75.71033,45.40195,2017-02-14,9:27:00 PM,03 - Snow,05 - Packed snow,01 - Traffic signal,02 - Intersection related,07 - Dark,03 - P.D. only,06 - SMV unattended vehicle,Little Italy
5442,GEORGE ST @ PRESTON ST,366617.9913,5029416.323,-75.71035,45.40196,2017-12-18,10:35:00 AM,01 - Clear,04 - Slush,01 - Traffic signal,02 - Intersection related,01 - Daylight,03 - P.D. only,06 - SMV unattended vehicle,Little Italy