Record,Location,X,Y,Longitude,Latitude,Date,Time,Environment,Road_Surface,Traffic_Control,Collision_Location,Light,Collision_Classification,Impact_type,Neighborhood
5443,GEORGE ST @ SUSSEX DR,367870.2869,5032130.961,-75.69401,45.42627,2017-07-19,5:46:00 PM,01 - Clear,01 - Dry,01 - Traffic signal,02 - Intersection related,01 - Daylight,03 - P.D. only,04 - Sideswipe,Byward Market
5444,GEORGE ST @ SUSSEX DR,367869.2159,5032129.498,-75.69403,45.42626,2017-08-29,8:49:00 AM,01 - Clear,01 - Dry,01 - Traffic signal,03 - At intersection,01 - Daylight,03 - P.D. only,04 - Sideswipe,Byward Market
5445,GEORGE ST @ SUSSEX DR,367868.6732,5032130.964,-75.69403,45.42627,2017-10-27,3:51:00 PM,01 - Clear,01 - Dry,01 - Traffic signal,02 - Intersection related,01 - Daylight,03 - P.D. only,03 - Rear end,Byward Market
5446,GEORGE ST @ SUSSEX DR,367869.5504,5032131.362,-75.69402,45.42627,2017-11-27,12:06:00 PM,01 - Clear,06 - Ice,01 - Traffic signal,03 - At intersection,01 - Daylight,02 - Non-fatal injury,07 - SMV other,Byward Market
5447,GEORGE ST @ SUSSEX DR,367868.4654,5032128.817,-75.69404,45.42625,2017-04-02,2:52:00 PM,01 - Clear,01 - Dry,01 - Traffic signal,02 - Intersection related,01 - Daylight,03 - P.D. only,03 - Rear end,Byward Market
5448,GEORGE ST @ WILLIAM ST,368048.9754,5032232.851,-75.69172,45.42717,2017-06-26,4:58:00 PM,01 - Clear,01 - Dry,01 - Traffic signal,03 - At intersection,01 - Daylight,03 - P.D. only,02 - Angle,Byward Market
5449,GEORGE ST @ WILLIAM ST,368046.9688,5032233.52,-75.69174,45.42718,2017-04-28,12:41:00 PM,01 - Clear,01 - Dry,01 - Traffic signal,02 - Intersection related,01 - Daylight,02 - Non-fatal injury,04 - Sideswipe,Byward Market
5450,GEORGE ST @ WILLIAM ST,368048.4455,5032233.283,-75.69172,45.42717,2017-10-23,12:20:00 PM,01 - Clear,01 - Dry,01 - Traffic signal,02 - Intersection related,01 - Daylight,03 - P.D. only,04 - Sideswipe,Byward Market
5451,GEORGE ST btwn 26 W OF BYWARD MARKET/FREIMAN MALL & BY WARD MARKET SQ,368012.5472,5032206.678,-75.69218,45.42694,2017-07-26,4:11:00 PM,01 - Clear,01 - Dry,10 - No control,01 - Non intersection,01 - Daylight,03 - P.D. only,99 - Other,Byward Market
5452,GEORGE ST btwn 26 W OF BYWARD MARKET/FREIMAN MALL & BY WARD MARKET SQ,368010.4214,5032204.463,-75.69221,45.42692,2017-03-08,11:44:00 AM,01 - Clear,01 - Dry,10 - No control,04 - At/near private drive,01 - Daylight,03 - P.D. only,02 - Angle,Byward Market
5453,GEORGE ST btwn DALHOUSIE ST & CUMBERLAND ST,368213.0656,5032349.551,-75.6896,45.4282,2017-05-28,3:50:00 AM,01 - Clear,01 - Dry,10 - No control,04 - At/near private drive,07 - Dark,03 - P.D. only,02 - Angle,Byward Market
5454,GEORGE ST btwn DALHOUSIE ST & CUMBERLAND ST,368188.8013,5032336.325,-75.68992,45.42809,2017-05-10,12:00:00 AM,01 - Clear,01 - Dry,10 - No control,01 - Non intersection,07 - Dark,03 - P.D. only,06 - SMV unattended vehicle,Byward Market
5455,GEORGE ST btwn DALHOUSIE ST & CUMBERLAND ST,368280.7853,5032389.11,-75.68873,45.42855,2017-10-13,10:00:00 AM,01 - Clear,01 - Dry,10 - No control,01 - Non intersection,01 - Daylight,02 - Non-fatal injury,04 - Sideswipe,Byward Market
5456,GEORGE ST btwn DALHOUSIE ST & CUMBERLAND ST,368181.4434,5032326.724,-75.69001,45.428,2017-09-30,2:25:00 AM,01 - Clear,01 - Dry,10 - No control,04 - At/near private drive,07 - Dark,03 - P.D. only,02 - Angle,Byward Market
5457,GEORGE ST btwn DALHOUSIE ST & CUMBERLAND ST,368283.4742,5032391.534,-75.6887,45.42858,2017-11-14,9:53:00 AM,01 - Clear,01 - Dry,10 - No control,04 - At/near private drive,01 - Daylight,03 - P.D. only,05 - Turning movement,Byward Market
5458,GEORGE ST btwn DALHOUSIE ST & CUMBERLAND ST,368168.0266,5032320.418,-75.69018,45.42795,2017-01-29,4:44:00 AM,01 - Clear,02 - Wet,10 - No control,01 - Non intersection,07 - Dark,03 - P.D. only,06 - SMV unattended vehicle,Byward Market
5459,GEORGE ST btwn DALHOUSIE ST & CUMBERLAND ST,368278.8737,5032388.155,-75.68876,45.42855,2017-12-18,12:00:00 PM,03 - Snow,04 - Slush,10 - No control,01 - Non intersection,01 - Daylight,03 - P.D. only,04 - Sideswipe,Byward Market
5460,GEORGE ST btwn SUSSEX DR & 26 W OF BYWARD MARKET/FREIMAN MALL,367915.6064,5032160.279,-75.69343,45.42653,2017-12-19,10:30:00 AM,03 - Snow,03 - Loose snow,10 - No control,01 - Non intersection,01 - Daylight,03 - P.D. only,06 - SMV unattended vehicle,Byward Market
5461,GEORGETON PRIV btwn JARDIN PRIV & LONDON TER,371266.5998,5035050.105,-75.65022,45.45222,2017-02-20,4:30:00 PM,01 - Clear,05 - Packed snow,10 - No control,01 - Non intersection,01 - Daylight,03 - P.D. only,06 - SMV unattended vehicle,Manor Park
5462,GEORGINA DR @ PARKHAVEN AVE,361450.3498,5025203.844,-75.77684,45.36449,2017-03-20,8:00:00 AM,01 - Clear,01 - Dry,02 - Stop sign,02 - Intersection related,01 - Daylight,02 - Non-fatal injury,03 - Rear end,Whitehaven - Queensway Terrace North
5463,GERRY LALONDE DR @ PETRICHOR CRES,383724.4558,5035120.752,-75.49096,45.45156,2017-03-29,7:30:00 AM,01 - Clear,01 - Dry,02 - Stop sign,02 - Intersection related,01 - Daylight,03 - P.D. only,03 - Rear end,Avalon
5464,GERRY LALONDE DR btwn BLUESTONE PRIV & BLUESTONE PRIV,384168.2319,5035381.868,-75.48524,45.45386,2017-04-30,2:00:00 PM,02 - Rain,02 - Wet,10 - No control,01 - Non intersection,01 - Daylight,03 - P.D. only,06 - SMV unattended vehicle,Avalon
5465,GIBBARD AVE @ GREENBANK RD,361428.9334,5020618.356,-75.77764,45.32323,2017-02-09,2:28:00 PM,01 - Clear,02 - Wet,02 - Stop sign,03 - At intersection,01 - Daylight,03 - P.D. only,05 - Turning movement,Greenbelt
5466,GIBBARD AVE btwn GREENBANK RD & ATKINSON GT,361448.0786,5020632.534,-75.77739,45.32336,2017-04-04,8:04:00 PM,02 - Rain,02 - Wet,10 - No control,04 - At/near private drive,07 - Dark,02 - Non-fatal injury,07 - SMV other,Woodvale - Craig Henry - Manordale - Estates of Arlington Wo
5467,GIBFORD DR @ HUNT CLUB RD,369959.8601,5023005.261,-75.66852,45.34397,2017-08-10,11:27:00 AM,01 - Clear,01 - Dry,02 - Stop sign,02 - Intersection related,01 - Daylight,03 - P.D. only,02 - Angle,Hunt Club - Ottawa Airport
5468,GIBFORD DR btwn GIBFORD DR & DEAN MARTIN CRES,370014.8483,5022909.793,-75.66783,45.3431,2017-01-17,11:00:00 PM,04 - Freezing Rain,06 - Ice,10 - No control,01 - Non intersection,07 - Dark,03 - P.D. only,01 - Approaching,Hunt Club - Ottawa Airport
5469,GILBEY DR @ MERIVALE RD,364680.027,5024720.195,-75.73568,45.35987,2017-05-26,8:47:00 PM,01 - Clear,02 - Wet,02 - Stop sign,03 - At intersection,05 - Dusk,02 - Non-fatal injury,05 - Turning movement,Cityview - Skyline - Fisher Heights
5470,GILBEY DR @ MERIVALE RD,364682.1771,5024719.765,-75.73565,45.35986,2017-09-05,6:15:00 PM,01 - Clear,01 - Dry,02 - Stop sign,02 - Intersection related,01 - Daylight,03 - P.D. only,02 - Angle,Cityview - Skyline - Fisher Heights
5471,GILCHRIST ST @ SPENCER ST,364350.6994,5029160.555,-75.73934,45.39985,2017-06-13,8:58:00 PM,01 - Clear,01 - Dry,02 - Stop sign,03 - At intersection,05 - Dusk,03 - P.D. only,02 - Angle,Island Park
5472,GILCHRIST ST @ WELLINGTON ST,364424.0345,5028993.228,-75.73843,45.39834,2017-11-15,12:16:00 PM,01 - Clear,01 - Dry,02 - Stop sign,02 - Intersection related,01 - Daylight,03 - P.D. only,03 - Rear end,Island Park
5473,GILLESPIE CRES btwn HACKETT ST & VANHURST PL,368442.4537,5023232.432,-75.68785,45.34615,2017-01-09,7:19:00 AM,01 - Clear,01 - Dry,10 - No control,04 - At/near private drive,03 - Dawn,03 - P.D. only,06 - SMV unattended vehicle,Hunt Club Woods - Quintarra - Revelstoke - Riverside South P
5474,GILLIGAN RD @ LEITRIM RD,372980.2,5020083.566,-75.63038,45.31739,2017-09-11,4:07:00 PM,01 - Clear,01 - Dry,01 - Traffic signal,02 - Intersection related,01 - Daylight,03 - P.D. only,03 - Rear end,Greenbelt
5475,GILMOUR ST @ HARTINGTON PL,368482.6005,5031190.995,-75.68631,45.41776,2017-05-06,5:28:00 PM,01 - Clear,01 - Dry,10 - No control,02 - Intersection related,01 - Daylight,03 - P.D. only,06 - SMV unattended vehicle,Golden Triangle
5476,GILMOUR ST @ O'CONNOR ST,367944.9935,5030869.211,-75.69322,45.41491,2017-08-21,12:00:00 AM,01 - Clear,01 - Dry,01 - Traffic signal,02 - Intersection related,00 - Unknown,03 - P.D. only,06 - SMV unattended vehicle,Centretown
5477,GILMOUR ST @ O'CONNOR ST,367943.238,5030868.333,-75.69324,45.4149,2017-10-20,10:01:00 PM,01 - Clear,01 - Dry,01 - Traffic signal,02 - Intersection related,07 - Dark,03 - P.D. only,04 - Sideswipe,Centretown
5478,GILMOUR ST @ O'CONNOR ST,367944.0459,5030868.57,-75.69323,45.4149,2017-03-01,11:30:00 AM,02 - Rain,02 - Wet,01 - Traffic signal,03 - At intersection,01 - Daylight,02 - Non-fatal injury,07 - SMV other,Centretown
5479,GILMOUR ST @ PERCY ST,367201.1725,5030423.284,-75.70278,45.41096,2017-09-26,12:00:00 AM,01 - Clear,01 - Dry,02 - Stop sign,02 - Intersection related,00 - Unknown,03 - P.D. only,06 - SMV unattended vehicle,Centretown
5480,GILMOUR ST btwn BAY ST & LYON ST N,367369.7971,5030522.553,-75.70061,45.41184,2017-05-01,12:38:00 PM,02 - Rain,02 - Wet,10 - No control,01 - Non intersection,01 - Daylight,02 - Non-fatal injury,04 - Sideswipe,Centretown
5481,GILMOUR ST btwn CARTIER ST & HARTINGTON PL,368432.6321,5031158.659,-75.68695,45.41747,2017-10-28,12:00:00 AM,02 - Rain,02 - Wet,10 - No control,01 - Non intersection,00 - Unknown,03 - P.D. only,06 - SMV unattended vehicle,Golden Triangle
5482,GILMOUR ST btwn DERBY PL & O'CONNOR ST,367938.7882,5030865.471,-75.6933,45.41488,2017-08-30,11:12:00 AM,01 - Clear,01 - Dry,10 - No control,01 - Non intersection,01 - Daylight,03 - P.D. only,06 - SMV unattended vehicle,Centretown
5483,GILMOUR ST btwn METCALFE ST & ELGIN ST,368242.7692,5031049.608,-75.68939,45.41651,2017-02-03,7:00:00 PM,01 - Clear,01 - Dry,10 - No control,01 - Non intersection,07 - Dark,03 - P.D. only,06 - SMV unattended vehicle,Centretown
5484,GILMOUR ST btwn O'CONNOR ST & METCALFE ST,367991.5375,5030896.664,-75.69262,45.41515,2017-11-01,12:00:00 AM,01 - Clear,01 - Dry,10 - No control,01 - Non intersection,00 - Unknown,03 - P.D. only,06 - SMV unattended vehicle,Centretown
5485,GILMOUR ST btwn SALISBURY PL & DRIVEWAY (THE),368646.1383,5031292.375,-75.68421,45.41865,2017-12-13,12:00:00 AM,01 - Clear,03 - Loose snow,10 - No control,01 - Non intersection,00 - Unknown,03 - P.D. only,06 - SMV unattended vehicle,Golden Triangle
5486,GLADECREST CRT @ VALLEY STREAM DR,359904.9719,5021792.006,-75.79695,45.33391,2017-08-14,12:00:00 AM,01 - Clear,01 - Dry,03 - Yield sign,02 - Intersection related,00 - Unknown,03 - P.D. only,06 - SMV unattended vehicle,Briar Green - Leslie Park
5487,GLADEVIEW PRIV btwn MAPLE PARK PRIV & END (2),373541.9278,5025188.567,-75.62251,45.36327,2017-05-02,6:03:00 PM,02 - Rain,02 - Wet,10 - No control,01 - Non intersection,01 - Daylight,03 - P.D. only,01 - Approaching,Greenboro East
5488,GLADSTONE AVE @ CAMBRIDGE ST,367064.2312,5030037.753,-75.70458,45.40751,2017-11-03,12:50:00 PM,01 - Clear,01 - Dry,02 - Stop sign,02 - Intersection related,01 - Daylight,03 - P.D. only,03 - Rear end,Centretown West
5489,GLADSTONE AVE @ CAMBRIDGE ST,367063.7579,5030036.806,-75.70458,45.4075,2017-11-02,4:08:00 PM,02 - Rain,02 - Wet,02 - Stop sign,03 - At intersection,01 - Daylight,03 - P.D. only,03 - Rear end,Centretown West
5490,GLADSTONE AVE @ CAMBRIDGE ST,367066.0575,5030035.442,-75.70455,45.40749,2017-12-15,2:06:00 PM,01 - Clear,01 - Dry,02 - Stop sign,02 - Intersection related,01 - Daylight,02 - Non-fatal injury,04 - Sideswipe,Centretown West
5491,GLADSTONE AVE @ KENT ST,367746.3764,5030457.564,-75.69581,45.41122,2017-04-25,1:36:00 PM,01 - Clear,01 - Dry,01 - Traffic signal,02 - Intersection related,01 - Daylight,03 - P.D. only,03 - Rear end,Centretown
5492,GLADSTONE AVE @ KENT ST,367745.0387,5030458.233,-75.69583,45.41123,2017-07-04,10:35:00 AM,01 - Clear,01 - Dry,01 - Traffic signal,03 - At intersection,01 - Daylight,03 - P.D. only,02 - Angle,Centretown
5493,GLADSTONE AVE @ KENT ST,367743.7009,5030460.239,-75.69584,45.41125,2017-07-06,8:04:00 PM,01 - Clear,01 - Dry,01 - Traffic signal,02 - Intersection related,01 - Daylight,03 - P.D. only,03 - Rear end,Centretown
5494,GLADSTONE AVE @ KENT ST,367744.1578,5030459.024,-75.69584,45.41124,2017-09-30,9:13:00 PM,01 - Clear,01 - Dry,01 - Traffic signal,03 - At intersection,07 - Dark,03 - P.D. only,05 - Turning movement,Centretown
5495,GLADSTONE AVE @ KENT ST,367744.7042,5030459.332,-75.69583,45.41124,2017-09-09,9:42:00 AM,01 - Clear,01 - Dry,01 - Traffic signal,03 - At intersection,01 - Daylight,03 - P.D. only,02 - Angle,Centretown
5496,GLADSTONE AVE @ KENT ST,367746.3764,5030458.902,-75.69581,45.41124,2017-11-10,8:27:00 AM,01 - Clear,01 - Dry,01 - Traffic signal,03 - At intersection,01 - Daylight,03 - P.D. only,02 - Angle,Centretown
5497,GLADSTONE AVE @ KENT ST,367746.3764,5030459.571,-75.69581,45.41124,2017-02-09,12:11:00 PM,01 - Clear,02 - Wet,01 - Traffic signal,03 - At intersection,01 - Daylight,03 - P.D. only,02 - Angle,Centretown
5498,GLADSTONE AVE @ KENT ST,367744.7042,5030459.299,-75.69583,45.41124,2017-01-23,7:34:00 PM,01 - Clear,01 - Dry,01 - Traffic signal,03 - At intersection,07 - Dark,03 - P.D. only,05 - Turning movement,Centretown
5499,GLADSTONE AVE @ KENT ST,367744.3698,5030458.233,-75.69583,45.41123,2017-02-20,4:40:00 PM,01 - Clear,01 - Dry,01 - Traffic signal,03 - At intersection,01 - Daylight,03 - P.D. only,02 - Angle,Centretown
5500,GLADSTONE AVE @ KENT ST,367745.1552,5030458.443,-75.69582,45.41123,2017-12-24,1:24:00 AM,01 - Clear,02 - Wet,01 - Traffic signal,03 - At intersection,07 - Dark,03 - P.D. only,02 - Angle,Centretown
5501,GLADSTONE AVE @ LEBRETON ST,366855.366,5029922.569,-75.70726,45.40649,2017-05-20,2:38:00 PM,01 - Clear,01 - Dry,02 - Stop sign,03 - At intersection,01 - Daylight,03 - P.D. only,02 - Angle,Centretown West
5502,GLADSTONE AVE @ LEBRETON ST,366856.7037,5029922.569,-75.70724,45.40649,2017-04-07,8:50:00 AM,02 - Rain,02 - Wet,02 - Stop sign,02 - Intersection related,01 - Daylight,03 - P.D. only,02 - Angle,Centretown West
5503,GLADSTONE AVE @ LEBRETON ST,366856.7037,5029922.569,-75.70724,45.40649,2017-03-17,5:40:00 PM,01 - Clear,01 - Dry,02 - Stop sign,03 - At intersection,01 - Daylight,03 - P.D. only,02 - Angle,Centretown West
5504,GLADSTONE AVE @ LEBRETON ST,366856.1783,5029923.286,-75.70725,45.4065,2017-12-31,9:27:00 AM,01 - Clear,01 - Dry,02 - Stop sign,03 - At intersection,01 - Daylight,03 - P.D. only,02 - Angle,Centretown West
5505,GLADSTONE AVE @ LYON ST,367585.3857,5030362.24,-75.69788,45.41038,2017-05-09,6:47:00 PM,01 - Clear,01 - Dry,01 - Traffic signal,03 - At intersection,01 - Daylight,02 - Non-fatal injury,02 - Angle,Centretown
5506,GLADSTONE AVE @ METCALFE ST,368230.0737,5030750.25,-75.68959,45.41381,2017-08-09,3:04:00 PM,01 - Clear,01 - Dry,01 - Traffic signal,03 - At intersection,01 - Daylight,03 - P.D. only,05 - Turning movement,Centretown
5507,GLADSTONE AVE @ METCALFE ST,368230.7117,5030750.784,-75.68958,45.41382,2017-08-03,11:50:00 PM,01 - Clear,01 - Dry,01 - Traffic signal,03 - At intersection,07 - Dark,02 - Non-fatal injury,02 - Angle,Centretown
5508,GLADSTONE AVE @ METCALFE ST,368229.7559,5030750.33,-75.6896,45.41381,2017-09-18,8:56:00 AM,01 - Clear,01 - Dry,01 - Traffic signal,02 - Intersection related,01 - Daylight,03 - P.D. only,03 - Rear end,Centretown
5509,GLADSTONE AVE @ METCALFE ST,368231.1851,5030750.332,-75.68958,45.41381,2017-12-09,8:30:00 PM,03 - Snow,04 - Slush,01 - Traffic signal,02 - Intersection related,07 - Dark,03 - P.D. only,07 - SMV other,Centretown
5510,GLADSTONE AVE @ METCALFE ST,368231.1896,5030751.047,-75.68958,45.41382,2017-11-03,9:55:00 PM,01 - Clear,01 - Dry,01 - Traffic signal,03 - At intersection,07 - Dark,03 - P.D. only,04 - Sideswipe,Centretown
5511,GLADSTONE AVE @ METCALFE ST,368229.7084,5030750.569,-75.6896,45.41382,2017-02-24,4:12:00 PM,01 - Clear,02 - Wet,01 - Traffic signal,03 - At intersection,01 - Daylight,03 - P.D. only,02 - Angle,Centretown
5512,GLADSTONE AVE @ O'CONNOR ST,368074.7112,5030658.251,-75.69159,45.413,2017-08-02,9:03:00 PM,01 - Clear,01 - Dry,01 - Traffic signal,03 - At intersection,07 - Dark,03 - P.D. only,05 - Turning movement,Centretown
5513,GLADSTONE AVE @ O'CONNOR ST,368074.0702,5030659.211,-75.6916,45.41301,2017-07-07,2:35:00 PM,01 - Clear,01 - Dry,01 - Traffic signal,03 - At intersection,01 - Daylight,03 - P.D. only,05 - Turning movement,Centretown
5514,GLADSTONE AVE @ O'CONNOR ST,368075.667,5030658.809,-75.69158,45.413,2017-09-10,7:47:00 PM,01 - Clear,01 - Dry,01 - Traffic signal,03 - At intersection,07 - Dark,02 - Non-fatal injury,05 - Turning movement,Centretown
5515,GLADSTONE AVE @ O'CONNOR ST,368075.658,5030658.806,-75.69158,45.413,2017-12-12,11:30:00 AM,03 - Snow,03 - Loose snow,01 - Traffic signal,02 - Intersection related,01 - Daylight,03 - P.D. only,03 - Rear end,Centretown
5516,GLADSTONE AVE @ O'CONNOR ST,368076.9626,5030658.194,-75.69156,45.413,2017-02-14,9:11:00 AM,02 - Rain,04 - Slush,01 - Traffic signal,02 - Intersection related,01 - Daylight,03 - P.D. only,05 - Turning movement,Centretown
5517,GLADSTONE AVE @ O'CONNOR ST,368073.7079,5030657.901,-75.6916,45.413,2017-02-18,5:39:00 PM,01 - Clear,03 - Loose snow,01 - Traffic signal,02 - Intersection related,07 - Dark,03 - P.D. only,03 - Rear end,Centretown
5518,GLADSTONE AVE @ PERCY ST,367328.7085,5030207.276,-75.70118,45.40901,2017-10-28,2:41:00 PM,01 - Clear,01 - Dry,01 - Traffic signal,02 - Intersection related,01 - Daylight,03 - P.D. only,05 - Turning movement,Centretown
5519,GLADSTONE AVE @ PERCY ST,367328.7085,5030205.708,-75.70118,45.40899,2017-01-04,6:54:00 PM,03 - Snow,06 - Ice,01 - Traffic signal,02 - Intersection related,07 - Dark,02 - Non-fatal injury,03 - Rear end,Centretown
5520,GLADSTONE AVE @ PERCY ST,367327.623,5030206.295,-75.70119,45.409,2017-01-20,12:51:00 PM,02 - Rain,02 - Wet,01 - Traffic signal,02 - Intersection related,01 - Daylight,02 - Non-fatal injury,05 - Turning movement,Centretown
5521,GLADSTONE AVE @ PRESTON ST,366489.706,5029712.322,-75.71196,45.40463,2017-10-23,2:18:00 PM,01 - Clear,01 - Dry,01 - Traffic signal,02 - Intersection related,01 - Daylight,03 - P.D. only,02 - Angle,Little Italy
5522,GLADSTONE AVE @ PRESTON ST,366489.9427,5029712.795,-75.71195,45.40463,2017-12-27,9:15:00 AM,03 - Snow,06 - Ice,01 - Traffic signal,03 - At intersection,01 - Daylight,03 - P.D. only,05 - Turning movement,Little Italy
5523,GLADSTONE AVE @ ROCHESTER ST,366661.6947,5029788.903,-75.70975,45.4053,2017-05-23,10:16:00 AM,01 - Clear,01 - Dry,01 - Traffic signal,03 - At intersection,01 - Daylight,02 - Non-fatal injury,05 - Turning movement,Centretown West
5524,GLADSTONE AVE @ ROCHESTER ST,366662.698,5029786.284,-75.70974,45.40528,2017-07-29,2:46:00 PM,01 - Clear,01 - Dry,01 - Traffic signal,03 - At intersection,01 - Daylight,02 - Non-fatal injury,99 - Other,Little Italy
5525,GLADSTONE AVE @ ROCHESTER ST,366661.6051,5029787.019,-75.70975,45.40529,2017-01-19,6:58:00 AM,01 - Clear,02 - Wet,01 - Traffic signal,03 - At intersection,07 - Dark,02 - Non-fatal injury,02 - Angle,Little Italy
5526,GLADSTONE AVE @ ROCHESTER ST,366661.9475,5029789.442,-75.70975,45.40531,2017-02-09,12:15:00 PM,01 - Clear,01 - Dry,01 - Traffic signal,03 - At intersection,01 - Daylight,03 - P.D. only,02 - Angle,Little Italy
5527,GLADSTONE AVE @ ROCHESTER ST,366662.3636,5029788.903,-75.70974,45.4053,2017-03-14,3:04:00 PM,03 - Snow,03 - Loose snow,01 - Traffic signal,02 - Intersection related,01 - Daylight,03 - P.D. only,03 - Rear end,Centretown West
5528,GLADSTONE AVE @ SPADINA AVE,365902.1732,5029436.798,-75.71949,45.4022,2017-12-12,4:34:00 PM,03 - Snow,03 - Loose snow,02 - Stop sign,03 - At intersection,05 - Dusk,03 - P.D. only,02 - Angle,Civi
5529,GLADSTONE AVE btwn ARTHUR ST & CAMBRIDGE ST N,367034.7389,5030018.945,-75.70496,45.40734,2017-08-04,4:15:00 PM,01 - Clear,01 - Dry,10 - No control,04 - At/near private drive,01 - Daylight,02 - Non-fatal injury,05 - Turning movement,Centretown West
5530,GLADSTONE AVE btwn BANK ST & O'CONNOR ST,367939.1108,5030576.778,-75.69333,45.41228,2017-09-28,9:44:00 AM,01 - Clear,01 - Dry,10 - No control,01 - Non intersection,01 - Daylight,03 - P.D. only,06 - SMV unattended vehicle,Centretown
5531,GLADSTONE AVE btwn BAY ST & LYON ST N,367488.612,5030304.462,-75.69912,45.40987,2017-09-15,1:02:00 PM,01 - Clear,01 - Dry,10 - No control,01 - Non intersection,01 - Daylight,02 - Non-fatal injury,03 - Rear end,Centretown
5532,GLADSTONE AVE btwn CAMBRIDGE ST N & BRONSON AVE,367099.9224,5030056.146,-75.70412,45.40767,2017-06-08,4:18:00 PM,01 - Clear,01 - Dry,10 - No control,01 - Non intersection,01 - Daylight,03 - P.D. only,04 - Sideswipe,Centretown West
5533,GLADSTONE AVE btwn KENT ST & BANK ST,367829.3251,5030512.096,-75.69474,45.41171,2017-01-26,6:24:00 PM,01 - Clear,02 - Wet,10 - No control,01 - Non intersection,07 - Dark,03 - P.D. only,99 - Other,Centretown
5534,GLADSTONE AVE btwn LEBRETON ST N & BELL ST N,366940.8699,5029966.568,-75.70616,45.40688,2017-05-21,10:12:00 AM,01 - Clear,01 - Dry,10 - No control,01 - Non intersection,01 - Daylight,03 - P.D. only,06 - SMV unattended vehicle,Centretown West
5535,GLADSTONE AVE btwn METCALFE ST & ELGIN ST,368342.2411,5030818.481,-75.68815,45.41442,2017-11-29,10:35:00 AM,01 - Clear,01 - Dry,10 - No control,01 - Non intersection,01 - Daylight,03 - P.D. only,06 - SMV unattended vehicle,Centretown
5536,GLADSTONE AVE btwn PERCY ST & BAY ST,367356.0309,5030222.96,-75.70083,45.40915,2017-10-12,7:43:00 PM,01 - Clear,01 - Dry,10 - No control,01 - Non intersection,07 - Dark,03 - P.D. only,01 - Approaching,Centretown
5537,GLADSTONE AVE btwn PERCY ST & BAY ST,367380.548,5030240.68,-75.70051,45.4093,2017-12-05,6:28:00 PM,02 - Rain,02 - Wet,10 - No control,01 - Non intersection,07 - Dark,03 - P.D. only,04 - Sideswipe,Centretown
5538,GLAMORGAN DR btwn UXBRIDGE CRES & HEATHCLIFFE CRT,353502.6648,5016345.304,-75.87916,45.28538,2017-06-06,4:33:00 PM,02 - Rain,02 - Wet,10 - No control,04 - At/near private drive,01 - Daylight,03 - P.D. only,99 - Other,Glen Cairn - Kanata South Business Park
5539,GLANDRIEL CRES btwn TIMBERTRAIL TER & CLENDENAN CRES,386976.9493,5037893.247,-75.44892,45.47613,2017-07-14,12:00:00 AM,02 - Rain,02 - Wet,10 - No control,01 - Non intersection,07 - Dark,03 - P.D. only,06 - SMV unattended vehicle,Cardinal Creek
5540,GLANDRIEL CRES btwn TIMBERTRAIL TER & CLENDENAN CRES,386987.5924,5037888.239,-75.44878,45.47608,2017-02-17,8:15:00 AM,01 - Clear,01 - Dry,10 - No control,01 - Non intersection,01 - Daylight,03 - P.D. only,01 - Approaching,Cardinal Creek
5541,GLASGOW ST btwn GLASGOW CRES & ST. LAURENT BLVD,371037.4082,5034936.671,-75.65317,45.45122,2017-03-30,9:00:00 PM,01 - Clear,01 - Dry,10 - No control,04 - At/near private drive,07 - Dark,03 - P.D. only,06 - SMV unattended vehicle,Manor Park
5542,GLEBE AVE btwn BRONSON AVE & PERCY ST,367678.5677,5029447.218,-75.6968,45.40214,2017-02-16,10:50:00 AM,03 - Snow,05 - Packed snow,10 - No control,04 - At/near private drive,01 - Daylight,03 - P.D. only,99 - Other,The Glebe
5543,GLEBE AVE btwn LYON ST S & BANK ST,368200.4851,5029764.967,-75.6901,45.40495,2017-01-21,1:18:00 PM,01 - Clear,02 - Wet,10 - No control,01 - Non intersection,01 - Daylight,03 - P.D. only,06 - SMV unattended vehicle,The Glebe
5544,GLEESON WAY btwn FINCHLEY DR & BEATRICE DR,365256.3045,5015784.428,-75.72941,45.27942,2017-10-19,12:00:00 AM,01 - Clear,01 - Dry,10 - No control,01 - Non intersection,00 - Unknown,03 - P.D. only,06 - SMV unattended vehicle,New Barrhaven
5545,GLENBRAE AVE btwn MARCONI AVE & CELTIC RIDGE CRES,349546.2596,5024788.113,-75.92883,45.36161,2017-02-26,10:49:00 PM,01 - Clear,01 - Dry,10 - No control,04 - At/near private drive,07 - Dark,03 - P.D. only,06 - SMV unattended vehicle,South March
5546,GLENDORE ST btwn HAILEYBURY ST & NEW LISKEARD CRES,365835.2641,5014553.55,-75.72218,45.26829,2017-08-01,6:00:00 AM,01 - Clear,01 - Dry,10 - No control,04 - At/near private drive,03 - Dawn,03 - P.D. only,06 - SMV unattended vehicle,New Barrhaven
5547,GLENMANOR DR W @ VIEWMOUNT DR W,364748.2269,5022702.738,-75.73505,45.34171,2017-12-18,1:15:00 PM,03 - Snow,03 - Loose snow,02 - Stop sign,02 - Intersection related,01 - Daylight,02 - Non-fatal injury,02 - Angle,Crestview - Meadowlands