Record,Location,X,Y,Longitude,Latitude,Date,Time,Environment,Road_Surface,Traffic_Control,Collision_Location,Light,Collision_Classification,Impact_type,Neighborhood
5548,GLENMORISTON AVE btwn GOWRIE DR & SEABROOKE DR,352393.3336,5017282.861,-75.89321,45.29389,2017-09-13,4:00:00 PM,01 - Clear,01 - Dry,10 - No control,01 - Non intersection,01 - Daylight,03 - P.D. only,06 - SMV unattended vehicle,Glen Cairn - Kanata South Business Park
5549,GLENORA AVE @ HAZEL ST,369090.1354,5030145.418,-75.67868,45.40829,2017-01-11,6:42:00 PM,01 - Clear,05 - Packed snow,02 - Stop sign,02 - Intersection related,07 - Dark,03 - P.D. only,06 - SMV unattended vehicle,Old Ottawa East
5550,GLENRIDGE RD btwn WOLMSLEY CRES & VIEWMOUNT DR,364923.5989,5022818.939,-75.7328,45.34274,2017-01-26,5:00:00 PM,01 - Clear,05 - Packed snow,10 - No control,01 - Non intersection,05 - Dusk,03 - P.D. only,06 - SMV unattended vehicle,Crestview - Meadowlands
5551,GLENVIEW AVE @ RIVERDALE AVE,369325.3769,5029411.337,-75.67578,45.40167,2017-08-23,7:07:00 PM,01 - Clear,01 - Dry,02 - Stop sign,02 - Intersection related,01 - Daylight,03 - P.D. only,03 - Rear end,Old Ottawa East
5552,GLENWOOD DR btwn CORLYON ST & NOVA LUX WAY,386069.621,5011120.151,-75.46492,45.23535,2017-11-19,10:17:00 AM,01 - Clear,06 - Ice,10 - No control,01 - Non intersection,01 - Daylight,02 - Non-fatal injury,07 - SMV other,Metcalfe
5553,GLOUCESTER ST @ LYON ST,367195.0326,5031001.573,-75.70278,45.41617,2017-03-14,11:59:00 AM,03 - Snow,04 - Slush,01 - Traffic signal,03 - At intersection,01 - Daylight,03 - P.D. only,04 - Sideswipe,Downtown
5554,GLOUCESTER ST @ LYON ST,367193.6948,5031000.235,-75.7028,45.41616,2017-02-24,10:29:00 PM,01 - Clear,02 - Wet,01 - Traffic signal,03 - At intersection,07 - Dark,03 - P.D. only,04 - Sideswipe,Downtown
5555,GLOUCESTER ST @ METCALFE ST,367833.9312,5031386.598,-75.69457,45.41957,2017-05-15,6:00:00 PM,01 - Clear,01 - Dry,01 - Traffic signal,02 - Intersection related,01 - Daylight,03 - P.D. only,04 - Sideswipe,Downtown
5556,GLOUCESTER ST @ METCALFE ST,367834.6057,5031386.803,-75.69456,45.41958,2017-09-15,2:08:00 PM,01 - Clear,01 - Dry,01 - Traffic signal,02 - Intersection related,01 - Daylight,03 - P.D. only,06 - SMV unattended vehicle,Downtown
5557,GLOUCESTER ST @ METCALFE ST,367833.5444,5031386.69,-75.69458,45.41958,2017-09-15,10:31:00 AM,01 - Clear,01 - Dry,01 - Traffic signal,02 - Intersection related,01 - Daylight,03 - P.D. only,04 - Sideswipe,Downtown
5558,GLOUCESTER ST @ O'CONNOR ST,367678.7094,5031293.127,-75.69657,45.41875,2017-09-20,9:03:00 AM,01 - Clear,01 - Dry,01 - Traffic signal,02 - Intersection related,01 - Daylight,03 - P.D. only,04 - Sideswipe,Downtown
5559,GLOUCESTER ST @ O'CONNOR ST,367678.375,5031293.25,-75.69657,45.41875,2017-11-27,5:29:00 PM,02 - Rain,02 - Wet,01 - Traffic signal,03 - At intersection,07 - Dark,02 - Non-fatal injury,07 - SMV other,Downtown
5560,GLOUCESTER ST btwn BANK ST & O'CONNOR ST,367569.2779,5031225.743,-75.69797,45.41815,2017-03-09,2:18:00 PM,01 - Clear,01 - Dry,10 - No control,04 - At/near private drive,01 - Daylight,03 - P.D. only,02 - Angle,Centretown
5561,GLOUCESTER ST btwn BRONSON AVE & PERCY ST,366878.2776,5030819.949,-75.70685,45.41456,2017-05-03,3:28:00 PM,01 - Clear,01 - Dry,10 - No control,01 - Non intersection,01 - Daylight,03 - P.D. only,99 - Other,Centretown
5562,GLOUCESTER ST btwn KENT ST & BANK ST,367450.2705,5031154.588,-75.6995,45.41752,2017-11-29,12:00:00 AM,01 - Clear,01 - Dry,10 - No control,01 - Non intersection,00 - Unknown,03 - P.D. only,06 - SMV unattended vehicle,Centretown
5563,GLOUCESTER ST btwn KENT ST & BANK ST,367379.4404,5031109.275,-75.70041,45.41712,2017-02-16,8:25:00 AM,01 - Clear,03 - Loose snow,10 - No control,01 - Non intersection,01 - Daylight,03 - P.D. only,06 - SMV unattended vehicle,Centretown
5564,GLOUCESTER ST btwn LYON ST N & KENT ST,367213.7617,5031011.606,-75.70254,45.41626,2017-06-28,4:50:00 PM,01 - Clear,01 - Dry,10 - No control,04 - At/near private drive,01 - Daylight,03 - P.D. only,02 - Angle,Centretown
5565,GLOUCESTER ST btwn LYON ST N & KENT ST,367241.1864,5031028.998,-75.70219,45.41641,2017-11-12,12:00:00 AM,01 - Clear,01 - Dry,10 - No control,01 - Non intersection,00 - Unknown,03 - P.D. only,06 - SMV unattended vehicle,Downtown
5566,GLOUCESTER ST btwn METCALFE ST & ELGIN ST,367948.245,5031454.246,-75.6931,45.42017,2017-03-24,10:24:00 AM,01 - Clear,03 - Loose snow,10 - No control,01 - Non intersection,01 - Daylight,03 - P.D. only,06 - SMV unattended vehicle,Downtown
5567,GLYNN AVE @ LOLA ST,371114.7199,5032186.031,-75.65255,45.42646,2017-10-07,12:00:00 AM,02 - Rain,02 - Wet,02 - Stop sign,02 - Intersection related,00 - Unknown,03 - P.D. only,06 - SMV unattended vehicle,Overbrook
5568,GLYNN AVE btwn EDITH AVE & LOLA ST,370926.8485,5032166.49,-75.65495,45.42631,2017-10-09,6:17:00 PM,01 - Clear,01 - Dry,10 - No control,01 - Non intersection,05 - Dusk,03 - P.D. only,06 - SMV unattended vehicle,Overbrook
5569,GLYNN AVE btwn NORTH RIVER RD & SYLVESTER ST,370199.5378,5032088.133,-75.66425,45.42567,2017-07-17,8:25:00 AM,01 - Clear,01 - Dry,10 - No control,01 - Non intersection,01 - Daylight,03 - P.D. only,06 - SMV unattended vehicle,Overbrook
5570,GOLDEN ASH LANE @ STAGECOACH RD,375754.751,5013689.309,-75.59591,45.25958,2017-12-16,1:12:00 AM,03 - Snow,05 - Packed snow,02 - Stop sign,02 - Intersection related,07 - Dark,03 - P.D. only,02 - Angle,Greely
5571,GOLDEN AVE btwn RAVENHILL AVE & KENWOOD AVE,362944.8875,5027845.184,-75.75745,45.38813,2017-12-21,7:35:00 PM,01 - Clear,01 - Dry,10 - No control,01 - Non intersection,07 - Dark,03 - P.D. only,06 - SMV unattended vehicle,Carlingwood - McKellar Park - Laurentien View
5572,GOLDEN LINE RD btwn HAMILTON SIDE RD & Continuation of GOLDEN LINE RD,336320.6926,5007936.881,-76.09872,45.21069,2017-07-08,1:15:00 PM,01 - Clear,02 - Wet,10 - No control,01 - Non intersection,01 - Daylight,03 - P.D. only,07 - SMV other,Stittsville - Basswood
5573,GOLDENBROOK WAY @ HARVEST VALLEY AVE,384939.5705,5034499.153,-75.47553,45.44583,2017-01-17,12:00:00 AM,01 - Clear,03 - Loose snow,,02 - Intersection related,00 - Unknown,03 - P.D. only,06 - SMV unattended vehicle,Avalon
5574,GOLDENEYE WAY @ NORTH BLUFF DR,369485.1837,5016303.868,-75.67545,45.28371,2017-05-10,12:00:00 PM,01 - Clear,01 - Dry,02 - Stop sign,03 - At intersection,01 - Daylight,03 - P.D. only,02 - Angle,Gloucester
5575,GOLDENEYE WAY btwn NAKINA WAY & NORTH BLUFF DR,369426.9437,5016265.659,-75.6762,45.28338,2017-09-15,12:00:00 AM,01 - Clear,01 - Dry,10 - No control,04 - At/near private drive,00 - Unknown,03 - P.D. only,06 - SMV unattended vehicle,Gloucester
5576,GOLDRIDGE DR @ HEMLO CRES,350137.7767,5019633.813,-75.92175,45.31519,2017-05-22,6:24:00 PM,01 - Clear,01 - Dry,02 - Stop sign,03 - At intersection,01 - Daylight,03 - P.D. only,02 - Angle,Kanata Lakes - Marchwood Lakeside - Morgan's Grant - Kanata
5577,GOLDRIDGE DR @ HIGHMONT CRT/WINDCREST CRT,350221.0772,5019688.396,-75.92069,45.31568,2017-07-14,6:43:00 PM,01 - Clear,01 - Dry,02 - Stop sign,03 - At intersection,01 - Daylight,02 - Non-fatal injury,07 - SMV other,Kanata Lakes - Marchwood Lakeside - Morgan's Grant - Kanata
5578,GOLDRIDGE DR btwn CAMBIOR CRES & CAMBIOR CRES,349688.3445,5019715.655,-75.92748,45.31596,2017-11-09,9:20:00 AM,01 - Clear,01 - Dry,10 - No control,04 - At/near private drive,01 - Daylight,03 - P.D. only,06 - SMV unattended vehicle,Kanata Lakes - Marchwood Lakeside - Morgan's Grant - Kanata
5579,GOLDRIDGE DR btwn HEMLO CRES & AFTON PL,350018.2885,5019410.423,-75.9233,45.31319,2017-03-30,8:40:00 AM,01 - Clear,01 - Dry,10 - No control,04 - At/near private drive,01 - Daylight,03 - P.D. only,02 - Angle,Kanata Lakes - Marchwood Lakeside - Morgan's Grant - Kanata
5580,GOLDRIDGE DR btwn NORGOLD CRES & INSMILL CRES,349775.5991,5019516.115,-75.92638,45.31416,2017-05-17,12:00:00 AM,01 - Clear,01 - Dry,10 - No control,01 - Non intersection,00 - Unknown,03 - P.D. only,06 - SMV unattended vehicle,Kanata Lakes - Marchwood Lakeside - Morgan's Grant - Kanata
5581,GOLF CLUB WAY btwn NO NAME & WESTLEIGH BLVD,342324.002,5008301.01,-76.02226,45.21367,2017-05-26,6:15:00 AM,02 - Rain,02 - Wet,10 - No control,01 - Non intersection,01 - Daylight,03 - P.D. only,07 - SMV other,Munster Hamlet - Richmond
5582,GOLFLINKS DR E @ JOCKVALE RD,366030.4783,5012610.525,-75.71994,45.25079,2017-12-26,10:38:00 PM,01 - Clear,03 - Loose snow,02 - Stop sign,02 - Intersection related,07 - Dark,03 - P.D. only,03 - Rear end,New Barrhaven
5583,GOOD ST btwn PARKWAY RD & SHIELDS DR,378169.8541,5013805.316,-75.56513,45.26038,2017-03-25,1:00:00 PM,01 - Clear,03 - Loose snow,10 - No control,01 - Non intersection,01 - Daylight,03 - P.D. only,06 - SMV unattended vehicle,Greely
5584,GOODWOOD DR btwn ISBISTER AVE & END,366272.2195,5013946.543,-75.71669,45.26279,2017-04-24,12:00:00 AM,01 - Clear,01 - Dry,10 - No control,04 - At/near private drive,00 - Unknown,03 - P.D. only,06 - SMV unattended vehicle,New Barrhaven
5585,GOOSE RIVER AVE btwn GOLDENEYE WAY & ROCKY HARBOUR CRES,368745.515,5016153.514,-75.6849,45.28243,2017-08-01,9:00:00 PM,01 - Clear,01 - Dry,10 - No control,01 - Non intersection,99 - Other,03 - P.D. only,06 - SMV unattended vehicle,Gloucester
5586,GOOSE RIVER AVE btwn GOLDENEYE WAY & ROCKY HARBOUR CRES,368869.3427,5016206.073,-75.68331,45.28289,2017-10-12,5:28:00 PM,01 - Clear,01 - Dry,10 - No control,04 - At/near private drive,01 - Daylight,03 - P.D. only,99 - Other,Gloucester
5587,GOSSAMER ST btwn JOSHUA ST & PRAIRIE ST,381607.25,5032308.362,-75.51846,45.42649,2017-12-21,12:00:00 AM,01 - Clear,05 - Packed snow,10 - No control,04 - At/near private drive,00 - Unknown,03 - P.D. only,06 - SMV unattended vehicle,Chapel Hill South
5588,GOSSET ST @ KENASTON ST,373030.2101,5031146.816,-75.62822,45.41693,2017-09-18,10:08:00 AM,01 - Clear,01 - Dry,10 - No control,03 - At intersection,01 - Daylight,03 - P.D. only,02 - Angle,Industrial Park
5589,GOTHWOOD PL btwn GOTH AVE & END,372374.0015,5023310.999,-75.63767,45.34649,2017-09-13,12:00:00 AM,01 - Clear,01 - Dry,10 - No control,04 - At/near private drive,00 - Unknown,03 - P.D. only,06 - SMV unattended vehicle,Blossom Park - Blossom Park West - Sawmill Creek/ Timbermill
5590,GOUGH RD btwn DOZOIS RD & QUEENSCOURT CRES,372550.1286,5010168.451,-75.63722,45.22822,2017-03-02,10:39:00 AM,03 - Snow,06 - Ice,10 - No control,01 - Non intersection,01 - Daylight,03 - P.D. only,06 - SMV unattended vehicle,Manotick
5591,GOULBOURN FORCED RD @ INNOVATION DR,349438.006,5022666.636,-75.9304,45.34253,2017-06-29,12:45:00 PM,02 - Rain,02 - Wet,02 - Stop sign,03 - At intersection,01 - Daylight,03 - P.D. only,02 - Angle,South March
5592,GOULBOURN FORCED RD @ INNOVATION DR,349438.006,5022666.636,-75.9304,45.34253,2017-08-27,11:47:00 AM,01 - Clear,01 - Dry,02 - Stop sign,03 - At intersection,01 - Daylight,03 - P.D. only,02 - Angle,South March
5593,GOULBOURN FORCED RD @ INNOVATION DR,349438.006,5022666.636,-75.9304,45.34253,2017-08-09,8:45:00 PM,01 - Clear,01 - Dry,10 - No control,02 - Intersection related,07 - Dark,03 - P.D. only,07 - SMV other,South March
5594,GOULBOURN FORCED RD @ KANATA AVE,349775.5586,5020353.187,-75.92631,45.32169,2017-07-14,3:07:00 PM,01 - Clear,01 - Dry,01 - Traffic signal,02 - Intersection related,01 - Daylight,03 - P.D. only,05 - Turning movement,Kanata Lakes - Marchwood Lakeside - Morgan's Grant - Kanata
5595,GOULBOURN FORCED RD @ KANATA AVE,349775.6912,5020354.277,-75.92631,45.3217,2017-10-24,12:25:00 PM,02 - Rain,02 - Wet,01 - Traffic signal,02 - Intersection related,01 - Daylight,03 - P.D. only,07 - SMV other,Kanata Lakes - Marchwood Lakeside - Morgan's Grant - Kanata
5596,GOULBOURN FORCED RD btwn BADGELEY AVE & KEYROCK DR,349543.588,5020665.33,-75.92924,45.32451,2017-11-23,6:11:00 PM,01 - Clear,01 - Dry,10 - No control,01 - Non intersection,07 - Dark,03 - P.D. only,07 - SMV other,Kanata Lakes - Marchwood Lakeside - Morgan's Grant - Kanata
5597,GOULBOURN FORCED RD btwn KANATA ROCKERIES PRIV & KANATA AVE,349693.3665,5020481.837,-75.92734,45.32285,2017-06-14,2:39:00 PM,01 - Clear,01 - Dry,10 - No control,01 - Non intersection,01 - Daylight,03 - P.D. only,04 - Sideswipe,Kanata Lakes - Marchwood Lakeside - Morgan's Grant - Kanata
5598,GOULBOURN FORCED RD btwn KANATA ROCKERIES PRIV & KANATA AVE,349665.5666,5020509.026,-75.9277,45.3231,2017-06-10,2:41:00 PM,01 - Clear,01 - Dry,10 - No control,01 - Non intersection,01 - Daylight,03 - P.D. only,07 - SMV other,Kanata Lakes - Marchwood Lakeside - Morgan's Grant - Kanata
5599,GOULBOURN FORCED RD btwn TERRY FOX DR & KANATA ROCKERIES PRIV,349260.8062,5021484.462,-75.93277,45.3319,2017-07-15,5:05:00 AM,01 - Clear,02 - Wet,10 - No control,01 - Non intersection,03 - Dawn,03 - P.D. only,07 - SMV other,Kanata Lakes - Marchwood Lakeside - Morgan's Grant - Kanata
5600,GOULBOURN FORCED RD btwn TERRY FOX DR & KANATA ROCKERIES PRIV,349365.6225,5022911.851,-75.93131,45.34474,2017-11-21,5:37:00 PM,01 - Clear,02 - Wet,10 - No control,01 - Non intersection,07 - Dark,03 - P.D. only,03 - Rear end,South March
5601,GOULBURN AVE @ LAURIER AVE,369254.044,5032349.252,-75.6763,45.42811,2017-05-02,7:38:00 AM,01 - Clear,01 - Dry,02 - Stop sign,03 - At intersection,01 - Daylight,03 - P.D. only,02 - Angle,Sandy Hill
5602,GOULBURN AVE @ TEMPLETON ST,369577.9155,5031819.883,-75.67223,45.42331,2017-06-16,8:53:00 AM,01 - Clear,02 - Wet,02 - Stop sign,03 - At intersection,01 - Daylight,03 - P.D. only,02 - Angle,Sandy Hill
5603,GOWARD DR @ OLD SECOND LINE RD,347882.909,5023410.318,-75.95018,45.34932,2017-06-15,8:31:00 AM,01 - Clear,01 - Dry,02 - Stop sign,03 - At intersection,01 - Daylight,02 - Non-fatal injury,02 - Angle,Morgan's Grant
5604,GOWARD DR btwn EDGEMOORE CRES & HALTON TER,348276.1996,5023759.153,-75.94513,45.35243,2017-01-11,4:04:00 PM,01 - Clear,03 - Loose snow,10 - No control,01 - Non intersection,01 - Daylight,03 - P.D. only,06 - SMV unattended vehicle,Morgan's Grant
5605,GRACEWOOD CRES btwn CREEKVIEW WAY W & FINDLAY CREEK W,374329.523,5019572.955,-75.61325,45.31267,2017-12-25,5:25:00 PM,01 - Clear,05 - Packed snow,10 - No control,01 - Non intersection,07 - Dark,03 - P.D. only,06 - SMV unattended vehicle,Greenbelt
5606,GRADY CRES btwn JANSEN RD & JANSEN RD,360068.2998,5021149.519,-75.79494,45.32812,2017-03-07,12:51:00 AM,01 - Clear,06 - Ice,10 - No control,01 - Non intersection,07 - Dark,03 - P.D. only,07 - SMV other,Sheahan Estates - Trend Village - Arlington Woods
5607,GRAINSTONE WAY btwn DRUMHELLER PL & DRUMHELLER PL,349074.856,5019833.209,-75.93529,45.31705,2017-10-20,11:19:00 AM,01 - Clear,01 - Dry,10 - No control,01 - Non intersection,01 - Daylight,03 - P.D. only,02 - Angle,Kanata Lakes - Marchwood Lakeside - Morgan's Grant - Kanata
5608,GRAND CANAL ST @ FOXHOUND WAY,364107.8014,5012645.065,-75.74442,45.25127,2017-01-07,12:15:00 PM,01 - Clear,06 - Ice,,03 - At intersection,01 - Daylight,03 - P.D. only,02 - Angle,New Barrhaven
5609,GRAND VISTA CIR btwn GRAND VISTA CIR & HALF MOON BAY,364606.162,5013051.853,-75.73803,45.25488,2017-07-01,12:00:00 AM,01 - Clear,02 - Wet,10 - No control,01 - Non intersection,00 - Unknown,03 - P.D. only,06 - SMV unattended vehicle,New Barrhaven
5610,GRANT CARMAN DR @ MEADOWLANDS DR,365051.6941,5023901.284,-75.73103,45.35247,2017-08-22,1:58:00 PM,02 - Rain,02 - Wet,01 - Traffic signal,02 - Intersection related,01 - Daylight,03 - P.D. only,03 - Rear end,Cityview - Skyline - Fisher Heights
5611,GRANT CARMAN DR @ MEADOWLANDS DR,365051.2162,5023902.224,-75.73104,45.35248,2017-07-27,3:46:00 PM,01 - Clear,01 - Dry,01 - Traffic signal,03 - At intersection,01 - Daylight,02 - Non-fatal injury,05 - Turning movement,Cityview - Skyline - Fisher Heights
5612,GRANT CARMAN DR @ MEADOWLANDS DR,365051.6941,5023902.054,-75.73103,45.35248,2017-10-07,5:20:00 PM,01 - Clear,01 - Dry,01 - Traffic signal,03 - At intersection,01 - Daylight,02 - Non-fatal injury,05 - Turning movement,Cityview - Skyline - Fisher Heights
5613,GRANT CARMAN DR @ MEADOWLANDS DR,365053.3663,5023901.507,-75.73101,45.35247,2017-10-29,7:01:00 AM,02 - Rain,02 - Wet,01 - Traffic signal,03 - At intersection,03 - Dawn,03 - P.D. only,07 - SMV other,Cityview - Skyline - Fisher Heights
5614,GRANT CARMAN DR @ MEADOWLANDS DR,365052.0286,5023902.176,-75.73103,45.35248,2017-10-28,8:04:00 PM,02 - Rain,02 - Wet,01 - Traffic signal,03 - At intersection,07 - Dark,02 - Non-fatal injury,07 - SMV other,Cityview - Skyline - Fisher Heights
5615,GRANT CARMAN DR @ MEADOWLANDS DR,365051.2162,5023900.791,-75.73104,45.35246,2017-09-06,1:18:00 PM,01 - Clear,01 - Dry,01 - Traffic signal,03 - At intersection,01 - Daylight,02 - Non-fatal injury,05 - Turning movement,Cityview - Skyline - Fisher Heights
5616,GRANT CARMAN DR @ MEADOWLANDS DR,365051.1514,5023901.779,-75.73104,45.35247,2017-01-18,12:02:00 AM,03 - Snow,05 - Packed snow,01 - Traffic signal,02 - Intersection related,07 - Dark,02 - Non-fatal injury,07 - SMV other,Cityview - Skyline - Fisher Heights
5617,GRANT CARMAN DR @ MEADOWLANDS DR,365050.6908,5023903.514,-75.73105,45.35249,2017-02-01,7:00:00 AM,01 - Clear,03 - Loose snow,01 - Traffic signal,02 - Intersection related,03 - Dawn,03 - P.D. only,04 - Sideswipe,Cityview - Skyline - Fisher Heights
5618,GRANT CARMAN DR @ MEADOWLANDS DR,365052.7796,5023901.779,-75.73102,45.35247,2017-01-12,6:30:00 PM,01 - Clear,01 - Dry,01 - Traffic signal,03 - At intersection,07 - Dark,02 - Non-fatal injury,07 - SMV other,Cityview - Skyline - Fisher Heights
5619,GRANT CARMAN DR @ MEADOWLANDS DR,365052.172,5023901.268,-75.73103,45.35247,2017-12-30,5:30:00 PM,01 - Clear,05 - Packed snow,01 - Traffic signal,03 - At intersection,07 - Dark,03 - P.D. only,05 - Turning movement,Cityview - Skyline - Fisher Heights
5620,GRANT CARMAN DR @ MEADOWLANDS DR,365052.172,5023901.268,-75.73103,45.35247,2017-12-18,6:05:00 PM,03 - Snow,03 - Loose snow,01 - Traffic signal,02 - Intersection related,07 - Dark,03 - P.D. only,03 - Rear end,Cityview - Skyline - Fisher Heights
5621,GRANT CARMAN DR @ MEADOWLANDS DR,365052.1675,5023900.797,-75.73103,45.35246,2017-12-15,7:26:00 PM,03 - Snow,03 - Loose snow,01 - Traffic signal,02 - Intersection related,07 - Dark,02 - Non-fatal injury,03 - Rear end,Cityview - Skyline - Fisher Heights
5622,GRANT CARMAN DR @ VIEWMOUNT DR,365434.3703,5023082.846,-75.72625,45.34507,2017-06-28,7:38:00 PM,01 - Clear,01 - Dry,02 - Stop sign,03 - At intersection,01 - Daylight,02 - Non-fatal injury,02 - Angle,Borden Farm - Stewart Farm - Parkwood Hills - Fisher Glen
5623,GRANT CARMAN DR @ VIEWMOUNT DR,365436.3769,5023082.177,-75.72622,45.34507,2017-12-15,5:21:00 PM,03 - Snow,03 - Loose snow,02 - Stop sign,02 - Intersection related,07 - Dark,03 - P.D. only,02 - Angle,Borden Farm - Stewart Farm - Parkwood Hills - Fisher Glen
5624,GRANVILLE ST btwn MONTFORT ST & MONTREAL RD,370819.2932,5033493.941,-75.65615,45.43826,2017-01-07,3:06:00 AM,01 - Clear,01 - Dry,10 - No control,04 - At/near private drive,07 - Dark,03 - P.D. only,07 - SMV other,Vanier North
5625,GRASSY PLAINS DR @ APPLE CREEK CRES E/BIRCHFIE,355834.5752,5015467.616,-75.84953,45.27731,2017-08-06,6:38:00 AM,01 - Clear,01 - Dry,02 - Stop sign,03 - At intersection,03 - Dawn,03 - P.D. only,07 - SMV other,Bridlewood - Emerald Meadows
5626,GRASSY PLAINS DR @ STONEHAVEN DR,356204.9723,5015965.1,-75.84476,45.28176,2017-11-16,5:31:00 PM,01 - Clear,02 - Wet,01 - Traffic signal,02 - Intersection related,07 - Dark,02 - Non-fatal injury,07 - SMV other,Bridlewood - Emerald Meadows
5627,GRASSY PLAINS DR @ STONEHAVEN DR,356205.1112,5015964.194,-75.84475,45.28175,2017-12-22,8:37:00 AM,03 - Snow,06 - Ice,01 - Traffic signal,02 - Intersection related,01 - Daylight,03 - P.D. only,03 - Rear end,Bridlewood - Emerald Meadows
5628,GRASSY PLAINS DR btwn FARMFIELD CRES & STONEHAVEN DR,356153.484,5015933.664,-75.84541,45.28148,2017-01-26,9:54:00 AM,01 - Clear,02 - Wet,10 - No control,04 - At/near private drive,01 - Daylight,03 - P.D. only,99 - Other,Bridlewood - Emerald Meadows
5629,GRASSY PLAINS DR btwn FARMFIELD CRES & STONEHAVEN DR,356188.9187,5015953.729,-75.84496,45.28166,2017-02-27,3:06:00 PM,01 - Clear,01 - Dry,10 - No control,01 - Non intersection,01 - Daylight,03 - P.D. only,03 - Rear end,Bridlewood - Emerald Meadows
5630,GRASSY PLAINS DR btwn GRANITE CRT & SUNNYBROOKE DR,355345.2346,5015615.726,-75.85575,45.27868,2017-11-26,8:48:00 PM,03 - Snow,03 - Loose snow,10 - No control,01 - Non intersection,07 - Dark,03 - P.D. only,06 - SMV unattended vehicle,Bridlewood - Emerald Meadows
5631,GRASSY PLAINS DR btwn MEADOWBREEZE DR & FARMFIELD CRES,356070.3692,5015831.776,-75.84648,45.28057,2017-12-19,11:40:00 AM,01 - Clear,04 - Slush,10 - No control,01 - Non intersection,01 - Daylight,03 - P.D. only,06 - SMV unattended vehicle,Bridlewood - Emerald Meadows
5632,GRAVELLE CRES btwn INNES RD & INNES RD,377681.8414,5032697.753,-75.56856,45.43042,2017-02-15,12:00:00 AM,03 - Snow,03 - Loose snow,10 - No control,01 - Non intersection,00 - Unknown,03 - P.D. only,06 - SMV unattended vehicle,Blackburn Hamlet
5633,GRAY CRES btwn BELLROCK DR & DRYSDALE ST,352137.1579,5019741.97,-75.89624,45.31603,2017-11-18,12:00:00 AM,00 - Unknown,00 - Unknown,10 - No control,01 - Non intersection,00 - Unknown,03 - P.D. only,06 - SMV unattended vehicle,Kanata
5634,GREAT LAKES AVE @ MARITIME WAY,351737.611,5019489.623,-75.90136,45.31379,2017-09-07,4:25:00 PM,01 - Clear,01 - Dry,02 - Stop sign,03 - At intersection,01 - Daylight,03 - P.D. only,02 - Angle,Kanata
5635,GREEN ST @ LARKIN DR,363110.6749,5016468.075,-75.75668,45.28575,2017-04-03,6:53:00 PM,01 - Clear,01 - Dry,02 - Stop sign,02 - Intersection related,01 - Daylight,03 - P.D. only,03 - Rear end,Barrhaven West - Old Barrhaven
5636,GREEN VALLEY CRES btwn PRINCE OF WALES DR & END,367124.7802,5026646.237,-75.70423,45.37699,2017-02-03,9:47:00 AM,01 - Clear,01 - Dry,10 - No control,01 - Non intersection,01 - Daylight,03 - P.D. only,04 - Sideswipe,Civic Hospital - Experimental Farm - Central Park
5637,GREENACRE CRES btwn ELMRIDGE DR & BURFIELD AVE,375000.3832,5034002.588,-75.60264,45.44243,2017-08-26,1:00:00 PM,01 - Clear,01 - Dry,10 - No control,01 - Non intersection,01 - Daylight,03 - P.D. only,06 - SMV unattended vehicle,Beacon Hill South - Cardinal Heights
5638,GREENBANK RD @ 207 S OF BELLMAN DR/GREENBANK S,361336.6763,5020828.148,-75.77879,45.32513,2017-06-21,4:40:00 PM,01 - Clear,01 - Dry,01 - Traffic signal,03 - At intersection,01 - Daylight,03 - P.D. only,05 - Turning movement,Nepean
5639,GREENBANK RD @ 207 S OF BELLMAN DR/GREENBANK S,361338.6829,5020828.817,-75.77877,45.32513,2017-05-31,4:10:00 PM,01 - Clear,01 - Dry,01 - Traffic signal,02 - Intersection related,01 - Daylight,03 - P.D. only,04 - Sideswipe,Nepean
5640,GREENBANK RD @ 207 S OF BELLMAN DR/GREENBANK S,361338.0141,5020827.48,-75.77878,45.32512,2017-12-05,11:38:00 AM,01 - Clear,02 - Wet,01 - Traffic signal,03 - At intersection,01 - Daylight,03 - P.D. only,05 - Turning movement,Nepean
5641,GREENBANK RD @ 220 N OF STRANDHERD DR,363850.9535,5014984.186,-75.74742,45.27233,2017-08-10,11:15:00 AM,01 - Clear,01 - Dry,01 - Traffic signal,03 - At intersection,01 - Daylight,02 - Non-fatal injury,05 - Turning movement,New Barrhaven
5642,GREENBANK RD @ BELLMAN DR/BATEMAN DR,361256.8875,5021017.06,-75.77979,45.32683,2017-09-20,3:30:00 PM,01 - Clear,01 - Dry,01 - Traffic signal,03 - At intersection,01 - Daylight,02 - Non-fatal injury,05 - Turning movement,Sheahan Estates - Trend Village - Arlington Woods
5643,GREENBANK RD @ BELLMAN DR/BATEMAN DR,361255.6722,5021017.489,-75.77981,45.32684,2017-04-02,2:12:00 PM,01 - Clear,01 - Dry,01 - Traffic signal,03 - At intersection,01 - Daylight,03 - P.D. only,05 - Turning movement,Sheahan Estates - Trend Village - Arlington Woods
5644,GREENBANK RD @ BERRIGAN DR/WESSEX RD,363723.3473,5015275.087,-75.74901,45.27496,2017-06-05,9:02:00 PM,02 - Rain,02 - Wet,01 - Traffic signal,03 - At intersection,05 - Dusk,03 - P.D. only,02 - Angle,New Barrhaven
5645,GREENBANK RD @ BERRIGAN DR/WESSEX RD,363722.6784,5015276.425,-75.74902,45.27498,2017-05-18,8:29:00 PM,02 - Rain,02 - Wet,01 - Traffic signal,02 - Intersection related,05 - Dusk,03 - P.D. only,07 - SMV other,New Barrhaven