Record,Location,X,Y,Longitude,Latitude,Date,Time,Environment,Road_Surface,Traffic_Control,Collision_Location,Light,Collision_Classification,Impact_type,Neighborhood
5646,GREENBANK RD @ BERRIGAN DR/WESSEX RD,363724.9576,5015275.468,-75.74899,45.27497,2017-07-24,1:00:00 PM,02 - Rain,02 - Wet,01 - Traffic signal,03 - At intersection,01 - Daylight,03 - P.D. only,05 - Turning movement,New Barrhaven
5647,GREENBANK RD @ BERRIGAN DR/WESSEX RD,363724.2905,5015277.338,-75.749,45.27498,2017-08-10,4:12:00 PM,01 - Clear,01 - Dry,01 - Traffic signal,02 - Intersection related,01 - Daylight,03 - P.D. only,03 - Rear end,New Barrhaven
5648,GREENBANK RD @ BERRIGAN DR/WESSEX RD,363721.1066,5015277.283,-75.74904,45.27498,2017-01-04,10:49:00 PM,01 - Clear,06 - Ice,01 - Traffic signal,02 - Intersection related,07 - Dark,03 - P.D. only,03 - Rear end,Barrhaven West - Old Barrhaven
5649,GREENBANK RD @ BERRIGAN DR/WESSEX RD,363724.685,5015276.425,-75.74899,45.27498,2017-02-14,10:27:00 PM,03 - Snow,03 - Loose snow,01 - Traffic signal,03 - At intersection,07 - Dark,03 - P.D. only,02 - Angle,New Barrhaven
5650,GREENBANK RD @ BERRIGAN DR/WESSEX RD,363723.4666,5015276.535,-75.74901,45.27498,2017-01-05,9:57:00 PM,01 - Clear,02 - Wet,01 - Traffic signal,03 - At intersection,07 - Dark,03 - P.D. only,05 - Turning movement,New Barrhaven
5651,GREENBANK RD @ BERRIGAN DR/WESSEX RD,363724.0162,5015275.756,-75.749,45.27497,2017-02-16,9:36:00 AM,03 - Snow,03 - Loose snow,01 - Traffic signal,02 - Intersection related,01 - Daylight,03 - P.D. only,05 - Turning movement,New Barrhaven
5652,GREENBANK RD @ BERRIGAN DR/WESSEX RD,363724.0188,5015276.45,-75.749,45.27498,2017-04-04,6:00:00 PM,02 - Rain,02 - Wet,01 - Traffic signal,02 - Intersection related,01 - Daylight,03 - P.D. only,03 - Rear end,New Barrhaven
5653,GREENBANK RD @ CANFIELD RD/CRAIG HENRY DR,361107.9557,5021364.173,-75.78165,45.32997,2017-07-21,3:02:00 PM,01 - Clear,01 - Dry,01 - Traffic signal,03 - At intersection,01 - Daylight,03 - P.D. only,05 - Turning movement,Woodvale - Craig Henry - Manordale - Estates of Arlington Wo
5654,GREENBANK RD @ CANFIELD RD/CRAIG HENRY DR,361105.7613,5021364.263,-75.78168,45.32997,2017-07-26,9:50:00 PM,01 - Clear,01 - Dry,01 - Traffic signal,03 - At intersection,07 - Dark,02 - Non-fatal injury,02 - Angle,Sheahan Estates - Trend Village - Arlington Woods
5655,GREENBANK RD @ CANFIELD RD/CRAIG HENRY DR,361107.1113,5021364.708,-75.78166,45.32997,2017-08-20,12:19:00 PM,01 - Clear,01 - Dry,01 - Traffic signal,03 - At intersection,01 - Daylight,02 - Non-fatal injury,02 - Angle,Woodvale - Craig Henry - Manordale - Estates of Arlington Wo
5656,GREENBANK RD @ CANFIELD RD/CRAIG HENRY DR,361108.3797,5021363.472,-75.78164,45.32996,2017-10-11,1:12:00 PM,01 - Clear,01 - Dry,01 - Traffic signal,02 - Intersection related,01 - Daylight,03 - P.D. only,04 - Sideswipe,Woodvale - Craig Henry - Manordale - Estates of Arlington Wo
5657,GREENBANK RD @ CANFIELD RD/CRAIG HENRY DR,361105.0076,5021365.161,-75.78169,45.32998,2017-12-01,10:12:00 PM,01 - Clear,01 - Dry,01 - Traffic signal,03 - At intersection,07 - Dark,02 - Non-fatal injury,05 - Turning movement,Sheahan Estates - Trend Village - Arlington Woods
5658,GREENBANK RD @ CANFIELD RD/CRAIG HENRY DR,361107.6823,5021363.933,-75.78165,45.32997,2017-02-11,6:47:00 PM,01 - Clear,02 - Wet,01 - Traffic signal,02 - Intersection related,07 - Dark,02 - Non-fatal injury,03 - Rear end,Woodvale - Craig Henry - Manordale - Estates of Arlington Wo
5659,GREENBANK RD @ CANFIELD RD/CRAIG HENRY DR,361108.352,5021363.155,-75.78164,45.32996,2017-03-23,2:21:00 PM,01 - Clear,01 - Dry,01 - Traffic signal,02 - Intersection related,01 - Daylight,03 - P.D. only,02 - Angle,Woodvale - Craig Henry - Manordale - Estates of Arlington Wo
5660,GREENBANK RD @ CANFIELD RD/CRAIG HENRY DR,361107.0143,5021365.83,-75.78166,45.32998,2017-03-16,7:31:00 PM,01 - Clear,03 - Loose snow,01 - Traffic signal,02 - Intersection related,07 - Dark,03 - P.D. only,03 - Rear end,Woodvale - Craig Henry - Manordale - Estates of Arlington Wo
5661,GREENBANK RD @ HALF MOON BAY,364651.5955,5013125.004,-75.73744,45.25554,2017-08-30,7:16:00 PM,01 - Clear,01 - Dry,02 - Stop sign,03 - At intersection,01 - Daylight,03 - P.D. only,05 - Turning movement,New Barrhaven
5662,GREENBANK RD @ HALF MOON BAY,364651.5955,5013125.004,-75.73744,45.25554,2017-07-23,10:20:00 AM,01 - Clear,01 - Dry,02 - Stop sign,03 - At intersection,01 - Daylight,03 - P.D. only,07 - SMV other,New Barrhaven
5663,GREENBANK RD @ HALF MOON BAY,364651.5955,5013125.004,-75.73744,45.25554,2017-01-05,8:42:00 AM,04 - Freezing Rain,06 - Ice,02 - Stop sign,03 - At intersection,01 - Daylight,03 - P.D. only,02 - Angle,New Barrhaven
5664,GREENBANK RD @ HALF MOON BAY,364651.5955,5013125.004,-75.73744,45.25554,2017-12-22,12:34:00 PM,03 - Snow,03 - Loose snow,02 - Stop sign,03 - At intersection,01 - Daylight,03 - P.D. only,07 - SMV other,New Barrhaven
5665,GREENBANK RD @ HARRISON ST/ASHGROVE CRES,360840.0162,5022007.495,-75.78499,45.33578,2017-05-22,8:45:00 AM,01 - Clear,01 - Dry,01 - Traffic signal,02 - Intersection related,01 - Daylight,03 - P.D. only,03 - Rear end,Briar Green - Leslie Park
5666,GREENBANK RD @ HARRISON ST/ASHGROVE CRES,360839.6216,5022007.58,-75.785,45.33578,2017-10-07,3:00:00 PM,02 - Rain,02 - Wet,01 - Traffic signal,02 - Intersection related,01 - Daylight,03 - P.D. only,03 - Rear end,Briar Green - Leslie Park
5667,GREENBANK RD @ HIGHBURY PARK DR,363615.9257,5015523.951,-75.75035,45.27721,2017-07-14,10:40:00 PM,02 - Rain,02 - Wet,01 - Traffic signal,03 - At intersection,07 - Dark,03 - P.D. only,03 - Rear end,Barrhaven West - Old Barrhaven
5668,GREENBANK RD @ HIGHBURY PARK DR,363614.492,5015524.243,-75.75037,45.27721,2017-12-20,6:21:00 PM,01 - Clear,06 - Ice,01 - Traffic signal,03 - At intersection,07 - Dark,03 - P.D. only,03 - Rear end,Barrhaven West - Old Barrhaven
5669,GREENBANK RD @ HWY 417 GREENBA IC129R25,360522.808,5023339.123,-75.78889,45.34778,2017-08-02,11:18:00 AM,01 - Clear,01 - Dry,10 - No control,02 - Intersection related,01 - Daylight,02 - Non-fatal injury,03 - Rear end,Iris
5670,GREENBANK RD @ HWY 417 IC129 RAMP57/IRIS ST,360532.3123,5023312.494,-75.78877,45.34754,2017-05-31,7:20:00 PM,01 - Clear,01 - Dry,01 - Traffic signal,03 - At intersection,01 - Daylight,03 - P.D. only,02 - Angle,Iris
5671,GREENBANK RD @ HWY 417 IC129 RAMP57/IRIS ST,360530.3057,5023312.494,-75.7888,45.34754,2017-05-20,3:45:00 PM,01 - Clear,01 - Dry,01 - Traffic signal,02 - Intersection related,01 - Daylight,03 - P.D. only,03 - Rear end,Iris
5672,GREENBANK RD @ HWY 417 IC129 RAMP57/IRIS ST,360532.3123,5023311.825,-75.78877,45.34754,2017-05-01,10:54:00 AM,02 - Rain,02 - Wet,01 - Traffic signal,02 - Intersection related,01 - Daylight,03 - P.D. only,03 - Rear end,Iris
5673,GREENBANK RD @ HWY 417 IC129 RAMP57/IRIS ST,360532.1262,5023311.905,-75.78878,45.34754,2017-07-03,3:30:00 PM,01 - Clear,01 - Dry,01 - Traffic signal,02 - Intersection related,01 - Daylight,03 - P.D. only,04 - Sideswipe,Iris
5674,GREENBANK RD @ HWY 417 IC129 RAMP57/IRIS ST,360531.9404,5023312.943,-75.78878,45.34755,2017-07-19,12:45:00 PM,01 - Clear,01 - Dry,01 - Traffic signal,02 - Intersection related,01 - Daylight,03 - P.D. only,03 - Rear end,Iris
5675,GREENBANK RD @ HWY 417 IC129 RAMP57/IRIS ST,360530.9729,5023312.521,-75.78879,45.34754,2017-09-11,1:52:00 PM,01 - Clear,01 - Dry,01 - Traffic signal,02 - Intersection related,01 - Daylight,03 - P.D. only,03 - Rear end,Iris
5676,GREENBANK RD @ HWY 417 IC129 RAMP57/IRIS ST,360531.6435,5023311.156,-75.78878,45.34753,2017-11-27,7:16:00 PM,01 - Clear,01 - Dry,01 - Traffic signal,02 - Intersection related,07 - Dark,03 - P.D. only,03 - Rear end,Iris
5677,GREENBANK RD @ HWY 417 IC129 RAMP57/IRIS ST,360531.2768,5023313.25,-75.78879,45.34755,2017-11-21,12:45:00 PM,01 - Clear,01 - Dry,01 - Traffic signal,02 - Intersection related,01 - Daylight,02 - Non-fatal injury,03 - Rear end,Iris
5678,GREENBANK RD @ HWY 417 IC129 RAMP57/IRIS ST,360531.6435,5023313.163,-75.78878,45.34755,2017-12-04,8:29:00 AM,01 - Clear,01 - Dry,01 - Traffic signal,02 - Intersection related,01 - Daylight,03 - P.D. only,04 - Sideswipe,Iris
5679,GREENBANK RD @ HWY 417 IC129 RAMP57/IRIS ST,360531.3668,5023312.113,-75.78879,45.34754,2017-11-18,4:50:00 PM,02 - Rain,02 - Wet,01 - Traffic signal,02 - Intersection related,05 - Dusk,03 - P.D. only,03 - Rear end,Iris
5680,GREENBANK RD @ HWY 417 IC129 RAMP57/IRIS ST,360531.4014,5023312.563,-75.78879,45.34754,2017-12-10,7:17:00 PM,01 - Clear,02 - Wet,01 - Traffic signal,03 - At intersection,07 - Dark,03 - P.D. only,05 - Turning movement,Iris
5681,GREENBANK RD @ HWY 417 IC129 RAMP57/IRIS ST,360532.2648,5023313.689,-75.78877,45.34756,2017-12-05,6:15:00 AM,02 - Rain,02 - Wet,01 - Traffic signal,02 - Intersection related,07 - Dark,02 - Non-fatal injury,03 - Rear end,Iris
5682,GREENBANK RD @ HWY 417 IC129 RAMP57/IRIS ST,360531.403,5023311.415,-75.78879,45.34753,2017-01-19,6:39:00 PM,01 - Clear,04 - Slush,01 - Traffic signal,02 - Intersection related,07 - Dark,03 - P.D. only,03 - Rear end,Iris
5683,GREENBANK RD @ HWY 417 IC129 RAMP57/IRIS ST,360531.4448,5023312.452,-75.78878,45.34754,2017-02-14,5:21:00 PM,01 - Clear,01 - Dry,01 - Traffic signal,03 - At intersection,05 - Dusk,03 - P.D. only,02 - Angle,Iris
5684,GREENBANK RD @ HWY 417 IC129 RAMP57/IRIS ST,360531.6435,5023313.163,-75.78878,45.34755,2017-02-18,4:10:00 PM,01 - Clear,01 - Dry,01 - Traffic signal,02 - Intersection related,01 - Daylight,03 - P.D. only,04 - Sideswipe,Iris
5685,GREENBANK RD @ HWY 417 IC129 RAMP57/IRIS ST,360530.3057,5023312.494,-75.7888,45.34754,2017-03-10,10:36:00 AM,01 - Clear,01 - Dry,01 - Traffic signal,02 - Intersection related,01 - Daylight,03 - P.D. only,03 - Rear end,Iris
5686,GREENBANK RD @ HWY 417 IC129 RAMP57/IRIS ST,360531.6435,5023313.163,-75.78878,45.34755,2017-04-23,7:35:00 AM,01 - Clear,01 - Dry,01 - Traffic signal,02 - Intersection related,01 - Daylight,03 - P.D. only,99 - Other,Iris
5687,GREENBANK RD @ HWY 417 IC129 RAMP57/IRIS ST,360531.6435,5023313.163,-75.78878,45.34755,2017-03-02,6:22:00 AM,05 - Drifting Snow,06 - Ice,01 - Traffic signal,03 - At intersection,03 - Dawn,03 - P.D. only,02 - Angle,Iris
5688,GREENBANK RD @ HWY 417 IC129 RAMP57/IRIS ST,360531.6685,5023312.343,-75.78878,45.34754,2017-03-30,6:34:00 PM,01 - Clear,01 - Dry,01 - Traffic signal,02 - Intersection related,07 - Dark,03 - P.D. only,03 - Rear end,Iris
5689,GREENBANK RD @ HWY 417 IC129 RAMP57/IRIS ST,360531.4317,5023312.42,-75.78878,45.34754,2017-12-27,12:30:00 PM,01 - Clear,06 - Ice,01 - Traffic signal,02 - Intersection related,01 - Daylight,03 - P.D. only,03 - Rear end,Iris
5690,GREENBANK RD @ JOCKVALE RD,364121.3534,5014331.082,-75.74405,45.26644,2017-06-16,8:54:00 PM,01 - Clear,01 - Dry,01 - Traffic signal,02 - Intersection related,05 - Dusk,03 - P.D. only,03 - Rear end,New Barrhaven
5691,GREENBANK RD @ JOCKVALE RD,364122.6911,5014330.413,-75.74403,45.26643,2017-06-06,7:50:00 PM,01 - Clear,01 - Dry,01 - Traffic signal,02 - Intersection related,01 - Daylight,02 - Non-fatal injury,03 - Rear end,New Barrhaven
5692,GREENBANK RD @ JOCKVALE RD,364122.0223,5014332.42,-75.74404,45.26645,2017-05-04,10:10:00 AM,01 - Clear,01 - Dry,01 - Traffic signal,02 - Intersection related,01 - Daylight,03 - P.D. only,04 - Sideswipe,New Barrhaven
5693,GREENBANK RD @ JOCKVALE RD,364121.9137,5014331.324,-75.74404,45.26644,2017-09-19,5:05:00 PM,01 - Clear,01 - Dry,01 - Traffic signal,03 - At intersection,01 - Daylight,03 - P.D. only,03 - Rear end,New Barrhaven
5694,GREENBANK RD @ JOCKVALE RD,364122.1612,5014331.123,-75.74404,45.26644,2017-11-03,4:35:00 PM,02 - Rain,02 - Wet,01 - Traffic signal,03 - At intersection,05 - Dusk,03 - P.D. only,03 - Rear end,New Barrhaven
5695,GREENBANK RD @ JOCKVALE RD,364120.7411,5014330.177,-75.74406,45.26643,2017-12-07,5:04:00 PM,01 - Clear,01 - Dry,01 - Traffic signal,02 - Intersection related,07 - Dark,02 - Non-fatal injury,03 - Rear end,New Barrhaven
5696,GREENBANK RD @ JOCKVALE RD,364123.1887,5014332.289,-75.74403,45.26645,2017-02-15,6:31:00 PM,03 - Snow,05 - Packed snow,01 - Traffic signal,02 - Intersection related,07 - Dark,03 - P.D. only,03 - Rear end,New Barrhaven
5697,GREENBANK RD @ JOCKVALE RD,364121.1414,5014329.32,-75.74405,45.26642,2017-01-21,11:44:00 AM,01 - Clear,06 - Ice,01 - Traffic signal,02 - Intersection related,01 - Daylight,03 - P.D. only,03 - Rear end,New Barrhaven
5698,GREENBANK RD @ KILBIRNIE DR,365285.2559,5011656.861,-75.72955,45.24227,2017-08-19,11:36:00 AM,01 - Clear,01 - Dry,02 - Stop sign,03 - At intersection,01 - Daylight,02 - Non-fatal injury,02 - Angle,New Barrhaven
5699,GREENBANK RD @ LARKIN DR,363176.2045,5016505.27,-75.75584,45.28608,2017-12-12,3:35:00 PM,03 - Snow,03 - Loose snow,01 - Traffic signal,02 - Intersection related,01 - Daylight,03 - P.D. only,03 - Rear end,Barrhaven West - Old Barrhaven
5700,GREENBANK RD @ LARKIN DR,363176.6779,5016506.217,-75.75583,45.28609,2017-12-22,10:58:00 AM,03 - Snow,03 - Loose snow,01 - Traffic signal,03 - At intersection,01 - Daylight,02 - Non-fatal injury,05 - Turning movement,Barrhaven West - Old Barrhaven
5701,GREENBANK RD @ LISA AVE,360555.6784,5022892.154,-75.78852,45.34376,2017-05-18,5:45:00 PM,01 - Clear,01 - Dry,01 - Traffic signal,03 - At intersection,01 - Daylight,03 - P.D. only,05 - Turning movement,Iris
5702,GREENBANK RD @ LISA AVE,360554.5129,5022893.708,-75.78854,45.34377,2017-09-01,4:37:00 PM,01 - Clear,01 - Dry,01 - Traffic signal,03 - At intersection,01 - Daylight,02 - Non-fatal injury,02 - Angle,Iris
5703,GREENBANK RD @ LISA AVE,360555.9572,5022892.21,-75.78852,45.34376,2017-08-04,10:55:00 PM,02 - Rain,02 - Wet,01 - Traffic signal,02 - Intersection related,07 - Dark,03 - P.D. only,05 - Turning movement,Iris
5704,GREENBANK RD @ LISA AVE,360555.9572,5022894.774,-75.78852,45.34378,2017-08-05,5:27:00 PM,01 - Clear,01 - Dry,01 - Traffic signal,02 - Intersection related,01 - Daylight,02 - Non-fatal injury,02 - Angle,Iris
5705,GREENBANK RD @ LISA AVE,360554.9196,5022893.413,-75.78853,45.34377,2017-09-06,2:50:00 PM,01 - Clear,01 - Dry,01 - Traffic signal,02 - Intersection related,01 - Daylight,03 - P.D. only,03 - Rear end,Iris
5706,GREENBANK RD @ LISA AVE,360554.1972,5022893.731,-75.78854,45.34377,2017-11-11,12:43:00 PM,01 - Clear,01 - Dry,01 - Traffic signal,02 - Intersection related,01 - Daylight,03 - P.D. only,03 - Rear end,Iris
5707,GREENBANK RD @ LISA AVE,360553.3115,5022895.467,-75.78855,45.34379,2017-11-23,9:00:00 AM,01 - Clear,02 - Wet,01 - Traffic signal,02 - Intersection related,01 - Daylight,03 - P.D. only,03 - Rear end,Iris
5708,GREENBANK RD @ LISA AVE,360555.6784,5022892.154,-75.78852,45.34376,2017-02-16,7:31:00 AM,03 - Snow,03 - Loose snow,01 - Traffic signal,02 - Intersection related,01 - Daylight,03 - P.D. only,03 - Rear end,Iris
5709,GREENBANK RD @ LISA AVE,360553.1742,5022893.867,-75.78855,45.34378,2017-02-10,11:17:00 AM,01 - Clear,01 - Dry,01 - Traffic signal,02 - Intersection related,01 - Daylight,02 - Non-fatal injury,03 - Rear end,Iris
5710,GREENBANK RD @ LISA AVE,360553.6718,5022893.492,-75.78855,45.34377,2017-04-07,12:36:00 PM,01 - Clear,02 - Wet,01 - Traffic signal,02 - Intersection related,01 - Daylight,03 - P.D. only,03 - Rear end,Iris
5711,GREENBANK RD @ LISA AVE,360555.6784,5022893.492,-75.78852,45.34377,2017-04-21,12:11:00 AM,02 - Rain,02 - Wet,01 - Traffic signal,03 - At intersection,07 - Dark,03 - P.D. only,02 - Angle,Iris
5712,GREENBANK RD @ MALVERN DR/FOXFIELD DR,363311.6864,5016194.433,-75.75415,45.28327,2017-06-20,2:30:00 PM,01 - Clear,01 - Dry,01 - Traffic signal,03 - At intersection,01 - Daylight,03 - P.D. only,05 - Turning movement,Barrhaven West - Old Barrhaven
5713,GREENBANK RD @ MALVERN DR/FOXFIELD DR,363311.6486,5016194.386,-75.75415,45.28327,2017-09-30,5:29:00 PM,01 - Clear,01 - Dry,01 - Traffic signal,02 - Intersection related,01 - Daylight,03 - P.D. only,03 - Rear end,Barrhaven West - Old Barrhaven
5714,GREENBANK RD @ MALVERN DR/FOXFIELD DR,363311.7911,5016194.446,-75.75415,45.28327,2017-10-30,6:32:00 PM,01 - Clear,01 - Dry,01 - Traffic signal,03 - At intersection,07 - Dark,03 - P.D. only,03 - Rear end,Barrhaven West - Old Barrhaven
5715,GREENBANK RD @ MALVERN DR/FOXFIELD DR,363312.0398,5016194.503,-75.75414,45.28327,2017-09-12,1:18:00 PM,01 - Clear,01 - Dry,01 - Traffic signal,02 - Intersection related,01 - Daylight,03 - P.D. only,03 - Rear end,Barrhaven West - Old Barrhaven
5716,GREENBANK RD @ MALVERN DR/FOXFIELD DR,363311.2085,5016194.194,-75.75415,45.28327,2017-12-08,10:48:00 AM,01 - Clear,01 - Dry,01 - Traffic signal,03 - At intersection,01 - Daylight,02 - Non-fatal injury,02 - Angle,Barrhaven West - Old Barrhaven
5717,GREENBANK RD @ MALVERN DR/FOXFIELD DR,363311.3995,5016194.824,-75.75415,45.28327,2017-01-27,11:10:00 AM,01 - Clear,01 - Dry,01 - Traffic signal,03 - At intersection,01 - Daylight,02 - Non-fatal injury,05 - Turning movement,Barrhaven West - Old Barrhaven
5718,GREENBANK RD @ MALVERN DR/FOXFIELD DR,363311.352,5016195.102,-75.75415,45.28328,2017-02-15,1:23:00 PM,01 - Clear,02 - Wet,01 - Traffic signal,03 - At intersection,01 - Daylight,02 - Non-fatal injury,05 - Turning movement,Barrhaven West - Old Barrhaven
5719,GREENBANK RD @ MALVERN DR/FOXFIELD DR,363311.5269,5016194.257,-75.75415,45.28327,2017-02-15,10:35:00 AM,03 - Snow,05 - Packed snow,01 - Traffic signal,02 - Intersection related,01 - Daylight,03 - P.D. only,07 - SMV other,Barrhaven West - Old Barrhaven
5720,GREENBANK RD @ MALVERN DR/FOXFIELD DR,363312.6897,5016195.102,-75.75414,45.28328,2017-04-05,1:36:00 PM,01 - Clear,01 - Dry,01 - Traffic signal,03 - At intersection,01 - Daylight,02 - Non-fatal injury,05 - Turning movement,New Barrhaven
5721,GREENBANK RD @ MALVERN DR/FOXFIELD DR,363312.0209,5016195.102,-75.75414,45.28328,2017-03-29,2:24:00 PM,01 - Clear,01 - Dry,01 - Traffic signal,03 - At intersection,01 - Daylight,03 - P.D. only,05 - Turning movement,New Barrhaven
5722,GREENBANK RD @ MALVERN DR/FOXFIELD DR,363310.6831,5016193.764,-75.75416,45.28326,2017-04-13,8:05:00 PM,01 - Clear,01 - Dry,01 - Traffic signal,03 - At intersection,07 - Dark,02 - Non-fatal injury,05 - Turning movement,Barrhaven West - Old Barrhaven
5723,GREENBANK RD @ MARKETPLACE AVE,364007.7179,5014600.595,-75.74547,45.26887,2017-08-01,9:00:00 AM,01 - Clear,01 - Dry,01 - Traffic signal,02 - Intersection related,01 - Daylight,03 - P.D. only,04 - Sideswipe,New Barrhaven
5724,GREENBANK RD @ MARKETPLACE AVE,364007.4092,5014602.426,-75.74547,45.26889,2017-12-12,3:09:00 PM,03 - Snow,03 - Loose snow,01 - Traffic signal,02 - Intersection related,01 - Daylight,03 - P.D. only,03 - Rear end,New Barrhaven
5725,GREENBANK RD @ MARKETPLACE AVE,364009.2143,5014600.473,-75.74545,45.26887,2017-01-06,11:39:00 AM,01 - Clear,01 - Dry,01 - Traffic signal,02 - Intersection related,01 - Daylight,02 - Non-fatal injury,03 - Rear end,New Barrhaven
5726,GREENBANK RD @ MEADOWBANK DR,360765.3434,5022185.833,-75.78593,45.33739,2017-06-30,3:12:00 PM,01 - Clear,02 - Wet,02 - Stop sign,02 - Intersection related,01 - Daylight,03 - P.D. only,03 - Rear end,Briar Green - Leslie Park
5727,GREENBANK RD @ MEADOWBANK DR,360766.2829,5022187.189,-75.78592,45.3374,2017-11-03,8:22:00 AM,02 - Rain,02 - Wet,02 - Stop sign,02 - Intersection related,01 - Daylight,03 - P.D. only,03 - Rear end,Briar Green - Leslie Park
5728,GREENBANK RD @ MEADOWBANK DR,360766.4815,5022186.965,-75.78591,45.3374,2017-12-21,8:04:00 AM,01 - Clear,06 - Ice,02 - Stop sign,02 - Intersection related,01 - Daylight,03 - P.D. only,03 - Rear end,Briar Green - Leslie Park
5729,GREENBANK RD @ PRINCE OF WALES DR,366201.6912,5009544.507,-75.71813,45.22319,2017-02-05,10:08:00 PM,03 - Snow,05 - Packed snow,02 - Stop sign,03 - At intersection,07 - Dark,03 - P.D. only,02 - Angle,New Barrhaven
5730,GREENBANK RD @ STRANDHERD DR,363935.3561,5014783.748,-75.74637,45.27052,2017-06-23,8:09:00 AM,02 - Rain,02 - Wet,01 - Traffic signal,02 - Intersection related,01 - Daylight,03 - P.D. only,03 - Rear end,New Barrhaven
5731,GREENBANK RD @ STRANDHERD DR,363934.0184,5014785.086,-75.74638,45.27054,2017-06-09,5:50:00 PM,01 - Clear,01 - Dry,01 - Traffic signal,02 - Intersection related,01 - Daylight,03 - P.D. only,03 - Rear end,New Barrhaven
5732,GREENBANK RD @ STRANDHERD DR,363934.1934,5014784.417,-75.74638,45.27053,2017-05-17,9:42:00 PM,01 - Clear,01 - Dry,01 - Traffic signal,03 - At intersection,07 - Dark,02 - Non-fatal injury,05 - Turning movement,New Barrhaven
5733,GREENBANK RD @ STRANDHERD DR,363933.6839,5014784.417,-75.74639,45.27053,2017-05-13,4:26:00 PM,01 - Clear,01 - Dry,01 - Traffic signal,02 - Intersection related,01 - Daylight,03 - P.D. only,03 - Rear end,New Barrhaven
5734,GREENBANK RD @ STRANDHERD DR,363934.2194,5014783.614,-75.74638,45.27052,2017-07-20,12:02:00 PM,01 - Clear,01 - Dry,01 - Traffic signal,02 - Intersection related,01 - Daylight,03 - P.D. only,04 - Sideswipe,New Barrhaven
5735,GREENBANK RD @ STRANDHERD DR,363934.5169,5014785.646,-75.74638,45.27054,2017-08-05,3:10:00 PM,01 - Clear,01 - Dry,01 - Traffic signal,03 - At intersection,01 - Daylight,03 - P.D. only,05 - Turning movement,New Barrhaven
5736,GREENBANK RD @ STRANDHERD DR,363934.6872,5014785.755,-75.74638,45.27054,2017-07-12,9:25:00 AM,01 - Clear,01 - Dry,01 - Traffic signal,02 - Intersection related,01 - Daylight,03 - P.D. only,03 - Rear end,New Barrhaven
5737,GREENBANK RD @ STRANDHERD DR,363933.0824,5014784.718,-75.7464,45.27053,2017-08-10,11:39:00 AM,01 - Clear,01 - Dry,01 - Traffic signal,03 - At intersection,01 - Daylight,03 - P.D. only,03 - Rear end,New Barrhaven
5738,GREENBANK RD @ STRANDHERD DR,363933.4619,5014785.083,-75.74639,45.27054,2017-08-25,4:47:00 PM,01 - Clear,01 - Dry,01 - Traffic signal,02 - Intersection related,01 - Daylight,03 - P.D. only,03 - Rear end,New Barrhaven
5739,GREENBANK RD @ STRANDHERD DR,363933.3495,5014783.079,-75.74639,45.27052,2017-07-11,5:07:00 AM,01 - Clear,01 - Dry,01 - Traffic signal,02 - Intersection related,03 - Dawn,03 - P.D. only,03 - Rear end,New Barrhaven
5740,GREENBANK RD @ STRANDHERD DR,363934.966,5014783.776,-75.74637,45.27052,2017-07-24,10:10:00 PM,02 - Rain,02 - Wet,01 - Traffic signal,03 - At intersection,07 - Dark,03 - P.D. only,05 - Turning movement,New Barrhaven
5741,GREENBANK RD @ STRANDHERD DR,363933.6839,5014784.641,-75.74639,45.27053,2017-09-12,4:29:00 PM,01 - Clear,01 - Dry,01 - Traffic signal,02 - Intersection related,01 - Daylight,03 - P.D. only,03 - Rear end,New Barrhaven
5742,GREENBANK RD @ STRANDHERD DR,363933.237,5014783.3,-75.74639,45.27052,2017-09-12,8:17:00 AM,01 - Clear,01 - Dry,01 - Traffic signal,02 - Intersection related,01 - Daylight,03 - P.D. only,03 - Rear end,New Barrhaven
5743,GREENBANK RD @ STRANDHERD DR,363934.1573,5014784.654,-75.74638,45.27053,2017-10-28,11:20:00 AM,01 - Clear,01 - Dry,01 - Traffic signal,02 - Intersection related,01 - Daylight,03 - P.D. only,03 - Rear end,New Barrhaven
5744,GREENBANK RD @ STRANDHERD DR,363934.0196,5014784.272,-75.74638,45.27053,2017-10-08,10:30:00 AM,02 - Rain,02 - Wet,01 - Traffic signal,02 - Intersection related,01 - Daylight,03 - P.D. only,03 - Rear end,New Barrhaven
5745,GREENBANK RD @ STRANDHERD DR,363933.206,5014784.178,-75.74639,45.27053,2017-11-09,9:44:00 PM,01 - Clear,02 - Wet,01 - Traffic signal,03 - At intersection,07 - Dark,03 - P.D. only,05 - Turning movement,New Barrhaven
5746,GREENBANK RD @ STRANDHERD DR,363934.6872,5014785.755,-75.74638,45.27054,2017-11-18,3:56:00 PM,01 - Clear,01 - Dry,01 - Traffic signal,02 - Intersection related,01 - Daylight,03 - P.D. only,03 - Rear end,New Barrhaven
5747,GREENBANK RD @ STRANDHERD DR,363934.6397,5014784.178,-75.74638,45.27053,2017-11-03,3:29:00 PM,01 - Clear,01 - Dry,01 - Traffic signal,02 - Intersection related,01 - Daylight,03 - P.D. only,03 - Rear end,New Barrhaven
5748,GREENBANK RD @ STRANDHERD DR,363934.0184,5014783.748,-75.74638,45.27052,2017-11-18,6:44:00 PM,02 - Rain,02 - Wet,01 - Traffic signal,02 - Intersection related,07 - Dark,02 - Non-fatal injury,03 - Rear end,New Barrhaven
5749,GREENBANK RD @ STRANDHERD DR,363934.6307,5014783.707,-75.74638,45.27052,2017-12-08,5:58:00 PM,01 - Clear,01 - Dry,01 - Traffic signal,02 - Intersection related,07 - Dark,03 - P.D. only,03 - Rear end,New Barrhaven