Record,Location,X,Y,Longitude,Latitude,Date,Time,Environment,Road_Surface,Traffic_Control,Collision_Location,Light,Collision_Classification,Impact_type,Neighborhood
5750,GREENBANK RD @ STRANDHERD DR,363933.2105,5014783.707,-75.74639,45.27052,2017-11-30,7:20:00 AM,01 - Clear,01 - Dry,01 - Traffic signal,02 - Intersection related,01 - Daylight,03 - P.D. only,03 - Rear end,New Barrhaven
5751,GREENBANK RD @ STRANDHERD DR,363933.6839,5014783.707,-75.74639,45.27052,2017-12-09,4:15:00 PM,01 - Clear,01 - Dry,01 - Traffic signal,02 - Intersection related,05 - Dusk,03 - P.D. only,03 - Rear end,New Barrhaven
5752,GREENBANK RD @ STRANDHERD DR,363932.9334,5014784.792,-75.7464,45.27053,2017-02-14,11:00:00 PM,03 - Snow,03 - Loose snow,01 - Traffic signal,03 - At intersection,07 - Dark,02 - Non-fatal injury,05 - Turning movement,New Barrhaven
5753,GREENBANK RD @ STRANDHERD DR,363934.1573,5014784.181,-75.74638,45.27053,2017-01-04,7:05:00 PM,03 - Snow,03 - Loose snow,01 - Traffic signal,02 - Intersection related,07 - Dark,02 - Non-fatal injury,03 - Rear end,New Barrhaven
5754,GREENBANK RD @ STRANDHERD DR,363934.0184,5014784.417,-75.74638,45.27053,2017-02-15,6:57:00 PM,03 - Snow,04 - Slush,01 - Traffic signal,03 - At intersection,07 - Dark,02 - Non-fatal injury,05 - Turning movement,New Barrhaven
5755,GREENBANK RD @ STRANDHERD DR,363932.6806,5014784.417,-75.7464,45.27053,2017-03-02,12:08:00 PM,01 - Clear,01 - Dry,01 - Traffic signal,02 - Intersection related,01 - Daylight,03 - P.D. only,03 - Rear end,New Barrhaven
5756,GREENBANK RD @ STRANDHERD DR,363934.0184,5014785.755,-75.74638,45.27054,2017-03-24,9:00:00 AM,03 - Snow,03 - Loose snow,01 - Traffic signal,02 - Intersection related,01 - Daylight,03 - P.D. only,03 - Rear end,New Barrhaven
5757,GREENBANK RD @ STRANDHERD DR,363934.6872,5014783.748,-75.74638,45.27052,2017-04-08,11:26:00 AM,01 - Clear,01 - Dry,01 - Traffic signal,02 - Intersection related,01 - Daylight,02 - Non-fatal injury,03 - Rear end,New Barrhaven
5758,GREENBANK RD @ STRANDHERD DR,363932.6806,5014784.417,-75.7464,45.27053,2017-02-21,12:50:00 PM,01 - Clear,01 - Dry,01 - Traffic signal,02 - Intersection related,01 - Daylight,03 - P.D. only,03 - Rear end,New Barrhaven
5759,GREENBANK RD @ STRANDHERD DR,363933.6839,5014784.792,-75.74639,45.27053,2017-03-24,12:07:00 PM,02 - Rain,02 - Wet,01 - Traffic signal,02 - Intersection related,01 - Daylight,03 - P.D. only,03 - Rear end,New Barrhaven
5760,GREENBANK RD @ STRANDHERD DR,363934.0184,5014785.086,-75.74638,45.27054,2017-02-22,6:44:00 PM,01 - Clear,01 - Dry,01 - Traffic signal,03 - At intersection,07 - Dark,03 - P.D. only,05 - Turning movement,New Barrhaven
5761,GREENBANK RD @ STRANDHERD DR,363934.0184,5014783.079,-75.74638,45.27052,2017-03-12,3:12:00 PM,01 - Clear,01 - Dry,01 - Traffic signal,02 - Intersection related,01 - Daylight,03 - P.D. only,04 - Sideswipe,New Barrhaven
5762,GREENBANK RD @ STRANDHERD DR,363935.0983,5014784.206,-75.74637,45.27053,2017-12-22,12:35:00 PM,03 - Snow,03 - Loose snow,01 - Traffic signal,02 - Intersection related,01 - Daylight,03 - P.D. only,04 - Sideswipe,New Barrhaven
5763,GREENBANK RD @ WEST HUNT CLUB RD,361480.6803,5020502.479,-75.77699,45.32218,2017-05-18,2:20:00 PM,01 - Clear,01 - Dry,01 - Traffic signal,02 - Intersection related,01 - Daylight,03 - P.D. only,03 - Rear end,Greenbelt
5764,GREENBANK RD @ WEST HUNT CLUB RD,361478.8754,5020501.29,-75.77702,45.32217,2017-05-31,1:04:00 PM,01 - Clear,01 - Dry,01 - Traffic signal,02 - Intersection related,01 - Daylight,02 - Non-fatal injury,03 - Rear end,Greenbelt
5765,GREENBANK RD @ WEST HUNT CLUB RD,361477.8725,5020502.178,-75.77703,45.32218,2017-06-16,11:25:00 PM,01 - Clear,01 - Dry,01 - Traffic signal,02 - Intersection related,07 - Dark,03 - P.D. only,03 - Rear end,Greenbelt
5766,GREENBANK RD @ WEST HUNT CLUB RD,361479.677,5020501.577,-75.77701,45.32218,2017-07-20,9:28:00 PM,01 - Clear,01 - Dry,01 - Traffic signal,02 - Intersection related,07 - Dark,03 - P.D. only,03 - Rear end,Greenbelt
5767,GREENBANK RD @ WEST HUNT CLUB RD,361480.7869,5020501.369,-75.77699,45.32217,2017-08-27,11:35:00 AM,01 - Clear,01 - Dry,01 - Traffic signal,02 - Intersection related,01 - Daylight,02 - Non-fatal injury,03 - Rear end,Greenbelt
5768,GREENBANK RD @ WEST HUNT CLUB RD,361480.3429,5020501.369,-75.777,45.32217,2017-08-29,3:36:00 PM,01 - Clear,01 - Dry,01 - Traffic signal,02 - Intersection related,01 - Daylight,03 - P.D. only,03 - Rear end,Greenbelt
5769,GREENBANK RD @ WEST HUNT CLUB RD,361479.0755,5020502.78,-75.77701,45.32219,2017-07-19,10:28:00 AM,01 - Clear,01 - Dry,01 - Traffic signal,02 - Intersection related,01 - Daylight,03 - P.D. only,03 - Rear end,Greenbelt
5770,GREENBANK RD @ WEST HUNT CLUB RD,361479.677,5020502.16,-75.77701,45.32218,2017-07-15,8:48:00 PM,01 - Clear,01 - Dry,01 - Traffic signal,03 - At intersection,05 - Dusk,03 - P.D. only,05 - Turning movement,Greenbelt
5771,GREENBANK RD @ WEST HUNT CLUB RD,361478.5915,5020503.293,-75.77702,45.32219,2017-10-18,7:27:00 AM,01 - Clear,01 - Dry,01 - Traffic signal,02 - Intersection related,01 - Daylight,03 - P.D. only,03 - Rear end,Greenbelt
5772,GREENBANK RD @ WEST HUNT CLUB RD,361478.7212,5020503.196,-75.77702,45.32219,2017-09-19,1:36:00 PM,01 - Clear,01 - Dry,01 - Traffic signal,02 - Intersection related,01 - Daylight,03 - P.D. only,03 - Rear end,Greenbelt
5773,GREENBANK RD @ WEST HUNT CLUB RD,361479.677,5020501.762,-75.77701,45.32218,2017-11-24,3:42:00 PM,01 - Clear,01 - Dry,01 - Traffic signal,02 - Intersection related,01 - Daylight,03 - P.D. only,03 - Rear end,Greenbelt
5774,GREENBANK RD @ WEST HUNT CLUB RD,361479.677,5020501.762,-75.77701,45.32218,2017-12-12,8:26:00 AM,03 - Snow,05 - Packed snow,01 - Traffic signal,02 - Intersection related,01 - Daylight,03 - P.D. only,07 - SMV other,Greenbelt
5775,GREENBANK RD @ WEST HUNT CLUB RD,361479.677,5020503.663,-75.77701,45.32219,2017-11-06,9:09:00 PM,01 - Clear,01 - Dry,01 - Traffic signal,03 - At intersection,07 - Dark,02 - Non-fatal injury,03 - Rear end,Greenbelt
5776,GREENBANK RD @ WEST HUNT CLUB RD,361479.677,5020502.718,-75.77701,45.32219,2017-12-07,5:09:00 PM,01 - Clear,01 - Dry,01 - Traffic signal,02 - Intersection related,07 - Dark,03 - P.D. only,03 - Rear end,Greenbelt
5777,GREENBANK RD @ WEST HUNT CLUB RD,361479.3426,5020501.81,-75.77701,45.32218,2017-02-16,7:44:00 AM,03 - Snow,06 - Ice,01 - Traffic signal,02 - Intersection related,01 - Daylight,03 - P.D. only,03 - Rear end,Greenbelt
5778,GREENBANK RD @ WEST HUNT CLUB RD,361481.0984,5020501.978,-75.77699,45.32218,2017-02-15,6:40:00 PM,03 - Snow,04 - Slush,01 - Traffic signal,02 - Intersection related,07 - Dark,03 - P.D. only,04 - Sideswipe,Greenbelt
5779,GREENBANK RD @ WEST HUNT CLUB RD,361479.3426,5020502.479,-75.77701,45.32218,2017-02-16,7:02:00 AM,03 - Snow,06 - Ice,01 - Traffic signal,03 - At intersection,03 - Dawn,03 - P.D. only,02 - Angle,Greenbelt
5780,GREENBANK RD @ WEST HUNT CLUB RD,361480.2235,5020501.933,-75.777,45.32218,2017-01-27,4:55:00 PM,02 - Rain,02 - Wet,01 - Traffic signal,02 - Intersection related,05 - Dusk,03 - P.D. only,03 - Rear end,Greenbelt
5781,GREENBANK RD @ WEST HUNT CLUB RD,361480.0115,5020502.479,-75.777,45.32218,2017-03-14,8:11:00 PM,03 - Snow,03 - Loose snow,01 - Traffic signal,02 - Intersection related,07 - Dark,02 - Non-fatal injury,07 - SMV other,Greenbelt
5782,GREENBANK RD @ WEST HUNT CLUB RD,361478.1761,5020502.854,-75.77703,45.32219,2017-03-29,3:33:00 PM,01 - Clear,01 - Dry,01 - Traffic signal,02 - Intersection related,01 - Daylight,03 - P.D. only,03 - Rear end,Greenbelt
5783,GREENBANK RD @ WEST HUNT CLUB RD,361480.0115,5020503.148,-75.777,45.32219,2017-03-28,9:47:00 PM,01 - Clear,01 - Dry,01 - Traffic signal,02 - Intersection related,07 - Dark,03 - P.D. only,03 - Rear end,Greenbelt
5784,GREENBANK RD @ WEST HUNT CLUB RD,361480.0115,5020501.81,-75.777,45.32218,2017-03-13,7:20:00 AM,01 - Clear,01 - Dry,01 - Traffic signal,02 - Intersection related,01 - Daylight,03 - P.D. only,03 - Rear end,Greenbelt
5785,GREENBANK RD @ WEST HUNT CLUB RD,361480.0115,5020501.81,-75.777,45.32218,2017-03-10,8:09:00 AM,01 - Clear,01 - Dry,01 - Traffic signal,02 - Intersection related,01 - Daylight,02 - Non-fatal injury,03 - Rear end,Greenbelt
5786,GREENBANK RD @ WEST HUNT CLUB RD,361480.6803,5020502.479,-75.77699,45.32218,2017-04-05,4:18:00 PM,01 - Clear,01 - Dry,01 - Traffic signal,02 - Intersection related,01 - Daylight,03 - P.D. only,03 - Rear end,Greenbelt
5787,GREENBANK RD btwn 220 N OF STRANDHERD DR & STRANDHERD DR,363926.8151,5014803.671,-75.74647,45.2707,2017-09-03,3:24:00 PM,01 - Clear,01 - Dry,10 - No control,01 - Non intersection,01 - Daylight,02 - Non-fatal injury,03 - Rear end,New Barrhaven
5788,GREENBANK RD btwn BANNER RD & CANFIELD RD,361076.245,5021436.733,-75.78205,45.33062,2017-02-19,3:17:00 AM,01 - Clear,02 - Wet,10 - No control,01 - Non intersection,07 - Dark,02 - Non-fatal injury,07 - SMV other,Woodvale - Craig Henry - Manordale - Estates of Arlington Wo
5789,GREENBANK RD btwn BARNSDALE RD & VIEWBANK RD,365703.8965,5010652.346,-75.72434,45.2332,2017-10-27,10:03:00 AM,01 - Clear,01 - Dry,10 - No control,01 - Non intersection,01 - Daylight,02 - Non-fatal injury,07 - SMV other,New Barrhaven
5790,GREENBANK RD btwn BATEMAN DR/BELLMAN DR & GREENBANK SQUARE SC,361290.4548,5020943.91,-75.77937,45.32617,2017-05-10,10:50:00 AM,01 - Clear,01 - Dry,10 - No control,01 - Non intersection,01 - Daylight,03 - P.D. only,99 - Other,Woodvale - Craig Henry - Manordale - Estates of Arlington Wo
5791,GREENBANK RD btwn BATEMAN DR/BELLMAN DR & GREENBANK SQUARE SC,361299.4849,5020919.161,-75.77926,45.32595,2017-07-11,12:50:00 PM,01 - Clear,01 - Dry,10 - No control,04 - At/near private drive,01 - Daylight,02 - Non-fatal injury,02 - Angle,Woodvale - Craig Henry - Manordale - Estates of Arlington Wo
5792,GREENBANK RD btwn BATEMAN DR/BELLMAN DR & GREENBANK SQUARE SC,361322.1474,5020862.889,-75.77897,45.32544,2017-10-24,3:40:00 PM,01 - Clear,01 - Dry,10 - No control,01 - Non intersection,01 - Daylight,03 - P.D. only,07 - SMV other,Nepean
5793,GREENBANK RD btwn BATEMAN DR/BELLMAN DR & GREENBANK SQUARE SC,361263.3027,5020999.501,-75.77971,45.32667,2017-09-23,5:30:00 PM,01 - Clear,01 - Dry,10 - No control,04 - At/near private drive,01 - Daylight,02 - Non-fatal injury,02 - Angle,Sheahan Estates - Trend Village - Arlington Woods
5794,GREENBANK RD btwn BATEMAN DR/BELLMAN DR & GREENBANK SQUARE SC,361278.4391,5020969.834,-75.77952,45.32641,2017-02-12,1:35:00 PM,03 - Snow,03 - Loose snow,10 - No control,04 - At/near private drive,01 - Daylight,03 - P.D. only,03 - Rear end,Woodvale - Craig Henry - Manordale - Estates of Arlington Wo
5795,GREENBANK RD btwn BATEMAN DR/BELLMAN DR & GREENBANK SQUARE SC,361292.698,5020927.808,-75.77934,45.32603,2017-03-24,8:00:00 AM,01 - Clear,04 - Slush,10 - No control,01 - Non intersection,01 - Daylight,03 - P.D. only,03 - Rear end,Nepean
5796,GREENBANK RD btwn BATEMAN DR/BELLMAN DR & GREENBANK SQUARE SC,361325.6906,5020857.602,-75.77893,45.32539,2017-03-24,11:15:00 AM,03 - Snow,04 - Slush,10 - No control,01 - Non intersection,01 - Daylight,03 - P.D. only,03 - Rear end,Woodvale - Craig Henry - Manordale - Estates of Arlington Wo
5797,GREENBANK RD btwn CANFIELD RD & BELLMAN DR,361210.7974,5021121.909,-75.78037,45.32778,2017-09-04,5:05:00 PM,02 - Rain,02 - Wet,10 - No control,04 - At/near private drive,01 - Daylight,02 - Non-fatal injury,02 - Angle,Woodvale - Craig Henry - Manordale - Estates of Arlington Wo
5798,GREENBANK RD btwn CANFIELD RD & BELLMAN DR,361111.2653,5021349.207,-75.78161,45.32983,2017-10-31,8:53:00 AM,01 - Clear,01 - Dry,10 - No control,01 - Non intersection,01 - Daylight,03 - P.D. only,04 - Sideswipe,Sheahan Estates - Trend Village - Arlington Woods
5799,GREENBANK RD btwn CANFIELD RD & BELLMAN DR,361218.8829,5021109.128,-75.78026,45.32766,2017-11-27,12:30:00 PM,01 - Clear,01 - Dry,10 - No control,01 - Non intersection,01 - Daylight,03 - P.D. only,03 - Rear end,Woodvale - Craig Henry - Manordale - Estates of Arlington Wo
5800,GREENBANK RD btwn CANFIELD RD & BELLMAN DR,361200.9977,5021146.193,-75.78049,45.328,2017-02-22,1:32:00 PM,01 - Clear,02 - Wet,10 - No control,04 - At/near private drive,01 - Daylight,03 - P.D. only,02 - Angle,Sheahan Estates - Trend Village - Arlington Woods
5801,GREENBANK RD btwn FALLOWFIELD RD & LARKIN DR,363091.0436,5016709.713,-75.7569,45.28792,2017-06-22,8:53:00 AM,01 - Clear,01 - Dry,10 - No control,01 - Non intersection,01 - Daylight,02 - Non-fatal injury,05 - Turning movement,Barrhaven West - Old Barrhaven
5802,GREENBANK RD btwn FALLOWFIELD RD & LARKIN DR,363166.0872,5016531.297,-75.75596,45.28631,2017-11-21,2:05:00 PM,01 - Clear,02 - Wet,10 - No control,01 - Non intersection,01 - Daylight,02 - Non-fatal injury,03 - Rear end,Barrhaven West - Old Barrhaven
5803,GREENBANK RD btwn FALLOWFIELD RD & LARKIN DR,363101.2253,5016688.728,-75.75677,45.28774,2017-12-13,11:42:00 PM,01 - Clear,05 - Packed snow,10 - No control,01 - Non intersection,07 - Dark,03 - P.D. only,07 - SMV other,New Barrhaven
5804,GREENBANK RD btwn GIBBARD AVE & WEST HUNT CLUB RD,361439.0557,5020593.997,-75.77751,45.32301,2017-11-09,6:40:00 PM,03 - Snow,02 - Wet,10 - No control,01 - Non intersection,07 - Dark,03 - P.D. only,04 - Sideswipe,Greenbelt
5805,GREENBANK RD btwn GIBBARD AVE & WEST HUNT CLUB RD,361435.3503,5020602.342,-75.77756,45.32309,2017-03-24,7:42:00 PM,03 - Snow,04 - Slush,10 - No control,01 - Non intersection,07 - Dark,03 - P.D. only,07 - SMV other,Greenbelt
5806,GREENBANK RD btwn GIBBARD AVE & WEST HUNT CLUB RD,361440.0115,5020593.519,-75.7775,45.32301,2017-12-27,4:03:00 PM,01 - Clear,01 - Dry,10 - No control,01 - Non intersection,05 - Dusk,03 - P.D. only,04 - Sideswipe,Woodvale - Craig Henry - Manordale - Estates of Arlington Wo
5807,GREENBANK RD btwn GREENBANK SQUARE SC & GIBBARD AVE,361341.8544,5020816.429,-75.77873,45.32502,2017-08-13,3:52:00 PM,01 - Clear,01 - Dry,10 - No control,01 - Non intersection,01 - Daylight,03 - P.D. only,03 - Rear end,Woodvale - Craig Henry - Manordale - Estates of Arlington Wo
5808,GREENBANK RD btwn GREENBANK SQUARE SC & GIBBARD AVE,361405.0951,5020676.392,-75.77794,45.32375,2017-07-06,10:25:00 AM,01 - Clear,01 - Dry,10 - No control,04 - At/near private drive,01 - Daylight,02 - Non-fatal injury,05 - Turning movement,Nepean
5809,GREENBANK RD btwn GREENBANK SQUARE SC & GIBBARD AVE,361400.5322,5020685.536,-75.778,45.32384,2017-09-10,3:22:00 PM,01 - Clear,01 - Dry,10 - No control,04 - At/near private drive,01 - Daylight,02 - Non-fatal injury,07 - SMV other,Nepean
5810,GREENBANK RD btwn GREENBANK SQUARE SC & GIBBARD AVE,361412.5165,5020655.107,-75.77785,45.32356,2017-01-05,4:15:00 PM,01 - Clear,04 - Slush,10 - No control,04 - At/near private drive,05 - Dusk,03 - P.D. only,02 - Angle,Nepean
5811,GREENBANK RD btwn HARRISON ST & BANNER RD,360983.9187,5021659.443,-75.7832,45.33263,2017-10-24,3:45:00 PM,01 - Clear,01 - Dry,10 - No control,01 - Non intersection,01 - Daylight,03 - P.D. only,07 - SMV other,Woodvale - Craig Henry - Manordale - Estates of Arlington Wo
5812,GREENBANK RD btwn HARRISON ST & BANNER RD,360877.5818,5021915.056,-75.78453,45.33494,2017-09-12,8:32:00 AM,01 - Clear,01 - Dry,10 - No control,01 - Non intersection,01 - Daylight,03 - P.D. only,03 - Rear end,Briar Green - Leslie Park
5813,GREENBANK RD btwn HARRISON ST & BANNER RD,360858.0764,5021960.003,-75.78477,45.33535,2017-12-13,4:20:00 PM,01 - Clear,02 - Wet,10 - No control,01 - Non intersection,05 - Dusk,03 - P.D. only,07 - SMV other,Briar Green - Leslie Park
5814,GREENBANK RD btwn HARRISON ST & BANNER RD,360877.4743,5021912.511,-75.78453,45.33492,2017-04-14,6:13:00 PM,01 - Clear,01 - Dry,10 - No control,01 - Non intersection,01 - Daylight,02 - Non-fatal injury,03 - Rear end,Briar Green - Leslie Park
5815,GREENBANK RD btwn HARRISON ST & BANNER RD,360844.0295,5021994.117,-75.78495,45.33566,2017-03-22,7:12:00 PM,01 - Clear,01 - Dry,10 - No control,01 - Non intersection,07 - Dark,03 - P.D. only,03 - Rear end,Briar Green - Leslie Park
5816,GREENBANK RD btwn HWY 417 IC129 RAMP57/IRIS ST & HWY417 IC129 RAMP25,360526.2923,5023328.548,-75.78885,45.34769,2017-04-24,2:48:00 PM,01 - Clear,01 - Dry,10 - No control,01 - Non intersection,01 - Daylight,03 - P.D. only,04 - Sideswipe,Iris
5817,GREENBANK RD btwn HWY417 IC129 RAMP35 & HWY417 IC129 RAMP25,360513.8539,5023359.87,-75.789,45.34797,2017-07-07,4:00:00 PM,02 - Rain,02 - Wet,10 - No control,07 - Overpass or bridge,01 - Daylight,03 - P.D. only,04 - Sideswipe,Iris
5818,GREENBANK RD btwn HWY417 IC129 RAMP35 & HWY417 IC129 RAMP25,360514.4629,5023360.645,-75.789,45.34798,2017-12-29,4:07:00 PM,01 - Clear,01 - Dry,10 - No control,01 - Non intersection,05 - Dusk,03 - P.D. only,03 - Rear end,Iris
5819,GREENBANK RD btwn JOCKVALE RD & CAMBRIAN RD,364484.0672,5013508.511,-75.73953,45.259,2017-06-17,2:58:00 AM,01 - Clear,02 - Wet,10 - No control,01 - Non intersection,07 - Dark,03 - P.D. only,07 - SMV other,New Barrhaven
5820,GREENBANK RD btwn JOCKVALE RD & CAMBRIAN RD,364323.8066,5013864.823,-75.74153,45.26222,2017-11-11,12:15:00 PM,01 - Clear,01 - Dry,10 - No control,04 - At/near private drive,01 - Daylight,03 - P.D. only,02 - Angle,New Barrhaven
5821,GREENBANK RD btwn JOCKVALE RD & CAMBRIAN RD,364254.4637,5014029.41,-75.74239,45.26371,2017-11-27,8:02:00 AM,05 - Drifting Snow,06 - Ice,10 - No control,01 - Non intersection,01 - Daylight,03 - P.D. only,03 - Rear end,New Barrhaven
5822,GREENBANK RD btwn JOCKVALE RD & CAMBRIAN RD,364159.4804,5014243.457,-75.74358,45.26564,2017-11-27,8:01:00 AM,01 - Clear,02 - Wet,10 - No control,01 - Non intersection,01 - Daylight,03 - P.D. only,03 - Rear end,New Barrhaven
5823,GREENBANK RD btwn JOCKVALE RD & CAMBRIAN RD,364381.715,5013360.836,-75.74085,45.25768,2017-01-15,1:14:00 AM,01 - Clear,02 - Wet,10 - No control,01 - Non intersection,07 - Dark,03 - P.D. only,07 - SMV other,New Barrhaven
5824,GREENBANK RD btwn JOCKVALE RD & CAMBRIAN RD,364370.3966,5013407.545,-75.74099,45.2581,2017-04-23,12:43:00 AM,01 - Clear,01 - Dry,10 - No control,01 - Non intersection,07 - Dark,03 - P.D. only,07 - SMV other,New Barrhaven
5825,GREENBANK RD btwn JOCKVALE RD & CAMBRIAN RD,364499.2783,5013205.604,-75.73937,45.25628,2017-03-22,11:12:00 AM,01 - Clear,01 - Dry,10 - No control,01 - Non intersection,01 - Daylight,03 - P.D. only,03 - Rear end,New Barrhaven
5826,GREENBANK RD btwn LARKIN DR & MALVERN DR,363221.1595,5016401.437,-75.75528,45.28514,2017-06-26,3:45:00 PM,01 - Clear,01 - Dry,10 - No control,01 - Non intersection,01 - Daylight,03 - P.D. only,04 - Sideswipe,Barrhaven West - Old Barrhaven
5827,GREENBANK RD btwn LARKIN DR & MALVERN DR,363195.4489,5016464.219,-75.7556,45.28571,2017-09-12,5:50:00 PM,01 - Clear,01 - Dry,10 - No control,04 - At/near private drive,01 - Daylight,03 - P.D. only,05 - Turning movement,Barrhaven West - Old Barrhaven
5828,GREENBANK RD btwn LARKIN DR & MALVERN DR,363269.2115,5016294.099,-75.75468,45.28417,2017-03-20,5:09:00 PM,01 - Clear,01 - Dry,10 - No control,01 - Non intersection,01 - Daylight,03 - P.D. only,03 - Rear end,New Barrhaven
5829,GREENBANK RD btwn LISA AVE & BASELINE RD,360551.6651,5022822.589,-75.78858,45.34313,2017-01-28,10:29:00 AM,03 - Snow,02 - Wet,10 - No control,01 - Non intersection,01 - Daylight,03 - P.D. only,04 - Sideswipe,Qualicum - Redwood Park
5830,GREENBANK RD btwn MONTEREY DR & MEADOWBANK DR,360675.1037,5022397.403,-75.78705,45.3393,2017-09-02,5:34:00 AM,01 - Clear,01 - Dry,10 - No control,01 - Non intersection,07 - Dark,03 - P.D. only,07 - SMV other,Briar Green - Leslie Park
5831,GREENBANK RD btwn MONTEREY DR & MEADOWBANK DR,360676.9267,5022401.223,-75.78703,45.33933,2017-10-29,3:33:00 PM,02 - Rain,02 - Wet,10 - No control,01 - Non intersection,01 - Daylight,02 - Non-fatal injury,01 - Approaching,Briar Green - Leslie Park
5832,GREENBANK RD btwn MONTEREY DR & MEADOWBANK DR,360657.9453,5022442.981,-75.78727,45.33971,2017-10-29,3:01:00 AM,02 - Rain,02 - Wet,10 - No control,01 - Non intersection,07 - Dark,03 - P.D. only,03 - Rear end,Briar Green - Leslie Park
5833,GREENBANK RD btwn NE/OT BOUNDARY & MONTEREY DR,360635.4769,5022493.53,-75.78755,45.34017,2017-05-07,12:45:00 PM,01 - Clear,02 - Wet,10 - No control,01 - Non intersection,01 - Daylight,02 - Non-fatal injury,03 - Rear end,Briar Green - Leslie Park
5834,GREENBANK RD btwn NE/OT BOUNDARY & MONTEREY DR,360643.5624,5022474.345,-75.78745,45.33999,2017-11-05,10:44:00 AM,02 - Rain,02 - Wet,10 - No control,01 - Non intersection,01 - Daylight,03 - P.D. only,03 - Rear end,Briar Green - Leslie Park
5835,GREENBANK RD btwn STRANDHERD DR & MARKETPLACE AVE,363993.9746,5014636.303,-75.74564,45.26919,2017-05-13,7:15:00 PM,01 - Clear,01 - Dry,10 - No control,01 - Non intersection,01 - Daylight,03 - P.D. only,04 - Sideswipe,New Barrhaven
5836,GREENBANK RD btwn STRANDHERD DR & MARKETPLACE AVE,363968.5296,5014699.383,-75.74595,45.26976,2017-01-19,5:50:00 PM,01 - Clear,02 - Wet,10 - No control,01 - Non intersection,07 - Dark,02 - Non-fatal injury,04 - Sideswipe,New Barrhaven
5837,GREENBANK RD btwn VIEWBANK RD & PRINCE OF WALES DR,366109.4713,5009679.928,-75.71929,45.22441,2017-06-26,9:00:00 PM,02 - Rain,02 - Wet,10 - No control,01 - Non intersection,05 - Dusk,03 - P.D. only,07 - SMV other,New Barrhaven
5838,GREENBANK RD btwn WEST HUNT CLUB RD & FALLOWFIELD RD,363018.1339,5016878.275,-75.75781,45.28945,2017-06-07,7:58:00 AM,01 - Clear,01 - Dry,10 - No control,01 - Non intersection,01 - Daylight,03 - P.D. only,03 - Rear end,Greenbelt
5839,GREENBANK RD btwn WEST HUNT CLUB RD & FALLOWFIELD RD,361521.483,5020407.496,-75.77648,45.32133,2017-05-15,6:38:00 AM,01 - Clear,01 - Dry,10 - No control,01 - Non intersection,01 - Daylight,03 - P.D. only,03 - Rear end,Greenbelt
5840,GREENBANK RD btwn WEST HUNT CLUB RD & FALLOWFIELD RD,362880.8916,5017191.483,-75.75952,45.29228,2017-08-26,5:07:00 AM,01 - Clear,01 - Dry,10 - No control,01 - Non intersection,07 - Dark,03 - P.D. only,07 - SMV other,Greenbelt
5841,GREENBANK RD btwn WEST HUNT CLUB RD & FALLOWFIELD RD,361558.6414,5020322.544,-75.77602,45.32056,2017-08-18,1:13:00 AM,02 - Rain,02 - Wet,10 - No control,01 - Non intersection,07 - Dark,03 - P.D. only,07 - SMV other,Greenbelt
5842,GREENBANK RD btwn WEST HUNT CLUB RD & FALLOWFIELD RD,363039.1719,5016835.914,-75.75755,45.28906,2017-08-10,6:20:00 PM,01 - Clear,01 - Dry,10 - No control,01 - Non intersection,01 - Daylight,03 - P.D. only,03 - Rear end,Greenbelt
5843,GREENBANK RD btwn WEST HUNT CLUB RD & FALLOWFIELD RD,363072.9834,5016751.184,-75.75713,45.2883,2017-07-10,5:28:00 PM,01 - Clear,01 - Dry,10 - No control,01 - Non intersection,01 - Daylight,03 - P.D. only,07 - SMV other,Greenbelt
5844,GREENBANK RD btwn WEST HUNT CLUB RD & FALLOWFIELD RD,362672.5078,5017668.291,-75.76212,45.29658,2017-09-15,3:35:00 PM,01 - Clear,01 - Dry,10 - No control,01 - Non intersection,01 - Daylight,03 - P.D. only,07 - SMV other,Greenbelt
5845,GREENBANK RD btwn WEST HUNT CLUB RD & FALLOWFIELD RD,362886.9031,5017193.465,-75.75945,45.29229,2017-11-26,7:41:00 PM,03 - Snow,03 - Loose snow,10 - No control,01 - Non intersection,07 - Dark,03 - P.D. only,07 - SMV other,Greenbelt
5846,GREENBANK RD btwn WEST HUNT CLUB RD & FALLOWFIELD RD,361519.4403,5020408.929,-75.77651,45.32134,2017-12-06,2:48:00 PM,01 - Clear,01 - Dry,10 - No control,01 - Non intersection,01 - Daylight,03 - P.D. only,07 - SMV other,Greenbelt
5847,GREENBANK RD btwn WEST HUNT CLUB RD & FALLOWFIELD RD,362689.5513,5017652.41,-75.76191,45.29644,2017-12-13,9:29:00 AM,01 - Clear,06 - Ice,10 - No control,01 - Non intersection,01 - Daylight,02 - Non-fatal injury,07 - SMV other,Greenbelt
5848,GREENBANK RD btwn WEST HUNT CLUB RD & FALLOWFIELD RD,363001.4115,5016918.408,-75.75802,45.28981,2017-12-13,9:58:00 AM,03 - Snow,05 - Packed snow,10 - No control,01 - Non intersection,01 - Daylight,02 - Non-fatal injury,07 - SMV other,Greenbelt
5849,GREENBANK RD btwn WEST HUNT CLUB RD & FALLOWFIELD RD,361517.8951,5020413.564,-75.77653,45.32138,2017-11-21,7:10:00 PM,01 - Clear,01 - Dry,10 - No control,01 - Non intersection,07 - Dark,02 - Non-fatal injury,03 - Rear end,Greenbelt