Record,Location,X,Y,Longitude,Latitude,Date,Time,Environment,Road_Surface,Traffic_Control,Collision_Location,Light,Collision_Classification,Impact_type,Neighborhood
5850,GREENBANK RD btwn WEST HUNT CLUB RD & FALLOWFIELD RD,362286.5366,5018572.793,-75.76694,45.30475,2017-01-29,1:40:00 AM,03 - Snow,03 - Loose snow,10 - No control,01 - Non intersection,07 - Dark,03 - P.D. only,07 - SMV other,Greenbelt
5851,GREENBANK RD btwn WEST HUNT CLUB RD & FALLOWFIELD RD,361870.6298,5019591.499,-75.77213,45.31396,2017-02-14,8:57:00 PM,03 - Snow,03 - Loose snow,10 - No control,01 - Non intersection,07 - Dark,02 - Non-fatal injury,01 - Approaching,Greenbelt
5852,GREENBANK RD btwn WEST HUNT CLUB RD & FALLOWFIELD RD,362684.5693,5017654.095,-75.76197,45.29646,2017-01-27,8:30:00 PM,03 - Snow,06 - Ice,10 - No control,01 - Non intersection,07 - Dark,03 - P.D. only,07 - SMV other,Greenbelt
5853,GREENBANK RD btwn WEST HUNT CLUB RD & FALLOWFIELD RD,362680.1296,5017649.213,-75.76203,45.29641,2017-02-07,8:39:00 AM,03 - Snow,03 - Loose snow,10 - No control,01 - Non intersection,01 - Daylight,02 - Non-fatal injury,01 - Approaching,Greenbelt
5854,GREENBANK RD btwn WEST HUNT CLUB RD & FALLOWFIELD RD,362690.3207,5017648.265,-75.7619,45.2964,2017-02-07,1:24:00 PM,05 - Drifting Snow,03 - Loose snow,10 - No control,01 - Non intersection,01 - Daylight,02 - Non-fatal injury,01 - Approaching,Greenbelt
5855,GREENBANK RD btwn WEST HUNT CLUB RD & FALLOWFIELD RD,362882.6779,5017191.746,-75.7595,45.29228,2017-01-27,8:08:00 PM,04 - Freezing Rain,06 - Ice,10 - No control,01 - Non intersection,07 - Dark,03 - P.D. only,07 - SMV other,Greenbelt
5856,GREENBANK RD btwn WEST HUNT CLUB RD & FALLOWFIELD RD,362981.9633,5016966.79,-75.75826,45.29025,2017-01-04,9:11:00 PM,03 - Snow,06 - Ice,10 - No control,01 - Non intersection,07 - Dark,03 - P.D. only,07 - SMV other,Greenbelt
5857,GREENBANK RD btwn WEST HUNT CLUB RD & FALLOWFIELD RD,363041.8779,5016825.351,-75.75751,45.28897,2017-01-19,10:33:00 AM,01 - Clear,02 - Wet,10 - No control,01 - Non intersection,01 - Daylight,02 - Non-fatal injury,01 - Approaching,Greenbelt
5858,GREENBANK RD btwn WEST HUNT CLUB RD & FALLOWFIELD RD,362251.4152,5018663.092,-75.76738,45.30557,2017-03-24,9:55:00 PM,03 - Snow,03 - Loose snow,10 - No control,01 - Non intersection,07 - Dark,02 - Non-fatal injury,07 - SMV other,Greenbelt
5859,GREENBANK RD btwn WEST HUNT CLUB RD & FALLOWFIELD RD,362269.9805,5018621.624,-75.76714,45.3052,2017-03-24,9:37:00 PM,03 - Snow,03 - Loose snow,10 - No control,01 - Non intersection,07 - Dark,03 - P.D. only,07 - SMV other,Greenbelt
5860,GREENBANK RD btwn WEST HUNT CLUB RD & FALLOWFIELD RD,361679.2113,5020046.344,-75.77451,45.31806,2017-12-19,8:51:00 AM,03 - Snow,03 - Loose snow,10 - No control,01 - Non intersection,01 - Daylight,02 - Non-fatal injury,07 - SMV other,Greenbelt
5861,GREENBANK RD NB btwn TO BE DETERMINED & HWY417 IC129 RAMP51,360559.0682,5023219.517,-75.78844,45.34671,2017-05-23,11:02:00 AM,01 - Clear,01 - Dry,10 - No control,01 - Non intersection,01 - Daylight,03 - P.D. only,03 - Rear end,Iris
5862,GREENBANK RD SB btwn HWY417 IC129 RAMP53 & MORRISON DR,360534.319,5023248.949,-75.78876,45.34697,2017-05-23,2:10:00 PM,01 - Clear,01 - Dry,10 - No control,01 - Non intersection,01 - Daylight,03 - P.D. only,04 - Sideswipe,Iris
5863,GREENBANK RD SB btwn TO BE DETERMINED & MORRISON DR,360552.334,5022991.82,-75.78855,45.34466,2017-11-24,8:52:00 AM,01 - Clear,01 - Dry,10 - No control,01 - Non intersection,01 - Daylight,02 - Non-fatal injury,03 - Rear end,Iris
5864,GREENCREST PL @ NORTHVIEW RD,365290.0338,5025022.516,-75.72785,45.36254,2017-01-30,5:37:00 PM,01 - Clear,01 - Dry,02 - Stop sign,03 - At intersection,05 - Dusk,03 - P.D. only,02 - Angle,Cityview - Skyline - Fisher Heights
5865,GREENFIELD AVE @ MAIN ST,368892.6623,5030816.338,-75.68112,45.41435,2017-10-25,12:03:00 PM,01 - Clear,01 - Dry,01 - Traffic signal,02 - Intersection related,01 - Daylight,03 - P.D. only,04 - Sideswipe,Old Ottawa East
5866,GREENFIELD AVE @ MAIN ST,368890.7688,5030815.392,-75.68114,45.41434,2017-12-11,12:19:00 PM,01 - Clear,01 - Dry,01 - Traffic signal,03 - At intersection,01 - Daylight,03 - P.D. only,02 - Angle,Old Ottawa East
5867,GREENFIELD AVE @ MAIN ST,368892.05,5030816.575,-75.68113,45.41435,2017-12-10,1:58:00 AM,03 - Snow,04 - Slush,01 - Traffic signal,03 - At intersection,07 - Dark,03 - P.D. only,05 - Turning movement,Old Ottawa East
5868,GREENFIELD AVE @ MAIN ST,368892.05,5030817.244,-75.68113,45.41436,2017-11-17,4:20:00 PM,01 - Clear,01 - Dry,01 - Traffic signal,03 - At intersection,05 - Dusk,03 - P.D. only,04 - Sideswipe,Old Ottawa East
5869,GREENFIELD AVE @ MAIN ST,368893.2164,5030816.2,-75.68111,45.41435,2017-01-10,12:55:00 PM,01 - Clear,01 - Dry,01 - Traffic signal,03 - At intersection,01 - Daylight,03 - P.D. only,02 - Angle,Old Ottawa East
5870,GREENFIELD AVE btwn HAVELOCK ST & MONTCALM ST,368973.1002,5030904.366,-75.68008,45.41513,2017-11-07,12:00:00 AM,01 - Clear,01 - Dry,10 - No control,01 - Non intersection,00 - Unknown,03 - P.D. only,06 - SMV unattended vehicle,Old Ottawa East
5871,GREENHAVEN CRES @ WEST RIDGE DR N,349821.7816,5012594.229,-75.92642,45.25187,2017-10-17,4:08:00 PM,01 - Clear,01 - Dry,10 - No control,02 - Intersection related,01 - Daylight,03 - P.D. only,03 - Rear end,Stittsville
5872,GREENLAND RD @ ROCK FOREST RD,340388.1185,5037979.462,-76.04477,45.48083,2017-12-18,6:49:00 AM,03 - Snow,03 - Loose snow,10 - No control,02 - Intersection related,07 - Dark,03 - P.D. only,07 - SMV other,Torwoo
5873,GREENLAND RD btwn Continuation of GREENLAND RD & Continuation of GREEN,343742.3573,5034016.71,-76.00218,45.445,2017-05-06,8:48:00 AM,02 - Rain,02 - Wet,10 - No control,01 - Non intersection,01 - Daylight,03 - P.D. only,07 - SMV other,Car
5874,GREENLAND RD btwn MAST LANE & EAGLE CREEK CRT,341014.7142,5037241.187,-76.03681,45.47416,2017-04-21,7:30:00 AM,01 - Clear,01 - Dry,10 - No control,01 - Non intersection,01 - Daylight,03 - P.D. only,07 - SMV other,Torwoo
5875,GREENLAND RD btwn PINE VALLEY CRT & VANCES SIDE RD,341700.0358,5036412.491,-76.02811,45.46667,2017-12-31,5:45:00 PM,01 - Clear,02 - Wet,10 - No control,01 - Non intersection,07 - Dark,03 - P.D. only,07 - SMV other,Torwoo
5876,GREENLAND RD btwn ROCK FOREST RD & MAST LANE,340860.9511,5037422.365,-76.03877,45.4758,2017-01-28,6:50:00 PM,01 - Clear,02 - Wet,10 - No control,01 - Non intersection,07 - Dark,03 - P.D. only,07 - SMV other,Torwoo
5877,GREENSAND PL @ HUNTSVILLE DR,348545.411,5020070.142,-75.94202,45.31922,2017-09-12,10:14:00 AM,01 - Clear,01 - Dry,10 - No control,02 - Intersection related,01 - Daylight,03 - P.D. only,06 - SMV unattended vehicle,Kanata Lakes - Marchwood Lakeside - Morgan's Grant - Kanata
5878,GREENVIEW AVE btwn DON ST & CARLING AVE,359837.9067,5024986.888,-75.79745,45.36267,2017-09-24,4:12:00 PM,01 - Clear,01 - Dry,10 - No control,01 - Non intersection,01 - Daylight,03 - P.D. only,01 - Approaching,Crystal Bay - Lakeview Park - Britannia Village
5879,GREENVIEW AVE btwn DON ST & CARLING AVE,359919.7625,5024916.507,-75.79641,45.36203,2017-09-18,2:06:00 PM,01 - Clear,01 - Dry,10 - No control,01 - Non intersection,01 - Daylight,03 - P.D. only,01 - Approaching,Woodroffe - Lincoln Heights
5880,GREGOIRE RD btwn VICTORIA ST & RAY WILSON RD,391575.3391,5012997.531,-75.39448,45.25159,2017-02-05,11:24:00 AM,01 - Clear,03 - Loose snow,10 - No control,01 - Non intersection,01 - Daylight,03 - P.D. only,07 - SMV other,Osgoode
5881,GRENFELL CRES @ SLACK RD,365825.6998,5020853.73,-75.72153,45.32498,2017-12-12,9:43:00 AM,03 - Snow,03 - Loose snow,02 - Stop sign,02 - Intersection related,01 - Daylight,03 - P.D. only,02 - Angle,Merivale Gardens - Grenfell Glen - Pineglen - Country Place
5882,GRENFELL CRES @ WOODROFFE AVE,364544.6916,5019226.807,-75.73807,45.31045,2017-11-27,6:25:00 PM,01 - Clear,01 - Dry,02 - Stop sign,03 - At intersection,07 - Dark,03 - P.D. only,02 - Angle,Merivale Gardens - Grenfell Glen - Pineglen - Country Place
5883,GRENON AVE @ RICHMOND RD,359806.6705,5024032.8,-75.79795,45.35408,2017-10-20,12:17:00 PM,01 - Clear,01 - Dry,01 - Traffic signal,03 - At intersection,01 - Daylight,03 - P.D. only,05 - Turning movement,Whitehaven - Queensway Terrace North
5884,GRENON AVE @ RICHMOND RD,359806.6705,5024034.636,-75.79795,45.3541,2017-02-10,8:20:00 AM,01 - Clear,02 - Wet,01 - Traffic signal,02 - Intersection related,01 - Daylight,02 - Non-fatal injury,03 - Rear end,Whitehaven - Queensway Terrace North
5885,GRENON AVE @ RICHMOND RD,359808.3427,5024034.179,-75.79793,45.3541,2017-03-27,3:34:00 PM,02 - Rain,02 - Wet,01 - Traffic signal,03 - At intersection,01 - Daylight,03 - P.D. only,01 - Approaching,Whitehaven - Queensway Terrace North
5886,GRENON AVE btwn CARLING AVE & MICHELE DR,359630.739,5024261.299,-75.80017,45.35615,2017-03-25,12:00:00 AM,01 - Clear,03 - Loose snow,10 - No control,01 - Non intersection,00 - Unknown,03 - P.D. only,06 - SMV unattended vehicle,Whitehaven - Queensway Terrace North
5887,GRENON AVE btwn MICHELE DR & RICHMOND RD,359720.9175,5024089.684,-75.79904,45.3546,2017-01-19,12:04:00 PM,01 - Clear,04 - Slush,10 - No control,01 - Non intersection,01 - Daylight,03 - P.D. only,99 - Other,Whitehaven - Queensway Terrace North
5888,GRENON AVE btwn MICHELE DR & RICHMOND RD,359692.4007,5024120.392,-75.7994,45.35488,2017-03-24,7:32:00 PM,03 - Snow,03 - Loose snow,10 - No control,01 - Non intersection,07 - Dark,03 - P.D. only,06 - SMV unattended vehicle,Whitehaven - Queensway Terrace North
5889,GRENWICH CIRC btwn Continuation of GRENWICH CIRC & Continuation of GRE,364248.4812,5025681.913,-75.74107,45.36856,2017-11-13,10:12:00 AM,01 - Clear,01 - Dry,10 - No control,01 - Non intersection,01 - Daylight,03 - P.D. only,07 - SMV other,Civic Hospital - Experimental Farm - Central Park
5890,GREY FOX DR btwn TO BE DETERMINED & MARCH RD,336341.3497,5016476.897,-76.09791,45.28754,2017-10-22,9:17:00 PM,01 - Clear,01 - Dry,10 - No control,01 - Non intersection,07 - Dark,03 - P.D. only,07 - SMV other,Carp - Hardwood Plains
5891,GREY NUNS DR @ MEADOWVIEW CRES W,379718.2017,5037059.429,-75.54187,45.46944,2017-11-21,4:38:00 PM,01 - Clear,01 - Dry,10 - No control,02 - Intersection related,05 - Dusk,03 - P.D. only,07 - SMV other,Industrial Park
5892,GREY SEAL CIRC btwn BOOKTON PL & NORTH BLUFF DR,369429.824,5016366.081,-75.67615,45.28428,2017-03-07,12:00:00 AM,04 - Freezing Rain,06 - Ice,10 - No control,01 - Non intersection,07 - Dark,03 - P.D. only,06 - SMV unattended vehicle,Gloucester
5893,GREY'S CREEK RD @ SNAKE ISLAND RD,381964.118,5009057.414,-75.51752,45.21725,2017-03-04,12:24:00 PM,01 - Clear,01 - Dry,02 - Stop sign,02 - Intersection related,01 - Daylight,03 - P.D. only,07 - SMV other,Metcalfe
5894,GROSVENOR AVE @ SUNNYSIDE AVE,368540.3406,5028464.55,-75.68592,45.39322,2017-09-19,5:00:00 PM,01 - Clear,01 - Dry,02 - Stop sign,03 - At intersection,01 - Daylight,02 - Non-fatal injury,02 - Angle,Old Ottawa South
5895,GROVE AVE @ SENECA ST,368346.03,5028070.681,-75.68846,45.38969,2017-12-29,6:00:00 PM,01 - Clear,02 - Wet,02 - Stop sign,02 - Intersection related,07 - Dark,03 - P.D. only,07 - SMV other,Old Ottawa South
5896,GROVEMONT DR btwn YORKWOOD PL & AQUAPASS PL,366577.9521,5014767.667,-75.71269,45.27015,2017-04-30,12:00:00 AM,02 - Rain,02 - Wet,10 - No control,01 - Non intersection,00 - Unknown,03 - P.D. only,06 - SMV unattended vehicle,Chapman Mills - Rideau Crest - Davidson Heights
5897,GUIGUES AVE @ KING EDWARD AVE,368202.0359,5032902.256,-75.68967,45.43318,2017-09-10,4:25:00 PM,01 - Clear,01 - Dry,02 - Stop sign,02 - Intersection related,01 - Daylight,03 - P.D. only,04 - Sideswipe,Lower Town
5898,GUIGUES AVE @ KING EDWARD AVE,368200.7556,5032902.823,-75.68969,45.43318,2017-09-22,9:14:00 PM,01 - Clear,01 - Dry,02 - Stop sign,02 - Intersection related,07 - Dark,02 - Non-fatal injury,05 - Turning movement,Lower Town
5899,GUIGUES AVE btwn CUMBERLAND ST & KING EDWARD AVE,368152.5895,5032870.269,-75.69031,45.4329,2017-01-17,12:00:00 AM,04 - Freezing Rain,04 - Slush,10 - No control,01 - Non intersection,00 - Unknown,03 - P.D. only,06 - SMV unattended vehicle,Lower Town
5900,GUIGUES AVE btwn CUMBERLAND ST & KING EDWARD AVE,368140.8314,5032863.306,-75.69046,45.43283,2017-03-29,12:00:00 AM,01 - Clear,01 - Dry,10 - No control,01 - Non intersection,00 - Unknown,03 - P.D. only,06 - SMV unattended vehicle,Lower Town
5901,GULF PL btwn HOCHELAGA ST & THE ROCKERY PRIV,373135.3973,5034406.811,-75.62642,45.44625,2017-09-13,12:00:00 AM,01 - Clear,01 - Dry,10 - No control,01 - Non intersection,00 - Unknown,03 - P.D. only,06 - SMV unattended vehicle,Carson Grove - Carson Meadows
5902,GURDWARA RD btwn LASER ST & END (2),367118.2165,5022465.964,-75.70484,45.33937,2017-10-30,12:00:00 AM,01 - Clear,01 - Dry,10 - No control,01 - Non intersection,00 - Unknown,03 - P.D. only,06 - SMV unattended vehicle,Industrial Park
5903,HAANEL DR btwn TIMM DR & ROBERTSON RD,354917.6631,5019330.066,-75.86082,45.31213,2017-08-16,10:20:00 PM,01 - Clear,01 - Dry,10 - No control,01 - Non intersection,07 - Dark,03 - P.D. only,07 - SMV other,Greenbelt
5904,HADLEY CIRC @ MOODIE DR,357137.6516,5020301.149,-75.83241,45.32071,2017-04-25,3:40:00 PM,02 - Rain,02 - Wet,02 - Stop sign,02 - Intersection related,01 - Daylight,03 - P.D. only,02 - Angle,Bells Corners West
5905,HAIG DR @ RUSSELL RD,372730.7306,5029659.939,-75.63225,45.40358,2017-03-26,2:17:00 PM,01 - Clear,01 - Dry,01 - Traffic signal,02 - Intersection related,01 - Daylight,03 - P.D. only,03 - Rear end,Elmvale - Eastway - Riverview - Riverview Park West
5906,HAIG DR @ SMYTH RD,372565.7282,5029298.548,-75.6344,45.40035,2017-06-26,1:57:00 PM,01 - Clear,01 - Dry,01 - Traffic signal,03 - At intersection,01 - Daylight,02 - Non-fatal injury,02 - Angle,Elmvale - Eastway - Riverview - Riverview Park West
5907,HAIG DR @ SMYTH RD,372564.3905,5029299.217,-75.63442,45.40035,2017-05-04,4:19:00 PM,01 - Clear,01 - Dry,01 - Traffic signal,03 - At intersection,01 - Daylight,02 - Non-fatal injury,05 - Turning movement,Elmvale - Eastway - Riverview - Riverview Park West
5908,HAIG DR @ SMYTH RD,372564.3905,5029299.217,-75.63442,45.40035,2017-07-05,8:20:00 PM,01 - Clear,01 - Dry,01 - Traffic signal,03 - At intersection,01 - Daylight,02 - Non-fatal injury,05 - Turning movement,Elmvale - Eastway - Riverview - Riverview Park West
5909,HAIG DR @ SMYTH RD,372565.8336,5029298.708,-75.6344,45.40035,2017-02-07,1:20:00 AM,03 - Snow,05 - Packed snow,01 - Traffic signal,02 - Intersection related,07 - Dark,02 - Non-fatal injury,05 - Turning movement,Elmvale - Eastway - Riverview - Riverview Park West
5910,HAIG DR btwn FLEMING AVE & KILBORN AVE,372531.4891,5028133.163,-75.635,45.38986,2017-01-11,12:00:00 AM,01 - Clear,02 - Wet,10 - No control,01 - Non intersection,00 - Unknown,03 - P.D. only,06 - SMV unattended vehicle,Urbandale
5911,HAIG DR btwn RAGLAN AVE & SAUNDERSON DR,372547.6411,5029465.852,-75.63461,45.40185,2017-10-12,3:11:00 PM,01 - Clear,01 - Dry,10 - No control,01 - Non intersection,01 - Daylight,02 - Non-fatal injury,06 - SMV unattended vehicle,Elmvale - Eastway - Riverview - Riverview Park West
5912,HAIG DR btwn RAGLAN AVE & SMYTH RD,372556.7293,5029372.182,-75.63451,45.40101,2017-06-15,2:53:00 PM,01 - Clear,01 - Dry,10 - No control,01 - Non intersection,01 - Daylight,03 - P.D. only,06 - SMV unattended vehicle,Elmvale - Eastway - Riverview - Riverview Park West
5913,HAILEYBURY ST/ LEAMINGTON WAY @ PAUL METIVIER DR,365199.323,5014348.6,-75.73031,45.2665,2017-06-12,5:10:00 PM,01 - Clear,01 - Dry,02 - Stop sign,03 - At intersection,01 - Daylight,02 - Non-fatal injury,02 - Angle,New Barrhaven
5914,HALF MOON BAY btwn ESPIN HTS & TUCANA WAY,364973.29,5013437.426,-75.7333,45.25832,2017-12-21,4:00:00 PM,01 - Clear,03 - Loose snow,10 - No control,01 - Non intersection,05 - Dusk,03 - P.D. only,01 - Approaching,New Barrhaven
5915,HALIBURTON HGTS @ SHINNY AVE,352904.3108,5014335.486,-75.88698,45.26733,2017-12-27,8:30:00 AM,01 - Clear,06 - Ice,10 - No control,03 - At intersection,01 - Daylight,03 - P.D. only,02 - Angle,Stittsville - Basswood
5916,HALIFAX DR @ WALKLEY RD,373642.9865,5027899.168,-75.62084,45.38765,2017-02-15,8:24:00 AM,03 - Snow,04 - Slush,01 - Traffic signal,02 - Intersection related,01 - Daylight,03 - P.D. only,05 - Turning movement,Urbandale
5917,HALIFAX DR @ WALKLEY RD,373644.0715,5027899.543,-75.62083,45.38765,2017-03-11,4:30:00 PM,01 - Clear,01 - Dry,01 - Traffic signal,02 - Intersection related,01 - Daylight,03 - P.D. only,03 - Rear end,Urbandale
5918,HALIFAX DR @ WALKLEY RD,373642.9865,5027899.919,-75.62084,45.38766,2017-02-23,11:53:00 PM,01 - Clear,01 - Dry,01 - Traffic signal,02 - Intersection related,07 - Dark,02 - Non-fatal injury,03 - Rear end,Urbandale
5919,HALIFAX DR @ WALKLEY RD,373644.6838,5027899.307,-75.62082,45.38765,2017-12-28,4:05:00 PM,01 - Clear,01 - Dry,01 - Traffic signal,03 - At intersection,05 - Dusk,03 - P.D. only,02 - Angle,Urbandale
5920,HALL RD btwn LEITRIM RD & END,383945.1499,5027133.92,-75.48942,45.37968,2017-10-02,12:08:00 PM,01 - Clear,01 - Dry,10 - No control,01 - Non intersection,01 - Daylight,03 - P.D. only,07 - SMV other,Greenbelt
5921,HALLEY ST btwn PEPPERRALL CRES & TARTAN DR,363024.4083,5014381.614,-75.75802,45.26698,2017-04-21,7:31:00 PM,02 - Rain,02 - Wet,10 - No control,01 - Non intersection,05 - Dusk,03 - P.D. only,99 - Other,Barrhaven West - Old Barrhaven
5922,HALLEY ST btwn TARTAN DR & ALFA ST,362586.0071,5013970.384,-75.76366,45.26332,2017-12-01,8:51:00 AM,01 - Clear,01 - Dry,10 - No control,04 - At/near private drive,01 - Daylight,03 - P.D. only,99 - Other,New Barrhaven
5923,HALTON TER btwn BANNOCK CRES & FLAMBOROUGH WAY,349232.4474,5023331.071,-75.93297,45.34852,2017-02-26,4:43:00 AM,03 - Snow,03 - Loose snow,10 - No control,01 - Non intersection,07 - Dark,03 - P.D. only,06 - SMV unattended vehicle,Morgan's Grant
5924,HALTON TER btwn DUNOLLIE CRES & MCBRIEN ST,348699.2999,5024088.634,-75.9397,45.35537,2017-04-05,11:50:00 AM,01 - Clear,01 - Dry,10 - No control,01 - Non intersection,01 - Daylight,03 - P.D. only,99 - Other,Morgan's Grant
5925,HALTON TERR/MAXWELL BRIDGE RD @ MARCH RD,348932.0664,5024423.102,-75.9367,45.35836,2017-06-22,10:59:00 AM,01 - Clear,01 - Dry,01 - Traffic signal,02 - Intersection related,01 - Daylight,03 - P.D. only,99 - Other,South March
5926,HALTON TERR/MAXWELL BRIDGE RD @ MARCH RD,348932.128,5024423.027,-75.9367,45.35836,2017-11-28,10:03:00 PM,02 - Rain,02 - Wet,01 - Traffic signal,03 - At intersection,07 - Dark,02 - Non-fatal injury,07 - SMV other,South March
5927,HALTON TERR/MAXWELL BRIDGE RD @ MARCH RD,348930.4171,5024420.763,-75.93672,45.35834,2017-04-19,2:14:00 PM,02 - Rain,02 - Wet,01 - Traffic signal,03 - At intersection,01 - Daylight,02 - Non-fatal injury,02 - Angle,Kanata Lakes - Marchwood Lakeside - Morgan's Grant - Kanata
5928,HALYARD WAY btwn BRETTONWOOD RIDGE & CLONRUSH WAY,348994.7806,5018418.501,-75.93644,45.30433,2017-05-17,7:00:00 AM,01 - Clear,01 - Dry,10 - No control,04 - At/near private drive,01 - Daylight,03 - P.D. only,99 - Other,Kanata Lakes - Marchwood Lakeside - Morgan's Grant - Kanata
5929,HALYARD WAY btwn BRETTONWOOD RIDGE & CLONRUSH WAY,349087.88,5018525.099,-75.93524,45.30528,2017-06-21,8:58:00 AM,01 - Clear,01 - Dry,10 - No control,04 - At/near private drive,01 - Daylight,03 - P.D. only,06 - SMV unattended vehicle,Kanata Lakes - Marchwood Lakeside - Morgan's Grant - Kanata
5930,HAMILTON AVE   N btwn ARMSTRONG ST & WELLINGTON ST W,365023.7077,5029359.356,-75.73072,45.40158,2017-05-22,2:15:00 PM,02 - Rain,02 - Wet,10 - No control,01 - Non intersection,01 - Daylight,03 - P.D. only,06 - SMV unattended vehicle,Islan
5931,HAMILTON AVE   N btwn ARMSTRONG ST & WELLINGTON ST W,365075.1616,5029237.161,-75.73008,45.40048,2017-08-10,7:54:00 PM,01 - Clear,01 - Dry,10 - No control,01 - Non intersection,01 - Daylight,03 - P.D. only,06 - SMV unattended vehicle,Islan
5932,HAMILTON AVE   N btwn ARMSTRONG ST & WELLINGTON ST W,365028.073,5029344.462,-75.73067,45.40145,2017-10-21,10:24:00 PM,01 - Clear,01 - Dry,10 - No control,01 - Non intersection,07 - Dark,03 - P.D. only,02 - Angle,Islan
5933,HAMILTON AVE   N btwn WELLINGTON ST W & TYNDALL ST,365167.9551,5029024.769,-75.72892,45.39856,2017-07-29,10:00:00 PM,01 - Clear,01 - Dry,10 - No control,01 - Non intersection,99 - Other,03 - P.D. only,06 - SMV unattended vehicle,Islan
5934,HAMILTON ST @ MCBEAN ST,356880.2647,5006102.601,-75.83718,45.19297,2017-01-21,2:05:00 AM,01 - Clear,02 - Wet,02 - Stop sign,03 - At intersection,07 - Dark,03 - P.D. only,02 - Angle,Richmond
5935,HAMLET RD @ OTHELLO AVE,373262.9344,5029288.171,-75.6255,45.40018,2017-09-08,3:29:00 PM,01 - Clear,01 - Dry,03 - Yield sign,03 - At intersection,01 - Daylight,03 - P.D. only,02 - Angle,Elmvale - Eastway - Riverview - Riverview Park West
5936,HANCOCK CRES @ PRINCESS LOUISE DR S,384076.7736,5038193.206,-75.48596,45.47916,2017-05-08,1:55:00 PM,01 - Clear,01 - Dry,02 - Stop sign,02 - Intersection related,01 - Daylight,02 - Non-fatal injury,07 - SMV other,Fallingbrook
5937,HANNAH ST btwn ETHEL ST & CARILLON ST,370151.1898,5033426.822,-75.6647,45.43772,2017-05-18,12:00:00 AM,01 - Clear,01 - Dry,10 - No control,01 - Non intersection,00 - Unknown,03 - P.D. only,06 - SMV unattended vehicle,Vanier North
5938,HARBOUR ST btwn CREEK DR & FITZROY ST,326926.4957,5036906.347,-76.21701,45.47173,2017-07-02,3:49:00 AM,01 - Clear,01 - Dry,10 - No control,01 - Non intersection,07 - Dark,03 - P.D. only,06 - SMV unattended vehicle,Fitzro
5939,HARBOUR ST btwn LEARMONTH AVE & TO BE DETERMINED,328047.6151,5035483.123,-76.20274,45.45889,2017-03-08,6:29:00 AM,01 - Clear,06 - Ice,10 - No control,01 - Non intersection,01 - Daylight,02 - Non-fatal injury,07 - SMV other,Fitzroy
5940,HARDING RD @ SAMUEL DR W,372872.2311,5027856.193,-75.63069,45.38734,2017-01-25,9:22:00 AM,01 - Clear,02 - Wet,02 - Stop sign,02 - Intersection related,01 - Daylight,03 - P.D. only,03 - Rear end,Urbandale
5941,HARDING RD @ WALKLEY RD,373149.0652,5027607.866,-75.62719,45.38508,2017-06-30,5:05:00 PM,01 - Clear,01 - Dry,01 - Traffic signal,03 - At intersection,01 - Daylight,02 - Non-fatal injury,05 - Turning movement,Urbandale
5942,HARDING RD @ WALKLEY RD,373148.2838,5027607.865,-75.6272,45.38508,2017-07-31,8:34:00 AM,01 - Clear,01 - Dry,01 - Traffic signal,03 - At intersection,01 - Daylight,02 - Non-fatal injury,02 - Angle,Urbandale
5943,HARDING RD @ WALKLEY RD,373147.5277,5027607.633,-75.62721,45.38507,2017-07-25,2:45:00 PM,01 - Clear,01 - Dry,01 - Traffic signal,02 - Intersection related,01 - Daylight,02 - Non-fatal injury,03 - Rear end,Urbandale
5944,HARDING RD @ WALKLEY RD,373148.2838,5027609.653,-75.6272,45.38509,2017-09-12,3:56:00 PM,01 - Clear,01 - Dry,01 - Traffic signal,03 - At intersection,01 - Daylight,03 - P.D. only,05 - Turning movement,Urbandale
5945,HARDING RD @ WALKLEY RD,373149.0652,5027609.204,-75.62719,45.38509,2017-04-12,1:17:00 PM,01 - Clear,01 - Dry,01 - Traffic signal,03 - At intersection,01 - Daylight,02 - Non-fatal injury,02 - Angle,Urbandale
5946,HARKNESS AVE @ WEXFORD WAY,369305.3334,5025430.431,-75.67655,45.36585,2017-08-31,12:00:00 AM,01 - Clear,01 - Dry,02 - Stop sign,02 - Intersection related,00 - Unknown,03 - P.D. only,06 - SMV unattended vehicle,Riverside Park
5947,HARMATTAN AVE btwn MONCAO LANE & ROSEHILL AVE,350446.5371,5016772.571,-75.91808,45.28943,2017-08-18,7:50:00 AM,02 - Rain,02 - Wet,10 - No control,01 - Non intersection,01 - Daylight,03 - P.D. only,06 - SMV unattended vehicle,Stittsville
5948,HARMER AVE   N btwn BYRON AVE & KENORA ST,364894.9065,5028814.664,-75.73244,45.39669,2017-11-07,1:04:00 PM,01 - Clear,01 - Dry,10 - No control,01 - Non intersection,01 - Daylight,02 - Non-fatal injury,07 - SMV other,Island Park
5949,HARMER AVE   N btwn WELLINGTON ST W & BYRON AVE,364854.2352,5028908.071,-75.73294,45.39754,2017-08-28,8:31:00 AM,01 - Clear,01 - Dry,10 - No control,01 - Non intersection,01 - Daylight,03 - P.D. only,07 - SMV other,Island Park