Record,Location,X,Y,Longitude,Latitude,Date,Time,Environment,Road_Surface,Traffic_Control,Collision_Location,Light,Collision_Classification,Impact_type,Neighborhood
5950,HARMER AVE   N btwn WELLINGTON ST W & BYRON AVE,364802.9447,5029030.802,-75.73358,45.39864,2017-11-10,2:03:00 PM,01 - Clear,01 - Dry,10 - No control,01 - Non intersection,01 - Daylight,03 - P.D. only,06 - SMV unattended vehicle,Island Park
5951,HARRIS PL @ ROWLEY AVE,364279.643,5023500.25,-75.74093,45.34893,2017-12-17,9:43:00 AM,01 - Clear,05 - Packed snow,02 - Stop sign,03 - At intersection,01 - Daylight,03 - P.D. only,04 - Sideswipe,Crestview - Meadowlands
5952,HARRY DOUGLAS DR btwn QUARTZ CRES & IBER RD,351507.8397,5015109.809,-75.90471,45.27439,2017-04-18,7:16:00 AM,01 - Clear,01 - Dry,10 - No control,01 - Non intersection,01 - Daylight,02 - Non-fatal injury,06 - SMV unattended vehicle,Stittsville
5953,HART RD @ ST. JOSEPH BLVD,377602.0687,5035610.919,-75.56915,45.45663,2017-05-10,5:18:00 PM,01 - Clear,01 - Dry,02 - Stop sign,02 - Intersection related,01 - Daylight,03 - P.D. only,07 - SMV other,Greenbelt
5954,HARTHILL WAY btwn TARTAN DR & BROXBURN CRES,362580.3941,5013745.056,-75.76375,45.26129,2017-07-21,6:32:00 PM,01 - Clear,01 - Dry,10 - No control,01 - Non intersection,01 - Daylight,02 - Non-fatal injury,03 - Rear end,New Barrhaven
5955,HARTHILL WAY btwn TARTAN DR & BROXBURN CRES,362579.8451,5013749.01,-75.76376,45.26133,2017-01-16,12:00:00 AM,01 - Clear,01 - Dry,10 - No control,01 - Non intersection,00 - Unknown,03 - P.D. only,06 - SMV unattended vehicle,New Barrhaven
5956,HARTLEIGH AVE btwn LAWN AVE & CARLING AVE,361338.2702,5025651.947,-75.77822,45.36853,2017-12-17,6:30:00 AM,01 - Clear,03 - Loose snow,10 - No control,04 - At/near private drive,07 - Dark,03 - P.D. only,06 - SMV unattended vehicle,Carlingwood West - Glabar Park - McKellar Heights
5957,HARVARD AVE btwn CAMERON AVE & CHESLEY ST,368894.3967,5028209.214,-75.68144,45.39089,2017-04-24,12:00:00 AM,01 - Clear,01 - Dry,10 - No control,01 - Non intersection,00 - Unknown,03 - P.D. only,06 - SMV unattended vehicle,Old Ottawa South
5958,HARVARD AVE btwn CHESLEY ST & RALEIGH ST,368948.0344,5028151.807,-75.68076,45.39037,2017-04-27,12:00:00 AM,02 - Rain,02 - Wet,10 - No control,01 - Non intersection,00 - Unknown,03 - P.D. only,06 - SMV unattended vehicle,Old Ottawa South
5959,HARVEST VALLEY AVE btwn SPARKMAN AVE & END,384768.9973,5034420.513,-75.47772,45.44514,2017-10-31,5:09:00 PM,01 - Clear,01 - Dry,10 - No control,01 - Non intersection,01 - Daylight,02 - Non-fatal injury,07 - SMV other,Avalon
5960,HARVEST VALLEY AVE btwn SPARKMAN AVE & END,384834.9821,5034452.024,-75.47687,45.44542,2017-12-29,7:19:00 PM,01 - Clear,03 - Loose snow,10 - No control,01 - Non intersection,07 - Dark,03 - P.D. only,06 - SMV unattended vehicle,Avalon
5961,HARVEST VALLEY AVE btwn SPARKMAN AVE & TENTH LINE RD,384774.2278,5034423.405,-75.47765,45.44517,2017-12-27,12:58:00 PM,03 - Snow,05 - Packed snow,10 - No control,04 - At/near private drive,01 - Daylight,03 - P.D. only,02 - Angle,Avalon
5962,HARVEST VALLEY AVE W @ LAKERIDGE DR,385017.3628,5034534.209,-75.47453,45.44613,2017-05-25,11:04:00 PM,02 - Rain,02 - Wet,02 - Stop sign,02 - Intersection related,07 - Dark,03 - P.D. only,03 - Rear end,Avalon
5963,HARVEST VALLEY AVE/SWEETVALLEY DR @ TENTH LINE RD,384697.1996,5034388.902,-75.47864,45.44486,2017-06-15,11:26:00 PM,02 - Rain,02 - Wet,02 - Stop sign,02 - Intersection related,07 - Dark,03 - P.D. only,03 - Rear end,Avalon
5964,HARVEST VALLEY AVE/SWEETVALLEY DR @ TENTH LINE RD,384697.1996,5034388.902,-75.47864,45.44486,2017-03-03,9:55:00 PM,01 - Clear,01 - Dry,02 - Stop sign,03 - At intersection,07 - Dark,03 - P.D. only,02 - Angle,Avalon
5965,HARVEY ST @ MAIN ST,368925.2835,5030742.352,-75.68071,45.41368,2017-08-21,1:30:00 PM,01 - Clear,01 - Dry,02 - Stop sign,03 - At intersection,01 - Daylight,02 - Non-fatal injury,05 - Turning movement,Old Ottawa East
5966,HARVEY ST btwn ECHO DR & MAIN ST,368827.8276,5030708.139,-75.68196,45.41338,2017-04-13,12:00:00 AM,01 - Clear,01 - Dry,10 - No control,01 - Non intersection,00 - Unknown,03 - P.D. only,06 - SMV unattended vehicle,Old Ottawa East
5967,HARWOOD AVE @ PINECREST RD,360209.3407,5024121.177,-75.7928,45.35485,2017-03-07,1:09:00 AM,01 - Clear,06 - Ice,02 - Stop sign,03 - At intersection,07 - Dark,03 - P.D. only,02 - Angle,Whitehaven - Queensway Terrace North
5968,HATCHLEY RD @ DEVONWOOD CIRC W,375561.4376,5020355.735,-75.59742,45.31959,2017-01-09,4:04:00 PM,01 - Clear,06 - Ice,02 - Stop sign,02 - Intersection related,05 - Dusk,03 - P.D. only,01 - Approaching,Greenbelt
5969,HATFIELD CRES btwn TO BE DETERMINED & TAMMY ST (2),383131.6483,5037666.983,-75.49813,45.47453,2017-01-01,7:29:00 PM,03 - Snow,03 - Loose snow,10 - No control,04 - At/near private drive,07 - Dark,03 - P.D. only,06 - SMV unattended vehicle,Queenswood Heights
5970,HAWKBIRCH ST @ MEADOWBREEZE DR,356351.5594,5015325.912,-75.84295,45.276,2017-11-27,7:15:00 AM,03 - Snow,05 - Packed snow,10 - No control,02 - Intersection related,03 - Dawn,03 - P.D. only,07 - SMV other,Bridlewood - Emerald Meadows
5971,HAWTHORNE AVE @ MAIN ST,368971.0441,5030634.574,-75.68014,45.4127,2017-05-18,9:11:00 PM,01 - Clear,01 - Dry,01 - Traffic signal,03 - At intersection,07 - Dark,03 - P.D. only,05 - Turning movement,Old Ottawa East
5972,HAWTHORNE AVE @ MAIN ST,368970.7096,5030631.384,-75.68015,45.41268,2017-12-11,10:42:00 AM,01 - Clear,01 - Dry,01 - Traffic signal,02 - Intersection related,01 - Daylight,03 - P.D. only,05 - Turning movement,Old Ottawa East
5973,HAWTHORNE AVE @ MAIN ST,368969.2895,5030631.857,-75.68016,45.41268,2017-12-13,4:10:00 PM,01 - Clear,04 - Slush,01 - Traffic signal,03 - At intersection,05 - Dusk,03 - P.D. only,05 - Turning movement,Old Ottawa East
5974,HAWTHORNE AVE @ MAIN ST,368969.7063,5030633.236,-75.68016,45.41269,2017-12-05,7:30:00 AM,01 - Clear,01 - Dry,01 - Traffic signal,02 - Intersection related,03 - Dawn,03 - P.D. only,04 - Sideswipe,Old Ottawa East
5975,HAWTHORNE AVE @ MAIN ST,368970.3752,5030633.236,-75.68015,45.41269,2017-03-24,10:44:00 AM,03 - Snow,03 - Loose snow,01 - Traffic signal,03 - At intersection,01 - Daylight,03 - P.D. only,05 - Turning movement,Old Ottawa East
5976,HAWTHORNE AVE btwn ISABELLA ST & COLONEL BY DR,368753.7625,5030518.331,-75.68293,45.41168,2017-07-28,3:00:00 PM,01 - Clear,01 - Dry,10 - No control,01 - Non intersection,01 - Daylight,03 - P.D. only,07 - SMV other,Old Ottawa East
5977,HAWTHORNE AVE/ISABELLA ST @ QUEEN ELIZABETH DR,368666.0517,5030476.961,-75.68406,45.41131,2017-06-21,3:25:00 PM,01 - Clear,01 - Dry,01 - Traffic signal,02 - Intersection related,01 - Daylight,03 - P.D. only,03 - Rear end,The Glebe
5978,HAWTHORNE AVE/ISABELLA ST @ QUEEN ELIZABETH DR,368666.0982,5030476.166,-75.68406,45.41131,2017-05-20,3:00:00 PM,01 - Clear,01 - Dry,01 - Traffic signal,03 - At intersection,01 - Daylight,02 - Non-fatal injury,07 - SMV other,The Glebe
5979,HAWTHORNE AVE/ISABELLA ST @ QUEEN ELIZABETH DR,368665.1644,5030476.419,-75.68407,45.41131,2017-07-28,7:53:00 AM,01 - Clear,01 - Dry,01 - Traffic signal,03 - At intersection,01 - Daylight,02 - Non-fatal injury,05 - Turning movement,The Glebe
5980,HAWTHORNE AVE/ISABELLA ST @ QUEEN ELIZABETH DR,368665.2523,5030476.343,-75.68407,45.41131,2017-07-21,7:17:00 PM,01 - Clear,01 - Dry,01 - Traffic signal,03 - At intersection,01 - Daylight,03 - P.D. only,02 - Angle,The Glebe
5981,HAWTHORNE AVE/ISABELLA ST @ QUEEN ELIZABETH DR,368666.2704,5030476.343,-75.68406,45.41131,2017-08-26,6:00:00 PM,01 - Clear,01 - Dry,01 - Traffic signal,02 - Intersection related,01 - Daylight,03 - P.D. only,99 - Other,The Glebe
5982,HAWTHORNE AVE/ISABELLA ST @ QUEEN ELIZABETH DR,368665.7115,5030475.479,-75.68406,45.4113,2017-09-21,3:10:00 PM,01 - Clear,01 - Dry,01 - Traffic signal,02 - Intersection related,01 - Daylight,03 - P.D. only,03 - Rear end,The Glebe
5983,HAWTHORNE AVE/ISABELLA ST @ QUEEN ELIZABETH DR,368664.9682,5030476.644,-75.68407,45.41131,2017-11-01,7:21:00 PM,02 - Rain,02 - Wet,01 - Traffic signal,03 - At intersection,07 - Dark,02 - Non-fatal injury,07 - SMV other,The Glebe
5984,HAWTHORNE AVE/ISABELLA ST @ QUEEN ELIZABETH DR,368664.9849,5030477.753,-75.68407,45.41132,2017-02-07,2:45:00 PM,01 - Clear,02 - Wet,01 - Traffic signal,02 - Intersection related,01 - Daylight,03 - P.D. only,03 - Rear end,The Glebe
5985,HAWTHORNE AVE/ISABELLA ST @ QUEEN ELIZABETH DR,368664.9682,5030477.313,-75.68407,45.41132,2017-04-13,8:48:00 PM,01 - Clear,01 - Dry,01 - Traffic signal,02 - Intersection related,07 - Dark,03 - P.D. only,04 - Sideswipe,The Glebe
5986,HAWTHORNE AVE/ISABELLA ST @ QUEEN ELIZABETH DR,368665.7115,5030476.572,-75.68406,45.41131,2017-06-26,1:00:00 AM,01 - Clear,01 - Dry,01 - Traffic signal,02 - Intersection related,07 - Dark,03 - P.D. only,03 - Rear end,The Glebe
5987,HAWTHORNE AVE/ISABELLA ST @ QUEEN ELIZABETH DR,368665.2336,5030476.811,-75.68407,45.41131,2017-12-31,12:21:00 AM,01 - Clear,06 - Ice,01 - Traffic signal,03 - At intersection,07 - Dark,03 - P.D. only,02 - Angle,The Glebe
5988,HAWTHORNE AVE/ISABELLA ST @ QUEEN ELIZABETH DR,368665.7115,5030476.572,-75.68406,45.41131,2017-07-07,8:30:00 AM,01 - Clear,01 - Dry,01 - Traffic signal,02 - Intersection related,01 - Daylight,03 - P.D. only,02 - Angle,The Glebe
5989,HAWTHORNE RD @ HUNT CLUB RD,375508.0844,5026407.198,-75.59724,45.37404,2017-05-20,12:52:00 PM,01 - Clear,01 - Dry,01 - Traffic signal,03 - At intersection,01 - Daylight,02 - Non-fatal injury,07 - SMV other,Industrial Park
5990,HAWTHORNE RD @ HUNT CLUB RD,375509.4221,5026405.86,-75.59722,45.37403,2017-05-27,7:01:00 PM,01 - Clear,01 - Dry,01 - Traffic signal,02 - Intersection related,01 - Daylight,02 - Non-fatal injury,03 - Rear end,Industrial Park
5991,HAWTHORNE RD @ HUNT CLUB RD,375508.7532,5026406.529,-75.59723,45.37403,2017-05-23,2:35:00 PM,01 - Clear,01 - Dry,01 - Traffic signal,02 - Intersection related,01 - Daylight,02 - Non-fatal injury,03 - Rear end,Industrial Park
5992,HAWTHORNE RD @ HUNT CLUB RD,375508.7532,5026406.529,-75.59723,45.37403,2017-05-05,11:30:00 AM,01 - Clear,02 - Wet,01 - Traffic signal,02 - Intersection related,01 - Daylight,03 - P.D. only,04 - Sideswipe,Industrial Park
5993,HAWTHORNE RD @ HUNT CLUB RD,375509.4221,5026406.529,-75.59722,45.37403,2017-06-08,3:17:00 PM,01 - Clear,01 - Dry,01 - Traffic signal,03 - At intersection,01 - Daylight,02 - Non-fatal injury,05 - Turning movement,Industrial Park
5994,HAWTHORNE RD @ HUNT CLUB RD,375508.7532,5026406.529,-75.59723,45.37403,2017-04-24,11:56:00 AM,01 - Clear,01 - Dry,01 - Traffic signal,02 - Intersection related,01 - Daylight,03 - P.D. only,03 - Rear end,Industrial Park
5995,HAWTHORNE RD @ HUNT CLUB RD,375507.4155,5026406.529,-75.59725,45.37403,2017-04-26,5:28:00 PM,01 - Clear,01 - Dry,01 - Traffic signal,02 - Intersection related,01 - Daylight,03 - P.D. only,03 - Rear end,Industrial Park
5996,HAWTHORNE RD @ HUNT CLUB RD,375508.2594,5026405.51,-75.59724,45.37402,2017-05-02,3:50:00 PM,01 - Clear,02 - Wet,01 - Traffic signal,02 - Intersection related,01 - Daylight,03 - P.D. only,03 - Rear end,Industrial Park
5997,HAWTHORNE RD @ HUNT CLUB RD,375506.8451,5026407.056,-75.59726,45.37404,2017-06-14,11:28:00 AM,01 - Clear,01 - Dry,01 - Traffic signal,02 - Intersection related,01 - Daylight,03 - P.D. only,02 - Angle,Industrial Park
5998,HAWTHORNE RD @ HUNT CLUB RD,375508.3587,5026407.442,-75.59724,45.37404,2017-08-10,7:45:00 PM,01 - Clear,01 - Dry,01 - Traffic signal,03 - At intersection,01 - Daylight,03 - P.D. only,03 - Rear end,Industrial Park
5999,HAWTHORNE RD @ HUNT CLUB RD,375508.0844,5026406.529,-75.59724,45.37403,2017-07-07,3:38:00 PM,01 - Clear,01 - Dry,01 - Traffic signal,02 - Intersection related,01 - Daylight,03 - P.D. only,03 - Rear end,Industrial Park
6000,HAWTHORNE RD @ HUNT CLUB RD,375506.474,5026404.934,-75.59726,45.37402,2017-07-22,12:25:00 PM,01 - Clear,01 - Dry,01 - Traffic signal,02 - Intersection related,01 - Daylight,02 - Non-fatal injury,03 - Rear end,Industrial Park
6001,HAWTHORNE RD @ HUNT CLUB RD,375508.3578,5026407.283,-75.59724,45.37404,2017-10-07,8:53:00 AM,01 - Clear,01 - Dry,01 - Traffic signal,03 - At intersection,01 - Daylight,02 - Non-fatal injury,03 - Rear end,Industrial Park
6002,HAWTHORNE RD @ HUNT CLUB RD,375507.2035,5026407.622,-75.59725,45.37404,2017-09-24,11:11:00 AM,01 - Clear,01 - Dry,01 - Traffic signal,02 - Intersection related,01 - Daylight,02 - Non-fatal injury,03 - Rear end,Industrial Park
6003,HAWTHORNE RD @ HUNT CLUB RD,375507.7499,5026407.886,-75.59724,45.37405,2017-10-21,2:42:00 PM,01 - Clear,01 - Dry,01 - Traffic signal,02 - Intersection related,01 - Daylight,03 - P.D. only,03 - Rear end,Industrial Park
6004,HAWTHORNE RD @ HUNT CLUB RD,375507.2072,5026407.343,-75.59725,45.37404,2017-10-18,5:45:00 PM,01 - Clear,01 - Dry,01 - Traffic signal,02 - Intersection related,01 - Daylight,03 - P.D. only,03 - Rear end,Industrial Park
6005,HAWTHORNE RD @ HUNT CLUB RD,375507.4155,5026406.529,-75.59725,45.37403,2017-11-24,3:27:00 PM,01 - Clear,01 - Dry,01 - Traffic signal,02 - Intersection related,01 - Daylight,03 - P.D. only,04 - Sideswipe,Industrial Park
6006,HAWTHORNE RD @ HUNT CLUB RD,375506.7214,5026405.796,-75.59726,45.37403,2017-11-04,3:27:00 PM,01 - Clear,01 - Dry,01 - Traffic signal,02 - Intersection related,01 - Daylight,03 - P.D. only,03 - Rear end,Industrial Park
6007,HAWTHORNE RD @ HUNT CLUB RD,375507.4155,5026407.867,-75.59725,45.37405,2017-12-01,2:31:00 PM,01 - Clear,01 - Dry,01 - Traffic signal,02 - Intersection related,01 - Daylight,03 - P.D. only,03 - Rear end,Industrial Park
6008,HAWTHORNE RD @ HUNT CLUB RD,375508.7057,5026405.334,-75.59723,45.37402,2017-11-03,12:58:00 PM,02 - Rain,02 - Wet,01 - Traffic signal,02 - Intersection related,01 - Daylight,03 - P.D. only,04 - Sideswipe,Industrial Park
6009,HAWTHORNE RD @ HUNT CLUB RD,375506.8915,5026405.671,-75.59725,45.37403,2017-01-05,9:26:00 AM,01 - Clear,06 - Ice,01 - Traffic signal,02 - Intersection related,01 - Daylight,03 - P.D. only,03 - Rear end,Industrial Park
6010,HAWTHORNE RD @ HUNT CLUB RD,375507.0486,5026407.188,-75.59725,45.37404,2017-01-14,11:30:00 AM,01 - Clear,01 - Dry,01 - Traffic signal,03 - At intersection,01 - Daylight,03 - P.D. only,05 - Turning movement,Industrial Park
6011,HAWTHORNE RD @ HUNT CLUB RD,375508.5004,5026405.404,-75.59723,45.37402,2017-02-13,1:04:00 PM,01 - Clear,04 - Slush,01 - Traffic signal,02 - Intersection related,01 - Daylight,03 - P.D. only,03 - Rear end,Industrial Park
6012,HAWTHORNE RD @ HUNT CLUB RD,375508.2964,5026407.076,-75.59724,45.37404,2017-02-03,5:15:00 PM,01 - Clear,01 - Dry,01 - Traffic signal,02 - Intersection related,05 - Dusk,03 - P.D. only,03 - Rear end,Industrial Park
6013,HAWTHORNE RD @ HUNT CLUB RD,375508.6083,5026407.388,-75.59723,45.37404,2017-01-05,4:20:00 PM,01 - Clear,06 - Ice,01 - Traffic signal,02 - Intersection related,05 - Dusk,02 - Non-fatal injury,03 - Rear end,Industrial Park
6014,HAWTHORNE RD @ HUNT CLUB RD,375507.7499,5026406.801,-75.59724,45.37404,2017-01-20,1:41:00 PM,01 - Clear,02 - Wet,01 - Traffic signal,02 - Intersection related,01 - Daylight,03 - P.D. only,99 - Other,Industrial Park
6015,HAWTHORNE RD @ HUNT CLUB RD,375508.0844,5026406.529,-75.59724,45.37403,2017-04-09,1:15:00 PM,01 - Clear,01 - Dry,01 - Traffic signal,02 - Intersection related,01 - Daylight,03 - P.D. only,03 - Rear end,Industrial Park
6016,HAWTHORNE RD @ HUNT CLUB RD,375508.7532,5026408.536,-75.59723,45.37405,2017-03-22,6:12:00 PM,01 - Clear,01 - Dry,01 - Traffic signal,02 - Intersection related,05 - Dusk,03 - P.D. only,03 - Rear end,Industrial Park
6017,HAWTHORNE RD @ HUNT CLUB RD,375507.2404,5026408.567,-75.59725,45.37405,2017-03-04,10:48:00 PM,01 - Clear,01 - Dry,01 - Traffic signal,02 - Intersection related,07 - Dark,02 - Non-fatal injury,03 - Rear end,Industrial Park
6018,HAWTHORNE RD @ HUNT CLUB RD,375507.4155,5026405.86,-75.59725,45.37403,2017-03-16,3:53:00 PM,01 - Clear,01 - Dry,01 - Traffic signal,02 - Intersection related,01 - Daylight,02 - Non-fatal injury,03 - Rear end,Industrial Park
6019,HAWTHORNE RD @ HUNT CLUB RD,375506.9994,5026405.404,-75.59725,45.37402,2017-02-27,4:40:00 PM,01 - Clear,01 - Dry,01 - Traffic signal,02 - Intersection related,01 - Daylight,03 - P.D. only,03 - Rear end,Industrial Park
6020,HAWTHORNE RD @ HUNT CLUB RD,375506.3162,5026406.768,-75.59726,45.37404,2017-12-27,10:24:00 AM,01 - Clear,02 - Wet,01 - Traffic signal,03 - At intersection,01 - Daylight,03 - P.D. only,05 - Turning movement,Industrial Park
6021,HAWTHORNE RD @ HUNT CLUB RD,375506.848,5026406.755,-75.59726,45.37404,2017-12-12,2:21:00 PM,03 - Snow,04 - Slush,01 - Traffic signal,03 - At intersection,01 - Daylight,03 - P.D. only,03 - Rear end,Industrial Park
6022,HAWTHORNE RD @ HUNT CLUB RD,375507.7495,5026406.529,-75.59724,45.37403,2017-12-21,12:30:00 PM,01 - Clear,01 - Dry,01 - Traffic signal,03 - At intersection,01 - Daylight,03 - P.D. only,99 - Other,Industrial Park
6023,HAWTHORNE RD @ LEITRIM RD,377038.3302,5022709.287,-75.57824,45.34061,2017-08-17,5:16:00 PM,01 - Clear,01 - Dry,01 - Traffic signal,02 - Intersection related,01 - Daylight,03 - P.D. only,03 - Rear end,Greenbelt
6024,HAWTHORNE RD @ LEITRIM RD,377038.4273,5022708.833,-75.57824,45.34061,2017-07-11,5:02:00 PM,02 - Rain,02 - Wet,01 - Traffic signal,02 - Intersection related,01 - Daylight,03 - P.D. only,02 - Angle,Greenbelt
6025,HAWTHORNE RD @ LEITRIM RD,377041.3956,5022699.817,-75.57821,45.34053,2017-10-18,7:35:00 PM,01 - Clear,01 - Dry,01 - Traffic signal,02 - Intersection related,07 - Dark,03 - P.D. only,03 - Rear end,Greenbelt
6026,HAWTHORNE RD @ RIDEAU RD,378618.2303,5018941.025,-75.55865,45.30654,2017-01-26,10:08:00 AM,01 - Clear,02 - Wet,02 - Stop sign,02 - Intersection related,01 - Daylight,02 - Non-fatal injury,03 - Rear end,Greenbelt
6027,HAWTHORNE RD @ STEVENAGE DR,375139.288,5027313.537,-75.60182,45.38223,2017-06-14,12:45:00 PM,01 - Clear,01 - Dry,01 - Traffic signal,03 - At intersection,01 - Daylight,03 - P.D. only,05 - Turning movement,Industrial Park
6028,HAWTHORNE RD @ STEVENAGE DR,375136.6676,5027313.515,-75.60185,45.38223,2017-08-16,6:07:00 PM,01 - Clear,01 - Dry,01 - Traffic signal,02 - Intersection related,01 - Daylight,03 - P.D. only,04 - Sideswipe,Industrial Park
6029,HAWTHORNE RD @ STEVENAGE DR,375137.075,5027311.53,-75.60185,45.38221,2017-04-21,4:28:00 AM,02 - Rain,02 - Wet,01 - Traffic signal,03 - At intersection,07 - Dark,02 - Non-fatal injury,05 - Turning movement,Industrial Park
6030,HAWTHORNE RD @ STEVENAGE DR,375136.7405,5027313.537,-75.60185,45.38223,2017-03-29,8:17:00 AM,01 - Clear,01 - Dry,01 - Traffic signal,02 - Intersection related,01 - Daylight,03 - P.D. only,03 - Rear end,Industrial Park
6031,HAWTHORNE RD btwn AGES DR & STEVENAGE DR,375114.9456,5027364.178,-75.60212,45.38269,2017-08-01,10:30:00 PM,01 - Clear,01 - Dry,10 - No control,04 - At/near private drive,07 - Dark,03 - P.D. only,07 - SMV other,Industrial Park
6032,HAWTHORNE RD btwn AGES DR & STEVENAGE DR,375001.8925,5027639.174,-75.60353,45.38517,2017-10-20,4:07:00 PM,01 - Clear,01 - Dry,10 - No control,04 - At/near private drive,01 - Daylight,03 - P.D. only,05 - Turning movement,Industrial Park
6033,HAWTHORNE RD btwn BLAIS RD & RIDEAU RD,378311.291,5019685.102,-75.56245,45.31327,2017-09-06,7:04:00 AM,01 - Clear,01 - Dry,10 - No control,01 - Non intersection,03 - Dawn,03 - P.D. only,04 - Sideswipe,Greenbelt
6034,HAWTHORNE RD btwn BLAIS RD & RIDEAU RD,378505.3988,5019220.746,-75.56005,45.30907,2017-11-19,7:35:00 AM,03 - Snow,06 - Ice,10 - No control,01 - Non intersection,01 - Daylight,02 - Non-fatal injury,07 - SMV other,Greenbelt
6035,HAWTHORNE RD btwn BLAIS RD & RIDEAU RD,378544.6437,5019128.974,-75.55956,45.30824,2017-12-22,10:09:00 PM,01 - Clear,03 - Loose snow,10 - No control,01 - Non intersection,07 - Dark,03 - P.D. only,07 - SMV other,Greenbelt
6036,HAWTHORNE RD btwn DAVIDSON RD & LEITRIM RD,376329.4969,5024409.609,-75.58704,45.35598,2017-05-24,4:44:00 PM,01 - Clear,01 - Dry,10 - No control,01 - Non intersection,01 - Daylight,03 - P.D. only,03 - Rear end,Greenbelt
6037,HAWTHORNE RD btwn DAVIDSON RD & LEITRIM RD,376844.2425,5023175.195,-75.58065,45.34482,2017-11-01,5:10:00 PM,02 - Rain,02 - Wet,10 - No control,01 - Non intersection,07 - Dark,02 - Non-fatal injury,03 - Rear end,Greenbelt
6038,HAWTHORNE RD btwn HAWTHORNE RD & WHYTE SIDE RD,376243.9169,5024603.231,-75.58811,45.35773,2017-02-07,8:17:00 AM,05 - Drifting Snow,01 - Dry,10 - No control,01 - Non intersection,01 - Daylight,03 - P.D. only,01 - Approaching,Greenbelt
6039,HAWTHORNE RD btwn HAWTHORNE RD & WHYTE SIDE RD,375904.5503,5025427.341,-75.59232,45.36518,2017-04-16,10:31:00 PM,01 - Clear,02 - Wet,10 - No control,01 - Non intersection,07 - Dark,03 - P.D. only,03 - Rear end,Greenbelt
6040,HAWTHORNE RD btwn HUNT CLUB RD & HAWTHORNE RD,375513.0036,5026393.684,-75.59718,45.37392,2017-08-06,4:26:00 PM,01 - Clear,01 - Dry,10 - No control,01 - Non intersection,01 - Daylight,03 - P.D. only,03 - Rear end,Industrial Park
6041,HAWTHORNE RD btwn HUNT CLUB RD & HAWTHORNE RD,375518.7867,5026381.78,-75.59711,45.37381,2017-03-03,5:19:00 PM,01 - Clear,01 - Dry,10 - No control,01 - Non intersection,01 - Daylight,03 - P.D. only,05 - Turning movement,Industrial Park
6042,HAWTHORNE RD btwn LEITRIM RD & LOUISEIZE RD,377404.9952,5021823.92,-75.5737,45.33261,2017-06-23,11:36:00 AM,02 - Rain,02 - Wet,10 - No control,04 - At/near private drive,01 - Daylight,03 - P.D. only,05 - Turning movement,Greenbelt
6043,HAWTHORNE RD btwn LEITRIM RD & LOUISEIZE RD,377236.6704,5022245.951,-75.57578,45.33642,2017-11-27,3:56:00 PM,01 - Clear,01 - Dry,10 - No control,01 - Non intersection,01 - Daylight,03 - P.D. only,03 - Rear end,Greenbelt
6044,HAWTHORNE RD btwn LEITRIM RD & LOUISEIZE RD,377078.2467,5022615.94,-75.57775,45.33977,2017-01-05,11:01:00 AM,01 - Clear,06 - Ice,10 - No control,01 - Non intersection,01 - Daylight,03 - P.D. only,03 - Rear end,Greenbelt
6045,HAWTHORNE RD btwn RUSSELL RD & AGES DR,374912.5439,5027859.342,-75.60464,45.38716,2017-03-24,10:01:00 AM,03 - Snow,03 - Loose snow,10 - No control,01 - Non intersection,01 - Daylight,03 - P.D. only,07 - SMV other,Industrial Park
6046,HAWTHORNE RD btwn STEVENAGE DR & HUNT CLUB RD,375464.6061,5026512.215,-75.59778,45.37499,2017-05-15,2:40:00 PM,01 - Clear,01 - Dry,10 - No control,01 - Non intersection,01 - Daylight,03 - P.D. only,07 - SMV other,Industrial Park
6047,HAWTHORNE RD btwn STEVENAGE DR & HUNT CLUB RD,375488.2674,5026454.018,-75.59749,45.37446,2017-08-11,3:56:00 PM,01 - Clear,01 - Dry,10 - No control,01 - Non intersection,01 - Daylight,02 - Non-fatal injury,04 - Sideswipe,Industrial Park
6048,HAWTHORNE RD btwn STEVENAGE DR & HUNT CLUB RD,375273.4808,5026972.187,-75.60015,45.37915,2017-09-12,8:21:00 AM,01 - Clear,01 - Dry,10 - No control,04 - At/near private drive,01 - Daylight,03 - P.D. only,02 - Angle,Industrial Park
6049,HAWTHORNE RD btwn STEVENAGE DR & HUNT CLUB RD,375469.1729,5026501.698,-75.59772,45.37489,2017-09-05,12:46:00 PM,01 - Clear,01 - Dry,10 - No control,01 - Non intersection,01 - Daylight,02 - Non-fatal injury,04 - Sideswipe,Industrial Park
6050,HAWTHORNE RD btwn STEVENAGE DR & HUNT CLUB RD,375495.5015,5026433.809,-75.5974,45.37428,2017-01-14,6:09:00 PM,01 - Clear,01 - Dry,10 - No control,01 - Non intersection,07 - Dark,03 - P.D. only,05 - Turning movement,Industrial Park
6051,HAWTHORNE RD btwn WHYTE SIDE RD & DAVIDSON RD,376266.7156,5024553.297,-75.58782,45.35728,2017-08-15,11:15:00 PM,01 - Clear,01 - Dry,10 - No control,01 - Non intersection,07 - Dark,03 - P.D. only,03 - Rear end,Greenbelt
6052,HAWTHORNE RD/RUSSELL RD @ WALKLEY RD,374675.7472,5028499.541,-75.60757,45.39295,2017-07-11,9:32:00 AM,01 - Clear,01 - Dry,01 - Traffic signal,02 - Intersection related,01 - Daylight,03 - P.D. only,03 - Rear end,Sheffield Glen
6053,HAWTHORNE RD/RUSSELL RD @ WALKLEY RD,374674.7439,5028500.823,-75.60758,45.39296,2017-08-14,9:16:00 AM,01 - Clear,01 - Dry,01 - Traffic signal,02 - Intersection related,01 - Daylight,03 - P.D. only,03 - Rear end,Sheffield Glen