Record,Location,X,Y,Longitude,Latitude,Date,Time,Environment,Road_Surface,Traffic_Control,Collision_Location,Light,Collision_Classification,Impact_type,Neighborhood
6054,HAWTHORNE RD/RUSSELL RD @ WALKLEY RD,374673.0717,5028498.872,-75.6076,45.39294,2017-06-27,5:00:00 PM,01 - Clear,01 - Dry,01 - Traffic signal,02 - Intersection related,01 - Daylight,03 - P.D. only,04 - Sideswipe,Sheffield Glen
6055,HAWTHORNE RD/RUSSELL RD @ WALKLEY RD,374674.8339,5028500.057,-75.60758,45.39295,2017-10-20,2:42:00 PM,01 - Clear,01 - Dry,01 - Traffic signal,02 - Intersection related,01 - Daylight,03 - P.D. only,04 - Sideswipe,Sheffield Glen
6056,HAWTHORNE RD/RUSSELL RD @ WALKLEY RD,374675.0784,5028499.541,-75.60758,45.39295,2017-11-23,6:23:00 AM,01 - Clear,01 - Dry,01 - Traffic signal,02 - Intersection related,03 - Dawn,03 - P.D. only,04 - Sideswipe,Sheffield Glen
6057,HAWTHORNE RD/RUSSELL RD @ WALKLEY RD,374675.0784,5028499.541,-75.60758,45.39295,2017-11-30,8:37:00 PM,02 - Rain,02 - Wet,01 - Traffic signal,03 - At intersection,07 - Dark,03 - P.D. only,02 - Angle,Sheffield Glen
6058,HAWTHORNE RD/RUSSELL RD @ WALKLEY RD,374674.8439,5028499.072,-75.60758,45.39294,2017-11-10,4:45:00 PM,01 - Clear,01 - Dry,01 - Traffic signal,03 - At intersection,05 - Dusk,03 - P.D. only,04 - Sideswipe,Sheffield Glen
6059,HAWTHORNE RD/RUSSELL RD @ WALKLEY RD,374676.1225,5028500.395,-75.60756,45.39296,2017-01-05,2:17:00 PM,01 - Clear,03 - Loose snow,01 - Traffic signal,02 - Intersection related,01 - Daylight,03 - P.D. only,03 - Rear end,Sheffield Glen
6060,HAWTHORNE RD/RUSSELL RD @ WALKLEY RD,374675.1841,5028503.585,-75.60758,45.39298,2017-02-05,3:29:00 PM,05 - Drifting Snow,05 - Packed snow,01 - Traffic signal,02 - Intersection related,01 - Daylight,03 - P.D. only,03 - Rear end,Sheffield Glen
6061,HAWTHORNE RD/RUSSELL RD @ WALKLEY RD,374675.4441,5028499.546,-75.60757,45.39295,2017-01-17,2:00:00 PM,01 - Clear,01 - Dry,01 - Traffic signal,03 - At intersection,01 - Daylight,03 - P.D. only,04 - Sideswipe,Sheffield Glen
6062,HAWTHORNE RD/RUSSELL RD @ WALKLEY RD,374675.2904,5028499.541,-75.60757,45.39295,2017-02-02,8:49:00 AM,01 - Clear,01 - Dry,01 - Traffic signal,02 - Intersection related,01 - Daylight,03 - P.D. only,03 - Rear end,Sheffield Glen
6063,HAWTHORNE RD/RUSSELL RD @ WALKLEY RD,374675.0784,5028499.541,-75.60758,45.39295,2017-03-14,3:45:00 PM,01 - Clear,01 - Dry,01 - Traffic signal,02 - Intersection related,01 - Daylight,03 - P.D. only,04 - Sideswipe,Sheffield Glen
6064,HAWTHORNE RD/RUSSELL RD @ WALKLEY RD,374675.7472,5028498.872,-75.60757,45.39294,2017-04-15,4:18:00 PM,02 - Rain,02 - Wet,01 - Traffic signal,02 - Intersection related,01 - Daylight,02 - Non-fatal injury,03 - Rear end,Sheffield Glen
6065,HAWTHORNE RD/RUSSELL RD @ WALKLEY RD,374674.2344,5028498.522,-75.60759,45.39294,2017-03-24,9:39:00 AM,03 - Snow,03 - Loose snow,01 - Traffic signal,02 - Intersection related,01 - Daylight,03 - P.D. only,03 - Rear end,Sheffield Glen
6066,HAWTHORNE RD/RUSSELL RD @ WALKLEY RD,374674.093,5028499.039,-75.60759,45.39294,2017-03-29,4:57:00 PM,01 - Clear,01 - Dry,01 - Traffic signal,02 - Intersection related,01 - Daylight,03 - P.D. only,03 - Rear end,Sheffield Glen
6067,HAWTHORNE RD/RUSSELL RD @ WALKLEY RD,374675.0784,5028500.21,-75.60758,45.39295,2017-03-28,11:25:00 AM,01 - Clear,02 - Wet,01 - Traffic signal,03 - At intersection,01 - Daylight,02 - Non-fatal injury,05 - Turning movement,Sheffield Glen
6068,HAWTHORNE RD/RUSSELL RD @ WALKLEY RD,374674.1391,5028499.032,-75.60759,45.39294,2017-12-28,12:05:00 PM,01 - Clear,01 - Dry,01 - Traffic signal,02 - Intersection related,01 - Daylight,03 - P.D. only,03 - Rear end,Sheffield Glen
6069,HAZEL ST @ MAIN ST,369167.0489,5030172.884,-75.6777,45.40853,2017-10-25,3:20:00 PM,01 - Clear,01 - Dry,01 - Traffic signal,02 - Intersection related,01 - Daylight,02 - Non-fatal injury,02 - Angle,Old Ottawa East
6070,HAZEL ST @ MAIN ST,369166.7983,5030173.86,-75.6777,45.40854,2017-12-23,4:51:00 PM,01 - Clear,03 - Loose snow,01 - Traffic signal,02 - Intersection related,05 - Dusk,03 - P.D. only,03 - Rear end,Old Ottawa East
6071,HAZELDEAN RD @ 246 E OF CASTLEFRANK RD/FARMBOY,352859.4521,5017842.9,-75.88722,45.2989,2017-03-10,2:26:00 PM,01 - Clear,01 - Dry,01 - Traffic signal,02 - Intersection related,01 - Daylight,02 - Non-fatal injury,02 - Angle,Katimavik - Hazeldean
6072,HAZELDEAN RD @ CARBROOKE ST/IRWIN GATE,353417.5556,5018264.73,-75.88006,45.30265,2017-12-18,5:40:00 PM,03 - Snow,03 - Loose snow,01 - Traffic signal,02 - Intersection related,07 - Dark,02 - Non-fatal injury,05 - Turning movement,Glen Cairn - Kanata South Business Park
6073,HAZELDEAN RD @ CARBROOKE ST/IRWIN GATE,353418.6491,5018265.823,-75.88004,45.30266,2017-12-22,6:28:00 PM,03 - Snow,02 - Wet,01 - Traffic signal,03 - At intersection,07 - Dark,02 - Non-fatal injury,05 - Turning movement,Katimavik - Hazeldean
6074,HAZELDEAN RD @ CARBROOKE ST/IRWIN GATE,353417.6215,5018265.7,-75.88006,45.30266,2017-12-28,12:37:00 PM,01 - Clear,01 - Dry,01 - Traffic signal,03 - At intersection,01 - Daylight,03 - P.D. only,02 - Angle,Katimavik - Hazeldean
6075,HAZELDEAN RD @ EDGEWATER ST,352324.0567,5017350.769,-75.89409,45.2945,2017-05-13,5:30:00 PM,02 - Rain,02 - Wet,01 - Traffic signal,02 - Intersection related,01 - Daylight,02 - Non-fatal injury,03 - Rear end,Glen Cairn - Kanata South Business Park
6076,HAZELDEAN RD @ EDGEWATER ST,352322.262,5017352.015,-75.89411,45.29451,2017-06-28,7:36:00 PM,02 - Rain,02 - Wet,01 - Traffic signal,02 - Intersection related,01 - Daylight,03 - P.D. only,04 - Sideswipe,Glen Cairn - Kanata South Business Park
6077,HAZELDEAN RD @ EDGEWATER ST,352324.5615,5017352.64,-75.89408,45.29452,2017-09-15,2:24:00 PM,01 - Clear,01 - Dry,01 - Traffic signal,03 - At intersection,01 - Daylight,03 - P.D. only,02 - Angle,Katimavik - Hazeldean
6078,HAZELDEAN RD @ EDGEWATER ST,352323.6057,5017350.735,-75.89409,45.2945,2017-12-26,2:18:00 PM,01 - Clear,04 - Slush,01 - Traffic signal,02 - Intersection related,01 - Daylight,03 - P.D. only,03 - Rear end,Glen Cairn - Kanata South Business Park
6079,HAZELDEAN RD @ FRINGEWOOD DR,350756.0819,5015911.345,-75.91421,45.28166,2017-07-21,4:11:00 PM,01 - Clear,01 - Dry,01 - Traffic signal,03 - At intersection,01 - Daylight,02 - Non-fatal injury,02 - Angle,Stittsville
6080,HAZELDEAN RD @ HAZELDEAN RD 1,351379.7853,5016478.805,-75.90621,45.28672,2017-05-31,9:07:00 PM,02 - Rain,02 - Wet,01 - Traffic signal,03 - At intersection,07 - Dark,03 - P.D. only,05 - Turning movement,Stittsville - Basswood
6081,HAZELDEAN RD @ HAZELDEAN RD 2,351546.2817,5016628.443,-75.90407,45.28806,2017-11-28,4:37:00 PM,01 - Clear,01 - Dry,01 - Traffic signal,03 - At intersection,05 - Dusk,03 - P.D. only,05 - Turning movement,Stittsville - Basswood
6082,HAZELDEAN RD @ HAZELDEAN RD 2,351545.5498,5016628.814,-75.90408,45.28806,2017-03-08,8:33:00 PM,01 - Clear,01 - Dry,01 - Traffic signal,02 - Intersection related,07 - Dark,02 - Non-fatal injury,03 - Rear end,Stittsville - Basswood
6083,HAZELDEAN RD @ HUNTMAR DR/IBER RD,350942.4778,5016078.459,-75.91182,45.28315,2017-08-21,5:22:00 PM,01 - Clear,01 - Dry,01 - Traffic signal,02 - Intersection related,01 - Daylight,03 - P.D. only,03 - Rear end,Stittsville
6084,HAZELDEAN RD @ HUNTMAR DR/IBER RD,350944.018,5016078.249,-75.9118,45.28315,2017-08-29,7:34:00 AM,01 - Clear,01 - Dry,01 - Traffic signal,03 - At intersection,01 - Daylight,02 - Non-fatal injury,02 - Angle,Stittsville
6085,HAZELDEAN RD @ HUNTMAR DR/IBER RD,350946.946,5016079.442,-75.91176,45.28316,2017-08-10,7:50:00 AM,01 - Clear,01 - Dry,01 - Traffic signal,02 - Intersection related,01 - Daylight,02 - Non-fatal injury,03 - Rear end,Stittsville
6086,HAZELDEAN RD @ HUNTMAR DR/IBER RD,350941.6512,5016079.669,-75.91183,45.28316,2017-11-07,7:35:00 PM,01 - Clear,01 - Dry,01 - Traffic signal,03 - At intersection,07 - Dark,03 - P.D. only,03 - Rear end,Stittsville
6087,HAZELDEAN RD @ HUNTMAR DR/IBER RD,350944.2701,5016080.101,-75.9118,45.28316,2017-12-11,7:08:00 PM,01 - Clear,01 - Dry,01 - Traffic signal,03 - At intersection,07 - Dark,03 - P.D. only,05 - Turning movement,Stittsville
6088,HAZELDEAN RD @ HUNTMAR DR/IBER RD,350941.8474,5016079.057,-75.91183,45.28315,2017-02-15,9:02:00 PM,03 - Snow,02 - Wet,01 - Traffic signal,02 - Intersection related,07 - Dark,03 - P.D. only,03 - Rear end,Stittsville
6089,HAZELDEAN RD @ HUNTMAR DR/IBER RD,350940.8812,5016077.715,-75.91184,45.28314,2017-01-05,11:25:00 AM,01 - Clear,02 - Wet,01 - Traffic signal,02 - Intersection related,01 - Daylight,03 - P.D. only,03 - Rear end,Stittsville
6090,HAZELDEAN RD @ HUNTMAR DR/IBER RD,350942.2635,5016078.763,-75.91182,45.28315,2017-03-08,4:10:00 PM,01 - Clear,01 - Dry,01 - Traffic signal,02 - Intersection related,01 - Daylight,03 - P.D. only,03 - Rear end,Stittsville
6091,HAZELDEAN RD @ HUNTMAR DR/IBER RD,350943.6012,5016079.432,-75.91181,45.28316,2017-03-08,7:12:00 AM,01 - Clear,02 - Wet,01 - Traffic signal,02 - Intersection related,01 - Daylight,02 - Non-fatal injury,03 - Rear end,Stittsville
6092,HAZELDEAN RD @ HWY 7 HAZELDEAN IC RAMP 24,346572.8486,5012283.072,-75.96784,45.24927,2017-03-24,6:56:00 AM,03 - Snow,03 - Loose snow,02 - Stop sign,02 - Intersection related,01 - Daylight,03 - P.D. only,07 - SMV other,Stittsville - Basswood
6093,HAZELDEAN RD @ JOHNWOODS ST/VICTOR ST,350188.1185,5015395.427,-75.9215,45.27705,2017-05-30,6:28:00 PM,01 - Clear,01 - Dry,01 - Traffic signal,02 - Intersection related,01 - Daylight,03 - P.D. only,03 - Rear end,Stittsville
6094,HAZELDEAN RD @ SPRINGBROOK DR,349870.9231,5015111.776,-75.92557,45.27452,2017-05-10,4:40:00 PM,01 - Clear,01 - Dry,01 - Traffic signal,03 - At intersection,01 - Daylight,03 - P.D. only,05 - Turning movement,Stittsville
6095,HAZELDEAN RD @ SPRINGBROOK DR,349869.5853,5015110.439,-75.92558,45.27451,2017-03-15,1:50:00 PM,03 - Snow,05 - Packed snow,01 - Traffic signal,02 - Intersection related,01 - Daylight,03 - P.D. only,04 - Sideswipe,Stittsville
6096,HAZELDEAN RD @ SWEETNAM DR,350475.9208,5015655.773,-75.91781,45.27937,2017-12-06,3:35:00 PM,01 - Clear,01 - Dry,02 - Stop sign,03 - At intersection,01 - Daylight,02 - Non-fatal injury,02 - Angle,Stittsville
6097,HAZELDEAN RD @ TERRY FOX DR,352207.9455,5017242.451,-75.89558,45.29354,2017-05-10,5:17:00 PM,01 - Clear,01 - Dry,01 - Traffic signal,02 - Intersection related,01 - Daylight,03 - P.D. only,03 - Rear end,Glen Cairn - Kanata South Business Park
6098,HAZELDEAN RD @ TERRY FOX DR,352208.6143,5017241.782,-75.89557,45.29353,2017-04-25,12:09:00 PM,01 - Clear,01 - Dry,01 - Traffic signal,03 - At intersection,01 - Daylight,02 - Non-fatal injury,02 - Angle,Glen Cairn - Kanata South Business Park
6099,HAZELDEAN RD @ TERRY FOX DR,352207.611,5017242.451,-75.89558,45.29354,2017-05-21,8:43:00 PM,02 - Rain,02 - Wet,01 - Traffic signal,02 - Intersection related,07 - Dark,02 - Non-fatal injury,02 - Angle,Glen Cairn - Kanata South Business Park
6100,HAZELDEAN RD @ TERRY FOX DR,352207.2766,5017241.782,-75.89559,45.29353,2017-06-19,11:20:00 AM,01 - Clear,01 - Dry,01 - Traffic signal,02 - Intersection related,01 - Daylight,03 - P.D. only,03 - Rear end,Glen Cairn - Kanata South Business Park
6101,HAZELDEAN RD @ TERRY FOX DR,352207.2766,5017243.12,-75.89559,45.29354,2017-05-02,12:51:00 PM,02 - Rain,02 - Wet,01 - Traffic signal,02 - Intersection related,01 - Daylight,03 - P.D. only,03 - Rear end,Glen Cairn - Kanata South Business Park
6102,HAZELDEAN RD @ TERRY FOX DR,352207.2766,5017241.782,-75.89559,45.29353,2017-05-25,8:04:00 AM,01 - Clear,01 - Dry,01 - Traffic signal,02 - Intersection related,01 - Daylight,03 - P.D. only,03 - Rear end,Glen Cairn - Kanata South Business Park
6103,HAZELDEAN RD @ TERRY FOX DR,352207.9455,5017243.789,-75.89558,45.29355,2017-06-28,8:54:00 PM,02 - Rain,02 - Wet,01 - Traffic signal,02 - Intersection related,05 - Dusk,03 - P.D. only,03 - Rear end,Katimavik - Hazeldean
6104,HAZELDEAN RD @ TERRY FOX DR,352208.0844,5017241.741,-75.89558,45.29353,2017-08-17,5:45:00 PM,01 - Clear,01 - Dry,01 - Traffic signal,02 - Intersection related,01 - Daylight,03 - P.D. only,03 - Rear end,Glen Cairn - Kanata South Business Park
6105,HAZELDEAN RD @ TERRY FOX DR,352207.611,5017242.214,-75.89558,45.29353,2017-08-29,10:37:00 AM,01 - Clear,01 - Dry,01 - Traffic signal,02 - Intersection related,01 - Daylight,03 - P.D. only,03 - Rear end,Glen Cairn - Kanata South Business Park
6106,HAZELDEAN RD @ TERRY FOX DR,352208.2769,5017242.673,-75.89558,45.29354,2017-09-01,1:20:00 PM,01 - Clear,01 - Dry,01 - Traffic signal,02 - Intersection related,01 - Daylight,02 - Non-fatal injury,03 - Rear end,Glen Cairn - Kanata South Business Park
6107,HAZELDEAN RD @ TERRY FOX DR,352208.0844,5017242.214,-75.89558,45.29353,2017-08-24,11:55:00 AM,01 - Clear,01 - Dry,01 - Traffic signal,03 - At intersection,01 - Daylight,02 - Non-fatal injury,03 - Rear end,Glen Cairn - Kanata South Business Park
6108,HAZELDEAN RD @ TERRY FOX DR,352208.003,5017242.133,-75.89558,45.29353,2017-07-28,7:17:00 PM,01 - Clear,01 - Dry,01 - Traffic signal,03 - At intersection,01 - Daylight,02 - Non-fatal injury,03 - Rear end,Glen Cairn - Kanata South Business Park
6109,HAZELDEAN RD @ TERRY FOX DR,352207.0683,5017242.722,-75.89559,45.29354,2017-10-15,12:40:00 PM,01 - Clear,01 - Dry,01 - Traffic signal,02 - Intersection related,01 - Daylight,02 - Non-fatal injury,03 - Rear end,Glen Cairn - Kanata South Business Park
6110,HAZELDEAN RD @ TERRY FOX DR,352208.6143,5017241.782,-75.89557,45.29353,2017-10-22,1:48:00 AM,01 - Clear,01 - Dry,01 - Traffic signal,03 - At intersection,07 - Dark,03 - P.D. only,07 - SMV other,Glen Cairn - Kanata South Business Park
6111,HAZELDEAN RD @ TERRY FOX DR,352208.1036,5017243.041,-75.89558,45.29354,2017-09-19,4:08:00 PM,01 - Clear,01 - Dry,01 - Traffic signal,02 - Intersection related,01 - Daylight,03 - P.D. only,03 - Rear end,Glen Cairn - Kanata South Business Park
6112,HAZELDEAN RD @ TERRY FOX DR,352207.6135,5017242.449,-75.89558,45.29354,2017-09-13,6:18:00 PM,01 - Clear,01 - Dry,01 - Traffic signal,02 - Intersection related,01 - Daylight,03 - P.D. only,04 - Sideswipe,Glen Cairn - Kanata South Business Park
6113,HAZELDEAN RD @ TERRY FOX DR,352209.2832,5017243.12,-75.89556,45.29354,2017-11-11,7:35:00 PM,01 - Clear,01 - Dry,01 - Traffic signal,02 - Intersection related,07 - Dark,02 - Non-fatal injury,03 - Rear end,Glen Cairn - Kanata South Business Park
6114,HAZELDEAN RD @ TERRY FOX DR,352208.9114,5017243.517,-75.89557,45.29355,2017-02-17,4:30:00 AM,01 - Clear,06 - Ice,01 - Traffic signal,02 - Intersection related,07 - Dark,03 - P.D. only,03 - Rear end,Katimavik - Hazeldean
6115,HAZELDEAN RD @ TERRY FOX DR,352208.4694,5017242.451,-75.89557,45.29354,2017-01-09,7:18:00 PM,03 - Snow,04 - Slush,01 - Traffic signal,02 - Intersection related,07 - Dark,03 - P.D. only,03 - Rear end,Glen Cairn - Kanata South Business Park
6116,HAZELDEAN RD @ TERRY FOX DR,352208.1575,5017242.451,-75.89558,45.29354,2017-01-28,11:26:00 AM,03 - Snow,02 - Wet,01 - Traffic signal,02 - Intersection related,01 - Daylight,03 - P.D. only,03 - Rear end,Glen Cairn - Kanata South Business Park
6117,HAZELDEAN RD @ TERRY FOX DR,352208.3615,5017244.327,-75.89557,45.29355,2017-04-03,11:51:00 AM,01 - Clear,01 - Dry,01 - Traffic signal,02 - Intersection related,01 - Daylight,03 - P.D. only,03 - Rear end,Katimavik - Hazeldean
6118,HAZELDEAN RD @ TERRY FOX DR,352207.611,5017242.076,-75.89558,45.29353,2017-02-28,11:10:00 AM,01 - Clear,01 - Dry,01 - Traffic signal,02 - Intersection related,01 - Daylight,03 - P.D. only,03 - Rear end,Glen Cairn - Kanata South Business Park
6119,HAZELDEAN RD @ TERRY FOX DR,352207.6109,5017242.451,-75.89558,45.29354,2017-03-16,7:00:00 PM,01 - Clear,01 - Dry,01 - Traffic signal,02 - Intersection related,07 - Dark,03 - P.D. only,03 - Rear end,Glen Cairn - Kanata South Business Park
6120,HAZELDEAN RD @ TERRY FOX DR,352207.2766,5017241.782,-75.89559,45.29353,2017-03-27,9:07:00 AM,02 - Rain,02 - Wet,01 - Traffic signal,03 - At intersection,01 - Daylight,03 - P.D. only,02 - Angle,Glen Cairn - Kanata South Business Park
6121,HAZELDEAN RD @ TERRY FOX DR,352208.6143,5017243.789,-75.89557,45.29355,2017-03-17,7:30:00 AM,01 - Clear,01 - Dry,01 - Traffic signal,03 - At intersection,01 - Daylight,02 - Non-fatal injury,02 - Angle,Katimavik - Hazeldean
6122,HAZELDEAN RD @ TERRY FOX DR,352208.6143,5017241.113,-75.89557,45.29352,2017-04-11,4:19:00 PM,01 - Clear,01 - Dry,01 - Traffic signal,02 - Intersection related,01 - Daylight,03 - P.D. only,03 - Rear end,Glen Cairn - Kanata South Business Park
6123,HAZELDEAN RD @ TERRY FOX DR,352207.611,5017242.212,-75.89558,45.29353,2017-12-19,7:24:00 PM,03 - Snow,02 - Wet,01 - Traffic signal,02 - Intersection related,07 - Dark,03 - P.D. only,03 - Rear end,Glen Cairn - Kanata South Business Park
6124,HAZELDEAN RD @ TERRY FOX DR,352207.1331,5017242.69,-75.89559,45.29354,2017-12-19,6:14:00 PM,01 - Clear,04 - Slush,01 - Traffic signal,02 - Intersection related,07 - Dark,03 - P.D. only,04 - Sideswipe,Glen Cairn - Kanata South Business Park
6125,HAZELDEAN RD @ YOUNG RD,352465.614,5017480.448,-75.89227,45.29566,2017-05-19,3:50:00 PM,01 - Clear,01 - Dry,02 - Stop sign,02 - Intersection related,01 - Daylight,03 - P.D. only,03 - Rear end,Glen Cairn - Kanata South Business Park
6126,HAZELDEAN RD @ YOUNG RD,352465.614,5017481.116,-75.89227,45.29567,2017-05-29,4:17:00 PM,01 - Clear,01 - Dry,02 - Stop sign,02 - Intersection related,01 - Daylight,03 - P.D. only,03 - Rear end,Glen Cairn - Kanata South Business Park
6127,HAZELDEAN RD @ YOUNG RD,352464.2763,5017479.779,-75.89229,45.29565,2017-06-30,3:31:00 PM,02 - Rain,02 - Wet,02 - Stop sign,03 - At intersection,01 - Daylight,03 - P.D. only,03 - Rear end,Glen Cairn - Kanata South Business Park
6128,HAZELDEAN RD @ YOUNG RD,352465.0423,5017482.062,-75.89228,45.29568,2017-10-16,8:45:00 AM,01 - Clear,01 - Dry,02 - Stop sign,02 - Intersection related,01 - Daylight,03 - P.D. only,07 - SMV other,Katimavik - Hazeldean
6129,HAZELDEAN RD btwn 246 E OF CASTLEFRANK RD & IRWIN GT,352928.3123,5017903.46,-75.88633,45.29944,2017-06-09,3:10:00 AM,01 - Clear,01 - Dry,10 - No control,01 - Non intersection,07 - Dark,02 - Non-fatal injury,07 - SMV other,Glen Cairn - Kanata South Business Park
6130,HAZELDEAN RD btwn 246 E OF CASTLEFRANK RD & IRWIN GT,352972.7647,5017944.294,-75.88576,45.2998,2017-06-05,2:15:00 PM,01 - Clear,02 - Wet,10 - No control,04 - At/near private drive,01 - Daylight,03 - P.D. only,02 - Angle,Kanata
6131,HAZELDEAN RD btwn 246 E OF CASTLEFRANK RD & IRWIN GT,353296.4647,5018189.664,-75.88161,45.30199,2017-07-18,12:51:00 PM,01 - Clear,01 - Dry,10 - No control,01 - Non intersection,01 - Daylight,03 - P.D. only,03 - Rear end,Katimavik - Hazeldean
6132,HAZELDEAN RD btwn 246 E OF CASTLEFRANK RD & IRWIN GT,352930.8052,5017907.898,-75.8863,45.29948,2017-10-16,8:30:00 PM,01 - Clear,01 - Dry,10 - No control,01 - Non intersection,07 - Dark,03 - P.D. only,07 - SMV other,Katimavik - Hazeldean
6133,HAZELDEAN RD btwn 246 E OF CASTLEFRANK RD & IRWIN GT,353324.8398,5018206.556,-75.88125,45.30214,2017-11-29,10:40:00 AM,01 - Clear,01 - Dry,10 - No control,01 - Non intersection,01 - Daylight,03 - P.D. only,03 - Rear end,Katimavik - Hazeldean
6134,HAZELDEAN RD btwn CARP RD & Continuation of HAZELDEAN RD,348946.4471,5014489.64,-75.9374,45.26898,2017-04-18,5:10:00 PM,01 - Clear,01 - Dry,10 - No control,04 - At/near private drive,01 - Daylight,03 - P.D. only,02 - Angle,Stittsville
6135,HAZELDEAN RD btwn CASTLEFRANK RD & 246 E OF CASTLEFRANK RD,352788.342,5017777.093,-75.88813,45.29831,2017-08-22,12:44:00 PM,01 - Clear,02 - Wet,10 - No control,01 - Non intersection,01 - Daylight,02 - Non-fatal injury,02 - Angle,Glen Cairn - Kanata South Business Park
6136,HAZELDEAN RD btwn CASTLEFRANK RD & 246 E OF CASTLEFRANK RD,352692.9283,5017688.809,-75.88935,45.29752,2017-03-07,5:40:00 PM,02 - Rain,02 - Wet,10 - No control,01 - Non intersection,01 - Daylight,02 - Non-fatal injury,03 - Rear end,Glen Cairn - Kanata South Business Park
6137,HAZELDEAN RD btwn EDGEWATER ST & YOUNG RD,352362.1019,5017385.129,-75.8936,45.29481,2017-07-22,4:31:00 PM,01 - Clear,01 - Dry,10 - No control,01 - Non intersection,01 - Daylight,03 - P.D. only,03 - Rear end,Glen Cairn - Kanata South Business Park
6138,HAZELDEAN RD btwn GO/KA BOUNDARY & HUNTMAR DR/IBER RD,351158.2237,5016276.617,-75.90905,45.28492,2017-10-15,1:00:00 PM,01 - Clear,02 - Wet,10 - No control,04 - At/near private drive,01 - Daylight,02 - Non-fatal injury,02 - Angle,Stittsville
6139,HAZELDEAN RD btwn GO/KA BOUNDARY & HUNTMAR DR/IBER RD,351089.1522,5016214.514,-75.90994,45.28436,2017-10-20,3:44:00 PM,01 - Clear,01 - Dry,10 - No control,01 - Non intersection,01 - Daylight,02 - Non-fatal injury,03 - Rear end,Stittsville
6140,HAZELDEAN RD btwn GO/KA BOUNDARY & HUNTMAR DR/IBER RD,351146.7255,5016262.922,-75.9092,45.28479,2017-01-08,1:40:00 PM,03 - Snow,02 - Wet,10 - No control,01 - Non intersection,01 - Daylight,03 - P.D. only,05 - Turning movement,Stittsville
6141,HAZELDEAN RD btwn GO/KA BOUNDARY & HUNTMAR DR/IBER RD,351092.6768,5016215.708,-75.90989,45.28437,2017-12-16,1:56:00 AM,03 - Snow,03 - Loose snow,10 - No control,01 - Non intersection,07 - Dark,03 - P.D. only,07 - SMV other,Stittsville
6142,HAZELDEAN RD btwn GO/KA BOUNDARY & KINCARDINE DR,351589.8362,5016669.384,-75.90351,45.28842,2017-07-06,2:32:00 PM,01 - Clear,01 - Dry,10 - No control,01 - Non intersection,01 - Daylight,03 - P.D. only,04 - Sideswipe,Stittsville - Basswood
6143,HAZELDEAN RD btwn GO/KA BOUNDARY & KINCARDINE DR,351597.8327,5016678.418,-75.90341,45.2885,2017-12-20,4:56:00 PM,01 - Clear,01 - Dry,10 - No control,01 - Non intersection,05 - Dusk,02 - Non-fatal injury,05 - Turning movement,Stittsville - Basswood
6144,HAZELDEAN RD btwn JINKINSON RD/HAZELDEAN IC RAMP 62 & KITTIWAKE DR,347047.5813,5012553.983,-75.96177,45.25168,2017-08-02,5:48:00 AM,01 - Clear,01 - Dry,10 - No control,01 - Non intersection,03 - Dawn,03 - P.D. only,07 - SMV other,Stittsville - Basswood
6145,HAZELDEAN RD btwn JINKINSON RD/HAZELDEAN IC RAMP 62 & KITTIWAKE DR,348446.442,5013825.99,-75.94383,45.26304,2017-10-03,4:27:00 PM,01 - Clear,01 - Dry,10 - No control,01 - Non intersection,01 - Daylight,03 - P.D. only,03 - Rear end,Stittsville
6146,HAZELDEAN RD btwn JINKINSON RD/HAZELDEAN IC RAMP 62 & KITTIWAKE DR,346943.2519,5012454.059,-75.9631,45.25078,2017-03-15,11:31:00 AM,03 - Snow,03 - Loose snow,10 - No control,01 - Non intersection,01 - Daylight,03 - P.D. only,07 - SMV other,Stittsville - Basswood
6147,HAZELDEAN RD btwn RAMP & RAMP,346868.3081,5012393.564,-75.96406,45.25024,2017-12-05,1:03:00 PM,02 - Rain,02 - Wet,10 - No control,01 - Non intersection,01 - Daylight,03 - P.D. only,01 - Approaching,Stittsville - Basswood
6148,HAZELDEAN RD btwn YOUNG RD & CASTLEFRANK RD,352605.3029,5017607.873,-75.89048,45.2968,2017-05-23,6:28:00 PM,01 - Clear,01 - Dry,10 - No control,01 - Non intersection,01 - Daylight,03 - P.D. only,03 - Rear end,Glen Cairn - Kanata South Business Park
6149,HEARST WAY btwn CHIMO DR & COHEN AVE,352993.8036,5019711.786,-75.88532,45.3157,2017-11-07,7:41:00 PM,01 - Clear,01 - Dry,10 - No control,01 - Non intersection,07 - Dark,02 - Non-fatal injury,07 - SMV other,Katimavik - Hazeldean
6150,HEATHERINGTON RD @ FAIRLEA CRES S/ANGELA PRIV,371876.4087,5026501.528,-75.64359,45.37524,2017-11-09,10:16:00 PM,01 - Clear,02 - Wet,02 - Stop sign,03 - At intersection,07 - Dark,02 - Non-fatal injury,07 - SMV other,Ledbury - Heron Gate - Ridgemont - Elmwood
6151,HEATHERINGTON RD btwn ALBION RD N & BANNERHILL PRIV,371344.3285,5026269.183,-75.65041,45.37321,2017-05-01,12:00:00 AM,02 - Rain,02 - Wet,10 - No control,01 - Non intersection,00 - Unknown,03 - P.D. only,06 - SMV unattended vehicle,Ledbury - Heron Gate - Ridgemont - Elmwood
6152,HEATHERINGTON RD btwn FAIRLEA CRES & ANGELA PRIV,371846.3084,5026600.525,-75.64396,45.37614,2017-01-19,2:14:00 PM,04 - Freezing Rain,06 - Ice,10 - No control,01 - Non intersection,01 - Daylight,03 - P.D. only,01 - Approaching,Ledbury - Heron Gate - Ridgemont - Elmwood
6153,HEATHERINGTON RD btwn WALKLEY RD & FAIRLEA CRES,371804.7066,5026705.236,-75.64448,45.37708,2017-05-07,6:14:00 PM,01 - Clear,02 - Wet,10 - No control,01 - Non intersection,01 - Daylight,03 - P.D. only,99 - Other,Ledbury - Heron Gate - Ridgemont - Elmwood