Record,Location,X,Y,Longitude,Latitude,Date,Time,Environment,Road_Surface,Traffic_Control,Collision_Location,Light,Collision_Classification,Impact_type,Neighborhood
6154,HEATHERSTONE CRES btwn ARIA CRT & SPRINGRIDGE DR,385714.2199,5038681.44,-75.46494,45.48337,2017-05-02,2:14:00 PM,01 - Clear,02 - Wet,10 - No control,04 - At/near private drive,01 - Daylight,02 - Non-fatal injury,02 - Angle,Springridge
6155,HELEN RAPP WAY btwn MABERLY WAY & MABERLY WAY,375492.8019,5019384.581,-75.59844,45.31085,2017-06-01,3:12:00 PM,01 - Clear,01 - Dry,10 - No control,01 - Non intersection,01 - Daylight,03 - P.D. only,06 - SMV unattended vehicle,Greenbelt
6156,HELENIUM LANE @ WILLOW ASTER CIR,383493.713,5033813.012,-75.49412,45.43982,2017-12-21,12:00:00 AM,01 - Clear,05 - Packed snow,10 - No control,02 - Intersection related,00 - Unknown,03 - P.D. only,06 - SMV unattended vehicle,Avalon
6157,HEMLOCK PRIV @ AVIATION PKWY ON RAMP,371604.7113,5034914.601,-75.64592,45.45097,2017-08-21,4:00:00 PM,01 - Clear,01 - Dry,10 - No control,03 - At intersection,01 - Daylight,03 - P.D. only,04 - Sideswipe,Gloucester
6158,HEMLOCK RD @ LANSDOWNE RD,369848.2922,5034512.806,-75.66842,45.44752,2017-02-14,5:34:00 PM,04 - Freezing Rain,03 - Loose snow,02 - Stop sign,02 - Intersection related,07 - Dark,03 - P.D. only,01 - Approaching,Rockcliffe - Manor Park
6159,HEMLOCK RD @ LANSDOWNE RD,369848.5235,5034511.572,-75.66842,45.44751,2017-03-08,7:32:00 AM,04 - Freezing Rain,06 - Ice,02 - Stop sign,02 - Intersection related,01 - Daylight,03 - P.D. only,03 - Rear end,Rockcliffe - Manor Park
6160,HEMLOCK RD @ LANSDOWNE RD,369851.0277,5034509.696,-75.66839,45.44749,2017-03-08,7:55:00 AM,04 - Freezing Rain,06 - Ice,02 - Stop sign,02 - Intersection related,01 - Daylight,03 - P.D. only,03 - Rear end,Rockcliffe - Manor Park
6161,HEMLOCK RD @ ST. LAURENT BLVD,371145.7089,5034780.003,-75.6518,45.4498,2017-08-10,4:00:00 PM,01 - Clear,01 - Dry,01 - Traffic signal,03 - At intersection,01 - Daylight,03 - P.D. only,05 - Turning movement,Cemetery
6162,HEMLOCK RD @ ST. LAURENT BLVD,371145.8138,5034781.464,-75.6518,45.44981,2017-09-25,3:54:00 PM,01 - Clear,01 - Dry,01 - Traffic signal,02 - Intersection related,01 - Daylight,03 - P.D. only,04 - Sideswipe,Cemetery
6163,HEMLOCK RD @ ST. LAURENT BLVD,371145.7089,5034782.274,-75.6518,45.44982,2017-12-13,3:26:00 PM,01 - Clear,02 - Wet,01 - Traffic signal,02 - Intersection related,01 - Daylight,03 - P.D. only,03 - Rear end,Cemetery
6164,HEMLOCK RD @ ST. LAURENT BLVD,371145.7089,5034782.412,-75.6518,45.44982,2017-01-18,3:52:00 PM,02 - Rain,02 - Wet,01 - Traffic signal,02 - Intersection related,01 - Daylight,03 - P.D. only,05 - Turning movement,Cemetery
6165,HEMLOCK RD btwn LANSDOWNE RD S & WHITEMARL DR,370005.1178,5034628.168,-75.6664,45.44854,2017-07-11,3:27:00 PM,02 - Rain,02 - Wet,10 - No control,01 - Non intersection,01 - Daylight,03 - P.D. only,03 - Rear end,Rockcliffe - Manor Park
6166,HEMLOCK RD btwn ST. LAURENT BLVD & LONDON TER,371175.4748,5034780.929,-75.65142,45.44981,2017-11-30,4:48:00 PM,04 - Freezing Rain,02 - Wet,10 - No control,04 - At/near private drive,05 - Dusk,03 - P.D. only,02 - Angle,Rockcliffe - Manor Park
6167,HEMMINGWOOD WAY @ NORTHGATE ST,362062.6764,5023090.623,-75.76927,45.34542,2017-02-13,11:34:00 AM,01 - Clear,02 - Wet,02 - Stop sign,02 - Intersection related,01 - Daylight,03 - P.D. only,04 - Sideswipe,Centrepointe
6168,HENDERSON AVE btwn LAURIER AVE E & OSGOODE ST,368912.1363,5031909.07,-75.68073,45.42418,2017-02-03,9:05:00 AM,01 - Clear,01 - Dry,10 - No control,01 - Non intersection,01 - Daylight,03 - P.D. only,06 - SMV unattended vehicle,Sandy Hill
6169,HENEY ST btwn CHARLOTTE ST & WURTEMBURG ST,369168.509,5033100.09,-75.6773,45.43487,2017-03-30,12:00:00 AM,01 - Clear,01 - Dry,10 - No control,01 - Non intersection,00 - Unknown,03 - P.D. only,06 - SMV unattended vehicle,Lower Town
6170,HENLEY ST @ TAVISTOCK RD,360896.6828,5024583.523,-75.78398,45.35895,2017-03-23,9:07:00 AM,01 - Clear,01 - Dry,02 - Stop sign,03 - At intersection,01 - Daylight,03 - P.D. only,05 - Turning movement,Whitehaven - Queensway Terrace North
6171,HENN DR @ TRIM RD,388624.8991,5032209.066,-75.42881,45.42479,2017-01-28,6:13:00 PM,01 - Clear,02 - Wet,02 - Stop sign,02 - Intersection related,07 - Dark,03 - P.D. only,03 - Rear end,Navan
6172,HENNEPIN ST @ KENNEVALE DR,362269.1795,5014471.494,-75.76764,45.26785,2017-11-30,4:31:00 PM,02 - Rain,02 - Wet,02 - Stop sign,03 - At intersection,05 - Dusk,02 - Non-fatal injury,07 - SMV other,Barrhaven West - Old Barrhaven
6173,HENNEPIN ST btwn KENNEVALE DR & SARRAZIN WAY,362321.1694,5014407.66,-75.76698,45.26727,2017-12-23,3:40:00 AM,03 - Snow,04 - Slush,10 - No control,04 - At/near private drive,07 - Dark,03 - P.D. only,06 - SMV unattended vehicle,Barrhaven West - Old Barrhaven
6174,HENNESSY CRES E @ VALIN ST E,385266.7056,5037698.343,-75.47082,45.47457,2017-09-10,8:15:00 PM,01 - Clear,01 - Dry,02 - Stop sign,03 - At intersection,07 - Dark,03 - P.D. only,02 - Angle,Cardinal Creek
6175,HENNESSY CRES/VARENNES BLVD @ VALIN ST,385176.5556,5037685.492,-75.47198,45.47447,2017-09-13,12:46:00 PM,01 - Clear,01 - Dry,02 - Stop sign,03 - At intersection,01 - Daylight,03 - P.D. only,02 - Angle,Fallingbrook
6176,HENRI LAUZON ST btwn WILDBERRY CRT & FORESTCREST ST,380124.6304,5036443.705,-75.53677,45.46386,2017-08-22,9:28:00 PM,01 - Clear,01 - Dry,10 - No control,04 - At/near private drive,07 - Dark,03 - P.D. only,06 - SMV unattended vehicle,Chapel Hill
6177,HENRY FARM DR @ MAITLAND AVE,363848.6932,5025152.742,-75.74624,45.36383,2017-09-08,1:11:00 PM,01 - Clear,01 - Dry,02 - Stop sign,02 - Intersection related,01 - Daylight,02 - Non-fatal injury,03 - Rear end,Civic Hospital - Experimental Farm - Central Park
6178,HENRY FARM DR @ MAITLAND AVE,363849.1666,5025152.282,-75.74623,45.36383,2017-12-24,4:33:00 PM,01 - Clear,01 - Dry,02 - Stop sign,02 - Intersection related,05 - Dusk,03 - P.D. only,07 - SMV other,Civic Hospital - Experimental Farm - Central Park
6179,HENRY FARM DR @ TERREBONNE DR,363885.021,5024897.176,-75.7458,45.36153,2017-02-14,9:28:00 AM,03 - Snow,03 - Loose snow,02 - Stop sign,03 - At intersection,01 - Daylight,03 - P.D. only,02 - Angle,Braemar Park - Bel Air Heights - Copeland Park
6180,HENRY FARM DR btwn TERREBONNE DR & BASELINE RD,363953.0121,5024756.447,-75.74495,45.36026,2017-02-15,3:21:00 PM,03 - Snow,03 - Loose snow,10 - No control,01 - Non intersection,01 - Daylight,03 - P.D. only,06 - SMV unattended vehicle,Braemar Park - Bel Air Heights - Copeland Park
6181,HEPATICA WAY @ MASKINONGE CR E,384077.3331,5034257.607,-75.48659,45.44375,2017-12-19,4:37:00 PM,99 - Other,03 - Loose snow,10 - No control,02 - Intersection related,05 - Dusk,03 - P.D. only,06 - SMV unattended vehicle,Avalon
6182,HEPATICA WAY btwn GENEVRIERS ST & MAGNOLIA ST,384489.911,5034602.519,-75.48126,45.44681,2017-10-29,3:15:00 PM,01 - Clear,01 - Dry,10 - No control,04 - At/near private drive,01 - Daylight,03 - P.D. only,06 - SMV unattended vehicle,Avalon
6183,HERON RD @ 155 W OF BANK ST/CANADIAN TIRE SC,369848.1068,5026832.845,-75.66944,45.37842,2017-10-23,4:49:00 PM,01 - Clear,01 - Dry,01 - Traffic signal,03 - At intersection,01 - Daylight,03 - P.D. only,05 - Turning movement,Alta Vista
6184,HERON RD @ ALTA VISTA DR,370494.3085,5026905.217,-75.66118,45.37901,2017-05-11,9:50:00 AM,01 - Clear,01 - Dry,01 - Traffic signal,02 - Intersection related,01 - Daylight,03 - P.D. only,03 - Rear end,Alta Vista
6185,HERON RD @ ALTA VISTA DR,370492.388,5026902.537,-75.6612,45.37898,2017-06-24,12:08:00 PM,01 - Clear,01 - Dry,01 - Traffic signal,02 - Intersection related,01 - Daylight,03 - P.D. only,03 - Rear end,Alta Vista
6186,HERON RD @ ALTA VISTA DR,370492.388,5026901.868,-75.6612,45.37898,2017-05-21,3:46:00 PM,01 - Clear,01 - Dry,01 - Traffic signal,02 - Intersection related,01 - Daylight,03 - P.D. only,07 - SMV other,Alta Vista
6187,HERON RD @ ALTA VISTA DR,370490.7993,5026902.537,-75.66122,45.37898,2017-08-15,6:43:00 AM,02 - Rain,02 - Wet,01 - Traffic signal,02 - Intersection related,01 - Daylight,03 - P.D. only,03 - Rear end,Alta Vista
6188,HERON RD @ ALTA VISTA DR,370492.7224,5026901.42,-75.6612,45.37897,2017-08-30,9:43:00 AM,01 - Clear,01 - Dry,01 - Traffic signal,02 - Intersection related,01 - Daylight,02 - Non-fatal injury,04 - Sideswipe,Alta Vista
6189,HERON RD @ ALTA VISTA DR,370493.0569,5026903.875,-75.6612,45.379,2017-07-01,9:34:00 PM,01 - Clear,02 - Wet,01 - Traffic signal,03 - At intersection,07 - Dark,02 - Non-fatal injury,05 - Turning movement,Alta Vista
6190,HERON RD @ ALTA VISTA DR,370492.7224,5026902.537,-75.6612,45.37898,2017-10-04,4:16:00 PM,01 - Clear,01 - Dry,01 - Traffic signal,02 - Intersection related,01 - Daylight,03 - P.D. only,03 - Rear end,Alta Vista
6191,HERON RD @ ALTA VISTA DR,370491.0057,5026900.82,-75.66122,45.37897,2017-01-05,5:23:00 PM,03 - Snow,06 - Ice,01 - Traffic signal,02 - Intersection related,05 - Dusk,03 - P.D. only,03 - Rear end,Alta Vista
6192,HERON RD @ ALTA VISTA DR,370493.7257,5026903.875,-75.66119,45.379,2017-03-08,4:00:00 AM,02 - Rain,02 - Wet,01 - Traffic signal,03 - At intersection,07 - Dark,02 - Non-fatal injury,07 - SMV other,Alta Vista
6193,HERON RD @ ALTA VISTA DR,370492.7224,5026902.298,-75.6612,45.37898,2017-12-21,3:27:00 PM,01 - Clear,06 - Ice,01 - Traffic signal,02 - Intersection related,01 - Daylight,03 - P.D. only,03 - Rear end,Alta Vista
6194,HERON RD @ ALTA VISTA DR,370492.249,5026903.721,-75.66121,45.37899,2017-12-16,4:46:00 PM,01 - Clear,02 - Wet,01 - Traffic signal,02 - Intersection related,05 - Dusk,03 - P.D. only,03 - Rear end,Alta Vista
6195,HERON RD @ BAYCREST DR,371143.5073,5026978.879,-75.65288,45.37961,2017-08-21,4:00:00 PM,01 - Clear,01 - Dry,01 - Traffic signal,02 - Intersection related,01 - Daylight,03 - P.D. only,04 - Sideswipe,Ledbury - Heron Gate - Ridgemont - Elmwood
6196,HERON RD @ BAYCREST DR,371143.7293,5026979.545,-75.65288,45.37962,2017-10-03,8:25:00 AM,01 - Clear,01 - Dry,01 - Traffic signal,03 - At intersection,01 - Daylight,02 - Non-fatal injury,05 - Turning movement,Ledbury - Heron Gate - Ridgemont - Elmwood
6197,HERON RD @ BAYCREST DR,371143.2514,5026978.35,-75.65288,45.37961,2017-11-08,4:49:00 PM,01 - Clear,01 - Dry,01 - Traffic signal,03 - At intersection,05 - Dusk,03 - P.D. only,05 - Turning movement,Ledbury - Heron Gate - Ridgemont - Elmwood
6198,HERON RD @ BAYCREST DR,371146.0874,5026979.179,-75.65285,45.37961,2017-02-13,3:36:00 PM,03 - Snow,06 - Ice,01 - Traffic signal,02 - Intersection related,01 - Daylight,03 - P.D. only,03 - Rear end,Ledbury - Heron Gate - Ridgemont - Elmwood
6199,HERON RD @ BAYCREST DR,371142.8709,5026977.828,-75.65289,45.3796,2017-01-05,7:10:00 PM,01 - Clear,06 - Ice,01 - Traffic signal,02 - Intersection related,07 - Dark,03 - P.D. only,03 - Rear end,Ledbury - Heron Gate - Ridgemont - Elmwood
6200,HERON RD @ BRIAR HILL DR/SANDALWOOD DR,371453.0623,5027011.2,-75.64892,45.37987,2017-02-15,6:05:00 PM,03 - Snow,04 - Slush,01 - Traffic signal,02 - Intersection related,07 - Dark,03 - P.D. only,03 - Rear end,Ledbury - Heron Gate - Ridgemont - Elmwood
6201,HERON RD @ BRIAR HILL DR/SANDALWOOD DR,371455.2351,5027013.263,-75.6489,45.37989,2017-12-31,6:33:00 PM,01 - Clear,02 - Wet,01 - Traffic signal,03 - At intersection,07 - Dark,03 - P.D. only,03 - Rear end,Ledbury - Heron Gate - Ridgemont - Elmwood
6202,HERON RD @ BRONSON AVE RAMP 52,368689.7103,5026696.689,-75.68425,45.3773,2017-04-14,2:05:00 PM,01 - Clear,01 - Dry,10 - No control,02 - Intersection related,01 - Daylight,03 - P.D. only,03 - Rear end,Alta Vista
6203,HERON RD @ FINN CRT,370830.6262,5026945.327,-75.65688,45.37934,2017-08-24,9:47:00 PM,01 - Clear,01 - Dry,01 - Traffic signal,02 - Intersection related,07 - Dark,03 - P.D. only,04 - Sideswipe,Ledbury - Heron Gate - Ridgemont - Elmwood
6204,HERON RD @ FINN CRT,370831.4891,5026945.111,-75.65687,45.37934,2017-09-07,9:28:00 AM,01 - Clear,01 - Dry,01 - Traffic signal,02 - Intersection related,01 - Daylight,03 - P.D. only,04 - Sideswipe,Ledbury - Heron Gate - Ridgemont - Elmwood
6205,HERON RD @ JUNCTION AVE,369217.7359,5026760.527,-75.6775,45.37782,2017-08-05,5:46:00 AM,01 - Clear,01 - Dry,02 - Stop sign,02 - Intersection related,03 - Dawn,02 - Non-fatal injury,01 - Approaching,Alta Vista
6206,HERON RD @ JUNCTION AVE,369217.855,5026762.929,-75.67749,45.37785,2017-07-08,7:54:00 PM,01 - Clear,01 - Dry,02 - Stop sign,03 - At intersection,01 - Daylight,02 - Non-fatal injury,05 - Turning movement,Alta Vista
6207,HERON RD @ KALADAR AVE,369684.7201,5026804.538,-75.67153,45.37818,2017-06-20,9:50:00 AM,01 - Clear,01 - Dry,01 - Traffic signal,02 - Intersection related,01 - Daylight,03 - P.D. only,03 - Rear end,Alta Vista
6208,HERON RD @ KALADAR AVE,369686.0579,5026805.875,-75.67151,45.37819,2017-05-02,7:20:00 AM,01 - Clear,01 - Dry,01 - Traffic signal,02 - Intersection related,01 - Daylight,03 - P.D. only,99 - Other,Alta Vista
6209,HERON RD @ KALADAR AVE,369686.3644,5026804.538,-75.67151,45.37818,2017-08-13,7:39:00 PM,01 - Clear,01 - Dry,01 - Traffic signal,02 - Intersection related,01 - Daylight,03 - P.D. only,03 - Rear end,Alta Vista
6210,HERON RD @ KALADAR AVE,369685.389,5026805.207,-75.67152,45.37818,2017-11-27,4:25:00 PM,01 - Clear,01 - Dry,01 - Traffic signal,02 - Intersection related,05 - Dusk,03 - P.D. only,05 - Turning movement,Alta Vista
6211,HERON RD @ KALADAR AVE,369685.7231,5026804.539,-75.67152,45.37818,2017-01-05,12:35:00 PM,01 - Clear,06 - Ice,01 - Traffic signal,02 - Intersection related,01 - Daylight,03 - P.D. only,03 - Rear end,Alta Vista
6212,HERON RD @ KALADAR AVE,369686.0946,5026803.583,-75.67151,45.37817,2017-12-19,4:55:00 PM,01 - Clear,01 - Dry,01 - Traffic signal,02 - Intersection related,07 - Dark,03 - P.D. only,03 - Rear end,Alta Vista
6213,HERON RD @ WALKLEY RD,372266.8407,5027081.448,-75.63852,45.38043,2017-06-25,2:48:00 AM,01 - Clear,01 - Dry,01 - Traffic signal,02 - Intersection related,07 - Dark,03 - P.D. only,07 - SMV other,Ledbury - Heron Gate - Ridgemont - Elmwood
6214,HERON RD @ WALKLEY RD,372266.2284,5027083.218,-75.63853,45.38044,2017-10-08,12:33:00 PM,01 - Clear,01 - Dry,01 - Traffic signal,03 - At intersection,01 - Daylight,03 - P.D. only,02 - Angle,Ledbury - Heron Gate - Ridgemont - Elmwood
6215,HERON RD @ WALKLEY RD,372268.8473,5027082.786,-75.6385,45.38044,2017-01-05,9:15:00 AM,01 - Clear,06 - Ice,01 - Traffic signal,02 - Intersection related,01 - Daylight,02 - Non-fatal injury,03 - Rear end,Ledbury - Heron Gate - Ridgemont - Elmwood
6216,HERON RD @ WALKLEY RD,372266.1718,5027082.117,-75.63853,45.38043,2017-04-15,4:47:00 AM,01 - Clear,01 - Dry,01 - Traffic signal,03 - At intersection,07 - Dark,02 - Non-fatal injury,07 - SMV other,Ledbury - Heron Gate - Ridgemont - Elmwood
6217,HERON RD btwn BANK ST & EDGE HILL PL,370143.7777,5026873.518,-75.66566,45.37876,2017-08-24,10:12:00 PM,01 - Clear,01 - Dry,10 - No control,01 - Non intersection,07 - Dark,02 - Non-fatal injury,03 - Rear end,Alta Vista
6218,HERON RD btwn BANK ST & EDGE HILL PL,370006.6901,5026853.038,-75.66741,45.37858,2017-01-24,8:56:00 AM,03 - Snow,06 - Ice,10 - No control,01 - Non intersection,01 - Daylight,03 - P.D. only,07 - SMV other,Alta Vista
6219,HERON RD btwn BAYCREST DR & SANDALWOOD DR,371243.7293,5026992.254,-75.6516,45.37972,2017-11-01,9:02:00 AM,02 - Rain,02 - Wet,10 - No control,04 - At/near private drive,01 - Daylight,03 - P.D. only,05 - Turning movement,Ledbury - Heron Gate - Ridgemont - Elmwood
6220,HERON RD btwn CLEMENTINE BLVD & FALCON AVE,369591.5467,5026793.269,-75.67272,45.37808,2017-09-13,5:00:00 PM,01 - Clear,01 - Dry,10 - No control,01 - Non intersection,01 - Daylight,03 - P.D. only,03 - Rear end,Alta Vista
6221,HERON RD btwn EVANS BLVD & ALTA VISTA DR,370477.5225,5026901.347,-75.66139,45.37897,2017-09-29,8:47:00 AM,01 - Clear,01 - Dry,10 - No control,01 - Non intersection,01 - Daylight,02 - Non-fatal injury,07 - SMV other,Alta Vista
6222,HERON RD btwn FINN CRT & BAYCREST DR,370967.5572,5026960.265,-75.65513,45.37946,2017-05-02,6:02:00 PM,02 - Rain,02 - Wet,10 - No control,04 - At/near private drive,01 - Daylight,03 - P.D. only,05 - Turning movement,Ledbury - Heron Gate - Ridgemont - Elmwood
6223,HERON RD btwn HUNTLEY AVE & CLEMENTINE BLVD,369523.2851,5026784.153,-75.67359,45.37801,2017-01-30,7:34:00 PM,06 - Strong wind,06 - Ice,10 - No control,01 - Non intersection,07 - Dark,03 - P.D. only,07 - SMV other,Alta Vista
6224,HERON RD btwn SANDALWOOD DR & JEFFERSON ST,371501.5578,5027015.442,-75.6483,45.3799,2017-12-09,11:22:00 PM,03 - Snow,03 - Loose snow,10 - No control,01 - Non intersection,07 - Dark,03 - P.D. only,07 - SMV other,Ledbury - Heron Gate - Ridgemont - Elmwood
6225,HERON RD btwn WILDWOOD AVE & BANK ST,369969.2986,5026849.536,-75.66789,45.37856,2017-05-09,9:01:00 PM,01 - Clear,01 - Dry,10 - No control,01 - Non intersection,05 - Dusk,03 - P.D. only,04 - Sideswipe,Alta Vista
6226,HERON RD btwn WILDWOOD AVE & BANK ST,369965.6197,5026848.867,-75.66794,45.37855,2017-01-17,9:56:00 AM,01 - Clear,01 - Dry,10 - No control,01 - Non intersection,01 - Daylight,03 - P.D. only,03 - Rear end,Alta Vista
6227,HERON RD EB btwn DATA CENTRE RD & JUNCTION AVE,369134.9707,5026745.044,-75.67855,45.37769,2017-03-30,4:45:00 PM,01 - Clear,01 - Dry,10 - No control,04 - At/near private drive,01 - Daylight,03 - P.D. only,02 - Angle,Alta Vista
6228,HERON RD EB btwn PRINCE OF WALES DR & HERON RD EB OFF RAMP/VINCENT MAS,367372.484,5026486.647,-75.70109,45.37553,2017-04-07,4:16:00 PM,02 - Rain,02 - Wet,10 - No control,01 - Non intersection,01 - Daylight,03 - P.D. only,03 - Rear end,Carleton University
6229,HERON RD EB btwn RIVERSIDE DR & BRONSON AVE RAMP 35,368419.6467,5026663.191,-75.6877,45.37702,2017-04-06,5:06:00 PM,02 - Rain,02 - Wet,10 - No control,01 - Non intersection,01 - Daylight,03 - P.D. only,03 - Rear end,Riverside Park
6230,HERON RD WB btwn HERON RD WB OFF RAMP/VINCENT MASSEY PARK & RIVERSIDE,368018.1152,5026636.759,-75.69283,45.37682,2017-11-15,10:52:00 AM,01 - Clear,01 - Dry,10 - No control,01 - Non intersection,01 - Daylight,03 - P.D. only,07 - SMV other,Riverside Park
6231,HERON RD WB btwn HERON RD WB OFF RAMP/VINCENT MASSEY PARK & RIVERSIDE,368028.6118,5026638.121,-75.69269,45.37683,2017-03-17,7:15:00 AM,01 - Clear,06 - Ice,10 - No control,01 - Non intersection,01 - Daylight,02 - Non-fatal injury,04 - Sideswipe,Riverside Park
6232,HERON RD WB btwn PRINCE OF WALES DR & HERON RD WB ON RAMP/VINCENT MASS,367465.6467,5026532.767,-75.69989,45.37593,2017-12-13,9:45:00 AM,01 - Clear,02 - Wet,10 - No control,01 - Non intersection,01 - Daylight,03 - P.D. only,04 - Sideswipe,Carleton University
6233,HERON RD WB btwn PRINCE OF WALES DR & HERON RD WB ON RAMP/VINCENT MASS,367075.9789,5026476.235,-75.70488,45.37546,2017-04-07,3:17:00 PM,01 - Clear,02 - Wet,10 - No control,01 - Non intersection,01 - Daylight,03 - P.D. only,03 - Rear end,Civic Hospital - Experimental Farm - Central Park
6234,HERON RD WB btwn RIVERSIDE DR & BRONSON AVE RAMP 36,368288.6634,5026667.288,-75.68937,45.37707,2017-05-05,6:14:00 PM,01 - Clear,01 - Dry,10 - No control,01 - Non intersection,01 - Daylight,03 - P.D. only,03 - Rear end,Riverside Park
6235,HERON RD WB btwn RIVERSIDE DR & BRONSON AVE RAMP 36,368441.9121,5026683.869,-75.68741,45.37721,2017-08-11,7:20:00 PM,01 - Clear,01 - Dry,10 - No control,01 - Non intersection,01 - Daylight,03 - P.D. only,04 - Sideswipe,Riverside Park
6236,HERON RD WB btwn RIVERSIDE DR & BRONSON AVE RAMP 36,368459.61,5026687.325,-75.68718,45.37724,2017-07-07,8:48:00 AM,01 - Clear,01 - Dry,10 - No control,01 - Non intersection,01 - Daylight,03 - P.D. only,03 - Rear end,Riverside Park
6237,HERON RD WB btwn RIVERSIDE DR & BRONSON AVE RAMP 36,368236.7119,5026660.483,-75.69003,45.37701,2017-09-20,5:10:00 PM,01 - Clear,01 - Dry,10 - No control,01 - Non intersection,01 - Daylight,03 - P.D. only,03 - Rear end,Riverside Park
6238,HERON RD WB btwn TURN LANE & DATA CENTRE RD,368986.0027,5026741.922,-75.68046,45.37768,2017-02-13,10:10:00 AM,03 - Snow,04 - Slush,10 - No control,01 - Non intersection,01 - Daylight,03 - P.D. only,04 - Sideswipe,Alta Vista
6239,HERRIDGE ST @ MAIN ST,369218.7118,5030048.926,-75.67705,45.40741,2017-02-14,7:09:00 PM,03 - Snow,05 - Packed snow,02 - Stop sign,02 - Intersection related,07 - Dark,03 - P.D. only,03 - Rear end,Old Ottawa East
6240,HERRIDGE ST @ MAIN ST,369219.1852,5030048.787,-75.67705,45.40741,2017-12-20,4:30:00 PM,01 - Clear,04 - Slush,02 - Stop sign,03 - At intersection,05 - Dusk,02 - Non-fatal injury,05 - Turning movement,Old Ottawa East
6241,HERRIDGE ST @ MCGILLIVRAY ST,369000.1661,5029957.919,-75.67986,45.40661,2017-01-24,3:45:00 PM,04 - Freezing Rain,06 - Ice,02 - Stop sign,03 - At intersection,01 - Daylight,03 - P.D. only,07 - SMV other,Old Ottawa East
6242,HERRIDGE ST btwn GLENORA ST & MAIN ST,369187.6215,5030034.727,-75.67745,45.40729,2017-11-28,12:10:00 PM,01 - Clear,02 - Wet,10 - No control,04 - At/near private drive,01 - Daylight,03 - P.D. only,02 - Angle,Old Ottawa East
6243,HERZBERG RD @ CARLING AVE,352038.0934,5022300.256,-75.89726,45.33906,2017-10-17,3:17:00 PM,01 - Clear,01 - Dry,01 - Traffic signal,03 - At intersection,01 - Daylight,02 - Non-fatal injury,05 - Turning movement,Kanata Lakes - Marchwood Lakeside - Morgan's Grant - Kanata
6244,HERZBERG RD @ CARLING AVE,352037.0736,5022301.039,-75.89728,45.33907,2017-01-17,8:45:00 AM,01 - Clear,01 - Dry,01 - Traffic signal,02 - Intersection related,01 - Daylight,03 - P.D. only,04 - Sideswipe,Kanata Lakes - Marchwood Lakeside - Morgan's Grant - Kanata
6245,HERZBERG RD @ CARLING AVE,352038.5668,5022300.729,-75.89726,45.33906,2017-01-19,3:26:00 PM,01 - Clear,01 - Dry,01 - Traffic signal,02 - Intersection related,01 - Daylight,03 - P.D. only,03 - Rear end,Kanata Lakes - Marchwood Lakeside - Morgan's Grant - Kanata
6246,HERZBERG RD @ CARLING AVE,352036.1191,5022299.367,-75.89729,45.33905,2017-02-12,9:53:00 PM,03 - Snow,05 - Packed snow,01 - Traffic signal,03 - At intersection,07 - Dark,03 - P.D. only,07 - SMV other,Kanata Lakes - Marchwood Lakeside - Morgan's Grant - Kanata
6247,HERZBERG RD @ CARLING AVE,352037.9545,5022299.824,-75.89726,45.33906,2017-04-13,4:24:00 PM,01 - Clear,01 - Dry,01 - Traffic signal,02 - Intersection related,01 - Daylight,03 - P.D. only,03 - Rear end,Kanata Lakes - Marchwood Lakeside - Morgan's Grant - Kanata
6248,HERZBERG RD @ CARLING AVE,352037.9545,5022300.493,-75.89726,45.33906,2017-03-03,5:30:00 PM,01 - Clear,01 - Dry,01 - Traffic signal,02 - Intersection related,01 - Daylight,03 - P.D. only,03 - Rear end,Kanata Lakes - Marchwood Lakeside - Morgan's Grant - Kanata
6249,HERZBERG RD @ CARLING AVE,352037.62,5022300.254,-75.89727,45.33906,2017-12-25,4:29:00 PM,01 - Clear,02 - Wet,01 - Traffic signal,02 - Intersection related,05 - Dusk,03 - P.D. only,07 - SMV other,Kanata Lakes - Marchwood Lakeside - Morgan's Grant - Kanata
6250,HERZBERG RD @ MARCH RD,352324.6255,5021529.157,-75.89368,45.3321,2017-05-28,1:21:00 PM,01 - Clear,01 - Dry,01 - Traffic signal,02 - Intersection related,01 - Daylight,02 - Non-fatal injury,07 - SMV other,Kanata Lakes - Marchwood Lakeside - Morgan's Grant - Kanata
6251,HERZBERG RD @ MARCH RD,352323.0758,5021529.581,-75.8937,45.33211,2017-08-17,2:01:00 PM,01 - Clear,01 - Dry,01 - Traffic signal,02 - Intersection related,01 - Daylight,03 - P.D. only,03 - Rear end,Kanata Lakes - Marchwood Lakeside - Morgan's Grant - Kanata
6252,HERZBERG RD @ MARCH RD,352322.9563,5021528.71,-75.8937,45.3321,2017-08-24,12:00:00 PM,01 - Clear,01 - Dry,01 - Traffic signal,02 - Intersection related,01 - Daylight,03 - P.D. only,03 - Rear end,Kanata Lakes - Marchwood Lakeside - Morgan's Grant - Kanata
6253,HERZBERG RD @ MARCH RD,352323.9567,5021528.488,-75.89369,45.3321,2017-11-30,7:26:00 AM,01 - Clear,01 - Dry,01 - Traffic signal,02 - Intersection related,01 - Daylight,03 - P.D. only,03 - Rear end,Kanata Lakes - Marchwood Lakeside - Morgan's Grant - Kanata