Record,Location,X,Y,Longitude,Latitude,Date,Time,Environment,Road_Surface,Traffic_Control,Collision_Location,Light,Collision_Classification,Impact_type,Neighborhood
6254,HERZBERG RD @ MARCH RD,352322.6189,5021528.488,-75.89371,45.3321,2017-12-05,12:00:00 PM,01 - Clear,01 - Dry,01 - Traffic signal,03 - At intersection,01 - Daylight,03 - P.D. only,02 - Angle,Kanata Lakes - Marchwood Lakeside - Morgan's Grant - Kanata
6255,HERZBERG RD @ MARCH RD,352323.6222,5021528.252,-75.89369,45.33209,2017-12-09,2:10:00 PM,01 - Clear,02 - Wet,01 - Traffic signal,02 - Intersection related,01 - Daylight,03 - P.D. only,03 - Rear end,Kanata Lakes - Marchwood Lakeside - Morgan's Grant - Kanata
6256,HERZBERG RD @ MARCH RD,352323.9567,5021527.151,-75.89369,45.33208,2017-03-03,5:15:00 PM,01 - Clear,01 - Dry,01 - Traffic signal,02 - Intersection related,01 - Daylight,02 - Non-fatal injury,03 - Rear end,Kanata Lakes - Marchwood Lakeside - Morgan's Grant - Kanata
6257,HERZBERG RD @ MARCH RD,352323.6222,5021528.488,-75.89369,45.3321,2017-12-29,5:26:00 PM,01 - Clear,06 - Ice,01 - Traffic signal,02 - Intersection related,07 - Dark,03 - P.D. only,07 - SMV other,Kanata Lakes - Marchwood Lakeside - Morgan's Grant - Kanata
6258,HERZBERG RD @ MARCH RD,352324.569,5021529.672,-75.89368,45.33211,2017-12-18,7:27:00 AM,01 - Clear,04 - Slush,01 - Traffic signal,03 - At intersection,03 - Dawn,03 - P.D. only,02 - Angle,Kanata Lakes - Marchwood Lakeside - Morgan's Grant - Kanata
6259,HERZBERG RD @ MARCH RD,352323.6222,5021529.683,-75.89369,45.33211,2017-12-22,7:59:00 PM,03 - Snow,06 - Ice,01 - Traffic signal,03 - At intersection,07 - Dark,03 - P.D. only,02 - Angle,Kanata Lakes - Marchwood Lakeside - Morgan's Grant - Kanata
6260,HERZBERG RD @ MARCH RD,352323.6222,5021527.361,-75.89369,45.33209,2017-12-23,12:00:00 PM,03 - Snow,08 - Loose sand or gravel,01 - Traffic signal,03 - At intersection,01 - Daylight,03 - P.D. only,07 - SMV other,Kanata Lakes - Marchwood Lakeside - Morgan's Grant - Kanata
6261,HERZBERG RD btwn BAYFIELD AVE & MARCH RD,352148.6248,5022052.646,-75.89588,45.33682,2017-07-31,5:07:00 PM,01 - Clear,01 - Dry,10 - No control,04 - At/near private drive,01 - Daylight,02 - Non-fatal injury,05 - Turning movement,Greenbelt
6262,HERZBERG RD btwn LEGGET DR & CARLING AVE,351963.5976,5022468.79,-75.8982,45.34058,2017-11-09,5:09:00 PM,01 - Clear,01 - Dry,10 - No control,01 - Non intersection,05 - Dusk,03 - P.D. only,03 - Rear end,Kanata Lakes - Marchwood Lakeside - Morgan's Grant - Kanata
6263,HERZBERG RD btwn LEGGET DR & CARLING AVE,351963.6158,5022472.121,-75.8982,45.34061,2017-04-21,4:29:00 PM,01 - Clear,01 - Dry,10 - No control,04 - At/near private drive,01 - Daylight,03 - P.D. only,05 - Turning movement,Kanata Lakes - Marchwood Lakeside - Morgan's Grant - Kanata
6264,HERZBERG RD btwn TERRY FOX DR & Continuation of HERZBERG RD (2),351656.941,5023167.376,-75.90204,45.34689,2017-06-24,7:45:00 PM,02 - Rain,02 - Wet,10 - No control,01 - Non intersection,01 - Daylight,03 - P.D. only,07 - SMV other,South March
6265,HERZBERG RD/MARCH VALLEY RD @ SANDHILL RD,351526.7611,5023530.718,-75.90367,45.35017,2017-02-28,9:44:00 AM,01 - Clear,01 - Dry,02 - Stop sign,02 - Intersection related,01 - Daylight,03 - P.D. only,03 - Rear end,Greenbelt
6266,HIGH RD btwn EARL ARMSTRONG RD & ALBION RD,374331.7535,5017893.21,-75.61345,45.29755,2017-03-24,10:58:00 AM,03 - Snow,03 - Loose snow,10 - No control,01 - Non intersection,01 - Daylight,03 - P.D. only,07 - SMV other,Greenbelt
6267,HIGHCROFT DR @ MANOTICK MAIN ST,368615.7072,5009988.394,-75.68734,45.22697,2017-06-15,5:41:00 PM,01 - Clear,01 - Dry,02 - Stop sign,03 - At intersection,01 - Daylight,02 - Non-fatal injury,02 - Angle,Manotick
6268,HIGHCROFT DR @ MANOTICK MAIN ST,368615.7072,5009989.063,-75.68734,45.22697,2017-11-26,12:59:00 PM,01 - Clear,01 - Dry,02 - Stop sign,03 - At intersection,01 - Daylight,02 - Non-fatal injury,05 - Turning movement,Manotick
6269,HIGHFIELD CRES @ RICHMOND RD,359756.6691,5023948.555,-75.7986,45.35333,2017-07-27,5:50:00 PM,01 - Clear,01 - Dry,02 - Stop sign,03 - At intersection,01 - Daylight,03 - P.D. only,02 - Angle,Whitehaven - Queensway Terrace North
6270,HIGHFIELD CRES btwn LOVITT RD & RICHMOND RD,359814.4947,5023868.031,-75.79787,45.3526,2017-09-18,6:50:00 AM,01 - Clear,01 - Dry,10 - No control,01 - Non intersection,03 - Dawn,03 - P.D. only,03 - Rear end,Whitehaven - Queensway Terrace North
6271,HIGHGATE RD @ IRIS ST,361634.1397,5023935.751,-75.77464,45.35306,2017-01-04,5:00:00 PM,03 - Snow,06 - Ice,02 - Stop sign,02 - Intersection related,05 - Dusk,03 - P.D. only,07 - SMV other,Iris
6272,HIGHGATE RD btwn CHESHIRE RD & BLOOMSBURY CRES,361688.2818,5023837.721,-75.77396,45.35218,2017-01-13,10:47:00 PM,02 - Rain,05 - Packed snow,10 - No control,01 - Non intersection,07 - Dark,03 - P.D. only,06 - SMV unattended vehicle,Iris
6273,HIGHGATE RD btwn WESTBURY RD & BASELINE RD,362016.4357,5023550.726,-75.76981,45.34957,2017-11-14,2:39:00 PM,01 - Clear,01 - Dry,10 - No control,04 - At/near private drive,01 - Daylight,03 - P.D. only,02 - Angle,Iris
6274,HIGHLAND AVE btwn PRINCETON AVE & AVONDALE AVE,362926.9991,5027484.487,-75.75773,45.38489,2017-01-17,11:30:00 AM,01 - Clear,01 - Dry,10 - No control,01 - Non intersection,01 - Daylight,03 - P.D. only,06 - SMV unattended vehicle,Carlingwood - McKellar Park - Laurentien View
6275,HIGHLAND TER @ SMYTH RD,371358.727,5029162.545,-75.64984,45.39924,2017-05-17,4:06:00 PM,01 - Clear,01 - Dry,02 - Stop sign,02 - Intersection related,01 - Daylight,03 - P.D. only,04 - Sideswipe,Elmvale - Eastway - Riverview - Riverview Park West
6276,HIGHWAY 17 btwn HUNT LINE RD & OLD BARN RD,325025.2718,5026384.147,-76.24176,45.37711,2017-07-04,12:30:00 PM,01 - Clear,01 - Dry,10 - No control,01 - Non intersection,01 - Daylight,03 - P.D. only,07 - SMV other,Antrim
6277,HIGHWAY 17 btwn THOMAS ELLIOT RD & GALETTA SIDE RD,320931.2519,5030719.945,-76.29389,45.41623,2017-01-27,8:30:00 AM,01 - Clear,01 - Dry,10 - No control,04 - At/near private drive,01 - Daylight,03 - P.D. only,05 - Turning movement,McNab/Braeside
6278,HIGHWAY 416 btwn HIGHWAY 416 & HWY416 IC57 RAMP52,364669.9238,5008191.774,-75.7378,45.21115,2017-04-14,8:43:00 PM,01 - Clear,01 - Dry,10 - No control,01 - Non intersection,07 - Dark,03 - P.D. only,07 - SMV other,New Barrhaven
6279,HIGHWAY 416 btwn HIGHWAY 416 & HWY416 IC57 RAMP52,364680.961,5008166.162,-75.73766,45.21092,2017-05-25,9:20:00 PM,02 - Rain,02 - Wet,10 - No control,01 - Non intersection,07 - Dark,03 - P.D. only,07 - SMV other,New Barrhaven
6280,HIGHWAY 416 btwn HIGHWAY 416 & HWY416 IC57 RAMP52,364587.4302,5008324.899,-75.73883,45.21235,2017-03-07,8:29:00 AM,04 - Freezing Rain,02 - Wet,10 - No control,01 - Non intersection,01 - Daylight,03 - P.D. only,04 - Sideswipe,New Barrhaven
6281,HIGHWAY 416 btwn HWY416 IC42 RAMP24 & END,372295.167,4994171.947,-75.64263,45.08431,2017-11-17,11:23:00 AM,02 - Rain,06 - Ice,10 - No control,07 - Overpass or bridge,01 - Daylight,02 - Non-fatal injury,03 - Rear end,Manotick - North Gower
6282,HIGHWAY 416 btwn HWY416 IC42 RAMP24 & END,372382.525,4994134.208,-75.64152,45.08396,2017-08-05,7:30:00 AM,01 - Clear,01 - Dry,10 - No control,01 - Non intersection,01 - Daylight,03 - P.D. only,07 - SMV other,Manotick - North Gower
6283,HIGHWAY 416 btwn HWY416 IC42 RAMP24 & END,372374.8597,4994129.084,-75.64162,45.08391,2017-11-18,11:23:00 AM,02 - Rain,06 - Ice,10 - No control,07 - Overpass or bridge,01 - Daylight,02 - Non-fatal injury,03 - Rear end,Manotick - North Gower
6284,HIGHWAY 416 btwn HWY416 IC42 RAMP24 & END,372010.2475,4994304.254,-75.64623,45.08553,2017-06-04,2:49:00 AM,01 - Clear,01 - Dry,10 - No control,01 - Non intersection,07 - Dark,03 - P.D. only,07 - SMV other,Manotick - North Gower
6285,HIGHWAY 416 btwn HWY416 IC42 RAMP24 & END,372414.7472,4994114.02,-75.64112,45.08378,2017-02-07,8:50:00 AM,01 - Clear,01 - Dry,10 - No control,07 - Overpass or bridge,01 - Daylight,03 - P.D. only,07 - SMV other,Manotick - North Gower
6286,HIGHWAY 416 btwn HWY416 IC42 RAMP24 & END,372239.5638,4994192.606,-75.64333,45.0845,2017-01-17,8:45:00 AM,01 - Clear,01 - Dry,10 - No control,01 - Non intersection,01 - Daylight,03 - P.D. only,07 - SMV other,Manotick - North Gower
6287,HIGHWAY 416 btwn HWY416 IC42 RAMP24 & END,372319.8657,4994159.28,-75.64232,45.08419,2017-11-17,11:23:00 AM,02 - Rain,06 - Ice,10 - No control,01 - Non intersection,01 - Daylight,03 - P.D. only,07 - SMV other,Manotick - North Gower
6288,HIGHWAY 416 btwn HWY416 IC42 RAMP34 & HWY416 IC42 RAMP43,371384.6288,4995306.612,-75.65404,45.0946,2017-12-15,10:40:00 PM,03 - Snow,03 - Loose snow,10 - No control,01 - Non intersection,07 - Dark,03 - P.D. only,07 - SMV other,Manotick - North Gower
6289,HIGHWAY 416 btwn HWY416 IC42 RAMP34 & HWY416 IC42 RAMP43,371357.2239,4995366.457,-75.65438,45.09515,2017-08-14,6:55:00 AM,01 - Clear,01 - Dry,10 - No control,01 - Non intersection,01 - Daylight,02 - Non-fatal injury,07 - SMV other,Manotick - North Gower
6290,HIGHWAY 416 btwn HWY416 IC42 RAMP34 & HWY416 IC42 RAMP43,371369.6633,4995337.528,-75.65423,45.09488,2017-06-19,9:48:00 PM,01 - Clear,01 - Dry,10 - No control,01 - Non intersection,07 - Dark,03 - P.D. only,07 - SMV other,Manotick - North Gower
6291,HIGHWAY 416 btwn HWY416 IC42 RAMP42 & HWY416 IC42 RAMP24,371568.0296,4994980.957,-75.65176,45.09166,2017-12-09,3:05:00 AM,01 - Clear,01 - Dry,10 - No control,01 - Non intersection,07 - Dark,03 - P.D. only,07 - SMV other,Manotick - North Gower
6292,HIGHWAY 416 btwn HWY416 IC42 RAMP43 & END,372113.1333,4994197.347,-75.64494,45.08455,2017-11-18,12:10:00 PM,04 - Freezing Rain,06 - Ice,10 - No control,01 - Non intersection,01 - Daylight,03 - P.D. only,03 - Rear end,Manotick - North Gower
6293,HIGHWAY 416 btwn HWY416 IC42 RAMP43 & END,372227.4335,4994163.48,-75.64349,45.08424,2017-11-18,12:00:00 PM,04 - Freezing Rain,06 - Ice,10 - No control,01 - Non intersection,01 - Daylight,02 - Non-fatal injury,03 - Rear end,Manotick - North Gower
6294,HIGHWAY 416 btwn HWY416 IC42 RAMP43 & END,372104.6666,4994210.047,-75.64504,45.08467,2017-11-18,12:05:00 PM,04 - Freezing Rain,06 - Ice,10 - No control,01 - Non intersection,01 - Daylight,03 - P.D. only,07 - SMV other,Manotick - North Gower
6295,HIGHWAY 416 btwn HWY416 IC42 RAMP43 & END,372477.0804,4994045.79,-75.64033,45.08316,2017-12-04,10:00:00 PM,01 - Clear,01 - Dry,10 - No control,01 - Non intersection,07 - Dark,03 - P.D. only,07 - SMV other,Manotick - North Gower
6296,HIGHWAY 416 btwn HWY416 IC42 RAMP43 & END,372257.0669,4994142.313,-75.64312,45.08405,2017-11-18,11:50:00 AM,04 - Freezing Rain,06 - Ice,10 - No control,01 - Non intersection,01 - Daylight,02 - Non-fatal injury,04 - Sideswipe,Manotick - North Gower
6297,HIGHWAY 416 btwn HWY416 IC42 RAMP43 & END,372398.3408,4994081.878,-75.64133,45.08349,2017-01-13,11:15:00 PM,01 - Clear,01 - Dry,10 - No control,01 - Non intersection,07 - Dark,03 - P.D. only,07 - SMV other,Manotick - North Gower
6298,HIGHWAY 416 btwn HWY416 IC49 RAMP24 & HWY416 IC42 RAMP42,370154.1473,4997248.477,-75.66942,45.11219,2017-11-18,1:27:00 AM,01 - Clear,01 - Dry,10 - No control,01 - Non intersection,07 - Dark,03 - P.D. only,07 - SMV other,Kars - Osgoode
6299,HIGHWAY 416 btwn HWY416 IC49 RAMP24 & HWY416 IC42 RAMP42,370501.4977,4996834.045,-75.66506,45.10843,2017-09-09,7:12:00 AM,01 - Clear,01 - Dry,10 - No control,01 - Non intersection,01 - Daylight,02 - Non-fatal injury,07 - SMV other,Manotick - North Gower
6300,HIGHWAY 416 btwn HWY416 IC49 RAMP24 & HWY416 IC42 RAMP42,369696.1045,4998717.826,-75.67505,45.12546,2017-05-22,10:00:00 AM,01 - Clear,01 - Dry,10 - No control,01 - Non intersection,01 - Daylight,02 - Non-fatal injury,07 - SMV other,Kars - Osgoode
6301,HIGHWAY 416 btwn HWY416 IC49 RAMP24 & HWY416 IC42 RAMP42,369698.838,4998656.923,-75.67502,45.12491,2017-06-22,12:05:00 AM,01 - Clear,01 - Dry,10 - No control,01 - Non intersection,07 - Dark,03 - P.D. only,07 - SMV other,Kars - Osgoode
6302,HIGHWAY 416 btwn HWY416 IC49 RAMP42 & HWY416 IC49 RAMP24,369292.0316,5000861.699,-75.67991,45.14478,2017-11-14,8:04:00 AM,01 - Clear,01 - Dry,10 - No control,01 - Non intersection,01 - Daylight,03 - P.D. only,07 - SMV other,Kars - Osgoode
6303,HIGHWAY 416 btwn HWY416 IC49 RAMP42 & HWY416 IC49 RAMP24,369295.2,5000853.307,-75.67987,45.14471,2017-05-22,10:00:00 PM,01 - Clear,01 - Dry,10 - No control,01 - Non intersection,07 - Dark,03 - P.D. only,07 - SMV other,Kars - Osgoode
6304,HIGHWAY 416 btwn HWY416 IC49 RAMP42 & HWY416 IC49 RAMP24,369300.1182,5000819.324,-75.67981,45.1444,2017-05-06,1:15:00 AM,02 - Rain,02 - Wet,10 - No control,01 - Non intersection,07 - Dark,02 - Non-fatal injury,07 - SMV other,Kars - Osgoode
6305,HIGHWAY 416 btwn HWY416 IC49 RAMP43 & HWY416 IC42 RAMP34,369674.8842,4998812.446,-75.67531,45.12631,2017-08-11,11:30:00 PM,01 - Clear,01 - Dry,10 - No control,01 - Non intersection,07 - Dark,02 - Non-fatal injury,07 - SMV other,Kars - Osgoode
6306,HIGHWAY 416 btwn HWY416 IC49 RAMP43 & HWY416 IC42 RAMP34,369651.6296,4998699.497,-75.67562,45.12529,2017-01-30,3:30:00 PM,01 - Clear,01 - Dry,10 - No control,01 - Non intersection,01 - Daylight,03 - P.D. only,04 - Sideswipe,Manotick - North Gower
6307,HIGHWAY 416 btwn HWY416 IC49 RAMP43 & HWY416 IC42 RAMP34,369663.207,4998858.3,-75.67545,45.12672,2017-03-07,5:06:00 PM,01 - Clear,02 - Wet,10 - No control,01 - Non intersection,01 - Daylight,03 - P.D. only,07 - SMV other,Kars - Osgoode
6308,HIGHWAY 416 btwn HWY416 IC57 RAMP24 & HWY416 IC49 RAMP42,367685.7358,5003911.798,-75.69995,45.17237,2017-10-26,6:30:00 AM,01 - Clear,01 - Dry,10 - No control,01 - Non intersection,07 - Dark,02 - Non-fatal injury,03 - Rear end,Manotick - North Gower
6309,HIGHWAY 416 btwn HWY416 IC57 RAMP24 & HWY416 IC49 RAMP42,365293.0809,5007125.327,-75.73,45.2015,2017-08-04,6:00:00 AM,01 - Clear,01 - Dry,10 - No control,01 - Non intersection,03 - Dawn,03 - P.D. only,07 - SMV other,Manotick
6310,HIGHWAY 416 btwn HWY416 IC57 RAMP24 & HWY416 IC49 RAMP42,366523.0799,5005223.384,-75.71458,45.18428,2017-11-01,5:00:00 AM,01 - Clear,01 - Dry,10 - No control,01 - Non intersection,07 - Dark,03 - P.D. only,07 - SMV other,Manotick - North Gower
6311,HIGHWAY 416 btwn HWY416 IC57 RAMP24 & HWY416 IC49 RAMP42,369045.5177,5001630.387,-75.68295,45.15172,2017-03-24,7:20:00 PM,03 - Snow,04 - Slush,10 - No control,01 - Non intersection,07 - Dark,03 - P.D. only,04 - Sideswipe,Kars - Osgoode
6312,HIGHWAY 416 btwn HWY416 IC57 RAMP24 & HWY416 IC49 RAMP42,365791.9284,5006284.779,-75.72375,45.19389,2017-01-24,6:50:00 PM,03 - Snow,04 - Slush,10 - No control,01 - Non intersection,07 - Dark,03 - P.D. only,07 - SMV other,Manotick - North Gower
6313,HIGHWAY 416 btwn HWY416 IC57 RAMP24 & HWY416 IC49 RAMP42,365794.4734,5006264.22,-75.72372,45.19371,2017-04-30,11:59:00 AM,02 - Rain,02 - Wet,10 - No control,01 - Non intersection,01 - Daylight,03 - P.D. only,07 - SMV other,Manotick - North Gower
6314,HIGHWAY 416 btwn HWY416 IC57 RAMP34 & HWY416 IC57 RAMP43,364610.657,5008212.094,-75.73855,45.21134,2017-04-14,8:43:00 PM,01 - Clear,01 - Dry,10 - No control,01 - Non intersection,07 - Dark,03 - P.D. only,07 - SMV other,New Barrhaven
6315,HIGHWAY 416 btwn HWY416 IC57 RAMP34 & HWY416 IC57 RAMP43,364609.7461,5008209.618,-75.73856,45.21131,2017-06-07,9:33:00 PM,01 - Clear,01 - Dry,10 - No control,01 - Non intersection,07 - Dark,03 - P.D. only,07 - SMV other,New Barrhaven
6316,HIGHWAY 416 btwn HWY416 IC57 RAMP53 & HWY416 IC49 RAMP34,366163.1597,5005579.074,-75.71911,45.18751,2017-02-07,8:10:00 AM,01 - Clear,02 - Wet,10 - No control,01 - Non intersection,01 - Daylight,03 - P.D. only,07 - SMV other,Manotick - North Gower
6317,HIGHWAY 416 btwn HWY416 IC66 RAMP24 & HWY416 IC57 RAMP62,361333.2294,5012299.015,-75.77981,45.24838,2017-12-20,7:47:00 AM,01 - Clear,06 - Ice,10 - No control,01 - Non intersection,03 - Dawn,03 - P.D. only,07 - SMV other,Munster Hamlet - Richmond
6318,HIGHWAY 416 btwn HWY416 IC66 RAMP24 & HWY416 IC57 RAMP62,363806.6863,5009889.566,-75.74859,45.2265,2017-12-20,7:29:00 AM,01 - Clear,06 - Ice,10 - No control,01 - Non intersection,03 - Dawn,03 - P.D. only,07 - SMV other,New Barrhaven
6319,HIGHWAY 416 btwn HWY416 IC66 RAMP24 & HWY416 IC57 RAMP62,363854.3488,5009813.382,-75.74799,45.22581,2017-03-24,4:45:00 PM,02 - Rain,02 - Wet,10 - No control,01 - Non intersection,01 - Daylight,03 - P.D. only,07 - SMV other,New Barrhaven
6320,HIGHWAY 416 btwn HWY416 IC66 RAMP24 & HWY416 IC57 RAMP62,363810.4401,5009877.523,-75.74854,45.22639,2017-05-04,3:30:00 PM,01 - Clear,01 - Dry,10 - No control,01 - Non intersection,01 - Daylight,03 - P.D. only,07 - SMV other,New Barrhaven
6321,HIGHWAY 416 btwn HWY416 IC66 RAMP24 & HWY416 IC57 RAMP62,363805.4098,5009894.58,-75.7486,45.22654,2017-05-08,12:54:00 PM,01 - Clear,01 - Dry,10 - No control,01 - Non intersection,01 - Daylight,02 - Non-fatal injury,07 - SMV other,New Barrhaven
6322,HIGHWAY 416 btwn HWY416 IC66 RAMP24 & HWY416 IC57 RAMP62,363811.2121,5009880.133,-75.74853,45.22641,2017-06-28,4:15:00 PM,00 - Unknown,02 - Wet,10 - No control,01 - Non intersection,01 - Daylight,02 - Non-fatal injury,03 - Rear end,New Barrhaven
6323,HIGHWAY 416 btwn HWY416 IC66 RAMP24 & HWY416 IC57 RAMP62,363810.4365,5009869.689,-75.74854,45.22632,2017-01-04,4:30:00 AM,03 - Snow,04 - Slush,10 - No control,01 - Non intersection,07 - Dark,03 - P.D. only,07 - SMV other,New Barrhaven
6324,HIGHWAY 416 btwn HWY416 IC66 RAMP34 & HWY416 IC66 RAMP63,359962.7706,5014907.622,-75.79698,45.27196,2017-12-23,12:58:00 AM,01 - Clear,02 - Wet,10 - No control,01 - Non intersection,07 - Dark,03 - P.D. only,07 - SMV other,Greenbelt
6325,HIGHWAY 416 btwn HWY416 IC66 RAMP34 & HWY416 IC66 RAMP63,359902.2903,5015005.401,-75.79774,45.27285,2017-03-29,9:30:00 PM,01 - Clear,01 - Dry,10 - No control,01 - Non intersection,07 - Dark,03 - P.D. only,07 - SMV other,Greenbelt
6326,HIGHWAY 416 btwn HWY416 IC66 RAMP34 & HWY416 IC66 RAMP63,359891.2533,5015024.303,-75.79788,45.27302,2017-06-17,3:10:00 PM,01 - Clear,01 - Dry,10 - No control,01 - Non intersection,01 - Daylight,03 - P.D. only,07 - SMV other,Greenbelt
6327,HIGHWAY 416 btwn HWY416 IC66 RAMP34 & HWY416 IC72 RAMP53,360291.3301,5017977.665,-75.79245,45.29956,2017-08-16,1:46:00 PM,01 - Clear,01 - Dry,10 - No control,01 - Non intersection,01 - Daylight,02 - Non-fatal injury,07 - SMV other,Greenbelt
6328,HIGHWAY 416 btwn HWY416 IC66 RAMP34 & HWY416 IC72 RAMP53,360288.6846,5018057.554,-75.79247,45.30028,2017-11-30,7:30:00 PM,01 - Clear,01 - Dry,10 - No control,01 - Non intersection,07 - Dark,03 - P.D. only,99 - Other,Greenbelt
6329,HIGHWAY 416 btwn HWY416 IC66 RAMP34 & HWY416 IC72 RAMP53,359491.1079,5015642.74,-75.80291,45.27861,2017-12-16,3:30:00 PM,01 - Clear,01 - Dry,10 - No control,01 - Non intersection,01 - Daylight,03 - P.D. only,03 - Rear end,Greenbelt
6330,HIGHWAY 416 btwn HWY416 IC66 RAMP34 & HWY416 IC72 RAMP53,360273.9512,5017838.797,-75.79268,45.29831,2017-09-12,7:50:00 PM,01 - Clear,01 - Dry,10 - No control,01 - Non intersection,07 - Dark,03 - P.D. only,07 - SMV other,Greenbelt
6331,HIGHWAY 416 btwn HWY416 IC66 RAMP34 & HWY416 IC72 RAMP53,360218.8222,5017696.848,-75.7934,45.29704,2017-03-24,10:16:00 PM,01 - Clear,02 - Wet,10 - No control,01 - Non intersection,07 - Dark,03 - P.D. only,07 - SMV other,Greenbelt
6332,HIGHWAY 416 btwn HWY416 IC66 RAMP34 & HWY416 IC72 RAMP53,360238.8534,5017746.414,-75.79314,45.29748,2017-04-11,12:10:00 PM,01 - Clear,01 - Dry,10 - No control,01 - Non intersection,01 - Daylight,03 - P.D. only,07 - SMV other,Greenbelt
6333,HIGHWAY 416 btwn HWY416 IC66 RAMP52 & HWY416 IC66 RAMP24,360182.2775,5014595.085,-75.79421,45.26913,2017-10-22,11:15:00 PM,01 - Clear,01 - Dry,10 - No control,01 - Non intersection,07 - Dark,02 - Non-fatal injury,07 - SMV other,Munster Hamlet - Richmond
6334,HIGHWAY 416 btwn HWY416 IC66 RAMP52 & HWY416 IC66 RAMP24,360136.5553,5014683.65,-75.79479,45.26993,2017-08-22,1:00:00 PM,02 - Rain,02 - Wet,10 - No control,01 - Non intersection,01 - Daylight,02 - Non-fatal injury,07 - SMV other,Munster Hamlet - Richmond
6335,HIGHWAY 416 btwn HWY416 IC66 RAMP53 & HWY416 IC57 RAMP34,361769.4918,5012003.946,-75.77429,45.24569,2017-11-18,11:50:00 AM,04 - Freezing Rain,06 - Ice,10 - No control,01 - Non intersection,01 - Daylight,03 - P.D. only,03 - Rear end,Munster Hamlet - Richmond
6336,HIGHWAY 416 btwn HWY416 IC66 RAMP53 & HWY416 IC57 RAMP34,361121.5571,5012513.278,-75.78248,45.25033,2017-09-06,7:38:00 PM,01 - Clear,01 - Dry,10 - No control,01 - Non intersection,05 - Dusk,03 - P.D. only,07 - SMV other,Munster Hamlet - Richmond
6337,HIGHWAY 416 btwn HWY416 IC66 RAMP53 & HWY416 IC57 RAMP34,363781.1541,5009867.439,-75.74892,45.2263,2017-09-06,8:50:00 PM,01 - Clear,01 - Dry,10 - No control,01 - Non intersection,07 - Dark,03 - P.D. only,07 - SMV other,New Barrhaven
6338,HIGHWAY 416 btwn HWY416 IC66 RAMP53 & HWY416 IC57 RAMP34,361921.8921,5011972.196,-75.77235,45.24539,2017-11-18,11:50:00 AM,04 - Freezing Rain,06 - Ice,10 - No control,01 - Non intersection,01 - Daylight,03 - P.D. only,03 - Rear end,Munster Hamlet - Richmond
6339,HIGHWAY 416 btwn HWY416 IC66 RAMP53 & HWY416 IC57 RAMP34,361464.6912,5012118.247,-75.77816,45.24674,2017-11-18,11:50:00 AM,04 - Freezing Rain,06 - Ice,10 - No control,01 - Non intersection,01 - Daylight,03 - P.D. only,07 - SMV other,Munster Hamlet - Richmond
6340,HIGHWAY 416 btwn HWY416 IC66 RAMP53 & HWY416 IC57 RAMP34,360439.8348,5014126.658,-75.79098,45.2649,2017-02-05,12:05:00 PM,03 - Snow,02 - Wet,10 - No control,01 - Non intersection,01 - Daylight,02 - Non-fatal injury,03 - Rear end,Munster Hamlet - Richmond
6341,HIGHWAY 416 btwn HWY416 IC66 RAMP53 & HWY416 IC57 RAMP34,363835.5613,5009740.255,-75.74824,45.22515,2017-01-02,7:27:00 PM,01 - Clear,01 - Dry,10 - No control,01 - Non intersection,07 - Dark,03 - P.D. only,07 - SMV other,New Barrhaven
6342,HIGHWAY 416 btwn HWY416 IC66 RAMP62 & HWY416 IC66 RAMP52,359997.281,5014910.416,-75.79654,45.27198,2017-11-08,7:30:00 AM,01 - Clear,01 - Dry,10 - No control,01 - Non intersection,01 - Daylight,03 - P.D. only,07 - SMV other,Greenbelt
6343,HIGHWAY 416 btwn HWY416 IC66 RAMP62 & HWY416 IC66 RAMP52,359999.0268,5014895.448,-75.79652,45.27185,2017-12-01,8:15:00 AM,01 - Clear,02 - Wet,10 - No control,01 - Non intersection,01 - Daylight,03 - P.D. only,07 - SMV other,Greenbelt
6344,HIGHWAY 416 btwn HWY416 IC66 RAMP62 & HWY416 IC66 RAMP52,359932.7353,5015009.821,-75.79735,45.27288,2017-11-06,6:30:00 AM,02 - Rain,02 - Wet,10 - No control,01 - Non intersection,03 - Dawn,03 - P.D. only,07 - SMV other,Greenbelt
6345,HIGHWAY 416 btwn HWY416 IC66 RAMP62 & HWY416 IC66 RAMP52,359998.7133,5014898.298,-75.79652,45.27188,2017-09-02,7:50:00 PM,01 - Clear,02 - Wet,10 - No control,01 - Non intersection,05 - Dusk,03 - P.D. only,07 - SMV other,Greenbelt
6346,HIGHWAY 416 btwn HWY416 IC66 RAMP62 & HWY416 IC66 RAMP52,359998.3521,5014912.454,-75.79652,45.272,2017-11-06,6:32:00 AM,"07 - Fog, mist, smoke, dust",02 - Wet,10 - No control,01 - Non intersection,03 - Dawn,03 - P.D. only,07 - SMV other,Greenbelt
6347,HIGHWAY 416 btwn HWY416 IC66 RAMP62 & HWY416 IC66 RAMP52,360000.1374,5014907.266,-75.7965,45.27196,2017-04-07,2:46:00 AM,02 - Rain,02 - Wet,10 - No control,01 - Non intersection,07 - Dark,02 - Non-fatal injury,07 - SMV other,Greenbelt
6348,HIGHWAY 416 btwn HWY416 IC66 RAMP62 & HWY416 IC66 RAMP52,359960.9546,5014963.145,-75.79699,45.27246,2017-01-15,8:10:00 PM,01 - Clear,01 - Dry,10 - No control,01 - Non intersection,07 - Dark,03 - P.D. only,07 - SMV other,Greenbelt
6349,HIGHWAY 416 btwn HWY416 IC66 RAMP62 & HWY416 IC72 RAMP24,360310.2014,5017867.447,-75.79222,45.29857,2017-12-12,7:16:00 AM,03 - Snow,03 - Loose snow,10 - No control,01 - Non intersection,03 - Dawn,02 - Non-fatal injury,03 - Rear end,Greenbelt
6350,HIGHWAY 416 btwn HWY416 IC66 RAMP62 & HWY416 IC72 RAMP24,360284.8013,5017773.467,-75.79255,45.29772,2017-12-12,7:16:00 AM,03 - Snow,05 - Packed snow,10 - No control,01 - Non intersection,03 - Dawn,02 - Non-fatal injury,03 - Rear end,Greenbelt
6351,HIGHWAY 416 btwn HWY416 IC66 RAMP62 & HWY416 IC72 RAMP24,360024.7835,5017396.153,-75.79591,45.29435,2017-11-25,12:45:00 PM,01 - Clear,01 - Dry,10 - No control,01 - Non intersection,01 - Daylight,03 - P.D. only,07 - SMV other,Greenbelt