Record,Location,X,Y,Longitude,Latitude,Date,Time,Environment,Road_Surface,Traffic_Control,Collision_Location,Light,Collision_Classification,Impact_type,Neighborhood
6352,HIGHWAY 416 btwn HWY416 IC66 RAMP62 & HWY416 IC72 RAMP24,360080.8587,5017457.137,-75.79519,45.29489,2017-12-18,11:45:00 AM,03 - Snow,03 - Loose snow,10 - No control,01 - Non intersection,01 - Daylight,03 - P.D. only,07 - SMV other,Greenbelt
6353,HIGHWAY 416 btwn HWY416 IC66 RAMP62 & HWY416 IC72 RAMP24,359679.6861,5015418.716,-75.80053,45.27658,2017-12-19,6:38:00 AM,01 - Clear,03 - Loose snow,10 - No control,01 - Non intersection,07 - Dark,03 - P.D. only,07 - SMV other,Greenbelt
6354,HIGHWAY 416 btwn HWY416 IC66 RAMP62 & HWY416 IC72 RAMP24,360309.0378,5017879.726,-75.79223,45.29868,2017-10-01,7:50:00 PM,01 - Clear,01 - Dry,10 - No control,01 - Non intersection,07 - Dark,02 - Non-fatal injury,03 - Rear end,Greenbelt
6355,HIGHWAY 416 btwn HWY416 IC66 RAMP62 & HWY416 IC72 RAMP24,359637.513,5015494.684,-75.80106,45.27727,2017-03-31,11:25:00 PM,03 - Snow,04 - Slush,10 - No control,01 - Non intersection,07 - Dark,03 - P.D. only,07 - SMV other,Greenbelt
6356,HIGHWAY 416 btwn HWY416 IC66 RAMP62 & HWY416 IC72 RAMP24,359628.0156,5015493.65,-75.80118,45.27726,2017-03-14,2:50:00 PM,03 - Snow,03 - Loose snow,10 - No control,01 - Non intersection,01 - Daylight,03 - P.D. only,04 - Sideswipe,Greenbelt
6357,HIGHWAY 416 btwn HWY416 IC66 RAMP62 & HWY416 IC72 RAMP24,360314.6652,5017890.547,-75.79216,45.29877,2017-02-13,6:40:00 AM,01 - Clear,04 - Slush,10 - No control,01 - Non intersection,03 - Dawn,03 - P.D. only,07 - SMV other,Greenbelt
6358,HIGHWAY 416 btwn HWY416 IC66 RAMP62 & HWY416 IC72 RAMP24,360307.3375,5017954.628,-75.79224,45.29935,2017-03-24,1:15:00 PM,03 - Snow,03 - Loose snow,10 - No control,01 - Non intersection,01 - Daylight,03 - P.D. only,07 - SMV other,Greenbelt
6359,HIGHWAY 416 btwn HWY416 IC66 RAMP62 & HWY416 IC72 RAMP24,360310.1085,5017891.781,-75.79222,45.29879,2017-05-01,1:40:00 AM,02 - Rain,02 - Wet,10 - No control,01 - Non intersection,07 - Dark,03 - P.D. only,07 - SMV other,Greenbelt
6360,HIGHWAY 416 btwn HWY416 IC66 RAMP62 & HWY416 IC72 RAMP24,360312.2749,5017864.206,-75.79219,45.29854,2017-04-30,10:30:00 PM,02 - Rain,02 - Wet,10 - No control,01 - Non intersection,07 - Dark,03 - P.D. only,07 - SMV other,Greenbelt
6361,HIGHWAY 416 btwn HWY416 IC66 RAMP62 & HWY416 IC72 RAMP24,360316.513,5017943.619,-75.79213,45.29925,2017-02-11,10:35:00 AM,01 - Clear,01 - Dry,10 - No control,01 - Non intersection,01 - Daylight,03 - P.D. only,07 - SMV other,Greenbelt
6362,HIGHWAY 416 btwn HWY416 IC66 RAMP62 & HWY416 IC72 RAMP24,360307.2961,5017829.394,-75.79226,45.29823,2017-03-29,5:15:00 PM,01 - Clear,01 - Dry,10 - No control,01 - Non intersection,01 - Daylight,02 - Non-fatal injury,07 - SMV other,Greenbelt
6363,HIGHWAY 416 btwn HWY416 IC66 RAMP62 & HWY416 IC72 RAMP24,360321.3557,5017980.216,-75.79206,45.29958,2017-02-15,7:15:00 PM,03 - Snow,04 - Slush,10 - No control,01 - Non intersection,07 - Dark,03 - P.D. only,07 - SMV other,Greenbelt
6364,HIGHWAY 416 btwn HWY416 IC66 RAMP62 & HWY416 IC72 RAMP24,360307.0547,5017870.606,-75.79226,45.2986,2017-04-06,9:54:00 PM,02 - Rain,02 - Wet,10 - No control,01 - Non intersection,07 - Dark,03 - P.D. only,07 - SMV other,Greenbelt
6365,HIGHWAY 416 btwn HWY416 IC66 RAMP62 & HWY416 IC72 RAMP24,360260.345,5017691.169,-75.79287,45.29698,2017-05-29,7:04:00 PM,01 - Clear,01 - Dry,10 - No control,01 - Non intersection,01 - Daylight,03 - P.D. only,03 - Rear end,Greenbelt
6366,HIGHWAY 416 btwn HWY416 IC66 RAMP62 & HWY416 IC72 RAMP24,360288.3234,5017774.585,-75.79251,45.29773,2017-03-15,8:45:00 AM,03 - Snow,03 - Loose snow,10 - No control,01 - Non intersection,01 - Daylight,03 - P.D. only,07 - SMV other,Greenbelt
6367,HIGHWAY 416 btwn HWY416 IC66 RAMP63 & HWY416 IC66 RAMP53,360143.6428,5014615.968,-75.7947,45.26932,2017-01-03,10:10:00 AM,04 - Freezing Rain,06 - Ice,10 - No control,01 - Non intersection,01 - Daylight,03 - P.D. only,07 - SMV other,Munster Hamlet - Richmond
6368,HIGHWAY 416 btwn HWY416 IC72 RAMP34 & HWY416 IC72 RAMP63,359398.3046,5019707.039,-75.80364,45.31519,2017-11-23,9:50:00 PM,01 - Clear,01 - Dry,10 - No control,01 - Non intersection,07 - Dark,03 - P.D. only,07 - SMV other,Greenbelt
6369,HIGHWAY 416 btwn HWY416 IC72 RAMP34 & HWY416 IC72 RAMP63,359436.7194,5019641.778,-75.80316,45.3146,2017-06-19,5:25:00 PM,01 - Clear,01 - Dry,10 - No control,01 - Non intersection,01 - Daylight,03 - P.D. only,04 - Sideswipe,Greenbelt
6370,HIGHWAY 416 btwn HWY416 IC72 RAMP62 & HWY416 IC72 RAMP24,359454.5873,5019664.893,-75.80293,45.31481,2017-11-20,10:00:00 PM,01 - Clear,01 - Dry,10 - No control,01 - Non intersection,07 - Dark,03 - P.D. only,07 - SMV other,Greenbelt
6371,HIGHWAY 416 btwn HWY416 IC72 RAMP62 & HWY416 IC72 RAMP24,359454.5524,5019670.728,-75.80293,45.31486,2017-11-24,7:30:00 PM,01 - Clear,01 - Dry,10 - No control,01 - Non intersection,07 - Dark,03 - P.D. only,07 - SMV other,Greenbelt
6372,HIGHWAY 416 btwn HWY416 IC72 RAMP62 & HWY416 IC72 RAMP24,359453.7474,5019655.41,-75.80294,45.31472,2017-06-07,10:45:00 PM,01 - Clear,01 - Dry,10 - No control,01 - Non intersection,07 - Dark,03 - P.D. only,04 - Sideswipe,Greenbelt
6373,HIGHWAY 416 btwn HWY416 IC72 RAMP62 & HWY416 IC72 RAMP24,359453.786,5019662.409,-75.80294,45.31479,2017-03-31,11:30:00 PM,03 - Snow,04 - Slush,10 - No control,01 - Non intersection,07 - Dark,03 - P.D. only,07 - SMV other,Greenbelt
6374,HIGHWAY 416 btwn HWY416 IC72 RAMP62 & HWY416 IC72 RAMP24,359457.4134,5019657.968,-75.80289,45.31475,2017-02-13,12:50:00 AM,01 - Clear,03 - Loose snow,10 - No control,01 - Non intersection,07 - Dark,03 - P.D. only,07 - SMV other,Greenbelt
6375,HIGHWAY 416 btwn HWY416 IC72 RAMP63 & HWY416 IC72 RAMP53,359601.3269,5019345.264,-75.80109,45.31192,2017-12-19,11:06:00 PM,02 - Rain,02 - Wet,10 - No control,01 - Non intersection,07 - Dark,02 - Non-fatal injury,07 - SMV other,Greenbelt
6376,HIGHWAY 416 btwn HWY416 IC72 RAMP63 & HWY416 IC72 RAMP53,359715.673,5019149.063,-75.79966,45.31015,2017-07-14,3:00:00 PM,01 - Clear,01 - Dry,10 - No control,01 - Non intersection,01 - Daylight,03 - P.D. only,04 - Sideswipe,Greenbelt
6377,HIGHWAY 416 btwn HWY416 IC75A RAMP26 & HWY416 IC72 RAMP62,358980.0268,5021441.638,-75.80879,45.33083,2017-12-07,6:35:00 AM,03 - Snow,06 - Ice,10 - No control,01 - Non intersection,07 - Dark,03 - P.D. only,07 - SMV other,Greenbelt
6378,HIGHWAY 416 btwn HWY416 IC75A RAMP26 & HWY416 IC72 RAMP62,358907.6471,5021601.841,-75.80969,45.33228,2017-10-11,8:35:00 PM,01 - Clear,01 - Dry,10 - No control,01 - Non intersection,07 - Dark,02 - Non-fatal injury,04 - Sideswipe,Briar Green - Leslie Park
6379,HIGHWAY 416 btwn HWY416 IC75A RAMP26 & HWY416 IC72 RAMP62,358909.4569,5021585.513,-75.80967,45.33213,2017-09-11,2:10:00 PM,01 - Clear,01 - Dry,10 - No control,01 - Non intersection,01 - Daylight,03 - P.D. only,03 - Rear end,Briar Green - Leslie Park
6380,HIGHWAY 416 btwn HWY416 IC75A RAMP26 & HWY416 IC72 RAMP62,358924.6295,5021560.078,-75.80948,45.3319,2017-01-10,4:35:00 PM,03 - Snow,03 - Loose snow,10 - No control,01 - Non intersection,05 - Dusk,03 - P.D. only,07 - SMV other,Briar Green - Leslie Park
6381,HIGHWAY 416 btwn HWY416 IC75A RAMP43 & HWY416 IC72 RAMP34,358760.8156,5021823.053,-75.81154,45.33428,2017-01-23,2:30:00 PM,01 - Clear,01 - Dry,10 - No control,01 - Non intersection,01 - Daylight,03 - P.D. only,07 - SMV other,Nepean
6382,HIGHWAY 416 btwn HWY416 IC75A RAMP43 & HWY416 IC72 RAMP34,359163.8822,5020904.404,-75.8065,45.32598,2017-02-23,12:39:00 PM,01 - Clear,01 - Dry,10 - No control,01 - Non intersection,01 - Daylight,03 - P.D. only,07 - SMV other,Greenbelt
6383,HIGHWAY 416 btwn HWY416 IC75A RAMP43 & HWY416 IC72 RAMP34,358762.3739,5021828.03,-75.81152,45.33433,2017-01-03,10:15:00 AM,04 - Freezing Rain,04 - Slush,10 - No control,01 - Non intersection,01 - Daylight,03 - P.D. only,07 - SMV other,Nepean
6384,HIGHWAY 416 btwn HWY416 IC75A RAMP43 & HWY416 IC72 RAMP34,358812.1733,5021716.996,-75.8109,45.33332,2017-02-06,7:20:00 PM,03 - Snow,03 - Loose snow,10 - No control,01 - Non intersection,07 - Dark,03 - P.D. only,04 - Sideswipe,Briar Green - Leslie Park
6385,HIGHWAY 416 btwn HWY416 IC75B RAMP25 & HWY416 IC75A RAMP26,358669.9373,5022140.218,-75.81267,45.33714,2017-03-24,12:45:00 PM,03 - Snow,03 - Loose snow,10 - No control,01 - Non intersection,01 - Daylight,03 - P.D. only,07 - SMV other,Greenbelt
6386,HIGHWAY 416 btwn HWY416 IC75B RAMP25 & HWY416 IC75A RAMP26,358871.7728,5021691.429,-75.81014,45.33309,2017-03-24,11:55:00 PM,01 - Clear,04 - Slush,10 - No control,01 - Non intersection,07 - Dark,03 - P.D. only,07 - SMV other,Briar Green - Leslie Park
6387,HIGHWAY 416 btwn HWY417 IC131 RAMP53 & HWY416 IC75A RAMP43,358496.3181,5022325.686,-75.81486,45.33882,2017-12-07,7:00:00 AM,03 - Snow,06 - Ice,10 - No control,01 - Non intersection,03 - Dawn,03 - P.D. only,07 - SMV other,Greenbelt
6388,HIGHWAY 416 btwn HWY417 IC131 RAMP53 & HWY416 IC75A RAMP43,358641.7862,5022060.519,-75.81303,45.33643,2017-07-08,3:30:00 AM,02 - Rain,02 - Wet,10 - No control,01 - Non intersection,07 - Dark,03 - P.D. only,07 - SMV other,Greenbelt
6389,HIGHWAY 417 @ HWY 417 CARP IC144R25,347905.5318,5016275.517,-75.95051,45.28511,2017-01-08,5:00:00 PM,01 - Clear,03 - Loose snow,10 - No control,03 - At intersection,05 - Dusk,03 - P.D. only,04 - Sideswipe,Stittsville - Basswood
6390,HIGHWAY 417 @ HWY 417 NICHOLAS IC118R57,369062.2458,5030770.919,-75.67896,45.41392,2017-09-12,4:30:00 PM,01 - Clear,01 - Dry,10 - No control,02 - Intersection related,01 - Daylight,03 - P.D. only,03 - Rear end,Old Ottawa East
6391,HIGHWAY 417 @ HWY 417 ST.LAURE IC115R26,372508.4672,5031525.771,-75.63483,45.42039,2017-01-13,8:58:00 AM,01 - Clear,02 - Wet,10 - No control,02 - Intersection related,01 - Daylight,03 - P.D. only,04 - Sideswipe,Industria
6392,HIGHWAY 417 btwn Continuation of HIGHWAY 417 & HWY417 IC134 RAMP51,355768.4681,5021850.939,-75.84971,45.33476,2017-07-24,1:45:00 PM,02 - Rain,02 - Wet,10 - No control,01 - Non intersection,01 - Daylight,03 - P.D. only,04 - Sideswipe,Greenbelt
6393,HIGHWAY 417 btwn Continuation of HIGHWAY 417 & HWY417 IC134 RAMP51,355630.2714,5021785.363,-75.85148,45.33418,2017-11-08,9:27:00 AM,01 - Clear,01 - Dry,10 - No control,01 - Non intersection,01 - Daylight,02 - Non-fatal injury,04 - Sideswipe,Greenbelt
6394,HIGHWAY 417 btwn Continuation of HIGHWAY 417 & HWY417 IC134 RAMP51,355073.5046,5021446.292,-75.85862,45.33116,2017-12-14,5:45:00 PM,01 - Clear,02 - Wet,10 - No control,01 - Non intersection,07 - Dark,03 - P.D. only,03 - Rear end,Greenbelt
6395,HIGHWAY 417 btwn Continuation of HIGHWAY 417 & HWY417 IC134 RAMP51,355750.2895,5021847.491,-75.84995,45.33473,2017-07-20,4:40:00 PM,01 - Clear,01 - Dry,10 - No control,01 - Non intersection,01 - Daylight,03 - P.D. only,03 - Rear end,Greenbelt
6396,HIGHWAY 417 btwn Continuation of HIGHWAY 417 & HWY417 IC134 RAMP51,355798.1015,5021876.339,-75.84933,45.33498,2017-07-24,2:35:00 PM,02 - Rain,02 - Wet,10 - No control,01 - Non intersection,01 - Daylight,03 - P.D. only,04 - Sideswipe,Greenbelt
6397,HIGHWAY 417 btwn Continuation of HIGHWAY 417 & HWY417 IC134 RAMP51,355525.043,5021715.836,-75.85283,45.33356,2017-10-10,7:30:00 AM,01 - Clear,01 - Dry,10 - No control,01 - Non intersection,01 - Daylight,02 - Non-fatal injury,03 - Rear end,Greenbelt
6398,HIGHWAY 417 btwn Continuation of HIGHWAY 417 & HWY417 IC134 RAMP51,355627.7351,5021768.323,-75.85152,45.33402,2017-09-12,7:21:00 AM,01 - Clear,01 - Dry,10 - No control,01 - Non intersection,01 - Daylight,03 - P.D. only,03 - Rear end,Greenbelt
6399,HIGHWAY 417 btwn Continuation of HIGHWAY 417 & HWY417 IC134 RAMP51,355713.3723,5021832.094,-75.85042,45.33459,2017-12-23,2:10:00 PM,03 - Snow,03 - Loose snow,10 - No control,01 - Non intersection,01 - Daylight,03 - P.D. only,07 - SMV other,Greenbelt
6400,HIGHWAY 417 btwn Continuation of HIGHWAY 417 & HWY417 IC134 RAMP51,355356.5922,5021616.109,-75.85499,45.33267,2017-09-05,9:40:00 AM,01 - Clear,01 - Dry,10 - No control,01 - Non intersection,01 - Daylight,03 - P.D. only,04 - Sideswipe,Greenbelt
6401,HIGHWAY 417 btwn Continuation of HIGHWAY 417 & HWY417 IC134 RAMP51,355744.666,5021846.507,-75.85002,45.33472,2017-11-21,5:15:00 AM,01 - Clear,01 - Dry,10 - No control,01 - Non intersection,07 - Dark,03 - P.D. only,07 - SMV other,Greenbelt
6402,HIGHWAY 417 btwn Continuation of HIGHWAY 417 & HWY417 IC134 RAMP51,355709.0283,5021832.703,-75.85047,45.3346,2017-11-19,6:10:00 AM,04 - Freezing Rain,03 - Loose snow,10 - No control,01 - Non intersection,07 - Dark,03 - P.D. only,04 - Sideswipe,Greenbelt
6403,HIGHWAY 417 btwn Continuation of HIGHWAY 417 & HWY417 IC134 RAMP51,355694.5205,5021805.927,-75.85066,45.33436,2017-03-14,4:30:00 PM,03 - Snow,03 - Loose snow,10 - No control,01 - Non intersection,01 - Daylight,03 - P.D. only,07 - SMV other,Greenbelt
6404,HIGHWAY 417 btwn Continuation of HIGHWAY 417 & HWY417 IC134 RAMP51,355730.327,5021836.956,-75.8502,45.33463,2017-06-20,3:30:00 AM,02 - Rain,02 - Wet,10 - No control,01 - Non intersection,07 - Dark,03 - P.D. only,07 - SMV other,Greenbelt
6405,HIGHWAY 417 btwn Continuation of HIGHWAY 417 & HWY417 IC134 RAMP51,354957.321,5021377.981,-75.86011,45.33056,2017-01-16,11:10:00 AM,01 - Clear,01 - Dry,10 - No control,01 - Non intersection,01 - Daylight,03 - P.D. only,03 - Rear end,Greenbelt
6406,HIGHWAY 417 btwn Continuation of HIGHWAY 417 & HWY417 IC134 RAMP51,355569.1576,5021738.62,-75.85227,45.33376,2017-04-13,2:30:00 PM,01 - Clear,01 - Dry,10 - No control,01 - Non intersection,01 - Daylight,03 - P.D. only,04 - Sideswipe,Greenbelt
6407,HIGHWAY 417 btwn Continuation of HIGHWAY 417 & HWY417 IC134 RAMP51,355784.3774,5021859.121,-75.84951,45.33483,2017-02-15,8:05:00 AM,03 - Snow,03 - Loose snow,10 - No control,01 - Non intersection,01 - Daylight,03 - P.D. only,03 - Rear end,Greenbelt
6408,HIGHWAY 417 btwn Continuation of HIGHWAY 417 & HWY417 IC134 RAMP51,355754.0657,5021863.426,-75.8499,45.33487,2017-03-20,6:40:00 AM,01 - Clear,01 - Dry,10 - No control,01 - Non intersection,01 - Daylight,03 - P.D. only,07 - SMV other,Greenbelt
6409,HIGHWAY 417 btwn Continuation of HIGHWAY 417 & HWY417 IC134 RAMP51,355529.1951,5021707.373,-75.85278,45.33348,2017-02-13,8:30:00 AM,01 - Clear,06 - Ice,10 - No control,01 - Non intersection,01 - Daylight,03 - P.D. only,07 - SMV other,Greenbelt
6410,HIGHWAY 417 btwn Continuation of HIGHWAY 417 & HWY417 IC134 RAMP51,354940.2718,5021367.619,-75.86033,45.33047,2017-07-09,12:22:00 PM,01 - Clear,01 - Dry,10 - No control,01 - Non intersection,01 - Daylight,03 - P.D. only,04 - Sideswipe,Greenbelt
6411,HIGHWAY 417 btwn Continuation of HIGHWAY 417 & HWY417 IC134 RAMP51,355679.0616,5021809.734,-75.85086,45.33439,2017-01-30,4:45:00 PM,01 - Clear,01 - Dry,10 - No control,01 - Non intersection,05 - Dusk,03 - P.D. only,03 - Rear end,Greenbelt
6412,HIGHWAY 417 btwn Continuation of HIGHWAY 417 & HWY417 IC155 RAMP26,339417.0442,5019379.125,-76.0585,45.31351,2017-11-23,6:30:00 PM,01 - Clear,01 - Dry,10 - No control,01 - Non intersection,07 - Dark,03 - P.D. only,07 - SMV other,Carp - Hardwood Plains
6413,HIGHWAY 417 btwn Continuation of HIGHWAY 417 & HWY417 IC155 RAMP26,339404.533,5019376.531,-76.05866,45.31349,2017-12-20,3:15:00 PM,01 - Clear,01 - Dry,10 - No control,01 - Non intersection,01 - Daylight,03 - P.D. only,03 - Rear end,Carp - Hardwood Plains
6414,HIGHWAY 417 btwn HIGHWAY 417 & HIGHWAY 417 (1),375181.5753,5030526.975,-75.60082,45.41114,2017-07-19,7:00:00 PM,01 - Clear,01 - Dry,10 - No control,01 - Non intersection,01 - Daylight,03 - P.D. only,07 - SMV other,Industrial Park
6415,HIGHWAY 417 btwn HIGHWAY 417 & HIGHWAY 417 (1),375264.5077,5030443.259,-75.59977,45.41038,2017-09-25,4:41:00 PM,01 - Clear,01 - Dry,10 - No control,01 - Non intersection,01 - Daylight,03 - P.D. only,03 - Rear end,Industrial Park
6416,HIGHWAY 417 btwn HIGHWAY 417 & HIGHWAY 417 (1),375303.4007,5030347.094,-75.59929,45.40951,2017-01-24,5:00:00 PM,03 - Snow,02 - Wet,10 - No control,01 - Non intersection,05 - Dusk,03 - P.D. only,04 - Sideswipe,Industrial Park
6417,HIGHWAY 417 btwn HIGHWAY 417 & HIGHWAY 417 (1),375365.1786,5030168.923,-75.59853,45.4079,2017-03-23,11:30:00 PM,01 - Clear,01 - Dry,10 - No control,01 - Non intersection,07 - Dark,03 - P.D. only,04 - Sideswipe,Industrial Park
6418,HIGHWAY 417 btwn HIGHWAY 417 & HIGHWAY 417 (1),375365.6979,5030168.962,-75.59852,45.4079,2017-01-24,12:05:00 PM,03 - Snow,04 - Slush,10 - No control,01 - Non intersection,01 - Daylight,03 - P.D. only,07 - SMV other,Industrial Park
6419,HIGHWAY 417 btwn HIGHWAY 417 & HIGHWAY 417 (1),375432.3008,5029935.843,-75.5977,45.4058,2017-01-18,6:00:00 AM,04 - Freezing Rain,06 - Ice,10 - No control,01 - Non intersection,07 - Dark,03 - P.D. only,04 - Sideswipe,Industrial Park
6420,HIGHWAY 417 btwn HIGHWAY 417 & HIGHWAY 417 (1),375335.7269,5030288.087,-75.59888,45.40897,2017-03-21,12:23:00 AM,02 - Rain,02 - Wet,10 - No control,01 - Non intersection,07 - Dark,02 - Non-fatal injury,03 - Rear end,Industrial Park
6421,HIGHWAY 417 btwn HIGHWAY 417 & HIGHWAY 417 (1),375334.8779,5030260.949,-75.5989,45.40873,2017-01-21,11:50:00 PM,01 - Clear,01 - Dry,10 - No control,01 - Non intersection,07 - Dark,02 - Non-fatal injury,03 - Rear end,Industrial Park
6422,HIGHWAY 417 btwn HIGHWAY 417 & HIGHWAY 417 (2),375246.611,5030509.484,-75.59999,45.41098,2017-11-04,7:30:00 AM,01 - Clear,01 - Dry,10 - No control,01 - Non intersection,01 - Daylight,03 - P.D. only,04 - Sideswipe,Industrial Park
6423,HIGHWAY 417 btwn HIGHWAY 417 & HIGHWAY 417 (2),375201.5026,5030564.263,-75.60056,45.41147,2017-10-30,5:00:00 AM,02 - Rain,02 - Wet,10 - No control,01 - Non intersection,07 - Dark,03 - P.D. only,07 - SMV other,Industrial Park
6424,HIGHWAY 417 btwn HIGHWAY 417 & HIGHWAY 417 (2),375305.1297,5030432.506,-75.59925,45.41028,2017-10-05,7:45:00 AM,01 - Clear,01 - Dry,10 - No control,01 - Non intersection,01 - Daylight,03 - P.D. only,03 - Rear end,Industrial Park
6425,HIGHWAY 417 btwn HIGHWAY 417 & HIGHWAY 417 (2),375320.7711,5030439.742,-75.59905,45.41034,2017-06-03,9:30:00 PM,01 - Clear,01 - Dry,10 - No control,01 - Non intersection,07 - Dark,03 - P.D. only,07 - SMV other,Industrial Park
6426,HIGHWAY 417 btwn HIGHWAY 417 & HIGHWAY 417 (2),375304.9136,5030456.784,-75.59925,45.4105,2017-01-29,12:52:00 AM,03 - Snow,03 - Loose snow,10 - No control,01 - Non intersection,07 - Dark,03 - P.D. only,07 - SMV other,Industrial Park
6427,HIGHWAY 417 btwn HIGHWAY 417 & HIGHWAY 417 (2),375396.5942,5030175.927,-75.59812,45.40796,2017-03-31,11:00:00 AM,01 - Clear,01 - Dry,10 - No control,01 - Non intersection,01 - Daylight,03 - P.D. only,04 - Sideswipe,Industrial Park
6428,HIGHWAY 417 btwn HIGHWAY 417 & HIGHWAY 417 (2),375323.638,5030414.496,-75.59902,45.41011,2017-04-15,10:00:00 PM,02 - Rain,02 - Wet,10 - No control,01 - Non intersection,07 - Dark,03 - P.D. only,03 - Rear end,Industrial Park
6429,HIGHWAY 417 btwn HIGHWAY 417 & HIGHWAY 417 (2),375216.5891,5030552.869,-75.60037,45.41137,2017-02-06,7:45:00 AM,01 - Clear,01 - Dry,10 - No control,01 - Non intersection,01 - Daylight,03 - P.D. only,03 - Rear end,Industrial Park
6430,HIGHWAY 417 btwn HIGHWAY 417 & HIGHWAY 417 (2),375285.0119,5030475.672,-75.59951,45.41067,2017-05-01,8:26:00 PM,02 - Rain,02 - Wet,10 - No control,01 - Non intersection,05 - Dusk,03 - P.D. only,07 - SMV other,Industrial Park
6431,HIGHWAY 417 btwn HIGHWAY 417 & HIGHWAY 417 (2),375397.9132,5030247.741,-75.5981,45.40861,2017-05-17,4:30:00 PM,01 - Clear,01 - Dry,10 - No control,01 - Non intersection,01 - Daylight,03 - P.D. only,03 - Rear end,Industrial Park
6432,HIGHWAY 417 btwn HIGHWAY 417 & HWY417 IC110 RAMP54,375506.7743,5029786.496,-75.59677,45.40444,2017-02-01,4:00:00 PM,01 - Clear,01 - Dry,10 - No control,01 - Non intersection,01 - Daylight,03 - P.D. only,99 - Other,Greenbelt
6433,HIGHWAY 417 btwn HIGHWAY 417 & HWY417 IC110 RAMP54,375526.6766,5029753.873,-75.59652,45.40415,2017-01-09,5:21:00 PM,01 - Clear,02 - Wet,10 - No control,01 - Non intersection,05 - Dusk,03 - P.D. only,03 - Rear end,Greenbelt
6434,HIGHWAY 417 btwn HIGHWAY 417 & HWY417 IC110 RAMP66,375502.184,5029873.274,-75.59682,45.40523,2017-05-15,6:22:00 PM,01 - Clear,01 - Dry,10 - No control,01 - Non intersection,01 - Daylight,02 - Non-fatal injury,03 - Rear end,Greenbelt
6435,HIGHWAY 417 btwn HIGHWAY 417 & HWY417 IC115 RAMP61,372582.4291,5031535.632,-75.63388,45.42047,2017-04-13,4:37:00 PM,01 - Clear,01 - Dry,10 - No control,01 - Non intersection,01 - Daylight,03 - P.D. only,04 - Sideswipe,Cummings
6436,HIGHWAY 417 btwn HIGHWAY 417 & HWY417 IC129 RAMP51,360041.3457,5023224.8,-75.79505,45.34679,2017-11-22,5:45:00 PM,01 - Clear,01 - Dry,10 - No control,01 - Non intersection,07 - Dark,03 - P.D. only,03 - Rear end,Whitehaven - Queensway Terrace North
6437,HIGHWAY 417 btwn HIGHWAY 417 & HWY417 IC129 RAMP51,359814.644,5023141.155,-75.79795,45.34606,2017-10-18,11:30:00 AM,01 - Clear,01 - Dry,10 - No control,01 - Non intersection,01 - Daylight,03 - P.D. only,03 - Rear end,Qualicum - Redwood Park
6438,HIGHWAY 417 btwn HIGHWAY 417 & HWY417 IC129 RAMP51,359976.6718,5023191.618,-75.79588,45.3465,2017-07-29,10:39:00 PM,01 - Clear,01 - Dry,10 - No control,01 - Non intersection,07 - Dark,03 - P.D. only,04 - Sideswipe,Qualicum - Redwood Park
6439,HIGHWAY 417 btwn HIGHWAY 417 & HWY417 IC129 RAMP51,360041.59,5023224.77,-75.79505,45.34679,2017-11-09,7:30:00 AM,01 - Clear,01 - Dry,10 - No control,01 - Non intersection,01 - Daylight,03 - P.D. only,03 - Rear end,Whitehaven - Queensway Terrace North
6440,HIGHWAY 417 btwn HIGHWAY 417 & HWY417 IC129 RAMP51,359885.3302,5023158.607,-75.79705,45.34621,2017-09-02,9:30:00 AM,01 - Clear,01 - Dry,10 - No control,01 - Non intersection,01 - Daylight,03 - P.D. only,04 - Sideswipe,Qualicum - Redwood Park
6441,HIGHWAY 417 btwn HIGHWAY 417 & HWY417 IC129 RAMP51,360036.2772,5023220.356,-75.79511,45.34675,2017-10-03,9:00:00 AM,01 - Clear,01 - Dry,10 - No control,01 - Non intersection,01 - Daylight,03 - P.D. only,04 - Sideswipe,Whitehaven - Queensway Terrace North
6442,HIGHWAY 417 btwn HIGHWAY 417 & HWY417 IC129 RAMP51,360027.9813,5023214.06,-75.79522,45.3467,2017-03-01,8:30:00 AM,02 - Rain,02 - Wet,10 - No control,01 - Non intersection,01 - Daylight,03 - P.D. only,04 - Sideswipe,Qualicum - Redwood Park
6443,HIGHWAY 417 btwn HIGHWAY 417 & HWY417 IC129 RAMP51,359892.2823,5023156.075,-75.79696,45.34619,2017-06-14,9:13:00 PM,01 - Clear,01 - Dry,10 - No control,01 - Non intersection,05 - Dusk,03 - P.D. only,03 - Rear end,Qualicum - Redwood Park
6444,HIGHWAY 417 btwn HIGHWAY 417 & HWY417 IC129 RAMP51,359858.0441,5023146.427,-75.7974,45.3461,2017-04-29,4:52:00 PM,01 - Clear,01 - Dry,10 - No control,01 - Non intersection,01 - Daylight,03 - P.D. only,07 - SMV other,Qualicum - Redwood Park
6445,HIGHWAY 417 btwn HIGHWAY 417 & HWY417 IC129 RAMP51,360011.6646,5023204.7,-75.79543,45.34662,2017-06-09,5:00:00 PM,01 - Clear,01 - Dry,10 - No control,01 - Non intersection,01 - Daylight,03 - P.D. only,07 - SMV other,Qualicum - Redwood Park
6446,HIGHWAY 417 btwn HIGHWAY 417 & HWY417 IC129 RAMP51,359836.0165,5023142.021,-75.79768,45.34607,2017-05-21,4:50:00 PM,99 - Other,01 - Dry,10 - No control,01 - Non intersection,01 - Daylight,03 - P.D. only,07 - SMV other,Qualicum - Redwood Park
6447,HIGHWAY 417 btwn HIGHWAY 417 & HWY417 IC140 RAMP36,350135.3087,5018160.414,-75.92192,45.30193,2017-02-18,7:50:00 PM,01 - Clear,01 - Dry,10 - No control,01 - Non intersection,07 - Dark,03 - P.D. only,03 - Rear end,Kanata Lakes - Marchwood Lakeside - Morgan's Grant - Kanata
6448,HIGHWAY 417 btwn HIGHWAY 417 & HWY417 IC140 RAMP36,350023.105,5018093.155,-75.92336,45.30134,2017-07-01,8:00:00 AM,02 - Rain,02 - Wet,10 - No control,01 - Non intersection,01 - Daylight,03 - P.D. only,07 - SMV other,Kanata Lakes - Marchwood Lakeside - Morgan's Grant - Kanata
6449,HIGHWAY 417 btwn HIGHWAY 417 & HWY417 IC140 RAMP51,349615.0227,5017801.458,-75.92859,45.29874,2017-08-18,5:58:00 AM,02 - Rain,02 - Wet,10 - No control,01 - Non intersection,03 - Dawn,02 - Non-fatal injury,07 - SMV other,Kanata Lakes - Marchwood Lakeside - Morgan's Grant - Kanata