Record,Location,X,Y,Longitude,Latitude,Date,Time,Environment,Road_Surface,Traffic_Control,Collision_Location,Light,Collision_Classification,Impact_type,Neighborhood
7303,HIGHWAY 417 btwn HWY417 IC127 RAMP67 & HWY417 IC126 RAMP16,362566.2424,5025196.109,-75.7626,45.36433,2017-11-02,5:57:00 PM,02 - Rain,02 - Wet,10 - No control,01 - Non intersection,07 - Dark,03 - P.D. only,03 - Rear end,Carlingwood West - Glabar Park - McKellar Heights
7304,HIGHWAY 417 btwn HWY417 IC127 RAMP67 & HWY417 IC126 RAMP16,362728.8442,5025323.563,-75.76051,45.36546,2017-07-10,4:00:00 PM,02 - Rain,02 - Wet,10 - No control,01 - Non intersection,01 - Daylight,03 - P.D. only,03 - Rear end,Carlingwood West - Glabar Park - McKellar Heights
7305,HIGHWAY 417 btwn HWY417 IC127 RAMP67 & HWY417 IC126 RAMP16,363026.5715,5025678.015,-75.75667,45.36863,2017-05-19,7:10:00 PM,01 - Clear,01 - Dry,10 - No control,01 - Non intersection,01 - Daylight,03 - P.D. only,03 - Rear end,Carlingwood West - Glabar Park - McKellar Heights
7306,HIGHWAY 417 btwn HWY417 IC127 RAMP67 & HWY417 IC126 RAMP16,362928.0921,5025540.065,-75.75794,45.36739,2017-05-06,4:35:00 AM,02 - Rain,02 - Wet,10 - No control,01 - Non intersection,07 - Dark,02 - Non-fatal injury,03 - Rear end,Carlingwood West - Glabar Park - McKellar Heights
7307,HIGHWAY 417 btwn HWY417 IC127 RAMP67 & HWY417 IC126 RAMP16,362712.5338,5025313.544,-75.76072,45.36537,2017-02-23,10:18:00 PM,01 - Clear,01 - Dry,10 - No control,01 - Non intersection,07 - Dark,02 - Non-fatal injury,03 - Rear end,Carlingwood West - Glabar Park - McKellar Heights
7308,HIGHWAY 417 btwn HWY417 IC127 RAMP67 & HWY417 IC126 RAMP16,362974.8796,5025613.261,-75.75733,45.36805,2017-01-13,8:20:00 AM,01 - Clear,01 - Dry,10 - No control,01 - Non intersection,01 - Daylight,02 - Non-fatal injury,04 - Sideswipe,Carlingwood West - Glabar Park - McKellar Heights
7309,HIGHWAY 417 btwn HWY417 IC127 RAMP67 & HWY417 IC126 RAMP16,363015.9656,5025657.213,-75.7568,45.36844,2017-04-13,6:55:00 PM,01 - Clear,01 - Dry,10 - No control,01 - Non intersection,01 - Daylight,03 - P.D. only,03 - Rear end,Carlingwood West - Glabar Park - McKellar Heights
7310,HIGHWAY 417 btwn HWY417 IC127 RAMP67 & HWY417 IC126 RAMP16,362881.9374,5025478.773,-75.75854,45.36685,2017-02-22,4:15:00 PM,01 - Clear,02 - Wet,10 - No control,01 - Non intersection,01 - Daylight,03 - P.D. only,03 - Rear end,Carlingwood West - Glabar Park - McKellar Heights
7311,HIGHWAY 417 btwn HWY417 IC127 RAMP67 & HWY417 IC126 RAMP16,362752.1578,5025345.568,-75.76021,45.36566,2017-01-03,11:40:00 AM,03 - Snow,04 - Slush,10 - No control,01 - Non intersection,01 - Daylight,03 - P.D. only,04 - Sideswipe,Carlingwood West - Glabar Park - McKellar Heights
7312,HIGHWAY 417 btwn HWY417 IC127 RAMP67 & HWY417 IC126 RAMP16,362447.9527,5025111.874,-75.76412,45.36358,2017-03-22,5:40:00 PM,01 - Clear,01 - Dry,10 - No control,01 - Non intersection,01 - Daylight,03 - P.D. only,03 - Rear end,Carlingwood West - Glabar Park - McKellar Heights
7313,HIGHWAY 417 btwn HWY417 IC129 RAMP25 & HWY417 IC129 RAMP35,360479.3045,5023542.445,-75.78942,45.34962,2017-07-18,8:00:00 AM,01 - Clear,01 - Dry,10 - No control,01 - Non intersection,01 - Daylight,03 - P.D. only,03 - Rear end,Whitehaven - Queensway Terrace North
7314,HIGHWAY 417 btwn HWY417 IC129 RAMP25 & HWY417 IC129 RAMP35,360494.4131,5023556.653,-75.78923,45.34974,2017-12-21,12:00:00 PM,01 - Clear,01 - Dry,10 - No control,01 - Non intersection,01 - Daylight,02 - Non-fatal injury,03 - Rear end,Whitehaven - Queensway Terrace North
7315,HIGHWAY 417 btwn HWY417 IC129 RAMP25 & HWY417 IC129 RAMP35,360623.2501,5023645.314,-75.78758,45.35053,2017-11-27,6:30:00 PM,01 - Clear,01 - Dry,10 - No control,01 - Non intersection,07 - Dark,03 - P.D. only,03 - Rear end,Iris
7316,HIGHWAY 417 btwn HWY417 IC129 RAMP25 & HWY417 IC129 RAMP35,360783.0081,5023782.118,-75.78552,45.35175,2017-10-24,7:40:00 AM,02 - Rain,02 - Wet,10 - No control,01 - Non intersection,01 - Daylight,03 - P.D. only,99 - Other,Iris
7317,HIGHWAY 417 btwn HWY417 IC129 RAMP25 & HWY417 IC129 RAMP35,360518.1798,5023570.139,-75.78892,45.34986,2017-12-18,8:40:00 AM,03 - Snow,03 - Loose snow,10 - No control,01 - Non intersection,01 - Daylight,03 - P.D. only,03 - Rear end,Iris
7318,HIGHWAY 417 btwn HWY417 IC129 RAMP25 & HWY417 IC129 RAMP35,360556.2927,5023604.561,-75.78843,45.35017,2017-04-06,7:30:00 AM,02 - Rain,02 - Wet,10 - No control,01 - Non intersection,01 - Daylight,03 - P.D. only,03 - Rear end,Iris
7319,HIGHWAY 417 btwn HWY417 IC129 RAMP25 & TRANSIT,361541.5744,5024374.304,-75.77577,45.35702,2017-09-01,1:58:00 PM,01 - Clear,01 - Dry,10 - No control,01 - Non intersection,01 - Daylight,03 - P.D. only,03 - Rear end,Whitehaven - Queensway Terrace North
7320,HIGHWAY 417 btwn HWY417 IC129 RAMP25 & TRANSIT,361617.6544,5024434.7,-75.7748,45.35755,2017-10-10,5:44:00 PM,01 - Clear,01 - Dry,10 - No control,01 - Non intersection,01 - Daylight,03 - P.D. only,03 - Rear end,Whitehaven - Queensway Terrace North
7321,HIGHWAY 417 btwn HWY417 IC129 RAMP25 & TRANSIT,361700.5881,5024496.744,-75.77373,45.35811,2017-09-21,9:25:00 AM,01 - Clear,01 - Dry,10 - No control,01 - Non intersection,01 - Daylight,03 - P.D. only,03 - Rear end,Iris
7322,HIGHWAY 417 btwn HWY417 IC129 RAMP25 & TRANSIT,361752.6411,5024533.185,-75.77306,45.35843,2017-10-19,6:29:00 PM,01 - Clear,01 - Dry,10 - No control,01 - Non intersection,07 - Dark,02 - Non-fatal injury,03 - Rear end,Iris
7323,HIGHWAY 417 btwn HWY417 IC129 RAMP25 & TRANSIT,361171.7478,5024075.237,-75.78053,45.35436,2017-12-21,11:45:00 AM,01 - Clear,01 - Dry,10 - No control,01 - Non intersection,01 - Daylight,03 - P.D. only,03 - Rear end,Iris
7324,HIGHWAY 417 btwn HWY417 IC129 RAMP25 & TRANSIT,361785.8391,5024557.019,-75.77263,45.35864,2017-10-01,2:15:00 PM,01 - Clear,01 - Dry,10 - No control,01 - Non intersection,01 - Daylight,03 - P.D. only,03 - Rear end,Iris
7325,HIGHWAY 417 btwn HWY417 IC129 RAMP25 & TRANSIT,361369.0488,5024228.081,-75.77799,45.35572,2017-09-03,2:40:00 PM,02 - Rain,02 - Wet,10 - No control,01 - Non intersection,01 - Daylight,03 - P.D. only,03 - Rear end,Iris
7326,HIGHWAY 417 btwn HWY417 IC129 RAMP25 & TRANSIT,361179.3406,5024080.02,-75.78043,45.3544,2017-04-29,3:23:00 PM,01 - Clear,01 - Dry,10 - No control,01 - Non intersection,01 - Daylight,02 - Non-fatal injury,03 - Rear end,Iris
7327,HIGHWAY 417 btwn HWY417 IC129 RAMP25 & TRANSIT,360888.5128,5023861.689,-75.78417,45.35246,2017-05-02,7:40:00 AM,01 - Clear,01 - Dry,10 - No control,01 - Non intersection,01 - Daylight,03 - P.D. only,03 - Rear end,Iris
7328,HIGHWAY 417 btwn HWY417 IC129 RAMP25 & TRANSIT,361819.2442,5024581.982,-75.77221,45.35886,2017-06-20,12:05:00 AM,01 - Clear,01 - Dry,10 - No control,01 - Non intersection,07 - Dark,02 - Non-fatal injury,03 - Rear end,Iris
7329,HIGHWAY 417 btwn HWY417 IC129 RAMP25 & TRANSIT,361466.8404,5024302.206,-75.77674,45.35637,2017-05-26,3:32:00 PM,01 - Clear,02 - Wet,10 - No control,01 - Non intersection,01 - Daylight,03 - P.D. only,04 - Sideswipe,Iris
7330,HIGHWAY 417 btwn HWY417 IC129 RAMP25 & TRANSIT,361746.6644,5024535.228,-75.77314,45.35845,2017-04-26,9:30:00 AM,01 - Clear,01 - Dry,10 - No control,01 - Non intersection,01 - Daylight,03 - P.D. only,03 - Rear end,Whitehaven - Queensway Terrace North
7331,HIGHWAY 417 btwn HWY417 IC129 RAMP25 & TRANSIT,361753.7748,5024532.615,-75.77305,45.35842,2017-01-16,7:02:00 AM,01 - Clear,01 - Dry,10 - No control,01 - Non intersection,03 - Dawn,03 - P.D. only,03 - Rear end,Iris
7332,HIGHWAY 417 btwn HWY417 IC129 RAMP25 & TRANSIT,361198.7518,5024103.71,-75.78018,45.35461,2017-03-17,2:50:00 PM,01 - Clear,01 - Dry,10 - No control,01 - Non intersection,01 - Daylight,03 - P.D. only,04 - Sideswipe,Iris
7333,HIGHWAY 417 btwn HWY417 IC129 RAMP25 & TRANSIT,361593.0043,5024410.503,-75.77511,45.35734,2017-06-23,6:20:00 PM,01 - Clear,01 - Dry,10 - No control,01 - Non intersection,01 - Daylight,02 - Non-fatal injury,03 - Rear end,Iris
7334,HIGHWAY 417 btwn HWY417 IC129 RAMP25 & TRANSIT,361407.3509,5024255.929,-75.7775,45.35596,2017-05-12,11:15:00 PM,01 - Clear,01 - Dry,10 - No control,01 - Non intersection,07 - Dark,03 - P.D. only,04 - Sideswipe,Iris
7335,HIGHWAY 417 btwn HWY417 IC129 RAMP25 & TRANSIT,361534.296,5024361.811,-75.77587,45.35691,2017-04-13,6:18:00 PM,01 - Clear,01 - Dry,10 - No control,01 - Non intersection,01 - Daylight,03 - P.D. only,03 - Rear end,Iris
7336,HIGHWAY 417 btwn HWY417 IC129 RAMP25 & TRANSIT,361410.7424,5024267.361,-75.77746,45.35607,2017-05-31,3:56:00 PM,01 - Clear,01 - Dry,10 - No control,01 - Non intersection,01 - Daylight,02 - Non-fatal injury,03 - Rear end,Iris
7337,HIGHWAY 417 btwn HWY417 IC129 RAMP25 & TRANSIT,361346.1881,5024215.724,-75.77828,45.35561,2017-03-24,9:16:00 AM,03 - Snow,03 - Loose snow,10 - No control,01 - Non intersection,01 - Daylight,03 - P.D. only,03 - Rear end,Iris
7338,HIGHWAY 417 btwn HWY417 IC129 RAMP25 & TRANSIT,361591.2458,5024413.668,-75.77513,45.35737,2017-06-14,8:44:00 PM,01 - Clear,01 - Dry,10 - No control,01 - Non intersection,05 - Dusk,03 - P.D. only,04 - Sideswipe,Iris
7339,HIGHWAY 417 btwn HWY417 IC129 RAMP25 & TRANSIT,361649.5043,5024450.744,-75.77439,45.3577,2017-05-16,6:50:00 AM,01 - Clear,01 - Dry,10 - No control,01 - Non intersection,01 - Daylight,03 - P.D. only,03 - Rear end,Iris
7340,HIGHWAY 417 btwn HWY417 IC129 RAMP25 & TRANSIT,361665.2985,5024469.059,-75.77418,45.35786,2017-05-17,8:00:00 AM,01 - Clear,01 - Dry,10 - No control,01 - Non intersection,01 - Daylight,03 - P.D. only,03 - Rear end,Iris
7341,HIGHWAY 417 btwn HWY417 IC129 RAMP25 & TRANSIT,361764.4347,5024538.787,-75.77291,45.35848,2017-01-17,8:05:00 AM,01 - Clear,01 - Dry,10 - No control,01 - Non intersection,01 - Daylight,03 - P.D. only,03 - Rear end,Iris
7342,HIGHWAY 417 btwn HWY417 IC129 RAMP26 & HWY417 IC129 RAMP61,360566.9773,5023639.073,-75.78829,45.35048,2017-12-30,8:30:00 PM,01 - Clear,01 - Dry,10 - No control,01 - Non intersection,07 - Dark,03 - P.D. only,07 - SMV other,Whitehaven - Queensway Terrace North
7343,HIGHWAY 417 btwn HWY417 IC129 RAMP26 & HWY417 IC129 RAMP61,360591.5746,5023662.201,-75.78798,45.35069,2017-12-13,9:58:00 PM,01 - Clear,01 - Dry,10 - No control,01 - Non intersection,07 - Dark,02 - Non-fatal injury,07 - SMV other,Whitehaven - Queensway Terrace North
7344,HIGHWAY 417 btwn HWY417 IC129 RAMP26 & HWY417 IC129 RAMP61,360684.8407,5023733.461,-75.78678,45.35132,2017-11-11,2:15:00 PM,01 - Clear,01 - Dry,10 - No control,01 - Non intersection,01 - Daylight,03 - P.D. only,07 - SMV other,Whitehaven - Queensway Terrace North
7345,HIGHWAY 417 btwn HWY417 IC129 RAMP51 & HWY417 IC129 RAMP35,360290.1565,5023391.791,-75.79185,45.34828,2017-12-07,9:00:00 AM,03 - Snow,02 - Wet,10 - No control,01 - Non intersection,01 - Daylight,03 - P.D. only,03 - Rear end,Qualicum - Redwood Park
7346,HIGHWAY 417 btwn HWY417 IC129 RAMP51 & HWY417 IC129 RAMP35,360293.6328,5023400.698,-75.79181,45.34836,2017-07-14,7:30:00 PM,02 - Rain,02 - Wet,10 - No control,01 - Non intersection,01 - Daylight,03 - P.D. only,04 - Sideswipe,Qualicum - Redwood Park
7347,HIGHWAY 417 btwn HWY417 IC129 RAMP51 & HWY417 IC129 RAMP35,360232.0284,5023350.287,-75.7926,45.34791,2017-11-10,6:00:00 PM,01 - Clear,01 - Dry,10 - No control,01 - Non intersection,07 - Dark,03 - P.D. only,03 - Rear end,Qualicum - Redwood Park
7348,HIGHWAY 417 btwn HWY417 IC129 RAMP51 & HWY417 IC129 RAMP35,360300.6053,5023407.866,-75.79172,45.34842,2017-02-01,9:23:00 AM,01 - Clear,02 - Wet,10 - No control,01 - Non intersection,01 - Daylight,03 - P.D. only,03 - Rear end,Qualicum - Redwood Park
7349,HIGHWAY 417 btwn HWY417 IC129 RAMP51 & HWY417 IC129 RAMP35,360277.0658,5023394.565,-75.79202,45.3483,2017-04-28,3:50:00 PM,01 - Clear,01 - Dry,10 - No control,01 - Non intersection,01 - Daylight,02 - Non-fatal injury,03 - Rear end,Whitehaven - Queensway Terrace North
7350,HIGHWAY 417 btwn HWY417 IC129 RAMP51 & HWY417 IC129 RAMP35,360147.4225,5023286.704,-75.79369,45.34734,2017-04-19,7:35:00 AM,01 - Clear,01 - Dry,10 - No control,01 - Non intersection,01 - Daylight,03 - P.D. only,03 - Rear end,Qualicum - Redwood Park
7351,HIGHWAY 417 btwn HWY417 IC129 RAMP51 & HWY417 IC129 RAMP35,360360.3832,5023453.74,-75.79095,45.34883,2017-01-09,7:00:00 AM,01 - Clear,01 - Dry,10 - No control,01 - Non intersection,07 - Dark,03 - P.D. only,03 - Rear end,Whitehaven - Queensway Terrace North
7352,HIGHWAY 417 btwn HWY417 IC129 RAMP51 & HWY417 IC129 RAMP35,360160.6755,5023298.259,-75.79352,45.34745,2017-01-17,9:40:00 AM,01 - Clear,01 - Dry,10 - No control,01 - Non intersection,01 - Daylight,02 - Non-fatal injury,03 - Rear end,Qualicum - Redwood Park
7353,HIGHWAY 417 btwn HWY417 IC129 RAMP51 & HWY417 IC129 RAMP35,360303.8558,5023409.454,-75.79168,45.34843,2017-05-24,8:02:00 AM,01 - Clear,01 - Dry,10 - No control,01 - Non intersection,01 - Daylight,03 - P.D. only,03 - Rear end,Qualicum - Redwood Park
7354,HIGHWAY 417 btwn HWY417 IC129 RAMP61 & TRANSIT,361199.753,5024131.752,-75.78016,45.35486,2017-07-21,4:30:00 PM,01 - Clear,01 - Dry,10 - No control,01 - Non intersection,01 - Daylight,03 - P.D. only,03 - Rear end,Whitehaven - Queensway Terrace North
7355,HIGHWAY 417 btwn HWY417 IC129 RAMP61 & TRANSIT,361240.8585,5024169.387,-75.77963,45.3552,2017-09-22,5:00:00 PM,01 - Clear,01 - Dry,10 - No control,01 - Non intersection,01 - Daylight,03 - P.D. only,04 - Sideswipe,Whitehaven - Queensway Terrace North
7356,HIGHWAY 417 btwn HWY417 IC129 RAMP61 & TRANSIT,361346.0519,5024246.903,-75.77828,45.35589,2017-10-13,10:05:00 AM,01 - Clear,01 - Dry,10 - No control,01 - Non intersection,01 - Daylight,02 - Non-fatal injury,03 - Rear end,Whitehaven - Queensway Terrace North
7357,HIGHWAY 417 btwn HWY417 IC129 RAMP61 & TRANSIT,361204.3553,5024136.773,-75.7801,45.35491,2017-08-13,8:34:00 AM,01 - Clear,01 - Dry,10 - No control,01 - Non intersection,01 - Daylight,03 - P.D. only,03 - Rear end,Whitehaven - Queensway Terrace North
7358,HIGHWAY 417 btwn HWY417 IC129 RAMP61 & TRANSIT,361304.7137,5024220.822,-75.77881,45.35566,2017-08-10,3:35:00 PM,01 - Clear,01 - Dry,10 - No control,01 - Non intersection,01 - Daylight,02 - Non-fatal injury,03 - Rear end,Whitehaven - Queensway Terrace North
7359,HIGHWAY 417 btwn HWY417 IC129 RAMP61 & TRANSIT,361343.3002,5024248.993,-75.77832,45.35591,2017-07-09,12:02:00 PM,01 - Clear,01 - Dry,10 - No control,01 - Non intersection,01 - Daylight,01 - Fatal injury,04 - Sideswipe,Whitehaven - Queensway Terrace North
7360,HIGHWAY 417 btwn HWY417 IC129 RAMP61 & TRANSIT,361351.5173,5024252.452,-75.77821,45.35594,2017-06-09,4:55:00 PM,01 - Clear,01 - Dry,10 - No control,01 - Non intersection,01 - Daylight,02 - Non-fatal injury,03 - Rear end,Whitehaven - Queensway Terrace North
7361,HIGHWAY 417 btwn HWY417 IC129 RAMP61 & TRANSIT,361346.7224,5024242.332,-75.77827,45.35585,2017-04-08,10:30:00 AM,01 - Clear,01 - Dry,10 - No control,01 - Non intersection,01 - Daylight,03 - P.D. only,03 - Rear end,Whitehaven - Queensway Terrace North
7362,HIGHWAY 417 btwn HWY417 IC129 RAMP61 & TRANSIT,361399.476,5024285.722,-75.7776,45.35623,2017-05-15,3:00:00 PM,01 - Clear,01 - Dry,10 - No control,01 - Non intersection,01 - Daylight,02 - Non-fatal injury,03 - Rear end,Whitehaven - Queensway Terrace North
7363,HIGHWAY 417 btwn HWY417 IC129 RAMP61 & TRANSIT,361295.17,5024209.144,-75.77894,45.35555,2017-05-16,9:40:00 PM,01 - Clear,01 - Dry,10 - No control,01 - Non intersection,07 - Dark,03 - P.D. only,03 - Rear end,Whitehaven - Queensway Terrace North
7364,HIGHWAY 417 btwn HWY417 IC129 RAMP61 & TRANSIT,361384.8248,5024273.365,-75.77779,45.35612,2017-04-01,8:20:00 AM,02 - Rain,02 - Wet,10 - No control,01 - Non intersection,01 - Daylight,03 - P.D. only,03 - Rear end,Whitehaven - Queensway Terrace North
7365,HIGHWAY 417 btwn HWY417 IC129 RAMP61 & TRANSIT,361334.9316,5024241.077,-75.77843,45.35584,2017-02-09,6:20:00 PM,01 - Clear,01 - Dry,10 - No control,01 - Non intersection,07 - Dark,02 - Non-fatal injury,04 - Sideswipe,Whitehaven - Queensway Terrace North
7366,HIGHWAY 417 btwn HWY417 IC129 RAMP61 & TRANSIT,361377.7639,5024271.979,-75.77788,45.35611,2017-03-21,4:30:00 PM,01 - Clear,01 - Dry,10 - No control,01 - Non intersection,01 - Daylight,03 - P.D. only,03 - Rear end,Whitehaven - Queensway Terrace North
7367,HIGHWAY 417 btwn HWY417 IC129 RAMP61 & TRANSIT,361442.5313,5024326.117,-75.77704,45.35659,2017-02-23,10:20:00 PM,01 - Clear,01 - Dry,10 - No control,01 - Non intersection,07 - Dark,03 - P.D. only,03 - Rear end,Whitehaven - Queensway Terrace North
7368,HIGHWAY 417 btwn HWY417 IC129 RAMP76 & HWY417 IC129 RAMP26,360392.3743,5023506.577,-75.79054,45.3493,2017-11-19,3:21:00 PM,01 - Clear,06 - Ice,10 - No control,01 - Non intersection,01 - Daylight,03 - P.D. only,07 - SMV other,Whitehaven - Queensway Terrace North
7369,HIGHWAY 417 btwn HWY417 IC129 RAMP76 & HWY417 IC129 RAMP26,360374.5231,5023495.023,-75.79077,45.3492,2017-11-15,6:00:00 PM,01 - Clear,01 - Dry,10 - No control,01 - Non intersection,07 - Dark,03 - P.D. only,03 - Rear end,Whitehaven - Queensway Terrace North
7370,HIGHWAY 417 btwn HWY417 IC129 RAMP76 & HWY417 IC129 RAMP26,360357.1278,5023476.232,-75.79099,45.34903,2017-08-05,11:15:00 PM,01 - Clear,01 - Dry,10 - No control,01 - Non intersection,07 - Dark,03 - P.D. only,04 - Sideswipe,Whitehaven - Queensway Terrace North
7371,HIGHWAY 417 btwn HWY417 IC130 RAMP26 & HIGHWAY 417,359487.6883,5023116.857,-75.80213,45.34587,2017-05-18,1:38:00 PM,01 - Clear,01 - Dry,10 - No control,01 - Non intersection,01 - Daylight,02 - Non-fatal injury,04 - Sideswipe,Bayshore
7372,HIGHWAY 417 btwn HWY417 IC130 RAMP26 & HIGHWAY 417,359439.4282,5023109.237,-75.80274,45.3458,2017-05-18,12:58:00 PM,01 - Clear,01 - Dry,10 - No control,01 - Non intersection,01 - Daylight,03 - P.D. only,99 - Other,Bayshore
7373,HIGHWAY 417 btwn HWY417 IC130 RAMP26 & HIGHWAY 417,359421.9027,5023108.419,-75.80297,45.3458,2017-06-17,10:30:00 AM,01 - Clear,01 - Dry,10 - No control,01 - Non intersection,01 - Daylight,03 - P.D. only,04 - Sideswipe,Bayshore
7374,HIGHWAY 417 btwn HWY417 IC130 RAMP26 & HIGHWAY 417,359569.195,5023123.604,-75.80108,45.34592,2017-02-01,10:15:00 PM,01 - Clear,01 - Dry,10 - No control,01 - Non intersection,07 - Dark,03 - P.D. only,03 - Rear end,Bayshore
7375,HIGHWAY 417 btwn HWY417 IC130 RAMP35 & HWY417 IC130 RAMP25,359283.7817,5023073.506,-75.80473,45.34549,2017-12-06,7:55:00 AM,01 - Clear,01 - Dry,10 - No control,01 - Non intersection,01 - Daylight,03 - P.D. only,04 - Sideswipe,Bayshore
7376,HIGHWAY 417 btwn HWY417 IC130 RAMP35 & HWY417 IC130 RAMP25,359160.4973,5023055.74,-75.80631,45.34534,2017-10-24,10:45:00 AM,02 - Rain,02 - Wet,10 - No control,01 - Non intersection,01 - Daylight,03 - P.D. only,03 - Rear end,Greenbelt
7377,HIGHWAY 417 btwn HWY417 IC130 RAMP35 & HWY417 IC130 RAMP25,359165.5239,5023058.727,-75.80624,45.34537,2017-08-04,5:35:00 PM,01 - Clear,01 - Dry,10 - No control,01 - Non intersection,01 - Daylight,03 - P.D. only,04 - Sideswipe,Bayshore
7378,HIGHWAY 417 btwn HWY417 IC130 RAMP35 & HWY417 IC130 RAMP25,359320.4657,5023069.71,-75.80426,45.34545,2017-03-21,8:59:00 AM,01 - Clear,01 - Dry,10 - No control,01 - Non intersection,01 - Daylight,03 - P.D. only,04 - Sideswipe,Qualicum - Redwood Park
7379,HIGHWAY 417 btwn HWY417 IC131 RAMP53 & HWY417 IC131 RAMP51,357861.3194,5022728.007,-75.82292,45.34249,2017-07-20,11:45:00 AM,01 - Clear,01 - Dry,10 - No control,01 - Non intersection,01 - Daylight,03 - P.D. only,04 - Sideswipe,Greenbelt
7380,HIGHWAY 417 btwn HWY417 IC131 RAMP53 & HWY417 IC131 RAMP51,357927.6138,5022732.714,-75.82207,45.34253,2017-12-05,7:30:00 AM,02 - Rain,02 - Wet,10 - No control,01 - Non intersection,03 - Dawn,03 - P.D. only,04 - Sideswipe,Greenbelt
7381,HIGHWAY 417 btwn HWY417 IC131 RAMP53 & HWY417 IC131 RAMP51,357831.0375,5022723.587,-75.82331,45.34245,2017-01-09,6:40:00 AM,01 - Clear,01 - Dry,10 - No control,01 - Non intersection,07 - Dark,03 - P.D. only,03 - Rear end,Greenbelt
7382,HIGHWAY 417 btwn HWY417 IC131 RAMP55 & HWY417 IC130 RAMP35,358917.959,5023011.212,-75.80941,45.34496,2017-11-04,6:10:00 PM,01 - Clear,01 - Dry,10 - No control,01 - Non intersection,07 - Dark,03 - P.D. only,03 - Rear end,Bayshore
7383,HIGHWAY 417 btwn HWY417 IC131 RAMP55 & HWY417 IC130 RAMP35,358916.8526,5023015.221,-75.80942,45.345,2017-11-30,7:00:00 AM,01 - Clear,01 - Dry,10 - No control,01 - Non intersection,03 - Dawn,03 - P.D. only,03 - Rear end,Bayshore
7384,HIGHWAY 417 btwn HWY417 IC131 RAMP55 & HWY417 IC130 RAMP35,358843.6342,5022990.735,-75.81036,45.34478,2017-09-27,8:35:00 AM,01 - Clear,00 - Unknown,10 - No control,01 - Non intersection,01 - Daylight,03 - P.D. only,04 - Sideswipe,Greenbelt
7385,HIGHWAY 417 btwn HWY417 IC131 RAMP55 & HWY417 IC130 RAMP35,358844.7811,5022988.613,-75.81034,45.34476,2017-01-31,6:30:00 AM,01 - Clear,01 - Dry,10 - No control,01 - Non intersection,07 - Dark,03 - P.D. only,03 - Rear end,Greenbelt
7386,HIGHWAY 417 btwn HWY417 IC131 RAMP55 & HWY417 IC130 RAMP35,358931.0232,5023016.756,-75.80924,45.34501,2017-01-04,12:44:00 AM,03 - Snow,05 - Packed snow,10 - No control,01 - Non intersection,07 - Dark,03 - P.D. only,07 - SMV other,Bayshore
7387,HIGHWAY 417 btwn HWY417 IC131 RAMP66 & HWY417 IC130 RAMP26,359196.371,5023080.54,-75.80585,45.34556,2017-12-13,7:00:00 PM,01 - Clear,02 - Wet,10 - No control,01 - Non intersection,07 - Dark,03 - P.D. only,03 - Rear end,Bayshore
7388,HIGHWAY 417 btwn HWY417 IC131 RAMP66 & HWY417 IC130 RAMP26,358935.2381,5023041.943,-75.80918,45.34523,2017-11-01,11:15:00 AM,02 - Rain,02 - Wet,10 - No control,01 - Non intersection,01 - Daylight,03 - P.D. only,07 - SMV other,Bayshore
7389,HIGHWAY 417 btwn HWY417 IC131 RAMP66 & HWY417 IC130 RAMP26,359006.082,5023056.234,-75.80828,45.34536,2017-11-22,6:20:00 PM,01 - Clear,01 - Dry,10 - No control,01 - Non intersection,07 - Dark,03 - P.D. only,03 - Rear end,Bayshore
7390,HIGHWAY 417 btwn HWY417 IC131 RAMP66 & HWY417 IC130 RAMP26,359002.5913,5023051.837,-75.80832,45.34532,2017-12-19,5:33:00 PM,01 - Clear,01 - Dry,10 - No control,01 - Non intersection,07 - Dark,03 - P.D. only,03 - Rear end,Bayshore
7391,HIGHWAY 417 btwn HWY417 IC131 RAMP66 & HWY417 IC130 RAMP26,359170.4089,5023079.72,-75.80618,45.34556,2017-10-05,7:40:00 AM,01 - Clear,01 - Dry,10 - No control,01 - Non intersection,01 - Daylight,03 - P.D. only,04 - Sideswipe,Bayshore
7392,HIGHWAY 417 btwn HWY417 IC131 RAMP66 & HWY417 IC130 RAMP26,359149.7871,5023071.823,-75.80644,45.34549,2017-09-02,4:25:00 AM,01 - Clear,01 - Dry,10 - No control,01 - Non intersection,07 - Dark,03 - P.D. only,07 - SMV other,Bayshore
7393,HIGHWAY 417 btwn HWY417 IC131 RAMP66 & HWY417 IC130 RAMP26,359183.4431,5023080.268,-75.80601,45.34556,2017-09-21,6:15:00 PM,01 - Clear,01 - Dry,10 - No control,01 - Non intersection,01 - Daylight,03 - P.D. only,03 - Rear end,Bayshore
7394,HIGHWAY 417 btwn HWY417 IC131 RAMP66 & HWY417 IC130 RAMP26,359025.4812,5023057.515,-75.80803,45.34537,2017-11-19,9:35:00 AM,03 - Snow,04 - Slush,10 - No control,01 - Non intersection,01 - Daylight,03 - P.D. only,07 - SMV other,Bayshore
7395,HIGHWAY 417 btwn HWY417 IC131 RAMP66 & HWY417 IC130 RAMP26,359182.6957,5023078.081,-75.80602,45.34554,2017-12-26,4:30:00 PM,01 - Clear,01 - Dry,10 - No control,01 - Non intersection,05 - Dusk,03 - P.D. only,03 - Rear end,Bayshore
7396,HIGHWAY 417 btwn HWY417 IC131 RAMP66 & HWY417 IC130 RAMP26,359000.8266,5023051.387,-75.80834,45.34531,2017-12-07,6:52:00 AM,03 - Snow,05 - Packed snow,10 - No control,01 - Non intersection,07 - Dark,03 - P.D. only,07 - SMV other,Bayshore
7397,HIGHWAY 417 btwn HWY417 IC131 RAMP66 & HWY417 IC130 RAMP26,358915.942,5023038.478,-75.80943,45.34521,2017-07-12,9:25:00 AM,01 - Clear,01 - Dry,10 - No control,01 - Non intersection,01 - Daylight,03 - P.D. only,04 - Sideswipe,Bayshore
7398,HIGHWAY 417 btwn HWY417 IC131 RAMP66 & HWY417 IC130 RAMP26,359005.4503,5023057.046,-75.80829,45.34537,2017-04-25,3:30:00 PM,02 - Rain,02 - Wet,10 - No control,01 - Non intersection,01 - Daylight,03 - P.D. only,07 - SMV other,Bayshore
7399,HIGHWAY 417 btwn HWY417 IC134 RAMP25 & HWY417 IC131 RAMP53,357331.1907,5022608.206,-75.8297,45.34145,2017-09-20,8:00:00 AM,01 - Clear,01 - Dry,10 - No control,01 - Non intersection,01 - Daylight,03 - P.D. only,03 - Rear end,Greenbelt