Record,Location,X,Y,Longitude,Latitude,Date,Time,Environment,Road_Surface,Traffic_Control,Collision_Location,Light,Collision_Classification,Impact_type,Neighborhood
7400,HIGHWAY 417 btwn HWY417 IC134 RAMP25 & HWY417 IC131 RAMP53,357296.1982,5022587.623,-75.83015,45.34127,2017-10-11,6:30:00 AM,01 - Clear,01 - Dry,10 - No control,01 - Non intersection,03 - Dawn,03 - P.D. only,03 - Rear end,Greenbelt
7401,HIGHWAY 417 btwn HWY417 IC134 RAMP25 & HWY417 IC131 RAMP53,357213.2507,5022572.828,-75.83121,45.34114,2017-12-14,5:41:00 PM,05 - Drifting Snow,03 - Loose snow,10 - No control,01 - Non intersection,07 - Dark,03 - P.D. only,03 - Rear end,Greenbelt
7402,HIGHWAY 417 btwn HWY417 IC134 RAMP25 & HWY417 IC131 RAMP53,357276.5551,5022590.068,-75.8304,45.34129,2017-06-20,9:25:00 AM,01 - Clear,01 - Dry,10 - No control,01 - Non intersection,01 - Daylight,03 - P.D. only,03 - Rear end,Greenbelt
7403,HIGHWAY 417 btwn HWY417 IC134 RAMP25 & HWY417 IC131 RAMP53,357436.0537,5022633.641,-75.82836,45.34168,2017-03-03,12:11:00 AM,01 - Clear,01 - Dry,10 - No control,01 - Non intersection,07 - Dark,03 - P.D. only,07 - SMV other,Greenbelt
7404,HIGHWAY 417 btwn HWY417 IC134 RAMP25 & HWY417 IC131 RAMP53,357312.3114,5022607.613,-75.82994,45.34145,2017-01-31,6:40:00 AM,01 - Clear,01 - Dry,10 - No control,01 - Non intersection,07 - Dark,03 - P.D. only,03 - Rear end,Greenbelt
7405,HIGHWAY 417 btwn HWY417 IC134 RAMP26 & HWY417 IC134 RAMP61,356559.7373,5022367.217,-75.83956,45.33934,2017-07-11,3:50:00 PM,01 - Clear,01 - Dry,10 - No control,01 - Non intersection,01 - Daylight,03 - P.D. only,03 - Rear end,Greenbelt
7406,HIGHWAY 417 btwn HWY417 IC134 RAMP35 & HWY417 IC134 RAMP25,356421.0773,5022241.792,-75.84135,45.33822,2017-07-14,12:21:00 PM,01 - Clear,01 - Dry,10 - No control,06 - Underpass or tunnel,01 - Daylight,03 - P.D. only,99 - Other,Greenbelt
7407,HIGHWAY 417 btwn HWY417 IC134 RAMP35 & HWY417 IC134 RAMP25,356666.6156,5022388.011,-75.8382,45.33952,2017-09-21,8:40:00 AM,01 - Clear,01 - Dry,10 - No control,01 - Non intersection,01 - Daylight,03 - P.D. only,03 - Rear end,Greenbelt
7408,HIGHWAY 417 btwn HWY417 IC134 RAMP35 & HWY417 IC134 RAMP25,356483.5436,5022274.583,-75.84055,45.33852,2017-10-24,9:55:00 AM,02 - Rain,02 - Wet,10 - No control,01 - Non intersection,01 - Daylight,02 - Non-fatal injury,03 - Rear end,Greenbelt
7409,HIGHWAY 417 btwn HWY417 IC134 RAMP36 & HWY417 IC134 RAMP26,356320.8453,5022240.23,-75.84263,45.33822,2017-12-13,5:15:00 PM,01 - Clear,02 - Wet,10 - No control,01 - Non intersection,07 - Dark,03 - P.D. only,03 - Rear end,Greenbelt
7410,HIGHWAY 417 btwn HWY417 IC134 RAMP36 & HWY417 IC134 RAMP26,356358.1248,5022255.305,-75.84215,45.33835,2017-11-10,9:30:00 AM,01 - Clear,01 - Dry,10 - No control,01 - Non intersection,01 - Daylight,03 - P.D. only,04 - Sideswipe,Greenbelt
7411,HIGHWAY 417 btwn HWY417 IC134 RAMP36 & HWY417 IC134 RAMP26,356296.0387,5022217.207,-75.84294,45.33801,2017-12-07,6:50:00 AM,03 - Snow,06 - Ice,10 - No control,01 - Non intersection,07 - Dark,02 - Non-fatal injury,03 - Rear end,Greenbelt
7412,HIGHWAY 417 btwn HWY417 IC134 RAMP51 & HWY417 IC134 RAMP35,356227.4264,5022127.474,-75.84383,45.33721,2017-10-24,8:30:00 AM,02 - Rain,02 - Wet,10 - No control,01 - Non intersection,01 - Daylight,03 - P.D. only,03 - Rear end,Greenbelt
7413,HIGHWAY 417 btwn HWY417 IC134 RAMP51 & HWY417 IC134 RAMP35,356199.1053,5022111.512,-75.84419,45.33707,2017-09-14,9:21:00 AM,01 - Clear,01 - Dry,10 - No control,01 - Non intersection,01 - Daylight,03 - P.D. only,03 - Rear end,Greenbelt
7414,HIGHWAY 417 btwn HWY417 IC134 RAMP51 & HWY417 IC134 RAMP35,356241.5047,5022139.313,-75.84365,45.33732,2017-12-14,6:05:00 PM,03 - Snow,06 - Ice,10 - No control,01 - Non intersection,07 - Dark,03 - P.D. only,03 - Rear end,Greenbelt
7415,HIGHWAY 417 btwn HWY417 IC134 RAMP51 & HWY417 IC134 RAMP35,356250.0413,5022142.484,-75.84354,45.33734,2017-09-30,6:50:00 AM,01 - Clear,01 - Dry,10 - No control,01 - Non intersection,03 - Dawn,03 - P.D. only,99 - Other,Greenbelt
7416,HIGHWAY 417 btwn HWY417 IC134 RAMP51 & HWY417 IC134 RAMP35,356183.9116,5022095.981,-75.84439,45.33693,2017-12-22,6:30:00 AM,01 - Clear,01 - Dry,10 - No control,01 - Non intersection,07 - Dark,03 - P.D. only,07 - SMV other,Greenbelt
7417,HIGHWAY 417 btwn HWY417 IC134 RAMP51 & HWY417 IC134 RAMP35,356189.578,5022104.75,-75.84431,45.33701,2017-12-18,9:40:00 PM,03 - Snow,03 - Loose snow,10 - No control,01 - Non intersection,07 - Dark,03 - P.D. only,07 - SMV other,Greenbelt
7418,HIGHWAY 417 btwn HWY417 IC134 RAMP51 & HWY417 IC134 RAMP35,356233.1945,5022136.589,-75.84376,45.33729,2017-02-12,7:00:00 PM,03 - Snow,03 - Loose snow,10 - No control,01 - Non intersection,07 - Dark,03 - P.D. only,07 - SMV other,Greenbelt
7419,HIGHWAY 417 btwn HWY417 IC134 RAMP61 & HWY417 IC131 RAMP66,357090.4103,5022593.44,-75.83277,45.34134,2017-07-20,4:25:00 PM,01 - Clear,01 - Dry,10 - No control,01 - Non intersection,01 - Daylight,02 - Non-fatal injury,03 - Rear end,Greenbelt
7420,HIGHWAY 417 btwn HWY417 IC134 RAMP61 & HWY417 IC131 RAMP66,357417.2191,5022692.25,-75.82859,45.3422,2017-05-02,7:50:00 AM,01 - Clear,01 - Dry,10 - No control,01 - Non intersection,01 - Daylight,03 - P.D. only,04 - Sideswipe,Greenbelt
7421,HIGHWAY 417 btwn HWY417 IC134 RAMP61 & HWY417 IC131 RAMP66,357266.5029,5022643.199,-75.83052,45.34177,2017-04-02,1:00:00 PM,01 - Clear,01 - Dry,10 - No control,01 - Non intersection,01 - Daylight,03 - P.D. only,07 - SMV other,Greenbelt
7422,HIGHWAY 417 btwn HWY417 IC134 RAMP61 & HWY417 IC131 RAMP66,357310.3439,5022652.58,-75.82996,45.34185,2017-03-06,9:50:00 PM,04 - Freezing Rain,06 - Ice,10 - No control,01 - Non intersection,07 - Dark,03 - P.D. only,07 - SMV other,Greenbelt
7423,HIGHWAY 417 btwn HWY417 IC138 RAMP26 & HWY417 IC138 RAMP61,353119.4474,5020363.207,-75.88365,45.32156,2017-11-24,12:12:00 PM,01 - Clear,01 - Dry,10 - No control,01 - Non intersection,01 - Daylight,03 - P.D. only,07 - SMV other,Greenbelt
7424,HIGHWAY 417 btwn HWY417 IC138 RAMP26 & HWY417 IC138 RAMP61,353117.228,5020349.454,-75.88368,45.32143,2017-12-03,4:05:00 PM,01 - Clear,01 - Dry,10 - No control,01 - Non intersection,05 - Dusk,03 - P.D. only,03 - Rear end,Greenbelt
7425,HIGHWAY 417 btwn HWY417 IC138 RAMP26 & HWY417 IC138 RAMP61,353109.374,5020355.992,-75.88378,45.32149,2017-08-17,12:10:00 PM,01 - Clear,01 - Dry,10 - No control,01 - Non intersection,01 - Daylight,03 - P.D. only,04 - Sideswipe,Greenbelt
7426,HIGHWAY 417 btwn HWY417 IC138 RAMP26 & HWY417 IC138 RAMP61,353160.6178,5020393.599,-75.88313,45.32183,2017-08-12,2:15:00 PM,01 - Clear,01 - Dry,10 - No control,01 - Non intersection,01 - Daylight,03 - P.D. only,99 - Other,Greenbelt
7427,HIGHWAY 417 btwn HWY417 IC138 RAMP26 & HWY417 IC138 RAMP61,353072.7957,5020329.964,-75.88425,45.32126,2017-01-03,7:01:00 PM,04 - Freezing Rain,04 - Slush,10 - No control,01 - Non intersection,07 - Dark,03 - P.D. only,07 - SMV other,Greenbelt
7428,HIGHWAY 417 btwn HWY417 IC138 RAMP36 & HIGHWAY 417,352493.5845,5019925.818,-75.89168,45.31766,2017-06-28,6:30:00 PM,02 - Rain,02 - Wet,10 - No control,01 - Non intersection,01 - Daylight,03 - P.D. only,03 - Rear end,Kanata
7429,HIGHWAY 417 btwn HWY417 IC138 RAMP51 & HWY417 IC138 RAMP35,352757.7164,5020087.1,-75.8883,45.3191,2017-11-02,11:20:00 PM,02 - Rain,02 - Wet,10 - No control,01 - Non intersection,07 - Dark,03 - P.D. only,03 - Rear end,Katimavik - Hazeldean
7430,HIGHWAY 417 btwn HWY417 IC138 RAMP51 & HWY417 IC138 RAMP35,352707.3499,5020048.705,-75.88894,45.31875,2017-02-12,2:10:00 PM,03 - Snow,03 - Loose snow,10 - No control,01 - Non intersection,01 - Daylight,03 - P.D. only,07 - SMV other,Katimavik - Hazeldean
7431,HIGHWAY 417 btwn HWY417 IC138 RAMP61 & HWY417 IC134 RAMP36,355879.0239,5021969.557,-75.84829,45.33581,2017-11-26,10:42:00 PM,03 - Snow,03 - Loose snow,10 - No control,01 - Non intersection,07 - Dark,03 - P.D. only,07 - SMV other,Greenbelt
7432,HIGHWAY 417 btwn HWY417 IC138 RAMP61 & HWY417 IC134 RAMP36,355460.5994,5021717.705,-75.85366,45.33358,2017-08-31,8:50:00 AM,01 - Clear,01 - Dry,10 - No control,01 - Non intersection,01 - Daylight,02 - Non-fatal injury,04 - Sideswipe,Greenbelt
7433,HIGHWAY 417 btwn HWY417 IC138 RAMP61 & HWY417 IC134 RAMP36,355454.3387,5021724.284,-75.85373,45.33364,2017-09-19,8:20:00 AM,01 - Clear,01 - Dry,10 - No control,01 - Non intersection,01 - Daylight,03 - P.D. only,03 - Rear end,Greenbelt
7434,HIGHWAY 417 btwn HWY417 IC138 RAMP61 & HWY417 IC134 RAMP36,355725.2382,5021885.991,-75.85026,45.33507,2017-12-07,6:30:00 AM,03 - Snow,06 - Ice,10 - No control,01 - Non intersection,07 - Dark,03 - P.D. only,03 - Rear end,Greenbelt
7435,HIGHWAY 417 btwn HWY417 IC138 RAMP61 & HWY417 IC134 RAMP36,355555.6062,5021777.268,-75.85244,45.33411,2017-08-15,3:45:00 PM,01 - Clear,01 - Dry,10 - No control,01 - Non intersection,01 - Daylight,03 - P.D. only,04 - Sideswipe,Greenbelt
7436,HIGHWAY 417 btwn HWY417 IC138 RAMP61 & HWY417 IC134 RAMP36,355779.0514,5021912.357,-75.84957,45.33531,2017-11-23,6:40:00 PM,01 - Clear,01 - Dry,10 - No control,01 - Non intersection,07 - Dark,02 - Non-fatal injury,03 - Rear end,Greenbelt
7437,HIGHWAY 417 btwn HWY417 IC138 RAMP61 & HWY417 IC134 RAMP36,355697.5376,5021866.085,-75.85062,45.3349,2017-11-27,9:35:00 AM,01 - Clear,01 - Dry,10 - No control,01 - Non intersection,01 - Daylight,03 - P.D. only,03 - Rear end,Greenbelt
7438,HIGHWAY 417 btwn HWY417 IC138 RAMP61 & HWY417 IC134 RAMP36,355041.8551,5021492.517,-75.85902,45.33158,2017-10-26,8:12:00 AM,01 - Clear,01 - Dry,10 - No control,01 - Non intersection,01 - Daylight,03 - P.D. only,03 - Rear end,Greenbelt
7439,HIGHWAY 417 btwn HWY417 IC138 RAMP61 & HWY417 IC134 RAMP36,355552.9893,5021785.761,-75.85247,45.33418,2017-01-07,2:51:00 PM,01 - Clear,01 - Dry,10 - No control,01 - Non intersection,01 - Daylight,03 - P.D. only,04 - Sideswipe,Greenbelt
7440,HIGHWAY 417 btwn HWY417 IC138 RAMP61 & HWY417 IC134 RAMP36,355393.145,5021682.808,-75.85452,45.33327,2017-05-12,8:35:00 AM,01 - Clear,01 - Dry,10 - No control,01 - Non intersection,01 - Daylight,03 - P.D. only,03 - Rear end,Greenbelt
7441,HIGHWAY 417 btwn HWY417 IC138 RAMP61 & HWY417 IC134 RAMP36,353829.5243,5020772.23,-75.87456,45.32519,2017-02-01,6:40:00 PM,03 - Snow,02 - Wet,10 - No control,01 - Non intersection,07 - Dark,03 - P.D. only,03 - Rear end,Greenbelt
7442,HIGHWAY 417 btwn HWY417 IC138 RAMP61 & HWY417 IC134 RAMP36,355585.0473,5021798.556,-75.85206,45.3343,2017-04-18,8:45:00 AM,01 - Clear,01 - Dry,10 - No control,01 - Non intersection,01 - Daylight,02 - Non-fatal injury,03 - Rear end,Greenbelt
7443,HIGHWAY 417 btwn HWY417 IC138 RAMP61 & HWY417 IC134 RAMP36,355672.0198,5021847.284,-75.85094,45.33473,2017-04-18,8:15:00 AM,01 - Clear,01 - Dry,10 - No control,01 - Non intersection,01 - Daylight,03 - P.D. only,03 - Rear end,Greenbelt
7444,HIGHWAY 417 btwn HWY417 IC138 RAMP61 & HWY417 IC134 RAMP36,355805.847,5021927.515,-75.84923,45.33544,2017-03-24,6:11:00 PM,03 - Snow,02 - Wet,10 - No control,01 - Non intersection,05 - Dusk,03 - P.D. only,07 - SMV other,Greenbelt
7445,HIGHWAY 417 btwn HWY417 IC138 RAMP61 & HWY417 IC134 RAMP36,355945.7622,5022014.204,-75.84743,45.33621,2017-01-30,4:47:00 PM,01 - Clear,01 - Dry,10 - No control,01 - Non intersection,05 - Dusk,03 - P.D. only,03 - Rear end,Greenbelt
7446,HIGHWAY 417 btwn HWY417 IC138 RAMP61 & HWY417 IC134 RAMP36,355621.0544,5021817.05,-75.8516,45.33446,2017-07-04,10:50:00 PM,01 - Clear,01 - Dry,10 - No control,01 - Non intersection,07 - Dark,03 - P.D. only,07 - SMV other,Greenbelt
7447,HIGHWAY 417 btwn HWY417 IC138 RAMP61 & HWY417 IC134 RAMP36,355704.8927,5021866.164,-75.85052,45.3349,2017-03-02,6:05:00 AM,03 - Snow,02 - Wet,10 - No control,01 - Non intersection,03 - Dawn,03 - P.D. only,03 - Rear end,Greenbelt
7448,HIGHWAY 417 btwn HWY417 IC138 RAMP61 & HWY417 IC134 RAMP36,354404.0534,5021102.207,-75.8672,45.32812,2017-05-01,4:20:00 PM,02 - Rain,02 - Wet,10 - No control,01 - Non intersection,01 - Daylight,03 - P.D. only,04 - Sideswipe,Greenbelt
7449,HIGHWAY 417 btwn HWY417 IC138 RAMP61 & HWY417 IC134 RAMP36,355621.0059,5021822.318,-75.8516,45.33451,2017-03-15,7:00:00 AM,05 - Drifting Snow,03 - Loose snow,10 - No control,01 - Non intersection,01 - Daylight,03 - P.D. only,04 - Sideswipe,Greenbelt
7450,HIGHWAY 417 btwn HWY417 IC138 RAMP61 & HWY417 IC134 RAMP36,355575.3113,5021799.18,-75.85218,45.3343,2017-02-10,10:40:00 PM,03 - Snow,03 - Loose snow,10 - No control,01 - Non intersection,07 - Dark,03 - P.D. only,07 - SMV other,Greenbelt
7451,HIGHWAY 417 btwn HWY417 IC138 RAMP61 & HWY417 IC134 RAMP36,353779.0491,5020740.365,-75.8752,45.3249,2017-06-23,6:35:00 AM,02 - Rain,02 - Wet,10 - No control,01 - Non intersection,01 - Daylight,03 - P.D. only,04 - Sideswipe,Greenbelt
7452,HIGHWAY 417 btwn HWY417 IC138 RAMP61 & HWY417 IC134 RAMP36,354791.4594,5021319.65,-75.86223,45.33005,2017-03-03,5:10:00 PM,01 - Clear,01 - Dry,10 - No control,07 - Overpass or bridge,01 - Daylight,03 - P.D. only,03 - Rear end,Greenbelt
7453,HIGHWAY 417 btwn HWY417 IC138 RAMP61 & HWY417 IC134 RAMP36,355610.5675,5021822.192,-75.85173,45.33451,2017-07-06,7:50:00 AM,01 - Clear,01 - Dry,10 - No control,01 - Non intersection,01 - Daylight,02 - Non-fatal injury,03 - Rear end,Greenbelt
7454,HIGHWAY 417 btwn HWY417 IC138 RAMP61 & HWY417 IC134 RAMP36,355543.0826,5021779.24,-75.8526,45.33413,2017-02-08,5:00:00 AM,04 - Freezing Rain,03 - Loose snow,10 - No control,01 - Non intersection,07 - Dark,03 - P.D. only,07 - SMV other,Greenbelt
7455,HIGHWAY 417 btwn HWY417 IC138 RAMP61 & HWY417 IC134 RAMP36,355733.9068,5021890.467,-75.85015,45.33511,2017-04-28,2:15:00 PM,01 - Clear,01 - Dry,10 - No control,01 - Non intersection,01 - Daylight,02 - Non-fatal injury,99 - Other,Greenbelt
7456,HIGHWAY 417 btwn HWY417 IC138 RAMP61 & HWY417 IC134 RAMP36,355802.9792,5021934.067,-75.84926,45.3355,2017-02-25,1:12:00 AM,01 - Clear,02 - Wet,10 - No control,01 - Non intersection,07 - Dark,03 - P.D. only,07 - SMV other,Greenbelt
7457,HIGHWAY 417 btwn HWY417 IC138 RAMP61 & HWY417 IC134 RAMP36,354288.1141,5021041.794,-75.86868,45.32758,2017-03-23,8:25:00 AM,01 - Clear,01 - Dry,10 - No control,01 - Non intersection,01 - Daylight,02 - Non-fatal injury,03 - Rear end,Greenbelt
7458,HIGHWAY 417 btwn HWY417 IC138 RAMP61 & HWY417 IC134 RAMP36,355492.7136,5021740.256,-75.85324,45.33378,2017-05-20,1:30:00 PM,01 - Clear,01 - Dry,10 - No control,01 - Non intersection,01 - Daylight,03 - P.D. only,03 - Rear end,Greenbelt
7459,HIGHWAY 417 btwn HWY417 IC138 RAMP61 & HWY417 IC134 RAMP36,355568.8952,5021796.087,-75.85227,45.33428,2017-06-01,3:35:00 PM,01 - Clear,01 - Dry,10 - No control,01 - Non intersection,01 - Daylight,03 - P.D. only,03 - Rear end,Greenbelt
7460,HIGHWAY 417 btwn HWY417 IC139 RAMP15 & HWY417 IC138 RAMP51,352158.3281,5019580.241,-75.89599,45.31458,2017-12-04,2:35:00 PM,01 - Clear,01 - Dry,10 - No control,01 - Non intersection,01 - Daylight,03 - P.D. only,03 - Rear end,Katimavik - Hazeldean
7461,HIGHWAY 417 btwn HWY417 IC139 RAMP15 & HWY417 IC138 RAMP51,352227.1199,5019643.741,-75.89511,45.31514,2017-12-04,2:25:00 PM,01 - Clear,01 - Dry,10 - No control,01 - Non intersection,01 - Daylight,02 - Non-fatal injury,03 - Rear end,Katimavik - Hazeldean
7462,HIGHWAY 417 btwn HWY417 IC139 RAMP15 & HWY417 IC138 RAMP51,352323.1236,5019732.967,-75.89387,45.31594,2017-09-28,7:40:00 AM,01 - Clear,01 - Dry,10 - No control,01 - Non intersection,01 - Daylight,02 - Non-fatal injury,03 - Rear end,Katimavik - Hazeldean
7463,HIGHWAY 417 btwn HWY417 IC139 RAMP15 & HWY417 IC138 RAMP51,352290.7689,5019694.124,-75.89429,45.31559,2017-09-21,7:30:00 AM,01 - Clear,01 - Dry,10 - No control,01 - Non intersection,01 - Daylight,03 - P.D. only,03 - Rear end,Katimavik - Hazeldean
7464,HIGHWAY 417 btwn HWY417 IC139 RAMP15 & HWY417 IC138 RAMP51,352218.9335,5019650.816,-75.89521,45.31521,2017-02-13,12:20:00 PM,01 - Clear,02 - Wet,10 - No control,01 - Non intersection,01 - Daylight,02 - Non-fatal injury,07 - SMV other,Katimavik - Hazeldean
7465,HIGHWAY 417 btwn HWY417 IC139 RAMP61 & HWY417 IC138 RAMP36,352100.4368,5019592.327,-75.89673,45.31469,2017-03-24,8:35:00 PM,01 - Clear,04 - Slush,10 - No control,01 - Non intersection,07 - Dark,03 - P.D. only,07 - SMV other,Kanata
7466,HIGHWAY 417 btwn HWY417 IC140 RAMP16 & HWY417 IC140 RAMP61,351096.6983,5018730.107,-75.90961,45.307,2017-06-13,10:05:00 AM,01 - Clear,01 - Dry,10 - No control,01 - Non intersection,01 - Daylight,03 - P.D. only,03 - Rear end,Kanata
7467,HIGHWAY 417 btwn HWY417 IC140 RAMP25 & HWY417 IC139 RAMP15,351709.7812,5019202.347,-75.90174,45.31121,2017-10-30,6:00:00 AM,02 - Rain,02 - Wet,10 - No control,01 - Non intersection,07 - Dark,03 - P.D. only,07 - SMV other,Katimavik - Hazeldean
7468,HIGHWAY 417 btwn HWY417 IC140 RAMP25 & HWY417 IC139 RAMP15,351727.7936,5019212.637,-75.90151,45.3113,2017-07-29,3:00:00 PM,01 - Clear,01 - Dry,10 - No control,01 - Non intersection,01 - Daylight,03 - P.D. only,07 - SMV other,Katimavik - Hazeldean
7469,HIGHWAY 417 btwn HWY417 IC140 RAMP25 & HWY417 IC139 RAMP15,351668.4327,5019158.302,-75.90228,45.31081,2017-04-30,11:20:00 AM,01 - Clear,01 - Dry,10 - No control,01 - Non intersection,01 - Daylight,03 - P.D. only,07 - SMV other,Katimavik - Hazeldean
7470,HIGHWAY 417 btwn HWY417 IC140 RAMP35 & HWY417 IC140 RAMP25,351329.1431,5018873.606,-75.90663,45.30827,2017-12-12,6:20:00 PM,03 - Snow,99 - Other,10 - No control,01 - Non intersection,07 - Dark,02 - Non-fatal injury,04 - Sideswipe,Katimavik - Hazeldean
7471,HIGHWAY 417 btwn HWY417 IC140 RAMP36 & HWY417 IC140 RAMP16,350569.4578,5018373.803,-75.91636,45.30383,2017-10-10,7:15:00 PM,01 - Clear,01 - Dry,10 - No control,01 - Non intersection,07 - Dark,02 - Non-fatal injury,03 - Rear end,Kanata Lakes - Marchwood Lakeside - Morgan's Grant - Kanata
7472,HIGHWAY 417 btwn HWY417 IC140 RAMP36 & HWY417 IC140 RAMP16,350714.3109,5018462.788,-75.91451,45.30462,2017-06-23,9:25:00 PM,01 - Clear,01 - Dry,10 - No control,01 - Non intersection,07 - Dark,03 - P.D. only,07 - SMV other,Kanata Lakes - Marchwood Lakeside - Morgan's Grant - Kanata
7473,HIGHWAY 417 btwn HWY417 IC140 RAMP36 & HWY417 IC140 RAMP16,350491.3298,5018335.503,-75.91736,45.30349,2017-03-06,6:30:00 PM,04 - Freezing Rain,06 - Ice,10 - No control,01 - Non intersection,07 - Dark,03 - P.D. only,03 - Rear end,Kanata Lakes - Marchwood Lakeside - Morgan's Grant - Kanata
7474,HIGHWAY 417 btwn HWY417 IC140 RAMP36 & HWY417 IC140 RAMP16,350587.7387,5018386.616,-75.91613,45.30394,2017-02-15,9:45:00 AM,03 - Snow,03 - Loose snow,10 - No control,01 - Non intersection,01 - Daylight,03 - P.D. only,04 - Sideswipe,Kanata Lakes - Marchwood Lakeside - Morgan's Grant - Kanata
7475,HIGHWAY 417 btwn HWY417 IC140 RAMP51 & HWY417 IC140 RAMP35,350765.5974,5018436.172,-75.91386,45.30437,2017-03-06,9:59:00 PM,04 - Freezing Rain,06 - Ice,10 - No control,01 - Non intersection,07 - Dark,03 - P.D. only,07 - SMV other,Katimavik - Hazeldean
7476,HIGHWAY 417 btwn HWY417 IC140 RAMP51 & HWY417 IC140 RAMP35,350787.7833,5018445.938,-75.91357,45.30446,2017-03-24,10:25:00 PM,01 - Clear,04 - Slush,10 - No control,01 - Non intersection,07 - Dark,03 - P.D. only,07 - SMV other,Katimavik - Hazeldean
7477,HIGHWAY 417 btwn HWY417 IC140 RAMP51 & HWY417 IC140 RAMP35,350785.7311,5018442.519,-75.9136,45.30443,2017-03-15,7:20:00 AM,03 - Snow,03 - Loose snow,10 - No control,01 - Non intersection,01 - Daylight,03 - P.D. only,07 - SMV other,Katimavik - Hazeldean
7478,HIGHWAY 417 btwn HWY417 IC140 RAMP61 & HWY417 IC139 RAMP61,351695.0565,5019235.144,-75.90193,45.3115,2017-11-10,10:35:00 AM,01 - Clear,01 - Dry,10 - No control,01 - Non intersection,01 - Daylight,03 - P.D. only,99 - Other,Kanata
7479,HIGHWAY 417 btwn HWY417 IC140 RAMP61 & HWY417 IC139 RAMP61,351708.2709,5019253.39,-75.90176,45.31167,2017-07-07,2:05:00 PM,01 - Clear,01 - Dry,10 - No control,01 - Non intersection,01 - Daylight,02 - Non-fatal injury,07 - SMV other,Kanata
7480,HIGHWAY 417 btwn HWY417 IC140 RAMP61 & HWY417 IC139 RAMP61,351519.1555,5019096.3,-75.90419,45.31026,2017-06-15,5:36:00 AM,01 - Clear,01 - Dry,10 - No control,01 - Non intersection,03 - Dawn,02 - Non-fatal injury,99 - Other,Kanata
7481,HIGHWAY 417 btwn HWY417 IC142 RAMP16 & HWY417 IC142 RAMP61,349029.2248,5017350.171,-75.93609,45.29471,2017-03-31,1:00:00 AM,01 - Clear,01 - Dry,10 - No control,01 - Non intersection,07 - Dark,03 - P.D. only,07 - SMV other,Stittsville - Basswood
7482,HIGHWAY 417 btwn HWY417 IC142 RAMP16 & HWY417 IC142 RAMP61,349083.2504,5017396.089,-75.9354,45.29512,2017-06-11,4:10:00 AM,01 - Clear,01 - Dry,10 - No control,01 - Non intersection,07 - Dark,03 - P.D. only,07 - SMV other,Stittsville - Basswood
7483,HIGHWAY 417 btwn HWY417 IC142 RAMP35 & HWY417 IC142 RAMP25,348951.8892,5017221.989,-75.93709,45.29356,2017-11-01,2:35:00 PM,02 - Rain,02 - Wet,10 - No control,01 - Non intersection,01 - Daylight,02 - Non-fatal injury,04 - Sideswipe,Stittsville - Basswood
7484,HIGHWAY 417 btwn HWY417 IC142 RAMP35 & HWY417 IC142 RAMP25,348994.9901,5017264.576,-75.93654,45.29395,2017-03-24,9:03:00 AM,03 - Snow,03 - Loose snow,10 - No control,01 - Non intersection,01 - Daylight,03 - P.D. only,07 - SMV other,Stittsville - Basswood
7485,HIGHWAY 417 btwn HWY417 IC142 RAMP35 & HWY417 IC142 RAMP25,349024.1571,5017293.188,-75.93616,45.2942,2017-04-13,7:50:00 AM,01 - Clear,01 - Dry,10 - No control,01 - Non intersection,01 - Daylight,03 - P.D. only,04 - Sideswipe,Stittsville - Basswood
7486,HIGHWAY 417 btwn HWY417 IC142 RAMP35 & HWY417 IC142 RAMP25,349213.7522,5017468.783,-75.93373,45.29577,2017-06-05,5:15:00 AM,01 - Clear,01 - Dry,10 - No control,01 - Non intersection,03 - Dawn,03 - P.D. only,07 - SMV other,Stittsville - Basswood
7487,HIGHWAY 417 btwn HWY417 IC142 RAMP51 & HWY417 IC142 RAMP35,348698.4,5016995.016,-75.94034,45.29154,2017-11-09,3:50:00 PM,01 - Clear,01 - Dry,10 - No control,01 - Non intersection,01 - Daylight,03 - P.D. only,07 - SMV other,Stittsville - Basswood
7488,HIGHWAY 417 btwn HWY417 IC142 RAMP51 & HWY417 IC142 RAMP35,348718.8823,5017012.341,-75.94008,45.29169,2017-11-09,12:50:00 PM,01 - Clear,01 - Dry,10 - No control,01 - Non intersection,01 - Daylight,03 - P.D. only,04 - Sideswipe,Stittsville - Basswood
7489,HIGHWAY 417 btwn HWY417 IC142 RAMP51 & HWY417 IC142 RAMP35,348764.3063,5017058.998,-75.9395,45.29211,2017-11-02,4:44:00 PM,02 - Rain,02 - Wet,10 - No control,01 - Non intersection,05 - Dusk,03 - P.D. only,07 - SMV other,Stittsville - Basswood
7490,HIGHWAY 417 btwn HWY417 IC142 RAMP51 & HWY417 IC142 RAMP35,348715.644,5017019.29,-75.94012,45.29176,2017-06-01,5:46:00 PM,01 - Clear,01 - Dry,10 - No control,01 - Non intersection,01 - Daylight,03 - P.D. only,07 - SMV other,Stittsville - Basswood
7491,HIGHWAY 417 btwn HWY417 IC142 RAMP51 & HWY417 IC142 RAMP35,348743.1964,5017027.457,-75.93977,45.29183,2017-06-20,5:22:00 AM,02 - Rain,02 - Wet,10 - No control,01 - Non intersection,03 - Dawn,03 - P.D. only,07 - SMV other,Stittsville - Basswood
7492,HIGHWAY 417 btwn HWY417 IC142 RAMP51 & HWY417 IC142 RAMP35,348715.0196,5017009.621,-75.94013,45.29167,2017-03-06,8:35:00 PM,04 - Freezing Rain,06 - Ice,10 - No control,01 - Non intersection,07 - Dark,03 - P.D. only,07 - SMV other,Stittsville - Basswood
7493,HIGHWAY 417 btwn HWY417 IC144 RAMP16 & HWY417 IC144 RAMP61,347521.6355,5015984.91,-75.95543,45.28252,2017-08-05,3:05:00 PM,01 - Clear,01 - Dry,10 - No control,01 - Non intersection,01 - Daylight,03 - P.D. only,03 - Rear end,Stittsville - Basswood
7494,HIGHWAY 417 btwn HWY417 IC144 RAMP16 & HWY417 IC144 RAMP61,347527.2705,5015980.481,-75.95536,45.28248,2017-11-17,2:31:00 PM,01 - Clear,01 - Dry,10 - No control,01 - Non intersection,01 - Daylight,03 - P.D. only,07 - SMV other,Stittsville - Basswood
7495,HIGHWAY 417 btwn HWY417 IC144 RAMP16 & HWY417 IC144 RAMP61,347507.5683,5015959.77,-75.95561,45.2823,2017-11-04,2:10:00 PM,01 - Clear,01 - Dry,10 - No control,01 - Non intersection,01 - Daylight,03 - P.D. only,03 - Rear end,Stittsville - Basswood