Record,Location,X,Y,Longitude,Latitude,Date,Time,Environment,Road_Surface,Traffic_Control,Collision_Location,Light,Collision_Classification,Impact_type,Neighborhood
7592,HIGHWAY 417 btwn HWY417 IC169 RAMP51 & HWY417 IC169 RAMP35,325349.3844,5025002.854,-76.23768,45.36467,2017-11-07,6:00:00 AM,01 - Clear,01 - Dry,10 - No control,01 - Non intersection,07 - Dark,03 - P.D. only,03 - Rear end,Antrim
7593,HIGHWAY 417 btwn HWY417 IC180 RAMP26 & HWY417 IC180 RAMP61,318467.9223,5031002.263,-76.32536,45.41882,2017-02-20,8:05:00 PM,01 - Clear,01 - Dry,10 - No control,01 - Non intersection,07 - Dark,02 - Non-fatal injury,07 - SMV other,Arnprior
7594,HIGHWAY 417 btwn HWY417 IC180 RAMP35 & HWY417 IC169 RAMP51,318293.3054,5030972.636,-76.32759,45.41856,2017-03-02,8:37:00 AM,03 - Snow,05 - Packed snow,10 - No control,01 - Non intersection,01 - Daylight,03 - P.D. only,07 - SMV other,Arnprior
7595,HIGHWAY 417 btwn HWY417 IC180 RAMP51 & HWY417 IC180 RAMP35,317899.6177,5031020.188,-76.33262,45.41899,2017-11-18,6:30:00 PM,01 - Clear,02 - Wet,10 - No control,01 - Non intersection,07 - Dark,03 - P.D. only,07 - SMV other,Arnprior
7596,HIGHWAY 417 btwn HWY417 IC180 RAMP51 & HWY417 IC180 RAMP35,317874.1382,5031023.7,-76.33294,45.41903,2017-11-07,5:57:00 AM,01 - Clear,01 - Dry,10 - No control,01 - Non intersection,07 - Dark,03 - P.D. only,07 - SMV other,Arnprior
7597,HIGHWAY 417 btwn HWY417 IC180 RAMP61 & HWY417 IC169 RAMP36,319199.3298,5030946.104,-76.31601,45.4183,2017-01-03,5:10:00 PM,04 - Freezing Rain,04 - Slush,10 - No control,01 - Non intersection,05 - Dusk,03 - P.D. only,07 - SMV other,Arnprior
7598,HIGHWAY 417 btwn HWY417 IC180 RAMP61 & HWY417 IC169 RAMP36,324867.524,5025573.138,-76.24381,45.36981,2017-03-14,2:40:00 PM,03 - Snow,03 - Loose snow,10 - No control,01 - Non intersection,01 - Daylight,03 - P.D. only,04 - Sideswipe,Antrim
7599,HIGHWAY 417 btwn HWY417 IC88 RAMP16 & HWY417 IC88 RAMP61,395513.2654,5022497.579,-75.34259,45.33656,2017-08-21,7:10:00 PM,01 - Clear,01 - Dry,10 - No control,01 - Non intersection,01 - Daylight,03 - P.D. only,03 - Rear end,Navan - Vars
7600,HIGHWAY 417 btwn HWY417 IC88 RAMP16 & HWY417 IC88 RAMP61,395596.8875,5022497.419,-75.34152,45.33655,2017-12-25,8:25:00 PM,01 - Clear,02 - Wet,10 - No control,01 - Non intersection,07 - Dark,03 - P.D. only,07 - SMV other,Navan - Vars
7601,HIGHWAY 417 btwn HWY417 IC88 RAMP16 & HWY417 IC88 RAMP61,395601.1844,5022502.858,-75.34147,45.3366,2017-03-06,6:50:00 PM,04 - Freezing Rain,06 - Ice,10 - No control,01 - Non intersection,07 - Dark,03 - P.D. only,07 - SMV other,Navan - Vars
7602,HIGHWAY 417 btwn HWY417 IC88 RAMP51 & HWY417 IC88 RAMP15,395081.4338,5022427.157,-75.34811,45.33598,2017-01-03,10:00:00 PM,04 - Freezing Rain,06 - Ice,10 - No control,01 - Non intersection,07 - Dark,03 - P.D. only,07 - SMV other,Navan - Vars
7603,HIGHWAY 417 btwn HWY417 IC96 RAMP51 & HIGHWAY 417,387206.9189,5023866.913,-75.44832,45.34991,2017-07-19,5:00:00 PM,01 - Clear,01 - Dry,10 - No control,01 - Non intersection,01 - Daylight,03 - P.D. only,04 - Sideswipe,Greenbelt
7604,HIGHWAY 417 btwn HWY417 IC96 RAMP51 & HIGHWAY 417,387233.9533,5023860.496,-75.44798,45.34984,2017-11-02,5:00:00 PM,02 - Rain,02 - Wet,10 - No control,01 - Non intersection,05 - Dusk,03 - P.D. only,07 - SMV other,Greenbelt
7605,HIGHWAY 417 btwn HWY417 IC96 RAMP51 & HIGHWAY 417,387266.1364,5023854.895,-75.44757,45.34979,2017-12-14,3:10:00 PM,01 - Clear,01 - Dry,10 - No control,01 - Non intersection,01 - Daylight,02 - Non-fatal injury,07 - SMV other,Greenbelt
7606,HIGHWAY 417 btwn HWY417 IC96 RAMP51 & HIGHWAY 417,387254.3259,5023859.761,-75.44772,45.34984,2017-11-25,5:38:00 PM,01 - Clear,01 - Dry,10 - No control,01 - Non intersection,07 - Dark,03 - P.D. only,07 - SMV other,Greenbelt
7607,HIGHWAY 417 btwn HWY417 IC96 RAMP51 & HIGHWAY 417,387244.6303,5023859.515,-75.44784,45.34983,2017-08-04,1:10:00 AM,"07 - Fog, mist, smoke, dust",01 - Dry,10 - No control,01 - Non intersection,07 - Dark,03 - P.D. only,07 - SMV other,Greenbelt
7608,HIGHWAY 417 btwn HWY417 IC96 RAMP51 & HIGHWAY 417,387288.6251,5023850.089,-75.44728,45.34974,2017-03-14,11:06:00 PM,03 - Snow,03 - Loose snow,10 - No control,01 - Non intersection,07 - Dark,03 - P.D. only,03 - Rear end,Greenbelt
7609,HIGHWAY 417 btwn HWY417 IC96 RAMP51 & HIGHWAY 417,387199.0797,5023863.26,-75.44842,45.34987,2017-05-24,9:38:00 PM,01 - Clear,01 - Dry,10 - No control,01 - Non intersection,07 - Dark,03 - P.D. only,07 - SMV other,Greenbelt
7610,HIGHWAY 417 btwn HWY417 IC96 RAMP51 & HIGHWAY 417,387246.0067,5023851.17,-75.44783,45.34976,2017-01-16,3:30:00 PM,01 - Clear,01 - Dry,10 - No control,01 - Non intersection,01 - Daylight,03 - P.D. only,07 - SMV other,Greenbelt
7611,HIGHWAY 417 btwn HWY417 IC96 RAMP61 & HIGHWAY 417,387528.6054,5023861.087,-75.44422,45.34982,2017-07-11,6:10:00 PM,01 - Clear,01 - Dry,10 - No control,01 - Non intersection,01 - Daylight,02 - Non-fatal injury,03 - Rear end,Navan - Vars
7612,HIGHWAY 417 btwn HWY417 IC96 RAMP61 & HIGHWAY 417,387506.7777,5023866.73,-75.4445,45.34987,2017-11-26,10:30:00 PM,01 - Clear,02 - Wet,10 - No control,01 - Non intersection,07 - Dark,03 - P.D. only,04 - Sideswipe,Navan - Vars
7613,HIGHWAY 417 btwn HWY417 IC96 RAMP61 & HIGHWAY 417,387550.4261,5023856.569,-75.44394,45.34977,2017-11-19,7:15:00 AM,03 - Snow,04 - Slush,10 - No control,01 - Non intersection,01 - Daylight,03 - P.D. only,07 - SMV other,Navan - Vars
7614,HIGHWAY 417 btwn HWY417 IC96 RAMP61 & HIGHWAY 417,387610.8697,5023854.764,-75.44317,45.34975,2017-01-03,12:52:00 PM,04 - Freezing Rain,04 - Slush,10 - No control,01 - Non intersection,01 - Daylight,03 - P.D. only,07 - SMV other,Navan - Vars
7615,HIGHWAY 417 btwn HWY417 IC96 RAMP61 & HIGHWAY 417,387561.0983,5023852.447,-75.44381,45.34973,2017-07-06,5:15:00 AM,01 - Clear,01 - Dry,10 - No control,01 - Non intersection,03 - Dawn,02 - Non-fatal injury,07 - SMV other,Navan - Vars
7616,HIGHWAY 417 btwn HWY417 IC96 RAMP61 & HIGHWAY 417,387518.8659,5023862.207,-75.44434,45.34983,2017-03-14,5:10:00 PM,03 - Snow,03 - Loose snow,10 - No control,01 - Non intersection,01 - Daylight,03 - P.D. only,07 - SMV other,Navan - Vars
7617,HIGHWAY 417 btwn HWY417 IC96 RAMP61 & HIGHWAY 417,387481.9578,5023862.406,-75.44481,45.34983,2017-05-07,11:30:00 PM,01 - Clear,01 - Dry,10 - No control,01 - Non intersection,07 - Dark,03 - P.D. only,07 - SMV other,Navan - Vars
7618,HIGHWAY 417 btwn HWY417 IC96 RAMP61 & HIGHWAY 417,387575.7829,5023847.326,-75.44362,45.34969,2017-04-26,6:40:00 PM,01 - Clear,01 - Dry,10 - No control,01 - Non intersection,01 - Daylight,03 - P.D. only,07 - SMV other,Navan - Vars
7619,HIGHWAY 417 btwn HWY417 IC96 RAMP61 & HWY417 IC88 RAMP16,391250.103,5023167.012,-75.39685,45.34312,2017-08-01,6:15:00 PM,01 - Clear,01 - Dry,10 - No control,01 - Non intersection,01 - Daylight,03 - P.D. only,04 - Sideswipe,Navan - Vars
7620,HIGHWAY 417 btwn HWY417 IC96 RAMP61 & HWY417 IC88 RAMP16,392430.2881,5022905.179,-75.38184,45.34062,2017-09-13,8:58:00 PM,01 - Clear,01 - Dry,10 - No control,01 - Non intersection,07 - Dark,02 - Non-fatal injury,03 - Rear end,Navan - Vars
7621,HIGHWAY 417 btwn HWY417 IC96 RAMP61 & HWY417 IC88 RAMP16,392423.6404,5022907.986,-75.38193,45.34065,2017-08-17,2:50:00 PM,01 - Clear,01 - Dry,10 - No control,01 - Non intersection,01 - Daylight,03 - P.D. only,03 - Rear end,Navan - Vars
7622,HIGHWAY 417 btwn HWY417 IC96 RAMP61 & HWY417 IC88 RAMP16,393315.2259,5022669.805,-75.3706,45.33839,2017-09-13,8:58:00 PM,01 - Clear,01 - Dry,10 - No control,01 - Non intersection,07 - Dark,02 - Non-fatal injury,03 - Rear end,Navan - Vars
7623,HIGHWAY 417 btwn HWY417 IC96 RAMP61 & HWY417 IC88 RAMP16,392400.5279,5022911.621,-75.38222,45.34068,2017-12-13,7:15:00 AM,05 - Drifting Snow,03 - Loose snow,10 - No control,01 - Non intersection,03 - Dawn,03 - P.D. only,03 - Rear end,Navan - Vars
7624,HIGHWAY 417 btwn HWY417 IC96 RAMP61 & HWY417 IC88 RAMP16,392412.6817,5022897.269,-75.38207,45.34055,2017-12-20,7:15:00 AM,01 - Clear,01 - Dry,10 - No control,01 - Non intersection,03 - Dawn,03 - P.D. only,04 - Sideswipe,Navan - Vars
7625,HIGHWAY 417 btwn HWY417 IC96 RAMP61 & HWY417 IC88 RAMP16,392974.1156,5022757.751,-75.37493,45.33923,2017-05-31,1:19:00 PM,01 - Clear,01 - Dry,10 - No control,01 - Non intersection,01 - Daylight,03 - P.D. only,04 - Sideswipe,Navan - Vars
7626,HIGHWAY 417 btwn HWY417 IC96 RAMP61 & HWY417 IC88 RAMP16,392427.4785,5022898.23,-75.38188,45.34056,2017-02-15,7:45:00 AM,03 - Snow,03 - Loose snow,10 - No control,01 - Non intersection,01 - Daylight,03 - P.D. only,07 - SMV other,Navan - Vars
7627,HIGHWAY 417 btwn HWY417 IC96 RAMP61 & HWY417 IC88 RAMP16,392606.6951,5022856.417,-75.3796,45.34016,2017-03-15,3:00:00 PM,01 - Clear,01 - Dry,10 - No control,01 - Non intersection,01 - Daylight,03 - P.D. only,99 - Other,Navan - Vars
7628,HIGHWAY 417 btwn HWY417 IC96 RAMP61 & HWY417 IC88 RAMP16,392414.7515,5022896.465,-75.38204,45.34054,2017-02-19,8:35:00 AM,01 - Clear,01 - Dry,10 - No control,01 - Non intersection,01 - Daylight,03 - P.D. only,07 - SMV other,Navan - Vars
7629,HIGHWAY 417 btwn HWY417 IC96 RAMP61 & HWY417 IC88 RAMP16,392437.0473,5022888.021,-75.38176,45.34046,2017-03-31,7:15:00 PM,03 - Snow,04 - Slush,10 - No control,01 - Non intersection,07 - Dark,02 - Non-fatal injury,99 - Other,Navan - Vars
7630,HIGHWAY 417 btwn HWY417 IC96 RAMP61 & HWY417 IC88 RAMP16,392437.5814,5022898.032,-75.38175,45.34055,2017-05-20,1:21:00 PM,01 - Clear,01 - Dry,10 - No control,01 - Non intersection,01 - Daylight,03 - P.D. only,07 - SMV other,Navan - Vars
7631,HIGHWAY 417 btwn HWY417 IC96 RAMP61 & HWY417 IC88 RAMP16,392452.9471,5022900.747,-75.38156,45.34058,2017-05-23,7:00:00 AM,01 - Clear,01 - Dry,10 - No control,01 - Non intersection,01 - Daylight,03 - P.D. only,04 - Sideswipe,Navan - Vars
7632,HIGHWAY 417 btwn HWY417 IC96 RAMP61 & HWY417 IC88 RAMP16,392459.0744,5022888.836,-75.38148,45.34047,2017-06-04,7:26:00 AM,01 - Clear,01 - Dry,10 - No control,01 - Non intersection,01 - Daylight,03 - P.D. only,07 - SMV other,Navan - Vars
7633,HIGHWAY 417 btwn HWY417 IC96 RAMP61 & HWY417 IC88 RAMP16,392446.8702,5022896.244,-75.38163,45.34054,2017-03-24,8:13:00 AM,03 - Snow,03 - Loose snow,10 - No control,01 - Non intersection,01 - Daylight,03 - P.D. only,07 - SMV other,Navan - Vars
7634,HIGHWAY 417 btwn HWY417 IC96 RAMP61 & HWY417 IC88 RAMP16,395329.5177,5022491.84,-75.34493,45.33653,2017-01-10,10:44:00 PM,04 - Freezing Rain,04 - Slush,10 - No control,01 - Non intersection,07 - Dark,02 - Non-fatal injury,07 - SMV other,Navan - Vars
7635,HIGHWAY 417 btwn RAMP & HWY417 IC129 RAMP76,359828.7899,5023166.553,-75.79777,45.34629,2017-12-14,10:17:00 AM,01 - Clear,01 - Dry,10 - No control,01 - Non intersection,01 - Daylight,03 - P.D. only,04 - Sideswipe,Whitehaven - Queensway Terrace North
7636,HIGHWAY 417 btwn RAMP & HWY417 IC129 RAMP76,359873.1157,5023179.432,-75.7972,45.3464,2017-11-18,10:15:00 PM,04 - Freezing Rain,06 - Ice,10 - No control,01 - Non intersection,07 - Dark,03 - P.D. only,04 - Sideswipe,Whitehaven - Queensway Terrace North
7637,HIGHWAY 417 btwn RAMP & HWY417 IC129 RAMP76,359995.9676,5023222.615,-75.79563,45.34678,2017-11-28,5:21:00 PM,01 - Clear,01 - Dry,10 - No control,01 - Non intersection,07 - Dark,03 - P.D. only,03 - Rear end,Whitehaven - Queensway Terrace North
7638,HIGHWAY 417 btwn RAMP & HWY417 IC129 RAMP76,359986.9528,5023214.609,-75.79574,45.34671,2017-07-09,5:35:00 PM,01 - Clear,01 - Dry,10 - No control,01 - Non intersection,01 - Daylight,03 - P.D. only,04 - Sideswipe,Whitehaven - Queensway Terrace North
7639,HIGHWAY 417 btwn RAMP & HWY417 IC129 RAMP76,359750.6648,5023147.368,-75.79877,45.34612,2017-05-11,7:20:00 PM,01 - Clear,01 - Dry,10 - No control,01 - Non intersection,01 - Daylight,03 - P.D. only,04 - Sideswipe,Whitehaven - Queensway Terrace North
7640,HIGHWAY 417 btwn RAMP & HWY417 IC129 RAMP76,360213.07,5023362.742,-75.79284,45.34802,2017-04-13,9:10:00 PM,01 - Clear,01 - Dry,10 - No control,01 - Non intersection,07 - Dark,03 - P.D. only,04 - Sideswipe,Whitehaven - Queensway Terrace North
7641,HIGHWAY 417 btwn RAMP & HWY417 IC145 RAMP55,345858.1828,5014764.522,-75.97674,45.27164,2017-12-08,5:30:00 AM,01 - Clear,01 - Dry,10 - No control,01 - Non intersection,07 - Dark,03 - P.D. only,07 - SMV other,Stittsville - Basswood
7642,HIGHWAY 417 btwn RAMP & HWY417 IC145 RAMP55,345897.6318,5014758.858,-75.97623,45.27159,2017-12-21,9:21:00 PM,01 - Clear,01 - Dry,10 - No control,01 - Non intersection,07 - Dark,03 - P.D. only,07 - SMV other,Stittsville - Basswood
7643,HIGHWAY 417 btwn RAMP & HWY417 IC145 RAMP55,345875.168,5014759.885,-75.97652,45.2716,2017-03-24,6:45:00 PM,03 - Snow,03 - Loose snow,10 - No control,01 - Non intersection,07 - Dark,03 - P.D. only,07 - SMV other,Stittsville - Basswood
7644,HIGHWAY 417 btwn RAMP & HWY417 IC145 RAMP55,345839.4236,5014751.294,-75.97698,45.27152,2017-06-22,5:05:00 AM,01 - Clear,01 - Dry,10 - No control,01 - Non intersection,03 - Dawn,03 - P.D. only,07 - SMV other,Stittsville - Basswood
7645,HIGHWAY 417 btwn RAMP & HWY417 IC145 RAMP55,345912.434,5014749.861,-75.97605,45.2715,2017-01-24,10:15:00 AM,03 - Snow,04 - Slush,10 - No control,01 - Non intersection,01 - Daylight,03 - P.D. only,07 - SMV other,Stittsville - Basswood
7646,HIGHWAY 417 btwn RAMP & HWY417 IC88 RAMP51,392358.3846,5022875.985,-75.38277,45.34037,2017-11-21,5:00:00 PM,01 - Clear,01 - Dry,10 - No control,01 - Non intersection,07 - Dark,03 - P.D. only,07 - SMV other,Navan - Vars
7647,HIGHWAY 417 btwn RAMP & HWY417 IC88 RAMP51,387596.0088,5023807.331,-75.44337,45.34932,2017-07-26,10:00:00 PM,01 - Clear,01 - Dry,10 - No control,01 - Non intersection,07 - Dark,03 - P.D. only,07 - SMV other,Navan - Vars
7648,HIGHWAY 417 btwn RAMP & HWY417 IC88 RAMP51,392245.5215,5022883.967,-75.38421,45.34045,2017-06-13,11:37:00 PM,01 - Clear,01 - Dry,10 - No control,01 - Non intersection,07 - Dark,03 - P.D. only,03 - Rear end,Navan - Vars
7649,HIGHWAY 417 btwn RAMP & HWY417 IC88 RAMP51,392150.4524,5022920.335,-75.38541,45.34079,2017-01-24,8:40:00 AM,04 - Freezing Rain,06 - Ice,10 - No control,01 - Non intersection,01 - Daylight,03 - P.D. only,07 - SMV other,Navan - Vars
7650,HIGHWAY 417 btwn RAMP & HWY417 IC88 RAMP51,392196.1305,5022905.584,-75.38483,45.34065,2017-04-03,9:52:00 PM,01 - Clear,01 - Dry,10 - No control,01 - Non intersection,07 - Dark,02 - Non-fatal injury,07 - SMV other,Navan - Vars
7651,HIGHWAY 417 btwn REGIONAL ROAD 174 & HWY417 IC113 RAMP62,373598.1933,5031863.638,-75.62086,45.42332,2017-10-18,9:45:00 PM,01 - Clear,01 - Dry,10 - No control,01 - Non intersection,07 - Dark,03 - P.D. only,03 - Rear end,Pineview
7652,HIGHWAY 417 btwn REGIONAL ROAD 174 & HWY417 IC113 RAMP85,373456.6731,5031768.247,-75.62268,45.42248,2017-01-25,5:45:00 AM,01 - Clear,04 - Slush,10 - No control,01 - Non intersection,07 - Dark,03 - P.D. only,04 - Sideswipe,Pineview
7653,HIGHWAY 417 btwn TRANSIT & HWY417 IC127 RAMP16,361680.8354,5024512.024,-75.77398,45.35825,2017-10-30,9:57:00 PM,01 - Clear,01 - Dry,10 - No control,01 - Non intersection,07 - Dark,03 - P.D. only,04 - Sideswipe,Whitehaven - Queensway Terrace North
7654,HIGHWAY 417 btwn TRANSIT & HWY417 IC127 RAMP16,361522.4977,5024384.816,-75.77602,45.35711,2017-10-02,4:25:00 PM,01 - Clear,01 - Dry,10 - No control,01 - Non intersection,01 - Daylight,03 - P.D. only,03 - Rear end,Whitehaven - Queensway Terrace North
7655,HIGHWAY 417 btwn TRANSIT & HWY417 IC127 RAMP16,361829.5742,5024630.034,-75.77207,45.3593,2017-09-25,5:58:00 PM,01 - Clear,01 - Dry,10 - No control,01 - Non intersection,01 - Daylight,03 - P.D. only,03 - Rear end,Whitehaven - Queensway Terrace North
7656,HIGHWAY 417 btwn TRANSIT & HWY417 IC127 RAMP16,361706.2939,5024531.312,-75.77365,45.35842,2017-11-06,6:55:00 AM,01 - Clear,01 - Dry,10 - No control,01 - Non intersection,03 - Dawn,02 - Non-fatal injury,03 - Rear end,Whitehaven - Queensway Terrace North
7657,HIGHWAY 417 btwn TRANSIT & HWY417 IC127 RAMP35,362003.8493,5024728.28,-75.76983,45.36016,2017-11-21,3:40:00 PM,01 - Clear,01 - Dry,10 - No control,01 - Non intersection,01 - Daylight,03 - P.D. only,03 - Rear end,Iris
7658,HIGHWAY 417 btwn TRANSIT & HWY417 IC127 RAMP35,361998.698,5024726.688,-75.7699,45.36015,2017-12-18,6:40:00 AM,01 - Clear,01 - Dry,10 - No control,01 - Non intersection,07 - Dark,03 - P.D. only,03 - Rear end,Iris
7659,HIGHWAY 417 btwn TRANSIT & HWY417 IC127 RAMP35,361893.3646,5024646.29,-75.77125,45.35944,2017-08-03,4:45:00 PM,01 - Clear,01 - Dry,10 - No control,01 - Non intersection,01 - Daylight,03 - P.D. only,07 - SMV other,Iris
7660,HIGHWAY 417 btwn TRANSIT & HWY417 IC127 RAMP35,361998.4435,5024721.245,-75.7699,45.3601,2017-07-21,4:05:00 PM,01 - Clear,01 - Dry,10 - No control,01 - Non intersection,01 - Daylight,03 - P.D. only,03 - Rear end,Iris
7661,HIGHWAY 417 btwn TRANSIT & HWY417 IC127 RAMP35,361984.4379,5024710.569,-75.77008,45.36001,2017-11-30,10:24:00 AM,01 - Clear,01 - Dry,10 - No control,01 - Non intersection,01 - Daylight,03 - P.D. only,03 - Rear end,Iris
7662,HIGHWAY 417 btwn TRANSIT & HWY417 IC127 RAMP35,361994.5928,5024715.724,-75.76995,45.36005,2017-12-29,7:45:00 AM,01 - Clear,06 - Ice,10 - No control,01 - Non intersection,03 - Dawn,03 - P.D. only,07 - SMV other,Iris
7663,HIGHWAY 417 btwn TRANSIT & HWY417 IC127 RAMP35,361902.0283,5024649.429,-75.77114,45.35946,2017-09-08,7:01:00 AM,01 - Clear,01 - Dry,10 - No control,01 - Non intersection,01 - Daylight,03 - P.D. only,03 - Rear end,Iris
7664,HIGHWAY 417 btwn TRANSIT & HWY417 IC127 RAMP35,361974.834,5024708.719,-75.7702,45.35999,2017-11-03,4:32:00 PM,01 - Clear,01 - Dry,10 - No control,01 - Non intersection,05 - Dusk,03 - P.D. only,03 - Rear end,Iris
7665,HIGHWAY 417 btwn TRANSIT & HWY417 IC127 RAMP35,361980,5024708.362,-75.77014,45.35999,2017-09-22,4:40:00 PM,01 - Clear,01 - Dry,10 - No control,01 - Non intersection,01 - Daylight,03 - P.D. only,03 - Rear end,Iris
7666,HIGHWAY 417 btwn TRANSIT & HWY417 IC127 RAMP35,361897.6886,5024646.258,-75.7712,45.35944,2017-01-12,8:05:00 AM,01 - Clear,01 - Dry,10 - No control,01 - Non intersection,01 - Daylight,03 - P.D. only,03 - Rear end,Iris
7667,HIGHWAY 417 btwn TRANSIT & HWY417 IC127 RAMP35,362047.8136,5024762.649,-75.76927,45.36047,2017-06-29,8:00:00 AM,01 - Clear,01 - Dry,10 - No control,01 - Non intersection,01 - Daylight,03 - P.D. only,03 - Rear end,Iris
7668,HIGHWAY 7 btwn ASHTON STATION RD & OVERPASS RD,340328.1505,5004036.405,-76.04798,45.1754,2017-05-12,9:59:00 PM,01 - Clear,01 - Dry,10 - No control,01 - Non intersection,07 - Dark,03 - P.D. only,07 - SMV other,Munster Hamlet - Richmond
7669,HIGHWAY 7 btwn ASHTON STATION RD & OVERPASS RD,340415.0436,5004429.286,-76.04684,45.17893,2017-01-03,8:50:00 AM,04 - Freezing Rain,04 - Slush,10 - No control,01 - Non intersection,01 - Daylight,02 - Non-fatal injury,07 - SMV other,Munster Hamlet - Richmond
7670,HIGHWAY 7 btwn HAZELDEAN IC RAMP 53 & HIGHWAY 7,342364.7625,5008448.594,-76.02173,45.215,2017-11-23,6:10:00 PM,01 - Clear,01 - Dry,10 - No control,01 - Non intersection,07 - Dark,03 - P.D. only,07 - SMV other,Munster Hamlet - Richmond
7671,HIGHWAY 7 btwn HAZELDEAN IC RAMP 53 & HIGHWAY 7,342357.4523,5008448.355,-76.02183,45.215,2017-11-19,12:27:00 AM,04 - Freezing Rain,06 - Ice,10 - No control,01 - Non intersection,07 - Dark,03 - P.D. only,07 - SMV other,Munster Hamlet - Richmond
7672,HIGHWAY 7 btwn HAZELDEAN IC RAMP 53 & HIGHWAY 7,342366.2702,5008437.447,-76.02171,45.2149,2017-12-16,7:50:00 PM,01 - Clear,01 - Dry,10 - No control,01 - Non intersection,07 - Dark,03 - P.D. only,07 - SMV other,Munster Hamlet - Richmond
7673,HIGHWAY 7 btwn HAZELDEAN IC RAMP 53 & HIGHWAY 7,342361.3261,5008429.959,-76.02178,45.21483,2017-12-17,8:45:00 PM,01 - Clear,01 - Dry,10 - No control,01 - Non intersection,07 - Dark,03 - P.D. only,07 - SMV other,Munster Hamlet - Richmond
7674,HIGHWAY 7 btwn HAZELDEAN IC RAMP 53 & HIGHWAY 7,343979.0846,5009765.337,-76.00108,45.22676,2017-01-01,7:48:00 PM,01 - Clear,01 - Dry,10 - No control,01 - Non intersection,07 - Dark,03 - P.D. only,07 - SMV other,Munster Hamlet - Richmond
7675,HIGHWAY 7 btwn HAZELDEAN IC RAMP 53 & HIGHWAY 7,342356.6121,5008442.349,-76.02184,45.21494,2017-01-24,4:00:00 PM,03 - Snow,04 - Slush,10 - No control,01 - Non intersection,01 - Daylight,02 - Non-fatal injury,07 - SMV other,Munster Hamlet - Richmond
7676,HIGHWAY 7 btwn HAZELDEAN IC RAMP 53 & HIGHWAY 7,342329.6127,5008419.46,-76.02218,45.21474,2017-01-18,4:54:00 PM,01 - Clear,06 - Ice,10 - No control,01 - Non intersection,05 - Dusk,02 - Non-fatal injury,07 - SMV other,Munster Hamlet - Richmond
7677,HIGHWAY 7 btwn HAZELDEAN IC RAMP 53 & HIGHWAY 7,342964.1778,5008969.095,-76.01406,45.21965,2017-03-24,6:45:00 AM,03 - Snow,03 - Loose snow,10 - No control,01 - Non intersection,03 - Dawn,03 - P.D. only,99 - Other,Munster Hamlet - Richmond
7678,HIGHWAY 7 btwn HWY 7 HAZELDEAN RD IC RAMP 34 & HAZELDEAN RD IC RAMP 63,346372.0515,5012507.576,-75.97038,45.2513,2017-10-04,7:00:00 AM,01 - Clear,01 - Dry,10 - No control,01 - Non intersection,03 - Dawn,02 - Non-fatal injury,04 - Sideswipe,Stittsville - Basswood
7679,HIGHWAY 7 btwn HWY 7 HAZELDEAN RD IC RAMP 34 & HAZELDEAN RD IC RAMP 63,346372.2706,5012462.976,-75.97038,45.2509,2017-03-15,11:20:00 AM,03 - Snow,03 - Loose snow,10 - No control,01 - Non intersection,01 - Daylight,03 - P.D. only,07 - SMV other,Stittsville - Basswood
7680,HIGHWAY 7 btwn HWY 7 HAZELDEAN RD IC RAMP 63 & HAZELDEAN RD,346324.0265,5012142.77,-75.97102,45.24802,2017-07-01,7:56:00 PM,02 - Rain,02 - Wet,10 - No control,01 - Non intersection,01 - Daylight,02 - Non-fatal injury,07 - SMV other,Stittsville - Basswood
7681,HIGHWAY 7 btwn HWY417 IC145 RAMP55 & RAMP,346304.721,5013222.616,-75.97117,45.25774,2017-11-13,12:42:00 PM,01 - Clear,01 - Dry,10 - No control,01 - Non intersection,01 - Daylight,03 - P.D. only,07 - SMV other,Stittsville - Basswood
7682,HIGHWAY 7 btwn HWY417 IC145 RAMP55 & RAMP,346213.0824,5013787.606,-75.97229,45.26283,2017-03-31,8:00:00 PM,03 - Snow,04 - Slush,10 - No control,01 - Non intersection,07 - Dark,03 - P.D. only,07 - SMV other,Stittsville - Basswood
7683,HIGHWAY 7 btwn HWY417 IC145 RAMP55 & RAMP,346230.7028,5013664.957,-75.97208,45.26172,2017-01-12,1:20:00 PM,01 - Clear,02 - Wet,10 - No control,01 - Non intersection,01 - Daylight,03 - P.D. only,03 - Rear end,Stittsville - Basswood
7684,HIGHWAY 7 btwn HWY417 IC145 RAMP55 & RAMP,346211.4932,5013769.798,-75.97232,45.26267,2017-01-24,4:30:00 PM,03 - Snow,04 - Slush,10 - No control,01 - Non intersection,01 - Daylight,03 - P.D. only,07 - SMV other,Stittsville - Basswood
7685,HIGHWAY 7 btwn OVERPASS RD & RAMP,340527.2457,5005768.944,-76.04532,45.19098,2017-07-13,12:49:00 PM,01 - Clear,01 - Dry,10 - No control,01 - Non intersection,01 - Daylight,03 - P.D. only,07 - SMV other,Munster Hamlet - Richmond
7686,HIGHWAY 7 btwn OVERPASS RD & RAMP,340527.208,5005861.806,-76.04531,45.19182,2017-06-14,3:55:00 PM,01 - Clear,01 - Dry,10 - No control,01 - Non intersection,01 - Daylight,03 - P.D. only,07 - SMV other,Munster Hamlet - Richmond
7687,HIGHWAY 7 btwn OVERPASS RD & RAMP,340506.6023,5005518.134,-76.0456,45.18873,2017-03-03,1:40:00 PM,01 - Clear,01 - Dry,10 - No control,01 - Non intersection,01 - Daylight,03 - P.D. only,07 - SMV other,Munster Hamlet - Richmond
7688,HIGHWAY 7 btwn RAMP & DWYER HILL RD,340637.0196,5006633.531,-76.04386,45.19876,2017-12-01,9:00:00 PM,01 - Clear,01 - Dry,10 - No control,01 - Non intersection,07 - Dark,03 - P.D. only,99 - Other,Munster Hamlet - Richmond
7689,HIGHWAY 7 btwn RAMP & DWYER HILL RD,340933.0173,5007133.125,-76.04006,45.20324,2017-12-23,9:27:00 AM,03 - Snow,03 - Loose snow,10 - No control,01 - Non intersection,01 - Daylight,03 - P.D. only,07 - SMV other,Munster Hamlet - Richmond
7690,HIGHWAY 7 btwn RAMP & DWYER HILL RD,340922.4499,5007124.057,-76.04019,45.20316,2017-01-18,6:05:00 PM,01 - Clear,06 - Ice,10 - No control,01 - Non intersection,07 - Dark,02 - Non-fatal injury,07 - SMV other,Munster Hamlet - Richmond