Record,Location,X,Y,Longitude,Latitude,Date,Time,Environment,Road_Surface,Traffic_Control,Collision_Location,Light,Collision_Classification,Impact_type,Neighborhood
7691,HIGHWAY 7 btwn RAMP & DWYER HILL RD,340846.9611,5007002.703,-76.04116,45.20207,2017-03-17,8:14:00 PM,01 - Clear,01 - Dry,10 - No control,01 - Non intersection,07 - Dark,02 - Non-fatal injury,07 - SMV other,Munster Hamlet - Richmond
7692,HIGHWAY 7 btwn TO BE DETERMINED & RAMP,345959.2186,5011505.9,-75.97572,45.24231,2017-04-03,7:45:00 PM,01 - Clear,01 - Dry,10 - No control,01 - Non intersection,07 - Dark,03 - P.D. only,07 - SMV other,Stittsville - Basswood
7693,HIGHWAY 7 btwn TO BE DETERMINED & RAMP,345854.4609,5011407.39,-75.97706,45.24143,2017-01-10,4:30:00 PM,03 - Snow,03 - Loose snow,10 - No control,01 - Non intersection,01 - Daylight,03 - P.D. only,07 - SMV other,Stittsville - Basswood
7694,HIGHWAY 7 btwn TO BE DETERMINED & RAMP,346152.3986,5011692.86,-75.97324,45.24398,2017-03-02,7:25:00 AM,03 - Snow,05 - Packed snow,10 - No control,01 - Non intersection,01 - Daylight,03 - P.D. only,04 - Sideswipe,Stittsville - Basswood
7695,HIGHWAY LANE btwn ROCKDALE RD & END,395243.9187,5022930.679,-75.34595,45.34049,2017-10-28,8:00:00 PM,01 - Clear,01 - Dry,10 - No control,01 - Non intersection,07 - Dark,03 - P.D. only,07 - SMV other,Navan - Vars
7696,HILLIARD AVE @ MILLBROOK CRES,365991.953,5025319.89,-75.71886,45.36515,2017-01-13,2:31:00 PM,01 - Clear,03 - Loose snow,03 - Yield sign,02 - Intersection related,01 - Daylight,03 - P.D. only,02 - Angle,Cityview - Skyline - Fisher Heights
7697,HILLMAN MARSH WAY @ CEDAR CREEK DR,375620.7428,5020259.75,-75.59668,45.31872,2017-03-22,10:27:00 AM,01 - Clear,01 - Dry,02 - Stop sign,03 - At intersection,01 - Daylight,03 - P.D. only,02 - Angle,Greenbelt
7698,HILLMAN MARSH WAY btwn CEDAR CREEK DR & OLD CROW WAY,375605.3807,5020114.524,-75.5969,45.31741,2017-02-28,7:20:00 AM,01 - Clear,01 - Dry,10 - No control,04 - At/near private drive,01 - Daylight,02 - Non-fatal injury,02 - Angle,Greenbelt
7699,HILSON AVE @ BYRON AVE,363970.6859,5028477.908,-75.74428,45.39374,2017-08-01,10:55:00 AM,01 - Clear,01 - Dry,02 - Stop sign,03 - At intersection,01 - Daylight,03 - P.D. only,02 - Angle,Westboro
7700,HINCHEY AVE @ SCOTT ST,365088.9973,5029810.12,-75.72984,45.40563,2017-11-25,7:04:00 PM,01 - Clear,02 - Wet,02 - Stop sign,02 - Intersection related,07 - Dark,03 - P.D. only,05 - Turning movement,Mechanicsville
7701,HINCHEY AVE btwn LADOUCEUR ST & OXFORD ST,365191.0976,5029576.004,-75.72856,45.40352,2017-05-23,3:50:00 PM,01 - Clear,01 - Dry,10 - No control,01 - Non intersection,01 - Daylight,03 - P.D. only,07 - SMV other,Hintonburg
7702,HINCHEY AVE btwn LADOUCEUR ST & OXFORD ST,365173.9093,5029616.314,-75.72877,45.40388,2017-02-16,4:07:00 PM,01 - Clear,05 - Packed snow,10 - No control,01 - Non intersection,01 - Daylight,03 - P.D. only,99 - Other,Hintonburg
7703,HINCKS LANE @ RIVERSIDE DR,370166.2425,5030205.329,-75.66493,45.40873,2017-12-09,9:05:00 PM,03 - Snow,03 - Loose snow,01 - Traffic signal,03 - At intersection,07 - Dark,03 - P.D. only,03 - Rear end,Industrial Park
7704,HINCKS LANE @ RIVERSIDE DR,370166.2425,5030205.803,-75.66493,45.40874,2017-01-19,11:59:00 AM,01 - Clear,02 - Wet,01 - Traffic signal,02 - Intersection related,01 - Daylight,03 - P.D. only,03 - Rear end,Industrial Park
7705,HINCKS LANE @ RIVERSIDE DR,370166.808,5030206.034,-75.66492,45.40874,2017-01-03,5:32:00 PM,04 - Freezing Rain,06 - Ice,01 - Traffic signal,02 - Intersection related,05 - Dusk,03 - P.D. only,03 - Rear end,Industrial Park
7706,HINCKS LANE E @ RIVERSIDE DR,370269.28,5030199.156,-75.66361,45.40867,2017-06-16,6:01:00 PM,01 - Clear,01 - Dry,02 - Stop sign,02 - Intersection related,01 - Daylight,02 - Non-fatal injury,07 - SMV other,Industrial Park
7707,HINES RD @ INNOVATION DR,350051.3082,5022869.904,-75.92256,45.34432,2017-03-20,9:26:00 AM,01 - Clear,01 - Dry,02 - Stop sign,02 - Intersection related,01 - Daylight,03 - P.D. only,03 - Rear end,South March
7708,HINES RD @ SOLANDT RD,350332.4743,5022567.3,-75.919,45.34158,2017-06-08,11:12:00 AM,01 - Clear,09 - Spilled liquid,10 - No control,02 - Intersection related,01 - Daylight,03 - P.D. only,07 - SMV other,South March
7709,HINES RD @ SOLANDT RD,350332.9222,5022568.428,-75.91899,45.34159,2017-08-18,12:30:00 PM,01 - Clear,01 - Dry,10 - No control,02 - Intersection related,01 - Daylight,03 - P.D. only,07 - SMV other,South March
7710,HINES RD @ SOLANDT RD,350330.5005,5022568.515,-75.91902,45.34159,2017-10-07,10:51:00 AM,02 - Rain,02 - Wet,10 - No control,02 - Intersection related,01 - Daylight,03 - P.D. only,07 - SMV other,South March
7711,HINES RD @ SOLANDT RD,350332.4743,5022566.631,-75.919,45.34157,2017-03-24,8:32:00 PM,03 - Snow,05 - Packed snow,10 - No control,02 - Intersection related,07 - Dark,03 - P.D. only,99 - Other,South March
7712,HINES RD btwn INNOVATION DR & END,349865.9958,5023066.632,-75.92491,45.3461,2017-12-07,7:40:00 AM,03 - Snow,06 - Ice,10 - No control,01 - Non intersection,03 - Dawn,03 - P.D. only,07 - SMV other,South March
7713,HINES RD btwn INNOVATION DR & SOLANDT RD,350222.1169,5022687.3,-75.9204,45.34266,2017-08-21,9:12:00 AM,01 - Clear,01 - Dry,10 - No control,04 - At/near private drive,01 - Daylight,03 - P.D. only,02 - Angle,South March
7714,HINTON AVE   N btwn WELLINGTON ST W & TYNDALL ST,365049.3386,5029089.227,-75.73043,45.39915,2017-04-28,11:25:00 PM,01 - Clear,01 - Dry,10 - No control,01 - Non intersection,07 - Dark,03 - P.D. only,06 - SMV unattended vehicle,Islan
7715,HINTON AVE   S btwn SHERWOOD DR & KENILWORTH ST,365266.3424,5028592.76,-75.72772,45.39466,2017-11-29,12:00:00 AM,01 - Clear,01 - Dry,10 - No control,01 - Non intersection,00 - Unknown,03 - P.D. only,06 - SMV unattended vehicle,Civic Hospital - Experimental Farm - Central Park
7716,HINTON AVE @ WELLINGTON ST,365005.7806,5029193.287,-75.73097,45.40009,2017-01-16,5:22:00 PM,01 - Clear,01 - Dry,02 - Stop sign,03 - At intersection,05 - Dusk,03 - P.D. only,02 - Angle,Islan
7717,HOGAN ST @ MEADOWLANDS DR,366122.697,5024893.009,-75.71724,45.3613,2017-07-18,12:00:00 PM,01 - Clear,01 - Dry,02 - Stop sign,02 - Intersection related,01 - Daylight,03 - P.D. only,03 - Rear end,Cityview - Skyline - Fisher Heights
7718,HOG'S BACK RD btwn COLONEL BY DR & RIVERSIDE DR,367967.7016,5026154.645,-75.69353,45.37249,2017-07-22,6:36:00 PM,01 - Clear,01 - Dry,10 - No control,01 - Non intersection,01 - Daylight,03 - P.D. only,03 - Rear end,Riverside Park
7719,HOG'S BACK RD btwn COLONEL BY DR & RIVERSIDE DR,368096.4781,5026212.476,-75.69188,45.373,2017-07-30,11:39:00 AM,01 - Clear,01 - Dry,10 - No control,01 - Non intersection,01 - Daylight,02 - Non-fatal injury,03 - Rear end,Riverside Park
7720,HOG'S BACK RD btwn COLONEL BY DR & RIVERSIDE DR,367933.9285,5026121.348,-75.69397,45.37219,2017-11-01,6:22:00 PM,02 - Rain,02 - Wet,10 - No control,04 - At/near private drive,07 - Dark,03 - P.D. only,02 - Angle,Riverside Park
7721,HOG'S BACK RD btwn COLONEL BY DR & RIVERSIDE DR,367761.9687,5025978.476,-75.69618,45.37092,2017-01-13,3:45:00 PM,01 - Clear,06 - Ice,10 - No control,04 - At/near private drive,01 - Daylight,03 - P.D. only,02 - Angle,Riverside Park
7722,HOG'S BACK RD btwn COLONEL BY DR & RIVERSIDE DR,367719.8125,5025953.822,-75.69672,45.3707,2017-08-30,10:25:00 AM,01 - Clear,01 - Dry,10 - No control,01 - Non intersection,01 - Daylight,02 - Non-fatal injury,03 - Rear end,Riverside Park
7723,HOG'S BACK RD btwn COLONEL BY DR & RIVERSIDE DR,367838.372,5026039.527,-75.6952,45.37146,2017-06-29,3:54:00 PM,02 - Rain,02 - Wet,10 - No control,07 - Overpass or bridge,01 - Daylight,03 - P.D. only,03 - Rear end,Riverside Park
7724,HOG'S BACK RD btwn PRINCE OF WALES DR & COLONEL BY DR,367475.9323,5025779.765,-75.69986,45.36916,2017-05-15,6:43:00 PM,01 - Clear,01 - Dry,10 - No control,01 - Non intersection,01 - Daylight,03 - P.D. only,04 - Sideswipe,Carleton Heights - Rideauview
7725,HOLITZNER WAY @ LEIKIN DR,366721.6044,5017197.672,-75.71056,45.292,2017-08-09,8:00:00 PM,01 - Clear,01 - Dry,02 - Stop sign,02 - Intersection related,01 - Daylight,03 - P.D. only,03 - Rear end,Greenbelt
7726,HOLITZNER WAY btwn BARONESS DR & BARONESS DR,366809.9483,5017124.586,-75.70944,45.29134,2017-05-25,3:34:00 PM,01 - Clear,01 - Dry,10 - No control,04 - At/near private drive,01 - Daylight,03 - P.D. only,06 - SMV unattended vehicle,Greenbelt
7727,HOLLAND AVE @ ISLAND PARK DR/N.C.C. DRIVEWAY,365426.0321,5027916.866,-75.72576,45.38857,2017-12-11,1:21:00 PM,01 - Clear,01 - Dry,01 - Traffic signal,02 - Intersection related,01 - Daylight,03 - P.D. only,02 - Angle,Civic Hospital - Experimental Farm - Central Park
7728,HOLLAND AVE @ ISLAND PARK DR/N.C.C. DRIVEWAY,365427.949,5027917.16,-75.72574,45.38857,2017-02-11,5:05:00 PM,01 - Clear,04 - Slush,01 - Traffic signal,03 - At intersection,07 - Dark,03 - P.D. only,05 - Turning movement,Civic Hospital - Experimental Farm - Central Park
7729,HOLLAND AVE @ ISLAND PARK DR/N.C.C. DRIVEWAY,365425.3946,5027917.949,-75.72577,45.38858,2017-04-23,6:53:00 AM,01 - Clear,01 - Dry,01 - Traffic signal,03 - At intersection,01 - Daylight,03 - P.D. only,05 - Turning movement,Civic Hospital - Experimental Farm - Central Park
7730,HOLLAND AVE @ ISLAND PARK DR/N.C.C. DRIVEWAY,365426.0321,5027916.866,-75.72576,45.38857,2017-03-25,10:54:00 PM,01 - Clear,01 - Dry,01 - Traffic signal,03 - At intersection,07 - Dark,03 - P.D. only,02 - Angle,Civic Hospital - Experimental Farm - Central Park
7731,HOLLAND AVE @ ISLAND PARK DR/N.C.C. DRIVEWAY,365425.698,5027917.535,-75.72577,45.38857,2017-06-19,7:24:00 AM,01 - Clear,01 - Dry,01 - Traffic signal,03 - At intersection,01 - Daylight,02 - Non-fatal injury,03 - Rear end,Civic Hospital - Experimental Farm - Central Park
7732,HOLLAND AVE @ ISLAND PARK DR/N.C.C. DRIVEWAY,365426.171,5027917.298,-75.72576,45.38857,2017-12-28,12:32:00 PM,01 - Clear,01 - Dry,01 - Traffic signal,03 - At intersection,01 - Daylight,03 - P.D. only,02 - Angle,Civic Hospital - Experimental Farm - Central Park
7733,HOLLAND AVE @ KENILWORTH ST,365215.0318,5028497.889,-75.72839,45.39381,2017-06-12,11:11:00 AM,01 - Clear,01 - Dry,01 - Traffic signal,03 - At intersection,01 - Daylight,02 - Non-fatal injury,05 - Turning movement,Civic Hospital - Experimental Farm - Central Park
7734,HOLLAND AVE @ KENILWORTH ST,365213.7415,5028495.834,-75.7284,45.3938,2017-09-14,5:40:00 PM,01 - Clear,01 - Dry,01 - Traffic signal,02 - Intersection related,01 - Daylight,03 - P.D. only,02 - Angle,Civic Hospital - Experimental Farm - Central Park
7735,HOLLAND AVE @ KENILWORTH ST,365214.6073,5028496.458,-75.72839,45.3938,2017-12-09,9:03:00 PM,03 - Snow,06 - Ice,01 - Traffic signal,02 - Intersection related,07 - Dark,03 - P.D. only,99 - Other,Civic Hospital - Experimental Farm - Central Park
7736,HOLLAND AVE @ KENILWORTH ST,365215.2438,5028496.005,-75.72838,45.3938,2017-01-27,9:33:00 AM,01 - Clear,02 - Wet,01 - Traffic signal,02 - Intersection related,01 - Daylight,03 - P.D. only,03 - Rear end,Civic Hospital - Experimental Farm - Central Park
7737,HOLLAND AVE @ KENILWORTH ST,365214.6973,5028496.314,-75.72839,45.3938,2017-12-15,4:30:00 PM,03 - Snow,04 - Slush,01 - Traffic signal,02 - Intersection related,05 - Dusk,03 - P.D. only,03 - Rear end,Civic Hospital - Experimental Farm - Central Park
7738,HOLLAND AVE @ RUSKIN ST,365279.6543,5028350.522,-75.72758,45.39248,2017-07-20,9:58:00 AM,01 - Clear,01 - Dry,02 - Stop sign,03 - At intersection,01 - Daylight,03 - P.D. only,02 - Angle,Civic Hospital - Experimental Farm - Central Park
7739,HOLLAND AVE @ RUSKIN ST,365279.834,5028350.233,-75.72758,45.39248,2017-12-13,5:10:00 PM,01 - Clear,03 - Loose snow,02 - Stop sign,03 - At intersection,07 - Dark,03 - P.D. only,02 - Angle,Civic Hospital - Experimental Farm - Central Park
7740,HOLLAND AVE @ SPENCER ST,364833.0357,5029371.218,-75.73316,45.4017,2017-11-16,5:55:00 PM,02 - Rain,02 - Wet,01 - Traffic signal,03 - At intersection,07 - Dark,02 - Non-fatal injury,07 - SMV other,Island Park
7741,HOLLAND AVE @ SPENCER ST,364833.648,5029371.846,-75.73315,45.40171,2017-12-28,9:38:00 AM,01 - Clear,06 - Ice,01 - Traffic signal,03 - At intersection,01 - Daylight,02 - Non-fatal injury,03 - Rear end,Island Park
7742,HOLLAND AVE @ TYNDALL ST,365032.9729,5028916.599,-75.73066,45.3976,2017-07-24,2:54:00 PM,02 - Rain,02 - Wet,01 - Traffic signal,02 - Intersection related,01 - Daylight,03 - P.D. only,05 - Turning movement,Island Park
7743,HOLLAND AVE @ TYNDALL ST,365033.4137,5028920.131,-75.73065,45.39763,2017-01-08,11:57:00 AM,01 - Clear,06 - Ice,01 - Traffic signal,02 - Intersection related,01 - Daylight,03 - P.D. only,03 - Rear end,Islan
7744,HOLLAND AVE @ TYNDALL ST,365031.9587,5028917.844,-75.73067,45.39761,2017-04-06,3:11:00 PM,01 - Clear,01 - Dry,01 - Traffic signal,02 - Intersection related,01 - Daylight,03 - P.D. only,04 - Sideswipe,Island Park
7745,HOLLAND AVE @ TYNDALL ST,365031.2191,5028917.795,-75.73068,45.39761,2017-12-22,12:39:00 PM,03 - Snow,03 - Loose snow,01 - Traffic signal,03 - At intersection,01 - Daylight,03 - P.D. only,07 - SMV other,Island Park
7746,HOLLAND AVE @ WELLINGTON ST,364929.7014,5029152.272,-75.73195,45.39973,2017-08-17,12:18:00 PM,01 - Clear,01 - Dry,01 - Traffic signal,02 - Intersection related,01 - Daylight,03 - P.D. only,04 - Sideswipe,Island Park
7747,HOLLAND AVE @ WELLINGTON ST,364929.0604,5029152.913,-75.73196,45.39973,2017-08-17,1:42:00 PM,01 - Clear,01 - Dry,01 - Traffic signal,02 - Intersection related,01 - Daylight,03 - P.D. only,04 - Sideswipe,Island Park
7748,HOLLAND AVE @ WELLINGTON ST,364928.7547,5029152.371,-75.73196,45.39973,2017-10-26,8:31:00 PM,01 - Clear,01 - Dry,01 - Traffic signal,03 - At intersection,07 - Dark,02 - Non-fatal injury,05 - Turning movement,Island Park
7749,HOLLAND AVE @ WELLINGTON ST,364930.2479,5029151.915,-75.73194,45.39972,2017-10-06,1:24:00 PM,01 - Clear,01 - Dry,01 - Traffic signal,02 - Intersection related,01 - Daylight,03 - P.D. only,03 - Rear end,Island Park
7750,HOLLAND AVE @ WELLINGTON ST,364930.1748,5029153.791,-75.73194,45.39974,2017-10-23,2:54:00 PM,01 - Clear,01 - Dry,01 - Traffic signal,03 - At intersection,01 - Daylight,03 - P.D. only,04 - Sideswipe,Island Park
7751,HOLLAND AVE @ WELLINGTON ST,364930.7047,5029152.886,-75.73194,45.39973,2017-11-26,7:15:00 PM,03 - Snow,05 - Packed snow,01 - Traffic signal,02 - Intersection related,07 - Dark,03 - P.D. only,02 - Angle,Island Park
7752,HOLLAND AVE @ WELLINGTON ST,364930.1748,5029152.844,-75.73194,45.39973,2017-12-07,11:15:00 PM,01 - Clear,01 - Dry,01 - Traffic signal,03 - At intersection,07 - Dark,03 - P.D. only,04 - Sideswipe,Island Park
7753,HOLLAND AVE @ WELLINGTON ST,364931.3736,5029153.554,-75.73193,45.39974,2017-01-15,12:47:00 PM,01 - Clear,01 - Dry,01 - Traffic signal,02 - Intersection related,01 - Daylight,03 - P.D. only,05 - Turning movement,Islan
7754,HOLLAND AVE @ WELLINGTON ST,364929.367,5029154.892,-75.73195,45.39975,2017-03-06,9:31:00 AM,01 - Clear,01 - Dry,01 - Traffic signal,03 - At intersection,01 - Daylight,03 - P.D. only,05 - Turning movement,Island Park
7755,HOLLAND AVE @ WELLINGTON ST,364929.7014,5029152.844,-75.73195,45.39973,2017-12-23,11:51:00 AM,03 - Snow,04 - Slush,01 - Traffic signal,02 - Intersection related,01 - Daylight,03 - P.D. only,03 - Rear end,Island Park
7756,HOLLAND AVE btwn ARMSTRONG ST & WELLINGTON ST W,364903.3726,5029212.603,-75.73228,45.40027,2017-06-07,1:28:00 PM,01 - Clear,01 - Dry,10 - No control,04 - At/near private drive,01 - Daylight,03 - P.D. only,99 - Other,Island Park
7757,HOLLAND AVE btwn ARMSTRONG ST & WELLINGTON ST W,364906.5585,5029199.356,-75.73224,45.40015,2017-05-29,11:35:00 PM,01 - Clear,01 - Dry,10 - No control,01 - Non intersection,07 - Dark,03 - P.D. only,06 - SMV unattended vehicle,Island Park
7758,HOLLAND AVE btwn ARMSTRONG ST & WELLINGTON ST W,364915.3201,5029188.337,-75.73213,45.40005,2017-06-07,12:00:00 AM,01 - Clear,01 - Dry,10 - No control,01 - Non intersection,00 - Unknown,03 - P.D. only,06 - SMV unattended vehicle,Island Park
7759,HOLLAND AVE btwn ARMSTRONG ST & WELLINGTON ST W,364916.8226,5029184.615,-75.73211,45.40002,2017-01-10,5:22:00 PM,03 - Snow,03 - Loose snow,10 - No control,01 - Non intersection,05 - Dusk,03 - P.D. only,06 - SMV unattended vehicle,Island Park
7760,HOLLAND AVE btwn BYRON AVE & TYNDALL ST,365024.0047,5028936.285,-75.73077,45.39777,2017-05-20,11:30:00 AM,01 - Clear,01 - Dry,10 - No control,04 - At/near private drive,01 - Daylight,03 - P.D. only,05 - Turning movement,Island Park
7761,HOLLAND AVE btwn INGLEWOOD PL & CARLING AVE,365361.4291,5028164.406,-75.72656,45.3908,2017-06-20,5:09:00 PM,01 - Clear,01 - Dry,10 - No control,01 - Non intersection,01 - Daylight,03 - P.D. only,04 - Sideswipe,Civic Hospital - Experimental Farm - Central Park
7762,HOLLAND AVE btwn INGLEWOOD PL & CARLING AVE,365390.2773,5028100.085,-75.7262,45.39022,2017-07-06,6:14:00 PM,01 - Clear,01 - Dry,10 - No control,01 - Non intersection,01 - Daylight,03 - P.D. only,03 - Rear end,Civic Hospital - Experimental Farm - Central Park
7763,HOLLAND AVE btwn RUSKIN ST & INGLEWOOD PL,365296.6771,5028314.542,-75.72737,45.39216,2017-02-14,12:00:00 AM,03 - Snow,03 - Loose snow,10 - No control,01 - Non intersection,00 - Unknown,03 - P.D. only,06 - SMV unattended vehicle,Civic Hospital - Experimental Farm - Central Park
7764,HOLLAND AVE btwn SPENCER ST & ARMSTRONG ST,364847.7616,5029334.825,-75.73297,45.40138,2017-10-26,4:30:00 PM,01 - Clear,01 - Dry,10 - No control,01 - Non intersection,01 - Daylight,03 - P.D. only,04 - Sideswipe,Island Park
7765,HOLLAND AVE btwn SPENCER ST & ARMSTRONG ST,364839.0557,5029356.502,-75.73308,45.40157,2017-03-15,7:55:00 AM,03 - Snow,03 - Loose snow,10 - No control,01 - Non intersection,01 - Daylight,03 - P.D. only,04 - Sideswipe,Island Park
7766,HOLLAND AVE btwn WELLINGTON ST W & BYRON AVE,364992.2923,5029005.378,-75.73117,45.3984,2017-11-22,11:20:00 AM,01 - Clear,02 - Wet,10 - No control,01 - Non intersection,01 - Daylight,03 - P.D. only,03 - Rear end,Island Park
7767,HOLLAND AVE/TUNNEY'S PASTURE @ SCOTT ST,364737.6491,5029595.935,-75.73435,45.40373,2017-04-24,4:33:00 PM,01 - Clear,01 - Dry,01 - Traffic signal,03 - At intersection,01 - Daylight,02 - Non-fatal injury,05 - Turning movement,Island Park
7768,HOLLAND AVE/TUNNEY'S PASTURE @ SCOTT ST,364738.7679,5029597.054,-75.73433,45.40374,2017-05-17,8:40:00 AM,01 - Clear,01 - Dry,01 - Traffic signal,02 - Intersection related,01 - Daylight,03 - P.D. only,04 - Sideswipe,Island Park
7769,HOLLAND AVE/TUNNEY'S PASTURE @ SCOTT ST,364738.4756,5029595.853,-75.73434,45.40373,2017-12-11,8:45:00 AM,01 - Clear,01 - Dry,01 - Traffic signal,03 - At intersection,01 - Daylight,03 - P.D. only,05 - Turning movement,Island Park
7770,HOLLAND AVE/TUNNEY'S PASTURE @ SCOTT ST,364737.6705,5029595.562,-75.73435,45.40373,2017-01-31,4:27:00 PM,01 - Clear,01 - Dry,01 - Traffic signal,02 - Intersection related,01 - Daylight,03 - P.D. only,03 - Rear end,Island Park
7771,HOLLAND AVE/TUNNEY'S PASTURE @ SCOTT ST,364737.9184,5029596.157,-75.73435,45.40374,2017-02-10,9:48:00 AM,01 - Clear,06 - Ice,01 - Traffic signal,02 - Intersection related,01 - Daylight,03 - P.D. only,03 - Rear end,Island Park
7772,HOLLAND AVE/TUNNEY'S PASTURE @ SCOTT ST,364737.9929,5029593.444,-75.73435,45.40371,2017-01-31,9:01:00 AM,01 - Clear,06 - Ice,01 - Traffic signal,02 - Intersection related,01 - Daylight,03 - P.D. only,07 - SMV other,Island Park
7773,HOLLAND AVE/TUNNEY'S PASTURE @ SCOTT ST,364736.6937,5029594.888,-75.73436,45.40373,2017-03-15,6:20:00 AM,03 - Snow,05 - Packed snow,01 - Traffic signal,03 - At intersection,01 - Daylight,03 - P.D. only,05 - Turning movement,Island Park
7774,HOLLINGTON ST @ SHILLINGTON AVE,365207.2249,5027033.823,-75.72867,45.38064,2017-12-25,10:15:00 PM,01 - Clear,03 - Loose snow,02 - Stop sign,02 - Intersection related,07 - Dark,03 - P.D. only,99 - Other,Carlington
7775,HOLLY ACRES RD @ CARLING AVE,358235.7492,5023495.879,-75.81806,45.34937,2017-09-19,6:03:00 PM,01 - Clear,01 - Dry,01 - Traffic signal,03 - At intersection,01 - Daylight,03 - P.D. only,05 - Turning movement,Crystal Bay - Lakeview Park - Britannia Village
7776,HOLLY ACRES RD @ CARLING AVE,358234.2094,5023496.848,-75.81808,45.34938,2017-09-12,3:14:00 PM,01 - Clear,01 - Dry,01 - Traffic signal,02 - Intersection related,01 - Daylight,03 - P.D. only,03 - Rear end,Crystal Bay - Lakeview Park - Britannia Village
7777,HOLLY ACRES RD @ HILLVIEW RD/STONEHEDGE PK,358289.6057,5023363.302,-75.81739,45.34818,2017-01-18,5:17:00 PM,01 - Clear,02 - Wet,02 - Stop sign,03 - At intersection,05 - Dusk,02 - Non-fatal injury,05 - Turning movement,Crystal Bay - Lakeview Park - Britannia Village
7778,HOLLY ACRES RD @ TRANSITWAY - BAYSHORE/278 N O,358495.4664,5022987.04,-75.8148,45.34477,2017-02-09,1:17:00 PM,01 - Clear,01 - Dry,01 - Traffic signal,02 - Intersection related,01 - Daylight,03 - P.D. only,07 - SMV other,Crystal Bay - Lakeview Park - Britannia Village
7779,HOLLY ACRES RD btwn HWY416 IC75C RAMP24 & RICHMOND RD,358961.1966,5022792.64,-75.80888,45.34299,2017-11-25,2:26:00 PM,01 - Clear,02 - Wet,10 - No control,01 - Non intersection,01 - Daylight,03 - P.D. only,03 - Rear end,Greenbelt
7780,HOLMWOOD AVE @ MONK ST,368425.3758,5029162.887,-75.6873,45.39951,2017-06-18,11:10:00 AM,01 - Clear,01 - Dry,02 - Stop sign,03 - At intersection,01 - Daylight,03 - P.D. only,02 - Angle,The Glebe
7781,HOLMWOOD AVE btwn BANK ST & ADELAIDE ST,368684.1044,5029317.764,-75.68398,45.40088,2017-11-03,2:49:00 PM,01 - Clear,01 - Dry,10 - No control,01 - Non intersection,01 - Daylight,03 - P.D. only,06 - SMV unattended vehicle,The Glebe
7782,HOLMWOOD AVE btwn RALPH ST & MONK ST,368328.9695,5029107.916,-75.68854,45.39903,2017-10-26,12:00:00 AM,01 - Clear,01 - Dry,10 - No control,01 - Non intersection,00 - Unknown,03 - P.D. only,06 - SMV unattended vehicle,The Glebe
7783,HOLMWOOD AVE btwn TORRINGTON PL & CRAIG ST,367979.2617,5028898.555,-75.69303,45.39717,2017-03-14,11:30:00 AM,01 - Clear,01 - Dry,10 - No control,04 - At/near private drive,01 - Daylight,03 - P.D. only,06 - SMV unattended vehicle,The Glebe
7784,HOPE SIDE RD @ FREEPORT DR,355435.6625,5014674.153,-75.85469,45.2702,2017-12-18,1:32:00 PM,03 - Snow,05 - Packed snow,02 - Stop sign,02 - Intersection related,01 - Daylight,03 - P.D. only,02 - Angle,Bridlewood - Emerald Meadows
7785,HOPE SIDE RD @ RICHMOND RD,356954.4411,5015486.337,-75.83525,45.2774,2017-07-22,3:29:00 PM,01 - Clear,01 - Dry,02 - Stop sign,02 - Intersection related,01 - Daylight,03 - P.D. only,03 - Rear end,Greenbelt
7786,HOPE SIDE RD @ RICHMOND RD,356952.6366,5015483.84,-75.83528,45.27738,2017-07-30,4:00:00 PM,01 - Clear,01 - Dry,02 - Stop sign,03 - At intersection,01 - Daylight,03 - P.D. only,02 - Angle,Bridlewood - Emerald Meadows
7787,HOPE SIDE RD @ RICHMOND RD,356952.6366,5015486.152,-75.83528,45.2774,2017-09-08,3:00:00 AM,01 - Clear,01 - Dry,02 - Stop sign,03 - At intersection,07 - Dark,03 - P.D. only,07 - SMV other,Bridlewood - Emerald Meadows
7788,HOPE SIDE RD @ RICHMOND RD,356954.3088,5015484.766,-75.83525,45.27738,2017-12-05,6:09:00 PM,02 - Rain,02 - Wet,02 - Stop sign,03 - At intersection,07 - Dark,03 - P.D. only,02 - Angle,Bridlewood - Emerald Meadows
7789,HOPE SIDE RD @ RICHMOND RD,356952.1587,5015485.674,-75.83528,45.27739,2017-11-02,3:00:00 PM,01 - Clear,01 - Dry,02 - Stop sign,03 - At intersection,01 - Daylight,03 - P.D. only,02 - Angle,Bridlewood - Emerald Meadows
7790,HOPE SIDE RD @ RICHMOND RD,356951.8861,5015487.311,-75.83529,45.27741,2017-01-30,4:04:00 AM,01 - Clear,01 - Dry,02 - Stop sign,02 - Intersection related,07 - Dark,03 - P.D. only,07 - SMV other,Bridlewood - Emerald Meadows
7791,HOPE SIDE RD @ RICHMOND RD,356953.6399,5015486.104,-75.83526,45.2774,2017-03-21,8:52:00 AM,01 - Clear,01 - Dry,02 - Stop sign,02 - Intersection related,01 - Daylight,03 - P.D. only,03 - Rear end,Greenbelt
7792,HOPE SIDE RD @ RICHMOND RD,356954.1651,5015484.416,-75.83526,45.27738,2017-03-01,5:25:00 PM,02 - Rain,02 - Wet,02 - Stop sign,03 - At intersection,05 - Dusk,03 - P.D. only,02 - Angle,Bridlewood - Emerald Meadows