Record,Location,X,Y,Longitude,Latitude,Date,Time,Environment,Road_Surface,Traffic_Control,Collision_Location,Light,Collision_Classification,Impact_type,Neighborhood
7793,HOPE SIDE RD btwn Continuation of HOPE SIDE RD & CROWNRIDGE DR,356020.8276,5014949.947,-75.84721,45.27264,2017-03-18,6:07:00 AM,01 - Clear,01 - Dry,10 - No control,01 - Non intersection,03 - Dawn,02 - Non-fatal injury,07 - SMV other,Greenbelt
7794,HOPE SIDE RD btwn CROWNRIDGE DR & RICHMOND RD,356322.839,5015124.422,-75.84334,45.27419,2017-01-04,7:12:00 AM,02 - Rain,04 - Slush,10 - No control,01 - Non intersection,03 - Dawn,03 - P.D. only,05 - Turning movement,Greenbelt
7795,HOPE SIDE RD btwn FREEPORT DR & HOPE SIDE RD,355481.0265,5014684.828,-75.85411,45.27029,2017-04-29,12:54:00 PM,01 - Clear,01 - Dry,10 - No control,01 - Non intersection,01 - Daylight,02 - Non-fatal injury,04 - Sideswipe,Bridlewood - Emerald Meadows
7796,HOPEWELL AVE @ SENECA ST,368265.26,5028203.884,-75.68947,45.3909,2017-05-31,10:42:00 PM,01 - Clear,01 - Dry,02 - Stop sign,03 - At intersection,07 - Dark,03 - P.D. only,02 - Angle,Old Ottawa South
7797,HOPEWELL AVE @ SENECA ST,368265.5945,5028204.553,-75.68947,45.3909,2017-11-18,2:01:00 PM,02 - Rain,02 - Wet,02 - Stop sign,03 - At intersection,01 - Daylight,03 - P.D. only,02 - Angle,Old Ottawa South
7798,HOPEWELL AVE btwn GROSVENOR AVE & BANK ST,368759.7142,5028498.581,-75.68312,45.39351,2017-01-23,7:00:00 AM,01 - Clear,01 - Dry,10 - No control,01 - Non intersection,07 - Dark,03 - P.D. only,06 - SMV unattended vehicle,Old Ottawa South
7799,HOWDEN AVE btwn SULLIVAN AVE & THATCHER ST,363408.0917,5023033.421,-75.75211,45.3448,2017-05-25,12:00:00 AM,01 - Clear,01 - Dry,10 - No control,01 - Non intersection,00 - Unknown,03 - P.D. only,06 - SMV unattended vehicle,Crestview - Meadowlands
7800,HOWIE RD btwn MARCH RD & JIULIA LAKE PRIV,337636.9912,5016525.555,-76.08139,45.28792,2017-07-05,7:03:00 PM,01 - Clear,01 - Dry,10 - No control,01 - Non intersection,01 - Daylight,03 - P.D. only,07 - SMV other,Carp - Hardwood Plains
7801,HUNT CLUB RD @ BRIDLE PATH DR/DAZE ST,371292.7322,5023864.504,-75.65139,45.35157,2017-05-03,3:39:00 PM,01 - Clear,01 - Dry,01 - Traffic signal,02 - Intersection related,01 - Daylight,03 - P.D. only,03 - Rear end,South Keys - Heron Gate - Greenboro West
7802,HUNT CLUB RD @ BRIDLE PATH DR/DAZE ST,371291.3945,5023865.173,-75.65141,45.35158,2017-04-28,4:06:00 PM,01 - Clear,01 - Dry,01 - Traffic signal,02 - Intersection related,01 - Daylight,02 - Non-fatal injury,03 - Rear end,South Keys - Heron Gate - Greenboro West
7803,HUNT CLUB RD @ BRIDLE PATH DR/DAZE ST,371291.3945,5023864.504,-75.65141,45.35157,2017-07-03,9:09:00 AM,01 - Clear,01 - Dry,01 - Traffic signal,03 - At intersection,01 - Daylight,02 - Non-fatal injury,02 - Angle,South Keys - Heron Gate - Greenboro West
7804,HUNT CLUB RD @ BRIDLE PATH DR/DAZE ST,371291.7289,5023865.174,-75.65141,45.35158,2017-08-14,9:30:00 AM,01 - Clear,01 - Dry,01 - Traffic signal,03 - At intersection,01 - Daylight,02 - Non-fatal injury,02 - Angle,South Keys - Heron Gate - Greenboro West
7805,HUNT CLUB RD @ BRIDLE PATH DR/DAZE ST,371292.8218,5023863.957,-75.65139,45.35157,2017-09-23,5:40:00 PM,01 - Clear,01 - Dry,01 - Traffic signal,02 - Intersection related,01 - Daylight,03 - P.D. only,05 - Turning movement,South Keys - Heron Gate - Greenboro West
7806,HUNT CLUB RD @ BRIDLE PATH DR/DAZE ST,371291.389,5023864.512,-75.65141,45.35157,2017-10-28,10:30:00 AM,01 - Clear,01 - Dry,01 - Traffic signal,02 - Intersection related,01 - Daylight,03 - P.D. only,04 - Sideswipe,South Keys - Heron Gate - Greenboro West
7807,HUNT CLUB RD @ BRIDLE PATH DR/DAZE ST,371291.9154,5023866.823,-75.6514,45.35159,2017-10-23,1:21:00 PM,01 - Clear,01 - Dry,01 - Traffic signal,02 - Intersection related,01 - Daylight,03 - P.D. only,03 - Rear end,South Keys - Heron Gate - Greenboro West
7808,HUNT CLUB RD @ BRIDLE PATH DR/DAZE ST,371291.0193,5023866.07,-75.65142,45.35159,2017-09-14,8:25:00 AM,01 - Clear,01 - Dry,01 - Traffic signal,02 - Intersection related,01 - Daylight,03 - P.D. only,03 - Rear end,South Keys - Heron Gate - Greenboro West
7809,HUNT CLUB RD @ BRIDLE PATH DR/DAZE ST,371291.7289,5023864.504,-75.65141,45.35157,2017-01-23,9:31:00 PM,01 - Clear,01 - Dry,01 - Traffic signal,02 - Intersection related,07 - Dark,03 - P.D. only,03 - Rear end,South Keys - Heron Gate - Greenboro West
7810,HUNT CLUB RD @ BRIDLE PATH DR/DAZE ST,371291.7289,5023864.232,-75.65141,45.35157,2017-01-19,11:05:00 AM,01 - Clear,02 - Wet,01 - Traffic signal,03 - At intersection,01 - Daylight,02 - Non-fatal injury,07 - SMV other,South Keys - Heron Gate - Greenboro West
7811,HUNT CLUB RD @ BRIDLE PATH DR/DAZE ST,371292.351,5023864.391,-75.6514,45.35157,2017-02-09,1:11:00 PM,01 - Clear,01 - Dry,01 - Traffic signal,02 - Intersection related,01 - Daylight,02 - Non-fatal injury,03 - Rear end,South Keys - Heron Gate - Greenboro West
7812,HUNT CLUB RD @ BRIDLE PATH DR/DAZE ST,371291.9872,5023864.755,-75.6514,45.35158,2017-01-27,9:37:00 PM,01 - Clear,06 - Ice,01 - Traffic signal,02 - Intersection related,07 - Dark,02 - Non-fatal injury,03 - Rear end,South Keys - Heron Gate - Greenboro West
7813,HUNT CLUB RD @ BRIDLE PATH DR/DAZE ST,371290.7256,5023865.173,-75.65142,45.35158,2017-04-20,9:03:00 PM,01 - Clear,01 - Dry,01 - Traffic signal,02 - Intersection related,07 - Dark,02 - Non-fatal injury,05 - Turning movement,South Keys - Heron Gate - Greenboro West
7814,HUNT CLUB RD @ BRIDLE PATH DR/DAZE ST,371292.2068,5023865.221,-75.6514,45.35158,2017-12-17,1:42:00 PM,01 - Clear,04 - Slush,01 - Traffic signal,03 - At intersection,01 - Daylight,02 - Non-fatal injury,03 - Rear end,South Keys - Heron Gate - Greenboro West
7815,HUNT CLUB RD @ BRIDLE PATH DR/DAZE ST,371292.2068,5023863.309,-75.6514,45.35156,2017-12-20,10:30:00 AM,01 - Clear,01 - Dry,01 - Traffic signal,02 - Intersection related,01 - Daylight,03 - P.D. only,05 - Turning movement,South Keys - Heron Gate - Greenboro West
7816,HUNT CLUB RD @ CANADAIR PRIV,368661.7141,5022310.825,-75.68517,45.33784,2017-08-12,5:37:00 PM,02 - Rain,02 - Wet,01 - Traffic signal,02 - Intersection related,01 - Daylight,03 - P.D. only,07 - SMV other,Hunt Club - Ottawa Airport
7817,HUNT CLUB RD @ CANADAIR PRIV,368663.3238,5022305.17,-75.68515,45.33779,2017-01-04,3:24:00 PM,03 - Snow,04 - Slush,01 - Traffic signal,02 - Intersection related,01 - Daylight,03 - P.D. only,02 - Angle,Hunt Club - Ottawa Airport
7818,HUNT CLUB RD @ DOWNPATRICK RD/MCCARTHY RD,370507.4,5023400.509,-75.66148,45.34747,2017-05-24,10:20:00 PM,01 - Clear,01 - Dry,01 - Traffic signal,02 - Intersection related,07 - Dark,03 - P.D. only,99 - Other,Hunt Club East - Western Community
7819,HUNT CLUB RD @ DOWNPATRICK RD/MCCARTHY RD,370508.0689,5023399.84,-75.66147,45.34747,2017-06-19,3:26:00 PM,01 - Clear,01 - Dry,01 - Traffic signal,02 - Intersection related,01 - Daylight,03 - P.D. only,03 - Rear end,Hunt Club East - Western Community
7820,HUNT CLUB RD @ DOWNPATRICK RD/MCCARTHY RD,370507.4,5023400.509,-75.66148,45.34747,2017-06-29,2:59:00 PM,02 - Rain,02 - Wet,01 - Traffic signal,03 - At intersection,01 - Daylight,03 - P.D. only,02 - Angle,Hunt Club East - Western Community
7821,HUNT CLUB RD @ DOWNPATRICK RD/MCCARTHY RD,370508.7377,5023399.84,-75.66146,45.34747,2017-06-30,12:22:00 PM,02 - Rain,02 - Wet,01 - Traffic signal,03 - At intersection,01 - Daylight,03 - P.D. only,02 - Angle,Hunt Club East - Western Community
7822,HUNT CLUB RD @ DOWNPATRICK RD/MCCARTHY RD,370507.2086,5023401.091,-75.66148,45.34748,2017-08-23,8:43:00 PM,01 - Clear,01 - Dry,01 - Traffic signal,03 - At intersection,07 - Dark,03 - P.D. only,03 - Rear end,Hunt Club East - Western Community
7823,HUNT CLUB RD @ DOWNPATRICK RD/MCCARTHY RD,370508.5703,5023400.021,-75.66146,45.34747,2017-08-24,12:06:00 AM,01 - Clear,01 - Dry,01 - Traffic signal,03 - At intersection,07 - Dark,02 - Non-fatal injury,05 - Turning movement,Hunt Club East - Western Community
7824,HUNT CLUB RD @ DOWNPATRICK RD/MCCARTHY RD,370506.0622,5023401.178,-75.66149,45.34748,2017-12-01,7:15:00 AM,02 - Rain,02 - Wet,01 - Traffic signal,02 - Intersection related,03 - Dawn,02 - Non-fatal injury,03 - Rear end,Hunt Club East - Western Community
7825,HUNT CLUB RD @ DOWNPATRICK RD/MCCARTHY RD,370507.4,5023402.516,-75.66148,45.34749,2017-12-14,7:00:00 AM,01 - Clear,02 - Wet,01 - Traffic signal,03 - At intersection,03 - Dawn,02 - Non-fatal injury,07 - SMV other,Hunt Club East - Western Community
7826,HUNT CLUB RD @ DOWNPATRICK RD/MCCARTHY RD,370508.6812,5023400.272,-75.66146,45.34747,2017-04-15,6:01:00 PM,02 - Rain,02 - Wet,01 - Traffic signal,02 - Intersection related,05 - Dusk,03 - P.D. only,03 - Rear end,Hunt Club East - Western Community
7827,HUNT CLUB RD @ DOWNPATRICK RD/MCCARTHY RD,370509.4066,5023399.84,-75.66145,45.34747,2017-02-26,10:08:00 AM,01 - Clear,01 - Dry,01 - Traffic signal,02 - Intersection related,01 - Daylight,03 - P.D. only,03 - Rear end,Hunt Club East - Western Community
7828,HUNT CLUB RD @ DOWNPATRICK RD/MCCARTHY RD,370508.0689,5023401.178,-75.66147,45.34748,2017-03-23,5:32:00 PM,01 - Clear,01 - Dry,01 - Traffic signal,02 - Intersection related,01 - Daylight,03 - P.D. only,03 - Rear end,Hunt Club East - Western Community
7829,HUNT CLUB RD @ LINDBERGH PRIV,368362.4482,5022133.711,-75.68901,45.33627,2017-05-14,3:00:00 PM,01 - Clear,01 - Dry,02 - Stop sign,02 - Intersection related,01 - Daylight,03 - P.D. only,03 - Rear end,Hunt Club - Ottawa Airport
7830,HUNT CLUB RD @ LINDBERGH PRIV,368361.3983,5022133.561,-75.68902,45.33627,2017-02-10,2:38:00 PM,01 - Clear,01 - Dry,02 - Stop sign,02 - Intersection related,01 - Daylight,03 - P.D. only,02 - Angle,Hunt Club - Ottawa Airport
7831,HUNT CLUB RD @ LORRY GREENBERG DR/SABLE RIDGE,372823.4043,5024807.505,-75.63173,45.35991,2017-06-14,5:21:00 PM,01 - Clear,01 - Dry,01 - Traffic signal,02 - Intersection related,01 - Daylight,03 - P.D. only,03 - Rear end,Greenboro East
7832,HUNT CLUB RD @ LORRY GREENBERG DR/SABLE RIDGE,372824.0732,5024807.505,-75.63172,45.35991,2017-06-14,4:45:00 PM,01 - Clear,01 - Dry,01 - Traffic signal,02 - Intersection related,01 - Daylight,03 - P.D. only,03 - Rear end,Greenboro East
7833,HUNT CLUB RD @ LORRY GREENBERG DR/SABLE RIDGE,372824.0732,5024806.836,-75.63172,45.35991,2017-06-30,7:54:00 AM,01 - Clear,02 - Wet,01 - Traffic signal,02 - Intersection related,01 - Daylight,03 - P.D. only,03 - Rear end,Greenboro East
7834,HUNT CLUB RD @ LORRY GREENBERG DR/SABLE RIDGE,372823.6328,5024807.892,-75.63173,45.35991,2017-07-15,2:20:00 PM,01 - Clear,01 - Dry,01 - Traffic signal,03 - At intersection,01 - Daylight,03 - P.D. only,05 - Turning movement,Greenboro East
7835,HUNT CLUB RD @ LORRY GREENBERG DR/SABLE RIDGE,372824.2121,5024806.795,-75.63172,45.35991,2017-09-07,6:13:00 PM,02 - Rain,02 - Wet,01 - Traffic signal,03 - At intersection,01 - Daylight,02 - Non-fatal injury,05 - Turning movement,Greenboro East
7836,HUNT CLUB RD @ LORRY GREENBERG DR/SABLE RIDGE,372824.2166,5024807.266,-75.63172,45.35991,2017-09-20,8:37:00 AM,01 - Clear,01 - Dry,01 - Traffic signal,03 - At intersection,01 - Daylight,03 - P.D. only,05 - Turning movement,Greenboro East
7837,HUNT CLUB RD @ LORRY GREENBERG DR/SABLE RIDGE,372823.8543,5024807.72,-75.63173,45.35991,2017-12-13,2:58:00 PM,03 - Snow,04 - Slush,01 - Traffic signal,03 - At intersection,01 - Daylight,02 - Non-fatal injury,05 - Turning movement,Greenboro East
7838,HUNT CLUB RD @ LORRY GREENBERG DR/SABLE RIDGE,372823.8961,5024807.058,-75.63173,45.35991,2017-01-13,3:39:00 PM,01 - Clear,01 - Dry,01 - Traffic signal,03 - At intersection,01 - Daylight,03 - P.D. only,05 - Turning movement,Greenboro East
7839,HUNT CLUB RD @ LORRY GREENBERG DR/SABLE RIDGE,372822.9882,5024805.629,-75.63174,45.35989,2017-02-08,9:03:00 AM,03 - Snow,04 - Slush,01 - Traffic signal,03 - At intersection,01 - Daylight,03 - P.D. only,05 - Turning movement,Greenboro East
7840,HUNT CLUB RD @ LORRY GREENBERG DR/SABLE RIDGE,372823.3833,5024808.316,-75.63173,45.35992,2017-02-08,7:35:00 AM,04 - Freezing Rain,04 - Slush,01 - Traffic signal,03 - At intersection,01 - Daylight,03 - P.D. only,07 - SMV other,Greenboro East
7841,HUNT CLUB RD @ MALAK ST,374194.7383,5025652.179,-75.61411,45.36738,2017-05-15,1:14:00 PM,01 - Clear,01 - Dry,02 - Stop sign,02 - Intersection related,01 - Daylight,02 - Non-fatal injury,03 - Rear end,Hunt Club
7842,HUNT CLUB RD @ MALAK ST,374193.735,5025651.64,-75.61412,45.36737,2017-02-10,8:26:00 PM,03 - Snow,03 - Loose snow,02 - Stop sign,02 - Intersection related,07 - Dark,03 - P.D. only,07 - SMV other,Hunt Club
7843,HUNT CLUB RD @ PAUL ANKA DR,369778.0597,5022899.497,-75.67085,45.34303,2017-04-27,4:39:00 PM,01 - Clear,01 - Dry,01 - Traffic signal,02 - Intersection related,01 - Daylight,03 - P.D. only,03 - Rear end,Hunt Club - Ottawa Airport
7844,HUNT CLUB RD @ PAUL ANKA DR,369777.4647,5022897.017,-75.67086,45.34301,2017-07-31,8:45:00 AM,01 - Clear,01 - Dry,01 - Traffic signal,03 - At intersection,01 - Daylight,02 - Non-fatal injury,02 - Angle,Hunt Club - Ottawa Airport
7845,HUNT CLUB RD @ PAUL ANKA DR,369777.2518,5022897.727,-75.67086,45.34302,2017-08-17,1:47:00 PM,01 - Clear,01 - Dry,01 - Traffic signal,03 - At intersection,01 - Daylight,03 - P.D. only,05 - Turning movement,Hunt Club - Ottawa Airport
7846,HUNT CLUB RD @ PAUL ANKA DR,369776.8622,5022898.569,-75.67087,45.34302,2017-10-02,9:54:00 AM,01 - Clear,01 - Dry,01 - Traffic signal,03 - At intersection,01 - Daylight,02 - Non-fatal injury,05 - Turning movement,Hunt Club - Ottawa Airport
7847,HUNT CLUB RD @ PAUL ANKA DR,369777.3908,5022896.822,-75.67086,45.34301,2017-11-20,9:49:00 PM,01 - Clear,01 - Dry,01 - Traffic signal,03 - At intersection,07 - Dark,02 - Non-fatal injury,05 - Turning movement,Hunt Club - Ottawa Airport
7848,HUNT CLUB RD @ PAUL ANKA DR,369777.3908,5022896.822,-75.67086,45.34301,2017-11-16,6:00:00 AM,01 - Clear,02 - Wet,01 - Traffic signal,03 - At intersection,07 - Dark,03 - P.D. only,05 - Turning movement,Hunt Club - Ottawa Airport
7849,HUNT CLUB RD @ PAUL ANKA DR,369777.3908,5022897.49,-75.67086,45.34301,2017-03-01,2:30:00 PM,02 - Rain,02 - Wet,01 - Traffic signal,02 - Intersection related,01 - Daylight,03 - P.D. only,03 - Rear end,Hunt Club - Ottawa Airport
7850,HUNT CLUB RD @ PIKE ST/MAPLE PARK PRIV,373295.7352,5025087.843,-75.62566,45.36239,2017-05-23,5:35:00 PM,01 - Clear,01 - Dry,01 - Traffic signal,02 - Intersection related,01 - Daylight,03 - P.D. only,03 - Rear end,Greenboro East
7851,HUNT CLUB RD @ PIKE ST/MAPLE PARK PRIV,373295.7918,5025087.329,-75.62566,45.36238,2017-10-20,4:24:00 PM,01 - Clear,01 - Dry,01 - Traffic signal,02 - Intersection related,01 - Daylight,02 - Non-fatal injury,05 - Turning movement,Greenboro East
7852,HUNT CLUB RD @ RIVERSIDE DR,368037.0375,5021946.167,-75.69319,45.33461,2017-05-23,5:35:00 PM,01 - Clear,01 - Dry,01 - Traffic signal,02 - Intersection related,01 - Daylight,03 - P.D. only,03 - Rear end,Hunt Club Woods - Quintarra - Revelstoke - Riverside South P
7853,HUNT CLUB RD @ RIVERSIDE DR,368036.3686,5021946.167,-75.69319,45.33461,2017-06-23,3:01:00 PM,01 - Clear,01 - Dry,01 - Traffic signal,02 - Intersection related,01 - Daylight,03 - P.D. only,03 - Rear end,Hunt Club Woods - Quintarra - Revelstoke - Riverside South P
7854,HUNT CLUB RD @ RIVERSIDE DR,368037.0375,5021945.499,-75.69319,45.33461,2017-06-13,6:37:00 PM,01 - Clear,01 - Dry,01 - Traffic signal,03 - At intersection,01 - Daylight,03 - P.D. only,03 - Rear end,Hunt Club Woods - Quintarra - Revelstoke - Riverside South P
7855,HUNT CLUB RD @ RIVERSIDE DR,368037.7063,5021944.161,-75.69318,45.3346,2017-05-26,6:15:00 PM,01 - Clear,01 - Dry,01 - Traffic signal,02 - Intersection related,01 - Daylight,03 - P.D. only,03 - Rear end,Hunt Club Woods - Quintarra - Revelstoke - Riverside South P
7856,HUNT CLUB RD @ RIVERSIDE DR,368037.0375,5021946.836,-75.69319,45.33462,2017-05-19,7:07:00 PM,01 - Clear,01 - Dry,01 - Traffic signal,02 - Intersection related,01 - Daylight,02 - Non-fatal injury,03 - Rear end,Hunt Club Woods - Quintarra - Revelstoke - Riverside South P
7857,HUNT CLUB RD @ RIVERSIDE DR,368037.0375,5021946.167,-75.69319,45.33461,2017-05-24,10:19:00 PM,01 - Clear,01 - Dry,01 - Traffic signal,03 - At intersection,07 - Dark,03 - P.D. only,05 - Turning movement,Hunt Club Woods - Quintarra - Revelstoke - Riverside South P
7858,HUNT CLUB RD @ RIVERSIDE DR,368036.3686,5021945.499,-75.69319,45.33461,2017-05-28,1:25:00 PM,01 - Clear,01 - Dry,01 - Traffic signal,02 - Intersection related,01 - Daylight,03 - P.D. only,02 - Angle,Hunt Club Woods - Quintarra - Revelstoke - Riverside South P
7859,HUNT CLUB RD @ RIVERSIDE DR,368036.3686,5021946.167,-75.69319,45.33461,2017-05-28,3:32:00 PM,01 - Clear,01 - Dry,01 - Traffic signal,02 - Intersection related,01 - Daylight,03 - P.D. only,03 - Rear end,Hunt Club Woods - Quintarra - Revelstoke - Riverside South P
7860,HUNT CLUB RD @ RIVERSIDE DR,368035.6997,5021946.167,-75.6932,45.33461,2017-06-15,7:40:00 AM,01 - Clear,01 - Dry,01 - Traffic signal,03 - At intersection,01 - Daylight,02 - Non-fatal injury,03 - Rear end,Hunt Club Woods - Quintarra - Revelstoke - Riverside South P
7861,HUNT CLUB RD @ RIVERSIDE DR,368038.3752,5021946.167,-75.69317,45.33461,2017-06-21,5:05:00 PM,01 - Clear,01 - Dry,01 - Traffic signal,02 - Intersection related,01 - Daylight,03 - P.D. only,03 - Rear end,Hunt Club Woods - Quintarra - Revelstoke - Riverside South P
7862,HUNT CLUB RD @ RIVERSIDE DR,368036.3686,5021946.836,-75.69319,45.33462,2017-04-28,2:18:00 PM,01 - Clear,01 - Dry,01 - Traffic signal,02 - Intersection related,01 - Daylight,03 - P.D. only,03 - Rear end,Hunt Club Woods - Quintarra - Revelstoke - Riverside South P
7863,HUNT CLUB RD @ RIVERSIDE DR,368036.481,5021944.389,-75.69319,45.3346,2017-08-25,10:33:00 AM,01 - Clear,01 - Dry,01 - Traffic signal,02 - Intersection related,01 - Daylight,03 - P.D. only,04 - Sideswipe,Hunt Club Woods - Quintarra - Revelstoke - Riverside South P
7864,HUNT CLUB RD @ RIVERSIDE DR,368037.9851,5021943.575,-75.69317,45.33459,2017-08-13,12:18:00 PM,01 - Clear,01 - Dry,01 - Traffic signal,02 - Intersection related,01 - Daylight,03 - P.D. only,03 - Rear end,Hunt Club Woods - Quintarra - Revelstoke - Riverside South P
7865,HUNT CLUB RD @ RIVERSIDE DR,368037.0236,5021943.773,-75.69319,45.33459,2017-08-13,10:13:00 PM,01 - Clear,01 - Dry,01 - Traffic signal,02 - Intersection related,07 - Dark,03 - P.D. only,04 - Sideswipe,Hunt Club Woods - Quintarra - Revelstoke - Riverside South P
7866,HUNT CLUB RD @ RIVERSIDE DR,368037.1764,5021946.682,-75.69318,45.33462,2017-08-30,3:52:00 PM,01 - Clear,01 - Dry,01 - Traffic signal,02 - Intersection related,01 - Daylight,03 - P.D. only,03 - Rear end,Hunt Club Woods - Quintarra - Revelstoke - Riverside South P
7867,HUNT CLUB RD @ RIVERSIDE DR,368035.5,5021945.198,-75.69321,45.33461,2017-07-23,1:31:00 PM,01 - Clear,01 - Dry,01 - Traffic signal,02 - Intersection related,01 - Daylight,02 - Non-fatal injury,03 - Rear end,Hunt Club Woods - Quintarra - Revelstoke - Riverside South P
7868,HUNT CLUB RD @ RIVERSIDE DR,368036.481,5021946.164,-75.69319,45.33461,2017-08-24,11:14:00 AM,01 - Clear,01 - Dry,01 - Traffic signal,02 - Intersection related,01 - Daylight,03 - P.D. only,03 - Rear end,Hunt Club Woods - Quintarra - Revelstoke - Riverside South P
7869,HUNT CLUB RD @ RIVERSIDE DR,368037.344,5021944.216,-75.69318,45.3346,2017-08-10,5:13:00 PM,01 - Clear,01 - Dry,01 - Traffic signal,02 - Intersection related,01 - Daylight,03 - P.D. only,04 - Sideswipe,Hunt Club Woods - Quintarra - Revelstoke - Riverside South P
7870,HUNT CLUB RD @ RIVERSIDE DR,368037.1764,5021945.735,-75.69318,45.33461,2017-10-18,2:23:00 PM,01 - Clear,01 - Dry,01 - Traffic signal,03 - At intersection,01 - Daylight,03 - P.D. only,02 - Angle,Hunt Club Woods - Quintarra - Revelstoke - Riverside South P
7871,HUNT CLUB RD @ RIVERSIDE DR,368037.7959,5021944.406,-75.69318,45.3346,2017-10-02,11:24:00 AM,01 - Clear,01 - Dry,01 - Traffic signal,02 - Intersection related,01 - Daylight,03 - P.D. only,03 - Rear end,Hunt Club Woods - Quintarra - Revelstoke - Riverside South P
7872,HUNT CLUB RD @ RIVERSIDE DR,368036.9293,5021944.962,-75.69319,45.3346,2017-09-10,1:40:00 PM,01 - Clear,01 - Dry,01 - Traffic signal,02 - Intersection related,01 - Daylight,02 - Non-fatal injury,03 - Rear end,Hunt Club Woods - Quintarra - Revelstoke - Riverside South P
7873,HUNT CLUB RD @ RIVERSIDE DR,368036.7032,5021945.498,-75.69319,45.33461,2017-09-12,7:50:00 AM,01 - Clear,01 - Dry,01 - Traffic signal,02 - Intersection related,01 - Daylight,03 - P.D. only,04 - Sideswipe,Hunt Club Woods - Quintarra - Revelstoke - Riverside South P
7874,HUNT CLUB RD @ RIVERSIDE DR,368035.6997,5021946.836,-75.6932,45.33462,2017-10-08,2:06:00 AM,01 - Clear,01 - Dry,01 - Traffic signal,02 - Intersection related,07 - Dark,03 - P.D. only,07 - SMV other,Hunt Club Woods - Quintarra - Revelstoke - Riverside South P
7875,HUNT CLUB RD @ RIVERSIDE DR,368036.703,5021945.26,-75.69319,45.33461,2017-12-09,2:45:00 PM,01 - Clear,01 - Dry,01 - Traffic signal,02 - Intersection related,01 - Daylight,03 - P.D. only,03 - Rear end,Hunt Club Woods - Quintarra - Revelstoke - Riverside South P
7876,HUNT CLUB RD @ RIVERSIDE DR,368036.703,5021945.26,-75.69319,45.33461,2017-12-05,7:36:00 PM,02 - Rain,02 - Wet,01 - Traffic signal,02 - Intersection related,07 - Dark,03 - P.D. only,04 - Sideswipe,Hunt Club Woods - Quintarra - Revelstoke - Riverside South P
7877,HUNT CLUB RD @ RIVERSIDE DR,368036.703,5021945.262,-75.69319,45.33461,2017-11-07,9:50:00 AM,01 - Clear,01 - Dry,01 - Traffic signal,02 - Intersection related,01 - Daylight,03 - P.D. only,03 - Rear end,Hunt Club Woods - Quintarra - Revelstoke - Riverside South P
7878,HUNT CLUB RD @ RIVERSIDE DR,368037.7063,5021945.499,-75.69318,45.33461,2017-11-23,3:13:00 PM,01 - Clear,01 - Dry,01 - Traffic signal,02 - Intersection related,01 - Daylight,03 - P.D. only,03 - Rear end,Hunt Club Woods - Quintarra - Revelstoke - Riverside South P
7879,HUNT CLUB RD @ RIVERSIDE DR,368036.252,5021945.273,-75.6932,45.33461,2017-12-05,7:32:00 AM,02 - Rain,02 - Wet,01 - Traffic signal,02 - Intersection related,03 - Dawn,03 - P.D. only,03 - Rear end,Hunt Club Woods - Quintarra - Revelstoke - Riverside South P
7880,HUNT CLUB RD @ RIVERSIDE DR,368037.6498,5021945.735,-75.69318,45.33461,2017-12-03,4:31:00 AM,01 - Clear,01 - Dry,01 - Traffic signal,03 - At intersection,07 - Dark,03 - P.D. only,02 - Angle,Hunt Club Woods - Quintarra - Revelstoke - Riverside South P
7881,HUNT CLUB RD @ RIVERSIDE DR,368037.4535,5021945.123,-75.69318,45.3346,2017-02-15,9:07:00 PM,03 - Snow,06 - Ice,01 - Traffic signal,02 - Intersection related,07 - Dark,03 - P.D. only,03 - Rear end,Hunt Club Woods - Quintarra - Revelstoke - Riverside South P
7882,HUNT CLUB RD @ RIVERSIDE DR,368035.8446,5021948.074,-75.6932,45.33463,2017-01-03,6:01:00 PM,02 - Rain,02 - Wet,01 - Traffic signal,02 - Intersection related,07 - Dark,03 - P.D. only,03 - Rear end,Hunt Club Woods - Quintarra - Revelstoke - Riverside South P
7883,HUNT CLUB RD @ RIVERSIDE DR,368036.703,5021943.782,-75.69319,45.33459,2017-01-06,6:45:00 AM,01 - Clear,02 - Wet,01 - Traffic signal,02 - Intersection related,07 - Dark,03 - P.D. only,03 - Rear end,Hunt Club Woods - Quintarra - Revelstoke - Riverside South P
7884,HUNT CLUB RD @ RIVERSIDE DR,368036.1566,5021946.045,-75.6932,45.33461,2017-01-26,12:52:00 AM,01 - Clear,02 - Wet,01 - Traffic signal,03 - At intersection,07 - Dark,02 - Non-fatal injury,04 - Sideswipe,Hunt Club Woods - Quintarra - Revelstoke - Riverside South P
7885,HUNT CLUB RD @ RIVERSIDE DR,368036.703,5021946.045,-75.69319,45.33461,2017-02-02,11:46:00 AM,01 - Clear,01 - Dry,01 - Traffic signal,02 - Intersection related,01 - Daylight,03 - P.D. only,03 - Rear end,Hunt Club Woods - Quintarra - Revelstoke - Riverside South P
7886,HUNT CLUB RD @ RIVERSIDE DR,368037.0375,5021946.167,-75.69319,45.33461,2017-03-10,2:07:00 PM,01 - Clear,01 - Dry,01 - Traffic signal,02 - Intersection related,01 - Daylight,03 - P.D. only,03 - Rear end,Hunt Club Woods - Quintarra - Revelstoke - Riverside South P