Record,Location,X,Y,Longitude,Latitude,Date,Time,Environment,Road_Surface,Traffic_Control,Collision_Location,Light,Collision_Classification,Impact_type,Neighborhood
7887,HUNT CLUB RD @ RIVERSIDE DR,368036.3686,5021946.167,-75.69319,45.33461,2017-04-06,2:00:00 PM,01 - Clear,01 - Dry,01 - Traffic signal,02 - Intersection related,01 - Daylight,03 - P.D. only,03 - Rear end,Hunt Club Woods - Quintarra - Revelstoke - Riverside South P
7888,HUNT CLUB RD @ RIVERSIDE DR,368036.0826,5021947.502,-75.6932,45.33463,2017-02-22,6:00:00 PM,01 - Clear,01 - Dry,01 - Traffic signal,02 - Intersection related,07 - Dark,03 - P.D. only,03 - Rear end,Hunt Club Woods - Quintarra - Revelstoke - Riverside South P
7889,HUNT CLUB RD @ RIVERSIDE DR,368037.0375,5021947.505,-75.69319,45.33463,2017-03-29,5:56:00 PM,01 - Clear,01 - Dry,01 - Traffic signal,02 - Intersection related,01 - Daylight,03 - P.D. only,04 - Sideswipe,Hunt Club Woods - Quintarra - Revelstoke - Riverside South P
7890,HUNT CLUB RD @ RIVERSIDE DR,368035.9525,5021945.874,-75.6932,45.33461,2017-02-28,10:47:00 AM,01 - Clear,01 - Dry,01 - Traffic signal,03 - At intersection,01 - Daylight,03 - P.D. only,03 - Rear end,Hunt Club Woods - Quintarra - Revelstoke - Riverside South P
7891,HUNT CLUB RD @ RIVERSIDE DR,368037.0375,5021945.499,-75.69319,45.33461,2017-02-24,7:37:00 AM,01 - Clear,01 - Dry,01 - Traffic signal,02 - Intersection related,01 - Daylight,03 - P.D. only,04 - Sideswipe,Hunt Club Woods - Quintarra - Revelstoke - Riverside South P
7892,HUNT CLUB RD @ RIVERSIDE DR,368037.7063,5021945.499,-75.69318,45.33461,2017-03-03,6:15:00 PM,01 - Clear,02 - Wet,01 - Traffic signal,02 - Intersection related,05 - Dusk,03 - P.D. only,03 - Rear end,Hunt Club Woods - Quintarra - Revelstoke - Riverside South P
7893,HUNT CLUB RD @ RIVERSIDE DR,368036.7005,5021945.501,-75.69319,45.33461,2017-03-27,4:15:00 PM,02 - Rain,02 - Wet,01 - Traffic signal,02 - Intersection related,01 - Daylight,03 - P.D. only,03 - Rear end,Hunt Club Woods - Quintarra - Revelstoke - Riverside South P
7894,HUNT CLUB RD @ RIVERSIDE DR,368036.2296,5021945.735,-75.6932,45.33461,2017-12-19,3:42:00 PM,01 - Clear,02 - Wet,01 - Traffic signal,02 - Intersection related,01 - Daylight,03 - P.D. only,04 - Sideswipe,Hunt Club Woods - Quintarra - Revelstoke - Riverside South P
7895,HUNT CLUB RD @ RIVERSIDE DR,368036.2296,5021946.209,-75.6932,45.33461,2017-12-29,7:40:00 AM,01 - Clear,01 - Dry,01 - Traffic signal,03 - At intersection,03 - Dawn,03 - P.D. only,03 - Rear end,Hunt Club Woods - Quintarra - Revelstoke - Riverside South P
7896,HUNT CLUB RD @ RIVERSIDE DR,368036.7029,5021945.498,-75.69319,45.33461,2017-12-23,3:15:00 PM,03 - Snow,03 - Loose snow,01 - Traffic signal,02 - Intersection related,01 - Daylight,02 - Non-fatal injury,03 - Rear end,Hunt Club Woods - Quintarra - Revelstoke - Riverside South P
7897,HUNT CLUB RD @ UPLANDS DR,370157.7305,5023122.161,-75.66598,45.345,2017-04-27,12:40:00 PM,01 - Clear,01 - Dry,01 - Traffic signal,03 - At intersection,01 - Daylight,02 - Non-fatal injury,03 - Rear end,Hunt Club East - Western Community
7898,HUNT CLUB RD @ UPLANDS DR,370157.0617,5023121.492,-75.66598,45.34499,2017-07-01,12:19:00 AM,01 - Clear,02 - Wet,01 - Traffic signal,03 - At intersection,07 - Dark,03 - P.D. only,05 - Turning movement,Hunt Club East - Western Community
7899,HUNT CLUB RD @ UPLANDS DR,370156.7272,5023121.492,-75.66599,45.34499,2017-08-15,4:02:00 AM,01 - Clear,02 - Wet,01 - Traffic signal,03 - At intersection,07 - Dark,03 - P.D. only,05 - Turning movement,Hunt Club East - Western Community
7900,HUNT CLUB RD @ UPLANDS DR,370156.7272,5023120.822,-75.66599,45.34499,2017-08-21,4:07:00 PM,01 - Clear,01 - Dry,01 - Traffic signal,03 - At intersection,01 - Daylight,03 - P.D. only,05 - Turning movement,Hunt Club East - Western Community
7901,HUNT CLUB RD @ UPLANDS DR,370155.7239,5023122.83,-75.666,45.34501,2017-10-24,3:08:00 PM,01 - Clear,01 - Dry,01 - Traffic signal,03 - At intersection,01 - Daylight,03 - P.D. only,05 - Turning movement,Hunt Club East - Western Community
7902,HUNT CLUB RD @ UPLANDS DR,370157.2051,5023122.687,-75.66598,45.34501,2017-10-24,12:14:00 PM,01 - Clear,02 - Wet,01 - Traffic signal,03 - At intersection,01 - Daylight,02 - Non-fatal injury,02 - Angle,Hunt Club East - Western Community
7903,HUNT CLUB RD @ UPLANDS DR,370156.1845,5023120.678,-75.666,45.34499,2017-10-10,11:02:00 AM,01 - Clear,01 - Dry,01 - Traffic signal,02 - Intersection related,01 - Daylight,03 - P.D. only,03 - Rear end,Hunt Club East - Western Community
7904,HUNT CLUB RD @ UPLANDS DR,370156.7272,5023120.946,-75.66599,45.34499,2017-09-08,6:00:00 PM,01 - Clear,01 - Dry,01 - Traffic signal,02 - Intersection related,01 - Daylight,03 - P.D. only,03 - Rear end,Hunt Club East - Western Community
7905,HUNT CLUB RD @ UPLANDS DR,370155.7239,5023120.823,-75.666,45.34499,2017-11-12,5:10:00 PM,01 - Clear,01 - Dry,01 - Traffic signal,03 - At intersection,05 - Dusk,03 - P.D. only,02 - Angle,Hunt Club East - Western Community
7906,HUNT CLUB RD @ UPLANDS DR,370156.3928,5023120.823,-75.66599,45.34499,2017-12-01,7:29:00 PM,01 - Clear,01 - Dry,01 - Traffic signal,03 - At intersection,07 - Dark,03 - P.D. only,05 - Turning movement,Hunt Club East - Western Community
7907,HUNT CLUB RD @ UPLANDS DR,370157.0617,5023122.161,-75.66598,45.345,2017-04-01,9:38:00 PM,01 - Clear,01 - Dry,01 - Traffic signal,03 - At intersection,07 - Dark,03 - P.D. only,05 - Turning movement,Hunt Club East - Western Community
7908,HUNT CLUB RD @ UPLANDS DR,370156.3928,5023122.83,-75.66599,45.34501,2017-03-16,5:30:00 PM,01 - Clear,06 - Ice,01 - Traffic signal,02 - Intersection related,01 - Daylight,03 - P.D. only,03 - Rear end,Hunt Club East - Western Community
7909,HUNT CLUB RD @ UPLANDS DR,370157.0617,5023120.823,-75.66599,45.34499,2017-03-04,2:34:00 PM,01 - Clear,01 - Dry,01 - Traffic signal,02 - Intersection related,01 - Daylight,03 - P.D. only,03 - Rear end,Hunt Club East - Western Community
7910,HUNT CLUB RD btwn BILLY BISHOP PRIV & HUNT CLUB PL,369586.0864,5022791.136,-75.67331,45.34208,2017-03-12,1:14:00 PM,01 - Clear,01 - Dry,10 - No control,01 - Non intersection,01 - Daylight,03 - P.D. only,03 - Rear end,Hunt Club - Ottawa Airport
7911,HUNT CLUB RD btwn BILLY BISHOP PRIV & HUNT CLUB PL,369280.6365,5022679.453,-75.67723,45.3411,2017-12-28,7:51:00 PM,01 - Clear,06 - Ice,10 - No control,01 - Non intersection,07 - Dark,03 - P.D. only,03 - Rear end,Hunt Club - Ottawa Airport
7912,HUNT CLUB RD btwn BLOHM DR & HAWTHORNE RD,375453.615,5026375.452,-75.59794,45.37376,2017-02-11,3:42:00 PM,03 - Snow,04 - Slush,10 - No control,01 - Non intersection,01 - Daylight,03 - P.D. only,03 - Rear end,Hunt Club
7913,HUNT CLUB RD btwn CAHILL DR & LORRY GREENBERG DR,372421.2495,5024550.33,-75.6369,45.35764,2017-06-27,12:23:00 PM,01 - Clear,01 - Dry,10 - No control,01 - Non intersection,01 - Daylight,03 - P.D. only,04 - Sideswipe,Greenboro East
7914,HUNT CLUB RD btwn CAHILL DR & LORRY GREENBERG DR,372539.1778,5024621.211,-75.63538,45.35826,2017-01-05,12:15:00 PM,01 - Clear,06 - Ice,10 - No control,01 - Non intersection,01 - Daylight,03 - P.D. only,04 - Sideswipe,Greenboro East
7915,HUNT CLUB RD btwn CAHILL DR & LORRY GREENBERG DR,372441.514,5024565.921,-75.63664,45.35777,2017-02-20,2:14:00 PM,01 - Clear,01 - Dry,10 - No control,01 - Non intersection,01 - Daylight,03 - P.D. only,04 - Sideswipe,Greenboro East
7916,HUNT CLUB RD btwn CONROY RD & MALAK ST,373823.4415,5025441.701,-75.61888,45.36552,2017-10-16,12:08:00 PM,01 - Clear,01 - Dry,10 - No control,01 - Non intersection,01 - Daylight,02 - Non-fatal injury,03 - Rear end,Hunt Club
7917,HUNT CLUB RD btwn CONROY RD & MALAK ST,374103.5299,5025599.867,-75.61528,45.36692,2017-11-23,5:52:00 PM,01 - Clear,01 - Dry,10 - No control,01 - Non intersection,07 - Dark,03 - P.D. only,04 - Sideswipe,Hunt Club
7918,HUNT CLUB RD btwn CONROY RD & MALAK ST,373888.5214,5025475.781,-75.61804,45.36582,2017-01-03,12:00:00 AM,04 - Freezing Rain,04 - Slush,10 - No control,01 - Non intersection,00 - Unknown,03 - P.D. only,04 - Sideswipe,Hunt Club
7919,HUNT CLUB RD btwn CONROY RD & MALAK ST,373981.4658,5025530.275,-75.61685,45.3663,2017-04-01,2:25:00 PM,01 - Clear,02 - Wet,10 - No control,01 - Non intersection,01 - Daylight,03 - P.D. only,06 - SMV unattended vehicle,Hunt Club
7920,HUNT CLUB RD btwn CONROY RD & MALAK ST,373983.4724,5025528.938,-75.61683,45.36629,2017-02-27,7:07:00 PM,01 - Clear,01 - Dry,10 - No control,01 - Non intersection,07 - Dark,03 - P.D. only,04 - Sideswipe,Hunt Club
7921,HUNT CLUB RD btwn GIBFORD DR & UPLANDS DR,370147.6971,5023117.479,-75.6661,45.34496,2017-11-28,1:30:00 PM,01 - Clear,01 - Dry,10 - No control,01 - Non intersection,01 - Daylight,03 - P.D. only,04 - Sideswipe,Hunt Club East - Western Community
7922,HUNT CLUB RD btwn HUNT CLUB PL & PAUL ANKA DR,369761.0879,5022887.874,-75.67107,45.34293,2017-03-12,2:29:00 PM,01 - Clear,01 - Dry,10 - No control,01 - Non intersection,01 - Daylight,02 - Non-fatal injury,03 - Rear end,Hunt Club - Ottawa Airport
7923,HUNT CLUB RD btwn LORRY GREENBERG DR & PIKE ST,372995.573,5024910.463,-75.62952,45.36082,2017-10-30,3:46:00 AM,02 - Rain,02 - Wet,10 - No control,01 - Non intersection,07 - Dark,03 - P.D. only,04 - Sideswipe,Greenboro East
7924,HUNT CLUB RD btwn MCCARTHY RD & RAMP,370610.1443,5023462.668,-75.66016,45.34802,2017-02-16,4:00:00 PM,01 - Clear,02 - Wet,10 - No control,01 - Non intersection,01 - Daylight,03 - P.D. only,04 - Sideswipe,Hunt Club East - Western Community
7925,HUNT CLUB RD btwn MOUNTAIN CRES & TURN LANE,371529.4723,5024017.576,-75.64835,45.35293,2017-03-24,8:31:00 AM,03 - Snow,03 - Loose snow,10 - No control,04 - At/near private drive,01 - Daylight,03 - P.D. only,05 - Turning movement,South Keys - Heron Gate - Greenboro West
7926,HUNT CLUB RD btwn NORTH BOWESVILLE RD & BILLY BISHOP PRIV,368767.3997,5022373.701,-75.68381,45.33839,2017-06-23,5:54:00 PM,02 - Rain,02 - Wet,10 - No control,01 - Non intersection,01 - Daylight,03 - P.D. only,03 - Rear end,Hunt Club - Ottawa Airport
7927,HUNT CLUB RD btwn NORTH BOWESVILLE RD & BILLY BISHOP PRIV,368747.2045,5022361.594,-75.68407,45.33829,2017-07-20,7:24:00 PM,01 - Clear,01 - Dry,10 - No control,01 - Non intersection,01 - Daylight,03 - P.D. only,03 - Rear end,Hunt Club - Ottawa Airport
7928,HUNT CLUB RD btwn NORTH BOWESVILLE RD & BILLY BISHOP PRIV,368753.7511,5022364.433,-75.68399,45.33831,2017-12-12,4:30:00 PM,03 - Snow,05 - Packed snow,10 - No control,01 - Non intersection,05 - Dusk,03 - P.D. only,03 - Rear end,Hunt Club - Ottawa Airport
7929,HUNT CLUB RD btwn NORTH BOWESVILLE RD & BILLY BISHOP PRIV,368772.5089,5022374.812,-75.68375,45.3384,2017-11-22,6:18:00 PM,01 - Clear,01 - Dry,10 - No control,01 - Non intersection,07 - Dark,02 - Non-fatal injury,03 - Rear end,Hunt Club - Ottawa Airport
7930,HUNT CLUB RD btwn NORTH BOWESVILLE RD & BILLY BISHOP PRIV,368845.1046,5022418.703,-75.68282,45.33879,2017-03-23,4:36:00 PM,01 - Clear,01 - Dry,10 - No control,01 - Non intersection,01 - Daylight,03 - P.D. only,03 - Rear end,Hunt Club - Ottawa Airport
7931,HUNT CLUB RD btwn NORTH BOWESVILLE RD & BILLY BISHOP PRIV,368768.0882,5022373.8,-75.6838,45.3384,2017-12-27,7:59:00 AM,01 - Clear,01 - Dry,10 - No control,04 - At/near private drive,01 - Daylight,02 - Non-fatal injury,02 - Angle,Hunt Club - Ottawa Airport
7932,HUNT CLUB RD btwn PAUL ANKA DR & GIBFORD DR,369874.3807,5022954.347,-75.66961,45.34352,2017-11-27,5:10:00 PM,01 - Clear,01 - Dry,10 - No control,01 - Non intersection,05 - Dusk,03 - P.D. only,03 - Rear end,Hunt Club - Ottawa Airport
7933,HUNT CLUB RD btwn RIVERSIDE DR & LINDBERGH PRIV,368213.2057,5022041.673,-75.69093,45.33546,2017-10-06,1:25:00 PM,01 - Clear,01 - Dry,10 - No control,01 - Non intersection,01 - Daylight,02 - Non-fatal injury,04 - Sideswipe,Hunt Club - Ottawa Airport
7934,HUNT CLUB RD btwn RIVERSIDE DR & LINDBERGH PRIV,368344.4397,5022123.02,-75.68924,45.33618,2017-01-24,4:00:00 PM,01 - Clear,04 - Slush,10 - No control,01 - Non intersection,01 - Daylight,03 - P.D. only,03 - Rear end,Hunt Club - Ottawa Airport
7935,HUNT CLUB RD btwn RIVERSIDE DR & LINDBERGH PRIV,368213.7522,5022040.034,-75.69092,45.33544,2017-01-19,3:06:00 PM,01 - Clear,02 - Wet,10 - No control,01 - Non intersection,01 - Daylight,03 - P.D. only,03 - Rear end,Hunt Club - Ottawa Airport
7936,HUNT CLUB RD btwn TURN LANE & RIVERSIDE DR,367947.3362,5021916.586,-75.69433,45.33436,2017-09-27,8:29:00 AM,01 - Clear,01 - Dry,10 - No control,01 - Non intersection,01 - Daylight,03 - P.D. only,04 - Sideswipe,Hunt Club Woods - Quintarra - Revelstoke - Riverside South P
7937,HUNT CLUB RD btwn TURN LANE & TURN LANE (1),371632.7463,5024171.648,-75.64701,45.3543,2017-07-12,4:29:00 PM,01 - Clear,01 - Dry,10 - No control,01 - Non intersection,01 - Daylight,03 - P.D. only,04 - Sideswipe,South Keys - Heron Gate - Greenboro West
7938,HUNT CLUB RD btwn TURN LANE & TURN LANE (1),371682.326,5024246.698,-75.64637,45.35498,2017-01-03,11:53:00 PM,04 - Freezing Rain,06 - Ice,10 - No control,01 - Non intersection,07 - Dark,03 - P.D. only,04 - Sideswipe,South Keys - Heron Gate - Greenboro West
7939,HUNT CLUB RD btwn WEST HUNT CLUB RD & TURN LANE,367853.091,5021895.331,-75.69554,45.33417,2017-11-23,5:15:00 PM,01 - Clear,01 - Dry,10 - No control,01 - Non intersection,07 - Dark,03 - P.D. only,03 - Rear end,Hunt Club Woods - Quintarra - Revelstoke - Riverside South P
7940,HUNT CLUB RD btwn WEST HUNT CLUB RD & TURN LANE,367847.7398,5021895.331,-75.69561,45.33417,2017-03-21,2:47:00 PM,01 - Clear,01 - Dry,10 - No control,01 - Non intersection,01 - Daylight,03 - P.D. only,04 - Sideswipe,Hunt Club Woods - Quintarra - Revelstoke - Riverside South P
7941,HUNT CLUB RD EB btwn 275 E OF HAWTHORNE RD/OC TRANSPO TURNAROUND & HAWTHORNE RD,375680.078,5026499.622,-75.59503,45.37485,2017-08-05,2:02:00 AM,01 - Clear,01 - Dry,10 - No control,01 - Non intersection,07 - Dark,03 - P.D. only,03 - Rear end,Greenbelt
7942,HUNT CLUB RD EB btwn 275 E OF HAWTHORNE RD/OC TRANSPO TURNAROUND & HAWTHORNE RD,375562.193,5026431.361,-75.59655,45.37425,2017-10-29,7:41:00 PM,02 - Rain,02 - Wet,10 - No control,01 - Non intersection,07 - Dark,03 - P.D. only,04 - Sideswipe,Greenbelt
7943,HUNT CLUB RD EB btwn 275 E OF HAWTHORNE RD/OC TRANSPO TURNAROUND & HWY417 HUNT CLUB IC108 RAMP25,376439.77,5027546.652,-75.58518,45.3842,2017-05-18,4:20:00 PM,01 - Clear,01 - Dry,10 - No control,01 - Non intersection,01 - Daylight,03 - P.D. only,05 - Turning movement,Greenbelt
7944,HUNT CLUB RD EB btwn 275 E OF HAWTHORNE RD/OC TRANSPO TURNAROUND & HWY417 HUNT CLUB IC108 RAMP25,376444.649,5027609.805,-75.58511,45.38476,2017-08-10,9:40:00 AM,01 - Clear,01 - Dry,10 - No control,07 - Overpass or bridge,01 - Daylight,03 - P.D. only,03 - Rear end,Greenbelt
7945,HUNT CLUB RD WB btwn 275 E OF HAWTHORNE RD/OC TRANSPO TURNAROUND & HAWTHORNE RD,375692.823,5026522.241,-75.59486,45.37506,2017-06-21,4:59:00 PM,01 - Clear,01 - Dry,10 - No control,01 - Non intersection,01 - Daylight,02 - Non-fatal injury,06 - SMV unattended vehicle,Greenbelt
7946,HUNT CLUB RD WB btwn 275 E OF HAWTHORNE RD/OC TRANSPO TURNAROUND & HAWTHORNE RD,375678.396,5026514.032,-75.59505,45.37498,2017-04-20,11:48:00 PM,02 - Rain,02 - Wet,10 - No control,01 - Non intersection,07 - Dark,03 - P.D. only,04 - Sideswipe,Greenbelt
7947,HUNT CLUB RD/AIRPORT PKWY/HUNT CLUB RD RAMP 53,370949.2972,5023662.864,-75.6558,45.34979,2017-03-03,5:37:00 PM,01 - Clear,01 - Dry,02 - Stop sign,02 - Intersection related,01 - Daylight,02 - Non-fatal injury,07 - SMV other,Hunt Club East - Western Community
7948,HUNTER'S GLEN CRES btwn LORRY GREENBERG DR & STREAMWOOD LANE,372591.265,5025079.821,-75.63466,45.36238,2017-12-25,6:00:00 PM,01 - Clear,03 - Loose snow,10 - No control,01 - Non intersection,07 - Dark,03 - P.D. only,06 - SMV unattended vehicle,Greenboro East
7949,HUNTER'S GLEN CRES btwn STREAMWOOD LANE & LORRY GREENBERG DR,372604.8326,5024957.612,-75.6345,45.36128,2017-03-09,6:58:00 PM,01 - Clear,01 - Dry,10 - No control,01 - Non intersection,07 - Dark,02 - Non-fatal injury,06 - SMV unattended vehicle,Greenboro East
7950,HUNTER'S GLEN CRES btwn STREAMWOOD LANE & STREAMWOOD LANE,372478.9165,5025013.704,-75.6361,45.3618,2017-08-04,5:27:00 PM,01 - Clear,01 - Dry,10 - No control,01 - Non intersection,01 - Daylight,03 - P.D. only,06 - SMV unattended vehicle,Greenboro East
7951,HUNTER'S POINT CRES btwn FOX HOLLOW CRES & BRIDLE PATH DR,371548.4186,5023447.744,-75.64819,45.3478,2017-01-16,10:10:00 AM,01 - Clear,06 - Ice,10 - No control,01 - Non intersection,01 - Daylight,03 - P.D. only,06 - SMV unattended vehicle,Emerald Woods - Sawmill Creek
7952,HUNTER'S RUN DR @ JEANNE D'ARC BLVD,380567.2972,5036175.224,-75.53115,45.4614,2017-08-08,1:15:00 PM,01 - Clear,01 - Dry,01 - Traffic signal,02 - Intersection related,01 - Daylight,03 - P.D. only,03 - Rear end,Chapel Hill
7953,HUNTER'S RUN DR @ JEANNE D'ARC BLVD,380567.4853,5036174.275,-75.53115,45.46139,2017-07-09,11:55:00 AM,01 - Clear,01 - Dry,01 - Traffic signal,02 - Intersection related,01 - Daylight,03 - P.D. only,04 - Sideswipe,Chapel Hill
7954,HUNTER'S RUN DR @ JEANNE D'ARC BLVD,380568.7505,5036173.235,-75.53113,45.46138,2017-02-24,7:45:00 AM,01 - Clear,06 - Ice,01 - Traffic signal,02 - Intersection related,01 - Daylight,03 - P.D. only,03 - Rear end,Chapel Hill
7955,HUNTER'S RUN DR @ JEANNE D'ARC BLVD,380568.0817,5036173.903,-75.53114,45.46138,2017-03-15,7:05:00 AM,03 - Snow,03 - Loose snow,01 - Traffic signal,03 - At intersection,01 - Daylight,03 - P.D. only,07 - SMV other,Chapel Hill
7956,HUNTER'S RUN DR @ JEANNE D'ARC BLVD,380567.3158,5036174.552,-75.53115,45.46139,2017-12-21,8:39:00 AM,01 - Clear,02 - Wet,01 - Traffic signal,02 - Intersection related,01 - Daylight,03 - P.D. only,03 - Rear end,Chapel Hill
7957,HUNTERSFIELD DR @ PIKE ST,373226.738,5025208.851,-75.62653,45.36348,2017-11-10,3:57:00 PM,01 - Clear,01 - Dry,01 - Traffic signal,03 - At intersection,01 - Daylight,03 - P.D. only,02 - Angle,Greenboro East
7958,HUNTERSFIELD DR btwn LORRY GREENBERG DR & THORNHEDGE CRT,373448.0576,5025542.234,-75.62366,45.36646,2017-12-17,12:00:00 AM,03 - Snow,06 - Ice,10 - No control,01 - Non intersection,00 - Unknown,03 - P.D. only,06 - SMV unattended vehicle,Greenboro East
7959,HUNTERSFIELD DR btwn NEWPORT CRES & END,372916.2234,5025029.582,-75.63052,45.3619,2017-12-17,12:00:00 AM,01 - Clear,05 - Packed snow,10 - No control,01 - Non intersection,00 - Unknown,03 - P.D. only,06 - SMV unattended vehicle,Greenboro East
7960,HUNTERSWOOD CRES btwn FOLKWAY GT (2) & HUNTERSWOOD CRES,375137.6042,5026784.963,-75.60191,45.37748,2017-01-28,6:00:00 PM,03 - Snow,03 - Loose snow,10 - No control,01 - Non intersection,07 - Dark,03 - P.D. only,06 - SMV unattended vehicle,Industrial Park
7961,HUNTLEY RD @ FALLOWFIELD RD,352403.9242,5009614.719,-75.89381,45.22489,2017-03-07,12:00:00 PM,02 - Rain,02 - Wet,02 - Stop sign,03 - At intersection,01 - Daylight,03 - P.D. only,02 - Angle,Munster Hamlet - Richmond
7962,HUNTLEY RD btwn FALLOWFIELD RD & MANSFIELD RD,352714.0872,5009221.798,-75.8899,45.22133,2017-09-25,5:39:00 AM,01 - Clear,01 - Dry,10 - No control,01 - Non intersection,07 - Dark,02 - Non-fatal injury,07 - SMV other,Munster Hamlet - Richmond
7963,HUNTLEY RD btwn GARVIN RD & MOORE ST,356432.3017,5006887.505,-75.8428,45.20006,2017-09-27,1:01:00 AM,01 - Clear,01 - Dry,10 - No control,01 - Non intersection,07 - Dark,03 - P.D. only,07 - SMV other,Munster Hamlet - Richmond
7964,HUNTLEY RD btwn MANSFIELD RD & BROWNLEE RD,353703.6623,5008416.069,-75.87738,45.21401,2017-12-15,10:05:00 AM,01 - Clear,05 - Packed snow,10 - No control,01 - Non intersection,01 - Daylight,03 - P.D. only,07 - SMV other,Munster Hamlet - Richmond
7965,HUNTMAR DR @ OLD CARP RD,345201.4302,5022383.633,-75.98448,45.34024,2017-01-12,7:00:00 AM,"07 - Fog, mist, smoke, dust",02 - Wet,02 - Stop sign,02 - Intersection related,07 - Dark,03 - P.D. only,07 - SMV other,Stittsville - Basswood
7966,HUNTMAR DR @ PAINE AVE,348757.8592,5018383.547,-75.93946,45.30403,2017-10-30,8:01:00 AM,02 - Rain,02 - Wet,02 - Stop sign,02 - Intersection related,01 - Daylight,03 - P.D. only,07 - SMV other,Kanata Lakes - Marchwood Lakeside - Morgan's Grant - Kanata
7967,HUNTMAR DR @ PALLADIUM DR S,349677.2788,5017364.768,-75.92783,45.2948,2017-06-25,2:19:00 PM,01 - Clear,01 - Dry,01 - Traffic signal,02 - Intersection related,01 - Daylight,03 - P.D. only,03 - Rear end,Stittsville - Basswood
7968,HUNTMAR DR @ PALLADIUM DR S,349677.1699,5017365.455,-75.92783,45.29481,2017-07-22,6:40:00 PM,01 - Clear,01 - Dry,01 - Traffic signal,02 - Intersection related,01 - Daylight,03 - P.D. only,07 - SMV other,Stittsville - Basswood
7969,HUNTMAR DR @ PALLADIUM DR S,349676.08,5017364.253,-75.92785,45.2948,2017-10-08,9:49:00 AM,01 - Clear,01 - Dry,01 - Traffic signal,03 - At intersection,01 - Daylight,03 - P.D. only,03 - Rear end,Stittsville - Basswood
7970,HUNTMAR DR @ PALLADIUM DR S,349676.08,5017365.2,-75.92785,45.29481,2017-09-23,3:17:00 PM,01 - Clear,01 - Dry,01 - Traffic signal,03 - At intersection,01 - Daylight,03 - P.D. only,05 - Turning movement,Stittsville - Basswood
7971,HUNTMAR DR @ PALLADIUM DR S,349674.6508,5017365.675,-75.92786,45.29481,2017-12-12,3:30:00 PM,03 - Snow,03 - Loose snow,01 - Traffic signal,03 - At intersection,01 - Daylight,03 - P.D. only,02 - Angle,Stittsville - Basswood
7972,HUNTMAR DR @ PALLADIUM DR S,349675.6066,5017365.673,-75.92785,45.29481,2017-11-04,3:07:00 PM,01 - Clear,01 - Dry,01 - Traffic signal,03 - At intersection,01 - Daylight,03 - P.D. only,03 - Rear end,Stittsville - Basswood
7973,HUNTMAR DR @ PALLADIUM DR S,349676.08,5017365.2,-75.92785,45.29481,2017-01-24,5:15:00 PM,03 - Snow,06 - Ice,01 - Traffic signal,02 - Intersection related,05 - Dusk,03 - P.D. only,03 - Rear end,Stittsville - Basswood
7974,HUNTMAR DR @ PALLADIUM DR S,349677.3233,5017365.436,-75.92783,45.29481,2017-01-08,10:09:00 PM,01 - Clear,03 - Loose snow,01 - Traffic signal,02 - Intersection related,07 - Dark,03 - P.D. only,03 - Rear end,Stittsville - Basswood
7975,HUNTMAR DR @ PALLADIUM DR S,349676.5534,5017365.2,-75.92784,45.29481,2017-01-17,7:45:00 PM,03 - Snow,03 - Loose snow,01 - Traffic signal,03 - At intersection,07 - Dark,02 - Non-fatal injury,05 - Turning movement,Stittsville - Basswood
7976,HUNTMAR DR @ PALLADIUM DR S,349676.08,5017366.146,-75.92785,45.29482,2017-12-22,6:57:00 PM,03 - Snow,03 - Loose snow,01 - Traffic signal,02 - Intersection related,07 - Dark,03 - P.D. only,03 - Rear end,Stittsville - Basswood
7977,HUNTMAR DR @ PALLADIUM DR S,349676.5624,5017364.72,-75.92784,45.2948,2017-12-30,10:50:00 PM,01 - Clear,06 - Ice,01 - Traffic signal,02 - Intersection related,07 - Dark,03 - P.D. only,04 - Sideswipe,Stittsville - Basswood
7978,HUNTMAR DR @ RICHARDSON SIDE RD,348208.1119,5018981.752,-75.94642,45.30945,2017-11-28,4:02:00 PM,01 - Clear,02 - Wet,02 - Stop sign,02 - Intersection related,01 - Daylight,03 - P.D. only,07 - SMV other,Stittsville - Basswood
7979,HUNTMAR DR @ RICHARDSON SIDE RD,348207.582,5018983.131,-75.94643,45.30946,2017-11-27,1:24:00 PM,03 - Snow,02 - Wet,02 - Stop sign,02 - Intersection related,01 - Daylight,03 - P.D. only,03 - Rear end,Kanata Lakes - Marchwood Lakeside - Morgan's Grant - Kanata
7980,HUNTMAR DR btwn AUTOPARK PRIV & PALLADIUM DR,349549.8967,5017508.248,-75.92944,45.2961,2017-11-25,10:10:00 PM,02 - Rain,02 - Wet,10 - No control,04 - At/near private drive,99 - Other,03 - P.D. only,02 - Angle,Stittsville - Basswood
7981,HUNTMAR DR btwn OLD CARP RD & BRADLEY SIDE RD,345863.1758,5021623.952,-75.9761,45.33336,2017-08-09,1:09:00 PM,01 - Clear,01 - Dry,10 - No control,01 - Non intersection,01 - Daylight,03 - P.D. only,07 - SMV other,Stittsville - Basswood
7982,HUNTMAR DR btwn PALLADIUM DR & MAPLE GROVE RD,349983.0641,5017019.861,-75.92396,45.29168,2017-06-07,8:17:00 AM,01 - Clear,01 - Dry,10 - No control,01 - Non intersection,01 - Daylight,03 - P.D. only,03 - Rear end,Stittsville - Basswood
7983,HUNTMAR DR btwn PALLADIUM DR & MAPLE GROVE RD,349773.7456,5017248.804,-75.92661,45.29375,2017-04-27,1:09:00 PM,01 - Clear,01 - Dry,10 - No control,01 - Non intersection,01 - Daylight,03 - P.D. only,03 - Rear end,Stittsville - Basswood