Record,Location,X,Y,Longitude,Latitude,Date,Time,Environment,Road_Surface,Traffic_Control,Collision_Location,Light,Collision_Classification,Impact_type,Neighborhood
7984,HUNTMAR DR btwn PALLADIUM DR & MAPLE GROVE RD,350239.8458,5016745.56,-75.92072,45.2892,2017-05-02,4:10:00 PM,02 - Rain,02 - Wet,10 - No control,01 - Non intersection,01 - Daylight,03 - P.D. only,04 - Sideswipe,Stittsville
7985,HUNTMAR DR btwn PALLADIUM DR & MAPLE GROVE RD,349799.2788,5017226.116,-75.92629,45.29355,2017-07-19,12:08:00 PM,01 - Clear,01 - Dry,10 - No control,01 - Non intersection,01 - Daylight,02 - Non-fatal injury,01 - Approaching,Stittsville - Basswood
7986,HUNTMAR DR btwn PALLADIUM DR & MAPLE GROVE RD,349998.393,5017011.873,-75.92377,45.29161,2017-07-12,5:22:00 PM,01 - Clear,01 - Dry,10 - No control,01 - Non intersection,01 - Daylight,03 - P.D. only,03 - Rear end,Stittsville - Basswood
7987,HUNTMAR DR btwn PALLADIUM DR & MAPLE GROVE RD,349801.9971,5017225.555,-75.92625,45.29354,2017-10-20,6:51:00 PM,01 - Clear,01 - Dry,10 - No control,04 - At/near private drive,05 - Dusk,02 - Non-fatal injury,02 - Angle,Stittsville - Basswood
7988,HUNTMAR DR btwn PALLADIUM DR & MAPLE GROVE RD,349877.2634,5017143.661,-75.9253,45.2928,2017-12-29,5:33:00 PM,01 - Clear,06 - Ice,10 - No control,01 - Non intersection,07 - Dark,03 - P.D. only,03 - Rear end,Stittsville - Basswood
7989,HUNTMAR DR btwn RICHARDSON SIDE RD & HUNTMAR DR,348309.4216,5018870.873,-75.94514,45.30844,2017-11-27,9:01:00 PM,01 - Clear,01 - Dry,10 - No control,01 - Non intersection,07 - Dark,03 - P.D. only,07 - SMV other,Stittsville - Basswood
7990,HUNTMAR DR btwn TERRACE RIDGE DR & OLD CARP RD,344823.8456,5022819.102,-75.98927,45.34418,2017-12-23,2:01:00 AM,03 - Snow,03 - Loose snow,10 - No control,01 - Non intersection,07 - Dark,03 - P.D. only,07 - SMV other,Carp - Hardwood Plains
7991,HURON AVE   N btwn SCOTT ST & SPENCER ST,364675.8582,5029531.82,-75.73515,45.40316,2017-01-04,10:00:00 AM,03 - Snow,03 - Loose snow,10 - No control,01 - Non intersection,01 - Daylight,03 - P.D. only,06 - SMV unattended vehicle,Island Park
7992,HURON AVE @ SPENCER ST,364756.8918,5029338.617,-75.73413,45.40142,2017-02-03,12:19:00 PM,01 - Clear,02 - Wet,02 - Stop sign,03 - At intersection,01 - Daylight,03 - P.D. only,02 - Angle,Island Park
7993,HURON AVE @ SPENCER ST,364756.7893,5029337.84,-75.73414,45.40141,2017-03-05,4:20:00 PM,01 - Clear,01 - Dry,02 - Stop sign,03 - At intersection,01 - Daylight,03 - P.D. only,02 - Angle,Island Park
7994,HWY 416 ACRES IC75R24 @ HOLLY ACRES RD,358757.3675,5022866.499,-75.81147,45.34367,2017-09-14,7:47:00 AM,01 - Clear,01 - Dry,01 - Traffic signal,02 - Intersection related,01 - Daylight,03 - P.D. only,03 - Rear end,Greenbelt
7995,HWY 416 ACRES IC75R24 @ HOLLY ACRES RD,358757.9953,5022870.947,-75.81146,45.34371,2017-03-31,12:37:00 PM,01 - Clear,02 - Wet,01 - Traffic signal,03 - At intersection,01 - Daylight,03 - P.D. only,04 - Sideswipe,Greenbelt
7996,HWY 416 ACRES IC75R24 @ HOLLY ACRES RD,358756.5523,5022866.531,-75.81148,45.34367,2017-04-10,3:25:00 PM,01 - Clear,01 - Dry,01 - Traffic signal,02 - Intersection related,01 - Daylight,03 - P.D. only,03 - Rear end,Greenbelt
7997,HWY 416 ROGERSTE IC49R42 @ ROGER STEVENS DR,369375.3913,5001080.256,-75.67882,45.14674,2017-06-14,8:30:00 PM,01 - Clear,01 - Dry,10 - No control,02 - Intersection related,05 - Dusk,03 - P.D. only,07 - SMV other,Kars - Osgoode
7998,HWY 416 WESTHUNT IC72R34 @ WEST HUNT CLUB RD,359371.0426,5019362.214,-75.80403,45.31209,2017-05-24,6:11:00 PM,01 - Clear,01 - Dry,01 - Traffic signal,02 - Intersection related,01 - Daylight,03 - P.D. only,03 - Rear end,Greenbelt
7999,HWY 416 WESTHUNT IC72R34 @ WEST HUNT CLUB RD,359371.6264,5019359.825,-75.80402,45.31207,2017-05-31,9:55:00 AM,01 - Clear,01 - Dry,01 - Traffic signal,02 - Intersection related,01 - Daylight,03 - P.D. only,03 - Rear end,Greenbelt
8000,HWY 416 WESTHUNT IC72R34 @ WEST HUNT CLUB RD,359371.4621,5019361.228,-75.80402,45.31208,2017-09-15,3:54:00 PM,01 - Clear,01 - Dry,01 - Traffic signal,02 - Intersection related,01 - Daylight,03 - P.D. only,03 - Rear end,Greenbelt
8001,HWY 416 WESTHUNT IC72R34 @ WEST HUNT CLUB RD,359370.2815,5019363.089,-75.80404,45.3121,2017-01-30,7:29:00 AM,01 - Clear,01 - Dry,01 - Traffic signal,02 - Intersection related,03 - Dawn,03 - P.D. only,03 - Rear end,Greenbelt
8002,HWY 416 WESTHUNT IC72R34 @ WEST HUNT CLUB RD,359370.1954,5019360.729,-75.80404,45.31208,2017-05-15,4:25:00 PM,01 - Clear,01 - Dry,01 - Traffic signal,02 - Intersection related,01 - Daylight,03 - P.D. only,03 - Rear end,Greenbelt
8003,HWY 417 CASTLEFR IC139R61 @ KANATA AVE,351616.7367,5019225.958,-75.90293,45.31142,2017-05-17,4:00:00 PM,01 - Clear,01 - Dry,01 - Traffic signal,02 - Intersection related,01 - Daylight,03 - P.D. only,03 - Rear end,Kanata
8004,HWY 417 CASTLEFR IC139R61 @ KANATA AVE,351615.305,5019224.936,-75.90295,45.31142,2017-09-24,1:38:00 PM,01 - Clear,01 - Dry,01 - Traffic signal,03 - At intersection,01 - Daylight,03 - P.D. only,05 - Turning movement,Kanata
8005,HWY 417 CASTLEFR IC139R61 @ KANATA AVE,351616.4742,5019225.26,-75.90293,45.31142,2017-09-08,10:42:00 AM,01 - Clear,01 - Dry,01 - Traffic signal,03 - At intersection,01 - Daylight,03 - P.D. only,02 - Angle,Kanata
8006,HWY 417 CASTLEFR IC139R61 @ KANATA AVE,351615.6461,5019223.47,-75.90294,45.3114,2017-11-02,6:12:00 PM,02 - Rain,02 - Wet,01 - Traffic signal,02 - Intersection related,07 - Dark,02 - Non-fatal injury,07 - SMV other,Kanata
8007,HWY 417 CASTLEFR IC139R61 @ KANATA AVE,351617.0081,5019225.121,-75.90293,45.31142,2017-12-14,3:27:00 PM,01 - Clear,01 - Dry,01 - Traffic signal,03 - At intersection,01 - Daylight,03 - P.D. only,02 - Angle,Kanata
8008,HWY 417 CASTLEFR IC139R61 @ KANATA AVE,351616.7985,5019225.094,-75.90293,45.31142,2017-01-29,4:12:00 PM,01 - Clear,02 - Wet,01 - Traffic signal,02 - Intersection related,05 - Dusk,02 - Non-fatal injury,03 - Rear end,Kanata
8009,HWY 417 CASTLEFR IC139R61 @ KANATA AVE,351616.0678,5019224.62,-75.90294,45.31141,2017-04-16,3:50:00 PM,02 - Rain,02 - Wet,01 - Traffic signal,03 - At intersection,01 - Daylight,03 - P.D. only,07 - SMV other,Kanata
8010,HWY 417 CASTLEFR IC139R61 @ KANATA AVE,351619.2285,5019224.361,-75.9029,45.31141,2017-03-17,9:15:00 PM,01 - Clear,01 - Dry,01 - Traffic signal,02 - Intersection related,07 - Dark,03 - P.D. only,04 - Sideswipe,Kanata
8011,HWY 417 CTYRD 29 IC180R61 @ COUNTY RD 29,318385.3953,5031234.992,-76.32641,45.42092,2017-03-24,6:34:00 AM,03 - Snow,03 - Loose snow,02 - Stop sign,03 - At intersection,01 - Daylight,03 - P.D. only,02 - Angle,Arnprior
8012,HWY 417 INNES IC112R57 @ INNES RD,374298.8153,5030754.915,-75.61206,45.41328,2017-08-10,3:56:00 PM,01 - Clear,01 - Dry,01 - Traffic signal,02 - Intersection related,01 - Daylight,03 - P.D. only,04 - Sideswipe,Industrial Park
8013,HWY 417 INNES IC112R57 @ INNES RD,374298.6047,5030753.96,-75.61207,45.41327,2017-06-07,5:08:00 PM,01 - Clear,01 - Dry,01 - Traffic signal,02 - Intersection related,01 - Daylight,03 - P.D. only,03 - Rear end,Industrial Park
8014,HWY 417 INNES IC112R57 @ INNES RD,374299.3411,5030754.549,-75.61206,45.41328,2017-06-21,4:54:00 PM,01 - Clear,01 - Dry,01 - Traffic signal,02 - Intersection related,01 - Daylight,03 - P.D. only,03 - Rear end,Industrial Park
8015,HWY 417 INNES IC112R57 @ INNES RD,374299.7247,5030754.193,-75.61205,45.41327,2017-06-26,3:56:00 PM,01 - Clear,01 - Dry,01 - Traffic signal,02 - Intersection related,01 - Daylight,03 - P.D. only,03 - Rear end,Industrial Park
8016,HWY 417 INNES IC112R57 @ INNES RD,374299.1516,5030754.061,-75.61206,45.41327,2017-07-08,4:44:00 PM,01 - Clear,01 - Dry,01 - Traffic signal,03 - At intersection,01 - Daylight,03 - P.D. only,02 - Angle,Industrial Park
8017,HWY 417 INNES IC112R57 @ INNES RD,374299.3489,5030754.193,-75.61206,45.41327,2017-07-07,3:49:00 PM,01 - Clear,01 - Dry,01 - Traffic signal,02 - Intersection related,01 - Daylight,03 - P.D. only,03 - Rear end,Industrial Park
8018,HWY 417 INNES IC112R57 @ INNES RD,374298.5267,5030754.587,-75.61207,45.41328,2017-11-15,8:46:00 PM,01 - Clear,01 - Dry,01 - Traffic signal,03 - At intersection,07 - Dark,03 - P.D. only,02 - Angle,Industrial Park
8019,HWY 417 INNES IC112R57 @ INNES RD,374299.0344,5030753.99,-75.61206,45.41327,2017-12-06,3:53:00 PM,01 - Clear,01 - Dry,01 - Traffic signal,02 - Intersection related,01 - Daylight,02 - Non-fatal injury,03 - Rear end,Industrial Park
8020,HWY 417 INNES IC112R57 @ INNES RD,374298.9964,5030755.042,-75.61206,45.41328,2017-01-31,4:30:00 PM,01 - Clear,01 - Dry,01 - Traffic signal,03 - At intersection,01 - Daylight,03 - P.D. only,02 - Angle,Industrial Park
8021,HWY 417 INNES IC112R57 @ INNES RD,374299.9848,5030753.28,-75.61205,45.41326,2017-01-09,7:03:00 AM,01 - Clear,02 - Wet,01 - Traffic signal,02 - Intersection related,03 - Dawn,03 - P.D. only,03 - Rear end,Industrial Park
8022,HWY 417 INNES IC112R57 @ INNES RD,374298.7414,5030753.478,-75.61207,45.41327,2017-01-17,7:10:00 PM,01 - Clear,01 - Dry,01 - Traffic signal,03 - At intersection,07 - Dark,03 - P.D. only,02 - Angle,Industrial Park
8023,HWY 417 INNES IC112R57 @ INNES RD,374298.8517,5030754.328,-75.61206,45.41327,2017-04-04,5:53:00 PM,02 - Rain,02 - Wet,01 - Traffic signal,02 - Intersection related,01 - Daylight,02 - Non-fatal injury,03 - Rear end,Industrial Park
8024,HWY 417 INNES IC112R68 @ INNES RD,374641.3014,5030920.823,-75.60767,45.41474,2017-09-07,11:36:00 PM,01 - Clear,02 - Wet,01 - Traffic signal,03 - At intersection,07 - Dark,02 - Non-fatal injury,02 - Angle,Industrial Park
8025,HWY 417 INNES IC112R68 @ INNES RD,374640.9424,5030921.57,-75.60767,45.41474,2017-10-27,10:59:00 AM,01 - Clear,01 - Dry,01 - Traffic signal,03 - At intersection,01 - Daylight,03 - P.D. only,04 - Sideswipe,Industrial Park
8026,HWY 417 INNES IC112R68 @ INNES RD,374640.823,5030921.514,-75.60767,45.41474,2017-02-12,4:25:00 PM,03 - Snow,05 - Packed snow,01 - Traffic signal,03 - At intersection,01 - Daylight,03 - P.D. only,04 - Sideswipe,Industrial Park
8027,HWY 417 MAITLAND IC126R26/62 @ MAITLAND AVE,363145.8283,5025983.963,-75.75511,45.37137,2017-05-06,3:31:00 PM,02 - Rain,02 - Wet,01 - Traffic signal,02 - Intersection related,01 - Daylight,03 - P.D. only,03 - Rear end,Carlingwood West - Glabar Park - McKellar Heights
8028,HWY 417 MAITLAND IC126R26/62 @ MAITLAND AVE,363145.3086,5025983.184,-75.75512,45.37136,2017-05-21,11:32:00 PM,02 - Rain,02 - Wet,01 - Traffic signal,03 - At intersection,07 - Dark,02 - Non-fatal injury,05 - Turning movement,Carlingwood West - Glabar Park - McKellar Heights
8029,HWY 417 MAITLAND IC126R26/62 @ MAITLAND AVE,363146.0882,5025983.703,-75.75511,45.37137,2017-06-02,9:58:00 AM,01 - Clear,01 - Dry,01 - Traffic signal,02 - Intersection related,01 - Daylight,03 - P.D. only,03 - Rear end,Carlingwood West - Glabar Park - McKellar Heights
8030,HWY 417 MAITLAND IC126R26/62 @ MAITLAND AVE,363145.889,5025981.719,-75.75511,45.37135,2017-05-31,5:45:00 PM,02 - Rain,02 - Wet,01 - Traffic signal,02 - Intersection related,01 - Daylight,03 - P.D. only,03 - Rear end,Carlingwood West - Glabar Park - McKellar Heights
8031,HWY 417 MAITLAND IC126R26/62 @ MAITLAND AVE,363145.579,5025984.094,-75.75511,45.37137,2017-08-27,12:53:00 PM,01 - Clear,01 - Dry,01 - Traffic signal,03 - At intersection,01 - Daylight,02 - Non-fatal injury,02 - Angle,Carlingwood West - Glabar Park - McKellar Heights
8032,HWY 417 MAITLAND IC126R26/62 @ MAITLAND AVE,363146.9418,5025984.352,-75.75509,45.37137,2017-08-18,7:08:00 AM,02 - Rain,02 - Wet,01 - Traffic signal,02 - Intersection related,01 - Daylight,03 - P.D. only,03 - Rear end,Carlingwood West - Glabar Park - McKellar Heights
8033,HWY 417 MAITLAND IC126R26/62 @ MAITLAND AVE,363145.5265,5025983.224,-75.75511,45.37136,2017-09-24,11:46:00 AM,01 - Clear,01 - Dry,01 - Traffic signal,03 - At intersection,01 - Daylight,03 - P.D. only,05 - Turning movement,Carlingwood West - Glabar Park - McKellar Heights
8034,HWY 417 MAITLAND IC126R26/62 @ MAITLAND AVE,363146.0782,5025983.261,-75.75511,45.37136,2017-10-18,10:44:00 AM,01 - Clear,01 - Dry,01 - Traffic signal,02 - Intersection related,01 - Daylight,03 - P.D. only,05 - Turning movement,Carlingwood West - Glabar Park - McKellar Heights
8035,HWY 417 MAITLAND IC126R26/62 @ MAITLAND AVE,363145.821,5025983.305,-75.75511,45.37136,2017-10-04,5:45:00 PM,02 - Rain,02 - Wet,01 - Traffic signal,03 - At intersection,01 - Daylight,03 - P.D. only,05 - Turning movement,Carlingwood West - Glabar Park - McKellar Heights
8036,HWY 417 MAITLAND IC126R26/62 @ MAITLAND AVE,363146.4857,5025985.367,-75.7551,45.37138,2017-10-12,4:55:00 PM,01 - Clear,01 - Dry,01 - Traffic signal,02 - Intersection related,01 - Daylight,03 - P.D. only,03 - Rear end,Carlingwood West - Glabar Park - McKellar Heights
8037,HWY 417 MAITLAND IC126R26/62 @ MAITLAND AVE,363145.6676,5025983.457,-75.75511,45.37136,2017-09-06,5:20:00 PM,01 - Clear,01 - Dry,01 - Traffic signal,02 - Intersection related,01 - Daylight,02 - Non-fatal injury,03 - Rear end,Carlingwood West - Glabar Park - McKellar Heights
8038,HWY 417 MAITLAND IC126R26/62 @ MAITLAND AVE,363146.3115,5025983.97,-75.7551,45.37137,2017-11-02,3:20:00 PM,03 - Snow,02 - Wet,01 - Traffic signal,02 - Intersection related,01 - Daylight,03 - P.D. only,03 - Rear end,Carlingwood West - Glabar Park - McKellar Heights
8039,HWY 417 MAITLAND IC126R26/62 @ MAITLAND AVE,363146.3018,5025983.363,-75.7551,45.37136,2017-11-23,3:00:00 PM,01 - Clear,01 - Dry,01 - Traffic signal,02 - Intersection related,01 - Daylight,03 - P.D. only,03 - Rear end,Carlingwood West - Glabar Park - McKellar Heights
8040,HWY 417 MAITLAND IC126R26/62 @ MAITLAND AVE,363146.35,5025983.063,-75.7551,45.37136,2017-01-26,7:28:00 PM,01 - Clear,02 - Wet,01 - Traffic signal,03 - At intersection,07 - Dark,03 - P.D. only,05 - Turning movement,Carlingwood West - Glabar Park - McKellar Heights
8041,HWY 417 MAITLAND IC126R26/62 @ MAITLAND AVE,363146.4538,5025983.258,-75.7551,45.37136,2017-03-16,6:52:00 PM,05 - Drifting Snow,06 - Ice,01 - Traffic signal,03 - At intersection,07 - Dark,03 - P.D. only,05 - Turning movement,Carlingwood West - Glabar Park - McKellar Heights
8042,HWY 417 MAITLAND IC126R26/62 @ MAITLAND AVE,363145.7309,5025983.589,-75.75511,45.37137,2017-12-24,6:55:00 PM,03 - Snow,03 - Loose snow,01 - Traffic signal,03 - At intersection,07 - Dark,03 - P.D. only,02 - Angle,Carlingwood West - Glabar Park - McKellar Heights
8043,HWY 417 MAITLAND IC126R26/62 @ MAITLAND AVE,363146.1717,5025983.928,-75.7551,45.37137,2017-12-18,5:56:00 PM,03 - Snow,05 - Packed snow,01 - Traffic signal,03 - At intersection,07 - Dark,03 - P.D. only,01 - Approaching,Carlingwood West - Glabar Park - McKellar Heights
8044,HWY 417 MAITLAND IC126R52 @ MAITLAND AVE,363205.7091,5025833.705,-75.75436,45.37001,2017-11-21,12:04:00 PM,01 - Clear,01 - Dry,03 - Yield sign,02 - Intersection related,01 - Daylight,02 - Non-fatal injury,03 - Rear end,Braemar Park - Bel Air Heights - Copeland Park
8045,HWY 417 MAITLAND IC126R52 @ MAITLAND AVE,363205.206,5025834.624,-75.75437,45.37002,2017-08-18,12:57:00 PM,01 - Clear,01 - Dry,03 - Yield sign,02 - Intersection related,01 - Daylight,03 - P.D. only,03 - Rear end,Braemar Park - Bel Air Heights - Copeland Park
8046,HWY 417 MAITLAND IC126R52 @ MAITLAND AVE,363205.4162,5025832.773,-75.75437,45.37,2017-01-30,7:38:00 AM,01 - Clear,01 - Dry,03 - Yield sign,02 - Intersection related,03 - Dawn,03 - P.D. only,03 - Rear end,Braemar Park - Bel Air Heights - Copeland Park
8047,HWY 417 MAITLAND IC126R52 @ MAITLAND AVE,363205.4933,5025833.845,-75.75436,45.37001,2017-05-25,1:59:00 PM,01 - Clear,01 - Dry,03 - Yield sign,02 - Intersection related,01 - Daylight,03 - P.D. only,03 - Rear end,Braemar Park - Bel Air Heights - Copeland Park
8048,HWY 417 MARCH IC155R61 @ MARCH RD,339741.4694,5019502.504,-76.05435,45.3146,2017-11-23,10:07:00 AM,01 - Clear,01 - Dry,02 - Stop sign,03 - At intersection,01 - Daylight,02 - Non-fatal injury,02 - Angle,Carp - Hardwood Plains
8049,HWY 417 MOODIE IC134R52 @ MOODIE DR,356458.5228,5022039.328,-75.84089,45.3364,2017-07-30,11:42:00 AM,01 - Clear,01 - Dry,01 - Traffic signal,02 - Intersection related,01 - Daylight,03 - P.D. only,02 - Angle,Greenbelt
8050,HWY 417 MOODIE IC134R52 @ MOODIE DR,356459.4206,5022042.941,-75.84088,45.33643,2017-10-24,9:42:00 AM,02 - Rain,02 - Wet,01 - Traffic signal,02 - Intersection related,01 - Daylight,03 - P.D. only,04 - Sideswipe,Greenbelt
8051,HWY 417 PALLADI IC142R36 @ PALLADIUM DR,348774.1388,5017374.375,-75.93934,45.29495,2017-12-08,12:04:00 PM,01 - Clear,01 - Dry,01 - Traffic signal,02 - Intersection related,01 - Daylight,03 - P.D. only,02 - Angle,Stittsville - Basswood
8052,HWY 417 PALLADI IC142R36 @ PALLADIUM DR,348773.7236,5017374.12,-75.93935,45.29494,2017-11-01,5:18:00 PM,02 - Rain,02 - Wet,01 - Traffic signal,03 - At intersection,05 - Dusk,03 - P.D. only,05 - Turning movement,Stittsville - Basswood
8053,HWY 417 PALLADI IC142R36 @ PALLADIUM DR,348773.2755,5017374.67,-75.93936,45.29495,2017-12-29,2:40:00 PM,01 - Clear,01 - Dry,01 - Traffic signal,02 - Intersection related,01 - Daylight,03 - P.D. only,04 - Sideswipe,Stittsville - Basswood
8054,HWY 417 RIVERSID IC117R35 @ RIVERSIDE DR,370805.7416,5031119.653,-75.65664,45.4169,2017-05-30,6:39:00 PM,02 - Rain,02 - Wet,10 - No control,02 - Intersection related,01 - Daylight,03 - P.D. only,03 - Rear end,Industrial Park
8055,HWY 417 RIVERSID IC117R53 @ RIVERSIDE DR,370771.9083,5030913.382,-75.6571,45.41505,2017-06-05,3:30:00 PM,01 - Clear,01 - Dry,03 - Yield sign,02 - Intersection related,01 - Daylight,03 - P.D. only,03 - Rear end,Industrial Park
8056,HWY 417 RIVERSID IC117R53 @ RIVERSIDE DR,370770.3055,5030914.236,-75.65712,45.41505,2017-03-03,9:31:00 AM,01 - Clear,01 - Dry,03 - Yield sign,02 - Intersection related,01 - Daylight,02 - Non-fatal injury,03 - Rear end,Industrial Park
8057,HWY 417 ST.LAURE IC115R35 @ ST. LAURENT BLVD,372481.7146,5031534.042,-75.63517,45.42047,2017-02-19,8:37:00 AM,03 - Snow,03 - Loose snow,10 - No control,02 - Intersection related,01 - Daylight,03 - P.D. only,07 - SMV other,Overbrook
8058,HWY 417 ST.LAURE IC115R51 @ ST. LAURENT BLVD,372532.0146,5031410.358,-75.63454,45.41935,2017-11-10,11:15:00 AM,01 - Clear,01 - Dry,01 - Traffic signal,02 - Intersection related,01 - Daylight,03 - P.D. only,04 - Sideswipe,Industrial Park
8059,HWY 417 ST.LAURE IC115R51 @ ST. LAURENT BLVD,372530.3841,5031409.723,-75.63457,45.41934,2017-09-11,6:54:00 AM,01 - Clear,01 - Dry,01 - Traffic signal,02 - Intersection related,01 - Daylight,03 - P.D. only,03 - Rear end,Industrial Park
8060,HWY 417 ST.LAURE IC115R51 @ ST. LAURENT BLVD,372528.9939,5031411.947,-75.63458,45.41936,2017-10-30,7:43:00 AM,02 - Rain,02 - Wet,01 - Traffic signal,02 - Intersection related,01 - Daylight,03 - P.D. only,03 - Rear end,Industrial Park
8061,HWY 417 ST.LAURE IC115R51 @ ST. LAURENT BLVD,372531.9819,5031410.733,-75.63454,45.41935,2017-09-26,12:00:00 PM,01 - Clear,01 - Dry,01 - Traffic signal,02 - Intersection related,01 - Daylight,03 - P.D. only,03 - Rear end,Industrial Park
8062,HWY 417 ST.LAURE IC115R51 @ ST. LAURENT BLVD,372530.4635,5031410.361,-75.63456,45.41935,2017-12-11,8:09:00 AM,01 - Clear,06 - Ice,01 - Traffic signal,02 - Intersection related,01 - Daylight,03 - P.D. only,03 - Rear end,Industrial Park
8063,HWY 417 ST.LAURE IC115R51 @ ST. LAURENT BLVD,372530.4529,5031410.569,-75.63456,45.41935,2017-01-28,3:20:00 PM,01 - Clear,01 - Dry,01 - Traffic signal,02 - Intersection related,01 - Daylight,03 - P.D. only,03 - Rear end,Industrial Park
8064,HWY 417 ST.LAURE IC115R51 @ ST. LAURENT BLVD,372530.0584,5031409.106,-75.63457,45.41934,2017-04-26,9:35:00 AM,01 - Clear,01 - Dry,01 - Traffic signal,02 - Intersection related,01 - Daylight,03 - P.D. only,03 - Rear end,Industrial Park
8065,HWY 417 ST.LAURE IC115R51 @ ST. LAURENT BLVD,372533.6825,5031412.098,-75.63452,45.41936,2017-02-14,9:10:00 PM,03 - Snow,03 - Loose snow,01 - Traffic signal,03 - At intersection,07 - Dark,03 - P.D. only,02 - Angle,Industrial Park
8066,HWY 417 TERRYFO IC140R36 @ TERRY FOX DR,350691.5504,5018849.501,-75.91476,45.3081,2017-08-11,9:53:00 PM,01 - Clear,01 - Dry,10 - No control,02 - Intersection related,07 - Dark,03 - P.D. only,03 - Rear end,Kanata Lakes - Marchwood Lakeside - Morgan's Grant - Kanata
8067,HWY 417 TERRYFO IC140R52 @ TERRY FOX DR,351052.4512,5018434.502,-75.9102,45.30434,2017-12-08,12:46:00 PM,01 - Clear,01 - Dry,01 - Traffic signal,02 - Intersection related,01 - Daylight,03 - P.D. only,03 - Rear end,Katimavik - Hazeldean
8068,HWY 417 TERRYFO IC140R52 @ TERRY FOX DR,351052.3368,5018433.042,-75.9102,45.30433,2017-03-18,5:10:00 PM,01 - Clear,01 - Dry,01 - Traffic signal,02 - Intersection related,01 - Daylight,03 - P.D. only,03 - Rear end,Katimavik - Hazeldean
8069,HWY 417 TERRYFO IC140R52 @ TERRY FOX DR,351053.6933,5018433.432,-75.91018,45.30433,2017-12-18,10:45:00 AM,03 - Snow,03 - Loose snow,01 - Traffic signal,02 - Intersection related,01 - Daylight,03 - P.D. only,03 - Rear end,Katimavik - Hazeldean
8070,HWY 417 TERRYFO IC140R52 @ TERRY FOX DR,351052.8314,5018433.08,-75.91019,45.30433,2017-12-30,6:07:00 PM,01 - Clear,06 - Ice,01 - Traffic signal,02 - Intersection related,07 - Dark,03 - P.D. only,03 - Rear end,Katimavik - Hazeldean
8071,HWY 417 TERRYFO IC140R53 @ TERRY FOX DR,351081.718,5018401.645,-75.90983,45.30404,2017-12-14,8:05:00 AM,01 - Clear,02 - Wet,10 - No control,02 - Intersection related,01 - Daylight,03 - P.D. only,03 - Rear end,Katimavik - Hazeldean
8072,HWY 417 TERRYFO IC140R61 @ TERRY FOX DR,350808.9751,5018709.855,-75.91328,45.30683,2017-05-18,3:00:00 PM,01 - Clear,01 - Dry,01 - Traffic signal,03 - At intersection,01 - Daylight,03 - P.D. only,02 - Angle,Kanata Lakes - Marchwood Lakeside - Morgan's Grant - Kanata
8073,HWY 417 TERRYFO IC140R61 @ TERRY FOX DR,350809.8733,5018709.647,-75.91327,45.30683,2017-12-06,1:50:00 PM,01 - Clear,01 - Dry,01 - Traffic signal,03 - At intersection,01 - Daylight,03 - P.D. only,04 - Sideswipe,Kanata Lakes - Marchwood Lakeside - Morgan's Grant - Kanata
8074,HWY 417 TERRYFO IC140R61 @ TERRY FOX DR,350809.843,5018706.396,-75.91327,45.3068,2017-01-18,9:30:00 AM,00 - Unknown,02 - Wet,01 - Traffic signal,02 - Intersection related,01 - Daylight,03 - P.D. only,03 - Rear end,Kanata Lakes - Marchwood Lakeside - Morgan's Grant - Kanata
8075,HWY 417 TERRYFO IC140R61 @ TERRY FOX DR,350810.6116,5018708.74,-75.91326,45.30682,2017-12-17,8:43:00 AM,01 - Clear,06 - Ice,01 - Traffic signal,03 - At intersection,01 - Daylight,02 - Non-fatal injury,02 - Angle,Kanata Lakes - Marchwood Lakeside - Morgan's Grant - Kanata
8076,HWY 417 VANIER IC117R26 @ VANIER PKWY,370803.3867,5031358.887,-75.65664,45.41905,2017-11-21,10:42:00 AM,01 - Clear,01 - Dry,10 - No control,02 - Intersection related,01 - Daylight,02 - Non-fatal injury,03 - Rear end,Overbrook
8077,HWY 417 VANIER IC117R36 @ VANIER PKWY,370765.7892,5031470.701,-75.6571,45.42006,2017-11-29,1:10:00 PM,01 - Clear,01 - Dry,10 - No control,02 - Intersection related,01 - Daylight,03 - P.D. only,04 - Sideswipe,Overbrook
8078,HWY 417 VANIER IC117R63 @ VANIER PKWY,370798.9356,5031398.17,-75.65669,45.41941,2017-09-29,9:00:00 AM,01 - Clear,01 - Dry,01 - Traffic signal,02 - Intersection related,01 - Daylight,03 - P.D. only,03 - Rear end,Overbrook
8079,HWY 417 VANIER IC117R63 @ VANIER PKWY,370800.146,5031398.595,-75.65667,45.41941,2017-10-18,4:31:00 PM,01 - Clear,01 - Dry,01 - Traffic signal,02 - Intersection related,01 - Daylight,03 - P.D. only,03 - Rear end,Overbrook
8080,HWY 417 VANIER IC117R63 @ VANIER PKWY,370799.1274,5031397.656,-75.65669,45.4194,2017-11-07,8:45:00 AM,01 - Clear,01 - Dry,01 - Traffic signal,02 - Intersection related,01 - Daylight,03 - P.D. only,03 - Rear end,Overbrook
8081,HWY 417 VANIER IC117R63 @ VANIER PKWY,370801.0684,5031398.396,-75.65666,45.41941,2017-02-06,4:54:00 PM,03 - Snow,03 - Loose snow,01 - Traffic signal,02 - Intersection related,01 - Daylight,03 - P.D. only,03 - Rear end,Overbrook
8082,HWY 417 VANIER IC117R63 @ VANIER PKWY,370800.3778,5031396.835,-75.65667,45.41939,2017-02-02,8:15:00 AM,01 - Clear,01 - Dry,01 - Traffic signal,02 - Intersection related,01 - Daylight,03 - P.D. only,03 - Rear end,Overbrook