Record,Location,X,Y,Longitude,Latitude,Date,Time,Environment,Road_Surface,Traffic_Control,Collision_Location,Light,Collision_Classification,Impact_type,Neighborhood
8083,HWY 417 VANIER IC117R63 @ VANIER PKWY,370799.2861,5031397.826,-75.65668,45.4194,2017-03-25,12:31:00 PM,01 - Clear,02 - Wet,01 - Traffic signal,02 - Intersection related,01 - Daylight,03 - P.D. only,03 - Rear end,Overbrook
8084,HWY 417 VANIER IC117R63 @ VANIER PKWY,370800.238,5031397.64,-75.65667,45.4194,2017-12-26,12:03:00 PM,01 - Clear,02 - Wet,01 - Traffic signal,02 - Intersection related,01 - Daylight,03 - P.D. only,03 - Rear end,Overbrook
8085,HWY 417 VANIER IC117R63 @ VANIER PKWY,370798.859,5031396.434,-75.65669,45.41939,2017-02-13,10:50:00 AM,03 - Snow,05 - Packed snow,01 - Traffic signal,03 - At intersection,01 - Daylight,03 - P.D. only,04 - Sideswipe,Overbrook
8086,HWY 417 WALKLEY IC110R57 @ WALKLEY EXTENSION R,375656.6706,5028998.384,-75.59497,45.39734,2017-09-25,4:13:00 PM,01 - Clear,01 - Dry,02 - Stop sign,02 - Intersection related,01 - Daylight,03 - P.D. only,03 - Rear end,Greenbelt
8087,HWY 417 WALKLEY IC110R58 @ WALKLEY EXTENSION R,375541.8493,5028938.256,-75.59645,45.39681,2017-11-18,2:54:00 PM,04 - Freezing Rain,06 - Ice,10 - No control,02 - Intersection related,01 - Daylight,03 - P.D. only,02 - Angle,Greenbelt
8088,HWY 417 WALKLEY IC110R64 @ WALKLEY EXTENSION R,375987.9984,5029175.87,-75.59071,45.3989,2017-09-09,12:23:00 PM,01 - Clear,01 - Dry,02 - Stop sign,02 - Intersection related,01 - Daylight,03 - P.D. only,04 - Sideswipe,Greenbelt
8089,HWY 417 WALKLEY IC110R64 @ WALKLEY EXTENSION R,375990.1917,5029175.491,-75.59069,45.3989,2017-12-16,7:56:00 AM,03 - Snow,04 - Slush,02 - Stop sign,02 - Intersection related,01 - Daylight,03 - P.D. only,04 - Sideswipe,Greenbelt
8090,HWY 417 WOODROFF IC127R35 @ WOODROFFE AVE,362149.911,5024770.956,-75.76796,45.36054,2017-02-16,8:50:00 AM,01 - Clear,06 - Ice,10 - No control,02 - Intersection related,01 - Daylight,03 - P.D. only,03 - Rear end,Iris
8091,HWY 417 WOODROFF IC127R53 @ WOODROFFE AVE,362205.9844,5024625.778,-75.76726,45.35923,2017-08-27,8:18:00 PM,01 - Clear,01 - Dry,03 - Yield sign,02 - Intersection related,07 - Dark,02 - Non-fatal injury,02 - Angle,Iris
8092,HWY 417 WOODROFF IC127R62 @ WOODROFFE AVE,362051.2373,5025018.581,-75.76919,45.36277,2017-12-08,9:10:00 AM,01 - Clear,01 - Dry,03 - Yield sign,02 - Intersection related,01 - Daylight,03 - P.D. only,03 - Rear end,Carlingwood West - Glabar Park - McKellar Heights
8093,HWY 417 WOODROFF IC127R62 @ WOODROFFE AVE,362051.9192,5025020.518,-75.76918,45.36279,2017-11-17,3:05:00 PM,01 - Clear,01 - Dry,03 - Yield sign,02 - Intersection related,01 - Daylight,03 - P.D. only,03 - Rear end,Carlingwood West - Glabar Park - McKellar Heights
8094,HWY 417 WOODROFF IC127R62 @ WOODROFFE AVE,362051.8323,5025019.651,-75.76919,45.36278,2017-08-27,4:02:00 PM,01 - Clear,01 - Dry,03 - Yield sign,02 - Intersection related,01 - Daylight,03 - P.D. only,03 - Rear end,Whitehaven - Queensway Terrace North
8095,HWY 417 WOODROFF IC127R62 @ WOODROFFE AVE,362051.402,5025018.4,-75.76919,45.36277,2017-09-12,2:22:00 PM,01 - Clear,01 - Dry,03 - Yield sign,02 - Intersection related,01 - Daylight,03 - P.D. only,03 - Rear end,Carlingwood West - Glabar Park - McKellar Heights
8096,HWY 417 WOODROFF IC127R62 @ WOODROFFE AVE,362051.9177,5025018.808,-75.76919,45.36278,2017-09-24,8:53:00 AM,01 - Clear,01 - Dry,03 - Yield sign,02 - Intersection related,01 - Daylight,03 - P.D. only,03 - Rear end,Whitehaven - Queensway Terrace North
8097,HWY 417 WOODROFF IC127R62 @ WOODROFFE AVE,362052.6327,5025018.939,-75.76918,45.36278,2017-01-25,8:00:00 PM,03 - Snow,04 - Slush,03 - Yield sign,02 - Intersection related,07 - Dark,03 - P.D. only,03 - Rear end,Carlingwood West - Glabar Park - McKellar Heights
8098,HWY 417 WOODROFF IC127R62 @ WOODROFFE AVE,362050.8623,5025018.342,-75.7692,45.36277,2017-02-06,1:08:00 PM,01 - Clear,01 - Dry,03 - Yield sign,02 - Intersection related,01 - Daylight,03 - P.D. only,07 - SMV other,Whitehaven - Queensway Terrace North
8099,HWY 417 WOODROFF IC127R62 @ WOODROFFE AVE,362048.1458,5025020.27,-75.76923,45.36279,2017-05-01,1:00:00 PM,02 - Rain,02 - Wet,03 - Yield sign,02 - Intersection related,01 - Daylight,03 - P.D. only,03 - Rear end,Whitehaven - Queensway Terrace North
8100,HWY 417 WOODROFF IC127R62 @ WOODROFFE AVE,362050.9709,5025019.281,-75.7692,45.36278,2017-12-17,10:59:00 AM,01 - Clear,02 - Wet,03 - Yield sign,02 - Intersection related,01 - Daylight,02 - Non-fatal injury,03 - Rear end,Whitehaven - Queensway Terrace North
8101,HWY 417 WOODROFF IC127R63 @ WOODROFFE AVE,362111.7839,5024870.621,-75.76844,45.36144,2017-05-26,12:40:00 PM,01 - Clear,01 - Dry,10 - No control,02 - Intersection related,01 - Daylight,03 - P.D. only,04 - Sideswipe,Carlingwood West - Glabar Park - McKellar Heights
8102,HWY 417 WOODROFF IC127R63 @ WOODROFFE AVE,362110.3366,5024872.067,-75.76846,45.36145,2017-05-12,2:10:00 PM,01 - Clear,01 - Dry,10 - No control,02 - Intersection related,01 - Daylight,03 - P.D. only,03 - Rear end,Whitehaven - Queensway Terrace North
8103,HWY416 IC49 RAMP34 btwn HIGHWAY 416 & ROGER STEVENS DR,369107.4642,5001295.331,-75.6822,45.1487,2017-12-12,3:55:00 PM,03 - Snow,03 - Loose snow,10 - No control,01 - Non intersection,05 - Dusk,03 - P.D. only,07 - SMV other,Kars - Osgoode
8104,HWY416 IC57 RAMP24 btwn BANKFIELD RD & HIGHWAY 416,365052.285,5007542.212,-75.73301,45.20527,2017-12-12,8:17:00 AM,03 - Snow,03 - Loose snow,10 - No control,01 - Non intersection,01 - Daylight,03 - P.D. only,07 - SMV other,Manotick
8105,HWY416 IC66 RAMP52 btwn HIGHWAY 416 & FALLOWFIELD RD,360220.8015,5014805.429,-75.7937,45.27102,2017-11-09,7:54:00 AM,01 - Clear,01 - Dry,10 - No control,01 - Non intersection,01 - Daylight,03 - P.D. only,99 - Other,Munster Hamlet - Richmond
8106,HWY416 IC66 RAMP53 btwn HIGHWAY 416 & FALLOWFIELD RD,360045.066,5014666.195,-75.79595,45.26978,2017-07-05,12:15:00 PM,01 - Clear,01 - Dry,10 - No control,01 - Non intersection,01 - Daylight,03 - P.D. only,07 - SMV other,Munster Hamlet - Richmond
8107,HWY416 IC72 RAMP62 btwn HIGHWAY 416 & CEDARVIEW RD,359423.8423,5019742.41,-75.80331,45.31551,2017-02-10,10:32:00 PM,03 - Snow,03 - Loose snow,10 - No control,01 - Non intersection,07 - Dark,03 - P.D. only,07 - SMV other,Greenbelt
8108,HWY416 IC75A RAMP26 btwn HIGHWAY 417 & HIGHWAY 416,358498.2123,5022424.322,-75.81483,45.33971,2017-12-29,8:20:00 AM,01 - Clear,06 - Ice,10 - No control,01 - Non intersection,01 - Daylight,03 - P.D. only,07 - SMV other,Greenbelt
8109,HWY416 IC75A RAMP26 btwn HIGHWAY 417 & HIGHWAY 416,358145.9983,5022768.069,-75.81928,45.34283,2017-12-29,8:20:00 AM,01 - Clear,06 - Ice,10 - No control,01 - Non intersection,01 - Daylight,03 - P.D. only,07 - SMV other,Greenbelt
8110,HWY416 IC75A RAMP26 btwn HIGHWAY 417 & HIGHWAY 416,358531.2324,5022351.508,-75.81441,45.33905,2017-12-29,8:30:00 AM,01 - Clear,06 - Ice,10 - No control,01 - Non intersection,01 - Daylight,03 - P.D. only,03 - Rear end,Greenbelt
8111,HWY416 IC75A RAMP26 btwn HIGHWAY 417 & HIGHWAY 416,358536.3124,5022340.502,-75.81435,45.33895,2017-12-29,8:20:00 AM,01 - Clear,01 - Dry,10 - No control,01 - Non intersection,01 - Daylight,03 - P.D. only,07 - SMV other,Greenbelt
8112,HWY416 IC75A RAMP26 btwn HIGHWAY 417 & HIGHWAY 416,358021.932,5022783.46,-75.82086,45.34298,2017-12-07,7:35:00 AM,01 - Clear,05 - Packed snow,10 - No control,01 - Non intersection,03 - Dawn,03 - P.D. only,04 - Sideswipe,Greenbelt
8113,HWY416 IC75A RAMP26 btwn HIGHWAY 417 & HIGHWAY 416,357872.159,5022786.944,-75.82277,45.34302,2017-04-12,10:01:00 PM,01 - Clear,01 - Dry,10 - No control,01 - Non intersection,07 - Dark,03 - P.D. only,04 - Sideswipe,Greenbelt
8114,HWY416 IC75A RAMP43 btwn HWY416 IC75A RAMP63 & HIGHWAY 416,358553.3268,5022023.942,-75.81417,45.3361,2017-11-26,6:30:00 PM,03 - Snow,04 - Slush,10 - No control,01 - Non intersection,07 - Dark,03 - P.D. only,07 - SMV other,Greenbelt
8115,HWY416 IC75B RAMP25 btwn HWY416 IC75C RAMP24 & HWY417 IC131 RAMP55,358636.4284,5022850.047,-75.81302,45.34353,2017-09-09,1:30:00 AM,01 - Clear,01 - Dry,10 - No control,01 - Non intersection,07 - Dark,02 - Non-fatal injury,07 - SMV other,Greenbelt
8116,HWY416 IC75B RAMP25 btwn HWY416 IC75C RAMP24 & HWY417 IC131 RAMP55,358525.12,5022606.307,-75.81446,45.34135,2017-10-24,7:30:00 AM,02 - Rain,02 - Wet,10 - No control,01 - Non intersection,03 - Dawn,03 - P.D. only,03 - Rear end,Greenbelt
8117,HWY416 IC75B RAMP25 btwn HWY416 IC75C RAMP24 & HWY417 IC131 RAMP55,358606.7947,5022808.895,-75.8134,45.34316,2017-05-26,10:21:00 PM,01 - Clear,01 - Dry,10 - No control,01 - Non intersection,07 - Dark,03 - P.D. only,07 - SMV other,Greenbelt
8118,HWY416 IC75B RAMP25 btwn HWY416 IC75C RAMP24 & HWY417 IC131 RAMP55,358549.828,5022710.807,-75.81414,45.34228,2017-06-27,1:15:00 PM,02 - Rain,02 - Wet,10 - No control,01 - Non intersection,01 - Daylight,03 - P.D. only,07 - SMV other,Greenbelt
8119,HWY416 IC75B RAMP25 btwn HWY416 IC75C RAMP24 & HWY417 IC131 RAMP55,358641.479,5022847.978,-75.81295,45.34351,2017-03-25,12:03:00 AM,01 - Clear,02 - Wet,10 - No control,01 - Non intersection,07 - Dark,03 - P.D. only,07 - SMV other,Greenbelt
8120,HWY417 IC104 RAMP16 btwn ANDERSON RD & HIGHWAY 417,380153.5719,5025993.471,-75.538,45.36983,2017-10-20,7:20:00 PM,01 - Clear,01 - Dry,10 - No control,01 - Non intersection,07 - Dark,03 - P.D. only,07 - SMV other,Greenbelt
8121,HWY417 IC104 RAMP16 btwn ANDERSON RD & HIGHWAY 417,380189.8025,5026090.253,-75.53752,45.3707,2017-05-22,10:20:00 PM,01 - Clear,01 - Dry,10 - No control,01 - Non intersection,07 - Dark,03 - P.D. only,03 - Rear end,Greenbelt
8122,HWY417 IC104 RAMP16 btwn ANDERSON RD & HIGHWAY 417,380148.7783,5025984.509,-75.53806,45.36975,2017-07-07,10:11:00 AM,01 - Clear,01 - Dry,10 - No control,01 - Non intersection,01 - Daylight,03 - P.D. only,07 - SMV other,Greenbelt
8123,HWY417 IC104 RAMP16 btwn ANDERSON RD & HIGHWAY 417,380187.5153,5026066.21,-75.53756,45.37048,2017-03-04,4:20:00 AM,01 - Clear,01 - Dry,10 - No control,01 - Non intersection,07 - Dark,03 - P.D. only,07 - SMV other,Greenbelt
8124,HWY417 IC104 RAMP51 btwn HIGHWAY 417 & ANDERSON RD,379852.8547,5025886.195,-75.54185,45.3689,2017-10-20,9:50:00 AM,01 - Clear,01 - Dry,10 - No control,01 - Non intersection,01 - Daylight,03 - P.D. only,07 - SMV other,Greenbelt
8125,HWY417 IC104 RAMP51 btwn HIGHWAY 417 & ANDERSON RD,380057.2401,5025632.443,-75.53928,45.36659,2017-02-22,2:24:00 PM,01 - Clear,01 - Dry,10 - No control,01 - Non intersection,01 - Daylight,03 - P.D. only,07 - SMV other,Greenbelt
8126,HWY417 IC104 RAMP61 btwn ANDERSON RD & HIGHWAY 417,380313.3251,5025926.933,-75.53597,45.36922,2017-08-07,10:25:00 AM,01 - Clear,01 - Dry,10 - No control,01 - Non intersection,01 - Daylight,03 - P.D. only,07 - SMV other,Greenbelt
8127,HWY417 IC104 RAMP61 btwn ANDERSON RD & HIGHWAY 417,380151.2015,5026196.706,-75.538,45.37166,2017-07-12,10:08:00 PM,02 - Rain,02 - Wet,10 - No control,01 - Non intersection,07 - Dark,03 - P.D. only,07 - SMV other,Greenbelt
8128,HWY417 IC104 RAMP61 btwn ANDERSON RD & HIGHWAY 417,380315.9709,5025918.995,-75.53594,45.36914,2017-08-07,10:25:00 AM,01 - Clear,01 - Dry,10 - No control,01 - Non intersection,01 - Daylight,02 - Non-fatal injury,07 - SMV other,Greenbelt
8129,HWY417 IC104 RAMP61 btwn ANDERSON RD & HIGHWAY 417,380161.2235,5026172.244,-75.53787,45.37144,2017-09-04,3:25:00 PM,01 - Clear,01 - Dry,10 - No control,01 - Non intersection,01 - Daylight,03 - P.D. only,07 - SMV other,Greenbelt
8130,HWY417 IC104 RAMP61 btwn ANDERSON RD & HIGHWAY 417,380066.9089,5026255.497,-75.53907,45.3722,2017-10-18,9:15:00 AM,01 - Clear,01 - Dry,10 - No control,01 - Non intersection,01 - Daylight,03 - P.D. only,03 - Rear end,Greenbelt
8131,HWY417 IC104 RAMP61 btwn ANDERSON RD & HIGHWAY 417,380156.7502,5026186.78,-75.53793,45.37157,2017-04-11,7:40:00 PM,"07 - Fog, mist, smoke, dust",01 - Dry,10 - No control,01 - Non intersection,07 - Dark,03 - P.D. only,07 - SMV other,Greenbelt
8132,HWY417 IC104 RAMP61 btwn ANDERSON RD & HIGHWAY 417,380277.1244,5025964.217,-75.53643,45.36956,2017-07-07,12:32:00 AM,01 - Clear,01 - Dry,10 - No control,01 - Non intersection,07 - Dark,03 - P.D. only,07 - SMV other,Greenbelt
8133,HWY417 IC104 RAMP61 btwn ANDERSON RD & HIGHWAY 417,380230.5233,5026038.545,-75.53701,45.37023,2017-02-12,2:00:00 PM,03 - Snow,03 - Loose snow,10 - No control,01 - Non intersection,01 - Daylight,03 - P.D. only,07 - SMV other,Greenbelt
8134,HWY417 IC104 RAMP61 btwn ANDERSON RD & HIGHWAY 417,380363.6952,5025899.938,-75.53533,45.36897,2017-06-11,12:25:00 PM,01 - Clear,01 - Dry,10 - No control,01 - Non intersection,01 - Daylight,03 - P.D. only,07 - SMV other,Greenbelt
8135,HWY417 IC109 RAMP26 btwn HIGHWAY 417 & HUNT CLUB RD,376600.277,5027695.241,-75.58311,45.38552,2017-09-05,2:42:00 AM,02 - Rain,02 - Wet,10 - No control,01 - Non intersection,07 - Dark,02 - Non-fatal injury,07 - SMV other,Greenbelt
8136,HWY417 IC110 RAMP54 btwn HWY417 IC110 RAMP58 & HIGHWAY 417,375681.2802,5029468.906,-75.59459,45.40157,2017-10-25,2:45:00 AM,01 - Clear,01 - Dry,10 - No control,01 - Non intersection,07 - Dark,03 - P.D. only,07 - SMV other,Greenbelt
8137,HWY417 IC110 RAMP54 btwn HWY417 IC110 RAMP58 & HIGHWAY 417,375698.9266,5029333.287,-75.59438,45.40035,2017-12-19,6:54:00 AM,03 - Snow,03 - Loose snow,10 - No control,01 - Non intersection,07 - Dark,03 - P.D. only,99 - Other,Greenbelt
8138,HWY417 IC110 RAMP54 btwn HWY417 IC110 RAMP58 & HIGHWAY 417,375607.9391,5029612.393,-75.5955,45.40287,2017-01-09,7:15:00 AM,01 - Clear,01 - Dry,10 - No control,01 - Non intersection,03 - Dawn,03 - P.D. only,03 - Rear end,Greenbelt
8139,HWY417 IC110 RAMP54 btwn HWY417 IC110 RAMP58 & HIGHWAY 417,375568.8662,5029681.758,-75.59599,45.4035,2017-01-09,8:00:00 AM,01 - Clear,01 - Dry,10 - No control,01 - Non intersection,01 - Daylight,03 - P.D. only,03 - Rear end,Greenbelt
8140,HWY417 IC110 RAMP54 btwn HWY417 IC110 RAMP58 & HIGHWAY 417,375702.3221,5029336.174,-75.59434,45.40037,2017-04-12,2:20:00 AM,01 - Clear,02 - Wet,10 - No control,01 - Non intersection,07 - Dark,03 - P.D. only,07 - SMV other,Greenbelt
8141,HWY417 IC110 RAMP54 btwn HWY417 IC110 RAMP58 & HIGHWAY 417,375610.74,5029116.37,-75.59554,45.3984,2017-07-08,8:10:00 AM,01 - Clear,01 - Dry,10 - No control,01 - Non intersection,01 - Daylight,02 - Non-fatal injury,07 - SMV other,Greenbelt
8142,HWY417 IC110 RAMP55 btwn WALKLEY EXTENSION RD & HIGHWAY 417,375779.0938,5028824.304,-75.59343,45.39576,2017-02-10,9:50:00 PM,03 - Snow,03 - Loose snow,10 - No control,01 - Non intersection,07 - Dark,03 - P.D. only,07 - SMV other,Greenbelt
8143,HWY417 IC110 RAMP55 btwn WALKLEY EXTENSION RD & HIGHWAY 417,375710.7612,5028953.935,-75.59429,45.39693,2017-02-05,10:25:00 PM,05 - Drifting Snow,05 - Packed snow,10 - No control,01 - Non intersection,07 - Dark,03 - P.D. only,07 - SMV other,Greenbelt
8144,HWY417 IC110 RAMP56 btwn HIGHWAY 417 & WALKLEY EXTENSION RD,375951.3161,5028978.908,-75.59121,45.39713,2017-08-06,10:50:00 PM,01 - Clear,01 - Dry,10 - No control,01 - Non intersection,07 - Dark,03 - P.D. only,07 - SMV other,Greenbelt
8145,HWY417 IC110 RAMP56 btwn HIGHWAY 417 & WALKLEY EXTENSION RD,375920.0423,5028973.034,-75.59161,45.39708,2017-08-07,12:20:00 PM,01 - Clear,01 - Dry,10 - No control,01 - Non intersection,01 - Daylight,03 - P.D. only,07 - SMV other,Greenbelt
8146,HWY417 IC110 RAMP56 btwn HIGHWAY 417 & WALKLEY EXTENSION RD,375951.1215,5028965.685,-75.59121,45.39701,2017-05-06,7:30:00 PM,02 - Rain,02 - Wet,10 - No control,01 - Non intersection,01 - Daylight,03 - P.D. only,07 - SMV other,Greenbelt
8147,HWY417 IC110 RAMP64 btwn HIGHWAY 417 & WALKLEY EXTENSION RD,375886.1747,5028719.33,-75.59208,45.3948,2017-03-24,6:37:00 PM,03 - Snow,04 - Slush,10 - No control,01 - Non intersection,07 - Dark,03 - P.D. only,07 - SMV other,Greenbelt
8148,HWY417 IC112 RAMP55 btwn INNES RD & HIGHWAY 417,374685.3525,5030701.654,-75.60713,45.41276,2017-10-17,7:35:00 AM,01 - Clear,01 - Dry,10 - No control,01 - Non intersection,01 - Daylight,03 - P.D. only,03 - Rear end,Industrial Park
8149,HWY417 IC112 RAMP64 btwn HWY417 IC112 RAMP68 & HIGHWAY 417,374723.6168,5030814.466,-75.60663,45.41377,2017-09-12,5:15:00 PM,01 - Clear,01 - Dry,10 - No control,01 - Non intersection,01 - Daylight,03 - P.D. only,04 - Sideswipe,Industrial Park
8150,HWY417 IC112 RAMP65 btwn HIGHWAY 417 & INNES RD,374271.0506,5030835.903,-75.61241,45.41401,2017-07-10,6:45:00 AM,01 - Clear,02 - Wet,10 - No control,01 - Non intersection,01 - Daylight,03 - P.D. only,04 - Sideswipe,Industrial Park
8151,HWY417 IC112 RAMP66 btwn HIGHWAY 417 & INNES RD,374420.9579,5030936.715,-75.61048,45.4149,2017-09-17,3:17:00 AM,01 - Clear,01 - Dry,10 - No control,01 - Non intersection,07 - Dark,02 - Non-fatal injury,07 - SMV other,Industrial Park
8152,HWY417 IC112 RAMP67 btwn HWY417 IC112 RAMP68 & INNES RD,374681.9224,5030909.042,-75.60715,45.41463,2017-11-13,4:58:00 PM,01 - Clear,01 - Dry,10 - No control,01 - Non intersection,05 - Dusk,03 - P.D. only,03 - Rear end,Industrial Park
8153,HWY417 IC113 RAMP85 btwn HWY417 IC113 RAMP35 & HIGHWAY 417,373961.0925,5031670.453,-75.61625,45.42155,2017-11-21,4:30:00 PM,01 - Clear,01 - Dry,10 - No control,01 - Non intersection,05 - Dusk,03 - P.D. only,03 - Rear end,Pineview
8154,HWY417 IC115 RAMP26 btwn ST. LAURENT BLVD & Continuation of HWY417 IC1,372487.6882,5031585.493,-75.63509,45.42093,2017-02-11,10:15:00 AM,03 - Snow,03 - Loose snow,10 - No control,01 - Non intersection,01 - Daylight,02 - Non-fatal injury,07 - SMV other,Overbrook
8155,HWY417 IC115 RAMP36 btwn HIGHWAY 417 & TRANSIT,372419.7254,5031552.482,-75.63596,45.42064,2017-02-09,7:20:00 PM,01 - Clear,01 - Dry,10 - No control,01 - Non intersection,07 - Dark,03 - P.D. only,03 - Rear end,Overbrook
8156,HWY417 IC115 RAMP36 btwn HIGHWAY 417 & TRANSIT,372329.8417,5031524.448,-75.63711,45.4204,2017-02-12,3:30:00 PM,03 - Snow,03 - Loose snow,10 - No control,01 - Non intersection,01 - Daylight,03 - P.D. only,03 - Rear end,Overbrook
8157,HWY417 IC115 RAMP51 btwn HIGHWAY 417 & ST. LAURENT BLVD,372466.811,5031385.562,-75.63538,45.41913,2017-12-14,4:50:00 PM,01 - Clear,01 - Dry,10 - No control,01 - Non intersection,05 - Dusk,03 - P.D. only,04 - Sideswipe,Industrial Park
8158,HWY417 IC115 RAMP51 btwn HIGHWAY 417 & ST. LAURENT BLVD,372327.6483,5031431.561,-75.63715,45.41956,2017-06-12,6:50:00 PM,01 - Clear,01 - Dry,10 - No control,01 - Non intersection,01 - Daylight,03 - P.D. only,03 - Rear end,Industrial Park
8159,HWY417 IC115 RAMP51 btwn HIGHWAY 417 & ST. LAURENT BLVD,372308.7775,5031439.922,-75.63739,45.41964,2017-06-02,8:50:00 PM,01 - Clear,01 - Dry,10 - No control,01 - Non intersection,05 - Dusk,02 - Non-fatal injury,03 - Rear end,Industrial Park
8160,HWY417 IC115 RAMP51 btwn HIGHWAY 417 & ST. LAURENT BLVD,372394.1217,5031400.026,-75.63631,45.41927,2017-06-09,1:45:00 PM,01 - Clear,01 - Dry,10 - No control,01 - Non intersection,01 - Daylight,03 - P.D. only,04 - Sideswipe,Industrial Park
8161,HWY417 IC115 RAMP51 btwn HIGHWAY 417 & ST. LAURENT BLVD,372243.6499,5031457.298,-75.63822,45.4198,2017-04-26,6:45:00 AM,01 - Clear,02 - Wet,10 - No control,01 - Non intersection,01 - Daylight,02 - Non-fatal injury,03 - Rear end,Industrial Park
8162,HWY417 IC115 RAMP61 btwn RAMP & HIGHWAY 417,372793.2919,5031570.875,-75.63118,45.42077,2017-07-31,2:06:00 AM,01 - Clear,03 - Loose snow,10 - No control,01 - Non intersection,07 - Dark,03 - P.D. only,07 - SMV other,Cummings
8163,HWY417 IC115 RAMP61 btwn RAMP & HIGHWAY 417,372590.5752,5031597.412,-75.63377,45.42103,2017-10-13,11:04:00 AM,01 - Clear,01 - Dry,10 - No control,01 - Non intersection,01 - Daylight,03 - P.D. only,04 - Sideswipe,Cummings
8164,HWY417 IC115 RAMP61 btwn RAMP & HIGHWAY 417,372632.0585,5031571.253,-75.63324,45.42079,2017-01-21,12:40:00 AM,01 - Clear,01 - Dry,10 - No control,01 - Non intersection,07 - Dark,03 - P.D. only,07 - SMV other,Cummings
8165,HWY417 IC117 RAMP35 btwn RIVERSIDE DR & HIGHWAY 417,370800.5137,5031101.12,-75.65671,45.41673,2017-11-27,5:38:00 PM,01 - Clear,01 - Dry,10 - No control,01 - Non intersection,07 - Dark,03 - P.D. only,03 - Rear end,Industrial Park
8166,HWY417 IC117 RAMP36 btwn HIGHWAY 417 & VANIER PKWY,370759.6813,5031330.606,-75.6572,45.4188,2017-12-21,3:04:00 PM,01 - Clear,01 - Dry,10 - No control,01 - Non intersection,01 - Daylight,03 - P.D. only,03 - Rear end,Overbrook
8167,HWY417 IC117 RAMP36 btwn HIGHWAY 417 & VANIER PKWY,370756.7165,5031323.519,-75.65724,45.41874,2017-02-15,10:00:00 AM,03 - Snow,03 - Loose snow,10 - No control,01 - Non intersection,01 - Daylight,03 - P.D. only,03 - Rear end,Overbrook
8168,HWY417 IC117 RAMP36 btwn HIGHWAY 417 & VANIER PKWY,370769.4233,5031428.117,-75.65706,45.41968,2017-01-02,1:30:00 PM,01 - Clear,01 - Dry,10 - No control,01 - Non intersection,01 - Daylight,03 - P.D. only,03 - Rear end,Overbrook
8169,HWY417 IC117 RAMP51 btwn HIGHWAY 417 & HWY417 IC117 RAMP53,370487.0118,5031132.694,-75.66071,45.41705,2017-07-14,6:52:00 PM,01 - Clear,01 - Dry,10 - No control,01 - Non intersection,01 - Daylight,03 - P.D. only,07 - SMV other,Industrial Park
8170,HWY417 IC117 RAMP51 btwn HIGHWAY 417 & HWY417 IC117 RAMP53,370589.3689,5031118.303,-75.6594,45.41691,2017-08-06,5:00:00 PM,01 - Clear,01 - Dry,10 - No control,01 - Non intersection,01 - Daylight,03 - P.D. only,03 - Rear end,Industrial Park
8171,HWY417 IC117 RAMP53 btwn HWY417 IC117 RAMP51 & RIVERSIDE DR,370726.0594,5031016.441,-75.65767,45.41598,2017-11-09,3:08:00 PM,01 - Clear,01 - Dry,10 - No control,01 - Non intersection,01 - Daylight,03 - P.D. only,04 - Sideswipe,Industrial Park
8172,HWY417 IC117 RAMP63 btwn VANIER PKWY & HWY417 IC117 RAMP62,370842.5142,5031414.626,-75.65613,45.41955,2017-05-12,12:40:00 PM,01 - Clear,01 - Dry,10 - No control,01 - Non intersection,01 - Daylight,03 - P.D. only,04 - Sideswipe,Overbrook
8173,HWY417 IC118 RAMP35 btwn NICHOLAS ST & HWY417 IC118 RAMP45,369375.8823,5030928.09,-75.67493,45.41531,2017-08-03,3:25:00 AM,01 - Clear,01 - Dry,10 - No control,01 - Non intersection,07 - Dark,01 - Fatal injury,07 - SMV other,Old Ottawa East
8174,HWY417 IC118 RAMP35 btwn NICHOLAS ST & HWY417 IC118 RAMP45,369418.1119,5031103.481,-75.67437,45.41688,2017-12-27,4:38:00 PM,01 - Clear,06 - Ice,10 - No control,01 - Non intersection,05 - Dusk,03 - P.D. only,03 - Rear end,Sandy Hill
8175,HWY417 IC118 RAMP35 btwn NICHOLAS ST & HWY417 IC118 RAMP45,369491.7125,5030914.517,-75.67345,45.41518,2017-12-03,5:51:00 AM,01 - Clear,01 - Dry,10 - No control,01 - Non intersection,07 - Dark,03 - P.D. only,07 - SMV other,Old Ottawa East
8176,HWY417 IC118 RAMP52 btwn HWY417 IC118 RAMP57 & HWY417 IC118 RAMP62,369308.1312,5030892.049,-75.6758,45.41499,2017-10-21,1:00:00 PM,01 - Clear,01 - Dry,10 - No control,01 - Non intersection,01 - Daylight,03 - P.D. only,03 - Rear end,Old Ottawa East
8177,HWY417 IC118 RAMP52 btwn HWY417 IC118 RAMP57 & HWY417 IC118 RAMP62,369324.6833,5030888.585,-75.67559,45.41496,2017-01-29,1:00:00 AM,03 - Snow,03 - Loose snow,10 - No control,01 - Non intersection,07 - Dark,03 - P.D. only,07 - SMV other,Old Ottawa East
8178,HWY417 IC118 RAMP67 btwn HWY417 IC118 RAMP64 & HIGHWAY 417,369598.6904,5031165.466,-75.67205,45.41742,2017-09-14,4:00:00 PM,01 - Clear,01 - Dry,10 - No control,01 - Non intersection,01 - Daylight,03 - P.D. only,04 - Sideswipe,Sandy Hill
8179,HWY417 IC118 RAMP67 btwn HWY417 IC118 RAMP64 & HIGHWAY 417,369713.7927,5031157.307,-75.67058,45.41734,2017-12-18,7:20:00 PM,03 - Snow,03 - Loose snow,10 - No control,01 - Non intersection,07 - Dark,03 - P.D. only,04 - Sideswipe,Sandy Hill
8180,HWY417 IC118 RAMP67 btwn HWY417 IC118 RAMP64 & HIGHWAY 417,369704.9857,5031159.995,-75.6707,45.41736,2017-06-24,8:35:00 PM,01 - Clear,01 - Dry,10 - No control,01 - Non intersection,05 - Dusk,02 - Non-fatal injury,04 - Sideswipe,Sandy Hill
8181,HWY417 IC118 RAMP76 btwn HIGHWAY 417 & HWY417 IC118 RAMP43,369311.395,5030976.647,-75.67575,45.41575,2017-10-16,5:30:00 AM,01 - Clear,01 - Dry,10 - No control,01 - Non intersection,07 - Dark,03 - P.D. only,04 - Sideswipe,Old Ottawa East