Record,Location,X,Y,Longitude,Latitude,Date,Time,Environment,Road_Surface,Traffic_Control,Collision_Location,Light,Collision_Classification,Impact_type,Neighborhood
8182,HWY417 IC118 RAMP76 btwn HIGHWAY 417 & HWY417 IC118 RAMP43,369386.7824,5031063.46,-75.67477,45.41653,2017-08-06,2:24:00 PM,01 - Clear,01 - Dry,10 - No control,01 - Non intersection,01 - Daylight,02 - Non-fatal injury,07 - SMV other,Old Ottawa East
8183,HWY417 IC118 RAMP76 btwn HIGHWAY 417 & HWY417 IC118 RAMP43,369383.5163,5031060.689,-75.67482,45.4165,2017-06-08,4:10:00 AM,01 - Clear,01 - Dry,10 - No control,01 - Non intersection,07 - Dark,03 - P.D. only,07 - SMV other,Old Ottawa East
8184,HWY417 IC118 RAMP76 btwn HIGHWAY 417 & HWY417 IC118 RAMP43,369388.6807,5031078.353,-75.67475,45.41666,2017-03-19,5:45:00 PM,01 - Clear,01 - Dry,10 - No control,01 - Non intersection,01 - Daylight,03 - P.D. only,07 - SMV other,Old Ottawa East
8185,HWY417 IC119A RAMP75 btwn METCALFE ST & HIGHWAY 417,368549.6683,5030477.972,-75.68554,45.41133,2017-09-14,3:51:00 PM,01 - Clear,01 - Dry,10 - No control,01 - Non intersection,01 - Daylight,03 - P.D. only,03 - Rear end,The Glebe
8186,HWY417 IC119A RAMP75 btwn METCALFE ST & HIGHWAY 417,368557.042,5030481.942,-75.68545,45.41137,2017-08-24,3:15:00 PM,01 - Clear,01 - Dry,10 - No control,01 - Non intersection,01 - Daylight,03 - P.D. only,03 - Rear end,The Glebe
8187,HWY417 IC119A RAMP75 btwn METCALFE ST & HIGHWAY 417,368545.0566,5030472.77,-75.6856,45.41129,2017-12-12,6:40:00 AM,03 - Snow,03 - Loose snow,10 - No control,01 - Non intersection,07 - Dark,03 - P.D. only,04 - Sideswipe,The Glebe
8188,HWY417 IC120B RAMP36 btwn HIGHWAY 417 & CATHERINE ST,367739.0048,5030008.279,-75.69596,45.40718,2017-12-28,9:04:00 AM,01 - Clear,06 - Ice,10 - No control,01 - Non intersection,01 - Daylight,03 - P.D. only,07 - SMV other,Centretown
8189,HWY417 IC120B RAMP36 btwn HIGHWAY 417 & CATHERINE ST,367706.9519,5029981.719,-75.69637,45.40695,2017-12-12,11:14:00 AM,03 - Snow,03 - Loose snow,10 - No control,01 - Non intersection,01 - Daylight,03 - P.D. only,03 - Rear end,The Glebe
8190,HWY417 IC120B RAMP36 btwn HIGHWAY 417 & CATHERINE ST,367762.0326,5030029.855,-75.69566,45.40737,2017-07-21,2:58:00 PM,01 - Clear,00 - Unknown,10 - No control,01 - Non intersection,01 - Daylight,03 - P.D. only,07 - SMV other,Centretown
8191,HWY417 IC121A RAMP16 btwn HIGHWAY 417 & RAYMOND ST,367107.5527,5029711.792,-75.70406,45.40457,2017-06-02,11:35:00 PM,01 - Clear,01 - Dry,10 - No control,01 - Non intersection,07 - Dark,02 - Non-fatal injury,03 - Rear end,Centretown West
8192,HWY417 IC121A RAMP16 btwn HIGHWAY 417 & RAYMOND ST,367154.4313,5029742.517,-75.70346,45.40484,2017-01-17,8:25:00 AM,01 - Clear,02 - Wet,10 - No control,01 - Non intersection,01 - Daylight,02 - Non-fatal injury,07 - SMV other,Centretown West
8193,HWY417 IC121A RAMP51 btwn HIGHWAY 417 & BRONSON AVE,367131.8015,5029672.616,-75.70376,45.40422,2017-04-22,9:43:00 AM,01 - Clear,01 - Dry,10 - No control,01 - Non intersection,01 - Daylight,03 - P.D. only,03 - Rear end,The Glebe Annex
8194,HWY417 IC121B RAMP51 btwn HIGHWAY 417 & ROCHESTER ST,366627.0498,5029515.248,-75.71023,45.40284,2017-02-11,3:50:00 AM,03 - Snow,03 - Loose snow,10 - No control,01 - Non intersection,07 - Dark,02 - Non-fatal injury,99 - Other,Little Italy
8195,HWY417 IC121B RAMP51 btwn HIGHWAY 417 & ROCHESTER ST,366613.7815,5029511.766,-75.7104,45.40281,2017-04-05,4:15:00 PM,01 - Clear,01 - Dry,10 - No control,01 - Non intersection,01 - Daylight,03 - P.D. only,07 - SMV other,Little Italy
8196,HWY417 IC123 RAMP62 btwn ISLAND PARK DR & HIGHWAY 417,364555.6424,5028047.848,-75.73686,45.38982,2017-12-08,8:15:00 PM,03 - Snow,06 - Ice,10 - No control,01 - Non intersection,07 - Dark,02 - Non-fatal injury,07 - SMV other,Westboro
8197,HWY417 IC124 RAMP55 btwn CARLING AVE EB & HIGHWAY 417,364426.5919,5027466.268,-75.73858,45.3846,2017-06-30,4:15:00 PM,02 - Rain,02 - Wet,10 - No control,01 - Non intersection,01 - Daylight,03 - P.D. only,03 - Rear end,Carlington
8198,HWY417 IC124 RAMP67 btwn CARLING AVE & HIGHWAY 417,364555.8587,5027717.812,-75.7369,45.38685,2017-12-08,4:25:00 PM,01 - Clear,01 - Dry,10 - No control,01 - Non intersection,05 - Dusk,03 - P.D. only,03 - Rear end,Westboro
8199,HWY417 IC124 RAMP67 btwn CARLING AVE & HIGHWAY 417,364396.3581,5027563.736,-75.73895,45.38548,2017-12-28,5:31:00 PM,01 - Clear,01 - Dry,10 - No control,01 - Non intersection,07 - Dark,03 - P.D. only,03 - Rear end,Westboro
8200,HWY417 IC126 RAMP25 btwn HWY417 IC126 RAMP55 & HIGHWAY 417,363317.4501,5025960.204,-75.75292,45.37114,2017-12-31,8:00:00 AM,01 - Clear,06 - Ice,10 - No control,01 - Non intersection,01 - Daylight,02 - Non-fatal injury,03 - Rear end,Carlington
8201,HWY417 IC126 RAMP25 btwn HWY417 IC126 RAMP55 & HIGHWAY 417,363311.735,5025984.933,-75.75299,45.37136,2017-12-31,7:28:00 AM,01 - Clear,06 - Ice,10 - No control,01 - Non intersection,03 - Dawn,03 - P.D. only,07 - SMV other,Carlington
8202,HWY417 IC126 RAMP25 btwn HWY417 IC126 RAMP55 & HIGHWAY 417,363309.9409,5025986.911,-75.75301,45.37138,2017-05-14,12:00:00 PM,01 - Clear,01 - Dry,10 - No control,01 - Non intersection,01 - Daylight,03 - P.D. only,07 - SMV other,Carlington
8203,HWY417 IC126 RAMP51 btwn HIGHWAY 417 & HWY417 IC126 RAMP52,363270.6085,5025930.197,-75.75352,45.37088,2017-02-18,7:50:00 AM,01 - Clear,02 - Wet,10 - No control,01 - Non intersection,01 - Daylight,03 - P.D. only,07 - SMV other,Carlington
8204,HWY417 IC126 RAMP52 btwn MAITLAND AVE & HWY417 IC126 RAMP51,363217.6189,5025824.918,-75.75421,45.36993,2017-03-24,10:40:00 AM,03 - Snow,05 - Packed snow,10 - No control,01 - Non intersection,01 - Daylight,03 - P.D. only,03 - Rear end,Carlington
8205,HWY417 IC126 RAMP61 btwn HWY417 IC126 RAMP63 & HIGHWAY 417,363129.0397,5025845.909,-75.75534,45.37013,2017-10-21,11:10:00 AM,01 - Clear,01 - Dry,10 - No control,01 - Non intersection,01 - Daylight,02 - Non-fatal injury,07 - SMV other,Glabar Park
8206,HWY417 IC127 RAMP25 btwn WOODROFFE AVE & HIGHWAY 417,362175.6733,5024789.718,-75.76763,45.3607,2017-02-09,9:05:00 AM,01 - Clear,01 - Dry,10 - No control,01 - Non intersection,01 - Daylight,02 - Non-fatal injury,03 - Rear end,Braemar Park - Bel Air Heights - Copeland Park
8207,HWY417 IC127 RAMP51 btwn HIGHWAY 417 & HWY417 IC127 RAMP53,361866.8439,5024615.417,-75.77159,45.35916,2017-07-24,9:36:00 AM,02 - Rain,02 - Wet,10 - No control,01 - Non intersection,01 - Daylight,03 - P.D. only,07 - SMV other,Iris
8208,HWY417 IC127 RAMP62 btwn WOODROFFE AVE & HWY417 IC127 RAMP68,362133.4011,5024950.544,-75.76815,45.36215,2017-10-27,3:14:00 PM,01 - Clear,01 - Dry,10 - No control,01 - Non intersection,01 - Daylight,03 - P.D. only,07 - SMV other,Glabar Park
8209,HWY417 IC127 RAMP62 btwn WOODROFFE AVE & HWY417 IC127 RAMP68,362123.6031,5024954.818,-75.76828,45.36219,2017-02-09,10:00:00 AM,01 - Clear,01 - Dry,10 - No control,01 - Non intersection,01 - Daylight,03 - P.D. only,03 - Rear end,Glabar Park
8210,HWY417 IC127 RAMP63 btwn HIGHWAY 417 & WOODROFFE AVE,361984.4966,5024810.569,-75.77007,45.36091,2017-08-27,2:48:00 PM,01 - Clear,01 - Dry,10 - No control,01 - Non intersection,01 - Daylight,02 - Non-fatal injury,07 - SMV other,Whitehaven - Queensway Terrace North
8211,HWY417 IC127 RAMP63 btwn HIGHWAY 417 & WOODROFFE AVE,361989.7836,5024810.957,-75.77,45.36091,2017-01-15,3:20:00 AM,01 - Clear,01 - Dry,10 - No control,01 - Non intersection,07 - Dark,03 - P.D. only,07 - SMV other,Whitehaven - Queensway Terrace North
8212,HWY417 IC127 RAMP63 btwn HIGHWAY 417 & WOODROFFE AVE,361981.9412,5024810.623,-75.7701,45.36091,2017-04-24,6:14:00 AM,01 - Clear,01 - Dry,10 - No control,01 - Non intersection,01 - Daylight,03 - P.D. only,07 - SMV other,Whitehaven - Queensway Terrace North
8213,HWY417 IC127 RAMP63 btwn HIGHWAY 417 & WOODROFFE AVE,361968.2371,5024817.933,-75.77028,45.36097,2017-02-07,2:20:00 PM,01 - Clear,02 - Wet,10 - No control,01 - Non intersection,01 - Daylight,03 - P.D. only,07 - SMV other,Whitehaven - Queensway Terrace North
8214,HWY417 IC129 RAMP25 btwn GREENBANK RD & HIGHWAY 417,360545.097,5023560.78,-75.78858,45.34978,2017-12-23,7:02:00 PM,03 - Snow,03 - Loose snow,10 - No control,01 - Non intersection,07 - Dark,03 - P.D. only,03 - Rear end,Iris
8215,HWY417 IC129 RAMP51 btwn ASHLEY ST & HWY417 IC129 RAMP53,360461.5753,5023294.133,-75.78968,45.34738,2017-04-02,10:44:00 AM,01 - Clear,01 - Dry,10 - No control,01 - Non intersection,01 - Daylight,03 - P.D. only,04 - Sideswipe,Qualicum - Redwood Park
8216,HWY417 IC129 RAMP51 btwn HIGHWAY 417 & ASHLEY ST,360155.1426,5023278.814,-75.79359,45.34727,2017-08-30,4:15:00 PM,01 - Clear,01 - Dry,10 - No control,01 - Non intersection,01 - Daylight,03 - P.D. only,03 - Rear end,Qualicum - Redwood Park
8217,HWY417 IC129 RAMP51 btwn HIGHWAY 417 & ASHLEY ST,360188.8477,5023294.361,-75.79316,45.34741,2017-11-22,9:00:00 AM,01 - Clear,02 - Wet,10 - No control,01 - Non intersection,01 - Daylight,03 - P.D. only,04 - Sideswipe,Qualicum - Redwood Park
8218,HWY417 IC129 RAMP51 btwn HIGHWAY 417 & ASHLEY ST,360198.3092,5023300.392,-75.79304,45.34746,2017-03-20,8:45:00 AM,01 - Clear,01 - Dry,10 - No control,01 - Non intersection,01 - Daylight,03 - P.D. only,03 - Rear end,Qualicum - Redwood Park
8219,HWY417 IC129 RAMP51 btwn HIGHWAY 417 & ASHLEY ST,360188.9531,5023298.655,-75.79316,45.34745,2017-05-03,7:50:00 AM,01 - Clear,01 - Dry,10 - No control,01 - Non intersection,01 - Daylight,03 - P.D. only,04 - Sideswipe,Qualicum - Redwood Park
8220,HWY417 IC129 RAMP51 btwn HIGHWAY 417 & ASHLEY ST,360193.9578,5023294.81,-75.79309,45.34741,2017-02-11,1:20:00 PM,01 - Clear,01 - Dry,10 - No control,01 - Non intersection,01 - Daylight,03 - P.D. only,99 - Other,Qualicum - Redwood Park
8221,HWY417 IC129 RAMP51 btwn HIGHWAY 417 & ASHLEY ST,360215.8458,5023311.249,-75.79281,45.34756,2017-06-11,6:30:00 PM,01 - Clear,01 - Dry,10 - No control,01 - Non intersection,01 - Daylight,03 - P.D. only,04 - Sideswipe,Qualicum - Redwood Park
8222,HWY417 IC129 RAMP61 btwn HWY417 IC129 RAMP63 & HIGHWAY 417,360470.5159,5023722.35,-75.78952,45.35124,2017-11-03,3:36:00 PM,01 - Clear,01 - Dry,10 - No control,01 - Non intersection,01 - Daylight,03 - P.D. only,07 - SMV other,Whitehaven - Queensway Terrace North
8223,HWY417 IC129 RAMP61 btwn HWY417 IC129 RAMP63 & HIGHWAY 417,360618.9911,5023715.458,-75.78762,45.35116,2017-02-24,2:31:00 PM,03 - Snow,02 - Wet,10 - No control,01 - Non intersection,01 - Daylight,03 - P.D. only,07 - SMV other,Whitehaven - Queensway Terrace North
8224,HWY417 IC131 RAMP55 btwn HIGHWAY 417 & HWY416 IC75B RAMP25,358389.5948,5022765.885,-75.81618,45.34279,2017-12-14,4:55:00 PM,03 - Snow,03 - Loose snow,10 - No control,01 - Non intersection,07 - Dark,03 - P.D. only,07 - SMV other,Greenbelt
8225,HWY417 IC131 RAMP55 btwn HIGHWAY 417 & HWY416 IC75B RAMP25,358365.9489,5022760.724,-75.81648,45.34275,2017-12-18,7:30:00 AM,01 - Clear,04 - Slush,10 - No control,01 - Non intersection,03 - Dawn,02 - Non-fatal injury,03 - Rear end,Greenbelt
8226,HWY417 IC131 RAMP55 btwn HIGHWAY 417 & HWY416 IC75B RAMP25,358416.282,5022774.072,-75.81583,45.34286,2017-03-28,4:55:00 AM,01 - Clear,01 - Dry,10 - No control,01 - Non intersection,07 - Dark,03 - P.D. only,07 - SMV other,Greenbelt
8227,HWY417 IC131 RAMP55 btwn HIGHWAY 417 & HWY416 IC75B RAMP25,358423.6373,5022779.722,-75.81574,45.34291,2017-02-02,6:45:00 AM,01 - Clear,01 - Dry,10 - No control,01 - Non intersection,07 - Dark,03 - P.D. only,03 - Rear end,Greenbelt
8228,HWY417 IC131 RAMP55 btwn HIGHWAY 417 & HWY416 IC75B RAMP25,358429.0824,5022774.218,-75.81567,45.34286,2017-06-20,9:45:00 AM,01 - Clear,01 - Dry,10 - No control,01 - Non intersection,01 - Daylight,03 - P.D. only,03 - Rear end,Greenbelt
8229,HWY417 IC131 RAMP63 btwn HWY417 IC131 RAMP53 & HWY417 IC131 RAMP66,358593.8077,5022898.524,-75.81355,45.34397,2017-12-14,7:56:00 AM,01 - Clear,02 - Wet,10 - No control,01 - Non intersection,01 - Daylight,03 - P.D. only,07 - SMV other,Greenbelt
8230,HWY417 IC131 RAMP66 btwn HWY417 IC130 RAMP36 & HWY417 IC131 RAMP63,358517.8469,5022911.147,-75.81452,45.34409,2017-11-29,5:05:00 PM,01 - Clear,01 - Dry,10 - No control,01 - Non intersection,07 - Dark,03 - P.D. only,03 - Rear end,Greenbelt
8231,HWY417 IC131 RAMP66 btwn HWY417 IC130 RAMP36 & HWY417 IC131 RAMP63,358518.9951,5022912.302,-75.81451,45.3441,2017-09-25,4:30:00 PM,01 - Clear,01 - Dry,10 - No control,01 - Non intersection,01 - Daylight,03 - P.D. only,04 - Sideswipe,Greenbelt
8232,HWY417 IC131 RAMP66 btwn HWY417 IC130 RAMP36 & HWY417 IC131 RAMP63,358513.0038,5022907.102,-75.81459,45.34405,2017-10-21,10:46:00 AM,01 - Clear,01 - Dry,10 - No control,01 - Non intersection,01 - Daylight,03 - P.D. only,04 - Sideswipe,Greenbelt
8233,HWY417 IC131 RAMP66 btwn HWY417 IC130 RAMP36 & HWY417 IC131 RAMP63,358615.4013,5022950.602,-75.81327,45.34444,2017-12-13,5:30:00 PM,01 - Clear,01 - Dry,10 - No control,01 - Non intersection,07 - Dark,03 - P.D. only,03 - Rear end,Bayshore
8234,HWY417 IC131 RAMP66 btwn HWY417 IC130 RAMP36 & HWY417 IC131 RAMP63,358701.4738,5022985.641,-75.81217,45.34475,2017-05-22,6:15:00 PM,01 - Clear,01 - Dry,10 - No control,01 - Non intersection,01 - Daylight,03 - P.D. only,04 - Sideswipe,Bayshore
8235,HWY417 IC131 RAMP66 btwn HWY417 IC130 RAMP36 & HWY417 IC131 RAMP63,358457.5116,5022890.966,-75.81529,45.34391,2017-05-31,5:00:00 PM,02 - Rain,02 - Wet,10 - No control,01 - Non intersection,01 - Daylight,03 - P.D. only,03 - Rear end,Greenbelt
8236,HWY417 IC131 RAMP66 btwn HWY417 IC130 RAMP36 & HWY417 IC131 RAMP63,358556.9525,5022928.856,-75.81402,45.34425,2017-04-01,7:35:00 AM,02 - Rain,02 - Wet,10 - No control,01 - Non intersection,01 - Daylight,03 - P.D. only,03 - Rear end,Greenbelt
8237,HWY417 IC131 RAMP66 btwn HWY417 IC130 RAMP36 & HWY417 IC131 RAMP63,358537.1291,5022914.726,-75.81428,45.34412,2017-02-15,8:00:00 PM,03 - Snow,03 - Loose snow,10 - No control,01 - Non intersection,07 - Dark,03 - P.D. only,07 - SMV other,Greenbelt
8238,HWY417 IC131 RAMP66 btwn HWY417 IC130 RAMP36 & HWY417 IC131 RAMP63,358457.7688,5022894.299,-75.81529,45.34394,2017-04-27,8:35:00 AM,01 - Clear,01 - Dry,10 - No control,01 - Non intersection,01 - Daylight,02 - Non-fatal injury,04 - Sideswipe,Greenbelt
8239,HWY417 IC134 RAMP36 btwn HIGHWAY 417 & HWY417 IC134 RAMP66,356187.3753,5022167.685,-75.84434,45.33757,2017-06-08,9:30:00 PM,01 - Clear,01 - Dry,10 - No control,01 - Non intersection,07 - Dark,03 - P.D. only,07 - SMV other,Greenbelt
8240,HWY417 IC134 RAMP51 btwn HIGHWAY 417 & HWY417 IC134 RAMP53,356139.0285,5022052.189,-75.84497,45.33654,2017-01-04,6:30:00 AM,03 - Snow,06 - Ice,10 - No control,01 - Non intersection,07 - Dark,03 - P.D. only,07 - SMV other,Greenbelt
8241,HWY417 IC138 RAMP25 btwn EAGLESON RD & EAGLESON RD,353034.1711,5020032.517,-75.88477,45.31859,2017-03-03,4:58:00 PM,01 - Clear,01 - Dry,10 - No control,01 - Non intersection,01 - Daylight,03 - P.D. only,03 - Rear end,Greenbelt
8242,HWY417 IC138 RAMP35 btwn HIGHWAY 417 & EAGLESON RD,352886.37,5020162.709,-75.88665,45.31977,2017-04-02,12:10:00 AM,01 - Clear,01 - Dry,10 - No control,01 - Non intersection,07 - Dark,03 - P.D. only,07 - SMV other,Katimavik - Hazeldean
8243,HWY417 IC138 RAMP51 btwn HIGHWAY 417 & EAGLESON RD,352776.3964,5020012.326,-75.88806,45.31842,2017-06-25,9:00:00 PM,01 - Clear,01 - Dry,10 - No control,01 - Non intersection,05 - Dusk,02 - Non-fatal injury,04 - Sideswipe,Katimavik - Hazeldean
8244,HWY417 IC138 RAMP61 btwn HWY417 IC138 RAMP62 & HIGHWAY 417,353203.1801,5020496.381,-75.88257,45.32275,2017-02-12,3:30:00 PM,03 - Snow,03 - Loose snow,10 - No control,01 - Non intersection,01 - Daylight,03 - P.D. only,07 - SMV other,Greenbelt
8245,HWY417 IC138 RAMP61 btwn HWY417 IC138 RAMP62 & HIGHWAY 417,353378.7057,5020528.43,-75.88033,45.32302,2017-06-20,8:55:00 AM,01 - Clear,01 - Dry,10 - No control,01 - Non intersection,01 - Daylight,03 - P.D. only,03 - Rear end,Greenbelt
8246,HWY417 IC140 RAMP25 btwn TERRY FOX DR & HIGHWAY 417,351093.8145,5018623.756,-75.90965,45.30604,2017-02-15,9:45:00 AM,01 - Clear,03 - Loose snow,10 - No control,01 - Non intersection,01 - Daylight,03 - P.D. only,07 - SMV other,Katimavik - Hazeldean
8247,HWY417 IC140 RAMP35 btwn TERRY FOX DR & HIGHWAY 417,350883.0026,5018497.87,-75.91235,45.30492,2017-07-19,9:25:00 PM,01 - Clear,01 - Dry,10 - No control,01 - Non intersection,07 - Dark,03 - P.D. only,07 - SMV other,Katimavik - Hazeldean
8248,HWY417 IC140 RAMP36 btwn TERRY FOX DR & HIGHWAY 417,350718.0321,5018485.638,-75.91446,45.30482,2017-12-31,12:38:00 AM,01 - Clear,06 - Ice,10 - No control,01 - Non intersection,07 - Dark,03 - P.D. only,07 - SMV other,Kanata Lakes - Marchwood Lakeside - Morgan's Grant - Kanata
8249,HWY417 IC140 RAMP36 btwn TERRY FOX DR & HIGHWAY 417,350767.6838,5018527.986,-75.91382,45.3052,2017-02-11,12:45:00 PM,03 - Snow,03 - Loose snow,10 - No control,01 - Non intersection,01 - Daylight,03 - P.D. only,04 - Sideswipe,Kanata Lakes - Marchwood Lakeside - Morgan's Grant - Kanata
8250,HWY417 IC142 RAMP51 btwn HIGHWAY 417 & HWY417 IC142 RAMP52,348883.2463,5016970.021,-75.93799,45.2913,2017-12-18,11:04:00 AM,03 - Snow,03 - Loose snow,10 - No control,01 - Non intersection,01 - Daylight,03 - P.D. only,07 - SMV other,Stittsville - Basswood
8251,HWY417 IC142 RAMP61 btwn HWY417 IC142 RAMP63 & HIGHWAY 417,348906.341,5017459.165,-75.93765,45.2957,2017-07-25,11:00:00 AM,01 - Clear,01 - Dry,10 - No control,01 - Non intersection,01 - Daylight,02 - Non-fatal injury,03 - Rear end,Stittsville - Basswood
8252,HWY417 IC144 RAMP61 btwn HWY417 IC144 RAMP63 & HIGHWAY 417,347731.8749,5016179.013,-75.95274,45.28426,2017-09-16,2:57:00 AM,01 - Clear,01 - Dry,10 - No control,01 - Non intersection,07 - Dark,03 - P.D. only,07 - SMV other,Stittsville - Basswood
8253,HWY417 IC144 RAMP61 btwn HWY417 IC144 RAMP63 & HIGHWAY 417,347672.7705,5016133.312,-75.95349,45.28385,2017-06-17,2:55:00 PM,01 - Clear,01 - Dry,10 - No control,01 - Non intersection,01 - Daylight,03 - P.D. only,07 - SMV other,Stittsville - Basswood
8254,HWY417 IC145 RAMP55 btwn HIGHWAY 7 & HIGHWAY 417,346269.9733,5014713.356,-75.97149,45.27115,2017-11-30,7:30:00 PM,02 - Rain,02 - Wet,10 - No control,01 - Non intersection,07 - Dark,03 - P.D. only,07 - SMV other,Stittsville - Basswood
8255,HWY417 IC155 RAMP25 btwn MARCH RD & HIGHWAY 417,340146.9567,5019150.904,-76.04921,45.31142,2017-01-03,4:30:00 PM,03 - Snow,03 - Loose snow,10 - No control,01 - Non intersection,05 - Dusk,03 - P.D. only,07 - SMV other,Carp - Hardwood Plains
8256,HWY417 IC155 RAMP51 btwn HIGHWAY 417 & MARCH RD,339189.6654,5019324.362,-76.0614,45.31303,2017-03-08,7:43:00 AM,01 - Clear,06 - Ice,10 - No control,01 - Non intersection,01 - Daylight,03 - P.D. only,07 - SMV other,Carp - Hardwood Plains
8257,HWY417 IC163 RAMP61 btwn PANMURE RD & HIGHWAY 417,331786.0882,5021402.103,-76.15571,45.33205,2017-11-11,2:30:00 AM,01 - Clear,01 - Dry,10 - No control,01 - Non intersection,07 - Dark,03 - P.D. only,07 - SMV other,Carp - Hardwood Plains
8258,HWY417 IC180 RAMP35 btwn HWY417 IC180 RAMP25 & HIGHWAY 417,317950.1372,5030871.323,-76.33198,45.41765,2017-02-05,10:26:00 AM,03 - Snow,03 - Loose snow,10 - No control,01 - Non intersection,01 - Daylight,03 - P.D. only,07 - SMV other,Arnprior
8259,HWY417 IC88 RAMP16 btwn HIGHWAY 417 & ROCKDALE RD,395434.6964,5022506.868,-75.34359,45.33665,2017-02-01,6:15:00 AM,01 - Clear,06 - Ice,10 - No control,01 - Non intersection,07 - Dark,03 - P.D. only,07 - SMV other,Navan - Vars
8260,HWY417 IC88 RAMP16 btwn HIGHWAY 417 & ROCKDALE RD,395394.7262,5022498.702,-75.3441,45.33659,2017-07-02,12:30:00 AM,01 - Clear,01 - Dry,10 - No control,01 - Non intersection,07 - Dark,01 - Fatal injury,07 - SMV other,Navan - Vars
8261,HWY417 IC88 RAMP51 btwn HIGHWAY 417 & ROCKDALE RD,394974.9941,5022398.16,-75.34947,45.33574,2017-10-01,1:00:00 AM,01 - Clear,01 - Dry,10 - No control,01 - Non intersection,07 - Dark,03 - P.D. only,07 - SMV other,Navan - Vars
8262,HWY417 IC96 RAMP15 btwn BOUNDARY RD & RAMP,387294.903,5023740.111,-75.44722,45.34875,2017-06-22,1:30:00 PM,01 - Clear,01 - Dry,10 - No control,01 - Non intersection,01 - Daylight,03 - P.D. only,07 - SMV other,Greenbelt
8263,HWY417 IC96 RAMP51 btwn HIGHWAY 417 & BOUNDARY RD,387099.5023,5023863.287,-75.44969,45.34989,2017-05-13,7:50:00 AM,01 - Clear,01 - Dry,10 - No control,01 - Non intersection,01 - Daylight,03 - P.D. only,07 - SMV other,Greenbelt
8264,IBER RD btwn HARRY DOUGLAS DR & ABBOTT ST E,351755.5623,5015135.415,-75.90155,45.27461,2017-01-11,2:30:00 PM,01 - Clear,04 - Slush,10 - No control,04 - At/near private drive,01 - Daylight,02 - Non-fatal injury,03 - Rear end,Stittsville
8265,IMPERIAL AVE btwn BRONSON AVE & CHAMBERLAIN AVE,367336.4291,5029656.261,-75.70115,45.40405,2017-05-15,9:00:00 AM,01 - Clear,01 - Dry,10 - No control,04 - At/near private drive,01 - Daylight,02 - Non-fatal injury,02 - Angle,The Glebe
8266,IMPERIAL AVE btwn BRONSON AVE & CHAMBERLAIN AVE,367341.1113,5029655.592,-75.70109,45.40404,2017-11-16,9:11:00 AM,02 - Rain,02 - Wet,10 - No control,04 - At/near private drive,01 - Daylight,03 - P.D. only,03 - Rear end,The Glebe
8267,INDUSTRIAL AVE @ ALTA VISTA DR/SANDFORD FLEMIN,370886.396,5030556.232,-75.65568,45.41182,2017-06-25,7:41:00 AM,01 - Clear,01 - Dry,01 - Traffic signal,03 - At intersection,01 - Daylight,03 - P.D. only,02 - Angle,Industrial Park
8268,INDUSTRIAL AVE @ ALTA VISTA DR/SANDFORD FLEMIN,370885.0583,5030558.239,-75.6557,45.41184,2017-05-20,6:19:00 AM,01 - Clear,01 - Dry,01 - Traffic signal,03 - At intersection,01 - Daylight,02 - Non-fatal injury,02 - Angle,Industrial Park
8269,INDUSTRIAL AVE @ ALTA VISTA DR/SANDFORD FLEMIN,370884.3034,5030558.125,-75.65571,45.41184,2017-05-12,9:15:00 AM,01 - Clear,01 - Dry,01 - Traffic signal,02 - Intersection related,01 - Daylight,03 - P.D. only,03 - Rear end,Industrial Park
8270,INDUSTRIAL AVE @ ALTA VISTA DR/SANDFORD FLEMIN,370885.6153,5030556.46,-75.65569,45.41182,2017-05-31,3:35:00 PM,01 - Clear,01 - Dry,01 - Traffic signal,02 - Intersection related,01 - Daylight,03 - P.D. only,03 - Rear end,Industrial Park
8271,INDUSTRIAL AVE @ ALTA VISTA DR/SANDFORD FLEMIN,370885.4663,5030557.603,-75.6557,45.41183,2017-07-19,4:31:00 PM,01 - Clear,01 - Dry,01 - Traffic signal,02 - Intersection related,01 - Daylight,03 - P.D. only,03 - Rear end,Industrial Park
8272,INDUSTRIAL AVE @ ALTA VISTA DR/SANDFORD FLEMIN,370884.7238,5030556.9,-75.65571,45.41183,2017-07-23,11:00:00 AM,01 - Clear,01 - Dry,01 - Traffic signal,02 - Intersection related,01 - Daylight,03 - P.D. only,05 - Turning movement,Industrial Park
8273,INDUSTRIAL AVE @ ALTA VISTA DR/SANDFORD FLEMIN,370885.567,5030555.915,-75.65569,45.41182,2017-08-12,2:50:00 PM,01 - Clear,01 - Dry,01 - Traffic signal,03 - At intersection,01 - Daylight,03 - P.D. only,05 - Turning movement,Industrial Park
8274,INDUSTRIAL AVE @ ALTA VISTA DR/SANDFORD FLEMIN,370885.6796,5030557.331,-75.65569,45.41183,2017-09-07,8:00:00 PM,02 - Rain,02 - Wet,01 - Traffic signal,03 - At intersection,05 - Dusk,03 - P.D. only,05 - Turning movement,Industrial Park
8275,INDUSTRIAL AVE @ ALTA VISTA DR/SANDFORD FLEMIN,370885.2017,5030557.331,-75.6557,45.41183,2017-12-07,4:47:00 PM,01 - Clear,01 - Dry,01 - Traffic signal,03 - At intersection,05 - Dusk,03 - P.D. only,05 - Turning movement,Industrial Park
8276,INDUSTRIAL AVE @ ALTA VISTA DR/SANDFORD FLEMIN,370884.7238,5030558.28,-75.65571,45.41184,2017-12-14,3:36:00 PM,01 - Clear,04 - Slush,01 - Traffic signal,03 - At intersection,01 - Daylight,03 - P.D. only,03 - Rear end,Industrial Park
8277,INDUSTRIAL AVE @ ALTA VISTA DR/SANDFORD FLEMIN,370883.7205,5030558.239,-75.65572,45.41184,2017-11-26,6:58:00 PM,03 - Snow,03 - Loose snow,01 - Traffic signal,03 - At intersection,07 - Dark,03 - P.D. only,05 - Turning movement,Industrial Park
8278,INDUSTRIAL AVE @ ALTA VISTA DR/SANDFORD FLEMIN,370885.5213,5030556.259,-75.6557,45.41182,2017-01-04,8:33:00 PM,01 - Clear,04 - Slush,01 - Traffic signal,02 - Intersection related,07 - Dark,03 - P.D. only,03 - Rear end,Industrial Park