Record,Location,X,Y,Longitude,Latitude,Date,Time,Environment,Road_Surface,Traffic_Control,Collision_Location,Light,Collision_Classification,Impact_type,Neighborhood
8279,INDUSTRIAL AVE @ ALTA VISTA DR/SANDFORD FLEMIN,370885.8167,5030557.024,-75.65569,45.41183,2017-01-27,12:13:00 PM,01 - Clear,01 - Dry,01 - Traffic signal,02 - Intersection related,01 - Daylight,03 - P.D. only,03 - Rear end,Industrial Park
8280,INDUSTRIAL AVE @ ALTA VISTA DR/SANDFORD FLEMIN,370885.7271,5030556.901,-75.65569,45.41183,2017-03-29,4:00:00 PM,01 - Clear,01 - Dry,01 - Traffic signal,02 - Intersection related,01 - Daylight,03 - P.D. only,04 - Sideswipe,Industrial Park
8281,INDUSTRIAL AVE @ ALTA VISTA DR/SANDFORD FLEMIN,370885.0583,5030556.232,-75.6557,45.41182,2017-04-17,1:25:00 PM,01 - Clear,01 - Dry,01 - Traffic signal,03 - At intersection,01 - Daylight,03 - P.D. only,05 - Turning movement,Industrial Park
8282,INDUSTRIAL AVE @ ALTA VISTA DR/SANDFORD FLEMIN,370885.7271,5030557.57,-75.65569,45.41183,2017-04-20,11:47:00 AM,01 - Clear,01 - Dry,01 - Traffic signal,02 - Intersection related,01 - Daylight,02 - Non-fatal injury,03 - Rear end,Industrial Park
8283,INDUSTRIAL AVE @ NEIGHBORHOOD WAY,371091.8279,5030527.781,-75.65306,45.41155,2017-08-11,3:25:00 PM,01 - Clear,01 - Dry,02 - Stop sign,03 - At intersection,01 - Daylight,02 - Non-fatal injury,03 - Rear end,Industrial Park
8284,INDUSTRIAL AVE @ NEIGHBORHOOD WAY,371093.725,5030528.895,-75.65304,45.41156,2017-04-05,8:21:00 AM,01 - Clear,01 - Dry,02 - Stop sign,03 - At intersection,01 - Daylight,02 - Non-fatal injury,02 - Angle,Industrial Park
8285,INDUSTRIAL AVE @ RIVERSIDE DR,370684.7459,5030592.531,-75.65826,45.41217,2017-06-07,2:49:00 PM,01 - Clear,01 - Dry,01 - Traffic signal,03 - At intersection,01 - Daylight,03 - P.D. only,04 - Sideswipe,Industrial Park
8286,INDUSTRIAL AVE @ RIVERSIDE DR,370685.9363,5030592.858,-75.65824,45.41217,2017-07-28,3:20:00 PM,01 - Clear,01 - Dry,01 - Traffic signal,02 - Intersection related,01 - Daylight,03 - P.D. only,04 - Sideswipe,Industrial Park
8287,INDUSTRIAL AVE @ RIVERSIDE DR,370683.8001,5030592.324,-75.65827,45.41217,2017-07-15,1:45:00 PM,01 - Clear,01 - Dry,01 - Traffic signal,02 - Intersection related,01 - Daylight,03 - P.D. only,03 - Rear end,Industrial Park
8288,INDUSTRIAL AVE @ RIVERSIDE DR,370685.0531,5030593.891,-75.65825,45.41218,2017-07-14,2:30:00 PM,01 - Clear,01 - Dry,01 - Traffic signal,03 - At intersection,01 - Daylight,03 - P.D. only,03 - Rear end,Industrial Park
8289,INDUSTRIAL AVE @ RIVERSIDE DR,370685.7219,5030594.56,-75.65824,45.41219,2017-06-28,12:16:00 PM,01 - Clear,01 - Dry,01 - Traffic signal,02 - Intersection related,01 - Daylight,03 - P.D. only,03 - Rear end,Industrial Park
8290,INDUSTRIAL AVE @ RIVERSIDE DR,370685.3274,5030592.858,-75.65825,45.41217,2017-07-21,11:11:00 AM,01 - Clear,01 - Dry,01 - Traffic signal,02 - Intersection related,01 - Daylight,03 - P.D. only,03 - Rear end,Industrial Park
8291,INDUSTRIAL AVE @ RIVERSIDE DR,370684.3842,5030592.553,-75.65826,45.41217,2017-11-14,9:13:00 AM,01 - Clear,01 - Dry,01 - Traffic signal,02 - Intersection related,01 - Daylight,03 - P.D. only,04 - Sideswipe,Industrial Park
8292,INDUSTRIAL AVE @ RIVERSIDE DR,370685.6744,5030592.314,-75.65824,45.41217,2017-11-01,7:12:00 PM,02 - Rain,02 - Wet,01 - Traffic signal,02 - Intersection related,07 - Dark,03 - P.D. only,04 - Sideswipe,Industrial Park
8293,INDUSTRIAL AVE @ RIVERSIDE DR,370683.7153,5030593.222,-75.65827,45.41217,2017-11-15,3:00:00 PM,01 - Clear,01 - Dry,01 - Traffic signal,02 - Intersection related,01 - Daylight,03 - P.D. only,03 - Rear end,Industrial Park
8294,INDUSTRIAL AVE @ RIVERSIDE DR,370683.0019,5030592.553,-75.65828,45.41217,2017-01-09,1:01:00 PM,01 - Clear,01 - Dry,01 - Traffic signal,02 - Intersection related,01 - Daylight,03 - P.D. only,03 - Rear end,Industrial Park
8295,INDUSTRIAL AVE @ RIVERSIDE DR,370685.4691,5030590.677,-75.65825,45.41215,2017-02-17,10:33:00 AM,01 - Clear,02 - Wet,01 - Traffic signal,02 - Intersection related,01 - Daylight,03 - P.D. only,03 - Rear end,Industrial Park
8296,INDUSTRIAL AVE @ RIVERSIDE DR,370684.717,5030591.818,-75.65826,45.41216,2017-04-02,4:25:00 PM,01 - Clear,01 - Dry,01 - Traffic signal,02 - Intersection related,01 - Daylight,03 - P.D. only,03 - Rear end,Industrial Park
8297,INDUSTRIAL AVE @ RIVERSIDE DR,370684.3842,5030593.222,-75.65826,45.41217,2017-04-19,1:47:00 PM,02 - Rain,02 - Wet,01 - Traffic signal,02 - Intersection related,01 - Daylight,03 - P.D. only,04 - Sideswipe,Industrial Park
8298,INDUSTRIAL AVE @ RIVERSIDE DR,370685.7219,5030592.553,-75.65824,45.41217,2017-03-17,12:49:00 PM,01 - Clear,01 - Dry,01 - Traffic signal,03 - At intersection,01 - Daylight,03 - P.D. only,04 - Sideswipe,Industrial Park
8299,INDUSTRIAL AVE @ RIVERSIDE DR,370685.7219,5030592.553,-75.65824,45.41217,2017-04-18,6:40:00 PM,01 - Clear,01 - Dry,01 - Traffic signal,02 - Intersection related,01 - Daylight,03 - P.D. only,02 - Angle,Industrial Park
8300,INDUSTRIAL AVE @ RIVERSIDE DR,370684.3842,5030593.222,-75.65826,45.41217,2017-04-15,11:54:00 AM,01 - Clear,01 - Dry,01 - Traffic signal,02 - Intersection related,01 - Daylight,03 - P.D. only,03 - Rear end,Industrial Park
8301,INDUSTRIAL AVE @ RIVERSIDE DR,370685.192,5030592.317,-75.65825,45.41217,2017-12-26,12:56:00 PM,01 - Clear,01 - Dry,01 - Traffic signal,03 - At intersection,01 - Daylight,03 - P.D. only,02 - Angle,Industrial Park
8302,INDUSTRIAL AVE @ RIVERSIDE DR,370684.7167,5030592.554,-75.65826,45.41217,2017-12-20,5:43:00 PM,01 - Clear,02 - Wet,01 - Traffic signal,02 - Intersection related,07 - Dark,03 - P.D. only,03 - Rear end,Industrial Park
8303,INDUSTRIAL AVE @ RIVERSIDE DR,370684.8349,5030592.305,-75.65825,45.41217,2017-12-27,12:32:00 PM,03 - Snow,06 - Ice,01 - Traffic signal,02 - Intersection related,01 - Daylight,03 - P.D. only,03 - Rear end,Industrial Park
8304,INDUSTRIAL AVE @ RUSSELL RD,372466.202,5030278.843,-75.63554,45.40917,2017-11-09,4:47:00 PM,01 - Clear,01 - Dry,01 - Traffic signal,03 - At intersection,05 - Dusk,03 - P.D. only,05 - Turning movement,Industrial Park
8305,INDUSTRIAL AVE @ RUSSELL RD,372466.7319,5030280.891,-75.63553,45.40919,2017-11-26,8:28:00 PM,03 - Snow,03 - Loose snow,01 - Traffic signal,03 - At intersection,07 - Dark,02 - Non-fatal injury,05 - Turning movement,Industrial Park
8306,INDUSTRIAL AVE @ RUSSELL RD,372467.0633,5030279.726,-75.63553,45.40918,2017-01-06,5:16:00 PM,01 - Clear,06 - Ice,01 - Traffic signal,02 - Intersection related,05 - Dusk,03 - P.D. only,03 - Rear end,Industrial Park
8307,INDUSTRIAL AVE @ TRAINYARDS DR,371685.6207,5030538.81,-75.64548,45.41159,2017-04-29,7:35:00 PM,01 - Clear,01 - Dry,01 - Traffic signal,03 - At intersection,01 - Daylight,02 - Non-fatal injury,07 - SMV other,Industrial Park
8308,INDUSTRIAL AVE @ TRAINYARDS DR,371686.2896,5030538.141,-75.64547,45.41158,2017-06-10,3:34:00 PM,01 - Clear,01 - Dry,01 - Traffic signal,02 - Intersection related,01 - Daylight,03 - P.D. only,03 - Rear end,Industrial Park
8309,INDUSTRIAL AVE @ TRAINYARDS DR,371686.4285,5030540.189,-75.64547,45.4116,2017-09-29,7:46:00 AM,01 - Clear,01 - Dry,01 - Traffic signal,02 - Intersection related,01 - Daylight,02 - Non-fatal injury,03 - Rear end,Industrial Park
8310,INDUSTRIAL AVE @ TRAINYARDS DR,371688.5026,5030538.46,-75.64544,45.41159,2017-12-12,12:19:00 PM,03 - Snow,05 - Packed snow,01 - Traffic signal,03 - At intersection,01 - Daylight,03 - P.D. only,05 - Turning movement,Industrial Park
8311,INDUSTRIAL AVE @ TRAINYARDS DR,371684.9518,5030539.479,-75.64549,45.4116,2017-11-12,11:39:00 AM,01 - Clear,01 - Dry,01 - Traffic signal,02 - Intersection related,01 - Daylight,03 - P.D. only,03 - Rear end,Industrial Park
8312,INDUSTRIAL AVE @ TRAINYARDS DR,371684.2829,5030540.817,-75.64549,45.41161,2017-11-17,2:30:00 PM,01 - Clear,01 - Dry,01 - Traffic signal,03 - At intersection,01 - Daylight,03 - P.D. only,05 - Turning movement,Industrial Park
8313,INDUSTRIAL AVE btwn NEIGHBORHOOD WAY & TRAINYARDS DR,371380.1301,5030552.292,-75.64938,45.41174,2017-07-11,6:31:00 PM,01 - Clear,01 - Dry,10 - No control,01 - Non intersection,01 - Daylight,03 - P.D. only,04 - Sideswipe,Industrial Park
8314,INDUSTRIAL AVE btwn NEIGHBORHOOD WAY & TRAINYARDS DR,371599.4557,5030549.754,-75.64658,45.4117,2017-08-05,10:33:00 AM,01 - Clear,01 - Dry,10 - No control,04 - At/near private drive,01 - Daylight,03 - P.D. only,02 - Angle,Industrial Park
8315,INDUSTRIAL AVE btwn NEIGHBORHOOD WAY & TRAINYARDS DR,371308.2905,5030543.912,-75.6503,45.41167,2017-12-02,5:37:00 PM,01 - Clear,01 - Dry,10 - No control,04 - At/near private drive,07 - Dark,03 - P.D. only,02 - Angle,Industrial Park
8316,INDUSTRIAL AVE btwn RIVERSIDE DR & SANDFORD FLEMING AVE,370794.3523,5030573.286,-75.65686,45.41198,2017-10-20,6:13:00 PM,01 - Clear,01 - Dry,10 - No control,01 - Non intersection,01 - Daylight,03 - P.D. only,03 - Rear end,Industrial Park
8317,INDUSTRIAL AVE btwn RIVERSIDE DR & SANDFORD FLEMING AVE,370833.3577,5030566.755,-75.65636,45.41192,2017-10-17,7:20:00 PM,01 - Clear,01 - Dry,10 - No control,01 - Non intersection,07 - Dark,03 - P.D. only,04 - Sideswipe,Industrial Park
8318,INDUSTRIAL AVE btwn RIVERSIDE DR & SANDFORD FLEMING AVE,370700.4377,5030591.885,-75.65805,45.41216,2017-11-23,10:49:00 AM,01 - Clear,01 - Dry,10 - No control,01 - Non intersection,01 - Daylight,02 - Non-fatal injury,03 - Rear end,Industrial Park
8319,INDUSTRIAL AVE btwn RIVERSIDE DR & SANDFORD FLEMING AVE,370733.4641,5030584.19,-75.65763,45.41209,2017-11-01,3:55:00 PM,01 - Clear,01 - Dry,10 - No control,01 - Non intersection,01 - Daylight,03 - P.D. only,03 - Rear end,Industrial Park
8320,INDUSTRIAL AVE btwn RIVERSIDE DR & SANDFORD FLEMING AVE,370875.2563,5030558.28,-75.65583,45.41184,2017-01-18,6:01:00 PM,02 - Rain,02 - Wet,10 - No control,01 - Non intersection,07 - Dark,03 - P.D. only,03 - Rear end,Industrial Park
8321,INDUSTRIAL AVE btwn RIVERSIDE DR & SANDFORD FLEMING AVE,370782.7171,5030574.292,-75.65701,45.41199,2017-02-26,8:46:00 PM,01 - Clear,02 - Wet,10 - No control,01 - Non intersection,07 - Dark,03 - P.D. only,04 - Sideswipe,Industrial Park
8322,INDUSTRIAL AVE btwn RUSSELL RD & ST. LAURENT BLVD,373031.1655,5029970.115,-75.62837,45.40634,2017-06-07,3:54:00 PM,01 - Clear,01 - Dry,10 - No control,04 - At/near private drive,01 - Daylight,03 - P.D. only,05 - Turning movement,Industrial Park
8323,INDUSTRIAL AVE btwn RUSSELL RD & ST. LAURENT BLVD,373026.2118,5029966.496,-75.62843,45.40631,2017-07-18,8:00:00 AM,01 - Clear,01 - Dry,10 - No control,01 - Non intersection,01 - Daylight,03 - P.D. only,03 - Rear end,Industrial Park
8324,INDUSTRIAL AVE btwn RUSSELL RD & ST. LAURENT BLVD,373050.2156,5029979.343,-75.62812,45.40642,2017-04-19,4:30:00 PM,01 - Clear,01 - Dry,10 - No control,04 - At/near private drive,01 - Daylight,03 - P.D. only,05 - Turning movement,Industrial Park
8325,INDUSTRIAL AVE btwn RUSSELL RD & ST. LAURENT BLVD,372746.1052,5030020.754,-75.632,45.40683,2017-04-07,8:58:00 AM,02 - Rain,02 - Wet,10 - No control,04 - At/near private drive,01 - Daylight,02 - Non-fatal injury,02 - Angle,Industrial Park
8326,INDUSTRIAL AVE btwn RUSSELL RD & ST. LAURENT BLVD,372783.7703,5029993.052,-75.63152,45.40657,2017-03-28,10:17:00 AM,01 - Clear,02 - Wet,10 - No control,04 - At/near private drive,01 - Daylight,03 - P.D. only,02 - Angle,Industrial Park
8327,INDUSTRIAL AVE btwn RUSSELL RD & ST. LAURENT BLVD,372712.7843,5030057.774,-75.63242,45.40716,2017-04-07,8:58:00 AM,02 - Rain,02 - Wet,10 - No control,01 - Non intersection,01 - Daylight,02 - Non-fatal injury,07 - SMV other,Industrial Park
8328,INDUSTRIAL AVE btwn SANDFORD FLEMING AVE & NEIGHBORHOOD WAY,371073.6582,5030527.557,-75.6533,45.41155,2017-04-25,3:24:00 PM,02 - Rain,02 - Wet,10 - No control,01 - Non intersection,01 - Daylight,03 - P.D. only,05 - Turning movement,Industrial Park
8329,INDUSTRIAL AVE btwn SANDFORD FLEMING AVE & NEIGHBORHOOD WAY,371072.2204,5030528.482,-75.65331,45.41155,2017-01-07,7:04:00 PM,01 - Clear,02 - Wet,10 - No control,01 - Non intersection,07 - Dark,03 - P.D. only,04 - Sideswipe,Industrial Park
8330,INDUSTRIAL AVE btwn SANDFORD FLEMING AVE & NEIGHBORHOOD WAY,370925.8609,5030551.55,-75.65518,45.41178,2017-02-20,4:29:00 PM,01 - Clear,01 - Dry,10 - No control,01 - Non intersection,01 - Daylight,03 - P.D. only,04 - Sideswipe,Industrial Park
8331,INDUSTRIAL AVE btwn TRAINYARDS DR & RUSSELL RD,372019.8023,5030458.235,-75.64122,45.41083,2017-05-25,11:32:00 AM,01 - Clear,01 - Dry,10 - No control,01 - Non intersection,01 - Daylight,03 - P.D. only,05 - Turning movement,Industrial Park
8332,INDUSTRIAL AVE btwn TRAINYARDS DR & RUSSELL RD,371784.7342,5030522.831,-75.64421,45.41144,2017-08-24,2:43:00 PM,01 - Clear,01 - Dry,10 - No control,01 - Non intersection,01 - Daylight,03 - P.D. only,03 - Rear end,Industrial Park
8333,INDUSTRIAL AVE btwn TRAINYARDS DR & RUSSELL RD,372017.0786,5030461.311,-75.64125,45.41086,2017-07-07,8:15:00 PM,01 - Clear,01 - Dry,10 - No control,01 - Non intersection,05 - Dusk,03 - P.D. only,05 - Turning movement,Industrial Park
8334,INDUSTRIAL AVE btwn TRAINYARDS DR & RUSSELL RD,371934.59,5030488.195,-75.6423,45.41111,2017-08-16,8:16:00 AM,01 - Clear,01 - Dry,10 - No control,04 - At/near private drive,01 - Daylight,03 - P.D. only,05 - Turning movement,Industrial Park
8335,INDUSTRIAL AVE btwn TRAINYARDS DR & RUSSELL RD,371958.3232,5030480.289,-75.642,45.41104,2017-10-14,3:45:00 PM,01 - Clear,01 - Dry,10 - No control,01 - Non intersection,01 - Daylight,03 - P.D. only,04 - Sideswipe,Industrial Park
8336,INDUSTRIAL AVE btwn TRAINYARDS DR & RUSSELL RD,372145.2369,5030415.467,-75.63962,45.41044,2017-11-01,3:59:00 PM,01 - Clear,02 - Wet,10 - No control,04 - At/near private drive,01 - Daylight,03 - P.D. only,05 - Turning movement,Industrial Park
8337,INDUSTRIAL AVE btwn TRAINYARDS DR & RUSSELL RD,372027.3305,5030456.277,-75.64112,45.41081,2017-12-11,4:25:00 PM,01 - Clear,01 - Dry,10 - No control,01 - Non intersection,05 - Dusk,03 - P.D. only,05 - Turning movement,Industrial Park
8338,INDUSTRIAL AVE btwn TRAINYARDS DR & RUSSELL RD,372170.7581,5030407.772,-75.6393,45.41036,2017-01-03,5:28:00 PM,03 - Snow,04 - Slush,10 - No control,04 - At/near private drive,05 - Dusk,03 - P.D. only,02 - Angle,Industrial Park
8339,INDUSTRIAL AVE btwn TRAINYARDS DR & RUSSELL RD,372341.1384,5030341.848,-75.63713,45.40975,2017-02-07,8:49:00 AM,01 - Clear,02 - Wet,10 - No control,01 - Non intersection,01 - Daylight,03 - P.D. only,03 - Rear end,Industrial Park
8340,INDUSTRIAL AVE btwn TRAINYARDS DR & RUSSELL RD,371915.6147,5030490.685,-75.64255,45.41113,2017-01-23,7:23:00 PM,01 - Clear,01 - Dry,10 - No control,01 - Non intersection,07 - Dark,02 - Non-fatal injury,03 - Rear end,Industrial Park
8341,INDUSTRIAL AVE btwn TRAINYARDS DR & RUSSELL RD,372450.0095,5030285.573,-75.63575,45.40924,2017-03-23,3:43:00 PM,01 - Clear,01 - Dry,10 - No control,01 - Non intersection,01 - Daylight,02 - Non-fatal injury,07 - SMV other,Industrial Park
8342,INDUSTRIAL AVE btwn TRAINYARDS DR & RUSSELL RD,372004.1569,5030464.467,-75.64142,45.41089,2017-03-28,9:03:00 AM,01 - Clear,02 - Wet,10 - No control,04 - At/near private drive,01 - Daylight,02 - Non-fatal injury,02 - Angle,Industrial Park
8343,INDUSTRIAL AVE btwn TRAINYARDS DR & RUSSELL RD,371871.6961,5030507.098,-75.6431,45.41129,2017-04-21,2:36:00 PM,02 - Rain,02 - Wet,10 - No control,04 - At/near private drive,01 - Daylight,03 - P.D. only,02 - Angle,Industrial Park
8344,INDUSTRIAL AVE/INNES RD @ ST. LAURENT BLVD,373098.5761,5030009.209,-75.6275,45.40669,2017-05-08,11:52:00 AM,02 - Rain,02 - Wet,01 - Traffic signal,02 - Intersection related,01 - Daylight,03 - P.D. only,03 - Rear end,Industrial Park
8345,INDUSTRIAL AVE/INNES RD @ ST. LAURENT BLVD,373098.5097,5030005.871,-75.6275,45.40666,2017-08-01,10:32:00 AM,01 - Clear,01 - Dry,01 - Traffic signal,02 - Intersection related,01 - Daylight,03 - P.D. only,04 - Sideswipe,Industrial Park
8346,INDUSTRIAL AVE/INNES RD @ ST. LAURENT BLVD,373098.6565,5030005.834,-75.6275,45.40666,2017-07-31,10:11:00 AM,01 - Clear,01 - Dry,01 - Traffic signal,03 - At intersection,01 - Daylight,02 - Non-fatal injury,04 - Sideswipe,Industrial Park
8347,INDUSTRIAL AVE/INNES RD @ ST. LAURENT BLVD,373100.659,5030007.403,-75.62747,45.40667,2017-08-26,10:46:00 AM,01 - Clear,01 - Dry,01 - Traffic signal,02 - Intersection related,01 - Daylight,03 - P.D. only,03 - Rear end,Industrial Park
8348,INDUSTRIAL AVE/INNES RD @ ST. LAURENT BLVD,373099.0615,5030005.789,-75.62749,45.40666,2017-08-24,9:56:00 AM,01 - Clear,01 - Dry,01 - Traffic signal,02 - Intersection related,01 - Daylight,03 - P.D. only,03 - Rear end,Industrial Park
8349,INDUSTRIAL AVE/INNES RD @ ST. LAURENT BLVD,373100.3654,5030005.248,-75.62748,45.40665,2017-07-27,7:51:00 AM,01 - Clear,01 - Dry,01 - Traffic signal,03 - At intersection,01 - Daylight,03 - P.D. only,05 - Turning movement,Industrial Park
8350,INDUSTRIAL AVE/INNES RD @ ST. LAURENT BLVD,373099.2495,5030004.85,-75.62749,45.40665,2017-08-13,3:02:00 PM,01 - Clear,01 - Dry,01 - Traffic signal,02 - Intersection related,01 - Daylight,03 - P.D. only,03 - Rear end,Industrial Park
8351,INDUSTRIAL AVE/INNES RD @ ST. LAURENT BLVD,373099.2682,5030005.337,-75.62749,45.40665,2017-07-26,10:03:00 PM,01 - Clear,01 - Dry,01 - Traffic signal,02 - Intersection related,07 - Dark,03 - P.D. only,03 - Rear end,Industrial Park
8352,INDUSTRIAL AVE/INNES RD @ ST. LAURENT BLVD,373099.7274,5030005.351,-75.62749,45.40665,2017-08-20,8:20:00 PM,01 - Clear,01 - Dry,01 - Traffic signal,02 - Intersection related,05 - Dusk,03 - P.D. only,02 - Angle,Industrial Park
8353,INDUSTRIAL AVE/INNES RD @ ST. LAURENT BLVD,373100.6208,5030005.744,-75.62747,45.40666,2017-07-10,5:30:00 PM,01 - Clear,01 - Dry,01 - Traffic signal,02 - Intersection related,01 - Daylight,03 - P.D. only,04 - Sideswipe,Industrial Park
8354,INDUSTRIAL AVE/INNES RD @ ST. LAURENT BLVD,373099.393,5030005.567,-75.62749,45.40665,2017-10-20,6:42:00 PM,01 - Clear,01 - Dry,01 - Traffic signal,02 - Intersection related,05 - Dusk,03 - P.D. only,03 - Rear end,Industrial Park
8355,INDUSTRIAL AVE/INNES RD @ ST. LAURENT BLVD,373099.7274,5030004.857,-75.62749,45.40665,2017-09-22,5:00:00 PM,01 - Clear,01 - Dry,01 - Traffic signal,02 - Intersection related,01 - Daylight,03 - P.D. only,03 - Rear end,Industrial Park
8356,INDUSTRIAL AVE/INNES RD @ ST. LAURENT BLVD,373100.6832,5030005.806,-75.62747,45.40666,2017-09-06,4:00:00 PM,01 - Clear,01 - Dry,01 - Traffic signal,02 - Intersection related,01 - Daylight,03 - P.D. only,03 - Rear end,Industrial Park
8357,INDUSTRIAL AVE/INNES RD @ ST. LAURENT BLVD,373100.2739,5030004.474,-75.62748,45.40664,2017-10-05,2:15:00 PM,01 - Clear,01 - Dry,01 - Traffic signal,02 - Intersection related,01 - Daylight,03 - P.D. only,03 - Rear end,Industrial Park
8358,INDUSTRIAL AVE/INNES RD @ ST. LAURENT BLVD,373099.6154,5030005.604,-75.62749,45.40665,2017-10-19,4:23:00 PM,01 - Clear,01 - Dry,01 - Traffic signal,02 - Intersection related,01 - Daylight,03 - P.D. only,03 - Rear end,Industrial Park
8359,INDUSTRIAL AVE/INNES RD @ ST. LAURENT BLVD,373099.5513,5030007.403,-75.62749,45.40667,2017-10-10,5:01:00 PM,01 - Clear,01 - Dry,01 - Traffic signal,02 - Intersection related,01 - Daylight,03 - P.D. only,04 - Sideswipe,Industrial Park
8360,INDUSTRIAL AVE/INNES RD @ ST. LAURENT BLVD,373099.393,5030007.573,-75.62749,45.40667,2017-11-19,7:57:00 AM,03 - Snow,04 - Slush,01 - Traffic signal,02 - Intersection related,01 - Daylight,02 - Non-fatal injury,07 - SMV other,Industrial Park
8361,INDUSTRIAL AVE/INNES RD @ ST. LAURENT BLVD,373100.5892,5030005.368,-75.62748,45.40665,2017-11-06,6:32:00 PM,01 - Clear,01 - Dry,01 - Traffic signal,02 - Intersection related,07 - Dark,03 - P.D. only,03 - Rear end,Industrial Park
8362,INDUSTRIAL AVE/INNES RD @ ST. LAURENT BLVD,373102.8744,5030004.08,-75.62745,45.40664,2017-12-12,3:01:00 PM,03 - Snow,03 - Loose snow,01 - Traffic signal,02 - Intersection related,01 - Daylight,03 - P.D. only,03 - Rear end,Industrial Park
8363,INDUSTRIAL AVE/INNES RD @ ST. LAURENT BLVD,373099.7274,5030006.113,-75.62749,45.40666,2017-02-02,6:48:00 PM,01 - Clear,01 - Dry,01 - Traffic signal,02 - Intersection related,07 - Dark,03 - P.D. only,03 - Rear end,Industrial Park
8364,INDUSTRIAL AVE/INNES RD @ ST. LAURENT BLVD,373100.5858,5030005.567,-75.62748,45.40665,2017-01-07,3:40:00 PM,01 - Clear,06 - Ice,01 - Traffic signal,02 - Intersection related,01 - Daylight,03 - P.D. only,03 - Rear end,Industrial Park
8365,INDUSTRIAL AVE/INNES RD @ ST. LAURENT BLVD,373098.0858,5030010.348,-75.62751,45.4067,2017-01-12,6:53:00 PM,02 - Rain,02 - Wet,01 - Traffic signal,02 - Intersection related,07 - Dark,03 - P.D. only,04 - Sideswipe,Industrial Park
8366,INDUSTRIAL AVE/INNES RD @ ST. LAURENT BLVD,373100.4779,5030005.191,-75.62748,45.40665,2017-04-03,5:10:00 PM,01 - Clear,01 - Dry,01 - Traffic signal,02 - Intersection related,01 - Daylight,03 - P.D. only,03 - Rear end,Industrial Park
8367,INDUSTRIAL AVE/INNES RD @ ST. LAURENT BLVD,373098.9769,5030004.441,-75.6275,45.40664,2017-02-24,3:07:00 PM,01 - Clear,02 - Wet,01 - Traffic signal,02 - Intersection related,01 - Daylight,02 - Non-fatal injury,03 - Rear end,Industrial Park
8368,INDUSTRIAL AVE/INNES RD @ ST. LAURENT BLVD,373099.7274,5030006.761,-75.62749,45.40667,2017-12-28,7:43:00 PM,01 - Clear,01 - Dry,01 - Traffic signal,02 - Intersection related,07 - Dark,03 - P.D. only,03 - Rear end,Industrial Park
8369,INDUSTRIAL AVE/INNES RD @ ST. LAURENT BLVD,373100.2008,5030004.857,-75.62748,45.40665,2017-12-31,10:37:00 AM,01 - Clear,06 - Ice,01 - Traffic signal,03 - At intersection,01 - Daylight,03 - P.D. only,03 - Rear end,Industrial Park
8370,INDUSTRIAL AVE/INNES RD @ ST. LAURENT BLVD,373099.2495,5030005.328,-75.62749,45.40665,2017-12-20,4:08:00 PM,01 - Clear,01 - Dry,01 - Traffic signal,02 - Intersection related,05 - Dusk,03 - P.D. only,03 - Rear end,Industrial Park
8371,INDUSTRIAL AVE/INNES RD @ ST. LAURENT BLVD,373100.2053,5030004.611,-75.62748,45.40665,2017-12-16,11:24:00 AM,01 - Clear,01 - Dry,01 - Traffic signal,02 - Intersection related,01 - Daylight,02 - Non-fatal injury,03 - Rear end,Industrial Park
8372,INDUSTRIAL AVE/INNES RD @ ST. LAURENT BLVD,373100.6742,5030005.803,-75.62747,45.40666,2017-12-28,1:45:00 PM,01 - Clear,01 - Dry,01 - Traffic signal,02 - Intersection related,01 - Daylight,03 - P.D. only,03 - Rear end,Industrial Park
8373,INGLEWOOD PL btwn HOLLAND AVE & HINTON AVE S,365410.4857,5028239.299,-75.72592,45.39147,2017-12-14,12:00:00 AM,01 - Clear,02 - Wet,10 - No control,01 - Non intersection,00 - Unknown,03 - P.D. only,06 - SMV unattended vehicle,Civic Hospital - Experimental Farm - Central Park
8374,INNES RD @ 215 W OF CYRVILLE RD/HOME DEPOT W,374864.8889,5031001.453,-75.6048,45.41544,2017-06-28,11:31:00 AM,01 - Clear,01 - Dry,01 - Traffic signal,02 - Intersection related,01 - Daylight,03 - P.D. only,03 - Rear end,Industrial Park
8375,INNES RD @ 215 W OF CYRVILLE RD/HOME DEPOT W,374864.8889,5031002.122,-75.6048,45.41545,2017-10-31,7:08:00 AM,01 - Clear,01 - Dry,01 - Traffic signal,03 - At intersection,01 - Daylight,02 - Non-fatal injury,02 - Angle,Industrial Park
8376,INNES RD @ 240 E OF TENTH LINE RD/HOME DEPOT E,384169.1133,5036255.751,-75.48509,45.46172,2017-07-04,4:26:00 PM,01 - Clear,01 - Dry,01 - Traffic signal,02 - Intersection related,01 - Daylight,03 - P.D. only,03 - Rear end,Avalon
8377,INNES RD @ 240 E OF TENTH LINE RD/HOME DEPOT E,384167.7756,5036255.082,-75.48511,45.46171,2017-07-08,7:13:00 PM,01 - Clear,01 - Dry,01 - Traffic signal,03 - At intersection,01 - Daylight,02 - Non-fatal injury,07 - SMV other,Avalon
8378,INNES RD @ 260 E OF BELCOURT BLVD/WALMART SC,382347.5339,5035399.635,-75.50851,45.45422,2017-05-01,12:10:00 PM,02 - Rain,02 - Wet,01 - Traffic signal,02 - Intersection related,01 - Daylight,03 - P.D. only,03 - Rear end,Chapel Hill South
8379,INNES RD @ 260 E OF BELCOURT BLVD/WALMART SC,382347.3057,5035399.045,-75.50852,45.45422,2017-07-15,9:09:00 PM,01 - Clear,01 - Dry,01 - Traffic signal,02 - Intersection related,05 - Dusk,03 - P.D. only,05 - Turning movement,Orleans Village - Chateauneuf