Record,Location,X,Y,Longitude,Latitude,Date,Time,Environment,Road_Surface,Traffic_Control,Collision_Location,Light,Collision_Classification,Impact_type,Neighborhood
8380,INNES RD @ 260 E OF BELCOURT BLVD/WALMART SC,382346.4493,5035398.992,-75.50853,45.45422,2017-03-24,8:26:00 PM,03 - Snow,02 - Wet,01 - Traffic signal,03 - At intersection,07 - Dark,03 - P.D. only,07 - SMV other,Orleans Village - Chateauneuf
8381,INNES RD @ 298 E OF WILDFLOWER DR/LOBLAWS SC,383190.7504,5035796.561,-75.49767,45.4577,2017-10-26,3:07:00 PM,01 - Clear,01 - Dry,01 - Traffic signal,03 - At intersection,01 - Daylight,02 - Non-fatal injury,07 - SMV other,Avalon
8382,INNES RD @ 298 E OF WILDFLOWER DR/LOBLAWS SC,383188.0803,5035795.519,-75.49771,45.45769,2017-11-06,4:27:00 PM,01 - Clear,01 - Dry,01 - Traffic signal,02 - Intersection related,05 - Dusk,02 - Non-fatal injury,05 - Turning movement,Avalon
8383,INNES RD @ 298 E OF WILDFLOWER DR/LOBLAWS SC,383190.2253,5035796.393,-75.49768,45.4577,2017-11-22,10:48:00 AM,01 - Clear,01 - Dry,01 - Traffic signal,02 - Intersection related,01 - Daylight,02 - Non-fatal injury,03 - Rear end,Avalon
8384,INNES RD @ 473 E OF PAGE RD/BUILDERS' WAREHOUS,381302.4585,5034779.412,-75.52197,45.44876,2017-07-05,3:30:00 PM,01 - Clear,01 - Dry,01 - Traffic signal,02 - Intersection related,01 - Daylight,03 - P.D. only,03 - Rear end,Chapel Hill South
8385,INNES RD @ BEARBROOK RD/GLEN PARK DR E,377995.7369,5032843.24,-75.56453,45.43169,2017-05-10,3:34:00 PM,01 - Clear,01 - Dry,01 - Traffic signal,02 - Intersection related,01 - Daylight,03 - P.D. only,03 - Rear end,Blackburn Hamlet
8386,INNES RD @ BEARBROOK RD/GLEN PARK DR E,377994.4134,5032843.344,-75.56454,45.43169,2017-03-24,10:15:00 AM,03 - Snow,05 - Packed snow,01 - Traffic signal,02 - Intersection related,01 - Daylight,03 - P.D. only,02 - Angle,Blackburn Hamlet
8387,INNES RD @ BEARBROOK RD/GLEN PARK DR E,377994.3992,5032843.24,-75.56454,45.43169,2017-04-20,5:08:00 PM,01 - Clear,01 - Dry,01 - Traffic signal,02 - Intersection related,01 - Daylight,02 - Non-fatal injury,03 - Rear end,Blackburn Hamlet
8388,INNES RD @ BEARBROOK RD/GLEN PARK DR E,377993.9831,5032843.696,-75.56455,45.4317,2017-04-03,3:48:00 PM,01 - Clear,01 - Dry,01 - Traffic signal,02 - Intersection related,01 - Daylight,03 - P.D. only,03 - Rear end,Blackburn Hamlet
8389,INNES RD @ EASTPARK DR E/RONDEL ST,378794.0585,5033317.128,-75.55425,45.43587,2017-06-06,8:17:00 AM,01 - Clear,02 - Wet,02 - Stop sign,03 - At intersection,01 - Daylight,03 - P.D. only,02 - Angle,Blackburn Hamlet
8390,INNES RD @ JEANNE D'ARC BLVD/MER BLEUE RD,382638.0881,5035568.891,-75.50477,45.45571,2017-05-06,8:08:00 PM,02 - Rain,02 - Wet,01 - Traffic signal,03 - At intersection,05 - Dusk,02 - Non-fatal injury,05 - Turning movement,Chapel Hill South
8391,INNES RD @ JEANNE D'ARC BLVD/MER BLEUE RD,382637.1521,5035566.651,-75.50479,45.45569,2017-07-17,3:56:00 PM,01 - Clear,01 - Dry,01 - Traffic signal,02 - Intersection related,01 - Daylight,03 - P.D. only,03 - Rear end,Chapel Hill South
8392,INNES RD @ JEANNE D'ARC BLVD/MER BLEUE RD,382638.1851,5035567.769,-75.50477,45.4557,2017-08-19,3:06:00 PM,01 - Clear,01 - Dry,01 - Traffic signal,03 - At intersection,01 - Daylight,03 - P.D. only,02 - Angle,Chapel Hill South
8393,INNES RD @ JEANNE D'ARC BLVD/MER BLEUE RD,382637.2109,5035567.825,-75.50478,45.4557,2017-10-08,9:50:00 AM,01 - Clear,01 - Dry,01 - Traffic signal,02 - Intersection related,01 - Daylight,02 - Non-fatal injury,03 - Rear end,Chapel Hill South
8394,INNES RD @ JEANNE D'ARC BLVD/MER BLEUE RD,382636.7503,5035568.891,-75.50479,45.45571,2017-10-13,6:32:00 PM,01 - Clear,01 - Dry,01 - Traffic signal,02 - Intersection related,07 - Dark,03 - P.D. only,04 - Sideswipe,Chapel Hill South
8395,INNES RD @ JEANNE D'ARC BLVD/MER BLEUE RD,382637.2802,5035566.844,-75.50478,45.45569,2017-10-12,8:06:00 AM,01 - Clear,01 - Dry,01 - Traffic signal,03 - At intersection,01 - Daylight,03 - P.D. only,05 - Turning movement,Chapel Hill South
8396,INNES RD @ JEANNE D'ARC BLVD/MER BLEUE RD,382637.2441,5035569.592,-75.50478,45.45572,2017-10-18,1:47:00 AM,01 - Clear,01 - Dry,01 - Traffic signal,02 - Intersection related,07 - Dark,03 - P.D. only,07 - SMV other,Orleans Village - Chateauneuf
8397,INNES RD @ JEANNE D'ARC BLVD/MER BLEUE RD,382636.8069,5035567.554,-75.50479,45.4557,2017-09-22,4:35:00 PM,01 - Clear,01 - Dry,01 - Traffic signal,02 - Intersection related,01 - Daylight,03 - P.D. only,03 - Rear end,Chapel Hill South
8398,INNES RD @ JEANNE D'ARC BLVD/MER BLEUE RD,382636.7503,5035568.891,-75.50479,45.45571,2017-11-20,3:01:00 PM,01 - Clear,01 - Dry,01 - Traffic signal,03 - At intersection,01 - Daylight,03 - P.D. only,05 - Turning movement,Chapel Hill South
8399,INNES RD @ JEANNE D'ARC BLVD/MER BLEUE RD,382636.7503,5035566.216,-75.50479,45.45569,2017-11-06,11:20:00 AM,01 - Clear,01 - Dry,01 - Traffic signal,02 - Intersection related,01 - Daylight,03 - P.D. only,04 - Sideswipe,Chapel Hill South
8400,INNES RD @ JEANNE D'ARC BLVD/MER BLEUE RD,382638.1576,5035568.287,-75.50477,45.45571,2017-02-08,4:26:00 PM,01 - Clear,02 - Wet,01 - Traffic signal,02 - Intersection related,01 - Daylight,03 - P.D. only,02 - Angle,Chapel Hill South
8401,INNES RD @ JEANNE D'ARC BLVD/MER BLEUE RD,382636.6607,5035565.914,-75.50479,45.45569,2017-01-29,1:02:00 PM,03 - Snow,02 - Wet,01 - Traffic signal,02 - Intersection related,01 - Daylight,03 - P.D. only,03 - Rear end,Chapel Hill South
8402,INNES RD @ JEANNE D'ARC BLVD/MER BLEUE RD,382640.8259,5035567.15,-75.50474,45.4557,2017-02-07,6:09:00 PM,04 - Freezing Rain,06 - Ice,01 - Traffic signal,03 - At intersection,07 - Dark,03 - P.D. only,05 - Turning movement,Chapel Hill South
8403,INNES RD @ JEANNE D'ARC BLVD/MER BLEUE RD,382639.0771,5035568.736,-75.50476,45.45571,2017-01-24,4:27:00 PM,01 - Clear,02 - Wet,01 - Traffic signal,03 - At intersection,01 - Daylight,02 - Non-fatal injury,05 - Turning movement,Queenswood Heights
8404,INNES RD @ JEANNE D'ARC BLVD/MER BLEUE RD,382653.8994,5035567.218,-75.50457,45.4557,2017-01-06,8:35:00 PM,01 - Clear,06 - Ice,01 - Traffic signal,03 - At intersection,07 - Dark,03 - P.D. only,05 - Turning movement,Avalon
8405,INNES RD @ JEANNE D'ARC BLVD/MER BLEUE RD,382637.7536,5035567.007,-75.50478,45.4557,2017-02-01,2:30:00 PM,01 - Clear,02 - Wet,01 - Traffic signal,02 - Intersection related,01 - Daylight,03 - P.D. only,03 - Rear end,Chapel Hill South
8406,INNES RD @ JEANNE D'ARC BLVD/MER BLEUE RD,382637.0109,5035565.491,-75.50479,45.45568,2017-01-02,2:41:00 PM,01 - Clear,02 - Wet,01 - Traffic signal,02 - Intersection related,01 - Daylight,03 - P.D. only,03 - Rear end,Chapel Hill South
8407,INNES RD @ JEANNE D'ARC BLVD/MER BLEUE RD,382638.2963,5035567.282,-75.50477,45.4557,2017-01-14,1:02:00 AM,01 - Clear,01 - Dry,01 - Traffic signal,02 - Intersection related,07 - Dark,03 - P.D. only,02 - Angle,Chapel Hill South
8408,INNES RD @ JEANNE D'ARC BLVD/MER BLEUE RD,382639.4258,5035567.554,-75.50476,45.4557,2017-03-08,7:45:00 PM,01 - Clear,01 - Dry,01 - Traffic signal,02 - Intersection related,07 - Dark,03 - P.D. only,03 - Rear end,Chapel Hill South
8409,INNES RD @ JEANNE D'ARC BLVD/MER BLEUE RD,382638.0881,5035566.216,-75.50477,45.45569,2017-04-13,12:30:00 PM,01 - Clear,01 - Dry,01 - Traffic signal,02 - Intersection related,01 - Daylight,03 - P.D. only,03 - Rear end,Chapel Hill South
8410,INNES RD @ JEANNE D'ARC BLVD/MER BLEUE RD,382639.4258,5035566.885,-75.50476,45.45569,2017-03-21,6:06:00 PM,01 - Clear,01 - Dry,01 - Traffic signal,03 - At intersection,05 - Dusk,03 - P.D. only,05 - Turning movement,Chapel Hill South
8411,INNES RD @ JEANNE D'ARC BLVD/MER BLEUE RD,382637.4192,5035568.891,-75.50478,45.45571,2017-03-22,8:12:00 AM,01 - Clear,01 - Dry,01 - Traffic signal,03 - At intersection,01 - Daylight,02 - Non-fatal injury,05 - Turning movement,Chapel Hill South
8412,INNES RD @ JEANNE D'ARC BLVD/MER BLEUE RD,382638.1185,5035569.38,-75.50477,45.45572,2017-12-23,4:30:00 PM,03 - Snow,03 - Loose snow,01 - Traffic signal,03 - At intersection,05 - Dusk,03 - P.D. only,05 - Turning movement,Orleans Village - Chateauneuf
8413,INNES RD @ JEANNE D'ARC BLVD/MER BLEUE RD,382638.7004,5035566.37,-75.50477,45.45569,2017-12-26,8:58:00 AM,05 - Drifting Snow,05 - Packed snow,01 - Traffic signal,02 - Intersection related,01 - Daylight,03 - P.D. only,03 - Rear end,Chapel Hill South
8414,INNES RD @ JEANNE D'ARC BLVD/MER BLEUE RD,382639.1737,5035567.79,-75.50476,45.4557,2017-12-26,3:17:00 PM,01 - Clear,01 - Dry,01 - Traffic signal,03 - At intersection,01 - Daylight,03 - P.D. only,04 - Sideswipe,Chapel Hill South
8415,INNES RD @ JEANNE D'ARC BLVD/MER BLEUE RD,382638.227,5035568.264,-75.50477,45.45571,2017-12-19,8:26:00 AM,01 - Clear,03 - Loose snow,01 - Traffic signal,03 - At intersection,01 - Daylight,03 - P.D. only,02 - Angle,Chapel Hill South
8416,INNES RD @ JEANNE D'ARC BLVD/MER BLEUE RD,382637.4071,5035567.271,-75.50478,45.4557,2017-12-26,1:37:00 PM,01 - Clear,01 - Dry,01 - Traffic signal,02 - Intersection related,01 - Daylight,03 - P.D. only,03 - Rear end,Chapel Hill South
8417,INNES RD @ JEANNE D'ARC BLVD/MER BLEUE RD,382638.9143,5035566.712,-75.50476,45.45569,2017-12-20,5:45:00 PM,01 - Clear,02 - Wet,01 - Traffic signal,02 - Intersection related,07 - Dark,03 - P.D. only,03 - Rear end,Chapel Hill South
8418,INNES RD @ KEYSTONE CRT,379268.746,5033584.663,-75.54815,45.43823,2017-07-23,5:57:00 PM,01 - Clear,01 - Dry,02 - Stop sign,02 - Intersection related,01 - Daylight,03 - P.D. only,03 - Rear end,Blackburn Hamlet
8419,INNES RD @ ORCHARDVIEW AVE/ESPRIT DR,384842.7425,5036565.531,-75.47643,45.46443,2017-06-28,5:40:00 PM,01 - Clear,01 - Dry,01 - Traffic signal,02 - Intersection related,01 - Daylight,03 - P.D. only,03 - Rear end,Fallingbrook
8420,INNES RD @ ORCHARDVIEW AVE/ESPRIT DR,384843.604,5036561.356,-75.47642,45.46439,2017-08-18,12:05:00 PM,01 - Clear,02 - Wet,01 - Traffic signal,03 - At intersection,01 - Daylight,03 - P.D. only,02 - Angle,Fallingbrook
8421,INNES RD @ ORCHARDVIEW AVE/ESPRIT DR,384846.7233,5036560.56,-75.47638,45.46439,2017-09-28,11:42:00 AM,01 - Clear,01 - Dry,01 - Traffic signal,03 - At intersection,01 - Daylight,02 - Non-fatal injury,05 - Turning movement,Fallingbrook
8422,INNES RD @ ORCHARDVIEW AVE/ESPRIT DR,384845.0991,5036559.222,-75.4764,45.46437,2017-03-09,8:18:00 AM,01 - Clear,01 - Dry,01 - Traffic signal,02 - Intersection related,01 - Daylight,03 - P.D. only,03 - Rear end,Fallingbrook
8423,INNES RD @ ORLEANS BLVD,380461.1296,5034297.072,-75.5328,45.44451,2017-05-18,8:47:00 AM,01 - Clear,01 - Dry,01 - Traffic signal,03 - At intersection,01 - Daylight,02 - Non-fatal injury,07 - SMV other,Orleans Village - Chateauneuf
8424,INNES RD @ ORLEANS BLVD,380461.5713,5034294.851,-75.53279,45.44449,2017-06-02,1:39:00 PM,01 - Clear,01 - Dry,01 - Traffic signal,03 - At intersection,01 - Daylight,03 - P.D. only,05 - Turning movement,Chapel Hill South
8425,INNES RD @ ORLEANS BLVD,380460.4607,5034297.741,-75.53281,45.44452,2017-06-22,4:30:00 PM,01 - Clear,01 - Dry,01 - Traffic signal,02 - Intersection related,01 - Daylight,03 - P.D. only,03 - Rear end,Orleans Village - Chateauneuf
8426,INNES RD @ ORLEANS BLVD,380459.2296,5034296.323,-75.53282,45.4445,2017-06-29,4:10:00 PM,02 - Rain,02 - Wet,01 - Traffic signal,02 - Intersection related,01 - Daylight,03 - P.D. only,04 - Sideswipe,Orleans Village - Chateauneuf
8427,INNES RD @ ORLEANS BLVD,380460.3217,5034296.64,-75.53281,45.44451,2017-09-07,7:24:00 AM,02 - Rain,02 - Wet,01 - Traffic signal,02 - Intersection related,01 - Daylight,03 - P.D. only,03 - Rear end,Orleans Village - Chateauneuf
8428,INNES RD @ ORLEANS BLVD,380461.1296,5034297.072,-75.5328,45.44451,2017-11-16,6:28:00 PM,02 - Rain,02 - Wet,01 - Traffic signal,03 - At intersection,07 - Dark,03 - P.D. only,05 - Turning movement,Orleans Village - Chateauneuf
8429,INNES RD @ ORLEANS BLVD,380459.1229,5034297.741,-75.53282,45.44452,2017-11-22,4:17:00 PM,01 - Clear,01 - Dry,01 - Traffic signal,03 - At intersection,01 - Daylight,02 - Non-fatal injury,02 - Angle,Orleans Village - Chateauneuf
8430,INNES RD @ ORLEANS BLVD,380461.2685,5034296.166,-75.5328,45.4445,2017-01-13,2:41:00 PM,01 - Clear,01 - Dry,01 - Traffic signal,02 - Intersection related,01 - Daylight,02 - Non-fatal injury,03 - Rear end,Orleans Village - Chateauneuf
8431,INNES RD @ ORLEANS BLVD,380461.6535,5034297.261,-75.53279,45.44451,2017-01-02,1:43:00 PM,01 - Clear,01 - Dry,01 - Traffic signal,02 - Intersection related,01 - Daylight,03 - P.D. only,03 - Rear end,Orleans Village - Chateauneuf
8432,INNES RD @ ORLEANS BLVD,380460.4607,5034297.741,-75.53281,45.44452,2017-02-15,9:00:00 AM,03 - Snow,03 - Loose snow,01 - Traffic signal,02 - Intersection related,01 - Daylight,03 - P.D. only,03 - Rear end,Orleans Village - Chateauneuf
8433,INNES RD @ ORLEANS BLVD,380462.1329,5034295.734,-75.53279,45.4445,2017-01-22,4:30:00 PM,01 - Clear,01 - Dry,01 - Traffic signal,02 - Intersection related,01 - Daylight,03 - P.D. only,03 - Rear end,Orleans Village - Chateauneuf
8434,INNES RD @ ORLEANS BLVD,380460.7951,5034296.403,-75.5328,45.4445,2017-04-02,11:32:00 AM,01 - Clear,01 - Dry,01 - Traffic signal,02 - Intersection related,01 - Daylight,03 - P.D. only,04 - Sideswipe,Orleans Village - Chateauneuf
8435,INNES RD @ ORLEANS BLVD,380460.7951,5034296.028,-75.5328,45.4445,2017-03-30,6:22:00 PM,01 - Clear,01 - Dry,01 - Traffic signal,02 - Intersection related,05 - Dusk,03 - P.D. only,03 - Rear end,Orleans Village - Chateauneuf
8436,INNES RD @ ORLEANS BLVD,380460.4607,5034295.734,-75.53281,45.4445,2017-03-06,4:38:00 PM,04 - Freezing Rain,02 - Wet,01 - Traffic signal,03 - At intersection,01 - Daylight,02 - Non-fatal injury,05 - Turning movement,Orleans Village - Chateauneuf
8437,INNES RD @ PAGE RD,380888.0835,5034539.886,-75.5273,45.44665,2017-06-01,12:22:00 PM,01 - Clear,01 - Dry,01 - Traffic signal,03 - At intersection,01 - Daylight,02 - Non-fatal injury,05 - Turning movement,Orleans Village - Chateauneuf
8438,INNES RD @ PAGE RD,380887.4146,5034540.555,-75.52731,45.44665,2017-11-23,4:52:00 PM,03 - Snow,02 - Wet,01 - Traffic signal,02 - Intersection related,05 - Dusk,03 - P.D. only,04 - Sideswipe,Orleans Village - Chateauneuf
8439,INNES RD @ PAGE RD,380888.0835,5034541.223,-75.5273,45.44666,2017-11-29,4:51:00 PM,01 - Clear,01 - Dry,01 - Traffic signal,03 - At intersection,05 - Dusk,02 - Non-fatal injury,02 - Angle,Orleans Village - Chateauneuf
8440,INNES RD @ PAGE RD,380887.4146,5034540.555,-75.52731,45.44665,2017-11-20,8:01:00 AM,04 - Freezing Rain,06 - Ice,01 - Traffic signal,02 - Intersection related,01 - Daylight,03 - P.D. only,03 - Rear end,Orleans Village - Chateauneuf
8441,INNES RD @ PAGE RD,380887.749,5034539.838,-75.52731,45.44665,2017-11-03,6:30:00 PM,01 - Clear,01 - Dry,01 - Traffic signal,02 - Intersection related,07 - Dark,03 - P.D. only,03 - Rear end,Orleans Village - Chateauneuf
8442,INNES RD @ PAGE RD,380888.2955,5034541.647,-75.5273,45.44666,2017-02-01,1:36:00 PM,01 - Clear,02 - Wet,01 - Traffic signal,02 - Intersection related,01 - Daylight,03 - P.D. only,03 - Rear end,Orleans Village - Chateauneuf
8443,INNES RD @ PEPIN CRT,377207.742,5032352.891,-75.57467,45.42736,2017-10-28,1:32:00 PM,01 - Clear,01 - Dry,02 - Stop sign,03 - At intersection,01 - Daylight,02 - Non-fatal injury,05 - Turning movement,Greenbelt
8444,INNES RD @ PORTOBELLO BLVD,385631.4353,5036891.883,-75.46629,45.46728,2017-05-18,7:38:00 AM,01 - Clear,01 - Dry,01 - Traffic signal,03 - At intersection,01 - Daylight,02 - Non-fatal injury,99 - Other,Fallingbrook
8445,INNES RD @ PORTOBELLO BLVD,385630.3496,5036893.262,-75.4663,45.46729,2017-09-07,10:13:00 AM,01 - Clear,01 - Dry,01 - Traffic signal,03 - At intersection,01 - Daylight,02 - Non-fatal injury,05 - Turning movement,Fallingbrook
8446,INNES RD @ PORTOBELLO BLVD,385631.2963,5036892.315,-75.46629,45.46728,2017-10-22,12:05:00 PM,01 - Clear,01 - Dry,01 - Traffic signal,02 - Intersection related,01 - Daylight,03 - P.D. only,03 - Rear end,Fallingbrook
8447,INNES RD @ PORTOBELLO BLVD,385632.2792,5036892.552,-75.46628,45.46728,2017-11-29,2:13:00 PM,01 - Clear,01 - Dry,01 - Traffic signal,03 - At intersection,01 - Daylight,03 - P.D. only,05 - Turning movement,Fallingbrook
8448,INNES RD @ PROVENCE AVE,386109.1854,5037083.291,-75.46015,45.46894,2017-05-03,11:03:00 AM,01 - Clear,01 - Dry,01 - Traffic signal,02 - Intersection related,01 - Daylight,03 - P.D. only,03 - Rear end,Notting Hill
8449,INNES RD @ PROVENCE AVE,386110.0364,5037083.815,-75.46014,45.46895,2017-10-24,7:05:00 PM,01 - Clear,01 - Dry,01 - Traffic signal,03 - At intersection,07 - Dark,03 - P.D. only,02 - Angle,Notting Hill
8450,INNES RD @ PROVENCE AVE,386110.9025,5037083.766,-75.46013,45.46895,2017-12-12,7:01:00 PM,03 - Snow,03 - Loose snow,01 - Traffic signal,03 - At intersection,07 - Dark,03 - P.D. only,02 - Angle,Notting Hill
8451,INNES RD @ PROVENCE AVE,386111.192,5037083.96,-75.46012,45.46895,2017-03-01,7:45:00 AM,02 - Rain,02 - Wet,01 - Traffic signal,02 - Intersection related,01 - Daylight,03 - P.D. only,03 - Rear end,Notting Hill
8452,INNES RD @ PROVENCE AVE,386109.6995,5037085.57,-75.46014,45.46896,2017-12-20,9:00:00 PM,01 - Clear,01 - Dry,01 - Traffic signal,02 - Intersection related,07 - Dark,03 - P.D. only,07 - SMV other,Notting Hill
8453,INNES RD @ STAR TOP RD/WINDMILL LANE,374147.7258,5030666.26,-75.61401,45.4125,2017-07-14,3:30:00 PM,01 - Clear,01 - Dry,01 - Traffic signal,02 - Intersection related,01 - Daylight,03 - P.D. only,03 - Rear end,Industrial Park
8454,INNES RD @ STAR TOP RD/WINDMILL LANE,374148.1992,5030666.797,-75.614,45.4125,2017-08-24,2:22:00 PM,01 - Clear,01 - Dry,01 - Traffic signal,03 - At intersection,01 - Daylight,03 - P.D. only,05 - Turning movement,Industrial Park
8455,INNES RD @ STAR TOP RD/WINDMILL LANE,374148.0603,5030667.898,-75.614,45.41251,2017-06-29,2:19:00 PM,02 - Rain,02 - Wet,01 - Traffic signal,02 - Intersection related,01 - Daylight,03 - P.D. only,03 - Rear end,Industrial Park
8456,INNES RD @ STAR TOP RD/WINDMILL LANE,374146.7791,5030666.324,-75.61402,45.4125,2017-10-16,6:18:00 AM,01 - Clear,01 - Dry,01 - Traffic signal,03 - At intersection,03 - Dawn,03 - P.D. only,05 - Turning movement,Industrial Park
8457,INNES RD @ STAR TOP RD/WINDMILL LANE,374148.2723,5030667.653,-75.614,45.41251,2017-10-06,1:17:00 PM,01 - Clear,01 - Dry,01 - Traffic signal,02 - Intersection related,01 - Daylight,03 - P.D. only,04 - Sideswipe,Industrial Park
8458,INNES RD @ STAR TOP RD/WINDMILL LANE,374147.3914,5030667.229,-75.61401,45.4125,2017-11-19,6:59:00 AM,03 - Snow,03 - Loose snow,01 - Traffic signal,02 - Intersection related,03 - Dawn,03 - P.D. only,03 - Rear end,Industrial Park
8459,INNES RD @ STAR TOP RD/WINDMILL LANE,374146.7225,5030664.554,-75.61402,45.41248,2017-11-14,3:47:00 PM,01 - Clear,01 - Dry,01 - Traffic signal,02 - Intersection related,01 - Daylight,03 - P.D. only,03 - Rear end,Industrial Park
8460,INNES RD @ STAR TOP RD/WINDMILL LANE,374148.0603,5030668.567,-75.614,45.41252,2017-11-24,5:13:00 PM,01 - Clear,01 - Dry,01 - Traffic signal,02 - Intersection related,07 - Dark,03 - P.D. only,03 - Rear end,Industrial Park
8461,INNES RD @ STAR TOP RD/WINDMILL LANE,374148.0603,5030664.554,-75.614,45.41248,2017-11-13,3:11:00 PM,01 - Clear,01 - Dry,01 - Traffic signal,03 - At intersection,01 - Daylight,03 - P.D. only,02 - Angle,Industrial Park
8462,INNES RD @ STAR TOP RD/WINDMILL LANE,374146.7225,5030667.229,-75.61402,45.4125,2017-11-11,5:48:00 PM,01 - Clear,01 - Dry,01 - Traffic signal,03 - At intersection,07 - Dark,02 - Non-fatal injury,05 - Turning movement,Industrial Park
8463,INNES RD @ STAR TOP RD/WINDMILL LANE,374148.1992,5030666.797,-75.614,45.4125,2017-12-12,9:44:00 AM,03 - Snow,05 - Packed snow,01 - Traffic signal,03 - At intersection,01 - Daylight,03 - P.D. only,05 - Turning movement,Industrial Park
8464,INNES RD @ STAR TOP RD/WINDMILL LANE,374146.0091,5030665.702,-75.61403,45.41249,2017-01-05,6:14:00 AM,01 - Clear,02 - Wet,01 - Traffic signal,03 - At intersection,07 - Dark,03 - P.D. only,05 - Turning movement,Industrial Park
8465,INNES RD @ STAR TOP RD/WINDMILL LANE,374145.2475,5030665.119,-75.61404,45.41249,2017-01-10,6:37:00 PM,03 - Snow,03 - Loose snow,01 - Traffic signal,02 - Intersection related,07 - Dark,03 - P.D. only,04 - Sideswipe,Industrial Park
8466,INNES RD @ STAR TOP RD/WINDMILL LANE,374146.7225,5030667.229,-75.61402,45.4125,2017-03-15,6:00:00 AM,03 - Snow,05 - Packed snow,01 - Traffic signal,02 - Intersection related,07 - Dark,03 - P.D. only,03 - Rear end,Industrial Park
8467,INNES RD @ STONEHENGE CRES E,375364.7458,5031314.222,-75.59837,45.4182,2017-05-18,6:00:00 PM,01 - Clear,01 - Dry,01 - Traffic signal,02 - Intersection related,01 - Daylight,03 - P.D. only,03 - Rear end,Greenbelt
8468,INNES RD @ STONEHENGE CRES E,375362.7958,5031312.37,-75.59839,45.41819,2017-08-10,3:13:00 PM,01 - Clear,01 - Dry,01 - Traffic signal,02 - Intersection related,01 - Daylight,03 - P.D. only,03 - Rear end,Greenbelt
8469,INNES RD @ STONEHENGE CRES E,375363.2691,5031314.263,-75.59839,45.4182,2017-09-01,7:30:00 AM,01 - Clear,01 - Dry,01 - Traffic signal,02 - Intersection related,01 - Daylight,02 - Non-fatal injury,03 - Rear end,Greenbelt
8470,INNES RD @ STONEHENGE CRES E,375363.7425,5031312.883,-75.59838,45.41819,2017-09-12,7:19:00 AM,01 - Clear,01 - Dry,01 - Traffic signal,02 - Intersection related,01 - Daylight,03 - P.D. only,03 - Rear end,Greenbelt
8471,INNES RD @ STONEHENGE CRES E,375364.077,5031313.553,-75.59838,45.4182,2017-11-16,5:12:00 PM,02 - Rain,02 - Wet,01 - Traffic signal,02 - Intersection related,07 - Dark,03 - P.D. only,03 - Rear end,Greenbelt
8472,INNES RD @ STONEHENGE CRES E,375363.7425,5031312.474,-75.59838,45.41819,2017-01-12,6:43:00 AM,02 - Rain,02 - Wet,01 - Traffic signal,03 - At intersection,07 - Dark,02 - Non-fatal injury,02 - Angle,Greenbelt
8473,INNES RD @ STONEHENGE CRES W,375201.4134,5031217.233,-75.60047,45.41735,2017-06-16,9:50:00 AM,01 - Clear,01 - Dry,01 - Traffic signal,03 - At intersection,01 - Daylight,03 - P.D. only,05 - Turning movement,Industrial Park
8474,INNES RD @ STONEHENGE CRES W,375200.7445,5031215.895,-75.60048,45.41734,2017-02-18,9:32:00 AM,01 - Clear,01 - Dry,01 - Traffic signal,02 - Intersection related,01 - Daylight,03 - P.D. only,03 - Rear end,Industrial Park
8475,INNES RD @ TAUVETTE ST/GLEN PARK DR W,377346.0649,5032465.464,-75.57288,45.42836,2017-04-24,4:43:00 PM,01 - Clear,01 - Dry,02 - Stop sign,02 - Intersection related,01 - Daylight,03 - P.D. only,03 - Rear end,Greenbelt
8476,INNES RD @ TENTH LINE RD,383952.2698,5036160.58,-75.48788,45.46089,2017-05-20,1:15:00 PM,01 - Clear,01 - Dry,01 - Traffic signal,03 - At intersection,01 - Daylight,03 - P.D. only,05 - Turning movement,Queenswood Heights
8477,INNES RD @ TENTH LINE RD,383952.0948,5036159.561,-75.48788,45.46088,2017-05-01,2:50:00 PM,02 - Rain,02 - Wet,01 - Traffic signal,02 - Intersection related,01 - Daylight,02 - Non-fatal injury,03 - Rear end,Queenswood Heights
8478,INNES RD @ TENTH LINE RD,383951.4259,5036159.561,-75.48789,45.46088,2017-06-01,5:00:00 PM,01 - Clear,01 - Dry,01 - Traffic signal,02 - Intersection related,01 - Daylight,03 - P.D. only,03 - Rear end,Queenswood Heights
8479,INNES RD @ TENTH LINE RD,383952.7636,5036158.892,-75.48787,45.46087,2017-06-04,3:56:00 PM,01 - Clear,01 - Dry,01 - Traffic signal,03 - At intersection,01 - Daylight,03 - P.D. only,04 - Sideswipe,Queenswood Heights
8480,INNES RD @ TENTH LINE RD,383951.7603,5036158.648,-75.48788,45.46087,2017-08-04,12:30:00 PM,01 - Clear,01 - Dry,01 - Traffic signal,03 - At intersection,01 - Daylight,03 - P.D. only,03 - Rear end,Queenswood Heights
8481,INNES RD @ TENTH LINE RD,383951.7603,5036159.014,-75.48788,45.46087,2017-09-26,7:53:00 PM,01 - Clear,01 - Dry,01 - Traffic signal,02 - Intersection related,07 - Dark,02 - Non-fatal injury,07 - SMV other,Queenswood Heights
8482,INNES RD @ TENTH LINE RD,383950.3402,5036158.851,-75.4879,45.46087,2017-09-28,4:10:00 PM,01 - Clear,01 - Dry,01 - Traffic signal,03 - At intersection,01 - Daylight,03 - P.D. only,03 - Rear end,Queenswood Heights
8483,INNES RD @ TENTH LINE RD,383951.2139,5036159.561,-75.48789,45.46088,2017-10-07,1:19:00 PM,02 - Rain,02 - Wet,01 - Traffic signal,02 - Intersection related,01 - Daylight,02 - Non-fatal injury,03 - Rear end,Queenswood Heights