Record,Location,X,Y,Longitude,Latitude,Date,Time,Environment,Road_Surface,Traffic_Control,Collision_Location,Light,Collision_Classification,Impact_type,Neighborhood
8484,INNES RD @ TENTH LINE RD,383952.2382,5036160.756,-75.48788,45.46089,2017-11-03,11:43:00 AM,01 - Clear,01 - Dry,01 - Traffic signal,02 - Intersection related,01 - Daylight,03 - P.D. only,04 - Sideswipe,Queenswood Heights
8485,INNES RD @ TENTH LINE RD,383951.7603,5036159.322,-75.48788,45.46088,2017-12-11,7:24:00 AM,01 - Clear,01 - Dry,01 - Traffic signal,02 - Intersection related,03 - Dawn,02 - Non-fatal injury,03 - Rear end,Queenswood Heights
8486,INNES RD @ TENTH LINE RD,383951.7603,5036159.322,-75.48788,45.46088,2017-11-06,3:50:00 PM,01 - Clear,01 - Dry,01 - Traffic signal,03 - At intersection,01 - Daylight,02 - Non-fatal injury,03 - Rear end,Queenswood Heights
8487,INNES RD @ TENTH LINE RD,383952.7636,5036158.892,-75.48787,45.46087,2017-12-05,5:30:00 PM,01 - Clear,01 - Dry,01 - Traffic signal,02 - Intersection related,07 - Dark,03 - P.D. only,99 - Other,Queenswood Heights
8488,INNES RD @ TENTH LINE RD,383951.7603,5036159.014,-75.48788,45.46087,2017-01-16,2:25:00 PM,01 - Clear,01 - Dry,01 - Traffic signal,02 - Intersection related,01 - Daylight,03 - P.D. only,04 - Sideswipe,Queenswood Heights
8489,INNES RD @ TENTH LINE RD,383952.5108,5036161.437,-75.48787,45.4609,2017-02-06,3:34:00 PM,01 - Clear,03 - Loose snow,01 - Traffic signal,02 - Intersection related,01 - Daylight,02 - Non-fatal injury,03 - Rear end,Queenswood Heights
8490,INNES RD @ TENTH LINE RD,383951.7603,5036160.311,-75.48788,45.46089,2017-02-14,3:20:00 PM,01 - Clear,02 - Wet,01 - Traffic signal,02 - Intersection related,01 - Daylight,03 - P.D. only,99 - Other,Queenswood Heights
8491,INNES RD @ TENTH LINE RD,383950.2594,5036158.435,-75.4879,45.46087,2017-02-18,3:04:00 PM,01 - Clear,01 - Dry,01 - Traffic signal,02 - Intersection related,01 - Daylight,03 - P.D. only,03 - Rear end,Queenswood Heights
8492,INNES RD @ TENTH LINE RD,383952.7636,5036158.892,-75.48787,45.46087,2017-02-17,1:47:00 PM,01 - Clear,01 - Dry,01 - Traffic signal,03 - At intersection,01 - Daylight,03 - P.D. only,05 - Turning movement,Queenswood Heights
8493,INNES RD @ TENTH LINE RD,383953.2888,5036158.542,-75.48787,45.46087,2017-02-27,3:46:00 PM,01 - Clear,01 - Dry,01 - Traffic signal,02 - Intersection related,01 - Daylight,02 - Non-fatal injury,03 - Rear end,Queenswood Heights
8494,INNES RD @ TENTH LINE RD,383951.4259,5036160.23,-75.48789,45.46089,2017-04-12,7:30:00 PM,01 - Clear,01 - Dry,01 - Traffic signal,02 - Intersection related,05 - Dusk,03 - P.D. only,03 - Rear end,Queenswood Heights
8495,INNES RD @ TENTH LINE RD,383951.4259,5036160.23,-75.48789,45.46089,2017-03-24,2:00:00 PM,03 - Snow,03 - Loose snow,01 - Traffic signal,02 - Intersection related,01 - Daylight,03 - P.D. only,03 - Rear end,Queenswood Heights
8496,INNES RD @ TENTH LINE RD,383951.7611,5036160.173,-75.48788,45.46089,2017-03-23,7:50:00 AM,01 - Clear,01 - Dry,01 - Traffic signal,02 - Intersection related,01 - Daylight,03 - P.D. only,03 - Rear end,Queenswood Heights
8497,INNES RD @ TENTH LINE RD,383951.7603,5036159.936,-75.48788,45.46088,2017-03-31,4:48:00 PM,03 - Snow,02 - Wet,01 - Traffic signal,02 - Intersection related,01 - Daylight,02 - Non-fatal injury,03 - Rear end,Queenswood Heights
8498,INNES RD @ TENTH LINE RD,383951.4259,5036160.899,-75.48789,45.46089,2017-03-23,6:31:00 AM,01 - Clear,01 - Dry,01 - Traffic signal,02 - Intersection related,01 - Daylight,03 - P.D. only,03 - Rear end,Queenswood Heights
8499,INNES RD @ TENTH LINE RD,383951.4259,5036159.561,-75.48789,45.46088,2017-03-22,4:59:00 PM,01 - Clear,01 - Dry,01 - Traffic signal,02 - Intersection related,01 - Daylight,02 - Non-fatal injury,03 - Rear end,Queenswood Heights
8500,INNES RD @ TENTH LINE RD,383951.4259,5036160.23,-75.48789,45.46089,2017-04-02,1:30:00 AM,01 - Clear,01 - Dry,01 - Traffic signal,02 - Intersection related,07 - Dark,03 - P.D. only,04 - Sideswipe,Queenswood Heights
8501,INNES RD @ TENTH LINE RD,383953.4466,5036160.229,-75.48786,45.46089,2017-12-22,4:57:00 PM,03 - Snow,04 - Slush,01 - Traffic signal,02 - Intersection related,05 - Dusk,03 - P.D. only,03 - Rear end,Queenswood Heights
8502,INNES RD @ TENTH LINE RD,383952.2382,5036160.756,-75.48788,45.46089,2017-12-19,6:53:00 PM,01 - Clear,03 - Loose snow,01 - Traffic signal,02 - Intersection related,07 - Dark,02 - Non-fatal injury,03 - Rear end,Queenswood Heights
8503,INNES RD @ TENTH LINE RD,383951.7603,5036158.851,-75.48788,45.46087,2017-12-16,7:15:00 PM,01 - Clear,06 - Ice,01 - Traffic signal,02 - Intersection related,07 - Dark,03 - P.D. only,03 - Rear end,Queenswood Heights
8504,INNES RD @ TRIM RD,386567.3736,5037273.857,-75.45426,45.4706,2017-07-22,11:03:00 AM,01 - Clear,01 - Dry,01 - Traffic signal,02 - Intersection related,01 - Daylight,03 - P.D. only,03 - Rear end,Cardinal Creek
8505,INNES RD @ TRIM RD,386566.7721,5037272.839,-75.45427,45.47059,2017-09-14,1:33:00 PM,01 - Clear,01 - Dry,01 - Traffic signal,03 - At intersection,01 - Daylight,03 - P.D. only,04 - Sideswipe,Cardinal Creek
8506,INNES RD @ TRIM RD,386567.7754,5037274.225,-75.45425,45.47061,2017-11-26,6:31:00 PM,03 - Snow,02 - Wet,01 - Traffic signal,02 - Intersection related,07 - Dark,03 - P.D. only,03 - Rear end,Cardinal Creek
8507,INNES RD @ TRIM RD,386566.7721,5037272.43,-75.45427,45.47059,2017-02-15,11:28:00 AM,03 - Snow,04 - Slush,01 - Traffic signal,02 - Intersection related,01 - Daylight,03 - P.D. only,03 - Rear end,Cardinal Creek
8508,INNES RD @ TRIM RD,386567.5226,5037273.931,-75.45426,45.4706,2017-02-08,8:30:00 AM,01 - Clear,04 - Slush,01 - Traffic signal,02 - Intersection related,01 - Daylight,03 - P.D. only,04 - Sideswipe,Cardinal Creek
8509,INNES RD @ TRIM RD,386567.7754,5037273.556,-75.45425,45.4706,2017-02-23,9:07:00 PM,01 - Clear,01 - Dry,01 - Traffic signal,03 - At intersection,07 - Dark,03 - P.D. only,05 - Turning movement,Cardinal Creek
8510,INNES RD @ TRIM RD,386567.7754,5037273.556,-75.45425,45.4706,2017-02-25,3:21:00 PM,02 - Rain,02 - Wet,01 - Traffic signal,03 - At intersection,01 - Daylight,03 - P.D. only,02 - Angle,Cardinal Creek
8511,INNES RD @ TRIM RD,386567.1066,5037271.549,-75.45426,45.47058,2017-03-19,1:01:00 PM,01 - Clear,01 - Dry,01 - Traffic signal,03 - At intersection,01 - Daylight,02 - Non-fatal injury,05 - Turning movement,Cardinal Creek
8512,INNES RD @ TRIM RD,386567.1066,5037272.218,-75.45426,45.47059,2017-04-08,3:15:00 PM,01 - Clear,01 - Dry,01 - Traffic signal,02 - Intersection related,01 - Daylight,03 - P.D. only,04 - Sideswipe,Cardinal Creek
8513,INNES RD @ VISENEAU DR,381799.0856,5035072.218,-75.51558,45.45134,2017-11-05,4:39:00 PM,02 - Rain,02 - Wet,01 - Traffic signal,03 - At intersection,05 - Dusk,03 - P.D. only,05 - Turning movement,Chapel Hill South
8514,INNES RD @ VISENEAU DR,381799.5016,5035072.43,-75.51557,45.45134,2017-01-10,9:06:00 PM,04 - Freezing Rain,03 - Loose snow,01 - Traffic signal,03 - At intersection,07 - Dark,03 - P.D. only,05 - Turning movement,Chapel Hill South
8515,INNES RD @ VISENEAU DR,381797.6656,5035073.827,-75.51559,45.45135,2017-01-04,6:00:00 PM,03 - Snow,04 - Slush,01 - Traffic signal,03 - At intersection,07 - Dark,03 - P.D. only,05 - Turning movement,Chapel Hill South
8516,INNES RD @ VISENEAU DR,381799.7544,5035074.894,-75.51557,45.45136,2017-03-20,10:17:00 AM,01 - Clear,01 - Dry,01 - Traffic signal,03 - At intersection,01 - Daylight,03 - P.D. only,05 - Turning movement,Chapel Hill South
8517,INNES RD @ WILDFLOWER DR,382936.5332,5035691.665,-75.50094,45.45678,2017-08-13,6:57:00 PM,01 - Clear,01 - Dry,01 - Traffic signal,02 - Intersection related,01 - Daylight,02 - Non-fatal injury,03 - Rear end,Avalon
8518,INNES RD @ WILDFLOWER DR,382936.7552,5035690.319,-75.50094,45.45677,2017-10-30,4:47:00 PM,01 - Clear,02 - Wet,01 - Traffic signal,02 - Intersection related,01 - Daylight,03 - P.D. only,03 - Rear end,Avalon
8519,INNES RD @ WILDFLOWER DR,382937.2286,5035689.372,-75.50093,45.45676,2017-11-21,7:53:00 AM,01 - Clear,01 - Dry,01 - Traffic signal,02 - Intersection related,01 - Daylight,03 - P.D. only,03 - Rear end,Avalon
8520,INNES RD @ WILDFLOWER DR,382937.7585,5035689.887,-75.50092,45.45677,2017-02-25,5:24:00 PM,02 - Rain,02 - Wet,01 - Traffic signal,03 - At intersection,05 - Dusk,03 - P.D. only,05 - Turning movement,Avalon
8521,INNES RD btwn 173 W OF ORIENT PARK DR & ORIENT PARK DR,378206.2481,5032968.234,-75.56182,45.43279,2017-05-16,9:14:00 AM,01 - Clear,01 - Dry,10 - No control,04 - At/near private drive,01 - Daylight,02 - Non-fatal injury,03 - Rear end,Blackburn Hamlet
8522,INNES RD btwn 173 W OF ORIENT PARK DR & ORIENT PARK DR,378181.394,5032952.917,-75.56214,45.43266,2017-12-31,7:45:00 AM,03 - Snow,03 - Loose snow,10 - No control,04 - At/near private drive,03 - Dawn,03 - P.D. only,02 - Angle,Blackburn Hamlet
8523,INNES RD btwn 260 E OF BELCOURT BLVD/WALMART SC & JEANNE D'ARC BLVD/ME,382593.1207,5035543.574,-75.50535,45.45549,2017-08-02,11:00:00 AM,01 - Clear,01 - Dry,10 - No control,01 - Non intersection,01 - Daylight,03 - P.D. only,07 - SMV other,Orleans Village - Chateauneuf
8524,INNES RD btwn 260 E OF BELCOURT BLVD/WALMART SC & JEANNE D'ARC BLVD/ME,382594.4699,5035543.534,-75.50534,45.45549,2017-12-15,6:50:00 PM,03 - Snow,03 - Loose snow,10 - No control,01 - Non intersection,07 - Dark,02 - Non-fatal injury,03 - Rear end,Orleans Village - Chateauneuf
8525,INNES RD btwn 298 E OF WILDFLOWER DR & LANTHIER DR/PRESTWICK DR,383401.9671,5035929.701,-75.49495,45.45887,2017-06-02,8:20:00 AM,01 - Clear,01 - Dry,10 - No control,01 - Non intersection,01 - Daylight,02 - Non-fatal injury,03 - Rear end,Queenswood Heights
8526,INNES RD btwn 298 E OF WILDFLOWER DR & LANTHIER DR/PRESTWICK DR,383313.452,5035872.727,-75.49609,45.45837,2017-06-30,4:23:00 PM,02 - Rain,02 - Wet,10 - No control,01 - Non intersection,01 - Daylight,02 - Non-fatal injury,03 - Rear end,Queenswood Heights
8527,INNES RD btwn 298 E OF WILDFLOWER DR & LANTHIER DR/PRESTWICK DR,383360.9635,5035901.361,-75.49548,45.45862,2017-02-19,4:47:00 AM,01 - Clear,04 - Slush,10 - No control,01 - Non intersection,07 - Dark,03 - P.D. only,03 - Rear end,Queenswood Heights
8528,INNES RD btwn ANDERSON RD & INNES RD,376297.798,5031849.591,-75.58637,45.42293,2017-06-06,2:35:00 PM,02 - Rain,02 - Wet,10 - No control,01 - Non intersection,01 - Daylight,03 - P.D. only,07 - SMV other,Greenbelt
8529,INNES RD btwn ANDERSON RD & INNES RD,376593.4213,5032025.122,-75.58257,45.42448,2017-08-24,4:58:00 PM,01 - Clear,01 - Dry,10 - No control,04 - At/near private drive,01 - Daylight,02 - Non-fatal injury,02 - Angle,Greenbelt
8530,INNES RD btwn ANDERSON RD & INNES RD,376372.1454,5031891.17,-75.58541,45.42329,2017-09-13,7:30:00 AM,01 - Clear,01 - Dry,10 - No control,01 - Non intersection,01 - Daylight,03 - P.D. only,04 - Sideswipe,Greenbelt
8531,INNES RD btwn ANDERSON RD & INNES RD,376368.7884,5031890.085,-75.58546,45.42328,2017-10-13,1:35:00 PM,01 - Clear,01 - Dry,10 - No control,01 - Non intersection,01 - Daylight,03 - P.D. only,99 - Other,Greenbelt
8532,INNES RD btwn ANDERSON RD & INNES RD,376699.1358,5032086.38,-75.58121,45.42502,2017-12-12,12:53:00 PM,03 - Snow,04 - Slush,10 - No control,01 - Non intersection,01 - Daylight,03 - P.D. only,07 - SMV other,Greenbelt
8533,INNES RD btwn ANDERSON RD & INNES RD,376307.8314,5031856.28,-75.58624,45.42299,2017-11-07,11:42:00 AM,01 - Clear,01 - Dry,10 - No control,01 - Non intersection,01 - Daylight,03 - P.D. only,07 - SMV other,Greenbelt
8534,INNES RD btwn ANDERSON RD & INNES RD,376540.0409,5031992.784,-75.58325,45.42419,2017-01-16,6:53:00 AM,01 - Clear,01 - Dry,10 - No control,01 - Non intersection,07 - Dark,03 - P.D. only,03 - Rear end,Greenbelt
8535,INNES RD btwn ANDERSON RD & INNES RD,376412.4351,5031913.695,-75.5849,45.42349,2017-01-10,11:45:00 PM,03 - Snow,03 - Loose snow,10 - No control,01 - Non intersection,07 - Dark,03 - P.D. only,01 - Approaching,Greenbelt
8536,INNES RD btwn ANDERSON RD & INNES RD,376457.6642,5031939.892,-75.58431,45.42372,2017-03-08,7:39:00 AM,01 - Clear,06 - Ice,10 - No control,01 - Non intersection,01 - Daylight,03 - P.D. only,04 - Sideswipe,Greenbelt
8537,INNES RD btwn BANTREE ST & STAR TOP RD,373829.8035,5030478.796,-75.61809,45.41084,2017-06-15,4:39:00 PM,01 - Clear,01 - Dry,10 - No control,01 - Non intersection,01 - Daylight,03 - P.D. only,03 - Rear end,Industrial Park
8538,INNES RD btwn BANTREE ST & STAR TOP RD,374060.8406,5030612.462,-75.61512,45.41202,2017-10-04,1:14:00 PM,01 - Clear,01 - Dry,10 - No control,01 - Non intersection,01 - Daylight,02 - Non-fatal injury,03 - Rear end,Industrial Park
8539,INNES RD btwn BANTREE ST & STAR TOP RD,373744.8536,5030427.96,-75.61919,45.41039,2017-11-17,3:49:00 PM,01 - Clear,01 - Dry,10 - No control,01 - Non intersection,01 - Daylight,03 - P.D. only,03 - Rear end,Industrial Park
8540,INNES RD btwn BANTREE ST & STAR TOP RD,373887.8441,5030512.478,-75.61735,45.41114,2017-12-11,3:23:00 PM,01 - Clear,01 - Dry,10 - No control,01 - Non intersection,01 - Daylight,03 - P.D. only,03 - Rear end,Industrial Park
8541,INNES RD btwn BANTREE ST & STAR TOP RD,373804.3854,5030460.736,-75.61842,45.41068,2017-11-28,3:26:00 PM,01 - Clear,01 - Dry,10 - No control,01 - Non intersection,01 - Daylight,03 - P.D. only,04 - Sideswipe,Industrial Park
8542,INNES RD btwn BANTREE ST & STAR TOP RD,373835.2334,5030481.824,-75.61802,45.41087,2017-12-28,6:48:00 AM,01 - Clear,01 - Dry,10 - No control,01 - Non intersection,07 - Dark,03 - P.D. only,04 - Sideswipe,Industrial Park
8543,INNES RD btwn BELCOURT BLVD & 260 E OF BELCOURT BLVD/WALMART SC,382293.6064,5035368.891,-75.50921,45.45395,2017-05-23,6:56:00 PM,01 - Clear,01 - Dry,10 - No control,01 - Non intersection,01 - Daylight,03 - P.D. only,03 - Rear end,Chapel Hill South
8544,INNES RD btwn BELCOURT BLVD & 260 E OF BELCOURT BLVD/WALMART SC,382321.9435,5035386.365,-75.50884,45.45411,2017-08-31,7:15:00 PM,01 - Clear,01 - Dry,10 - No control,01 - Non intersection,01 - Daylight,03 - P.D. only,04 - Sideswipe,Orleans Village - Chateauneuf
8545,INNES RD btwn BELCOURT BLVD & 260 E OF BELCOURT BLVD/WALMART SC,382165.1354,5035293.61,-75.51086,45.45329,2017-09-22,1:00:00 PM,01 - Clear,01 - Dry,10 - No control,01 - Non intersection,01 - Daylight,03 - P.D. only,03 - Rear end,Chapel Hill South
8546,INNES RD btwn BELCOURT BLVD & 260 E OF BELCOURT BLVD/WALMART SC,382205.4253,5035315.764,-75.51034,45.45348,2017-12-09,3:45:00 PM,01 - Clear,01 - Dry,10 - No control,04 - At/near private drive,01 - Daylight,03 - P.D. only,05 - Turning movement,Chapel Hill South
8547,INNES RD btwn BLAIR RD & ANDERSON RD,376017.1964,5031695.073,-75.58998,45.42157,2017-06-13,5:23:00 PM,01 - Clear,01 - Dry,10 - No control,01 - Non intersection,01 - Daylight,03 - P.D. only,03 - Rear end,Greenbelt
8548,INNES RD btwn BLAIR RD & ANDERSON RD,376192.1602,5031793.868,-75.58773,45.42244,2017-06-13,8:40:00 AM,01 - Clear,01 - Dry,10 - No control,01 - Non intersection,01 - Daylight,03 - P.D. only,04 - Sideswipe,Greenbelt
8549,INNES RD btwn BLAIR RD & ANDERSON RD,376210.9681,5031803.571,-75.58749,45.42252,2017-09-03,10:23:00 AM,02 - Rain,02 - Wet,10 - No control,04 - At/near private drive,01 - Daylight,03 - P.D. only,05 - Turning movement,Greenbelt
8550,INNES RD btwn BLAIR RD & ANDERSON RD,375642.6455,5031483.577,-75.59479,45.4197,2017-09-07,8:59:00 AM,01 - Clear,01 - Dry,10 - No control,01 - Non intersection,01 - Daylight,03 - P.D. only,04 - Sideswipe,Greenbelt
8551,INNES RD btwn BLAIR RD & ANDERSON RD,375667.9649,5031494.43,-75.59447,45.4198,2017-10-03,7:47:00 AM,01 - Clear,01 - Dry,10 - No control,01 - Non intersection,01 - Daylight,03 - P.D. only,03 - Rear end,Greenbelt
8552,INNES RD btwn BLAIR RD & ANDERSON RD,375651.9791,5031489.722,-75.59467,45.41975,2017-12-01,7:05:00 AM,01 - Clear,04 - Slush,10 - No control,01 - Non intersection,03 - Dawn,03 - P.D. only,03 - Rear end,Greenbelt
8553,INNES RD btwn BLAIR RD & ANDERSON RD,375846.6587,5031613.178,-75.59217,45.42085,2017-12-21,6:23:00 PM,01 - Clear,01 - Dry,10 - No control,01 - Non intersection,07 - Dark,03 - P.D. only,04 - Sideswipe,Greenbelt
8554,INNES RD btwn FRANK KENNY RD & O'TOOLE RD,388137.1229,5037842.261,-75.43409,45.47553,2017-10-07,4:22:00 AM,"07 - Fog, mist, smoke, dust",02 - Wet,10 - No control,01 - Non intersection,07 - Dark,03 - P.D. only,07 - SMV other,Navan - Vars
8555,INNES RD btwn FRANK KENNY RD & O'TOOLE RD,387942.0752,5037762.084,-75.4366,45.47483,2017-11-14,7:13:00 PM,01 - Clear,01 - Dry,10 - No control,01 - Non intersection,07 - Dark,02 - Non-fatal injury,03 - Rear end,Navan - Vars
8556,INNES RD btwn HWY417 IC112 RAMP56 & HWY417 IC112 RAMP68,374567.5064,5030896.465,-75.60861,45.41453,2017-06-13,12:21:00 PM,01 - Clear,01 - Dry,10 - No control,01 - Non intersection,01 - Daylight,03 - P.D. only,04 - Sideswipe,Industrial Park
8557,INNES RD btwn HWY417 IC112 RAMP57 & HWY417 IC112 RAMP65,374386.9059,5030805.675,-75.61093,45.41373,2017-03-06,4:32:00 PM,04 - Freezing Rain,06 - Ice,10 - No control,01 - Non intersection,01 - Daylight,03 - P.D. only,03 - Rear end,Industrial Park
8558,INNES RD btwn HWY417 IC112 RAMP58 & HWY417 IC112 RAMP57,374277.1572,5030739.47,-75.61234,45.41314,2017-06-04,3:26:00 PM,01 - Clear,01 - Dry,10 - No control,01 - Non intersection,01 - Daylight,03 - P.D. only,03 - Rear end,Industrial Park
8559,INNES RD btwn HWY417 IC112 RAMP58 & HWY417 IC112 RAMP57,374236.0059,5030716.18,-75.61287,45.41294,2017-08-09,3:39:00 PM,01 - Clear,01 - Dry,10 - No control,01 - Non intersection,01 - Daylight,02 - Non-fatal injury,03 - Rear end,Industrial Park
8560,INNES RD btwn HWY417 IC112 RAMP65 & HWY417 IC112 RAMP56,374461.2237,5030849.929,-75.60998,45.41412,2017-04-10,4:08:00 PM,01 - Clear,01 - Dry,10 - No control,01 - Non intersection,01 - Daylight,03 - P.D. only,03 - Rear end,Industrial Park
8561,INNES RD btwn HWY417 IC112 RAMP65 & HWY417 IC112 RAMP56,374447.0499,5030842.299,-75.61016,45.41405,2017-04-08,5:55:00 PM,01 - Clear,01 - Dry,10 - No control,01 - Non intersection,01 - Daylight,03 - P.D. only,99 - Other,Industrial Park
8562,INNES RD btwn HWY417 IC112 RAMP66 & CYRVILLE RD,375000.5675,5031088.126,-75.60305,45.41621,2017-03-29,4:39:00 PM,01 - Clear,01 - Dry,10 - No control,01 - Non intersection,01 - Daylight,03 - P.D. only,04 - Sideswipe,Industrial Park
8563,INNES RD btwn HWY417 IC112 RAMP66 & CYRVILLE RD,374984.7071,5031076.498,-75.60326,45.4161,2017-04-10,2:13:00 PM,01 - Clear,01 - Dry,10 - No control,01 - Non intersection,01 - Daylight,03 - P.D. only,04 - Sideswipe,Industrial Park
8564,INNES RD btwn HWY417 IC112 RAMP66 & CYRVILLE RD,374961.2253,5031059.11,-75.60356,45.41595,2017-12-15,3:15:00 PM,01 - Clear,01 - Dry,10 - No control,01 - Non intersection,01 - Daylight,03 - P.D. only,04 - Sideswipe,Industrial Park
8565,INNES RD btwn INDUSTRIAL AVE & BANTREE ST,373428.6699,5030231.352,-75.62325,45.40865,2017-08-23,6:33:00 AM,01 - Clear,01 - Dry,10 - No control,01 - Non intersection,01 - Daylight,03 - P.D. only,04 - Sideswipe,Industrial Park
8566,INNES RD btwn INDUSTRIAL AVE & BANTREE ST,373577.8215,5030328.936,-75.62133,45.40952,2017-12-06,5:33:00 PM,01 - Clear,01 - Dry,10 - No control,01 - Non intersection,07 - Dark,03 - P.D. only,04 - Sideswipe,Industrial Park
8567,INNES RD btwn INNES RD & PAGE RD,380638.8141,5034395.182,-75.53051,45.44537,2017-10-20,6:12:00 AM,01 - Clear,01 - Dry,10 - No control,01 - Non intersection,07 - Dark,02 - Non-fatal injury,03 - Rear end,Chapel Hill South
8568,INNES RD btwn JEANNE D'ARC BLVD S & WILDFLOWER DR,382822.369,5035645.227,-75.50241,45.45638,2017-02-16,5:04:00 PM,01 - Clear,01 - Dry,10 - No control,01 - Non intersection,01 - Daylight,02 - Non-fatal injury,03 - Rear end,Avalon
8569,INNES RD btwn ORCHARDVIEW AVE & PORTOBELLO BLVD,384917.2565,5036594.864,-75.47547,45.46469,2017-08-16,12:00:00 PM,01 - Clear,01 - Dry,10 - No control,01 - Non intersection,01 - Daylight,03 - P.D. only,07 - SMV other,Fallingbrook
8570,INNES RD btwn ORCHARDVIEW AVE & PORTOBELLO BLVD,385607.8607,5036881.637,-75.46659,45.46719,2017-02-10,8:49:00 AM,01 - Clear,01 - Dry,10 - No control,04 - At/near private drive,01 - Daylight,03 - P.D. only,04 - Sideswipe,Fallingbrook
8571,INNES RD btwn ORIENT PARK DR & EASTPARK DR,378367.1797,5033063.188,-75.55975,45.43363,2017-10-30,4:30:00 PM,01 - Clear,01 - Dry,10 - No control,04 - At/near private drive,01 - Daylight,03 - P.D. only,03 - Rear end,Blackburn Hamlet
8572,INNES RD btwn O'TOOLE RD & DUNNING RD,391309.791,5039175.052,-75.39328,45.48714,2017-05-21,4:32:00 AM,01 - Clear,01 - Dry,10 - No control,01 - Non intersection,07 - Dark,03 - P.D. only,07 - SMV other,Navan - Vars
8573,INNES RD btwn O'TOOLE RD & DUNNING RD,389774.0783,5038548.839,-75.41303,45.48169,2017-10-27,6:46:00 PM,01 - Clear,01 - Dry,10 - No control,01 - Non intersection,05 - Dusk,03 - P.D. only,07 - SMV other,Navan - Vars
8574,INNES RD btwn PAGE RD & 473 E OF PAGE RD/BUILDERS' WAREHOUSE SC,381061.3276,5034643.565,-75.52507,45.44756,2017-06-01,1:16:00 AM,01 - Clear,01 - Dry,10 - No control,01 - Non intersection,07 - Dark,03 - P.D. only,04 - Sideswipe,Orleans Village - Chateauneuf
8575,INNES RD btwn PAGE RD & 473 E OF PAGE RD/BUILDERS' WAREHOUSE SC,380932.0757,5034570.106,-75.52674,45.44691,2017-11-14,4:12:00 PM,01 - Clear,01 - Dry,10 - No control,01 - Non intersection,01 - Daylight,03 - P.D. only,03 - Rear end,Orleans Village - Chateauneuf
8576,INNES RD btwn PAGE RD & 473 E OF PAGE RD/BUILDERS' WAREHOUSE SC,381215.9282,5034732.294,-75.52308,45.44834,2017-01-31,4:38:00 PM,01 - Clear,01 - Dry,10 - No control,01 - Non intersection,01 - Daylight,03 - P.D. only,04 - Sideswipe,Chapel Hill South
8577,INNES RD btwn PAGE RD & 473 E OF PAGE RD/BUILDERS' WAREHOUSE SC,380975.7271,5034589.735,-75.52618,45.44709,2017-02-01,6:49:00 AM,01 - Clear,03 - Loose snow,10 - No control,01 - Non intersection,03 - Dawn,03 - P.D. only,03 - Rear end,Chapel Hill South
8578,INNES RD btwn PRESTWICK DR & TENTH LINE RD,383799.2021,5036095.386,-75.48985,45.46032,2017-08-24,8:09:00 PM,01 - Clear,01 - Dry,10 - No control,01 - Non intersection,05 - Dusk,02 - Non-fatal injury,03 - Rear end,Queenswood Heights
8579,INNES RD btwn PRESTWICK DR & TENTH LINE RD,383901.3196,5036137.143,-75.48853,45.46068,2017-03-10,9:35:00 AM,01 - Clear,01 - Dry,10 - No control,04 - At/near private drive,01 - Daylight,03 - P.D. only,02 - Angle,Queenswood Heights
8580,INNES RD btwn PRESTWICK DR & TENTH LINE RD,383910.6232,5036141.501,-75.48841,45.46072,2017-03-05,11:51:00 AM,01 - Clear,01 - Dry,10 - No control,04 - At/near private drive,01 - Daylight,03 - P.D. only,02 - Angle,Queenswood Heights
8581,INNES RD btwn PROVENCE AVE & TRIM RD,386126.5767,5037090.649,-75.45993,45.46901,2017-03-21,7:58:00 AM,02 - Rain,02 - Wet,10 - No control,01 - Non intersection,01 - Daylight,03 - P.D. only,04 - Sideswipe,Notting Hill
8582,INNES RD btwn STAR TOP RD & HWY417 IC112 RAMP55,374191.3155,5030690.919,-75.61345,45.41271,2017-08-16,3:32:00 PM,01 - Clear,01 - Dry,10 - No control,01 - Non intersection,01 - Daylight,03 - P.D. only,03 - Rear end,Industrial Park
8583,INNES RD btwn STONEHENGE CRES & BLAIR RD,375502.1463,5031393.401,-75.5966,45.4189,2017-05-29,2:28:00 PM,02 - Rain,02 - Wet,10 - No control,01 - Non intersection,01 - Daylight,03 - P.D. only,03 - Rear end,Greenbelt
8584,INNES RD btwn STONEHENGE CRES & BLAIR RD,375486.0928,5031389.388,-75.59681,45.41887,2017-07-11,2:00:00 PM,01 - Clear,01 - Dry,10 - No control,01 - Non intersection,01 - Daylight,03 - P.D. only,04 - Sideswipe,Greenbelt
8585,INNES RD btwn STONEHENGE CRES & BLAIR RD,375409.0977,5031340.329,-75.5978,45.41843,2017-09-28,1:27:00 PM,01 - Clear,01 - Dry,10 - No control,01 - Non intersection,01 - Daylight,03 - P.D. only,04 - Sideswipe,Greenbelt
8586,INNES RD btwn STONEHENGE CRES & BLAIR RD,375473.3837,5031378.686,-75.59697,45.41877,2017-04-06,7:19:00 AM,02 - Rain,02 - Wet,10 - No control,01 - Non intersection,01 - Daylight,03 - P.D. only,03 - Rear end,Greenbelt