Record,Location,X,Y,Longitude,Latitude,Date,Time,Environment,Road_Surface,Traffic_Control,Collision_Location,Light,Collision_Classification,Impact_type,Neighborhood
8587,INNES RD btwn STONEHENGE CRES & STONEHENGE CRES,375307.3506,5031280.339,-75.59911,45.41791,2017-07-15,5:54:00 AM,01 - Clear,01 - Dry,10 - No control,04 - At/near private drive,03 - Dawn,03 - P.D. only,02 - Angle,Greenbelt
8588,INNES RD btwn STONEHENGE CRES & STONEHENGE CRES,375355.6183,5031308.057,-75.59848,45.41815,2017-09-13,5:00:00 PM,01 - Clear,01 - Dry,10 - No control,01 - Non intersection,01 - Daylight,03 - P.D. only,04 - Sideswipe,Greenbelt
8589,INNES RD btwn STONEHENGE CRES & STONEHENGE CRES,375317.3865,5031287.986,-75.59898,45.41797,2017-12-12,1:25:00 PM,03 - Snow,06 - Ice,10 - No control,01 - Non intersection,01 - Daylight,03 - P.D. only,05 - Turning movement,Greenbelt
8590,INNES RD btwn STONEHENGE CRES & STONEHENGE CRES,375218.5402,5031227.719,-75.60025,45.41744,2017-01-14,10:43:00 AM,01 - Clear,01 - Dry,10 - No control,01 - Non intersection,01 - Daylight,03 - P.D. only,03 - Rear end,Industrial Park
8591,INNES RD btwn STONEHENGE CRES & STONEHENGE CRES,375289.6684,5031271.259,-75.59933,45.41783,2017-12-31,2:15:00 PM,03 - Snow,05 - Packed snow,10 - No control,01 - Non intersection,01 - Daylight,03 - P.D. only,04 - Sideswipe,Greenbelt
8592,INNES RD btwn TENTH LINE RD & 240 E OF TENTH LINE RD/HOME DEPOT E,383960.1215,5036164.912,-75.48778,45.46093,2017-04-01,10:20:00 AM,01 - Clear,01 - Dry,10 - No control,01 - Non intersection,01 - Daylight,02 - Non-fatal injury,04 - Sideswipe,Orl¨¦ans
8593,INNES RD btwn TENTH LINE RD & 240 E OF TENTH LINE RD/HOME DEPOT E,383984.8707,5036174.945,-75.48746,45.46101,2017-04-23,3:10:00 PM,01 - Clear,01 - Dry,10 - No control,04 - At/near private drive,01 - Daylight,03 - P.D. only,02 - Angle,Fallingbrook
8594,INNES RD btwn VALIN ST & FRANK KENNY RD,387440.6481,5037592.151,-75.44304,45.47336,2017-05-13,6:02:00 PM,01 - Clear,01 - Dry,10 - No control,01 - Non intersection,01 - Daylight,03 - P.D. only,07 - SMV other,Navan - Vars
8595,INNES RD btwn VISENEAU DR & BELCOURT BLVD,382076.0043,5035240.08,-75.51201,45.45282,2017-01-06,2:57:00 PM,01 - Clear,01 - Dry,10 - No control,01 - Non intersection,01 - Daylight,02 - Non-fatal injury,03 - Rear end,Chapel Hill South
8596,INNES RD btwn VISENEAU DR & BELCOURT BLVD,381885.0899,5035124.376,-75.51447,45.4518,2017-01-20,4:54:00 PM,01 - Clear,02 - Wet,10 - No control,01 - Non intersection,05 - Dusk,03 - P.D. only,03 - Rear end,Chapel Hill South
8597,INNES RD EB btwn INNES RD & INNES RD W,377077.0856,5032175.121,-75.57636,45.42578,2017-06-22,3:41:00 PM,01 - Clear,01 - Dry,10 - No control,01 - Non intersection,01 - Daylight,03 - P.D. only,04 - Sideswipe,Greenbelt
8598,INNES RD EB btwn ORLEANS BLVD & INNES RD,380471.8594,5034285.19,-75.53266,45.4444,2017-01-05,9:44:00 AM,01 - Clear,02 - Wet,10 - No control,01 - Non intersection,01 - Daylight,03 - P.D. only,04 - Sideswipe,Chapel Hill South
8599,INNES RD/PRESTWICK DR @ LANTHIER DR,383540.0745,5035989.841,-75.49318,45.4594,2017-08-08,12:35:00 PM,01 - Clear,01 - Dry,01 - Traffic signal,02 - Intersection related,01 - Daylight,03 - P.D. only,04 - Sideswipe,Queenswood Heights
8600,INNES RD/PRESTWICK DR @ LANTHIER DR,383540.6519,5035989.566,-75.49317,45.4594,2017-09-20,12:45:00 PM,01 - Clear,01 - Dry,01 - Traffic signal,02 - Intersection related,01 - Daylight,03 - P.D. only,03 - Rear end,Queenswood Heights
8601,INNES RD/PRESTWICK DR @ LANTHIER DR,383541.0976,5035987.895,-75.49316,45.45938,2017-10-27,9:50:00 PM,01 - Clear,01 - Dry,01 - Traffic signal,03 - At intersection,07 - Dark,03 - P.D. only,05 - Turning movement,Queenswood Heights
8602,INNES RD/PRESTWICK DR @ LANTHIER DR,383541.0976,5035989.902,-75.49316,45.4594,2017-10-11,9:58:00 PM,01 - Clear,01 - Dry,01 - Traffic signal,03 - At intersection,07 - Dark,02 - Non-fatal injury,07 - SMV other,Queenswood Heights
8603,INNES RD/PRESTWICK DR @ LANTHIER DR,383543.5372,5035988.563,-75.49313,45.45939,2017-01-05,11:53:00 AM,01 - Clear,04 - Slush,01 - Traffic signal,03 - At intersection,01 - Daylight,03 - P.D. only,02 - Angle,Queenswood Heights
8604,INNES RD/PRESTWICK DR @ LANTHIER DR,383541.3449,5035988.34,-75.49316,45.45939,2017-01-03,7:38:00 PM,04 - Freezing Rain,04 - Slush,01 - Traffic signal,03 - At intersection,07 - Dark,03 - P.D. only,03 - Rear end,Queenswood Heights
8605,INNES RD/PRESTWICK DR @ LANTHIER DR,383540.3496,5035989.71,-75.49317,45.4594,2017-02-07,11:12:00 AM,01 - Clear,02 - Wet,01 - Traffic signal,02 - Intersection related,01 - Daylight,03 - P.D. only,03 - Rear end,Queenswood Heights
8606,INNES RD/PRESTWICK DR @ LANTHIER DR,383541.128,5035987.93,-75.49316,45.45938,2017-03-16,1:21:00 PM,01 - Clear,01 - Dry,01 - Traffic signal,02 - Intersection related,01 - Daylight,03 - P.D. only,03 - Rear end,Queenswood Heights
8607,INNES RD/PRESTWICK DR @ LANTHIER DR,383541.0976,5035989.233,-75.49316,45.45939,2017-03-13,10:10:00 PM,01 - Clear,01 - Dry,01 - Traffic signal,02 - Intersection related,07 - Dark,03 - P.D. only,03 - Rear end,Queenswood Heights
8608,INVERKIP AVE btwn ZAIDAN DR & PENNARD WAY,372693.2525,5025589.686,-75.63329,45.36696,2017-02-08,7:30:00 PM,03 - Snow,03 - Loose snow,10 - No control,01 - Non intersection,07 - Dark,03 - P.D. only,06 - SMV unattended vehicle,Greenboro East
8609,INVERNESS AVE btwn GOODWIN AVE & NORMANDY CRES,366612.6417,5024714.075,-75.71101,45.35965,2017-12-18,9:45:00 AM,01 - Clear,02 - Wet,10 - No control,04 - At/near private drive,01 - Daylight,03 - P.D. only,02 - Angle,Borden Farm - Stewart Farm - Parkwood Hills - Fisher Glen
8610,IONA ST @ ISLAND PARK DR,364349.7044,5028381.847,-75.73945,45.39284,2017-01-10,8:29:00 PM,03 - Snow,03 - Loose snow,01 - Traffic signal,03 - At intersection,07 - Dark,03 - P.D. only,02 - Angle,Westboro
8611,IONA ST @ ISLAND PARK DR,364349.7044,5028385.55,-75.73945,45.39288,2017-10-28,3:13:00 PM,01 - Clear,01 - Dry,01 - Traffic signal,02 - Intersection related,01 - Daylight,03 - P.D. only,03 - Rear end,Westboro
8612,IONA ST @ ISLAND PARK DR,364349.9884,5028385.269,-75.73945,45.39287,2017-01-02,3:05:00 PM,03 - Snow,01 - Dry,01 - Traffic signal,02 - Intersection related,01 - Daylight,03 - P.D. only,03 - Rear end,Westboro
8613,IONA ST @ ISLAND PARK DR,364349.7044,5028385.55,-75.73945,45.39288,2017-04-11,9:30:00 AM,02 - Rain,02 - Wet,01 - Traffic signal,02 - Intersection related,01 - Daylight,03 - P.D. only,99 - Other,Westboro
8614,IONA ST @ ISLAND PARK DR,364349.9909,5028385.417,-75.73945,45.39288,2017-04-29,11:49:00 AM,01 - Clear,01 - Dry,01 - Traffic signal,02 - Intersection related,01 - Daylight,03 - P.D. only,03 - Rear end,Westboro
8615,IONA ST @ ISLAND PARK DR,364349.3834,5028386.168,-75.73945,45.39288,2017-01-05,11:50:00 AM,01 - Clear,02 - Wet,01 - Traffic signal,03 - At intersection,01 - Daylight,02 - Non-fatal injury,02 - Angle,Westboro
8616,IONA ST @ PICCADILLY AVE,364434.1749,5028421.837,-75.73837,45.3932,2017-08-19,3:12:00 PM,01 - Clear,01 - Dry,03 - Yield sign,03 - At intersection,01 - Daylight,02 - Non-fatal injury,02 - Angle,Island Park
8617,IONA ST btwn CLARENDON AVE & HARMER AVE N,364952.4445,5028648.928,-75.73172,45.3952,2017-02-13,9:00:00 AM,03 - Snow,03 - Loose snow,10 - No control,01 - Non intersection,01 - Daylight,03 - P.D. only,04 - Sideswipe,Island Park
8618,IPSWICH TER btwn BEACON WAY & BEACON WAY,349069.5606,5023029.461,-75.93507,45.34581,2017-03-07,7:25:00 AM,02 - Rain,06 - Ice,10 - No control,01 - Non intersection,01 - Daylight,02 - Non-fatal injury,01 - Approaching,Morgan's Grant
8619,IPSWICH TER btwn BEACON WAY & FLAMBOROUGH WAY,349246.9551,5023049.452,-75.93281,45.34598,2017-03-30,10:28:00 AM,01 - Clear,01 - Dry,10 - No control,01 - Non intersection,01 - Daylight,03 - P.D. only,06 - SMV unattended vehicle,Morgan's Grant
8620,IRIS ST @ MINNETONKA RD,362208.3152,5024370.041,-75.76726,45.35692,2017-12-19,11:15:00 PM,01 - Clear,04 - Slush,02 - Stop sign,03 - At intersection,07 - Dark,03 - P.D. only,02 - Angle,Iris
8621,IRIS ST @ PARKWAY DR,361918.0137,5024166.844,-75.77099,45.35512,2017-04-04,8:05:00 AM,02 - Rain,02 - Wet,02 - Stop sign,02 - Intersection related,01 - Daylight,03 - P.D. only,02 - Angle,Iris
8622,IRIS ST @ PINECREST SC,360639.3686,5023382.714,-75.7874,45.34817,2017-05-14,3:03:00 AM,01 - Clear,01 - Dry,01 - Traffic signal,02 - Intersection related,07 - Dark,03 - P.D. only,07 - SMV other,Iris
8623,IRIS ST @ SOUTHWOOD DR,360847.0151,5023441.818,-75.78474,45.34868,2017-01-05,12:00:00 AM,01 - Clear,03 - Loose snow,02 - Stop sign,02 - Intersection related,00 - Unknown,03 - P.D. only,06 - SMV unattended vehicle,Iris
8624,IRIS ST @ TRANSITWAY,362011.3345,5024240,-75.76979,45.35577,2017-05-03,5:05:00 PM,01 - Clear,01 - Dry,01 - Traffic signal,03 - At intersection,01 - Daylight,02 - Non-fatal injury,02 - Angle,Iris
8625,IRIS ST @ WOODROFFE AVE,362283.2924,5024440.361,-75.7663,45.35755,2017-06-05,8:33:00 AM,01 - Clear,01 - Dry,01 - Traffic signal,02 - Intersection related,01 - Daylight,03 - P.D. only,04 - Sideswipe,Iris
8626,IRIS ST @ WOODROFFE AVE,362282.3577,5024440.851,-75.76631,45.35756,2017-05-18,9:41:00 PM,01 - Clear,01 - Dry,01 - Traffic signal,03 - At intersection,07 - Dark,03 - P.D. only,03 - Rear end,Iris
8627,IRIS ST @ WOODROFFE AVE,362283.0266,5024442.857,-75.7663,45.35757,2017-06-06,5:30:00 PM,02 - Rain,02 - Wet,01 - Traffic signal,02 - Intersection related,01 - Daylight,03 - P.D. only,03 - Rear end,Iris
8628,IRIS ST @ WOODROFFE AVE,362283.0266,5024441.52,-75.7663,45.35756,2017-05-17,5:00:00 PM,01 - Clear,01 - Dry,01 - Traffic signal,02 - Intersection related,01 - Daylight,03 - P.D. only,04 - Sideswipe,Iris
8629,IRIS ST @ WOODROFFE AVE,362283.3301,5024443.114,-75.7663,45.35758,2017-06-16,2:17:00 PM,01 - Clear,01 - Dry,01 - Traffic signal,03 - At intersection,01 - Daylight,03 - P.D. only,05 - Turning movement,Iris
8630,IRIS ST @ WOODROFFE AVE,362284.1122,5024440.336,-75.76629,45.35755,2017-08-28,1:31:00 PM,01 - Clear,01 - Dry,01 - Traffic signal,03 - At intersection,01 - Daylight,03 - P.D. only,05 - Turning movement,Iris
8631,IRIS ST @ WOODROFFE AVE,362284.2206,5024440.501,-75.76629,45.35755,2017-12-14,3:16:00 PM,01 - Clear,01 - Dry,01 - Traffic signal,03 - At intersection,01 - Daylight,02 - Non-fatal injury,07 - SMV other,Iris
8632,IRIS ST @ WOODROFFE AVE,362283.1431,5024441.294,-75.7663,45.35756,2017-11-29,10:20:00 AM,01 - Clear,02 - Wet,01 - Traffic signal,02 - Intersection related,01 - Daylight,03 - P.D. only,03 - Rear end,Iris
8633,IRIS ST @ WOODROFFE AVE,362282.3577,5024442.188,-75.76631,45.35757,2017-03-06,7:35:00 PM,04 - Freezing Rain,06 - Ice,01 - Traffic signal,03 - At intersection,07 - Dark,03 - P.D. only,05 - Turning movement,Iris
8634,IRIS ST @ WOODROFFE AVE,362282.2187,5024441.283,-75.76631,45.35756,2017-12-15,2:57:00 PM,03 - Snow,04 - Slush,01 - Traffic signal,02 - Intersection related,01 - Daylight,02 - Non-fatal injury,03 - Rear end,Iris
8635,IRIS ST btwn Continuation of IRIS ST & TO BE DETERMINED,360651.9962,5023377.624,-75.78724,45.34812,2017-04-22,12:18:00 PM,01 - Clear,01 - Dry,10 - No control,01 - Non intersection,01 - Daylight,03 - P.D. only,03 - Rear end,Iris
8636,IRIS ST btwn GATEWAY RD & PARKWAY DR,361832.9819,5024099.31,-75.77209,45.35452,2017-10-10,12:20:00 PM,01 - Clear,01 - Dry,10 - No control,04 - At/near private drive,01 - Daylight,03 - P.D. only,06 - SMV unattended vehicle,Iris
8637,IRIS ST btwn SOUTHWOOD DR & BAXTER RD,360923.4787,5023503.13,-75.78376,45.34923,2017-10-27,11:40:00 AM,01 - Clear,01 - Dry,10 - No control,04 - At/near private drive,01 - Daylight,02 - Non-fatal injury,07 - SMV other,Iris
8638,IRONSTONE CRT btwn END & END,349780.8739,5010517.258,-75.92713,45.23318,2017-11-19,2:30:00 AM,03 - Snow,06 - Ice,10 - No control,01 - Non intersection,07 - Dark,03 - P.D. only,07 - SMV other,Stittsville - Basswood
8639,IRVING AVE @ WELLINGTON ST,365626.6979,5029802.229,-75.72297,45.40551,2017-11-01,9:10:00 AM,02 - Rain,02 - Wet,02 - Stop sign,03 - At intersection,01 - Daylight,03 - P.D. only,05 - Turning movement,Mechanicsville
8640,IRVING AVE btwn WELLINGTON ST W & LAUREL ST,365674.0954,5029694.113,-75.72238,45.40454,2017-05-16,4:03:00 PM,01 - Clear,01 - Dry,10 - No control,04 - At/near private drive,01 - Daylight,03 - P.D. only,07 - SMV other,Centretow
8641,IRWIN MILLER ST btwn MILLCRAFT CRES & MILLCRAFT CRES,371097.7452,5032627.292,-75.65271,45.43044,2017-02-07,5:15:00 PM,03 - Snow,05 - Packed snow,10 - No control,04 - At/near private drive,07 - Dark,03 - P.D. only,06 - SMV unattended vehicle,Vanier South
8642,ISABELLA ST btwn CHAMBERLAIN AVE & O'CONNOR ST,368183.3932,5030241.652,-75.69025,45.40924,2017-06-03,2:01:00 PM,01 - Clear,01 - Dry,10 - No control,01 - Non intersection,01 - Daylight,03 - P.D. only,03 - Rear end,The Glebe
8643,ISABELLA ST btwn CHAMBERLAIN AVE & O'CONNOR ST,368168.3279,5030230.891,-75.69045,45.40915,2017-05-29,1:32:00 PM,02 - Rain,02 - Wet,10 - No control,01 - Non intersection,01 - Daylight,03 - P.D. only,04 - Sideswipe,The Glebe
8644,ISABELLA ST btwn O'CONNOR ST & METCALFE ST,368386.5289,5030361.142,-75.68764,45.4103,2017-02-22,4:13:00 PM,01 - Clear,01 - Dry,10 - No control,01 - Non intersection,01 - Daylight,03 - P.D. only,03 - Rear end,The Glebe
8645,ISABELLA ST/HWY 417 O'CONN IC119BR57 @ O'CONNO,368297.6259,5030309.809,-75.68879,45.40984,2017-12-12,5:25:00 PM,03 - Snow,05 - Packed snow,01 - Traffic signal,02 - Intersection related,07 - Dark,03 - P.D. only,03 - Rear end,The Glebe
8646,ISABELLA ST/HWY 417 O'CONN IC119BR57 @ O'CONNO,368297.719,5030310.034,-75.68879,45.40985,2017-03-02,10:04:00 AM,02 - Rain,02 - Wet,01 - Traffic signal,02 - Intersection related,01 - Daylight,03 - P.D. only,04 - Sideswipe,The Glebe
8647,ISABELLA ST/HWY 417 O'CONN IC119BR57 @ O'CONNO,368297.5802,5030310.372,-75.68879,45.40985,2017-12-18,6:59:00 PM,03 - Snow,02 - Wet,01 - Traffic signal,03 - At intersection,07 - Dark,02 - Non-fatal injury,07 - SMV other,The Glebe
8648,ISABELLA ST/HWY417 IC119AR75 @ METCALFE ST,368449.041,5030398.896,-75.68684,45.41063,2017-06-10,5:58:00 PM,01 - Clear,01 - Dry,01 - Traffic signal,03 - At intersection,01 - Daylight,02 - Non-fatal injury,02 - Angle,The Glebe
8649,ISABELLA ST/HWY417 IC119AR75 @ METCALFE ST,368450.235,5030398.546,-75.68683,45.41063,2017-05-18,11:13:00 AM,01 - Clear,01 - Dry,01 - Traffic signal,02 - Intersection related,01 - Daylight,03 - P.D. only,04 - Sideswipe,The Glebe
8650,ISABELLA ST/HWY417 IC119AR75 @ METCALFE ST,368449.7098,5030399.565,-75.68683,45.41064,2017-06-11,11:37:00 PM,01 - Clear,01 - Dry,01 - Traffic signal,03 - At intersection,07 - Dark,02 - Non-fatal injury,02 - Angle,The Glebe
8651,ISABELLA ST/HWY417 IC119AR75 @ METCALFE ST,368447.2867,5030399.445,-75.68686,45.41064,2017-06-07,10:04:00 AM,01 - Clear,01 - Dry,01 - Traffic signal,03 - At intersection,01 - Daylight,03 - P.D. only,04 - Sideswipe,The Glebe
8652,ISABELLA ST/HWY417 IC119AR75 @ METCALFE ST,368448.3566,5030400.351,-75.68685,45.41065,2017-05-17,8:03:00 PM,01 - Clear,01 - Dry,01 - Traffic signal,02 - Intersection related,05 - Dusk,03 - P.D. only,04 - Sideswipe,The Glebe
8653,ISABELLA ST/HWY417 IC119AR75 @ METCALFE ST,368448.3306,5030400.081,-75.68685,45.41064,2017-05-12,11:37:00 PM,01 - Clear,01 - Dry,01 - Traffic signal,02 - Intersection related,07 - Dark,03 - P.D. only,03 - Rear end,The Glebe
8654,ISABELLA ST/HWY417 IC119AR75 @ METCALFE ST,368448.046,5030399.817,-75.68685,45.41064,2017-06-03,4:28:00 PM,01 - Clear,01 - Dry,01 - Traffic signal,03 - At intersection,01 - Daylight,03 - P.D. only,02 - Angle,The Glebe
8655,ISABELLA ST/HWY417 IC119AR75 @ METCALFE ST,368448.9161,5030399.675,-75.68684,45.41064,2017-08-30,4:03:00 PM,01 - Clear,01 - Dry,01 - Traffic signal,02 - Intersection related,01 - Daylight,03 - P.D. only,03 - Rear end,The Glebe
8656,ISABELLA ST/HWY417 IC119AR75 @ METCALFE ST,368448.9243,5030398.968,-75.68684,45.41063,2017-08-31,1:40:00 PM,01 - Clear,01 - Dry,01 - Traffic signal,02 - Intersection related,01 - Daylight,03 - P.D. only,04 - Sideswipe,The Glebe
8657,ISABELLA ST/HWY417 IC119AR75 @ METCALFE ST,368448.4408,5030400.117,-75.68685,45.41064,2017-07-27,11:15:00 AM,01 - Clear,01 - Dry,01 - Traffic signal,02 - Intersection related,01 - Daylight,03 - P.D. only,04 - Sideswipe,The Glebe
8658,ISABELLA ST/HWY417 IC119AR75 @ METCALFE ST,368448.3987,5030399.188,-75.68685,45.41063,2017-08-08,12:13:00 PM,01 - Clear,01 - Dry,01 - Traffic signal,03 - At intersection,01 - Daylight,03 - P.D. only,05 - Turning movement,The Glebe
8659,ISABELLA ST/HWY417 IC119AR75 @ METCALFE ST,368448.1352,5030399.567,-75.68685,45.41064,2017-10-21,6:10:00 PM,01 - Clear,01 - Dry,01 - Traffic signal,02 - Intersection related,05 - Dusk,03 - P.D. only,04 - Sideswipe,The Glebe
8660,ISABELLA ST/HWY417 IC119AR75 @ METCALFE ST,368448.9522,5030399.035,-75.68684,45.41063,2017-09-07,12:30:00 PM,02 - Rain,02 - Wet,01 - Traffic signal,02 - Intersection related,01 - Daylight,03 - P.D. only,03 - Rear end,The Glebe
8661,ISABELLA ST/HWY417 IC119AR75 @ METCALFE ST,368449.2906,5030399.018,-75.68684,45.41063,2017-09-29,10:00:00 PM,01 - Clear,01 - Dry,01 - Traffic signal,02 - Intersection related,07 - Dark,03 - P.D. only,04 - Sideswipe,The Glebe
8662,ISABELLA ST/HWY417 IC119AR75 @ METCALFE ST,368449.041,5030398.227,-75.68684,45.41063,2017-12-09,3:26:00 AM,01 - Clear,01 - Dry,01 - Traffic signal,03 - At intersection,07 - Dark,03 - P.D. only,04 - Sideswipe,The Glebe
8663,ISABELLA ST/HWY417 IC119AR75 @ METCALFE ST,368449.041,5030398.227,-75.68684,45.41063,2017-11-30,4:10:00 PM,03 - Snow,02 - Wet,01 - Traffic signal,03 - At intersection,05 - Dusk,03 - P.D. only,04 - Sideswipe,The Glebe
8664,ISABELLA ST/HWY417 IC119AR75 @ METCALFE ST,368450.3787,5030399.565,-75.68682,45.41064,2017-12-06,12:50:00 PM,01 - Clear,01 - Dry,01 - Traffic signal,03 - At intersection,01 - Daylight,03 - P.D. only,04 - Sideswipe,The Glebe
8665,ISABELLA ST/HWY417 IC119AR75 @ METCALFE ST,368449.1392,5030400.243,-75.68684,45.41064,2017-02-07,2:12:00 PM,01 - Clear,02 - Wet,01 - Traffic signal,03 - At intersection,01 - Daylight,03 - P.D. only,02 - Angle,The Glebe
8666,ISABELLA ST/HWY417 IC119AR75 @ METCALFE ST,368448.3721,5030398.227,-75.68685,45.41063,2017-02-28,8:07:00 PM,01 - Clear,01 - Dry,01 - Traffic signal,02 - Intersection related,07 - Dark,02 - Non-fatal injury,03 - Rear end,The Glebe
8667,ISABELLA ST/HWY417 IC119AR75 @ METCALFE ST,368448.4591,5030400.196,-75.68685,45.41064,2017-02-21,11:50:00 AM,01 - Clear,01 - Dry,01 - Traffic signal,02 - Intersection related,01 - Daylight,03 - P.D. only,04 - Sideswipe,The Glebe
8668,ISABELLA ST/HWY417 IC119AR75 @ METCALFE ST,368449.4515,5030400.212,-75.68684,45.41064,2017-12-23,4:22:00 PM,03 - Snow,03 - Loose snow,01 - Traffic signal,02 - Intersection related,05 - Dusk,03 - P.D. only,04 - Sideswipe,The Glebe
8669,ISABELLA ST/HWY417 IC119AR75 @ METCALFE ST,368449.1844,5030399.326,-75.68684,45.41064,2017-12-29,7:47:00 AM,01 - Clear,04 - Slush,01 - Traffic signal,02 - Intersection related,03 - Dawn,02 - Non-fatal injury,04 - Sideswipe,The Glebe
8670,ISLAND PARK DR @ HELENA ST,364413.0965,5028239.694,-75.73866,45.39156,2017-01-28,12:00:00 PM,03 - Snow,02 - Wet,02 - Stop sign,02 - Intersection related,01 - Daylight,03 - P.D. only,03 - Rear end,Westboro
8671,ISLAND PARK DR @ HELENA ST,364413.703,5028239.556,-75.73865,45.39156,2017-08-03,12:20:00 PM,01 - Clear,01 - Dry,02 - Stop sign,02 - Intersection related,01 - Daylight,03 - P.D. only,03 - Rear end,Westboro
8672,ISLAND PARK DR @ MAILES AVE,364028.6963,5028921.552,-75.74349,45.39773,2017-03-05,3:40:00 AM,01 - Clear,01 - Dry,02 - Stop sign,02 - Intersection related,07 - Dark,03 - P.D. only,07 - SMV other,Island Park
8673,ISLAND PARK DR @ MERIVALE RD,364653.7045,5028023.545,-75.73561,45.38959,2017-06-26,2:00:00 PM,01 - Clear,01 - Dry,01 - Traffic signal,03 - At intersection,01 - Daylight,03 - P.D. only,02 - Angle,Westboro
8674,ISLAND PARK DR @ RICHMOND RD,364130.3523,5028868.895,-75.74219,45.39724,2017-04-30,11:15:00 AM,02 - Rain,02 - Wet,01 - Traffic signal,02 - Intersection related,01 - Daylight,03 - P.D. only,03 - Rear end,Island Park
8675,ISLAND PARK DR @ RICHMOND RD,364129.0474,5028866.464,-75.74221,45.39722,2017-01-20,12:54:00 PM,01 - Clear,01 - Dry,01 - Traffic signal,02 - Intersection related,01 - Daylight,03 - P.D. only,04 - Sideswipe,Island Park
8676,ISLAND PARK DR @ RICHMOND RD,364130.3523,5028867.557,-75.74219,45.39723,2017-03-28,5:56:00 PM,02 - Rain,02 - Wet,01 - Traffic signal,03 - At intersection,01 - Daylight,03 - P.D. only,05 - Turning movement,Island Park
8677,ISLAND PARK DR @ RICHMOND RD,364134.8202,5028870.876,-75.74214,45.39726,2017-01-03,1:29:00 PM,04 - Freezing Rain,04 - Slush,01 - Traffic signal,02 - Intersection related,01 - Daylight,03 - P.D. only,05 - Turning movement,Island Park
8678,ISLAND PARK DR @ RICHMOND RD,364130.6867,5028867.557,-75.74219,45.39723,2017-09-26,3:26:00 PM,01 - Clear,01 - Dry,01 - Traffic signal,03 - At intersection,01 - Daylight,03 - P.D. only,02 - Angle,Island Park
8679,ISLAND PARK DR @ SCOTT ST,363833.6845,5029040.747,-75.74596,45.39882,2017-06-19,5:39:00 PM,01 - Clear,01 - Dry,01 - Traffic signal,02 - Intersection related,01 - Daylight,03 - P.D. only,01 - Approaching,Island Park
8680,ISLAND PARK DR @ SCOTT ST,363833.3551,5029041.222,-75.74597,45.39882,2017-06-09,5:27:00 PM,01 - Clear,01 - Dry,01 - Traffic signal,02 - Intersection related,01 - Daylight,02 - Non-fatal injury,03 - Rear end,Island Park
8681,ISLAND PARK DR @ SCOTT ST,363833.6895,5029038.914,-75.74596,45.3988,2017-01-20,5:25:00 PM,02 - Rain,02 - Wet,01 - Traffic signal,02 - Intersection related,05 - Dusk,03 - P.D. only,04 - Sideswipe,Island Park
8682,ISLAND PARK DR @ SCOTT ST,363833.6895,5029040.554,-75.74596,45.39881,2017-08-27,10:35:00 AM,01 - Clear,01 - Dry,01 - Traffic signal,03 - At intersection,01 - Daylight,03 - P.D. only,02 - Angle,Island Park
8683,ISLAND PARK DR @ SCOTT ST,363833.6895,5029040.553,-75.74596,45.39881,2017-11-26,12:37:00 AM,01 - Clear,01 - Dry,01 - Traffic signal,02 - Intersection related,07 - Dark,03 - P.D. only,02 - Angle,Island Park
8684,ISLAND PARK DR @ SCOTT ST,363833.6895,5029040.554,-75.74596,45.39881,2017-10-20,9:50:00 AM,01 - Clear,01 - Dry,01 - Traffic signal,02 - Intersection related,01 - Daylight,03 - P.D. only,03 - Rear end,Island Park
8685,ISLAND PARK DR @ SCOTT ST,363833.6895,5029040.554,-75.74596,45.39881,2017-11-26,12:30:00 PM,01 - Clear,01 - Dry,01 - Traffic signal,02 - Intersection related,01 - Daylight,03 - P.D. only,01 - Approaching,Island Park
8686,ISLAND PARK DR @ SUNNYMEDE AVE,363665.3277,5029251.521,-75.74809,45.40073,2017-07-05,4:45:00 PM,01 - Clear,01 - Dry,02 - Stop sign,02 - Intersection related,01 - Daylight,02 - Non-fatal injury,05 - Turning movement,Champlain Park
8687,ISLAND PARK DR @ SUNNYMEDE AVE,363664.6897,5029250.564,-75.7481,45.40072,2017-12-15,9:45:00 PM,03 - Snow,04 - Slush,02 - Stop sign,02 - Intersection related,07 - Dark,03 - P.D. only,03 - Rear end,Champlain Park
8688,ISLAND PARK DR @ SUNNYMEDE AVE,363664.6897,5029250.564,-75.7481,45.40072,2017-09-25,9:12:00 AM,01 - Clear,01 - Dry,02 - Stop sign,02 - Intersection related,01 - Daylight,03 - P.D. only,07 - SMV other,Champlain Park
8689,ISLAND PARK DR btwn BYRON AVE & IONA ST,364345.214,5028395.944,-75.73951,45.39297,2017-12-26,2:49:00 PM,01 - Clear,01 - Dry,10 - No control,01 - Non intersection,01 - Daylight,03 - P.D. only,03 - Rear end,Westboro
8690,ISLAND PARK DR btwn CLEARVIEW AVE & OTTAWA RIVER PKWY,363504.5712,5029379.804,-75.75013,45.40189,2017-09-04,1:30:00 PM,01 - Clear,01 - Dry,10 - No control,01 - Non intersection,01 - Daylight,03 - P.D. only,03 - Rear end,Westboro Beach
8691,ISLAND PARK DR btwn CLEARVIEW AVE & OTTAWA RIVER PKWY,363481.7844,5029389.302,-75.75042,45.40198,2017-06-19,5:30:00 PM,00 - Unknown,01 - Dry,10 - No control,01 - Non intersection,01 - Daylight,03 - P.D. only,03 - Rear end,Westboro Beach
8692,ISLAND PARK DR btwn CLEARVIEW AVE & SUNNYMEDE AVE,363624.5556,5029330.37,-75.7486,45.40144,2017-06-27,12:25:00 PM,02 - Rain,02 - Wet,10 - No control,01 - Non intersection,01 - Daylight,03 - P.D. only,03 - Rear end,Island Park