Record,Location,X,Y,Longitude,Latitude,Date,Time,Environment,Road_Surface,Traffic_Control,Collision_Location,Light,Collision_Classification,Impact_type,Neighborhood
8693,ISLAND PARK DR btwn HELENA ST & ISLAND PARK CRES,364425.8145,5028211.274,-75.7385,45.3913,2017-09-21,10:53:00 AM,01 - Clear,01 - Dry,10 - No control,04 - At/near private drive,01 - Daylight,03 - P.D. only,03 - Rear end,Westboro
8694,ISLAND PARK DR btwn IONA ST & HELENA ST,364407.9701,5028252.611,-75.73872,45.39168,2017-12-20,12:33:00 PM,01 - Clear,02 - Wet,10 - No control,01 - Non intersection,01 - Daylight,02 - Non-fatal injury,03 - Rear end,Westboro
8695,ISLAND PARK DR btwn RICHMOND RD & BASSETT LANE,364208.7776,5028708.02,-75.74121,45.39579,2017-12-26,6:05:00 PM,03 - Snow,03 - Loose snow,10 - No control,01 - Non intersection,07 - Dark,03 - P.D. only,07 - SMV other,Island Park
8696,ISLAND PARK DR btwn TURN LANE & OTTAWA RIVER PKWY,363274.7945,5029461.004,-75.75305,45.40264,2017-10-19,3:10:00 PM,01 - Clear,01 - Dry,10 - No control,01 - Non intersection,01 - Daylight,03 - P.D. only,04 - Sideswipe,Westboro
8697,ISLAND PARK DR btwn TURN LANE & TURN LANE,363167.6618,5029531.277,-75.75441,45.40329,2017-01-20,4:00:00 PM,01 - Clear,02 - Wet,10 - No control,01 - Non intersection,01 - Daylight,03 - P.D. only,04 - Sideswipe,Westboro
8698,IVANHOE AVE btwn CARLING AVE & ELMHURST ST,360475.7918,5024765.364,-75.78933,45.36062,2017-03-17,3:39:00 PM,01 - Clear,01 - Dry,10 - No control,04 - At/near private drive,01 - Daylight,03 - P.D. only,06 - SMV unattended vehicle,Whitehaven - Queensway Terrace North
8699,IVY CRES btwn BERTRAND ST & PUTMAN AVE (1),369052.2041,5033866.243,-75.67868,45.44177,2017-04-16,9:47:00 PM,02 - Rain,02 - Wet,10 - No control,01 - Non intersection,07 - Dark,03 - P.D. only,06 - SMV unattended vehicle,New Edinburgh
8700,IVY CRES btwn BERTRAND ST & PUTMAN AVE (2),368990.4756,5033935.404,-75.67946,45.4424,2017-05-24,9:00:00 AM,01 - Clear,01 - Dry,10 - No control,04 - At/near private drive,01 - Daylight,03 - P.D. only,06 - SMV unattended vehicle,New Edinburgh
8701,JACK PURCELL LANE btwn LEWIS ST & WAVERLEY ST,368248.7366,5030984,-75.68932,45.41591,2017-08-25,4:58:00 PM,01 - Clear,01 - Dry,10 - No control,01 - Non intersection,01 - Daylight,03 - P.D. only,06 - SMV unattended vehicle,Centretown
8702,JACKMAN TER btwn AIRD PL & AIRD PL,351900.9628,5019083.824,-75.89932,45.31013,2017-11-09,12:00:00 AM,02 - Rain,02 - Wet,10 - No control,01 - Non intersection,00 - Unknown,03 - P.D. only,06 - SMV unattended vehicle,Katimavik - Hazeldean
8703,JAMES ST @ KENT ST,367659.3791,5030597.905,-75.6969,45.41249,2017-05-29,10:20:00 AM,02 - Rain,02 - Wet,02 - Stop sign,03 - At intersection,01 - Daylight,03 - P.D. only,02 - Angle,Centretown
8704,JAMES ST @ KENT ST,367660.6603,5030599.757,-75.69689,45.41251,2017-08-29,1:44:00 PM,01 - Clear,01 - Dry,02 - Stop sign,03 - At intersection,01 - Daylight,03 - P.D. only,05 - Turning movement,Centretown
8705,JAMES ST btwn BAY ST & LYON ST N,367446.414,5030471.055,-75.69964,45.41137,2017-05-03,12:00:00 AM,01 - Clear,01 - Dry,10 - No control,01 - Non intersection,00 - Unknown,03 - P.D. only,06 - SMV unattended vehicle,Centretown
8706,JAMES ST btwn BAY ST & LYON ST N,367388.0797,5030436.594,-75.70039,45.41107,2017-02-13,12:00:00 AM,03 - Snow,03 - Loose snow,10 - No control,01 - Non intersection,00 - Unknown,03 - P.D. only,06 - SMV unattended vehicle,Centretown
8707,JAMIE AVE @ SUNDERLAND ST,366065.2126,5022023.525,-75.71833,45.33548,2017-05-02,4:04:00 PM,01 - Clear,02 - Wet,02 - Stop sign,03 - At intersection,01 - Daylight,03 - P.D. only,02 - Angle,Industrial Park
8708,JAMIE AVE @ SUNDERLAND ST,366065.4212,5022022.711,-75.71833,45.33548,2017-08-11,2:36:00 PM,01 - Clear,01 - Dry,02 - Stop sign,03 - At intersection,01 - Daylight,03 - P.D. only,02 - Angle,Industrial Park
8709,JAMIE AVE @ SUNDERLAND ST,366066.8744,5022020.054,-75.71831,45.33545,2017-02-11,11:19:00 AM,01 - Clear,05 - Packed snow,02 - Stop sign,03 - At intersection,01 - Daylight,02 - Non-fatal injury,02 - Angle,Industrial Park
8710,JAMIE AVE @ SUNDERLAND ST,366065.7886,5022022.235,-75.71832,45.33547,2017-01-31,12:01:00 PM,01 - Clear,01 - Dry,02 - Stop sign,03 - At intersection,01 - Daylight,03 - P.D. only,02 - Angle,Industrial Park
8711,JASMINE CRES btwn OGILVIE RD & ARROWSMITH DR,375443.8063,5033676.323,-75.59702,45.43945,2017-01-23,8:53:00 PM,01 - Clear,05 - Packed snow,10 - No control,01 - Non intersection,07 - Dark,03 - P.D. only,03 - Rear end,Beacon Hill South - Cardinal Heights
8712,JASMINE CRES btwn OGILVIE RD & BEAVERHILL DR,375519.4442,5034036.095,-75.596,45.44268,2017-06-09,1:29:00 PM,01 - Clear,01 - Dry,10 - No control,04 - At/near private drive,01 - Daylight,03 - P.D. only,02 - Angle,Beacon Hill South - Cardinal Heights
8713,JASMINE CRES btwn OGILVIE RD & BEAVERHILL DR,375492.3303,5034046.369,-75.59634,45.44277,2017-11-10,3:30:00 PM,01 - Clear,01 - Dry,10 - No control,01 - Non intersection,01 - Daylight,02 - Non-fatal injury,07 - SMV other,Beacon Hill South - Cardinal Heights
8714,JASMINE CRES S @ OGILVIE RD,375353.732,5033721.254,-75.59816,45.43986,2017-06-07,6:38:00 PM,01 - Clear,01 - Dry,02 - Stop sign,03 - At intersection,01 - Daylight,03 - P.D. only,02 - Angle,Beacon Hill South - Cardinal Heights
8715,JASMINE CRES S @ OGILVIE RD,375353.7886,5033720.349,-75.59816,45.43985,2017-09-01,6:42:00 PM,01 - Clear,01 - Dry,02 - Stop sign,03 - At intersection,01 - Daylight,03 - P.D. only,02 - Angle,Beacon Hill South - Cardinal Heights
8716,JASMINE CRES S @ OGILVIE RD,375355.4047,5033721.88,-75.59814,45.43987,2017-10-20,9:49:00 AM,01 - Clear,01 - Dry,02 - Stop sign,03 - At intersection,01 - Daylight,02 - Non-fatal injury,02 - Angle,Beacon Hill South - Cardinal Heights
8717,JASMINE CRES S @ OGILVIE RD,375353.732,5033720.585,-75.59816,45.43986,2017-04-17,4:47:00 PM,01 - Clear,01 - Dry,02 - Stop sign,03 - At intersection,01 - Daylight,03 - P.D. only,02 - Angle,Beacon Hill South - Cardinal Heights
8718,JASMINE CRES S @ OGILVIE RD,375355.6821,5033721.295,-75.59814,45.43986,2017-12-19,7:26:00 PM,01 - Clear,04 - Slush,02 - Stop sign,03 - At intersection,07 - Dark,03 - P.D. only,05 - Turning movement,Beacon Hill South - Cardinal Heights
8719,JEAN TALON ST btwn PIE XII ST & BLAKE BLVD,371144.9243,5033099.958,-75.65204,45.43468,2017-10-10,11:39:00 AM,01 - Clear,01 - Dry,10 - No control,04 - At/near private drive,01 - Daylight,03 - P.D. only,02 - Angle,Vanier South
8720,JEANNE D'ARC BLVD  N btwn AVIGNON CRT & DECARIE DR,380848.1779,5038508.927,-75.5272,45.48236,2017-09-12,12:00:00 AM,01 - Clear,01 - Dry,10 - No control,01 - Non intersection,00 - Unknown,03 - P.D. only,06 - SMV unattended vehicle,Orleans South West
8721,JEANNE D'ARC BLVD  N btwn DECARIE DR & BILBERRY DR,381102.9982,5038591.017,-75.52393,45.48307,2017-01-04,8:41:00 PM,04 - Freezing Rain,06 - Ice,10 - No control,01 - Non intersection,07 - Dark,03 - P.D. only,07 - SMV other,Orleans South West
8722,JEANNE D'ARC BLVD  N btwn DECARIE DR & BILBERRY DR,380913.1221,5038513.087,-75.52637,45.48239,2017-12-16,6:23:00 PM,01 - Clear,02 - Wet,10 - No control,01 - Non intersection,07 - Dark,02 - Non-fatal injury,06 - SMV unattended vehicle,Orleans South West
8723,JEANNE D'ARC BLVD  N btwn MILLWOOD CRT & BILBERRY DR,380303.2512,5038249.539,-75.53421,45.48009,2017-10-01,5:21:00 PM,01 - Clear,01 - Dry,10 - No control,04 - At/near private drive,01 - Daylight,02 - Non-fatal injury,99 - Other,Orleans South West
8724,JEANNE D'ARC BLVD  N btwn OR174 IC105 RAMP36 & Continuation of JEANNE,379280.316,5037253.243,-75.54744,45.47123,2017-10-31,4:24:00 PM,01 - Clear,01 - Dry,10 - No control,01 - Non intersection,01 - Daylight,03 - P.D. only,03 - Rear end,Greenbelt
8725,JEANNE D'ARC BLVD  N btwn ORLEANS BLVD & MILLWOOD CRT,380045.3147,5038111.021,-75.53753,45.47887,2017-07-27,4:08:00 PM,01 - Clear,01 - Dry,10 - No control,04 - At/near private drive,01 - Daylight,03 - P.D. only,02 - Angle,Orleans South West
8726,JEANNE D'ARC BLVD  N btwn ORLEANS BLVD & MILLWOOD CRT,380062.8813,5038117.299,-75.5373,45.47892,2017-02-18,4:15:00 PM,01 - Clear,01 - Dry,10 - No control,01 - Non intersection,01 - Daylight,03 - P.D. only,03 - Rear end,Orleans South West
8727,JEANNE D'ARC BLVD  N btwn VINEYARD DR & VOYAGEUR DR,379216.7823,5037448.017,-75.54823,45.47299,2017-01-23,7:45:00 AM,01 - Clear,01 - Dry,10 - No control,01 - Non intersection,03 - Dawn,03 - P.D. only,03 - Rear end,Orleans South West
8728,JEANNE D'ARC BLVD  S btwn DES EPINETTES AVE & SAPINIER ST,382233.3753,5035958.335,-75.50989,45.45926,2017-01-13,3:27:00 PM,01 - Clear,01 - Dry,10 - No control,01 - Non intersection,01 - Daylight,02 - Non-fatal injury,03 - Rear end,Orleans Village - Chateauneuf
8729,JEANNE D'ARC BLVD  S btwn HENRI LAUZON ST & BOYER RD,380658.7431,5036187.2,-75.52998,45.46149,2017-06-06,1:56:00 PM,01 - Clear,01 - Dry,10 - No control,01 - Non intersection,01 - Daylight,02 - Non-fatal injury,04 - Sideswipe,Chapel Hill
8730,JEANNE D'ARC BLVD  S btwn HENRI LAUZON ST & BOYER RD,380645.9368,5036186.022,-75.53015,45.46148,2017-11-27,4:53:00 PM,03 - Snow,03 - Loose snow,10 - No control,01 - Non intersection,05 - Dusk,02 - Non-fatal injury,03 - Rear end,Chapel Hill
8731,JEANNE D'ARC BLVD  S btwn HENRI LAUZON ST & BOYER RD,380620.9191,5036181.018,-75.53047,45.46144,2017-02-16,8:04:00 AM,01 - Clear,04 - Slush,10 - No control,01 - Non intersection,01 - Daylight,02 - Non-fatal injury,03 - Rear end,Chapel Hill
8732,JEANNE D'ARC BLVD  S btwn SAPINIER ST & INNES RD,382632.1491,5035584.877,-75.50485,45.45586,2017-08-31,6:45:00 PM,01 - Clear,01 - Dry,10 - No control,01 - Non intersection,01 - Daylight,03 - P.D. only,03 - Rear end,Orleans Village - Chateauneuf
8733,JEANNE D'ARC BLVD  S btwn SAPINIER ST & INNES RD,382619.7422,5035610.553,-75.505,45.45609,2017-10-27,5:17:00 PM,01 - Clear,01 - Dry,10 - No control,01 - Non intersection,01 - Daylight,03 - P.D. only,03 - Rear end,Orleans Village - Chateauneuf
8734,JEANNE D'ARC BLVD  S btwn SAPINIER ST & INNES RD,382600.9555,5035661.222,-75.50523,45.45655,2017-12-14,3:15:00 PM,01 - Clear,01 - Dry,10 - No control,01 - Non intersection,01 - Daylight,03 - P.D. only,03 - Rear end,Orleans Village - Chateauneuf
8735,JEANNE D'ARC BLVD  S btwn SAPINIER ST & INNES RD,382618.5233,5035614.943,-75.50502,45.45613,2017-11-25,1:08:00 PM,02 - Rain,02 - Wet,10 - No control,01 - Non intersection,01 - Daylight,02 - Non-fatal injury,03 - Rear end,Orleans Village - Chateauneuf
8736,JEANNE D'ARC BLVD  S btwn SAPINIER ST & INNES RD,382630.0613,5035592.303,-75.50487,45.45592,2017-03-08,2:14:00 PM,01 - Clear,01 - Dry,10 - No control,04 - At/near private drive,01 - Daylight,03 - P.D. only,03 - Rear end,Orleans Village - Chateauneuf
8737,JEANNE D'ARC BLVD  S btwn ST. JOSEPH BLVD & WOODCLIFFE PRIV,379893.8167,5036424.42,-75.53973,45.46371,2017-07-21,3:51:00 PM,01 - Clear,01 - Dry,10 - No control,01 - Non intersection,01 - Daylight,03 - P.D. only,07 - SMV other,Chapel Hill
8738,JEANNE D'ARC BLVD  S btwn ST. JOSEPH BLVD & WOODCLIFFE PRIV,379902.4272,5036410.77,-75.53962,45.46359,2017-07-15,12:07:00 PM,01 - Clear,01 - Dry,10 - No control,01 - Non intersection,01 - Daylight,03 - P.D. only,07 - SMV other,Chapel Hill
8739,JEANNE D'ARC BLVD  S btwn YOUVILLE DR & ST. JOSEPH BLVD,379755.9733,5036627.445,-75.54146,45.46555,2017-12-16,7:18:00 AM,01 - Clear,06 - Ice,10 - No control,01 - Non intersection,03 - Dawn,03 - P.D. only,04 - Sideswipe,Greenbelt
8740,JEANNE D'ARC BLVD @ FORTUNE DR/VINEYARD DR,379239.7319,5037375.598,-75.54794,45.47234,2017-06-13,6:19:00 PM,01 - Clear,01 - Dry,01 - Traffic signal,03 - At intersection,01 - Daylight,03 - P.D. only,05 - Turning movement,Orleans South West
8741,JEANNE D'ARC BLVD @ FORTUNE DR/VINEYARD DR,379238.6183,5037375.546,-75.54796,45.47234,2017-01-13,11:30:00 AM,03 - Snow,02 - Wet,01 - Traffic signal,03 - At intersection,01 - Daylight,03 - P.D. only,02 - Angle,Orleans South West
8742,JEANNE D'ARC BLVD @ FORTUNE DR/VINEYARD DR,379239.2713,5037374.784,-75.54795,45.47233,2017-02-07,4:37:00 PM,01 - Clear,01 - Dry,01 - Traffic signal,03 - At intersection,01 - Daylight,02 - Non-fatal injury,07 - SMV other,Orleans South West
8743,JEANNE D'ARC BLVD @ FORTUNE DR/VINEYARD DR,379238.1706,5037374.352,-75.54796,45.47233,2017-04-14,5:42:00 PM,01 - Clear,01 - Dry,01 - Traffic signal,03 - At intersection,01 - Daylight,03 - P.D. only,02 - Angle,Orleans South West
8744,JEANNE D'ARC BLVD @ GREY NUNS DR/YOUVILLE DR,379668.3581,5036702.538,-75.54257,45.46624,2017-12-08,3:37:00 PM,01 - Clear,01 - Dry,01 - Traffic signal,03 - At intersection,01 - Daylight,03 - P.D. only,05 - Turning movement,Greenbelt
8745,JEANNE D'ARC BLVD @ GREY NUNS DR/YOUVILLE DR,379672.271,5036702.621,-75.54252,45.46624,2017-11-18,11:00:00 AM,04 - Freezing Rain,06 - Ice,01 - Traffic signal,02 - Intersection related,01 - Daylight,03 - P.D. only,03 - Rear end,Greenbelt
8746,JEANNE D'ARC BLVD @ GREY NUNS DR/YOUVILLE DR,379664.4585,5036710.662,-75.54261,45.46631,2017-02-14,5:18:00 PM,03 - Snow,03 - Loose snow,01 - Traffic signal,03 - At intersection,05 - Dusk,03 - P.D. only,05 - Turning movement,Greenbelt
8747,JEANNE D'ARC BLVD @ GREY NUNS DR/YOUVILLE DR,379673.2565,5036700.971,-75.5425,45.46622,2017-03-06,6:42:00 AM,01 - Clear,01 - Dry,01 - Traffic signal,03 - At intersection,01 - Daylight,02 - Non-fatal injury,02 - Angle,Greenbelt
8748,JEANNE D'ARC BLVD @ MONTCERF CRT,381117.5309,5036286.013,-75.5241,45.46233,2017-06-09,7:55:00 AM,01 - Clear,01 - Dry,01 - Traffic signal,02 - Intersection related,01 - Daylight,03 - P.D. only,02 - Angle,Orleans Village - Chateauneuf
8749,JEANNE D'ARC BLVD @ MONTCERF CRT,381118.2999,5036287.13,-75.52409,45.46234,2017-01-30,10:28:00 AM,01 - Clear,01 - Dry,01 - Traffic signal,03 - At intersection,01 - Daylight,03 - P.D. only,03 - Rear end,Orleans Village - Chateauneuf
8750,JEANNE D'ARC BLVD @ OR174 IC105 RAMP36,379271.7257,5037281.564,-75.54755,45.47149,2017-12-23,3:30:00 PM,03 - Snow,03 - Loose snow,10 - No control,02 - Intersection related,01 - Daylight,02 - Non-fatal injury,03 - Rear end,Greenbelt
8751,JEANNE D'ARC BLVD @ OR174 IC105 RAMP36,379271.092,5037283.01,-75.54756,45.4715,2017-12-18,12:17:00 PM,03 - Snow,03 - Loose snow,10 - No control,02 - Intersection related,01 - Daylight,03 - P.D. only,03 - Rear end,Greenbelt
8752,JEANNE D'ARC BLVD @ OR174 IC105 RAMP36,379271.3508,5037282.559,-75.54755,45.4715,2017-12-30,6:12:00 PM,01 - Clear,04 - Slush,03 - Yield sign,02 - Intersection related,07 - Dark,03 - P.D. only,03 - Rear end,Greenbelt
8753,JEANNE D'ARC BLVD @ OR174 IC105 RAMP52,379455.7997,5036917.161,-75.54525,45.46819,2017-08-14,12:59:00 PM,01 - Clear,01 - Dry,01 - Traffic signal,03 - At intersection,01 - Daylight,03 - P.D. only,02 - Angle,Greenbelt
8754,JEANNE D'ARC BLVD @ OR174 IC105 RAMP52,379455.9933,5036916.593,-75.54525,45.46819,2017-09-19,1:53:00 PM,01 - Clear,01 - Dry,01 - Traffic signal,02 - Intersection related,01 - Daylight,03 - P.D. only,03 - Rear end,Greenbelt
8755,JEANNE D'ARC BLVD @ OR174 IC105 RAMP52,379456.4409,5036917.989,-75.54524,45.4682,2017-02-09,8:25:00 AM,01 - Clear,06 - Ice,01 - Traffic signal,02 - Intersection related,01 - Daylight,03 - P.D. only,03 - Rear end,Greenbelt
8756,JEANNE D'ARC BLVD @ OR174 IC105 RAMP52,379455.5425,5036917.887,-75.54525,45.4682,2017-02-15,9:30:00 AM,02 - Rain,03 - Loose snow,01 - Traffic signal,02 - Intersection related,01 - Daylight,03 - P.D. only,03 - Rear end,Greenbelt
8757,JEANNE D'ARC BLVD @ OR174 IC105 RAMP52,379455.538,5036916.432,-75.54525,45.46818,2017-01-16,3:12:00 PM,01 - Clear,01 - Dry,01 - Traffic signal,03 - At intersection,01 - Daylight,02 - Non-fatal injury,07 - SMV other,Greenbelt
8758,JEANNE D'ARC BLVD @ ORLEANS BLVD N,380028.3959,5038106.142,-75.53775,45.47883,2017-04-24,8:52:00 PM,01 - Clear,01 - Dry,01 - Traffic signal,03 - At intersection,07 - Dark,03 - P.D. only,05 - Turning movement,Orleans South West
8759,JEANNE D'ARC BLVD @ ORLEANS BLVD N,380028.9377,5038104.261,-75.53774,45.47881,2017-06-02,12:09:00 PM,02 - Rain,02 - Wet,01 - Traffic signal,02 - Intersection related,01 - Daylight,03 - P.D. only,03 - Rear end,Orleans South West
8760,JEANNE D'ARC BLVD @ ORLEANS BLVD N,380028.3934,5038106.936,-75.53775,45.47883,2017-05-26,1:54:00 PM,02 - Rain,02 - Wet,01 - Traffic signal,03 - At intersection,01 - Daylight,03 - P.D. only,07 - SMV other,Orleans South West
8761,JEANNE D'ARC BLVD @ ORLEANS BLVD N,380028.3934,5038104.261,-75.53775,45.47881,2017-11-16,5:35:00 PM,01 - Clear,01 - Dry,01 - Traffic signal,03 - At intersection,07 - Dark,03 - P.D. only,05 - Turning movement,Orleans South West
8762,JEANNE D'ARC BLVD @ ORLEANS BLVD N,380030.3978,5038104.143,-75.53772,45.47881,2017-01-14,4:58:00 PM,01 - Clear,06 - Ice,01 - Traffic signal,02 - Intersection related,05 - Dusk,03 - P.D. only,03 - Rear end,Orleans South West
8763,JEANNE D'ARC BLVD @ ORLEANS BLVD N,380028.7278,5038105.974,-75.53774,45.47883,2017-02-25,3:00:00 PM,02 - Rain,02 - Wet,01 - Traffic signal,02 - Intersection related,01 - Daylight,03 - P.D. only,03 - Rear end,Orleans South West
8764,JEANNE D'ARC BLVD @ ORLEANS BLVD N,380027.7245,5038106.268,-75.53776,45.47883,2017-02-27,2:35:00 PM,01 - Clear,01 - Dry,01 - Traffic signal,03 - At intersection,01 - Daylight,03 - P.D. only,05 - Turning movement,Orleans South West
8765,JEANNE D'ARC BLVD @ ORLEANS BLVD S,380939.7412,5036251.917,-75.52638,45.46205,2017-08-05,12:05:00 PM,01 - Clear,01 - Dry,01 - Traffic signal,02 - Intersection related,01 - Daylight,03 - P.D. only,03 - Rear end,Orleans Village - Chateauneuf
8766,JEANNE D'ARC BLVD @ ORLEANS BLVD S,380940.8133,5036249.598,-75.52637,45.46202,2017-07-15,2:36:00 PM,01 - Clear,01 - Dry,01 - Traffic signal,02 - Intersection related,01 - Daylight,03 - P.D. only,04 - Sideswipe,Orleans Village - Chateauneuf
8767,JEANNE D'ARC BLVD @ ORLEANS BLVD S,380941.079,5036251.249,-75.52636,45.46204,2017-11-26,3:03:00 PM,01 - Clear,01 - Dry,01 - Traffic signal,02 - Intersection related,01 - Daylight,03 - P.D. only,03 - Rear end,Orleans Village - Chateauneuf
8768,JEANNE D'ARC BLVD @ ORLEANS BLVD S,380941.2224,5036250.819,-75.52636,45.46204,2017-12-08,10:54:00 PM,01 - Clear,01 - Dry,01 - Traffic signal,02 - Intersection related,07 - Dark,03 - P.D. only,04 - Sideswipe,Orleans Village - Chateauneuf
8769,JEANNE D'ARC BLVD @ ORLEANS BLVD S,380939.7412,5036251.917,-75.52638,45.46205,2017-12-01,2:20:00 PM,01 - Clear,01 - Dry,01 - Traffic signal,03 - At intersection,01 - Daylight,02 - Non-fatal injury,05 - Turning movement,Orleans Village - Chateauneuf
8770,JEANNE D'ARC BLVD @ ORLEANS BLVD S,380940.916,5036250.923,-75.52636,45.46204,2017-12-07,10:00:00 AM,01 - Clear,01 - Dry,01 - Traffic signal,02 - Intersection related,01 - Daylight,03 - P.D. only,03 - Rear end,Orleans Village - Chateauneuf
8771,JEANNE D'ARC BLVD @ ORLEANS BLVD S,380940.1981,5036250.58,-75.52637,45.46203,2017-01-30,7:04:00 AM,01 - Clear,06 - Ice,01 - Traffic signal,02 - Intersection related,03 - Dawn,02 - Non-fatal injury,03 - Rear end,Orleans Village - Chateauneuf
8772,JEANNE D'ARC BLVD @ ORLEANS BLVD S,380940.9392,5036252.257,-75.52636,45.46205,2017-04-12,9:15:00 AM,01 - Clear,01 - Dry,01 - Traffic signal,02 - Intersection related,01 - Daylight,03 - P.D. only,03 - Rear end,Orleans Village - Chateauneuf
8773,JEANNE D'ARC BLVD @ ORLEANS BLVD S,380942.2599,5036249.306,-75.52635,45.46202,2017-12-27,10:32:00 AM,01 - Clear,02 - Wet,01 - Traffic signal,03 - At intersection,01 - Daylight,03 - P.D. only,05 - Turning movement,Orleans Village - Chateauneuf
8774,JEANNE D'ARC BLVD @ SAPINIER ST,382555.6131,5035769.623,-75.5058,45.45753,2017-09-25,5:57:00 PM,01 - Clear,01 - Dry,02 - Stop sign,02 - Intersection related,01 - Daylight,03 - P.D. only,03 - Rear end,Orleans Village - Chateauneuf
8775,JEANNE D'ARC BLVD @ VORLAGE DR W/VOYAGEUR WAY,379266.297,5037739.9,-75.54755,45.47561,2017-11-16,7:41:00 PM,02 - Rain,02 - Wet,01 - Traffic signal,03 - At intersection,07 - Dark,03 - P.D. only,05 - Turning movement,Orleans South West
8776,JEANNE D'ARC BLVD @ VORLAGE DR W/VOYAGEUR WAY,379267.5881,5037741.431,-75.54753,45.47563,2017-01-03,11:11:00 AM,01 - Clear,03 - Loose snow,01 - Traffic signal,03 - At intersection,01 - Daylight,03 - P.D. only,05 - Turning movement,Orleans South West
8777,JEANNE D'ARC BLVD N/OR174 IC105 RAMP63 @ TRANS,379342.3867,5037117.603,-75.54667,45.47001,2017-07-28,1:30:00 PM,01 - Clear,01 - Dry,01 - Traffic signal,02 - Intersection related,01 - Daylight,03 - P.D. only,04 - Sideswipe,Greenbelt
8778,JEANNE D'ARC BLVD N/OR174 IC105 RAMP63 @ TRANS,379343.0008,5037117.373,-75.54666,45.47,2017-07-21,3:03:00 PM,01 - Clear,01 - Dry,01 - Traffic signal,02 - Intersection related,01 - Daylight,03 - P.D. only,04 - Sideswipe,Greenbelt
8779,JEANNE D'ARC BLVD N/OR174 IC105 RAMP63 @ TRANS,379342.5417,5037116.35,-75.54667,45.47,2017-10-25,7:15:00 AM,01 - Clear,01 - Dry,01 - Traffic signal,02 - Intersection related,03 - Dawn,03 - P.D. only,03 - Rear end,Greenbelt
8780,JEANNE D'ARC BLVD N/OR174 IC105 RAMP63 @ TRANS,379343.2747,5037116.768,-75.54666,45.47,2017-09-28,7:00:00 AM,01 - Clear,01 - Dry,01 - Traffic signal,02 - Intersection related,01 - Daylight,03 - P.D. only,03 - Rear end,Greenbelt
8781,JEANNE D'ARC BLVD N/OR174 IC105 RAMP63 @ TRANS,379342.5355,5037117.738,-75.54667,45.47001,2017-02-28,7:58:00 AM,01 - Clear,01 - Dry,01 - Traffic signal,02 - Intersection related,01 - Daylight,03 - P.D. only,03 - Rear end,Greenbelt
8782,JEFFERSON ST btwn FEATHERSTON DR & ARIZONA AVE,371789.0552,5027229.263,-75.6446,45.3818,2017-11-30,7:01:00 PM,02 - Rain,02 - Wet,10 - No control,01 - Non intersection,07 - Dark,03 - P.D. only,03 - Rear end,Playfair Park - Lynda Park - Guildwood Estates
8783,JEFFERSON ST btwn LORRAINE AVE & HERON RD,371803.7827,5027109.527,-75.64443,45.38072,2017-11-08,9:51:00 AM,01 - Clear,01 - Dry,10 - No control,04 - At/near private drive,01 - Daylight,03 - P.D. only,05 - Turning movement,Playfair Park - Lynda Park - Guildwood Estates
8784,JENSCOTT PRIV btwn SCOUT ST & SCOUT ST,364310.857,5025175.048,-75.74033,45.36399,2017-05-14,2:44:00 PM,01 - Clear,01 - Dry,10 - No control,04 - At/near private drive,01 - Daylight,03 - P.D. only,06 - SMV unattended vehicle,Civic Hospital - Experimental Farm - Central Park
8785,JINKINSON RD btwn FERNBANK RD & HAZELDEAN RD,345509.2333,5008533.468,-75.98169,45.21559,2017-06-11,6:38:00 PM,01 - Clear,01 - Dry,10 - No control,01 - Non intersection,01 - Daylight,03 - P.D. only,07 - SMV other,Munster Hamlet - Richmond
8786,JINKINSON RD btwn FERNBANK RD & HAZELDEAN RD,345529.3361,5008089.777,-75.98147,45.2116,2017-11-13,9:51:00 PM,01 - Clear,01 - Dry,10 - No control,01 - Non intersection,07 - Dark,03 - P.D. only,07 - SMV other,Munster Hamlet - Richmond
8787,JOCKVALE RD @ FABLE ST/WEYBRIDGE DR E,362514.6031,5015143.432,-75.76443,45.27388,2017-07-09,1:54:00 AM,01 - Clear,01 - Dry,11 - Roundabout,03 - At intersection,07 - Dark,03 - P.D. only,07 - SMV other,Barrhaven West - Old Barrhaven
8788,JOCKVALE RD @ FABLE ST/WEYBRIDGE DR E,362513.2265,5015142.885,-75.76445,45.27387,2017-10-12,1:20:00 PM,01 - Clear,01 - Dry,11 - Roundabout,03 - At intersection,01 - Daylight,03 - P.D. only,02 - Angle,Barrhaven West - Old Barrhaven
8789,JOCKVALE RD @ FABLE ST/WEYBRIDGE DR E,362512.428,5015144.054,-75.76446,45.27388,2017-09-10,9:09:00 AM,01 - Clear,01 - Dry,11 - Roundabout,02 - Intersection related,01 - Daylight,02 - Non-fatal injury,03 - Rear end,Barrhaven West - Old Barrhaven
8790,JOCKVALE RD @ FABLE ST/WEYBRIDGE DR E,362514.1809,5015143.057,-75.76444,45.27388,2017-03-27,9:25:00 PM,"07 - Fog, mist, smoke, dust",01 - Dry,11 - Roundabout,03 - At intersection,07 - Dark,03 - P.D. only,03 - Rear end,Barrhaven West - Old Barrhaven
8791,JOCKVALE RD @ FABLE ST/WEYBRIDGE DR E,362513.2606,5015143.762,-75.76445,45.27388,2017-12-23,3:30:00 PM,03 - Snow,03 - Loose snow,11 - Roundabout,03 - At intersection,01 - Daylight,03 - P.D. only,02 - Angle,Barrhaven West - Old Barrhaven
8792,JOCKVALE RD @ FABLE ST/WEYBRIDGE DR E,362513.1579,5015143.671,-75.76445,45.27388,2017-12-27,10:42:00 AM,01 - Clear,06 - Ice,11 - Roundabout,03 - At intersection,01 - Daylight,03 - P.D. only,01 - Approaching,Barrhaven West - Old Barrhaven