Record,Location,X,Y,Longitude,Latitude,Date,Time,Environment,Road_Surface,Traffic_Control,Collision_Location,Light,Collision_Classification,Impact_type,Neighborhood
8793,JOCKVALE RD @ LONGFIELDS DR,364829.2929,5014001.028,-75.73507,45.26341,2017-05-31,4:04:00 PM,01 - Clear,01 - Dry,02 - Stop sign,02 - Intersection related,01 - Daylight,03 - P.D. only,03 - Rear end,New Barrhaven
8794,JOCKVALE RD @ LONGFIELDS DR,364829.2929,5014001.028,-75.73507,45.26341,2017-12-18,10:15:00 AM,03 - Snow,04 - Slush,02 - Stop sign,02 - Intersection related,01 - Daylight,03 - P.D. only,02 - Angle,New Barrhaven
8795,JOCKVALE RD @ STRANDHERD DR,363562.1527,5014579.175,-75.75115,45.26871,2017-06-12,5:46:00 PM,01 - Clear,01 - Dry,01 - Traffic signal,02 - Intersection related,01 - Daylight,03 - P.D. only,03 - Rear end,Barrhaven West - Old Barrhaven
8796,JOCKVALE RD @ STRANDHERD DR,363560.815,5014576.499,-75.75116,45.26869,2017-05-11,4:55:00 PM,01 - Clear,01 - Dry,01 - Traffic signal,03 - At intersection,01 - Daylight,02 - Non-fatal injury,05 - Turning movement,Barrhaven West - Old Barrhaven
8797,JOCKVALE RD @ STRANDHERD DR,363561.2871,5014578.481,-75.75116,45.26871,2017-05-25,6:40:00 PM,02 - Rain,02 - Wet,01 - Traffic signal,02 - Intersection related,01 - Daylight,03 - P.D. only,03 - Rear end,Barrhaven West - Old Barrhaven
8798,JOCKVALE RD @ STRANDHERD DR,363560.9539,5014578.074,-75.75116,45.26871,2017-10-11,8:47:00 AM,01 - Clear,01 - Dry,01 - Traffic signal,03 - At intersection,01 - Daylight,03 - P.D. only,03 - Rear end,Barrhaven West - Old Barrhaven
8799,JOCKVALE RD @ STRANDHERD DR,363560.1461,5014579.844,-75.75117,45.26872,2017-11-23,9:18:00 AM,01 - Clear,01 - Dry,01 - Traffic signal,02 - Intersection related,01 - Daylight,02 - Non-fatal injury,03 - Rear end,Barrhaven West - Old Barrhaven
8800,JOCKVALE RD @ STRANDHERD DR,363559.9341,5014577.291,-75.75118,45.2687,2017-01-29,3:56:00 PM,03 - Snow,02 - Wet,01 - Traffic signal,02 - Intersection related,01 - Daylight,02 - Non-fatal injury,03 - Rear end,Barrhaven West - Old Barrhaven
8801,JOCKVALE RD @ STRANDHERD DR,363559.9378,5014577.294,-75.75118,45.2687,2017-02-03,5:30:00 PM,01 - Clear,01 - Dry,01 - Traffic signal,03 - At intersection,07 - Dark,03 - P.D. only,05 - Turning movement,Barrhaven West - Old Barrhaven
8802,JOCKVALE RD @ STRANDHERD DR,363561.4838,5014578.506,-75.75116,45.26871,2017-03-15,7:52:00 PM,03 - Snow,03 - Loose snow,01 - Traffic signal,03 - At intersection,07 - Dark,03 - P.D. only,05 - Turning movement,Barrhaven West - Old Barrhaven
8803,JOCKVALE RD @ STRANDHERD DR,363559.5338,5014577.601,-75.75118,45.2687,2017-12-28,1:00:00 PM,01 - Clear,01 - Dry,01 - Traffic signal,03 - At intersection,01 - Daylight,03 - P.D. only,05 - Turning movement,Barrhaven West - Old Barrhaven
8804,JOCKVALE RD @ STRANDHERD DR,363560.9539,5014578.074,-75.75116,45.26871,2017-12-23,10:03:00 PM,"07 - Fog, mist, smoke, dust",03 - Loose snow,01 - Traffic signal,02 - Intersection related,07 - Dark,02 - Non-fatal injury,03 - Rear end,Barrhaven West - Old Barrhaven
8805,JOCKVALE RD @ STRANDHERD DR,363559.5247,5014578.076,-75.75118,45.26871,2017-12-30,4:29:00 PM,01 - Clear,03 - Loose snow,01 - Traffic signal,03 - At intersection,05 - Dusk,03 - P.D. only,03 - Rear end,Barrhaven West - Old Barrhaven
8806,JOCKVALE RD btwn BREN-MAUR RD & RIVERSTONE DR,364903.9812,5013896.78,-75.73413,45.26246,2017-05-15,2:47:00 PM,01 - Clear,01 - Dry,10 - No control,01 - Non intersection,01 - Daylight,02 - Non-fatal injury,05 - Turning movement,New Barrhaven
8807,JOCKVALE RD btwn BREN-MAUR RD & RIVERSTONE DR,365045.9094,5013711.706,-75.73235,45.26078,2017-12-16,10:25:00 AM,01 - Clear,02 - Wet,10 - No control,01 - Non intersection,01 - Daylight,03 - P.D. only,07 - SMV other,New Barrhaven
8808,JOCKVALE RD btwn CEDARVIEW RD & JENNIFER LANE,361516.4938,5015270.07,-75.77714,45.2751,2017-05-26,3:45:00 PM,02 - Rain,02 - Wet,10 - No control,04 - At/near private drive,01 - Daylight,03 - P.D. only,02 - Angle,Barrhaven West - Old Barrhaven
8809,JOCKVALE RD btwn GOLFLINKS DR & PRINCE OF WALES DR,366107.7619,5012579.248,-75.71896,45.2505,2017-03-03,7:30:00 AM,01 - Clear,01 - Dry,10 - No control,01 - Non intersection,01 - Daylight,03 - P.D. only,01 - Approaching,New Barrhaven
8810,JOCKVALE RD btwn GREENBANK RD & BREN-MAUR RD,364800.9113,5013970.069,-75.73544,45.26313,2017-05-13,12:26:00 PM,02 - Rain,02 - Wet,10 - No control,01 - Non intersection,01 - Daylight,03 - P.D. only,03 - Rear end,New Barrhaven
8811,JOCKVALE RD btwn WEYBRIDGE DR & TARTAN DR,362920.8393,5014968.446,-75.75927,45.27227,2017-12-08,6:01:00 PM,01 - Clear,01 - Dry,10 - No control,04 - At/near private drive,07 - Dark,02 - Non-fatal injury,07 - SMV other,Barrhaven West - Old Barrhaven
8812,JOCKVALE RD btwn WEYBRIDGE DR & TARTAN DR,362586.7509,5015112.131,-75.76351,45.27359,2017-01-10,3:17:00 PM,03 - Snow,04 - Slush,10 - No control,01 - Non intersection,01 - Daylight,03 - P.D. only,07 - SMV other,Barrhaven West - Old Barrhaven
8813,JOCKVALE RD/RIDEAU VALLEY DR @ PRINCE OF WALES,366709.2927,5012193.594,-75.71134,45.24698,2017-08-23,11:27:00 PM,01 - Clear,01 - Dry,01 - Traffic signal,03 - At intersection,07 - Dark,02 - Non-fatal injury,02 - Angle,New Barrhaven
8814,JOCKVALE RD/RIDEAU VALLEY DR @ PRINCE OF WALES,366709.6651,5012196.581,-75.71134,45.24701,2017-09-14,9:16:00 PM,01 - Clear,01 - Dry,01 - Traffic signal,02 - Intersection related,07 - Dark,02 - Non-fatal injury,03 - Rear end,New Barrhaven
8815,JOCKVALE RD/RIDEAU VALLEY DR @ PRINCE OF WALES,366710.656,5012197.684,-75.71132,45.24702,2017-12-12,7:08:00 AM,03 - Snow,05 - Packed snow,01 - Traffic signal,02 - Intersection related,03 - Dawn,03 - P.D. only,03 - Rear end,New Barrhaven
8816,JOCKVALE RD/RIDEAU VALLEY DR @ PRINCE OF WALES,366710.2533,5012194.146,-75.71133,45.24698,2017-12-05,5:48:00 PM,02 - Rain,02 - Wet,01 - Traffic signal,03 - At intersection,07 - Dark,03 - P.D. only,05 - Turning movement,New Barrhaven
8817,JOCKVALE RD/RIDEAU VALLEY DR @ PRINCE OF WALES,366709.5201,5012194.899,-75.71134,45.24699,2017-02-15,8:35:00 AM,03 - Snow,03 - Loose snow,01 - Traffic signal,02 - Intersection related,01 - Daylight,03 - P.D. only,03 - Rear end,New Barrhaven
8818,JOCKVALE RD/RIDEAU VALLEY DR @ PRINCE OF WALES,366708.6188,5012191.596,-75.71135,45.24696,2017-02-12,8:42:00 PM,03 - Snow,05 - Packed snow,01 - Traffic signal,02 - Intersection related,07 - Dark,03 - P.D. only,03 - Rear end,New Barrhaven
8819,JOCKVALE RD/RIDEAU VALLEY DR @ PRINCE OF WALES,366708.5611,5012196.853,-75.71135,45.24701,2017-02-10,2:40:00 PM,03 - Snow,06 - Ice,01 - Traffic signal,03 - At intersection,01 - Daylight,03 - P.D. only,05 - Turning movement,New Barrhaven
8820,JOCKVALE RD/RIDEAU VALLEY DR @ PRINCE OF WALES,366713.5252,5012194.867,-75.71129,45.24699,2017-03-24,7:21:00 PM,03 - Snow,03 - Loose snow,01 - Traffic signal,03 - At intersection,07 - Dark,03 - P.D. only,02 - Angle,New Barrhaven
8821,JOHN KENNEDY WAY btwn OLD ALMONTE RD & HAMILTON SIDE RD,336734.6008,5009282.53,-76.09336,45.22278,2017-07-29,4:20:00 PM,01 - Clear,08 - Loose sand or gravel,10 - No control,01 - Non intersection,01 - Daylight,03 - P.D. only,07 - SMV other,Carp - Hardwood Plains
8822,JOHN QUINN RD @ MITCH OWENS RD,380590.7795,5017702.807,-75.53369,45.29519,2017-11-20,7:35:00 AM,01 - Clear,01 - Dry,02 - Stop sign,02 - Intersection related,01 - Daylight,02 - Non-fatal injury,03 - Rear end,Osgoode
8823,JOHN QUINN RD @ MITCH OWENS RD,380592.7861,5017702.138,-75.53366,45.29518,2017-11-22,3:56:00 PM,01 - Clear,01 - Dry,02 - Stop sign,03 - At intersection,01 - Daylight,02 - Non-fatal injury,05 - Turning movement,Osgoode
8824,JOHN QUINN RD @ PARKWAY RD,381395.1159,5015816.778,-75.52373,45.27813,2017-04-06,9:03:00 PM,02 - Rain,02 - Wet,02 - Stop sign,03 - At intersection,07 - Dark,02 - Non-fatal injury,02 - Angle,Metcalfe
8825,JOHN QUINN RD @ STONE SCHOOL RD,382958.7947,5012030.15,-75.50439,45.24389,2017-06-11,2:27:00 PM,01 - Clear,01 - Dry,02 - Stop sign,02 - Intersection related,01 - Daylight,02 - Non-fatal injury,03 - Rear end,Osgoode
8826,JOHN QUINN RD btwn PARKWAY RD & IVESON DR,381443.9453,5015703.735,-75.52312,45.27711,2017-04-09,12:53:00 PM,01 - Clear,01 - Dry,10 - No control,01 - Non intersection,01 - Daylight,03 - P.D. only,07 - SMV other,Metcalfe
8827,JOHN QUINN RD btwn STONE SCHOOL RD & BANK ST,383459.3737,5010744.75,-75.49822,45.23227,2017-02-12,12:32:00 PM,03 - Snow,03 - Loose snow,10 - No control,01 - Non intersection,01 - Daylight,03 - P.D. only,07 - SMV other,Osgoode
8828,JOHN QUINN RD btwn STONE SCHOOL RD & BANK ST,383455.8946,5010743.933,-75.49827,45.23226,2017-01-17,9:40:00 PM,03 - Snow,06 - Ice,10 - No control,01 - Non intersection,07 - Dark,02 - Non-fatal injury,07 - SMV other,Osgoode
8829,JOHN SUTHERLAND DR @ RICHMOND RD,358788.3371,5022151.832,-75.81115,45.33724,2017-05-05,12:42:00 PM,02 - Rain,02 - Wet,01 - Traffic signal,02 - Intersection related,01 - Daylight,03 - P.D. only,03 - Rear end,Greenbelt
8830,JOHN SUTHERLAND DR @ RICHMOND RD,358786.9994,5022151.832,-75.81117,45.33724,2017-06-09,12:25:00 PM,01 - Clear,01 - Dry,01 - Traffic signal,03 - At intersection,01 - Daylight,02 - Non-fatal injury,03 - Rear end,Greenbelt
8831,JOHN SUTHERLAND DR @ RICHMOND RD,358787.6682,5022151.163,-75.81116,45.33723,2017-06-23,10:04:00 AM,02 - Rain,02 - Wet,01 - Traffic signal,02 - Intersection related,01 - Daylight,02 - Non-fatal injury,03 - Rear end,Greenbelt
8832,JOHN SUTHERLAND DR @ RICHMOND RD,358787.8679,5022150.795,-75.81116,45.33723,2017-07-27,10:49:00 PM,01 - Clear,01 - Dry,01 - Traffic signal,03 - At intersection,07 - Dark,02 - Non-fatal injury,03 - Rear end,Greenbelt
8833,JOHNSTON RD @ MACOUN CIRC,372130.42,5025598.581,-75.64047,45.3671,2017-04-12,5:34:00 PM,01 - Clear,01 - Dry,02 - Stop sign,02 - Intersection related,01 - Daylight,03 - P.D. only,03 - Rear end,South Keys - Heron Gate - Greenboro West
8834,JOHNSTON RD @ SOUTHGATE RD,371020.3877,5024940.849,-75.65473,45.36128,2017-06-18,10:11:00 PM,01 - Clear,01 - Dry,02 - Stop sign,03 - At intersection,07 - Dark,02 - Non-fatal injury,07 - SMV other,South Keys - Heron Gate - Greenboro West
8835,JOHNSTON RD @ TAPIOLA CRES E,372255.3618,5025675.535,-75.63886,45.36778,2017-08-18,9:06:00 PM,01 - Clear,01 - Dry,02 - Stop sign,02 - Intersection related,07 - Dark,03 - P.D. only,03 - Rear end,South Keys - Heron Gate - Greenboro West
8836,JOHNSTON RD @ TAPIOLA CRES E,372254.394,5025675.856,-75.63888,45.36778,2017-10-09,1:52:00 AM,01 - Clear,01 - Dry,02 - Stop sign,03 - At intersection,07 - Dark,03 - P.D. only,05 - Turning movement,South Keys - Heron Gate - Greenboro West
8837,JOHNSTON RD @ TAPIOLA CRES E,372255.4789,5025674.143,-75.63886,45.36776,2017-02-03,4:50:00 PM,01 - Clear,01 - Dry,02 - Stop sign,02 - Intersection related,01 - Daylight,03 - P.D. only,03 - Rear end,South Keys - Heron Gate - Greenboro West
8838,JOHNSTON RD @ TAPIOLA CRES E,372255.2245,5025675.112,-75.63887,45.36777,2017-01-28,6:49:00 PM,01 - Clear,02 - Wet,02 - Stop sign,02 - Intersection related,07 - Dark,03 - P.D. only,01 - Approaching,South Keys - Heron Gate - Greenboro West
8839,JOHNSTON RD @ TAPIOLA CRES W,371571.071,5025266.519,-75.64765,45.36416,2017-06-01,12:17:00 PM,01 - Clear,01 - Dry,02 - Stop sign,02 - Intersection related,01 - Daylight,02 - Non-fatal injury,03 - Rear end,South Keys - Heron Gate - Greenboro West
8840,JOHNSTON RD @ ZAIDAN DR,372796.9032,5025722.712,-75.63194,45.36815,2017-06-29,12:40:00 PM,02 - Rain,02 - Wet,02 - Stop sign,02 - Intersection related,01 - Daylight,03 - P.D. only,07 - SMV other,Greenboro East
8841,JOHNSTON RD btwn ALLANFORD AVE & CONROY RD,373243.6498,5026233.518,-75.62617,45.3727,2017-11-19,8:35:00 AM,03 - Snow,05 - Packed snow,10 - No control,01 - Non intersection,01 - Daylight,03 - P.D. only,07 - SMV other,South Keys - Heron Gate - Greenboro West
8842,JOHNSTON RD btwn BANK PL & SOUTHGATE RD,370909.818,5024875.252,-75.65615,45.3607,2017-06-29,4:24:00 PM,02 - Rain,02 - Wet,10 - No control,01 - Non intersection,01 - Daylight,03 - P.D. only,03 - Rear end,South Keys - Heron Gate - Greenboro West
8843,JOHNWOODS ST btwn JOSEPH CIRC & HAZELDEAN RD,350063.1428,5015538.524,-75.92308,45.27835,2017-10-10,3:42:00 PM,01 - Clear,01 - Dry,10 - No control,01 - Non intersection,01 - Daylight,02 - Non-fatal injury,07 - SMV other,Stittsville
8844,JOHNWOODS ST btwn JOSEPH CIRC & HAZELDEAN RD,350119.2065,5015473.627,-75.92237,45.27776,2017-10-29,6:49:00 PM,01 - Clear,02 - Wet,10 - No control,01 - Non intersection,07 - Dark,02 - Non-fatal injury,03 - Rear end,Stittsville
8845,JOHNWOODS ST btwn MAPLE GROVE RD & ALON ST,349646.0579,5016013.935,-75.92835,45.28265,2017-09-04,2:52:00 PM,01 - Clear,01 - Dry,10 - No control,01 - Non intersection,01 - Daylight,03 - P.D. only,07 - SMV other,Stittsville
8846,JOLIFFE ST btwn ST. LAURENT BLVD & MARTHA AVE,373781.2813,5028428.667,-75.619,45.3924,2017-11-20,6:11:00 PM,01 - Clear,01 - Dry,10 - No control,04 - At/near private drive,07 - Dark,03 - P.D. only,02 - Angle,Hawthorne Meadows
8847,JOLIFFE ST btwn ST. LAURENT BLVD & MARTHA AVE,373759.2636,5028419.801,-75.61928,45.39232,2017-01-27,3:06:00 PM,03 - Snow,02 - Wet,10 - No control,01 - Non intersection,01 - Daylight,03 - P.D. only,06 - SMV unattended vehicle,Hawthorne Meadows
8848,JOLLIET AVE btwn BEECHWOOD AVE & GARNEAU ST,369707.0104,5034115.142,-75.67028,45.44395,2017-07-13,1:28:00 AM,02 - Rain,02 - Wet,10 - No control,01 - Non intersection,07 - Dark,03 - P.D. only,06 - SMV unattended vehicle,Vanier North
8849,JOSEPH CYR ST @ LEMIEUX ST,372493.7182,5031752.565,-75.63499,45.42243,2017-05-30,6:30:00 PM,02 - Rain,02 - Wet,02 - Stop sign,03 - At intersection,01 - Daylight,03 - P.D. only,02 - Angle,Cummings
8850,JOSEPH CYR ST @ LEMIEUX ST,372494.8237,5031752.572,-75.63497,45.42243,2017-10-14,3:20:00 PM,01 - Clear,01 - Dry,02 - Stop sign,02 - Intersection related,01 - Daylight,03 - P.D. only,04 - Sideswipe,Cummings
8851,JOSEPH CYR ST @ LEMIEUX ST,372493.9807,5031753,-75.63498,45.42244,2017-04-11,1:45:00 PM,01 - Clear,01 - Dry,02 - Stop sign,02 - Intersection related,01 - Daylight,03 - P.D. only,05 - Turning movement,Cummings
8852,JUANITA AVE @ SEAGRAM HGTS,341089.4321,5023655.749,-76.03686,45.35191,2017-12-11,5:23:00 PM,01 - Clear,05 - Packed snow,10 - No control,03 - At intersection,07 - Dark,03 - P.D. only,02 - Angle,Carp
8853,JUNCTION AVE btwn GREGG ST & BROOKFIELD RD,369246.2284,5026479.859,-75.67717,45.3753,2017-06-21,5:00:00 PM,01 - Clear,01 - Dry,10 - No control,04 - At/near private drive,01 - Daylight,03 - P.D. only,06 - SMV unattended vehicle,Alta Vista
8854,KAKULU RD @ CASTLEFRANK RD,352180.9125,5018498.705,-75.8958,45.30484,2017-06-05,11:25:00 PM,02 - Rain,02 - Wet,01 - Traffic signal,03 - At intersection,07 - Dark,03 - P.D. only,02 - Angle,Katimavik - Hazeldean
8855,KAMOURASKA CIRC btwn HARTLAND ST & TO BE DETERMINED,380855.9548,5036044.92,-75.52748,45.46019,2017-10-15,12:00:00 AM,01 - Clear,01 - Dry,10 - No control,01 - Non intersection,00 - Unknown,03 - P.D. only,06 - SMV unattended vehicle,Chapel Hill
8856,KANATA AVE @ EARL GREY DR,350951.0037,5019285.031,-75.91141,45.312,2017-01-12,4:50:00 PM,01 - Clear,01 - Dry,01 - Traffic signal,03 - At intersection,05 - Dusk,03 - P.D. only,05 - Turning movement,Kanata
8857,KANATA AVE @ GOLDRIDGE DR/EVANSHEN PL,350286.2745,5019729.052,-75.91985,45.31604,2017-05-11,6:29:00 PM,01 - Clear,01 - Dry,02 - Stop sign,03 - At intersection,01 - Daylight,03 - P.D. only,02 - Angle,Kanata Lakes - Marchwood Lakeside - Morgan's Grant - Kanata
8858,KANATA AVE @ GOLDRIDGE DR/EVANSHEN PL,350286.1416,5019729.05,-75.91985,45.31604,2017-12-10,11:23:00 AM,01 - Clear,02 - Wet,02 - Stop sign,03 - At intersection,01 - Daylight,03 - P.D. only,02 - Angle,Kanata Lakes - Marchwood Lakeside - Morgan's Grant - Kanata
8859,KANATA AVE @ HWY 417 CASTLEFR IC139R15,351715.3989,5019145.144,-75.90168,45.31069,2017-10-04,5:21:00 PM,02 - Rain,02 - Wet,01 - Traffic signal,02 - Intersection related,01 - Daylight,03 - P.D. only,03 - Rear end,Katimavik - Hazeldean
8860,KANATA AVE @ ROBSON CRT,350385.1026,5019565.094,-75.9186,45.31456,2017-02-13,7:20:00 PM,01 - Clear,06 - Ice,02 - Stop sign,02 - Intersection related,07 - Dark,02 - Non-fatal injury,03 - Rear end,Kanata Lakes - Marchwood Lakeside - Morgan's Grant - Kanata
8861,KANATA AVE @ TERRY FOX DR,349305.5331,5019210.247,-75.9324,45.31143,2017-05-02,2:55:00 PM,01 - Clear,01 - Dry,01 - Traffic signal,02 - Intersection related,01 - Daylight,03 - P.D. only,03 - Rear end,Kanata Lakes - Marchwood Lakeside - Morgan's Grant - Kanata
8862,KANATA AVE @ TERRY FOX DR,349305.5331,5019212.922,-75.9324,45.31146,2017-05-12,9:30:00 PM,01 - Clear,01 - Dry,01 - Traffic signal,02 - Intersection related,07 - Dark,03 - P.D. only,07 - SMV other,Kanata Lakes - Marchwood Lakeside - Morgan's Grant - Kanata
8863,KANATA AVE @ TERRY FOX DR,349305.436,5019211.369,-75.93241,45.31144,2017-08-18,3:23:00 PM,01 - Clear,01 - Dry,01 - Traffic signal,03 - At intersection,01 - Daylight,02 - Non-fatal injury,07 - SMV other,Kanata Lakes - Marchwood Lakeside - Morgan's Grant - Kanata
8864,KANATA AVE @ TERRY FOX DR,349304.949,5019211.814,-75.93241,45.31145,2017-07-24,4:17:00 PM,02 - Rain,02 - Wet,01 - Traffic signal,02 - Intersection related,01 - Daylight,02 - Non-fatal injury,02 - Angle,Kanata Lakes - Marchwood Lakeside - Morgan's Grant - Kanata
8865,KANATA AVE @ TERRY FOX DR,349304.5855,5019212.226,-75.93242,45.31145,2017-08-12,3:06:00 PM,02 - Rain,02 - Wet,01 - Traffic signal,03 - At intersection,01 - Daylight,03 - P.D. only,05 - Turning movement,Kanata Lakes - Marchwood Lakeside - Morgan's Grant - Kanata
8866,KANATA AVE @ TERRY FOX DR,349305.5331,5019212.254,-75.9324,45.31145,2017-10-08,9:13:00 AM,01 - Clear,02 - Wet,01 - Traffic signal,02 - Intersection related,01 - Daylight,03 - P.D. only,07 - SMV other,Kanata Lakes - Marchwood Lakeside - Morgan's Grant - Kanata
8867,KANATA AVE @ TERRY FOX DR,349301.1441,5019209.044,-75.93246,45.31142,2017-10-09,12:45:00 PM,02 - Rain,02 - Wet,01 - Traffic signal,03 - At intersection,01 - Daylight,03 - P.D. only,02 - Angle,Kanata Lakes - Marchwood Lakeside - Morgan's Grant - Kanata
8868,KANATA AVE @ TERRY FOX DR,349305.8675,5019211.348,-75.9324,45.31144,2017-09-23,9:29:00 AM,01 - Clear,01 - Dry,01 - Traffic signal,03 - At intersection,01 - Daylight,03 - P.D. only,02 - Angle,Kanata Lakes - Marchwood Lakeside - Morgan's Grant - Kanata
8869,KANATA AVE @ TERRY FOX DR,349306.3409,5019212.768,-75.93239,45.31146,2017-11-21,6:20:00 PM,01 - Clear,01 - Dry,01 - Traffic signal,03 - At intersection,07 - Dark,03 - P.D. only,05 - Turning movement,Kanata Lakes - Marchwood Lakeside - Morgan's Grant - Kanata
8870,KANATA AVE @ TERRY FOX DR,349305.5331,5019210.247,-75.9324,45.31143,2017-03-06,7:13:00 PM,04 - Freezing Rain,06 - Ice,01 - Traffic signal,03 - At intersection,07 - Dark,02 - Non-fatal injury,05 - Turning movement,Kanata Lakes - Marchwood Lakeside - Morgan's Grant - Kanata
8871,KANATA AVE @ TERRY FOX DR,349305.8675,5019211.821,-75.9324,45.31145,2017-12-23,6:31:00 PM,03 - Snow,05 - Packed snow,01 - Traffic signal,03 - At intersection,07 - Dark,02 - Non-fatal injury,05 - Turning movement,Kanata Lakes - Marchwood Lakeside - Morgan's Grant - Kanata
8872,KANATA AVE btwn CAMPEAU DR & EARL GREY DR,350770.7763,5019304.763,-75.91371,45.31219,2017-12-05,12:20:00 AM,01 - Clear,01 - Dry,10 - No control,04 - At/near private drive,07 - Dark,03 - P.D. only,07 - SMV other,Kanata
8873,KANATA AVE btwn CAMPEAU DR & EARL GREY DR,350751.132,5019310.041,-75.91396,45.31224,2017-03-25,5:03:00 PM,03 - Snow,04 - Slush,10 - No control,01 - Non intersection,01 - Daylight,03 - P.D. only,03 - Rear end,Kanata
8874,KANATA AVE btwn EARL GREY DR & MARITIME WAY,351261.2947,5019319.832,-75.90745,45.31229,2017-05-14,11:45:00 AM,02 - Rain,02 - Wet,10 - No control,04 - At/near private drive,01 - Daylight,03 - P.D. only,03 - Rear end,Kanata
8875,KANATA AVE btwn EARL GREY DR & MARITIME WAY,351222.5282,5019312.662,-75.90795,45.31223,2017-09-01,9:50:00 PM,02 - Rain,02 - Wet,10 - No control,01 - Non intersection,07 - Dark,03 - P.D. only,03 - Rear end,Kanata
8876,KANATA AVE btwn EARL GREY DR & MARITIME WAY,351186.3842,5019309.475,-75.90841,45.3122,2017-07-06,7:38:00 AM,01 - Clear,01 - Dry,10 - No control,01 - Non intersection,01 - Daylight,03 - P.D. only,03 - Rear end,Kanata
8877,KANATA AVE btwn EARL GREY DR & MARITIME WAY,351401.3433,5019331.949,-75.90567,45.31239,2017-02-03,11:20:00 AM,01 - Clear,01 - Dry,10 - No control,01 - Non intersection,01 - Daylight,03 - P.D. only,03 - Rear end,Kanata
8878,KANATA AVE btwn GOLDRIDGE DR & GOLDRIDGE DR,350282.2448,5019741.534,-75.9199,45.31615,2017-12-09,10:58:00 AM,01 - Clear,01 - Dry,10 - No control,04 - At/near private drive,01 - Daylight,03 - P.D. only,02 - Angle,Kanata Lakes - Marchwood Lakeside - Morgan's Grant - Kanata
8879,KANATA AVE/CASTLEFRANK RD @ AIRD PL,351811.6881,5019070.59,-75.90046,45.31001,2017-08-14,5:00:00 PM,01 - Clear,01 - Dry,01 - Traffic signal,02 - Intersection related,01 - Daylight,03 - P.D. only,03 - Rear end,Katimavik - Hazeldean
8880,KANATA AVE/CASTLEFRANK RD @ AIRD PL,351811.498,5019069.868,-75.90046,45.31001,2017-07-18,10:50:00 AM,01 - Clear,01 - Dry,01 - Traffic signal,02 - Intersection related,01 - Daylight,03 - P.D. only,03 - Rear end,Katimavik - Hazeldean
8881,KANATA AVE/CASTLEFRANK RD @ AIRD PL,351811.4264,5019070.407,-75.90046,45.31001,2017-04-21,11:38:00 AM,01 - Clear,01 - Dry,01 - Traffic signal,02 - Intersection related,01 - Daylight,03 - P.D. only,03 - Rear end,Katimavik - Hazeldean
8882,KANATA AVE/CASTLEFRANK RD @ AIRD PL,351811.0602,5019069.176,-75.90047,45.31,2017-03-27,3:50:00 PM,02 - Rain,06 - Ice,01 - Traffic signal,02 - Intersection related,01 - Daylight,03 - P.D. only,03 - Rear end,Katimavik - Hazeldean
8883,KANATA RD @ LORD BYNG WAY/MARITIME WAY,351428.4288,5019328.402,-75.90532,45.31236,2017-06-07,10:58:00 AM,01 - Clear,01 - Dry,01 - Traffic signal,02 - Intersection related,01 - Daylight,03 - P.D. only,01 - Approaching,Kanata
8884,KANATA RD @ LORD BYNG WAY/MARITIME WAY,351431.7485,5019333.056,-75.90528,45.3124,2017-08-04,10:21:00 PM,02 - Rain,02 - Wet,01 - Traffic signal,03 - At intersection,07 - Dark,03 - P.D. only,03 - Rear end,Kanata
8885,KANATA RD @ LORD BYNG WAY/MARITIME WAY,351429.7183,5019332.87,-75.9053,45.3124,2017-09-01,8:00:00 PM,01 - Clear,01 - Dry,01 - Traffic signal,03 - At intersection,07 - Dark,03 - P.D. only,03 - Rear end,Kanata
8886,KANATA RD @ LORD BYNG WAY/MARITIME WAY,351431.5996,5019331.124,-75.90528,45.31238,2017-08-17,5:30:00 PM,01 - Clear,01 - Dry,01 - Traffic signal,02 - Intersection related,01 - Daylight,03 - P.D. only,03 - Rear end,Kanata
8887,KANATA RD @ LORD BYNG WAY/MARITIME WAY,351432.2009,5019330.564,-75.90527,45.31238,2017-10-29,11:45:00 AM,02 - Rain,02 - Wet,01 - Traffic signal,02 - Intersection related,01 - Daylight,03 - P.D. only,03 - Rear end,Kanata
8888,KANATA RD @ LORD BYNG WAY/MARITIME WAY,351430.39,5019330.19,-75.9053,45.31237,2017-09-16,5:33:00 PM,01 - Clear,01 - Dry,01 - Traffic signal,02 - Intersection related,01 - Daylight,03 - P.D. only,03 - Rear end,Kanata
8889,KANATA RD @ LORD BYNG WAY/MARITIME WAY,351429.6396,5019331.978,-75.90531,45.31239,2017-09-04,5:52:00 PM,02 - Rain,02 - Wet,01 - Traffic signal,02 - Intersection related,01 - Daylight,02 - Non-fatal injury,03 - Rear end,Kanata
8890,KANATA RD @ LORD BYNG WAY/MARITIME WAY,351431.6462,5019332.647,-75.90528,45.3124,2017-11-15,11:53:00 AM,01 - Clear,01 - Dry,01 - Traffic signal,02 - Intersection related,01 - Daylight,03 - P.D. only,04 - Sideswipe,Kanata
8891,KANATA RD @ LORD BYNG WAY/MARITIME WAY,351430.39,5019332.428,-75.9053,45.31239,2017-12-07,10:13:00 AM,01 - Clear,01 - Dry,01 - Traffic signal,03 - At intersection,01 - Daylight,02 - Non-fatal injury,02 - Angle,Kanata
8892,KANATA RD @ LORD BYNG WAY/MARITIME WAY,351427.5669,5019332.626,-75.90533,45.3124,2017-04-13,3:32:00 PM,01 - Clear,01 - Dry,01 - Traffic signal,02 - Intersection related,01 - Daylight,02 - Non-fatal injury,03 - Rear end,Kanata