Record,Location,X,Y,Longitude,Latitude,Date,Time,Environment,Road_Surface,Traffic_Control,Collision_Location,Light,Collision_Classification,Impact_type,Neighborhood
8893,KARSH DR @ MALAK ST,374091.1044,5025833.152,-75.61541,45.36902,2017-06-15,6:24:00 AM,01 - Clear,01 - Dry,02 - Stop sign,03 - At intersection,01 - Daylight,02 - Non-fatal injury,07 - SMV other,Hunt Club
8894,KARSH DR @ MALAK ST,374090.2845,5025833.699,-75.61542,45.36902,2017-03-23,3:39:00 PM,01 - Clear,01 - Dry,02 - Stop sign,03 - At intersection,01 - Daylight,03 - P.D. only,02 - Angle,Hunt Club
8895,KARSH DR @ MALAK ST,374090.2845,5025834.245,-75.61542,45.36903,2017-04-18,9:02:00 PM,01 - Clear,01 - Dry,02 - Stop sign,03 - At intersection,07 - Dark,02 - Non-fatal injury,07 - SMV other,Hunt Club
8896,KARSH DR btwn SOUTHLAND CRES & TOPLEY CRES,373812.4285,5026217.131,-75.61891,45.3725,2017-01-23,10:09:00 AM,01 - Clear,01 - Dry,10 - No control,01 - Non intersection,01 - Daylight,03 - P.D. only,99 - Other,Hunt Club
8897,KATIMAVIK RD @ CURRAN ST/DAVIS AVE,351461.4671,5018494.003,-75.90498,45.30485,2017-09-13,6:42:00 PM,01 - Clear,01 - Dry,02 - Stop sign,03 - At intersection,05 - Dusk,02 - Non-fatal injury,02 - Angle,Katimavik - Hazeldean
8898,KATIMAVIK RD @ CURRAN ST/DAVIS AVE,351461.2416,5018494.696,-75.90498,45.30485,2017-03-06,8:04:00 PM,04 - Freezing Rain,06 - Ice,02 - Stop sign,02 - Intersection related,07 - Dark,03 - P.D. only,03 - Rear end,Katimavik - Hazeldean
8899,KATIMAVIK RD @ MCGIBBON DR/SEWELL WAY,351725.4722,5018738.464,-75.90159,45.30703,2017-08-25,9:02:00 AM,01 - Clear,01 - Dry,02 - Stop sign,03 - At intersection,01 - Daylight,02 - Non-fatal injury,02 - Angle,Katimavik - Hazeldean
8900,KATIMAVIK RD @ WHITNEY DR,352358.1645,5019381.818,-75.89346,45.31278,2017-01-18,7:27:00 AM,01 - Clear,04 - Slush,01 - Traffic signal,02 - Intersection related,03 - Dawn,03 - P.D. only,99 - Other,Katimavik - Hazeldean
8901,KATIMAVIK RD btwn PALLADIUM DR & DAVIS AVE,351352.9956,5018315.554,-75.90638,45.30325,2017-11-27,5:25:00 PM,01 - Clear,01 - Dry,10 - No control,01 - Non intersection,07 - Dark,03 - P.D. only,03 - Rear end,Katimavik - Hazeldean
8902,KEDEY ST @ CREEK DR,326980.3694,5036968.308,-76.21632,45.47229,2017-06-25,1:15:00 PM,01 - Clear,02 - Wet,02 - Stop sign,03 - At intersection,01 - Daylight,03 - P.D. only,02 - Angle,Fitzro
8903,KEENAN AVE btwn GAINSBOROUGH AVE & WINDERMERE AVE,362428.9448,5027111.634,-75.76413,45.38158,2017-12-16,10:58:00 AM,01 - Clear,05 - Packed snow,10 - No control,04 - At/near private drive,01 - Daylight,03 - P.D. only,02 - Angle,Carlingwood - McKellar Park - Laurentien View
8904,KEHOE ST @ SALINA ST,359625.3349,5025372.188,-75.80012,45.36615,2017-05-09,2:30:00 PM,01 - Clear,01 - Dry,10 - No control,03 - At intersection,01 - Daylight,03 - P.D. only,02 - Angle,Crystal Bay - Lakeview Park - Britannia Village
8905,KEHOE ST btwn CASCADES AVE & SALINA ST,359624.666,5025397.606,-75.80012,45.36638,2017-07-04,12:00:00 AM,00 - Unknown,01 - Dry,10 - No control,01 - Non intersection,00 - Unknown,03 - P.D. only,06 - SMV unattended vehicle,Crystal Bay - Lakeview Park - Britannia Village
8906,KELLY AVE @ MONCTON RD,360355.6751,5023984.233,-75.79095,45.3536,2017-01-07,11:00:00 AM,01 - Clear,06 - Ice,02 - Stop sign,02 - Intersection related,01 - Daylight,03 - P.D. only,07 - SMV other,Whitehaven - Queensway Terrace North
8907,KELLY AVE @ MONCTON RD,360355.174,5023982.584,-75.79096,45.35359,2017-01-06,4:30:00 PM,01 - Clear,06 - Ice,02 - Stop sign,02 - Intersection related,01 - Daylight,03 - P.D. only,02 - Angle,Whitehaven - Queensway Terrace North
8908,KELLY AVE @ PINECREST RD,360277.7569,5023952.531,-75.79195,45.35332,2017-05-05,7:09:00 PM,02 - Rain,02 - Wet,02 - Stop sign,02 - Intersection related,01 - Daylight,03 - P.D. only,99 - Other,Whitehaven - Queensway Terrace North
8909,KELLY AVE @ PINECREST RD,360275.7686,5023952.555,-75.79198,45.35332,2017-08-14,3:30:00 PM,01 - Clear,01 - Dry,02 - Stop sign,03 - At intersection,01 - Daylight,03 - P.D. only,02 - Angle,Whitehaven - Queensway Terrace North
8910,KENASTON ST btwn ALGOMA RD & LABRIE AVE,373387.4845,5031391.93,-75.62362,45.4191,2017-03-14,1:21:00 PM,03 - Snow,03 - Loose snow,10 - No control,04 - At/near private drive,01 - Daylight,03 - P.D. only,02 - Angle,Industrial Park
8911,KENNEVALE DR btwn MERNER AVE & FLANDERS ST,362091.1775,5014389.194,-75.76991,45.26713,2017-01-30,8:23:00 AM,01 - Clear,01 - Dry,10 - No control,04 - At/near private drive,01 - Daylight,03 - P.D. only,99 - Other,Barrhaven West - Old Barrhaven
8912,KENNEVALE DR btwn STRANDHERD DR & COBBLE HILL DR,361537.993,5014120.445,-75.77699,45.26475,2017-10-10,7:16:00 PM,01 - Clear,01 - Dry,10 - No control,01 - Non intersection,07 - Dark,03 - P.D. only,03 - Rear end,Munster Hamlet - Richmond
8913,KENNEVALE DR btwn STRANDHERD DR & COBBLE HILL DR,361538.5357,5014119.359,-75.77699,45.26474,2017-10-11,2:31:00 PM,01 - Clear,01 - Dry,10 - No control,01 - Non intersection,01 - Daylight,02 - Non-fatal injury,03 - Rear end,Munster Hamlet - Richmond
8914,KENNEVALE DR btwn STRANDHERD DR & COBBLE HILL DR,361585.3892,5014143.506,-75.77639,45.26496,2017-11-16,5:48:00 PM,02 - Rain,02 - Wet,10 - No control,01 - Non intersection,07 - Dark,02 - Non-fatal injury,07 - SMV other,Munster Hamlet - Richmond
8915,KENT ST @ FLORENCE ST,367704.1375,5030526.569,-75.69634,45.41185,2017-08-02,10:29:00 AM,01 - Clear,01 - Dry,02 - Stop sign,03 - At intersection,01 - Daylight,03 - P.D. only,03 - Rear end,Centretown
8916,KENT ST @ LAURIER AVE,367316.2211,5031164.828,-75.70121,45.41763,2017-08-31,3:19:00 PM,01 - Clear,01 - Dry,01 - Traffic signal,03 - At intersection,01 - Daylight,02 - Non-fatal injury,05 - Turning movement,Downtown
8917,KENT ST @ LAURIER AVE,367317.337,5031164.908,-75.7012,45.41763,2017-07-11,1:14:00 PM,02 - Rain,02 - Wet,01 - Traffic signal,02 - Intersection related,01 - Daylight,03 - P.D. only,02 - Angle,Downtown
8918,KENT ST @ LAURIER AVE,367316.3646,5031162.582,-75.70121,45.41761,2017-11-19,12:26:00 PM,01 - Clear,02 - Wet,01 - Traffic signal,03 - At intersection,01 - Daylight,03 - P.D. only,02 - Angle,Downtown
8919,KENT ST @ LAURIER AVE,367317.0335,5031163.251,-75.7012,45.41761,2017-11-23,9:53:00 PM,01 - Clear,01 - Dry,01 - Traffic signal,03 - At intersection,07 - Dark,03 - P.D. only,02 - Angle,Downtown
8920,KENT ST @ LAURIER AVE,367316.3646,5031163.92,-75.70121,45.41762,2017-11-15,2:51:00 PM,01 - Clear,01 - Dry,01 - Traffic signal,03 - At intersection,01 - Daylight,02 - Non-fatal injury,07 - SMV other,Downtown
8921,KENT ST @ LISGAR ST,367437.1923,5030964.588,-75.69969,45.41581,2017-06-08,2:41:00 PM,01 - Clear,01 - Dry,02 - Stop sign,03 - At intersection,01 - Daylight,02 - Non-fatal injury,07 - SMV other,Centretown
8922,KENT ST @ LISGAR ST,367437.7018,5030961.646,-75.69969,45.41579,2017-07-29,1:30:00 PM,01 - Clear,01 - Dry,02 - Stop sign,03 - At intersection,01 - Daylight,03 - P.D. only,05 - Turning movement,Centretown
8923,KENT ST @ LISGAR ST,367437.2239,5030963.33,-75.69969,45.4158,2017-09-14,2:06:00 PM,01 - Clear,01 - Dry,02 - Stop sign,02 - Intersection related,01 - Daylight,03 - P.D. only,04 - Sideswipe,Centretown
8924,KENT ST @ MACLAREN ST,367573.7136,5030741.23,-75.69798,45.41379,2017-05-03,2:32:00 PM,01 - Clear,01 - Dry,02 - Stop sign,03 - At intersection,01 - Daylight,02 - Non-fatal injury,02 - Angle,Centretown
8925,KENT ST @ MACLAREN ST,367573.0448,5030741.899,-75.69799,45.4138,2017-04-14,12:39:00 PM,01 - Clear,01 - Dry,02 - Stop sign,02 - Intersection related,01 - Daylight,03 - P.D. only,04 - Sideswipe,Centretown
8926,KENT ST @ MCLEOD ST,367785.7014,5030391.902,-75.69532,45.41063,2017-04-30,2:19:00 PM,02 - Rain,02 - Wet,02 - Stop sign,03 - At intersection,01 - Daylight,03 - P.D. only,02 - Angle,Centretown
8927,KENT ST @ MCLEOD ST,367786.3703,5030391.902,-75.69531,45.41063,2017-10-10,10:45:00 AM,01 - Clear,01 - Dry,02 - Stop sign,03 - At intersection,01 - Daylight,03 - P.D. only,02 - Angle,Centretown
8928,KENT ST @ MCLEOD ST,367786.3703,5030390.564,-75.69531,45.41062,2017-11-11,2:52:00 PM,01 - Clear,01 - Dry,02 - Stop sign,02 - Intersection related,01 - Daylight,03 - P.D. only,02 - Angle,Centretown
8929,KENT ST @ MCLEOD ST,367785.9542,5030392.44,-75.69531,45.41063,2017-02-11,3:17:00 PM,03 - Snow,03 - Loose snow,02 - Stop sign,03 - At intersection,01 - Daylight,03 - P.D. only,02 - Angle,Centretown
8930,KENT ST @ MCLEOD ST,367786.2313,5030389.854,-75.69531,45.41061,2017-12-30,12:20:00 PM,05 - Drifting Snow,06 - Ice,02 - Stop sign,02 - Intersection related,01 - Daylight,03 - P.D. only,05 - Turning movement,Centretown
8931,KENT ST @ MCLEOD ST,367787.1213,5030390.338,-75.6953,45.41061,2017-12-16,1:40:00 AM,01 - Clear,02 - Wet,02 - Stop sign,03 - At intersection,07 - Dark,02 - Non-fatal injury,02 - Angle,Centretown
8932,KENT ST @ NEPEAN ST,367399.0382,5031030.245,-75.70017,45.41641,2017-11-22,6:02:00 AM,01 - Clear,02 - Wet,01 - Traffic signal,03 - At intersection,07 - Dark,03 - P.D. only,02 - Angle,Centretown
8933,KENT ST @ QUEEN ST,367179.6943,5031386.58,-75.70293,45.41963,2017-12-08,10:36:00 AM,01 - Clear,01 - Dry,01 - Traffic signal,03 - At intersection,01 - Daylight,01 - Fatal injury,07 - SMV other,Downtown
8934,KENT ST @ QUEEN ST,367178.8029,5031386.771,-75.70294,45.41963,2017-04-18,8:28:00 AM,01 - Clear,01 - Dry,01 - Traffic signal,03 - At intersection,01 - Daylight,03 - P.D. only,04 - Sideswipe,Downtown
8935,KENT ST @ SLATER ST,367260.6219,5031251.773,-75.70191,45.41841,2017-01-24,1:30:00 PM,03 - Snow,04 - Slush,01 - Traffic signal,02 - Intersection related,01 - Daylight,02 - Non-fatal injury,07 - SMV other,Downtown
8936,KENT ST @ SLATER ST,367262.7107,5031252.587,-75.70189,45.41842,2017-02-01,9:33:00 AM,01 - Clear,01 - Dry,01 - Traffic signal,02 - Intersection related,01 - Daylight,03 - P.D. only,04 - Sideswipe,Downtown
8937,KENT ST @ SLATER ST,367262.2501,5031251.23,-75.70189,45.41841,2017-02-07,12:26:00 PM,01 - Clear,02 - Wet,01 - Traffic signal,02 - Intersection related,01 - Daylight,03 - P.D. only,05 - Turning movement,Downtown
8938,KENT ST @ SLATER ST,367262.0419,5031251.918,-75.7019,45.41841,2017-04-14,10:30:00 AM,01 - Clear,01 - Dry,01 - Traffic signal,02 - Intersection related,01 - Daylight,03 - P.D. only,05 - Turning movement,Downtown
8939,KENT ST @ SLATER ST,367262.0419,5031253.256,-75.7019,45.41843,2017-03-18,8:15:00 PM,01 - Clear,01 - Dry,01 - Traffic signal,03 - At intersection,07 - Dark,03 - P.D. only,04 - Sideswipe,Downtown
8940,KENT ST @ SOMERSET ST,367528.3734,5030815.565,-75.69855,45.41446,2017-06-24,3:13:00 PM,01 - Clear,01 - Dry,01 - Traffic signal,03 - At intersection,01 - Daylight,03 - P.D. only,02 - Angle,Centretown
8941,KENT ST @ SOMERSET ST,367527.7045,5030816.903,-75.69856,45.41448,2017-07-06,10:12:00 PM,01 - Clear,01 - Dry,01 - Traffic signal,03 - At intersection,07 - Dark,02 - Non-fatal injury,07 - SMV other,Centretown
8942,KENT ST @ SOMERSET ST,367525.7545,5030815.802,-75.69858,45.41447,2017-10-09,2:17:00 PM,01 - Clear,02 - Wet,01 - Traffic signal,03 - At intersection,01 - Daylight,03 - P.D. only,05 - Turning movement,Centretown
8943,KENT ST @ SOMERSET ST,367526.3668,5030816.234,-75.69857,45.41447,2017-12-05,12:04:00 PM,02 - Rain,02 - Wet,01 - Traffic signal,02 - Intersection related,01 - Daylight,02 - Non-fatal injury,03 - Rear end,Centretown
8944,KENT ST @ SOMERSET ST,367526.3668,5030815.565,-75.69857,45.41446,2017-03-28,12:05:00 PM,01 - Clear,02 - Wet,01 - Traffic signal,03 - At intersection,01 - Daylight,03 - P.D. only,05 - Turning movement,Centretown
8945,KENT ST @ SOMERSET ST,367525.7545,5030814.855,-75.69858,45.41446,2017-12-21,5:15:00 PM,01 - Clear,04 - Slush,01 - Traffic signal,02 - Intersection related,07 - Dark,02 - Non-fatal injury,07 - SMV other,Centretown
8946,KENT ST @ WELLINGTON ST,367097.1514,5031527.12,-75.70397,45.42091,2017-06-16,4:51:00 PM,01 - Clear,01 - Dry,01 - Traffic signal,03 - At intersection,01 - Daylight,03 - P.D. only,99 - Other,Downtown
8947,KENT ST @ WELLINGTON ST,367098.0323,5031528.58,-75.70396,45.42092,2017-11-22,6:17:00 PM,01 - Clear,01 - Dry,01 - Traffic signal,02 - Intersection related,07 - Dark,03 - P.D. only,03 - Rear end,Downtown
8948,KENT ST @ WELLINGTON ST,367095.6181,5031526.227,-75.70399,45.4209,2017-01-14,9:17:00 AM,01 - Clear,01 - Dry,01 - Traffic signal,03 - At intersection,01 - Daylight,03 - P.D. only,02 - Angle,Downtown
8949,KENT ST @ WELLINGTON ST,367096.9473,5031525.448,-75.70397,45.42089,2017-02-09,3:01:00 PM,01 - Clear,01 - Dry,01 - Traffic signal,02 - Intersection related,01 - Daylight,03 - P.D. only,03 - Rear end,Downtown
8950,KENT ST btwn GILMOUR ST & JAMES ST,367638.6336,5030634.827,-75.69716,45.41283,2017-03-24,4:55:00 PM,01 - Clear,03 - Loose snow,10 - No control,01 - Non intersection,01 - Daylight,03 - P.D. only,07 - SMV other,Centretown
8951,KENT ST btwn GLOUCESTER ST & NEPEAN ST,367395.0248,5031040.278,-75.70022,45.4165,2017-03-04,5:35:00 PM,01 - Clear,01 - Dry,10 - No control,01 - Non intersection,01 - Daylight,02 - Non-fatal injury,07 - SMV other,Centretown
8952,KENT ST btwn JAMES ST & FLORENCE ST,367690.9167,5030545.592,-75.69651,45.41202,2017-06-14,12:00:00 AM,01 - Clear,01 - Dry,10 - No control,01 - Non intersection,00 - Unknown,03 - P.D. only,06 - SMV unattended vehicle,Centretown
8953,KENT ST btwn JAMES ST & FLORENCE ST,367691.5269,5030545.189,-75.6965,45.41202,2017-10-28,5:03:00 AM,01 - Clear,01 - Dry,10 - No control,01 - Non intersection,07 - Dark,03 - P.D. only,04 - Sideswipe,Centretown
8954,KENT ST btwn LAURIER AVE W & GLOUCESTER ST,367331.0803,5031139.171,-75.70103,45.41739,2017-05-05,12:00:00 AM,02 - Rain,02 - Wet,10 - No control,01 - Non intersection,00 - Unknown,03 - P.D. only,06 - SMV unattended vehicle,Downtown
8955,KENT ST btwn LAURIER AVE W & GLOUCESTER ST,367352.1494,5031107.606,-75.70076,45.41711,2017-06-12,8:31:00 AM,01 - Clear,01 - Dry,10 - No control,01 - Non intersection,01 - Daylight,03 - P.D. only,04 - Sideswipe,Downtown
8956,KENT ST btwn LISGAR ST & COOPER ST,367444.7252,5030951.529,-75.6996,45.4157,2017-05-03,11:16:00 PM,01 - Clear,01 - Dry,10 - No control,01 - Non intersection,07 - Dark,02 - Non-fatal injury,07 - SMV other,Centretown
8957,KENT ST btwn LISGAR ST & COOPER ST,367447.3823,5030948.284,-75.69957,45.41567,2017-04-21,8:03:00 PM,01 - Clear,01 - Dry,10 - No control,01 - Non intersection,07 - Dark,03 - P.D. only,01 - Approaching,Centretown
8958,KENT ST btwn MACLAREN ST & GILMOUR ST,367589.5239,5030711.998,-75.69778,45.41353,2017-05-31,9:12:00 PM,01 - Clear,01 - Dry,10 - No control,01 - Non intersection,07 - Dark,03 - P.D. only,04 - Sideswipe,Centretown
8959,KENT ST btwn MACLAREN ST & GILMOUR ST,367595.1183,5030707.116,-75.69771,45.41348,2017-12-02,2:01:00 PM,01 - Clear,01 - Dry,10 - No control,01 - Non intersection,01 - Daylight,03 - P.D. only,06 - SMV unattended vehicle,Centretown
8960,KENT ST btwn SPARKS ST & QUEEN ST,367160.5679,5031420.039,-75.70317,45.41994,2017-06-17,8:00:00 PM,01 - Clear,01 - Dry,10 - No control,01 - Non intersection,01 - Daylight,03 - P.D. only,06 - SMV unattended vehicle,Downtown
8961,KERR AVE btwn BROADVIEW AVE & NADOLNY SACHS PRIV,363275.8785,5026558.58,-75.75338,45.37653,2017-02-14,12:00:00 AM,01 - Clear,02 - Wet,10 - No control,01 - Non intersection,00 - Unknown,03 - P.D. only,06 - SMV unattended vehicle,Carlingwood West - Glabar Park - McKellar Heights
8962,KEYWORTH AVE @ SUNNYMEDE AVE,363865.69,5029333.893,-75.74552,45.40145,2017-03-24,6:04:00 PM,03 - Snow,03 - Loose snow,02 - Stop sign,03 - At intersection,05 - Dusk,02 - Non-fatal injury,02 - Angle,Champlain Park
8963,KHAMSIN ST btwn GALLANTRY WAY & GALLANTRY WAY,350809.068,5016497.057,-75.91348,45.28692,2017-09-17,6:17:00 PM,01 - Clear,01 - Dry,10 - No control,04 - At/near private drive,01 - Daylight,03 - P.D. only,99 - Other,Stittsville
8964,KILBIRNIE DR btwn BREAKSTONE RD & GREENBANK RD,365228.4456,5011629.429,-75.73027,45.24203,2017-12-25,11:57:00 AM,03 - Snow,03 - Loose snow,10 - No control,01 - Non intersection,01 - Daylight,03 - P.D. only,06 - SMV unattended vehicle,New Barrhaven
8965,KILBIRNIE DR btwn GREENBANK RD & KILMARNOCK WAY,365492.8225,5011699.591,-75.7269,45.24264,2017-09-17,12:41:00 AM,01 - Clear,01 - Dry,10 - No control,04 - At/near private drive,07 - Dark,03 - P.D. only,06 - SMV unattended vehicle,New Barrhaven
8966,KILBORN AVE @ KILBORN PL/LAMIRA ST,369743.4146,5027683.01,-75.67066,45.38608,2017-09-24,2:07:00 AM,01 - Clear,01 - Dry,11 - Roundabout,03 - At intersection,07 - Dark,03 - P.D. only,02 - Angle,Alta Vista
8967,KILBORN AVE @ KILBORN PL/LAMIRA ST,369744.7181,5027679.473,-75.67065,45.38604,2017-01-04,4:38:00 PM,03 - Snow,06 - Ice,11 - Roundabout,02 - Intersection related,05 - Dusk,03 - P.D. only,01 - Approaching,Alta Vista
8968,KILBORN AVE @ NIAGARA DR,370077.9591,5027717.28,-75.66639,45.38635,2017-12-18,12:50:00 PM,03 - Snow,03 - Loose snow,02 - Stop sign,03 - At intersection,01 - Daylight,03 - P.D. only,07 - SMV other,Alta Vista
8969,KILBORN AVE @ VIRGINIA DR,371767.4435,5027906.534,-75.64479,45.3879,2017-01-13,8:45:00 PM,01 - Clear,01 - Dry,02 - Stop sign,03 - At intersection,07 - Dark,03 - P.D. only,03 - Rear end,Playfair Park - Lynda Park - Guildwood Estates
8970,KILBORN AVE btwn ASTER ST & VIRGINIA DR,371653.6036,5027894.545,-75.64624,45.3878,2017-03-05,2:07:00 AM,01 - Clear,01 - Dry,10 - No control,01 - Non intersection,07 - Dark,03 - P.D. only,06 - SMV unattended vehicle,Playfair Park - Lynda Park - Guildwood Estates
8971,KILBORN AVE btwn ASTER ST & VIRGINIA DR,371561.387,5027883.233,-75.64742,45.38771,2017-04-15,9:09:00 PM,02 - Rain,02 - Wet,10 - No control,01 - Non intersection,07 - Dark,03 - P.D. only,01 - Approaching,Playfair Park - Lynda Park - Guildwood Estates
8972,KILBORN AVE btwn BLOSSOM DR & BEAVER AVE,369928.4532,5027698.022,-75.6683,45.38619,2017-08-28,8:30:00 PM,01 - Clear,01 - Dry,10 - No control,01 - Non intersection,07 - Dark,03 - P.D. only,06 - SMV unattended vehicle,Alta Vista
8973,KILMORY CRES btwn BOWMOOR AVE & INVERNESS AVE,365841.1089,5024387.55,-75.7209,45.35678,2017-03-07,10:00:00 AM,04 - Freezing Rain,06 - Ice,10 - No control,01 - Non intersection,01 - Daylight,03 - P.D. only,07 - SMV other,Borden Farm - Stewart Farm - Parkwood Hills - Fisher Glen
8974,KILSPINDIE RIDGE btwn FERGUSLEA LANE & KILSPINDIE RIDGE,366272.989,5012620.924,-75.71685,45.25086,2017-02-12,3:21:00 PM,03 - Snow,03 - Loose snow,10 - No control,04 - At/near private drive,01 - Daylight,03 - P.D. only,06 - SMV unattended vehicle,New Barrhaven
8975,KILSPINDIE RIDGE btwn FERGUSLEA LANE & LOCHHOUSE WALK,366436.783,5012781.496,-75.71474,45.25229,2017-05-29,12:00:00 AM,01 - Clear,01 - Dry,10 - No control,01 - Non intersection,00 - Unknown,03 - P.D. only,06 - SMV unattended vehicle,New Barrhaven
8976,KIMBERWICK CRES btwn CHANCELLOR CRT & RIVERSIDE DR,367990.4847,5022464.352,-75.69371,45.33928,2017-03-07,9:20:00 AM,04 - Freezing Rain,06 - Ice,10 - No control,01 - Non intersection,01 - Daylight,03 - P.D. only,04 - Sideswipe,Hunt Club Woods - Quintarra - Revelstoke - Riverside South P
8977,KINBURN SIDE RD btwn LIMESTONE RD & BECKS RD,333499.9864,5031836.932,-76.13324,45.42588,2017-12-01,7:18:00 PM,01 - Clear,01 - Dry,10 - No control,01 - Non intersection,07 - Dark,02 - Non-fatal injury,07 - SMV other,Car
8978,KINBURN SIDE RD btwn LOGGERS WAY & JOHN SHAW RD,329922.9739,5028681.404,-76.17911,45.39762,2017-12-06,7:22:00 PM,01 - Clear,01 - Dry,10 - No control,01 - Non intersection,07 - Dark,02 - Non-fatal injury,07 - SMV other,Kinburn
8979,KINBURN SIDE RD btwn STONECREST RD & TORBOLTON RIDGE RD,334996.2769,5033126.104,-76.11404,45.43742,2017-10-27,6:18:00 PM,01 - Clear,01 - Dry,10 - No control,01 - Non intersection,05 - Dusk,03 - P.D. only,07 - SMV other,Car
8980,KINBURN SIDE RD btwn TIMMINS RD & DOMINION SPRINGS RD,323680.6368,5023175.44,-76.25905,45.34827,2017-05-14,10:17:00 PM,02 - Rain,02 - Wet,10 - No control,01 - Non intersection,07 - Dark,03 - P.D. only,07 - SMV other,Mississipp
8981,KINBURN SIDE RD btwn TORBOLTON RIDGE RD & WOODKILTON RD,336881.8098,5034920.849,-76.08982,45.45348,2017-10-25,7:50:00 AM,01 - Clear,01 - Dry,10 - No control,01 - Non intersection,01 - Daylight,03 - P.D. only,07 - SMV other,Woodlawn
8982,KINBURN SIDE RD btwn WOODKILTON RD & DUNROBIN RD,337411.303,5035391.033,-76.08302,45.45769,2017-03-24,10:13:00 PM,03 - Snow,03 - Loose snow,10 - No control,01 - Non intersection,07 - Dark,03 - P.D. only,07 - SMV other,Woodlawn
8983,KING EDWARD AVE @ GEORGE ST,368462.9903,5032481.615,-75.68639,45.42937,2017-05-18,12:26:00 PM,01 - Clear,01 - Dry,02 - Stop sign,03 - At intersection,01 - Daylight,03 - P.D. only,04 - Sideswipe,Byward Market
8984,KING EDWARD AVE @ GEORGE ST,368463.4184,5032481.186,-75.68639,45.42937,2017-02-23,7:54:00 PM,01 - Clear,02 - Wet,02 - Stop sign,02 - Intersection related,07 - Dark,03 - P.D. only,05 - Turning movement,Byward Market
8985,KING EDWARD AVE @ LAURIER AVE,368739.3728,5032035.92,-75.68292,45.42533,2017-05-04,4:25:00 PM,01 - Clear,01 - Dry,01 - Traffic signal,02 - Intersection related,01 - Daylight,03 - P.D. only,03 - Rear end,Sandy Hill
8986,KING EDWARD AVE @ LAURIER AVE,368741.3794,5032033.245,-75.68289,45.42531,2017-04-27,1:42:00 PM,01 - Clear,01 - Dry,01 - Traffic signal,02 - Intersection related,01 - Daylight,03 - P.D. only,04 - Sideswipe,Sandy Hill
8987,KING EDWARD AVE @ LAURIER AVE,368738.7039,5032035.252,-75.68293,45.42533,2017-06-18,3:08:00 PM,01 - Clear,01 - Dry,01 - Traffic signal,02 - Intersection related,01 - Daylight,03 - P.D. only,03 - Rear end,Sandy Hill
8988,KING EDWARD AVE @ LAURIER AVE,368739.7072,5032034.85,-75.68292,45.42533,2017-07-02,10:07:00 AM,01 - Clear,01 - Dry,01 - Traffic signal,02 - Intersection related,01 - Daylight,03 - P.D. only,04 - Sideswipe,Sandy Hill
8989,KING EDWARD AVE @ LAURIER AVE,368738.5091,5032035.929,-75.68293,45.42534,2017-07-14,9:00:00 AM,01 - Clear,01 - Dry,01 - Traffic signal,02 - Intersection related,01 - Daylight,03 - P.D. only,03 - Rear end,Sandy Hill
8990,KING EDWARD AVE @ LAURIER AVE,368738.4252,5032034.583,-75.68293,45.42532,2017-07-25,12:50:00 PM,02 - Rain,02 - Wet,01 - Traffic signal,02 - Intersection related,01 - Daylight,03 - P.D. only,03 - Rear end,Sandy Hill
8991,KING EDWARD AVE @ LAURIER AVE,368739.7072,5032034.583,-75.68292,45.42532,2017-07-31,10:20:00 AM,01 - Clear,01 - Dry,01 - Traffic signal,02 - Intersection related,01 - Daylight,03 - P.D. only,03 - Rear end,Sandy Hill
8992,KING EDWARD AVE @ LAURIER AVE,368739.7072,5032034.346,-75.68292,45.42532,2017-10-27,6:37:00 AM,01 - Clear,01 - Dry,01 - Traffic signal,03 - At intersection,03 - Dawn,03 - P.D. only,05 - Turning movement,Sandy Hill
8993,KING EDWARD AVE @ LAURIER AVE,368740.1541,5032035.7,-75.68291,45.42533,2017-09-07,8:00:00 AM,01 - Clear,01 - Dry,01 - Traffic signal,02 - Intersection related,01 - Daylight,03 - P.D. only,04 - Sideswipe,Sandy Hill
8994,KING EDWARD AVE @ LAURIER AVE,368739.7072,5032034.854,-75.68292,45.42533,2017-10-15,9:55:00 AM,02 - Rain,02 - Wet,01 - Traffic signal,02 - Intersection related,01 - Daylight,03 - P.D. only,03 - Rear end,Sandy Hill
8995,KING EDWARD AVE @ LAURIER AVE,368740.1851,5032034.344,-75.68291,45.42532,2017-11-13,4:05:00 PM,01 - Clear,01 - Dry,01 - Traffic signal,02 - Intersection related,01 - Daylight,03 - P.D. only,04 - Sideswipe,Sandy Hill
8996,KING EDWARD AVE @ LAURIER AVE,368739.3728,5032034.583,-75.68292,45.42532,2017-12-09,9:15:00 PM,03 - Snow,03 - Loose snow,01 - Traffic signal,03 - At intersection,07 - Dark,03 - P.D. only,05 - Turning movement,Sandy Hill
8997,KING EDWARD AVE @ LAURIER AVE,368739.3728,5032033.245,-75.68292,45.42531,2017-11-18,10:39:00 AM,01 - Clear,01 - Dry,01 - Traffic signal,02 - Intersection related,01 - Daylight,03 - P.D. only,03 - Rear end,Sandy Hill
8998,KING EDWARD AVE @ LAURIER AVE,368740.5656,5032036.299,-75.6829,45.42534,2017-01-12,2:05:00 PM,01 - Clear,02 - Wet,01 - Traffic signal,02 - Intersection related,01 - Daylight,03 - P.D. only,03 - Rear end,Sandy Hill
8999,KING EDWARD AVE @ MURRAY ST,368292.9819,5032753.582,-75.68853,45.43183,2017-08-16,4:33:00 PM,01 - Clear,01 - Dry,01 - Traffic signal,03 - At intersection,01 - Daylight,03 - P.D. only,04 - Sideswipe,Byward Market