Record,Location,X,Y,Longitude,Latitude,Date,Time,Environment,Road_Surface,Traffic_Control,Collision_Location,Light,Collision_Classification,Impact_type,Neighborhood
9000,KING EDWARD AVE @ MURRAY ST,368292.3408,5032752.3,-75.68854,45.43182,2017-07-02,4:56:00 PM,01 - Clear,01 - Dry,01 - Traffic signal,02 - Intersection related,01 - Daylight,03 - P.D. only,04 - Sideswipe,Byward Market
9001,KING EDWARD AVE @ MURRAY ST,368292.1732,5032752.399,-75.68854,45.43182,2017-08-25,7:50:00 AM,01 - Clear,01 - Dry,01 - Traffic signal,02 - Intersection related,01 - Daylight,03 - P.D. only,03 - Rear end,Byward Market
9002,KING EDWARD AVE @ MURRAY ST,368292.0343,5032754.251,-75.68854,45.43184,2017-10-29,10:43:00 AM,01 - Clear,02 - Wet,01 - Traffic signal,02 - Intersection related,01 - Daylight,02 - Non-fatal injury,04 - Sideswipe,Byward Market
9003,KING EDWARD AVE @ MURRAY ST,368290.744,5032754.299,-75.68856,45.43184,2017-09-26,2:11:00 PM,01 - Clear,01 - Dry,01 - Traffic signal,02 - Intersection related,01 - Daylight,03 - P.D. only,03 - Rear end,Byward Market
9004,KING EDWARD AVE @ MURRAY ST,368293.1829,5032752.686,-75.68853,45.43182,2017-11-13,12:41:00 PM,01 - Clear,01 - Dry,01 - Traffic signal,02 - Intersection related,01 - Daylight,03 - P.D. only,04 - Sideswipe,Byward Market
9005,KING EDWARD AVE @ MURRAY ST,368292.0343,5032754.251,-75.68854,45.43184,2017-11-20,12:26:00 PM,01 - Clear,01 - Dry,01 - Traffic signal,02 - Intersection related,01 - Daylight,03 - P.D. only,03 - Rear end,Byward Market
9006,KING EDWARD AVE @ MURRAY ST,368292.0343,5032752.913,-75.68854,45.43183,2017-03-02,12:18:00 PM,01 - Clear,01 - Dry,01 - Traffic signal,02 - Intersection related,01 - Daylight,03 - P.D. only,04 - Sideswipe,Byward Market
9007,KING EDWARD AVE @ MURRAY ST,368292.1777,5032752.865,-75.68854,45.43183,2017-12-23,2:44:00 AM,03 - Snow,05 - Packed snow,01 - Traffic signal,03 - At intersection,07 - Dark,03 - P.D. only,07 - SMV other,Byward Market
9008,KING EDWARD AVE @ OSGOODE ST/THOMAS MORE PRIV,368849.5855,5031851.005,-75.68154,45.42366,2017-06-21,9:56:00 PM,01 - Clear,01 - Dry,01 - Traffic signal,02 - Intersection related,07 - Dark,03 - P.D. only,04 - Sideswipe,Sandy Hill
9009,KING EDWARD AVE @ OSGOODE ST/THOMAS MORE PRIV,368849.3724,5031850.568,-75.68154,45.42366,2017-06-02,2:56:00 PM,01 - Clear,01 - Dry,01 - Traffic signal,02 - Intersection related,01 - Daylight,03 - P.D. only,03 - Rear end,Sandy Hill
9010,KING EDWARD AVE @ OSGOODE ST/THOMAS MORE PRIV,368849.6232,5031851.739,-75.68153,45.42367,2017-02-18,8:39:00 AM,01 - Clear,02 - Wet,01 - Traffic signal,03 - At intersection,01 - Daylight,03 - P.D. only,02 - Angle,Sandy Hill
9011,KING EDWARD AVE @ OSGOODE ST/THOMAS MORE PRIV,368851.2353,5031852.575,-75.68151,45.42367,2017-03-12,9:49:00 PM,01 - Clear,01 - Dry,01 - Traffic signal,02 - Intersection related,07 - Dark,03 - P.D. only,05 - Turning movement,Sandy Hill
9012,KING EDWARD AVE @ RIDEAU ST,368512.0417,5032414.258,-75.68578,45.42876,2017-05-11,11:46:00 AM,01 - Clear,01 - Dry,01 - Traffic signal,02 - Intersection related,01 - Daylight,02 - Non-fatal injury,07 - SMV other,Lowe
9013,KING EDWARD AVE @ RIDEAU ST,368511.7072,5032412.913,-75.68578,45.42875,2017-05-16,4:40:00 PM,01 - Clear,01 - Dry,01 - Traffic signal,02 - Intersection related,01 - Daylight,03 - P.D. only,03 - Rear end,Lowe
9014,KING EDWARD AVE @ RIDEAU ST,368512.0417,5032415.596,-75.68577,45.42877,2017-05-03,1:15:00 AM,01 - Clear,01 - Dry,01 - Traffic signal,02 - Intersection related,07 - Dark,02 - Non-fatal injury,07 - SMV other,Lowe
9015,KING EDWARD AVE @ RIDEAU ST,368512.3452,5032412.632,-75.68577,45.42875,2017-07-31,1:12:00 PM,01 - Clear,01 - Dry,01 - Traffic signal,02 - Intersection related,01 - Daylight,03 - P.D. only,05 - Turning movement,Lowe
9016,KING EDWARD AVE @ RIDEAU ST,368511.7072,5032413.857,-75.68578,45.42876,2017-07-18,1:39:00 PM,01 - Clear,01 - Dry,01 - Traffic signal,03 - At intersection,01 - Daylight,03 - P.D. only,04 - Sideswipe,Lowe
9017,KING EDWARD AVE @ RIDEAU ST,368513.3465,5032413.589,-75.68576,45.42875,2017-10-02,7:50:00 AM,01 - Clear,01 - Dry,01 - Traffic signal,02 - Intersection related,01 - Daylight,02 - Non-fatal injury,03 - Rear end,Lowe
9018,KING EDWARD AVE @ RIDEAU ST,368511.3728,5032413.589,-75.68578,45.42875,2017-11-26,6:15:00 PM,03 - Snow,03 - Loose snow,01 - Traffic signal,03 - At intersection,07 - Dark,03 - P.D. only,05 - Turning movement,Lowe
9019,KING EDWARD AVE @ RIDEAU ST,368511.3728,5032412.92,-75.68578,45.42875,2017-11-29,7:58:00 PM,01 - Clear,01 - Dry,01 - Traffic signal,02 - Intersection related,07 - Dark,03 - P.D. only,03 - Rear end,Lowe
9020,KING EDWARD AVE @ RIDEAU ST,368511.7072,5032413.589,-75.68578,45.42875,2017-11-01,9:28:00 PM,02 - Rain,02 - Wet,01 - Traffic signal,03 - At intersection,07 - Dark,02 - Non-fatal injury,07 - SMV other,Lowe
9021,KING EDWARD AVE @ RIDEAU ST,368511.7072,5032413.815,-75.68578,45.42876,2017-12-06,2:17:00 PM,01 - Clear,01 - Dry,01 - Traffic signal,02 - Intersection related,01 - Daylight,03 - P.D. only,03 - Rear end,Lowe
9022,KING EDWARD AVE @ RIDEAU ST,368511.7072,5032413.35,-75.68578,45.42875,2017-11-05,8:32:00 PM,02 - Rain,02 - Wet,01 - Traffic signal,03 - At intersection,07 - Dark,03 - P.D. only,05 - Turning movement,Lowe
9023,KING EDWARD AVE @ RIDEAU ST,368511.7072,5032414.266,-75.68578,45.42876,2017-12-19,4:14:00 PM,02 - Rain,02 - Wet,01 - Traffic signal,02 - Intersection related,05 - Dusk,03 - P.D. only,04 - Sideswipe,Lowe
9024,KING EDWARD AVE @ RIDEAU ST,368511.2338,5032413.826,-75.68579,45.42876,2017-12-30,12:40:00 PM,03 - Snow,06 - Ice,01 - Traffic signal,02 - Intersection related,01 - Daylight,03 - P.D. only,03 - Rear end,Lowe
9025,KING EDWARD AVE @ SOMERSET ST/MARIE CURIE PRIV,368957.9087,5031673.382,-75.68017,45.42205,2017-02-15,8:45:00 AM,03 - Snow,03 - Loose snow,01 - Traffic signal,02 - Intersection related,01 - Daylight,03 - P.D. only,03 - Rear end,Sandy Hill
9026,KING EDWARD AVE @ SOMERSET ST/MARIE CURIE PRIV,368957.7103,5031673.202,-75.68018,45.42205,2017-01-13,9:36:00 AM,01 - Clear,05 - Packed snow,01 - Traffic signal,02 - Intersection related,01 - Daylight,03 - P.D. only,05 - Turning movement,Sandy Hill
9027,KING EDWARD AVE @ SOMERSET ST/MARIE CURIE PRIV,368957.5875,5031673.844,-75.68018,45.42206,2017-12-24,11:55:00 AM,01 - Clear,01 - Dry,01 - Traffic signal,03 - At intersection,01 - Daylight,02 - Non-fatal injury,07 - SMV other,Sandy Hill
9028,KING EDWARD AVE @ SOMERSET ST/MARIE CURIE PRIV,368957.7103,5031673.339,-75.68018,45.42205,2017-12-26,4:44:00 PM,01 - Clear,02 - Wet,01 - Traffic signal,02 - Intersection related,05 - Dusk,03 - P.D. only,99 - Other,Sandy Hill
9029,KING EDWARD AVE @ ST. ANDREW ST,368161.345,5032967.822,-75.69019,45.43377,2017-12-23,4:32:00 PM,03 - Snow,03 - Loose snow,01 - Traffic signal,02 - Intersection related,05 - Dusk,03 - P.D. only,03 - Rear end,Lower Town
9030,KING EDWARD AVE @ ST. PATRICK ST,368249.2203,5032823.451,-75.68908,45.43247,2017-06-23,7:59:00 AM,02 - Rain,02 - Wet,01 - Traffic signal,02 - Intersection related,01 - Daylight,02 - Non-fatal injury,04 - Sideswipe,Byward Market
9031,KING EDWARD AVE @ ST. PATRICK ST,368249.8112,5032823.367,-75.68907,45.43246,2017-08-29,7:34:00 PM,01 - Clear,01 - Dry,01 - Traffic signal,02 - Intersection related,01 - Daylight,02 - Non-fatal injury,04 - Sideswipe,Byward Market
9032,KING EDWARD AVE @ ST. PATRICK ST,368248.7443,5032823.65,-75.68909,45.43247,2017-08-31,7:40:00 AM,01 - Clear,01 - Dry,01 - Traffic signal,02 - Intersection related,01 - Daylight,03 - P.D. only,04 - Sideswipe,Byward Market
9033,KING EDWARD AVE @ ST. PATRICK ST,368248.9314,5032823.266,-75.68908,45.43246,2017-07-18,5:31:00 PM,01 - Clear,01 - Dry,01 - Traffic signal,02 - Intersection related,01 - Daylight,03 - P.D. only,04 - Sideswipe,Byward Market
9034,KING EDWARD AVE @ ST. PATRICK ST,368250.135,5032823.828,-75.68907,45.43247,2017-09-15,12:28:00 PM,01 - Clear,01 - Dry,01 - Traffic signal,02 - Intersection related,01 - Daylight,02 - Non-fatal injury,03 - Rear end,Byward Market
9035,KING EDWARD AVE @ ST. PATRICK ST,368248.7013,5032823.589,-75.68909,45.43247,2017-10-08,12:51:00 PM,01 - Clear,01 - Dry,01 - Traffic signal,02 - Intersection related,01 - Daylight,03 - P.D. only,04 - Sideswipe,Byward Market
9036,KING EDWARD AVE @ ST. PATRICK ST,368248.3343,5032823.755,-75.68909,45.43247,2017-10-25,2:08:00 PM,01 - Clear,01 - Dry,01 - Traffic signal,02 - Intersection related,01 - Daylight,03 - P.D. only,04 - Sideswipe,Byward Market
9037,KING EDWARD AVE @ ST. PATRICK ST,368248.1549,5032824.135,-75.68909,45.43247,2017-10-03,11:59:00 AM,01 - Clear,01 - Dry,01 - Traffic signal,02 - Intersection related,01 - Daylight,03 - P.D. only,03 - Rear end,Byward Market
9038,KING EDWARD AVE @ ST. PATRICK ST,368248.6437,5032823.563,-75.68909,45.43247,2017-09-07,4:30:00 PM,01 - Clear,01 - Dry,01 - Traffic signal,02 - Intersection related,01 - Daylight,03 - P.D. only,04 - Sideswipe,Byward Market
9039,KING EDWARD AVE @ ST. PATRICK ST,368249.1747,5032823.352,-75.68908,45.43246,2017-09-22,6:30:00 AM,01 - Clear,01 - Dry,01 - Traffic signal,02 - Intersection related,03 - Dawn,03 - P.D. only,04 - Sideswipe,Byward Market
9040,KING EDWARD AVE @ ST. PATRICK ST,368248.7013,5032822.872,-75.68909,45.43246,2017-09-20,1:59:00 PM,01 - Clear,01 - Dry,01 - Traffic signal,02 - Intersection related,01 - Daylight,03 - P.D. only,03 - Rear end,Byward Market
9041,KING EDWARD AVE @ ST. PATRICK ST,368248.7013,5032823.352,-75.68909,45.43246,2017-12-12,11:23:00 AM,03 - Snow,04 - Slush,01 - Traffic signal,02 - Intersection related,01 - Daylight,03 - P.D. only,03 - Rear end,Byward Market
9042,KING EDWARD AVE @ ST. PATRICK ST,368248.7013,5032822.879,-75.68909,45.43246,2017-11-02,7:17:00 PM,02 - Rain,02 - Wet,01 - Traffic signal,03 - At intersection,07 - Dark,03 - P.D. only,04 - Sideswipe,Byward Market
9043,KING EDWARD AVE @ ST. PATRICK ST,368248.3669,5032824.258,-75.68909,45.43247,2017-02-24,10:45:00 PM,02 - Rain,02 - Wet,01 - Traffic signal,03 - At intersection,07 - Dark,03 - P.D. only,02 - Angle,Byward Market
9044,KING EDWARD AVE @ ST. PATRICK ST,368249.2108,5032824.608,-75.68908,45.43248,2017-04-13,12:20:00 PM,01 - Clear,01 - Dry,01 - Traffic signal,02 - Intersection related,01 - Daylight,03 - P.D. only,04 - Sideswipe,Lower Town
9045,KING EDWARD AVE @ ST. PATRICK ST,368249.7046,5032822.92,-75.68907,45.43246,2017-04-10,5:54:00 PM,01 - Clear,01 - Dry,01 - Traffic signal,02 - Intersection related,01 - Daylight,03 - P.D. only,03 - Rear end,Byward Market
9046,KING EDWARD AVE @ ST. PATRICK ST,368248.3669,5032824.258,-75.68909,45.43247,2017-12-15,9:45:00 PM,03 - Snow,03 - Loose snow,01 - Traffic signal,02 - Intersection related,07 - Dark,03 - P.D. only,04 - Sideswipe,Byward Market
9047,KING EDWARD AVE @ ST. PATRICK ST,368249.1792,5032823.35,-75.68908,45.43246,2017-12-23,2:24:00 PM,03 - Snow,06 - Ice,01 - Traffic signal,02 - Intersection related,01 - Daylight,03 - P.D. only,03 - Rear end,Byward Market
9048,KING EDWARD AVE @ STEWART ST,368635.0358,5032205.308,-75.68423,45.42687,2017-08-21,3:34:00 AM,01 - Clear,01 - Dry,01 - Traffic signal,02 - Intersection related,07 - Dark,03 - P.D. only,03 - Rear end,Sandy Hill
9049,KING EDWARD AVE @ STEWART ST,368633.7111,5032204.241,-75.68425,45.42686,2017-07-05,8:00:00 AM,01 - Clear,01 - Dry,01 - Traffic signal,03 - At intersection,01 - Daylight,03 - P.D. only,05 - Turning movement,Sandy Hill
9050,KING EDWARD AVE @ STEWART ST,368635.0489,5032204.91,-75.68423,45.42686,2017-11-10,8:40:00 AM,01 - Clear,01 - Dry,01 - Traffic signal,03 - At intersection,01 - Daylight,03 - P.D. only,02 - Angle,Sandy Hill
9051,KING EDWARD AVE @ STEWART ST,368634.38,5032205.579,-75.68424,45.42687,2017-11-30,6:35:00 PM,02 - Rain,02 - Wet,01 - Traffic signal,02 - Intersection related,07 - Dark,02 - Non-fatal injury,07 - SMV other,Sandy Hill
9052,KING EDWARD AVE @ SUSSEX DR,367664.0345,5033504.266,-75.69647,45.43864,2017-06-11,1:51:00 PM,01 - Clear,01 - Dry,01 - Traffic signal,03 - At intersection,01 - Daylight,02 - Non-fatal injury,05 - Turning movement,Byward Market - Parliament Hill
9053,KING EDWARD AVE @ SUSSEX DR,367662.6967,5033504.266,-75.69649,45.43864,2017-11-05,4:27:00 PM,02 - Rain,02 - Wet,01 - Traffic signal,03 - At intersection,05 - Dusk,03 - P.D. only,05 - Turning movement,Byward Market - Parliament Hill
9054,KING EDWARD AVE @ SUSSEX DR,367662.3622,5033505.604,-75.69649,45.43866,2017-01-25,3:33:00 PM,01 - Clear,01 - Dry,01 - Traffic signal,03 - At intersection,01 - Daylight,03 - P.D. only,05 - Turning movement,Byward Market - Parliament Hill
9055,KING EDWARD AVE @ SUSSEX DR,367663.7,5033504.307,-75.69648,45.43864,2017-04-18,4:09:00 PM,01 - Clear,01 - Dry,01 - Traffic signal,02 - Intersection related,01 - Daylight,03 - P.D. only,03 - Rear end,Byward Market - Parliament Hill
9056,KING EDWARD AVE @ SUSSEX DR,367663.7,5033503.597,-75.69648,45.43864,2017-10-23,1:30:00 PM,01 - Clear,01 - Dry,01 - Traffic signal,02 - Intersection related,01 - Daylight,02 - Non-fatal injury,05 - Turning movement,Byward Market - Parliament Hill
9057,KING EDWARD AVE @ TEMPLETON ST,369061.1291,5031508.765,-75.67888,45.42056,2017-08-29,6:53:00 PM,01 - Clear,01 - Dry,01 - Traffic signal,02 - Intersection related,01 - Daylight,03 - P.D. only,03 - Rear end,Sandy Hill
9058,KING EDWARD AVE @ TEMPLETON ST,369059.2356,5031508.292,-75.6789,45.42056,2017-09-19,11:10:00 AM,01 - Clear,01 - Dry,01 - Traffic signal,02 - Intersection related,01 - Daylight,02 - Non-fatal injury,03 - Rear end,Sandy Hill
9059,KING EDWARD AVE @ TEMPLETON ST,369058.7057,5031505.575,-75.67891,45.42053,2017-11-09,4:00:00 PM,01 - Clear,01 - Dry,01 - Traffic signal,03 - At intersection,01 - Daylight,02 - Non-fatal injury,07 - SMV other,Sandy Hill
9060,KING EDWARD AVE @ WILBROD ST,368675.7085,5032138.942,-75.68372,45.42627,2017-07-13,3:20:00 PM,01 - Clear,01 - Dry,01 - Traffic signal,03 - At intersection,01 - Daylight,02 - Non-fatal injury,07 - SMV other,Sandy Hill
9061,KING EDWARD AVE @ WILBROD ST,368675.3869,5032139.35,-75.68372,45.42627,2017-10-03,6:00:00 PM,01 - Clear,01 - Dry,01 - Traffic signal,02 - Intersection related,05 - Dusk,03 - P.D. only,06 - SMV unattended vehicle,Sandy Hill
9062,KING EDWARD AVE @ YORK ST,368397.7124,5032621.589,-75.68721,45.43064,2017-02-20,1:15:00 PM,01 - Clear,01 - Dry,01 - Traffic signal,02 - Intersection related,01 - Daylight,03 - P.D. only,03 - Rear end,Lower Town
9063,KING EDWARD AVE @ YORK ST,368396.5076,5032621.438,-75.68722,45.43063,2017-12-28,8:30:00 AM,01 - Clear,01 - Dry,01 - Traffic signal,02 - Intersection related,01 - Daylight,03 - P.D. only,03 - Rear end,Lower Town
9064,KING EDWARD AVE @ YORK ST S,368390.1828,5032597.348,-75.68731,45.43042,2017-08-17,10:51:00 PM,01 - Clear,01 - Dry,02 - Stop sign,03 - At intersection,07 - Dark,02 - Non-fatal injury,07 - SMV other,Byward Market
9065,KING EDWARD AVE btwn DALY AVE & STEWART ST,368616.9887,5032230.328,-75.68446,45.4271,2017-10-22,12:20:00 PM,01 - Clear,01 - Dry,10 - No control,01 - Non intersection,01 - Daylight,03 - P.D. only,06 - SMV unattended vehicle,Sandy Hill
9066,KING EDWARD AVE btwn DALY AVE & STEWART ST,368615.6509,5032237.017,-75.68447,45.42716,2017-03-06,2:03:00 PM,01 - Clear,01 - Dry,10 - No control,04 - At/near private drive,01 - Daylight,03 - P.D. only,02 - Angle,Sandy Hill
9067,KING EDWARD AVE btwn MANN AVE & TEMPLETON ST,369138.6631,5031378.836,-75.6779,45.41939,2017-03-16,7:25:00 PM,01 - Clear,01 - Dry,10 - No control,01 - Non intersection,07 - Dark,02 - Non-fatal injury,07 - SMV other,Sandy Hill
9068,KING EDWARD AVE btwn RAMP & BOLTON ST,367992.772,5033241.039,-75.6923,45.43625,2017-03-14,10:24:00 PM,03 - Snow,03 - Loose snow,10 - No control,07 - Overpass or bridge,07 - Dark,03 - P.D. only,07 - SMV other,Lower Town
9069,KING EDWARD AVE btwn RIDEAU ST & BESSERER ST,368530.7708,5032381.482,-75.68554,45.42846,2017-05-16,7:17:00 PM,01 - Clear,01 - Dry,10 - No control,01 - Non intersection,01 - Daylight,03 - P.D. only,04 - Sideswipe,Lowe
9070,KING EDWARD AVE btwn RIDEAU ST & BESSERER ST,368522.744,5032400.88,-75.68564,45.42864,2017-04-20,6:58:00 AM,01 - Clear,01 - Dry,10 - No control,04 - At/near private drive,01 - Daylight,03 - P.D. only,03 - Rear end,Lowe
9071,KING EDWARD AVE btwn THOMAS MORE PRIV & MARIE CURIE PRIV,368856.0613,5031841.873,-75.68145,45.42358,2017-07-08,12:32:00 PM,01 - Clear,01 - Dry,10 - No control,01 - Non intersection,01 - Daylight,02 - Non-fatal injury,07 - SMV other,Sandy Hill
9072,KING EDWARD AVE NB @ MACDONALD-CARTIER BR RAMP,368028.3148,5033248.728,-75.69185,45.43631,2017-12-28,9:30:00 AM,01 - Clear,01 - Dry,10 - No control,02 - Intersection related,01 - Daylight,03 - P.D. only,07 - SMV other,Lower Town
9073,KING EDWARD AVE NB btwn RAMP & CATHCART ST,368048.1158,5033210.112,-75.6916,45.43596,2017-04-11,8:50:00 PM,01 - Clear,02 - Wet,10 - No control,01 - Non intersection,07 - Dark,02 - Non-fatal injury,07 - SMV other,Lower Town
9074,KING EDWARD AVE NB btwn RAMP & CATHCART ST,368055.9261,5033197.309,-75.6915,45.43585,2017-01-18,10:05:00 AM,02 - Rain,04 - Slush,10 - No control,01 - Non intersection,01 - Daylight,02 - Non-fatal injury,03 - Rear end,Lower Town
9075,KING EDWARD AVE NB btwn RAMP & CATHCART ST,368075.4057,5033159.784,-75.69126,45.43551,2017-04-10,9:23:00 PM,01 - Clear,02 - Wet,10 - No control,01 - Non intersection,07 - Dark,03 - P.D. only,04 - Sideswipe,Lower Town
9076,KING EDWARD AVE NB btwn UNION ST & MACDONALD-CARTIER BR RAMP NB-3,367994.9428,5033289.282,-75.69227,45.43668,2017-07-05,3:51:00 PM,01 - Clear,01 - Dry,10 - No control,07 - Overpass or bridge,01 - Daylight,02 - Non-fatal injury,03 - Rear end,Lower Town
9077,KING EDWARD AVE NB btwn UNION ST & MACDONALD-CARTIER BR RAMP NB-3,367896.2109,5033324.676,-75.69353,45.43701,2017-12-28,9:16:00 AM,01 - Clear,06 - Ice,10 - No control,07 - Overpass or bridge,01 - Daylight,03 - P.D. only,07 - SMV other,Byward Market - Parliament Hill
9078,KING EDWARD AVE SB @ UNION ST(UNSIGNED),367854.1081,5033358.911,-75.69406,45.43732,2017-06-08,6:51:00 AM,01 - Clear,01 - Dry,11 - Roundabout,03 - At intersection,01 - Daylight,02 - Non-fatal injury,04 - Sideswipe,Byward Market - Parliament Hill
9079,KING EDWARD AVE SB btwn CATHCART ST & ST. ANDREW ST,368137.0241,5033006.816,-75.69049,45.43413,2017-12-14,10:00:00 AM,01 - Clear,01 - Dry,10 - No control,01 - Non intersection,01 - Daylight,03 - P.D. only,04 - Sideswipe,Lower Town
9080,KING EDWARD AVE SB btwn CATHCART ST & ST. ANDREW ST,368114.9505,5033045.612,-75.69077,45.43448,2017-04-19,4:32:00 PM,02 - Rain,02 - Wet,10 - No control,01 - Non intersection,01 - Daylight,03 - P.D. only,04 - Sideswipe,Lower Town
9081,KING EDWARD AVE SB btwn GEORGE ST & RIDEAU ST,368474.5487,5032461.13,-75.68625,45.42918,2017-01-30,2:30:00 PM,01 - Clear,02 - Wet,10 - No control,01 - Non intersection,01 - Daylight,03 - P.D. only,03 - Rear end,Byward Market
9082,KING EDWARD AVE SB btwn GEORGE ST & RIDEAU ST,368485.9547,5032447.034,-75.6861,45.42906,2017-03-18,11:41:00 AM,01 - Clear,01 - Dry,10 - No control,01 - Non intersection,01 - Daylight,03 - P.D. only,04 - Sideswipe,Byward Market
9083,KING EDWARD AVE SB btwn GEORGE ST & RIDEAU ST,368482.0776,5032453.494,-75.68615,45.42912,2017-12-26,6:41:00 PM,01 - Clear,02 - Wet,10 - No control,01 - Non intersection,07 - Dark,03 - P.D. only,07 - SMV other,Byward Market
9084,KING EDWARD AVE SB btwn GUIGUES AVE & ST. PATRICK ST,368228.3,5032857.034,-75.68934,45.43277,2017-06-20,8:30:00 AM,01 - Clear,01 - Dry,10 - No control,01 - Non intersection,01 - Daylight,03 - P.D. only,03 - Rear end,Lower Town
9085,KING EDWARD AVE SB btwn GUIGUES AVE & ST. PATRICK ST,368222.7231,5032866.758,-75.68941,45.43286,2017-02-02,4:08:00 PM,01 - Clear,02 - Wet,10 - No control,01 - Non intersection,01 - Daylight,03 - P.D. only,04 - Sideswipe,Lower Town
9086,KING EDWARD AVE SB btwn MURRAY ST & CLARENCE ST,368297.9501,5032744.227,-75.68847,45.43175,2017-07-24,9:49:00 PM,02 - Rain,02 - Wet,10 - No control,01 - Non intersection,07 - Dark,03 - P.D. only,07 - SMV other,Byward Market
9087,KING EDWARD R-26 @ MACDONALD-CARTIER BR,367512.5292,5033196.371,-75.69845,45.43589,2017-09-11,6:57:00 PM,01 - Clear,01 - Dry,10 - No control,02 - Intersection related,01 - Daylight,03 - P.D. only,03 - Rear end,Byward Market - Parliament Hill
9088,KING GEORGE ST btwn FRANCES ST & LAWSON AVE,371604.0139,5032169.155,-75.6463,45.42627,2017-09-14,10:17:00 PM,01 - Clear,01 - Dry,10 - No control,04 - At/near private drive,07 - Dark,03 - P.D. only,06 - SMV unattended vehicle,Overbrook
9089,KING GEORGE ST btwn LOLA ST & NAUGHTON ST,371285.0101,5032134.032,-75.65038,45.42598,2017-10-25,6:30:00 PM,01 - Clear,01 - Dry,10 - No control,01 - Non intersection,07 - Dark,03 - P.D. only,03 - Rear end,Overbrook
9090,KING GEORGE ST btwn VERA ST & QUILL ST,370635.9366,5032055.929,-75.65868,45.42534,2017-02-13,12:00:00 AM,03 - Snow,03 - Loose snow,10 - No control,01 - Non intersection,00 - Unknown,03 - P.D. only,06 - SMV unattended vehicle,Overbrook
9091,KING GEORGE ST btwn VERA ST & QUILL ST,370686.2248,5032063.726,-75.65804,45.4254,2017-02-08,12:00:00 AM,01 - Clear,05 - Packed snow,10 - No control,01 - Non intersection,00 - Unknown,03 - P.D. only,06 - SMV unattended vehicle,Overbrook
9092,KINGBROOK DR btwn BRIDGESTONE DR & FOXHALL WAY,355376.9532,5016416.804,-75.85526,45.28589,2017-02-08,12:00:00 AM,01 - Clear,01 - Dry,10 - No control,01 - Non intersection,00 - Unknown,03 - P.D. only,06 - SMV unattended vehicle,Bridlewood - Emerald Meadows
9093,KINGBROOK DR btwn BRIDGESTONE DR & FOXHALL WAY,355394.4251,5016423.431,-75.85504,45.28594,2017-04-18,3:41:00 PM,01 - Clear,01 - Dry,10 - No control,01 - Non intersection,01 - Daylight,03 - P.D. only,06 - SMV unattended vehicle,Bridlewood - Emerald Meadows
9094,KINGHORN CRES btwn MARCONI AVE & MARCONI AVE,349866.2517,5024193.766,-75.9248,45.35624,2017-12-31,8:30:00 PM,03 - Snow,03 - Loose snow,10 - No control,01 - Non intersection,07 - Dark,03 - P.D. only,06 - SMV unattended vehicle,South March
9095,KINGSLEY RD btwn GATEWAY RD & ELMIRA DR,361642.9799,5024205.778,-75.7745,45.35549,2017-05-02,5:00:00 AM,01 - Clear,01 - Dry,10 - No control,01 - Non intersection,07 - Dark,02 - Non-fatal injury,07 - SMV other,Iris
9096,KINGSMERE AVE @ CARLING AVE,362297.3532,5026060.198,-75.76593,45.37213,2017-03-07,10:15:00 AM,04 - Freezing Rain,06 - Ice,02 - Stop sign,02 - Intersection related,01 - Daylight,03 - P.D. only,07 - SMV other,Carlingwood West - Glabar Park - McKellar Heights
9097,KINGSTON AVE @ CHEVRIER ST,365652.9921,5026742.855,-75.72301,45.37798,2017-11-16,4:00:00 PM,02 - Rain,02 - Wet,10 - No control,02 - Intersection related,01 - Daylight,03 - P.D. only,07 - SMV other,Civic Hospital - Experimental Farm - Central Park
9098,KINNEAR ST btwn REID AVE & FAIRMONT AVE,365752.7471,5029046.198,-75.72145,45.3987,2017-02-15,12:00:00 AM,03 - Snow,05 - Packed snow,10 - No control,01 - Non intersection,00 - Unknown,03 - P.D. only,06 - SMV unattended vehicle,Civic Hospital - Experimental Farm - Central Park
9099,KIRKWOOD AVE @ 118 N OF DOVERCOURT AVE,364160.3719,5027757.748,-75.74194,45.38724,2017-09-25,4:37:00 PM,01 - Clear,01 - Dry,01 - Traffic signal,02 - Intersection related,01 - Daylight,02 - Non-fatal injury,07 - SMV other,Westboro
9100,KIRKWOOD AVE @ LAPERRIERE AVE,364520.1674,5026958.306,-75.73745,45.38002,2017-10-29,3:38:00 PM,01 - Clear,02 - Wet,01 - Traffic signal,02 - Intersection related,01 - Daylight,03 - P.D. only,03 - Rear end,Carlington
9101,KIRKWOOD AVE @ LAPERRIERE AVE,364520.4445,5026958.167,-75.73744,45.38002,2017-03-21,11:28:00 AM,02 - Rain,02 - Wet,01 - Traffic signal,02 - Intersection related,01 - Daylight,03 - P.D. only,03 - Rear end,Carlington
9102,KIRKWOOD AVE @ MERIVALE RD,364853.367,5026648.549,-75.73323,45.3772,2017-04-24,3:30:00 PM,01 - Clear,01 - Dry,01 - Traffic signal,03 - At intersection,01 - Daylight,03 - P.D. only,02 - Angle,Carlington
9103,KIRKWOOD AVE @ MERIVALE RD,364853.7014,5026645.826,-75.73323,45.37718,2017-08-25,7:17:00 PM,01 - Clear,01 - Dry,01 - Traffic signal,03 - At intersection,05 - Dusk,02 - Non-fatal injury,05 - Turning movement,Carlington