Record,Location,X,Y,Longitude,Latitude,Date,Time,Environment,Road_Surface,Traffic_Control,Collision_Location,Light,Collision_Classification,Impact_type,Neighborhood
9309,LAURIER AVE @ NICHOLAS ST,368372.6903,5031798.98,-75.68764,45.42324,2017-09-19,12:55:00 PM,01 - Clear,01 - Dry,01 - Traffic signal,02 - Intersection related,01 - Daylight,03 - P.D. only,04 - Sideswipe,Sandy Hill
9310,LAURIER AVE @ NICHOLAS ST,368374.5838,5031797.56,-75.68761,45.42322,2017-10-24,10:07:00 PM,01 - Clear,01 - Dry,01 - Traffic signal,02 - Intersection related,07 - Dark,03 - P.D. only,03 - Rear end,Sandy Hill
9311,LAURIER AVE @ NICHOLAS ST,368373.6367,5031798.27,-75.68762,45.42323,2017-10-17,1:01:00 PM,01 - Clear,01 - Dry,01 - Traffic signal,02 - Intersection related,01 - Daylight,03 - P.D. only,04 - Sideswipe,Sandy Hill
9312,LAURIER AVE @ NICHOLAS ST,368372.6337,5031798.27,-75.68764,45.42323,2017-11-01,1:55:00 AM,01 - Clear,01 - Dry,01 - Traffic signal,03 - At intersection,07 - Dark,02 - Non-fatal injury,02 - Angle,Sandy Hill
9313,LAURIER AVE @ NICHOLAS ST,368372.6337,5031798.27,-75.68764,45.42323,2017-11-11,2:40:00 PM,01 - Clear,01 - Dry,01 - Traffic signal,02 - Intersection related,01 - Daylight,03 - P.D. only,04 - Sideswipe,Sandy Hill
9314,LAURIER AVE @ NICHOLAS ST,368374.6403,5031798.939,-75.68761,45.42324,2017-11-14,1:30:00 PM,01 - Clear,01 - Dry,01 - Traffic signal,02 - Intersection related,01 - Daylight,03 - P.D. only,99 - Other,Sandy Hill
9315,LAURIER AVE @ NICHOLAS ST,368373.637,5031797.075,-75.68762,45.42322,2017-11-03,1:08:00 PM,01 - Clear,01 - Dry,01 - Traffic signal,02 - Intersection related,01 - Daylight,03 - P.D. only,02 - Angle,Sandy Hill
9316,LAURIER AVE @ NICHOLAS ST,368373.637,5031797.553,-75.68762,45.42322,2017-11-09,4:14:00 PM,01 - Clear,01 - Dry,01 - Traffic signal,03 - At intersection,01 - Daylight,03 - P.D. only,03 - Rear end,Sandy Hill
9317,LAURIER AVE @ NICHOLAS ST,368371.9977,5031796.631,-75.68764,45.42322,2017-01-19,5:31:00 PM,01 - Clear,02 - Wet,01 - Traffic signal,02 - Intersection related,05 - Dusk,03 - P.D. only,04 - Sideswipe,Sandy Hill
9318,LAURIER AVE @ NICHOLAS ST,368373.637,5031798.27,-75.68762,45.42323,2017-02-02,8:45:00 AM,01 - Clear,01 - Dry,01 - Traffic signal,03 - At intersection,01 - Daylight,03 - P.D. only,04 - Sideswipe,Sandy Hill
9319,LAURIER AVE @ NICHOLAS ST,368374.6403,5031798.939,-75.68761,45.42324,2017-02-18,9:10:00 PM,01 - Clear,02 - Wet,01 - Traffic signal,03 - At intersection,07 - Dark,03 - P.D. only,03 - Rear end,Sandy Hill
9320,LAURIER AVE @ NICHOLAS ST,368376.2121,5031797.412,-75.68759,45.42322,2017-01-09,9:30:00 PM,01 - Clear,02 - Wet,01 - Traffic signal,03 - At intersection,07 - Dark,02 - Non-fatal injury,07 - SMV other,Sandy Hill
9321,LAURIER AVE @ NICHOLAS ST,368374.6403,5031798.27,-75.68761,45.42323,2017-03-03,4:25:00 PM,01 - Clear,02 - Wet,01 - Traffic signal,03 - At intersection,01 - Daylight,03 - P.D. only,02 - Angle,Sandy Hill
9322,LAURIER AVE @ NICHOLAS ST,368372.6337,5031797.601,-75.68764,45.42322,2017-03-19,5:36:00 PM,01 - Clear,01 - Dry,01 - Traffic signal,02 - Intersection related,01 - Daylight,03 - P.D. only,03 - Rear end,Sandy Hill
9323,LAURIER AVE @ NICHOLAS ST,368372.6337,5031798.27,-75.68764,45.42323,2017-02-24,11:28:00 PM,01 - Clear,02 - Wet,01 - Traffic signal,02 - Intersection related,07 - Dark,03 - P.D. only,99 - Other,Sandy Hill
9324,LAURIER AVE @ NICHOLAS ST,368373.9715,5031799.608,-75.68762,45.42324,2017-04-23,12:50:00 PM,01 - Clear,01 - Dry,01 - Traffic signal,02 - Intersection related,01 - Daylight,03 - P.D. only,03 - Rear end,Sandy Hill
9325,LAURIER AVE @ NICHOLAS ST,368372.3112,5031798.467,-75.68764,45.42323,2017-04-07,2:27:00 PM,02 - Rain,02 - Wet,01 - Traffic signal,02 - Intersection related,01 - Daylight,03 - P.D. only,03 - Rear end,Sandy Hill
9326,LAURIER AVE @ NICHOLAS ST,368374.1149,5031798.509,-75.68762,45.42323,2017-12-19,10:11:00 AM,03 - Snow,04 - Slush,01 - Traffic signal,03 - At intersection,01 - Daylight,03 - P.D. only,03 - Rear end,Sandy Hill
9327,LAURIER AVE @ NICHOLAS ST,368374.5928,5031798.987,-75.68761,45.42324,2017-12-23,4:22:00 PM,03 - Snow,04 - Slush,01 - Traffic signal,02 - Intersection related,05 - Dusk,03 - P.D. only,04 - Sideswipe,Sandy Hill
9328,LAURIER AVE @ O'CONNOR ST,367636.0597,5031357.936,-75.6971,45.41933,2017-07-18,5:43:00 PM,01 - Clear,01 - Dry,01 - Traffic signal,03 - At intersection,01 - Daylight,02 - Non-fatal injury,05 - Turning movement,Downtown
9329,LAURIER AVE @ O'CONNOR ST,367635.6078,5031357.484,-75.69711,45.41933,2017-01-31,8:00:00 AM,01 - Clear,01 - Dry,01 - Traffic signal,02 - Intersection related,01 - Daylight,03 - P.D. only,03 - Rear end,Downtown
9330,LAURIER AVE @ O'CONNOR ST,367637.704,5031358.577,-75.69708,45.41934,2017-02-05,8:55:00 AM,03 - Snow,04 - Slush,01 - Traffic signal,03 - At intersection,01 - Daylight,02 - Non-fatal injury,02 - Angle,Downtown
9331,LAURIER AVE @ O'CONNOR ST,367636.3663,5031358.577,-75.6971,45.41934,2017-03-15,1:00:00 PM,03 - Snow,03 - Loose snow,01 - Traffic signal,02 - Intersection related,01 - Daylight,03 - P.D. only,03 - Rear end,Downtown
9332,LAURIER AVE @ PERCY ST,366902.6941,5030920.244,-75.70653,45.41546,2017-06-14,8:30:00 AM,01 - Clear,01 - Dry,10 - No control,03 - At intersection,01 - Daylight,02 - Non-fatal injury,05 - Turning movement,Downtown
9333,LAURIER AVE @ QUEEN ELIZABETH DRWY/LAURIER AVE,368076.5742,5031625.247,-75.69144,45.4217,2017-05-05,10:22:00 AM,02 - Rain,02 - Wet,01 - Traffic signal,02 - Intersection related,01 - Daylight,03 - P.D. only,04 - Sideswipe,Golden Triangle
9334,LAURIER AVE @ QUEEN ELIZABETH DRWY/LAURIER AVE,368076.2489,5031624.786,-75.69145,45.4217,2017-02-14,1:22:00 PM,01 - Clear,02 - Wet,01 - Traffic signal,03 - At intersection,01 - Daylight,03 - P.D. only,07 - SMV other,Golden Triangle
9335,LAURIER AVE @ WALLER ST/TRANSITWAY,368454.5242,5031858.884,-75.68658,45.42377,2017-06-20,5:59:00 PM,01 - Clear,01 - Dry,01 - Traffic signal,02 - Intersection related,01 - Daylight,03 - P.D. only,04 - Sideswipe,Sandy Hill
9336,LAUZON ST btwn SUNLAND DR & SUNLAND DR,384745.4488,5037168.754,-75.47757,45.46987,2017-06-25,8:23:00 AM,01 - Clear,01 - Dry,10 - No control,01 - Non intersection,01 - Daylight,03 - P.D. only,07 - SMV other,Fallingbrook
9337,LAVERGNE ST btwn DES PERES BLANCS AVE & PERRIER AVE,370399.0575,5033912.992,-75.66146,45.44207,2017-03-19,12:00:00 AM,01 - Clear,01 - Dry,10 - No control,01 - Non intersection,00 - Unknown,03 - P.D. only,06 - SMV unattended vehicle,Vanier North
9338,LAVERGNE ST btwn MICHEL CIRC & DES PERES BLANCS AVE,370113.2234,5033998.428,-75.6651,45.44287,2017-11-26,9:00:00 PM,03 - Snow,02 - Wet,10 - No control,01 - Non intersection,07 - Dark,03 - P.D. only,06 - SMV unattended vehicle,Vanier North
9339,LAWRENCE ST btwn CARACOURT DR & TALBOT ST,385905.4173,5002534.531,-75.46841,45.15812,2017-05-12,4:18:00 PM,01 - Clear,01 - Dry,10 - No control,01 - Non intersection,01 - Daylight,02 - Non-fatal injury,07 - SMV other,Vernon
9340,LAXFORD DR btwn TYNE CRT & REDCAR CRES,348915.7395,5023582.995,-75.93699,45.35081,2017-10-19,8:15:00 AM,01 - Clear,01 - Dry,10 - No control,04 - At/near private drive,01 - Daylight,03 - P.D. only,99 - Other,Morgan's Grant
9341,LEASIDE AVE @ MERIVALE RD,364875.6574,5027275.782,-75.73287,45.38285,2017-10-07,7:15:00 PM,01 - Clear,01 - Dry,02 - Stop sign,02 - Intersection related,07 - Dark,03 - P.D. only,05 - Turning movement,Carlington
9342,LEBOUTILLIER AVE btwn DEN HAAG DR & LEBOUTILLIER AVE/DANAC PRIV,372513.261,5034106.857,-75.63441,45.44361,2017-12-21,3:12:00 PM,01 - Clear,01 - Dry,10 - No control,04 - At/near private drive,01 - Daylight,03 - P.D. only,02 - Angle,Carson Grove - Carson Meadows
9343,LEBRETON ST    N btwn GLADSTONE AVE & LOUISA ST,366895.4443,5029831.328,-75.70676,45.40566,2017-09-11,10:00:00 AM,01 - Clear,01 - Dry,10 - No control,04 - At/near private drive,01 - Daylight,03 - P.D. only,06 - SMV unattended vehicle,Centretown West
9344,LEBRETON ST    N btwn LOUISA ST & ARLINGTON AVE,366911.3534,5029791.391,-75.70656,45.4053,2017-04-16,12:00:00 AM,01 - Clear,01 - Dry,10 - No control,01 - Non intersection,00 - Unknown,03 - P.D. only,06 - SMV unattended vehicle,Centretown West
9345,LEBRETON ST @ RAYMOND ST,366959.6952,5029681.833,-75.70596,45.40431,2017-07-25,4:12:00 PM,01 - Clear,01 - Dry,02 - Stop sign,02 - Intersection related,01 - Daylight,03 - P.D. only,04 - Sideswipe,Centretown West
9346,LEBRETON ST @ SOMERSET ST,366682.0284,5030318.898,-75.70942,45.41007,2017-05-08,12:19:00 PM,03 - Snow,02 - Wet,02 - Stop sign,03 - At intersection,01 - Daylight,03 - P.D. only,02 - Angle,Chinatown
9347,LEBRETON ST @ SOMERSET ST,366681.6939,5030320.693,-75.70943,45.41009,2017-01-19,10:26:00 AM,01 - Clear,02 - Wet,02 - Stop sign,02 - Intersection related,01 - Daylight,03 - P.D. only,04 - Sideswipe,Centretown West
9348,LEBRUN ST btwn MICHEL CIRC & DES PERES BLANCS AVE,370205.8856,5034042.652,-75.66391,45.44326,2017-11-15,7:30:00 AM,01 - Clear,01 - Dry,10 - No control,01 - Non intersection,01 - Daylight,03 - P.D. only,06 - SMV unattended vehicle,Vanier North
9349,LEDBURY AVE @ BANK ST EXTENSION NB,370666.2942,5025286.594,-75.6592,45.36443,2017-10-26,4:40:00 PM,01 - Clear,01 - Dry,02 - Stop sign,02 - Intersection related,01 - Daylight,03 - P.D. only,07 - SMV other,Ledbury - Heron Gate - Ridgemont - Elmwood
9350,LEDBURY AVE btwn BANK ST & BANFF AVE,370753.8924,5025336.212,-75.65807,45.36487,2017-04-12,2:02:00 PM,01 - Clear,01 - Dry,10 - No control,01 - Non intersection,01 - Daylight,03 - P.D. only,06 - SMV unattended vehicle,Ledbury - Heron Gate - Ridgemont - Elmwood
9351,LEEDS AVE @ SHEFFIELD RD,374862.737,5029550.55,-75.60503,45.40239,2017-05-26,6:48:00 PM,01 - Clear,02 - Wet,03 - Yield sign,03 - At intersection,01 - Daylight,02 - Non-fatal injury,02 - Angle,Industrial Park
9352,LEEDS AVE @ SHEFFIELD RD,374862.7396,5029549.474,-75.60503,45.40238,2017-08-22,1:56:00 PM,01 - Clear,01 - Dry,03 - Yield sign,03 - At intersection,01 - Daylight,02 - Non-fatal injury,02 - Angle,Industrial Park
9353,LEEDS AVE btwn BLACKWELL ST & SHEFFIELD RD,374687.8309,5029484.562,-75.60727,45.40181,2017-06-08,5:08:00 PM,01 - Clear,01 - Dry,10 - No control,04 - At/near private drive,01 - Daylight,02 - Non-fatal injury,02 - Angle,Industrial Park
9354,LEEDS AVE btwn BLACKWELL ST & SHEFFIELD RD,374757.7134,5029509.519,-75.60638,45.40203,2017-02-27,10:58:00 AM,01 - Clear,01 - Dry,10 - No control,04 - At/near private drive,01 - Daylight,03 - P.D. only,02 - Angle,Industrial Park
9355,LEES AVE / GRAHAM AVE @ MAIN ST,369001.9762,5030561.268,-75.67976,45.41204,2017-08-08,8:40:00 PM,01 - Clear,01 - Dry,01 - Traffic signal,03 - At intersection,05 - Dusk,02 - Non-fatal injury,05 - Turning movement,Old Ottawa East
9356,LEES AVE / GRAHAM AVE @ MAIN ST,369001.6615,5030559.84,-75.67976,45.41203,2017-11-15,8:31:00 AM,01 - Clear,01 - Dry,01 - Traffic signal,03 - At intersection,01 - Daylight,03 - P.D. only,02 - Angle,Old Ottawa East
9357,LEES AVE @  TRANSITWAY/HWY 417 NICHOLAS IC118R,369365.9001,5031280.674,-75.67501,45.41848,2017-09-21,6:25:00 PM,01 - Clear,01 - Dry,01 - Traffic signal,02 - Intersection related,01 - Daylight,03 - P.D. only,03 - Rear end,Sandy Hill
9358,LEES AVE @  TRANSITWAY/HWY 417 NICHOLAS IC118R,369366.4775,5031279.161,-75.67501,45.41847,2017-05-31,9:50:00 AM,01 - Clear,01 - Dry,01 - Traffic signal,03 - At intersection,01 - Daylight,03 - P.D. only,05 - Turning movement,Sandy Hill
9359,LEES AVE @  TRANSITWAY/HWY 417 NICHOLAS IC118R,369367.2303,5031283.263,-75.675,45.41851,2017-01-07,10:05:00 AM,01 - Clear,06 - Ice,01 - Traffic signal,02 - Intersection related,01 - Daylight,03 - P.D. only,03 - Rear end,Sandy Hill
9360,LEES AVE @ KING EDWARD AVE/MANN AVE,369179.2492,5031335.421,-75.67739,45.41899,2017-05-12,2:49:00 PM,01 - Clear,01 - Dry,01 - Traffic signal,02 - Intersection related,01 - Daylight,03 - P.D. only,03 - Rear end,Sandy Hill
9361,LEES AVE @ KING EDWARD AVE/MANN AVE,369178.889,5031334.786,-75.67739,45.41899,2017-09-02,1:12:00 PM,01 - Clear,01 - Dry,01 - Traffic signal,02 - Intersection related,01 - Daylight,03 - P.D. only,03 - Rear end,Sandy Hill
9362,LEES AVE @ KING EDWARD AVE/MANN AVE,369179.2039,5031334.822,-75.67739,45.41899,2017-08-09,12:00:00 AM,01 - Clear,01 - Dry,01 - Traffic signal,02 - Intersection related,00 - Unknown,03 - P.D. only,06 - SMV unattended vehicle,Sandy Hill
9363,LEES AVE @ KING EDWARD AVE/MANN AVE,369179.3865,5031333.723,-75.67739,45.41898,2017-09-06,7:35:00 PM,01 - Clear,01 - Dry,01 - Traffic signal,02 - Intersection related,05 - Dusk,03 - P.D. only,03 - Rear end,Sandy Hill
9364,LEES AVE @ KING EDWARD AVE/MANN AVE,369178.9594,5031334.884,-75.67739,45.41899,2017-11-01,11:20:00 PM,02 - Rain,02 - Wet,01 - Traffic signal,03 - At intersection,07 - Dark,03 - P.D. only,03 - Rear end,Sandy Hill
9365,LEES AVE @ KING EDWARD AVE/MANN AVE,369178.8669,5031335.146,-75.6774,45.41899,2017-12-15,1:27:00 PM,01 - Clear,01 - Dry,01 - Traffic signal,02 - Intersection related,01 - Daylight,03 - P.D. only,04 - Sideswipe,Sandy Hill
9366,LEES AVE @ KING EDWARD AVE/MANN AVE,369178.5449,5031335.542,-75.6774,45.41899,2017-04-04,6:56:00 AM,02 - Rain,02 - Wet,01 - Traffic signal,03 - At intersection,01 - Daylight,03 - P.D. only,04 - Sideswipe,Sandy Hill
9367,LEES AVE @ KING EDWARD AVE/MANN AVE,369178.8109,5031334.842,-75.6774,45.41899,2017-03-07,4:00:00 PM,01 - Clear,01 - Dry,01 - Traffic signal,02 - Intersection related,01 - Daylight,03 - P.D. only,99 - Other,Sandy Hill
9368,LEES AVE @ KING EDWARD AVE/MANN AVE,369179.0506,5031335.041,-75.67739,45.41899,2017-03-10,9:30:00 AM,01 - Clear,01 - Dry,01 - Traffic signal,02 - Intersection related,01 - Daylight,03 - P.D. only,03 - Rear end,Sandy Hill
9369,LEES AVE @ ROSEMERE AVE,369183.0253,5030662.212,-75.67743,45.41293,2017-10-04,3:22:00 PM,01 - Clear,01 - Dry,02 - Stop sign,02 - Intersection related,01 - Daylight,03 - P.D. only,04 - Sideswipe,Old Ottawa East
9370,LEES AVE btwn CHESTNUT ST & HWY417 IC118 RAMP45,369391.7562,5030792.885,-75.67475,45.41409,2017-09-01,7:45:00 AM,01 - Clear,01 - Dry,10 - No control,04 - At/near private drive,01 - Daylight,03 - P.D. only,02 - Angle,Old Ottawa East
9371,LEES AVE btwn CHESTNUT ST & HWY417 IC118 RAMP45,369442.1179,5030822.696,-75.6741,45.41435,2017-02-16,3:17:00 PM,01 - Clear,02 - Wet,10 - No control,04 - At/near private drive,01 - Daylight,03 - P.D. only,05 - Turning movement,Old Ottawa East
9372,LEES AVE btwn CHESTNUT ST & HWY417 IC118 RAMP45,369403.0755,5030799.622,-75.6746,45.41415,2017-02-27,3:30:00 PM,01 - Clear,01 - Dry,10 - No control,01 - Non intersection,01 - Daylight,03 - P.D. only,06 - SMV unattended vehicle,Old Ottawa East
9373,LEES AVE btwn HWY417 IC118 RAMP45 & TRANSIT,369630.7379,5030931.687,-75.67168,45.41532,2017-06-17,12:00:00 AM,01 - Clear,01 - Dry,10 - No control,01 - Non intersection,00 - Unknown,03 - P.D. only,06 - SMV unattended vehicle,Old Ottawa East
9374,LEES AVE btwn HWY417 IC118 RAMP45 & TRANSIT,369622.257,5030928.962,-75.67178,45.41529,2017-10-26,6:03:00 PM,01 - Clear,01 - Dry,10 - No control,01 - Non intersection,05 - Dusk,03 - P.D. only,03 - Rear end,Old Ottawa East
9375,LEES AVE btwn HWY417 IC118 RAMP45 & TRANSIT,369641.9149,5030941.633,-75.67153,45.41541,2017-11-09,6:07:00 PM,02 - Rain,02 - Wet,10 - No control,01 - Non intersection,07 - Dark,02 - Non-fatal injury,07 - SMV other,Old Ottawa East
9376,LEES AVE btwn MAIN ST & ROSEMERE AVE,369108.9503,5030620.105,-75.67838,45.41256,2017-06-15,7:58:00 PM,01 - Clear,01 - Dry,10 - No control,04 - At/near private drive,01 - Daylight,03 - P.D. only,02 - Angle,Old Ottawa East
9377,LEES AVE btwn MAIN ST & ROSEMERE AVE,369117.2462,5030625.728,-75.67828,45.41261,2017-09-26,11:15:00 PM,01 - Clear,01 - Dry,10 - No control,04 - At/near private drive,07 - Dark,02 - Non-fatal injury,07 - SMV other,Old Ottawa East
9378,LEES AVE btwn TRANSIT & CHAPEL CRES (1),369795.1819,5031048.435,-75.66956,45.41635,2017-09-24,4:20:00 PM,01 - Clear,01 - Dry,10 - No control,01 - Non intersection,01 - Daylight,03 - P.D. only,03 - Rear end,Old Ottawa East
9379,LEES AVE btwn TRANSIT & CHAPEL CRES (1),369755.934,5031278.391,-75.67003,45.41843,2017-01-30,4:17:00 PM,01 - Clear,01 - Dry,10 - No control,01 - Non intersection,01 - Daylight,03 - P.D. only,01 - Approaching,Sandy Hill
9380,LEGACY RD @ SWANSEA CRES,374580.7431,5027374.212,-75.60894,45.38283,2017-11-20,8:36:00 PM,01 - Clear,01 - Dry,02 - Stop sign,02 - Intersection related,07 - Dark,03 - P.D. only,03 - Rear end,Industrial Park
9381,LEGGET DR @ HERZBERG RD,351866.4522,5022704.077,-75.89941,45.3427,2017-12-15,9:38:00 AM,03 - Snow,06 - Ice,02 - Stop sign,02 - Intersection related,01 - Daylight,03 - P.D. only,03 - Rear end,Kanata Lakes - Marchwood Lakeside - Morgan's Grant - Kanata
9382,LEGGET DR @ SOLANDT RD,350653.9113,5022880.178,-75.91487,45.34437,2017-11-02,5:32:00 PM,02 - Rain,02 - Wet,01 - Traffic signal,03 - At intersection,07 - Dark,03 - P.D. only,02 - Angle,South March
9383,LEGGET DR @ TERRY FOX DR,350176.1444,5023445.203,-75.92091,45.34948,2017-10-25,12:02:00 AM,02 - Rain,02 - Wet,02 - Stop sign,03 - At intersection,07 - Dark,03 - P.D. only,03 - Rear end,South March
9384,LEGGET DR btwn FARRAR RD & HERZBERG RD,351840.9327,5022695.212,-75.89974,45.34263,2017-08-18,3:13:00 AM,02 - Rain,02 - Wet,10 - No control,01 - Non intersection,07 - Dark,03 - P.D. only,07 - SMV other,South March
9385,LEIKIN DR @ MERIVALE RD,367130.3732,5018261.804,-75.70522,45.30154,2017-10-31,2:34:00 PM,01 - Clear,01 - Dry,01 - Traffic signal,03 - At intersection,01 - Daylight,02 - Non-fatal injury,02 - Angle,Greenbelt
9386,LEIKIN DR @ MERIVALE RD,367131.0421,5018263.811,-75.70521,45.30156,2017-11-02,9:04:00 AM,02 - Rain,02 - Wet,01 - Traffic signal,02 - Intersection related,01 - Daylight,02 - Non-fatal injury,07 - SMV other,Greenbelt
9387,LEIKIN DR btwn BECKSTEAD RD & BILL LEATHEM DR,367049.7892,5017688,-75.70632,45.29639,2017-01-05,1:50:00 PM,04 - Freezing Rain,06 - Ice,10 - No control,01 - Non intersection,01 - Daylight,03 - P.D. only,03 - Rear end,Greenbelt
9388,LEIKIN DR btwn HOLITZNER WAY & CRESTWAY DR,366777.0609,5017316.851,-75.70984,45.29307,2017-12-13,4:35:00 PM,03 - Snow,03 - Loose snow,10 - No control,01 - Non intersection,05 - Dusk,03 - P.D. only,07 - SMV other,Greenbelt
9389,LEITRIM RD @ ALBION RD,373498.8672,5020419.261,-75.62372,45.32036,2017-08-17,2:29:00 PM,01 - Clear,01 - Dry,01 - Traffic signal,02 - Intersection related,01 - Daylight,02 - Non-fatal injury,05 - Turning movement,Greenbelt
9390,LEITRIM RD @ ALBION RD,373497.1072,5020419.5,-75.62374,45.32036,2017-09-20,8:45:00 PM,01 - Clear,01 - Dry,01 - Traffic signal,03 - At intersection,07 - Dark,03 - P.D. only,05 - Turning movement,Greenbelt
9391,LEITRIM RD @ ALBION RD,373493.895,5020422.942,-75.62378,45.3204,2017-10-17,6:58:00 AM,01 - Clear,01 - Dry,01 - Traffic signal,02 - Intersection related,03 - Dawn,02 - Non-fatal injury,07 - SMV other,Greenbelt
9392,LEITRIM RD @ ALBION RD,373493.895,5020418.204,-75.62378,45.32035,2017-11-23,12:13:00 PM,01 - Clear,01 - Dry,01 - Traffic signal,02 - Intersection related,01 - Daylight,03 - P.D. only,03 - Rear end,Greenbelt
9393,LEITRIM RD @ ALBION RD,373496.0842,5020418.886,-75.62376,45.32036,2017-02-11,2:17:00 PM,01 - Clear,02 - Wet,01 - Traffic signal,03 - At intersection,01 - Daylight,03 - P.D. only,02 - Angle,Greenbelt
9394,LEITRIM RD @ ALBION RD,373497.5851,5020419.808,-75.62374,45.32037,2017-01-18,8:42:00 AM,03 - Snow,02 - Wet,01 - Traffic signal,02 - Intersection related,01 - Daylight,03 - P.D. only,02 - Angle,Greenbelt
9395,LEITRIM RD @ ALBION RD,373501.7906,5020421.363,-75.62368,45.32038,2017-02-17,4:40:00 PM,01 - Clear,01 - Dry,01 - Traffic signal,03 - At intersection,01 - Daylight,03 - P.D. only,05 - Turning movement,Greenbelt
9396,LEITRIM RD @ ALBION RD,373493.895,5020422.942,-75.62378,45.3204,2017-03-06,7:40:00 PM,04 - Freezing Rain,06 - Ice,01 - Traffic signal,02 - Intersection related,07 - Dark,03 - P.D. only,03 - Rear end,Greenbelt
9397,LEITRIM RD @ ALBION RD,373497.2507,5020421.268,-75.62374,45.32038,2017-03-24,8:15:00 PM,03 - Snow,03 - Loose snow,01 - Traffic signal,02 - Intersection related,07 - Dark,03 - P.D. only,03 - Rear end,Greenbelt
9398,LEITRIM RD @ LIMEBANK RD S,369356.0782,5017876.478,-75.67689,45.29788,2017-05-25,10:20:00 AM,01 - Clear,01 - Dry,01 - Traffic signal,02 - Intersection related,01 - Daylight,03 - P.D. only,03 - Rear end,Gloucester
9399,LEITRIM RD @ LIMEBANK RD S,369355.7164,5017878.176,-75.67689,45.29789,2017-10-25,6:20:00 PM,01 - Clear,01 - Dry,01 - Traffic signal,02 - Intersection related,05 - Dusk,02 - Non-fatal injury,03 - Rear end,Gloucester
9400,LEITRIM RD @ LIMEBANK RD S,369357.4331,5017876.607,-75.67687,45.29788,2017-01-10,9:15:00 AM,01 - Clear,01 - Dry,01 - Traffic signal,02 - Intersection related,01 - Daylight,03 - P.D. only,03 - Rear end,Gloucester
9401,LEITRIM RD @ LIMEBANK RD S,369354.7606,5017876.749,-75.67691,45.29788,2017-12-20,7:30:00 AM,01 - Clear,02 - Wet,01 - Traffic signal,02 - Intersection related,03 - Dawn,03 - P.D. only,03 - Rear end,Gloucester
9402,LEITRIM RD @ RIVER RD,368021.3754,5017177.458,-75.69399,45.29171,2017-06-09,6:00:00 PM,01 - Clear,08 - Loose sand or gravel,02 - Stop sign,03 - At intersection,01 - Daylight,03 - P.D. only,99 - Other,Gloucester
9403,LEITRIM RD @ RIVER RD,368021.1233,5017176.748,-75.694,45.2917,2017-08-18,5:14:00 AM,02 - Rain,02 - Wet,02 - Stop sign,02 - Intersection related,07 - Dark,02 - Non-fatal injury,05 - Turning movement,Gloucester
9404,LEITRIM RD @ RIVER RD,368020.0377,5017177.458,-75.69401,45.29171,2017-11-16,9:30:00 PM,02 - Rain,02 - Wet,02 - Stop sign,03 - At intersection,07 - Dark,03 - P.D. only,02 - Angle,Gloucester
9405,LEITRIM RD @ RIVER RD,368019.7032,5017177.833,-75.69402,45.29171,2017-02-12,1:32:00 PM,03 - Snow,03 - Loose snow,02 - Stop sign,02 - Intersection related,01 - Daylight,02 - Non-fatal injury,03 - Rear end,Gloucester
9406,LEITRIM RD btwn 810 W OF HAWTHORNE & BANK ST,376962.6622,5022661.967,-75.57922,45.34019,2017-09-29,4:00:00 PM,01 - Clear,01 - Dry,10 - No control,01 - Non intersection,01 - Daylight,03 - P.D. only,07 - SMV other,Greenbelt
9407,LEITRIM RD btwn 810 W OF HAWTHORNE & BANK ST,376797.737,5022456.814,-75.58135,45.33836,2017-02-16,7:15:00 AM,03 - Snow,05 - Packed snow,10 - No control,04 - At/near private drive,01 - Daylight,03 - P.D. only,03 - Rear end,Greenbelt
9408,LEITRIM RD btwn FENTON RD & ALBION RD,373654.8133,5020545.665,-75.62171,45.32148,2017-12-12,1:20:00 PM,03 - Snow,05 - Packed snow,10 - No control,01 - Non intersection,01 - Daylight,03 - P.D. only,99 - Other,Greenbelt
9409,LEITRIM RD btwn FENTON RD & BANK ST,375330.6639,5021584.714,-75.60019,45.33067,2017-05-05,8:01:00 AM,02 - Rain,02 - Wet,10 - No control,01 - Non intersection,01 - Daylight,02 - Non-fatal injury,03 - Rear end,Greenbelt
9410,LEITRIM RD btwn FENTON RD & BANK ST,374356.498,5020967.808,-75.61271,45.32521,2017-09-21,3:52:00 PM,01 - Clear,01 - Dry,10 - No control,01 - Non intersection,01 - Daylight,03 - P.D. only,03 - Rear end,Greenbelt
9411,LEITRIM RD btwn FENTON RD & BANK ST,375340.6973,5021608.126,-75.60006,45.33088,2017-12-06,6:54:00 AM,01 - Clear,01 - Dry,10 - No control,04 - At/near private drive,03 - Dawn,03 - P.D. only,02 - Angle,Greenbelt
9412,LEITRIM RD btwn HAWTHORNE RD & RAMSAYVILLE RD,377767.8247,5023138.946,-75.56887,45.3444,2017-03-24,7:43:00 PM,03 - Snow,03 - Loose snow,10 - No control,01 - Non intersection,07 - Dark,03 - P.D. only,07 - SMV other,Greenbelt
9413,LEITRIM RD btwn HIGH RD & ALBION RD,372347.2898,5019712.953,-75.6385,45.31412,2017-12-12,6:20:00 PM,03 - Snow,06 - Ice,10 - No control,01 - Non intersection,07 - Dark,02 - Non-fatal injury,07 - SMV other,Greenbelt
9414,LEITRIM RD btwn HIGH RD & ALBION RD,372823.2616,5019990.988,-75.6324,45.31657,2017-01-18,12:01:00 PM,01 - Clear,02 - Wet,10 - No control,01 - Non intersection,01 - Daylight,03 - P.D. only,07 - SMV other,Greenbelt
9415,LEITRIM RD btwn HIGH RD & ALBION RD,373455.5588,5020385.115,-75.62428,45.32006,2017-01-09,9:05:00 AM,01 - Clear,01 - Dry,10 - No control,04 - At/near private drive,01 - Daylight,03 - P.D. only,02 - Angle,Greenbelt