Record,Location,X,Y,Longitude,Latitude,Date,Time,Environment,Road_Surface,Traffic_Control,Collision_Location,Light,Collision_Classification,Impact_type,Neighborhood
9416,LEITRIM RD btwn HIGH RD & ALBION RD,372729.7707,5019933.632,-75.6336,45.31607,2017-02-08,12:17:00 AM,04 - Freezing Rain,06 - Ice,10 - No control,01 - Non intersection,07 - Dark,03 - P.D. only,07 - SMV other,Greenbelt
9417,LEITRIM RD btwn HIGH RD & ALBION RD,373416.2588,5020355.978,-75.62478,45.3198,2017-02-24,3:26:00 PM,04 - Freezing Rain,06 - Ice,10 - No control,04 - At/near private drive,01 - Daylight,02 - Non-fatal injury,02 - Angle,Greenbelt
9418,LEITRIM RD btwn HIGH RD & ALBION RD,372818.5099,5019990.488,-75.63246,45.31657,2017-12-19,9:59:00 AM,04 - Freezing Rain,06 - Ice,10 - No control,01 - Non intersection,01 - Daylight,03 - P.D. only,03 - Rear end,Greenbelt
9419,LEITRIM RD btwn LIMEBANK RD & HIGH RD,369727.3156,5018099.22,-75.67213,45.29985,2017-06-15,12:16:00 PM,01 - Clear,01 - Dry,10 - No control,01 - Non intersection,01 - Daylight,03 - P.D. only,07 - SMV other,Gloucester
9420,LEITRIM RD btwn LIMEBANK RD & HIGH RD,369613.4885,5018031.712,-75.67359,45.29925,2017-01-23,2:00:00 PM,01 - Clear,01 - Dry,10 - No control,01 - Non intersection,01 - Daylight,03 - P.D. only,07 - SMV other,Gloucester
9421,LEITRIM RD btwn LIMEBANK RD & HIGH RD,371416.2698,5019132.916,-75.65045,45.30899,2017-12-28,7:02:00 AM,05 - Drifting Snow,06 - Ice,10 - No control,01 - Non intersection,03 - Dawn,03 - P.D. only,07 - SMV other,Greenbelt
9422,LEITRIM RD btwn RAMSAYVILLE RD & ANDERSON RD,380388.4898,5024857.668,-75.53517,45.35959,2017-03-31,11:45:00 PM,03 - Snow,03 - Loose snow,10 - No control,01 - Non intersection,07 - Dark,03 - P.D. only,07 - SMV other,Greenbelt
9423,LEITRIM RD btwn RIVER RD & LIMEBANK RD,368969.2043,5017735.723,-75.68184,45.29664,2017-03-14,11:30:00 PM,03 - Snow,03 - Loose snow,10 - No control,01 - Non intersection,07 - Dark,03 - P.D. only,07 - SMV other,Gloucester
9424,LEITRIM RD W @ RUSSELL RD,382610.7275,5026166.195,-75.50661,45.37112,2017-02-11,6:40:00 AM,03 - Snow,03 - Loose snow,02 - Stop sign,02 - Intersection related,03 - Dawn,03 - P.D. only,07 - SMV other,Greenbelt
9425,LEMIEUX ST @ ST. LAURENT BLVD,372392.728,5031743.902,-75.63628,45.42236,2017-05-05,8:30:00 AM,02 - Rain,02 - Wet,01 - Traffic signal,02 - Intersection related,01 - Daylight,03 - P.D. only,04 - Sideswipe,Overbrook
9426,LEMIEUX ST @ ST. LAURENT BLVD,372390.7214,5031743.233,-75.6363,45.42236,2017-05-09,8:47:00 PM,01 - Clear,01 - Dry,01 - Traffic signal,02 - Intersection related,07 - Dark,03 - P.D. only,04 - Sideswipe,Overbrook
9427,LEMIEUX ST @ ST. LAURENT BLVD,372391.9612,5031742.494,-75.63629,45.42235,2017-05-26,1:22:00 PM,01 - Clear,01 - Dry,01 - Traffic signal,02 - Intersection related,01 - Daylight,03 - P.D. only,03 - Rear end,Overbrook
9428,LEMIEUX ST @ ST. LAURENT BLVD,372391.726,5031742.563,-75.63629,45.42235,2017-08-14,5:42:00 PM,01 - Clear,01 - Dry,01 - Traffic signal,02 - Intersection related,01 - Daylight,03 - P.D. only,03 - Rear end,Overbrook
9429,LEMIEUX ST @ ST. LAURENT BLVD,372390.7689,5031742.325,-75.6363,45.42235,2017-09-05,4:40:00 PM,01 - Clear,01 - Dry,01 - Traffic signal,03 - At intersection,01 - Daylight,03 - P.D. only,05 - Turning movement,Overbrook
9430,LEMIEUX ST @ ST. LAURENT BLVD,372392.6715,5031743.748,-75.63628,45.42236,2017-10-28,6:45:00 PM,01 - Clear,01 - Dry,01 - Traffic signal,03 - At intersection,05 - Dusk,03 - P.D. only,03 - Rear end,Overbrook
9431,LEMIEUX ST @ ST. LAURENT BLVD,372391.7247,5031743.759,-75.63629,45.42236,2017-11-04,5:15:00 PM,03 - Snow,02 - Wet,01 - Traffic signal,02 - Intersection related,05 - Dusk,03 - P.D. only,04 - Sideswipe,Overbrook
9432,LEMIEUX ST @ ST. LAURENT BLVD,372391.6541,5031742.704,-75.63629,45.42235,2017-01-31,11:00:00 AM,01 - Clear,01 - Dry,01 - Traffic signal,02 - Intersection related,01 - Daylight,03 - P.D. only,03 - Rear end,Overbrook
9433,LEMIEUX ST @ ST. LAURENT BLVD,372390.9742,5031743.69,-75.6363,45.42236,2017-02-15,8:17:00 AM,03 - Snow,05 - Packed snow,01 - Traffic signal,03 - At intersection,01 - Daylight,03 - P.D. only,02 - Angle,Overbrook
9434,LEMIEUX ST @ ST. LAURENT BLVD,372390.3458,5031743.452,-75.63631,45.42236,2017-04-10,6:32:00 PM,01 - Clear,01 - Dry,01 - Traffic signal,02 - Intersection related,01 - Daylight,03 - P.D. only,03 - Rear end,Overbrook
9435,LEMIEUX ST @ ST. LAURENT BLVD,372391.7247,5031742.328,-75.63629,45.42235,2017-12-18,12:10:00 PM,03 - Snow,04 - Slush,01 - Traffic signal,03 - At intersection,01 - Daylight,03 - P.D. only,05 - Turning movement,Overbrook
9436,LEMIEUX ST @ ST. LAURENT BLVD,372392.1981,5031742.801,-75.63629,45.42235,2017-12-15,5:00:00 PM,01 - Clear,01 - Dry,01 - Traffic signal,03 - At intersection,07 - Dark,03 - P.D. only,05 - Turning movement,Overbrook
9437,LEMIEUX ST btwn JOSEPH CYR ST & RAMP,372507.4404,5031742.708,-75.63481,45.42234,2017-11-02,9:23:00 AM,02 - Rain,02 - Wet,10 - No control,04 - At/near private drive,01 - Daylight,03 - P.D. only,02 - Angle,Cummings
9438,LENESTER AVE @ MAITLAND AVE,363078.9504,5026145.601,-75.75594,45.37283,2017-06-14,1:05:00 PM,01 - Clear,01 - Dry,02 - Stop sign,03 - At intersection,01 - Daylight,02 - Non-fatal injury,03 - Rear end,Carlingwood West - Glabar Park - McKellar Heights
9439,LENESTER AVE @ MAITLAND AVE,363078.6879,5026148.4,-75.75595,45.37285,2017-01-11,4:38:00 PM,01 - Clear,02 - Wet,02 - Stop sign,03 - At intersection,05 - Dusk,02 - Non-fatal injury,02 - Angle,Carlingwood West - Glabar Park - McKellar Heights
9440,LENESTER AVE @ MAITLAND AVE,363079.5601,5026146.653,-75.75594,45.37284,2017-02-17,1:28:00 PM,01 - Clear,01 - Dry,02 - Stop sign,03 - At intersection,01 - Daylight,03 - P.D. only,02 - Angle,Carlingwood West - Glabar Park - McKellar Heights
9441,LENESTER AVE @ MAITLAND AVE,363079.3515,5026145.338,-75.75594,45.37283,2017-01-10,11:45:00 AM,01 - Clear,02 - Wet,02 - Stop sign,02 - Intersection related,01 - Daylight,02 - Non-fatal injury,01 - Approaching,Carlingwood West - Glabar Park - McKellar Heights
9442,LENNOX ST @ PERTH ST,356634.1365,5006155.105,-75.84031,45.19346,2017-09-05,4:00:00 PM,01 - Clear,01 - Dry,02 - Stop sign,03 - At intersection,01 - Daylight,02 - Non-fatal injury,02 - Angle,Richmond
9443,LENNOX ST btwn BURKE ST & OTTAWA ST,357524.5416,5005161.77,-75.82908,45.18445,2017-06-27,3:30:00 AM,01 - Clear,01 - Dry,10 - No control,01 - Non intersection,07 - Dark,03 - P.D. only,06 - SMV unattended vehicle,Richmond
9444,LENNOX ST btwn STRACHAN ST & END,357141.8684,5005584.54,-75.83391,45.18829,2017-11-03,9:53:00 PM,01 - Clear,01 - Dry,10 - No control,01 - Non intersection,07 - Dark,02 - Non-fatal injury,07 - SMV other,Richmond
9445,LEONARD AVE @ GROVE AVE,368476.2739,5028151.663,-75.68678,45.39041,2017-10-28,10:36:00 AM,01 - Clear,01 - Dry,02 - Stop sign,03 - At intersection,01 - Daylight,02 - Non-fatal injury,07 - SMV other,Old Ottawa South
9446,LEONARD AVE @ OSSINGTON AVE,368508.7926,5028090.404,-75.68638,45.38986,2017-08-04,12:42:00 PM,01 - Clear,01 - Dry,02 - Stop sign,03 - At intersection,01 - Daylight,03 - P.D. only,02 - Angle,Old Ottawa South
9447,LEOPOLDS DR @ RIVERSIDE DR,368044.7038,5024049.512,-75.69282,45.35354,2017-10-12,3:10:00 PM,01 - Clear,01 - Dry,02 - Stop sign,03 - At intersection,01 - Daylight,02 - Non-fatal injury,02 - Angle,Hunt Club Woods - Quintarra - Revelstoke - Riverside South P
9448,LEOPOLDS DR @ RIVERSIDE DR,368044.2528,5024049.737,-75.69282,45.35354,2017-12-23,5:23:00 PM,03 - Snow,03 - Loose snow,02 - Stop sign,02 - Intersection related,07 - Dark,03 - P.D. only,03 - Rear end,Hunt Club Woods - Quintarra - Revelstoke - Riverside South P
9449,LEPAGE AVE btwn CAVAN ST & KIRKWOOD AVE,364668.6266,5026561.923,-75.7356,45.37644,2017-03-15,12:00:00 AM,03 - Snow,05 - Packed snow,10 - No control,01 - Non intersection,00 - Unknown,03 - P.D. only,06 - SMV unattended vehicle,Carlington
9450,LEPAGE AVE btwn MCBRIDE ST & LARKIN ST,364382.9894,5026381.189,-75.73927,45.37484,2017-05-26,12:00:00 AM,01 - Clear,01 - Dry,10 - No control,01 - Non intersection,07 - Dark,03 - P.D. only,06 - SMV unattended vehicle,Carlington
9451,LERNER WAY @ MISS OTTAWA ST,375847.2959,5034516.633,-75.59174,45.44697,2017-02-13,2:15:00 PM,01 - Clear,05 - Packed snow,02 - Stop sign,03 - At intersection,01 - Daylight,03 - P.D. only,02 - Angle,Beacon Hill South - Cardinal Heights
9452,LESTER RD btwn ALBION RD & UPLANDS DR,372272.0873,5022064.904,-75.63914,45.33529,2017-01-27,6:36:00 AM,01 - Clear,01 - Dry,10 - No control,01 - Non intersection,07 - Dark,02 - Non-fatal injury,03 - Rear end,Greenbelt
9453,LESTER RD btwn ALBION RD & UPLANDS DR,371782.2262,5021867.692,-75.64542,45.33356,2017-04-01,2:37:00 AM,03 - Snow,04 - Slush,10 - No control,01 - Non intersection,07 - Dark,02 - Non-fatal injury,07 - SMV other,Hunt Club - Ottawa Airport
9454,LESTER RD btwn ALBION RD & UPLANDS DR,371355.3929,5021359.563,-75.65093,45.32903,2017-12-29,10:44:00 PM,01 - Clear,06 - Ice,10 - No control,01 - Non intersection,07 - Dark,02 - Non-fatal injury,01 - Approaching,Greenbelt
9455,LETOURNEAU ST btwn CLENNING ST & BEATRICE DR,364915.5163,5016555.319,-75.73366,45.28638,2017-10-10,12:00:00 AM,01 - Clear,01 - Dry,10 - No control,01 - Non intersection,00 - Unknown,03 - P.D. only,06 - SMV unattended vehicle,New Barrhaven
9456,LETOURNEAU ST btwn CLENNING ST & BEATRICE DR,365000.242,5016643.265,-75.73257,45.28717,2017-09-21,12:00:00 AM,01 - Clear,01 - Dry,10 - No control,01 - Non intersection,00 - Unknown,03 - P.D. only,06 - SMV unattended vehicle,New Barrhaven
9457,LETT ST btwn Continuation of LETT ST & END,366403.6394,5031070.081,-75.71289,45.41685,2017-03-09,1:27:00 PM,01 - Clear,01 - Dry,10 - No control,01 - Non intersection,01 - Daylight,03 - P.D. only,06 - SMV unattended vehicle,LeBreton Flats
9458,LEVERTON RD btwn WEAVER CRES & WEAVER CRES,349930.442,5020690.939,-75.9243,45.32472,2017-04-29,9:56:00 AM,01 - Clear,01 - Dry,10 - No control,01 - Non intersection,01 - Daylight,03 - P.D. only,06 - SMV unattended vehicle,Kanata Lakes - Marchwood Lakeside - Morgan's Grant - Kanata
9459,LEVIS AVE btwn OLMSTEAD ST & DUPUIS ST,370456.3012,5033139.998,-75.66083,45.43511,2017-02-09,6:00:00 PM,01 - Clear,02 - Wet,10 - No control,01 - Non intersection,07 - Dark,03 - P.D. only,06 - SMV unattended vehicle,Vanier South
9460,LEWIS ST @ METCALFE ST,368120.6973,5030924.389,-75.69097,45.41539,2017-06-20,2:00:00 PM,01 - Clear,01 - Dry,02 - Stop sign,02 - Intersection related,01 - Daylight,03 - P.D. only,04 - Sideswipe,Centretown
9461,LEWIS ST @ METCALFE ST,368120.5002,5030924.333,-75.69097,45.41539,2017-03-11,2:38:00 PM,01 - Clear,01 - Dry,02 - Stop sign,02 - Intersection related,01 - Daylight,03 - P.D. only,05 - Turning movement,Centretown
9462,LEWIS ST @ METCALFE ST,368121.0466,5030921.569,-75.69096,45.41536,2017-02-20,4:29:00 PM,01 - Clear,01 - Dry,02 - Stop sign,02 - Intersection related,01 - Daylight,03 - P.D. only,05 - Turning movement,Centretown
9463,LEWIS ST @ METCALFE ST,368121.0466,5030924.244,-75.69096,45.41539,2017-04-02,10:47:00 AM,01 - Clear,01 - Dry,02 - Stop sign,03 - At intersection,01 - Daylight,02 - Non-fatal injury,05 - Turning movement,Centretown
9464,LEWIS ST @ O'CONNOR ST,367967.7058,5030830.428,-75.69293,45.41456,2017-07-29,7:19:00 AM,01 - Clear,01 - Dry,02 - Stop sign,03 - At intersection,01 - Daylight,03 - P.D. only,02 - Angle,Centretown
9465,LEWIS ST btwn BANK ST & DERBY PL,367848.5418,5030759.012,-75.69447,45.41393,2017-02-07,12:00:00 AM,01 - Clear,01 - Dry,10 - No control,01 - Non intersection,00 - Unknown,03 - P.D. only,06 - SMV unattended vehicle,Centretown
9466,LICHEN AVE btwn CHAREST WAY & MARCHANT DR,385457.2864,5036665.08,-75.46855,45.46526,2017-10-03,12:00:00 AM,01 - Clear,01 - Dry,10 - No control,04 - At/near private drive,00 - Unknown,03 - P.D. only,06 - SMV unattended vehicle,Avalon
9467,LICHEN AVE btwn CHAREST WAY & MARCHANT DR,385519.9723,5036689.84,-75.46775,45.46547,2017-02-25,1:15:00 PM,02 - Rain,02 - Wet,10 - No control,01 - Non intersection,01 - Daylight,03 - P.D. only,06 - SMV unattended vehicle,Avalon
9468,LILLICO DR btwn ROYAL HUNT CRT & UPLANDS DR,370001.4476,5023225.508,-75.66796,45.34595,2017-05-23,7:25:00 PM,01 - Clear,01 - Dry,10 - No control,01 - Non intersection,01 - Daylight,03 - P.D. only,06 - SMV unattended vehicle,Hunt Club East - Western Community
9469,LIMEBANK RD @ RIDEAU RD,370882.3933,5014019.433,-75.65794,45.26303,2017-05-16,10:55:00 AM,01 - Clear,01 - Dry,02 - Stop sign,03 - At intersection,01 - Daylight,02 - Non-fatal injury,02 - Angle,Greenbelt
9470,LIMEBANK RD @ RIDEAU RD,370885.2976,5014019.435,-75.65791,45.26303,2017-07-18,1:00:00 PM,01 - Clear,01 - Dry,02 - Stop sign,03 - At intersection,01 - Daylight,03 - P.D. only,02 - Angle,Manotick
9471,LIMEBANK RD @ RIDEAU RD,370881.4457,5014020.074,-75.65796,45.26303,2017-08-06,3:23:00 AM,01 - Clear,01 - Dry,02 - Stop sign,02 - Intersection related,07 - Dark,03 - P.D. only,07 - SMV other,Greenbelt
9472,LIMEBANK RD @ SPRATT RD,369777.5088,5016879.748,-75.67165,45.28887,2017-06-21,3:45:00 PM,01 - Clear,01 - Dry,01 - Traffic signal,03 - At intersection,01 - Daylight,03 - P.D. only,02 - Angle,Gloucester
9473,LIMEBANK RD btwn EARL ARMSTRONG RD & RIDEAU RD,370850.284,5014116.203,-75.65834,45.2639,2017-12-23,1:33:00 AM,03 - Snow,05 - Packed snow,10 - No control,01 - Non intersection,07 - Dark,03 - P.D. only,07 - SMV other,Greenbelt
9474,LIMEBANK RD btwn RIDEAU RD & MITCH OWENS RD,371230.2825,5013088.437,-75.65364,45.25462,2017-05-23,2:30:00 PM,01 - Clear,01 - Dry,10 - No control,01 - Non intersection,01 - Daylight,02 - Non-fatal injury,07 - SMV other,Manotick
9475,LIMEBANK RD btwn RIDEAU RD & MITCH OWENS RD,371290.5281,5012990.112,-75.65288,45.25373,2017-01-02,10:12:00 PM,01 - Clear,01 - Dry,10 - No control,01 - Non intersection,07 - Dark,03 - P.D. only,07 - SMV other,Manotick
9476,LIMEBANK RD btwn RIDEAU RD & MITCH OWENS RD,371628.6758,5012201.182,-75.64868,45.2466,2017-01-04,6:41:00 PM,05 - Drifting Snow,06 - Ice,10 - No control,01 - Non intersection,07 - Dark,02 - Non-fatal injury,07 - SMV other,Manotick
9477,LIMEBANK RD btwn RIVER RD & BALMORAL DR,368451.107,5020288.198,-75.68812,45.31966,2017-03-24,10:08:00 PM,03 - Snow,04 - Slush,10 - No control,01 - Non intersection,07 - Dark,03 - P.D. only,04 - Sideswipe,Greenbelt
9478,LIMEBANK RD btwn TOM ROBERTS RD & LEITRIM RD,368609.7034,5019723.69,-75.68617,45.31456,2017-07-31,9:51:00 PM,01 - Clear,01 - Dry,10 - No control,01 - Non intersection,07 - Dark,03 - P.D. only,07 - SMV other,Greenbelt
9479,LIMEBANK RD btwn TOM ROBERTS RD & LEITRIM RD,369243.2364,5018169.618,-75.67829,45.30052,2017-03-24,8:57:00 PM,03 - Snow,03 - Loose snow,10 - No control,01 - Non intersection,07 - Dark,03 - P.D. only,04 - Sideswipe,Greenbelt
9480,LIMEBANK RD btwn TOM ROBERTS RD & LEITRIM RD,369247.743,5018145.938,-75.67823,45.30031,2017-03-24,9:16:00 AM,03 - Snow,04 - Slush,10 - No control,01 - Non intersection,01 - Daylight,03 - P.D. only,07 - SMV other,Greenbelt
9481,LINDA LOOP btwn SNOWBIRD LANE & JESSIE ST,334613.3276,5024460.082,-76.11946,45.35945,2017-11-24,7:30:00 PM,01 - Clear,01 - Dry,10 - No control,04 - At/near private drive,07 - Dark,03 - P.D. only,06 - SMV unattended vehicle,Car
9482,LISBON ST btwn WINTERPORT WAY & WINTERPORT WAY,385329.4209,5037825.676,-75.47,45.47571,2017-05-25,4:45:00 PM,02 - Rain,02 - Wet,10 - No control,01 - Non intersection,01 - Daylight,03 - P.D. only,01 - Approaching,Cardinal Creek
9483,LISGAR RD @ ROCKCLIFFE PKWY,368352.4619,5035225.192,-75.68745,45.45407,2017-06-23,2:30:00 PM,01 - Clear,01 - Dry,03 - Yield sign,02 - Intersection related,01 - Daylight,03 - P.D. only,04 - Sideswipe,Rockcliffe - Manor Park
9484,LISGAR ST @ METCALFE ST,367915.5844,5031251.697,-75.69355,45.41835,2017-06-25,7:37:00 AM,01 - Clear,01 - Dry,01 - Traffic signal,03 - At intersection,01 - Daylight,03 - P.D. only,02 - Angle,Centretown
9485,LISGAR ST @ O'CONNOR ST,367763.1276,5031160.459,-75.69551,45.41755,2017-08-01,9:21:00 AM,01 - Clear,01 - Dry,01 - Traffic signal,02 - Intersection related,01 - Daylight,03 - P.D. only,06 - SMV unattended vehicle,Centretown
9486,LISGAR ST btwn BRONSON AVE & PERCY ST,366979.2381,5030687.521,-75.70558,45.41336,2017-03-18,12:00:00 AM,01 - Clear,01 - Dry,10 - No control,01 - Non intersection,00 - Unknown,03 - P.D. only,06 - SMV unattended vehicle,Centretown
9487,LISGAR ST btwn ELGIN ST & CARTIER ST,368146.2538,5031387.787,-75.69058,45.41956,2017-10-27,12:00:00 AM,01 - Clear,01 - Dry,10 - No control,01 - Non intersection,00 - Unknown,03 - P.D. only,06 - SMV unattended vehicle,Golden Triangle
9488,LISGAR ST btwn METCALFE ST & ELGIN ST,368002.3356,5031302.238,-75.69243,45.4188,2017-12-17,1:11:00 PM,01 - Clear,03 - Loose snow,10 - No control,01 - Non intersection,01 - Daylight,03 - P.D. only,07 - SMV other,Centretown
9489,LISGAR ST btwn O'CONNOR ST & METCALFE ST,367852.4977,5031212.122,-75.69436,45.418,2017-06-01,2:30:00 PM,01 - Clear,01 - Dry,10 - No control,01 - Non intersection,01 - Daylight,03 - P.D. only,06 - SMV unattended vehicle,Centretown
9490,LISGAR ST btwn O'CONNOR ST & METCALFE ST,367846.5112,5031207.59,-75.69443,45.41796,2017-03-18,2:41:00 AM,01 - Clear,01 - Dry,10 - No control,01 - Non intersection,07 - Dark,03 - P.D. only,04 - Sideswipe,Centretown
9491,LIVERPOOL CRT @ NEWMARKET ST,373499.1631,5030382.474,-75.62233,45.41001,2017-08-22,5:30:00 PM,02 - Rain,02 - Wet,02 - Stop sign,02 - Intersection related,01 - Daylight,03 - P.D. only,03 - Rear end,Industrial Park
9492,LIVERY ST btwn ASTURCON ST & TAPADERO AVE,352686.562,5015270.576,-75.88967,45.27576,2017-08-28,12:00:00 AM,01 - Clear,01 - Dry,10 - No control,01 - Non intersection,00 - Unknown,03 - P.D. only,06 - SMV unattended vehicle,Stittsville - Basswood
9493,LOCHABER AVE btwn DUCHESS AVE & KIRCHOFFER AVE,362748.8273,5028478.868,-75.75988,45.39385,2017-09-20,4:11:00 PM,01 - Clear,01 - Dry,10 - No control,04 - At/near private drive,01 - Daylight,03 - P.D. only,99 - Other,Westboro Beach
9494,LOCHELAND CRES btwn WITTINGHAM DR & DEIGHTON CRES,365818.4109,5016490.68,-75.72216,45.28572,2017-05-19,12:55:00 PM,01 - Clear,01 - Dry,10 - No control,01 - Non intersection,01 - Daylight,02 - Non-fatal injury,07 - SMV other,Chapman Mills - Rideau Crest - Davidson Heights
9495,LOCKHART AVE @ RICHMOND RD,361713.5379,5026843.31,-75.77329,45.37922,2017-07-03,9:40:00 PM,01 - Clear,01 - Dry,02 - Stop sign,03 - At intersection,07 - Dark,03 - P.D. only,05 - Turning movement,Woodroffe - Lincoln Heights
9496,LOCKHART AVE @ SAVILLE ROW,361931.1023,5026249.944,-75.77058,45.37386,2017-12-13,2:27:00 PM,01 - Clear,03 - Loose snow,02 - Stop sign,02 - Intersection related,01 - Daylight,03 - P.D. only,05 - Turning movement,Carlingwood - McKellar Park - Laurentien View
9497,LOIRE DR btwn BOYER RD & TOURS PL,380696.2965,5036401.036,-75.52947,45.46341,2017-12-03,12:00:00 AM,01 - Clear,01 - Dry,10 - No control,01 - Non intersection,07 - Dark,03 - P.D. only,06 - SMV unattended vehicle,Chapel Hill
9498,LOLA ST @ DONALD ST,371094.6843,5032359.41,-75.65278,45.42803,2017-06-22,8:35:00 AM,01 - Clear,01 - Dry,01 - Traffic signal,03 - At intersection,01 - Daylight,03 - P.D. only,01 - Approaching,Vanier South
9499,LOLA ST @ DONALD ST,371094.726,5032358.389,-75.65278,45.42802,2017-12-15,4:05:00 PM,03 - Snow,03 - Loose snow,01 - Traffic signal,02 - Intersection related,05 - Dusk,03 - P.D. only,02 - Angle,Overbrook
9500,LOLA ST @ KING GEORGE ST,371122.7208,5032113.904,-75.65246,45.42581,2017-12-04,5:35:00 AM,01 - Clear,01 - Dry,03 - Yield sign,03 - At intersection,07 - Dark,03 - P.D. only,02 - Angle,Overbrook
9501,LOLA ST btwn DONALD ST & COLUMBUS AVE,371101.4229,5032309.278,-75.6527,45.42757,2017-05-30,6:18:00 PM,01 - Clear,01 - Dry,10 - No control,01 - Non intersection,01 - Daylight,03 - P.D. only,06 - SMV unattended vehicle,Overbrook
9502,LOLA ST btwn QUEEN MARY ST & PRINCE ALBERT ST,371131.7688,5032029.187,-75.65235,45.42505,2017-03-21,12:15:00 PM,01 - Clear,01 - Dry,10 - No control,04 - At/near private drive,01 - Daylight,03 - P.D. only,02 - Angle,Overbrook
9503,LONDON TER btwn HEMLOCK RD & GEORGETON PRIV,371234.591,5034908.104,-75.65065,45.45094,2017-04-04,12:00:00 AM,02 - Rain,02 - Wet,10 - No control,01 - Non intersection,00 - Unknown,03 - P.D. only,06 - SMV unattended vehicle,Rockcliffe - Manor Park
9504,LONGFIELDS DR @ MOUNTSHANNON DR E,364886.4638,5016801.212,-75.734,45.2886,2017-07-16,2:19:00 AM,01 - Clear,01 - Dry,11 - Roundabout,02 - Intersection related,07 - Dark,03 - P.D. only,07 - SMV other,New Barrhaven
9505,LONGFIELDS DR @ PAUL METIVIER DR,364841.334,5014200.437,-75.73489,45.2652,2017-11-11,2:20:00 PM,01 - Clear,01 - Dry,02 - Stop sign,03 - At intersection,01 - Daylight,03 - P.D. only,02 - Angle,New Barrhaven
9506,LONGFIELDS DR @ SILVER SAGE AVE,364506.0506,5016545.547,-75.73888,45.28633,2017-10-21,12:26:00 AM,01 - Clear,01 - Dry,02 - Stop sign,03 - At intersection,07 - Dark,03 - P.D. only,02 - Angle,New Barrhaven
9507,LONGFIELDS DR @ VIA MODUGNO PL,364072.3277,5016337.099,-75.74444,45.28449,2017-06-15,9:12:00 AM,01 - Clear,01 - Dry,02 - Stop sign,03 - At intersection,01 - Daylight,03 - P.D. only,07 - SMV other,New Barrhaven
9508,LONGFIELDS DR @ WOODROFFE AVE,365420.6965,5017107.655,-75.72716,45.29131,2017-08-27,12:02:00 PM,01 - Clear,01 - Dry,01 - Traffic signal,03 - At intersection,01 - Daylight,03 - P.D. only,05 - Turning movement,Greenbelt
9509,LONGFIELDS DR @ WOODROFFE AVE,365420.8355,5017107.614,-75.72715,45.29131,2017-06-30,4:07:00 PM,02 - Rain,02 - Wet,01 - Traffic signal,02 - Intersection related,01 - Daylight,02 - Non-fatal injury,03 - Rear end,Greenbelt
9510,LONGFIELDS DR @ WOODROFFE AVE,365422.8421,5017107.614,-75.72713,45.29131,2017-10-30,11:50:00 AM,01 - Clear,02 - Wet,01 - Traffic signal,02 - Intersection related,01 - Daylight,03 - P.D. only,99 - Other,Greenbelt
9511,LONGFIELDS DR @ WOODROFFE AVE,365421.1699,5017106.235,-75.72715,45.2913,2017-09-27,3:05:00 PM,01 - Clear,01 - Dry,01 - Traffic signal,02 - Intersection related,01 - Daylight,03 - P.D. only,03 - Rear end,Greenbelt
9512,LONGFIELDS DR @ WOODROFFE AVE,365422.8421,5017106.945,-75.72713,45.2913,2017-11-24,4:29:00 PM,01 - Clear,01 - Dry,01 - Traffic signal,03 - At intersection,05 - Dusk,03 - P.D. only,05 - Turning movement,Greenbelt
9513,LONGFIELDS DR @ WOODROFFE AVE,365421.9292,5017104.386,-75.72714,45.29128,2017-11-21,4:31:00 PM,01 - Clear,01 - Dry,01 - Traffic signal,02 - Intersection related,05 - Dusk,02 - Non-fatal injury,03 - Rear end,Greenbelt
9514,LONGFIELDS DR @ WOODROFFE AVE,365421.1699,5017106.945,-75.72715,45.2913,2017-01-13,5:30:00 PM,01 - Clear,01 - Dry,01 - Traffic signal,03 - At intersection,05 - Dusk,03 - P.D. only,03 - Rear end,Greenbelt
9515,LONGFIELDS DR @ WOODROFFE AVE,365420.4194,5017106.57,-75.72716,45.2913,2017-02-17,11:29:00 AM,01 - Clear,01 - Dry,01 - Traffic signal,02 - Intersection related,01 - Daylight,03 - P.D. only,03 - Rear end,Greenbelt
9516,LONGFIELDS DR @ WOODROFFE AVE,365421.1699,5017107.32,-75.72715,45.29131,2017-02-07,4:42:00 PM,04 - Freezing Rain,06 - Ice,01 - Traffic signal,02 - Intersection related,05 - Dusk,02 - Non-fatal injury,07 - SMV other,Greenbelt
9517,LONGFIELDS DR @ WOODROFFE AVE,365421.1699,5017107.17,-75.72715,45.2913,2017-02-14,11:36:00 PM,03 - Snow,03 - Loose snow,01 - Traffic signal,02 - Intersection related,07 - Dark,03 - P.D. only,07 - SMV other,Greenbelt
9518,LONGFIELDS DR @ WOODROFFE AVE,365421.9204,5017108.071,-75.72714,45.29131,2017-03-25,12:35:00 PM,01 - Clear,01 - Dry,01 - Traffic signal,02 - Intersection related,01 - Daylight,03 - P.D. only,03 - Rear end,Greenbelt
9519,LONGFIELDS DR @ WOODROFFE AVE,365422.8421,5017107.614,-75.72713,45.29131,2017-03-10,9:11:00 AM,01 - Clear,01 - Dry,01 - Traffic signal,03 - At intersection,01 - Daylight,02 - Non-fatal injury,05 - Turning movement,Greenbelt
9520,LONGFIELDS DR @ WOODROFFE AVE,365422.1732,5017106.945,-75.72714,45.2913,2017-03-24,9:28:00 AM,03 - Snow,03 - Loose snow,01 - Traffic signal,02 - Intersection related,01 - Daylight,03 - P.D. only,03 - Rear end,Greenbelt