Record,Location,X,Y,Longitude,Latitude,Date,Time,Environment,Road_Surface,Traffic_Control,Collision_Location,Light,Collision_Classification,Impact_type,Neighborhood
9521,LONGFIELDS DR @ WOODROFFE AVE,365420.692,5017107.662,-75.72716,45.29131,2017-12-15,7:44:00 PM,01 - Clear,01 - Dry,01 - Traffic signal,03 - At intersection,07 - Dark,03 - P.D. only,05 - Turning movement,Greenbelt
9522,LONGFIELDS DR @ WOODROFFE AVE,365420.6965,5017106.708,-75.72716,45.2913,2017-12-25,1:30:00 PM,03 - Snow,05 - Packed snow,01 - Traffic signal,03 - At intersection,01 - Daylight,03 - P.D. only,07 - SMV other,Greenbelt
9523,LONGFIELDS DR btwn DEERCROFT AVE & STRANDHERD DR,364535.1754,5015197.458,-75.73867,45.2742,2017-10-10,8:10:00 PM,01 - Clear,01 - Dry,10 - No control,04 - At/near private drive,07 - Dark,02 - Non-fatal injury,03 - Rear end,New Barrhaven
9524,LONGFIELDS DR btwn HIGHBURY PARK DR & MOUNTSHANNON DR,364153.296,5016404.443,-75.7434,45.28509,2017-07-14,5:16:00 PM,01 - Clear,01 - Dry,10 - No control,01 - Non intersection,01 - Daylight,03 - P.D. only,07 - SMV other,New Barrhaven
9525,LONGFIELDS DR btwn MOUNTSHANNON DR & WOODROFFE AVE,365336.9095,5017058.424,-75.72823,45.29087,2017-12-12,7:30:00 AM,03 - Snow,04 - Slush,10 - No control,04 - At/near private drive,03 - Dawn,03 - P.D. only,05 - Turning movement,Greenbelt
9526,LONGSHADOW ST @ DOZOIS RD,371714.2218,5012015.209,-75.64761,45.24492,2017-10-24,8:23:00 AM,02 - Rain,02 - Wet,02 - Stop sign,03 - At intersection,01 - Daylight,03 - P.D. only,05 - Turning movement,Manotick
9527,LONGWOOD AVE btwn HARWICK CRES & SYCAMORE DR,357717.2091,5020116.999,-75.82504,45.31901,2017-08-08,6:30:00 PM,01 - Clear,01 - Dry,10 - No control,01 - Non intersection,01 - Daylight,03 - P.D. only,06 - SMV unattended vehicle,Bells Corners East
9528,LORETTA AVE   S btwn LINDENPARK PRIV & CARLING AVE,366507.4357,5028854.82,-75.71184,45.39691,2017-01-28,10:17:00 AM,03 - Snow,05 - Packed snow,10 - No control,01 - Non intersection,01 - Daylight,03 - P.D. only,01 - Approaching,Centretown West
9529,LORNE AVE @ SOMERSET ST,366651.0724,5030303.366,-75.70982,45.40993,2017-08-23,4:36:00 PM,01 - Clear,01 - Dry,02 - Stop sign,02 - Intersection related,01 - Daylight,02 - Non-fatal injury,04 - Sideswipe,Centretown West
9530,LORNE AVE @ SOMERSET ST,366651.084,5030304.216,-75.70982,45.40994,2017-10-28,1:37:00 PM,01 - Clear,01 - Dry,02 - Stop sign,02 - Intersection related,01 - Daylight,03 - P.D. only,04 - Sideswipe,Centretown West
9531,LORNE GREENE WAY btwn HOWE ST & DON ST,359835.3951,5025122.245,-75.79747,45.36388,2017-06-28,12:00:00 AM,01 - Clear,01 - Dry,10 - No control,01 - Non intersection,00 - Unknown,03 - P.D. only,06 - SMV unattended vehicle,Crystal Bay - Lakeview Park - Britannia Village
9532,LORRAINE AVE btwn JEFFERSON ST & PALM ST,371939.5928,5027153.422,-75.64269,45.3811,2017-08-17,7:59:00 AM,01 - Clear,01 - Dry,10 - No control,04 - At/near private drive,01 - Daylight,03 - P.D. only,06 - SMV unattended vehicle,Playfair Park - Lynda Park - Guildwood Estates
9533,LORRY GREENBERG DR btwn BRAMBLEGROVE CRES & BRAMBLEGROVE CRES,373408.7028,5025706.399,-75.62414,45.36794,2017-10-01,7:44:00 AM,01 - Clear,01 - Dry,10 - No control,01 - Non intersection,03 - Dawn,03 - P.D. only,07 - SMV other,Greenboro East
9534,LORRY GREENBERG DR btwn HEARTLEAF PRIV & HUNT CLUB RD,372814.0397,5024827.572,-75.63185,45.36009,2017-10-28,2:43:00 PM,01 - Clear,01 - Dry,10 - No control,04 - At/near private drive,01 - Daylight,03 - P.D. only,05 - Turning movement,Greenboro East
9535,LORRY GREENBERG DR btwn HUNTER'S GLEN CRES & MARGRAVE AVE,372588.1288,5025173.697,-75.63468,45.36323,2017-08-16,5:45:00 PM,01 - Clear,01 - Dry,10 - No control,01 - Non intersection,01 - Daylight,03 - P.D. only,02 - Angle,Greenboro East
9536,LOTTA AVE btwn PENDER ST & ST. HELEN'S PL,364296.9321,5024378.034,-75.74061,45.35682,2017-12-12,3:30:00 PM,03 - Snow,03 - Loose snow,10 - No control,01 - Non intersection,01 - Daylight,02 - Non-fatal injury,07 - SMV other,Crestview - Meadowlands
9537,LOTTA AVE btwn ST. HELEN'S PL & CLYDE AVE,364483.3697,5024489.626,-75.73821,45.35781,2017-11-24,2:27:00 PM,01 - Clear,01 - Dry,10 - No control,04 - At/near private drive,01 - Daylight,03 - P.D. only,04 - Sideswipe,Crestview - Meadowlands
9538,LOUISA ST @ PRESTON ST,366524.3715,5029637.892,-75.71152,45.40396,2017-05-01,5:30:00 PM,02 - Rain,02 - Wet,02 - Stop sign,03 - At intersection,01 - Daylight,02 - Non-fatal injury,05 - Turning movement,Little Italy
9539,LOUISA ST btwn PRESTON ST & END,366457.0277,5029609.525,-75.71239,45.40371,2017-10-17,12:00:00 AM,01 - Clear,01 - Dry,10 - No control,01 - Non intersection,00 - Unknown,03 - P.D. only,06 - SMV unattended vehicle,Little Italy
9540,LOWEN DR @ RIVER RD,367924.7126,5017625.799,-75.69517,45.29575,2017-05-16,5:48:00 PM,01 - Clear,01 - Dry,02 - Stop sign,02 - Intersection related,01 - Daylight,03 - P.D. only,03 - Rear end,Nepean
9541,LUMBERMAN WAY @ ORLEANS BLVD,380451.2567,5037241.834,-75.53247,45.47101,2017-09-19,9:30:00 AM,01 - Clear,01 - Dry,02 - Stop sign,03 - At intersection,01 - Daylight,02 - Non-fatal injury,02 - Angle,Industrial Park
9542,LUMBERMAN WAY @ ORLEANS BLVD,380451.4002,5037241.595,-75.53247,45.471,2017-11-26,7:20:00 PM,03 - Snow,03 - Loose snow,02 - Stop sign,02 - Intersection related,07 - Dark,03 - P.D. only,03 - Rear end,Industrial Park
9543,LYNDA LANE @ SMYTH RD,371611.7224,5029191.787,-75.6466,45.39948,2017-12-08,9:01:00 AM,01 - Clear,01 - Dry,02 - Stop sign,03 - At intersection,01 - Daylight,03 - P.D. only,05 - Turning movement,Elmvale - Eastway - Riverview - Riverview Park West
9544,LYNDA LANE @ SMYTH RD,371610.7757,5029190.838,-75.64662,45.39947,2017-01-17,3:49:00 PM,01 - Clear,01 - Dry,02 - Stop sign,03 - At intersection,01 - Daylight,02 - Non-fatal injury,03 - Rear end,Elmvale - Eastway - Riverview - Riverview Park West
9545,LYNDA LANE @ SMYTH RD,371614.1915,5029194.017,-75.64657,45.3995,2017-02-17,12:00:00 AM,01 - Clear,05 - Packed snow,02 - Stop sign,02 - Intersection related,00 - Unknown,03 - P.D. only,06 - SMV unattended vehicle,Elmvale - Eastway - Riverview - Riverview Park West
9546,LYNDA LANE @ SMYTH RD,371612.0569,5029191.548,-75.6466,45.39947,2017-03-27,2:01:00 PM,02 - Rain,02 - Wet,02 - Stop sign,03 - At intersection,01 - Daylight,02 - Non-fatal injury,02 - Angle,Elmvale - Eastway - Riverview - Riverview Park West
9547,LYNDA LANE btwn BILLINGS AVE & SMYTH RD,371581.9565,5029097.903,-75.647,45.39863,2017-07-05,11:32:00 AM,01 - Clear,01 - Dry,10 - No control,01 - Non intersection,01 - Daylight,03 - P.D. only,06 - SMV unattended vehicle,Alta Vista
9548,LYNDALE AVE @ PARKDALE AVE,364860.8439,5029928.721,-75.73274,45.40672,2017-01-10,5:58:00 PM,01 - Clear,01 - Dry,01 - Traffic signal,02 - Intersection related,07 - Dark,03 - P.D. only,06 - SMV unattended vehicle,Tunney's Pasture
9549,LYON ST    N btwn GLADSTONE AVE & MCLEOD ST,367597.2859,5030336.712,-75.69773,45.41015,2017-11-08,11:00:00 PM,01 - Clear,01 - Dry,10 - No control,01 - Non intersection,07 - Dark,03 - P.D. only,07 - SMV other,Centretown
9550,LYON ST    N btwn LAURIER AVE W & GLOUCESTER ST,367162.0072,5031055,-75.7032,45.41665,2017-07-29,7:05:00 PM,01 - Clear,01 - Dry,10 - No control,01 - Non intersection,01 - Daylight,02 - Non-fatal injury,07 - SMV other,Downtown
9551,LYON ST    N btwn NEPEAN ST & LISGAR ST,367249.4925,5030910.457,-75.7021,45.41534,2017-06-06,4:53:00 PM,02 - Rain,02 - Wet,10 - No control,01 - Non intersection,01 - Daylight,03 - P.D. only,04 - Sideswipe,Centretown
9552,LYON ST    N btwn QUEEN ST & ALBERT ST,367044.7894,5031245.476,-75.70467,45.41838,2017-09-03,11:41:00 AM,02 - Rain,02 - Wet,10 - No control,01 - Non intersection,01 - Daylight,03 - P.D. only,06 - SMV unattended vehicle,Downtown
9553,LYON ST    S btwn FOURTH AVE & END,368198.7839,5029334.924,-75.69017,45.40108,2017-04-04,12:00:00 AM,02 - Rain,02 - Wet,10 - No control,01 - Non intersection,00 - Unknown,03 - P.D. only,06 - SMV unattended vehicle,The Glebe
9554,LYON ST @ NEPEAN ST,367234.0532,5030932.653,-75.70229,45.41554,2017-07-28,12:18:00 PM,01 - Clear,01 - Dry,02 - Stop sign,03 - At intersection,01 - Daylight,03 - P.D. only,05 - Turning movement,Centretown
9555,LYON ST @ SLATER ST,367103.0391,5031152.587,-75.70394,45.41753,2017-05-19,2:34:00 PM,01 - Clear,01 - Dry,01 - Traffic signal,03 - At intersection,01 - Daylight,02 - Non-fatal injury,07 - SMV other,Downtown
9556,LYON ST @ SOMERSET ST,367366.9511,5030717.234,-75.70062,45.41359,2017-02-17,2:30:00 PM,01 - Clear,02 - Wet,01 - Traffic signal,03 - At intersection,01 - Daylight,02 - Non-fatal injury,02 - Angle,Centretown
9557,LYON ST @ SPARKS ST,366975.0228,5031353.577,-75.70555,45.41935,2017-03-18,5:43:00 PM,01 - Clear,01 - Dry,01 - Traffic signal,02 - Intersection related,01 - Daylight,03 - P.D. only,04 - Sideswipe,Downtown
9558,LYON ST @ SPARKS ST,366976.1251,5031353.217,-75.70554,45.41935,2017-03-16,2:07:00 PM,01 - Clear,01 - Dry,01 - Traffic signal,02 - Intersection related,01 - Daylight,03 - P.D. only,04 - Sideswipe,Downtown
9559,LYON ST @ WELLINGTON ST,366936.9432,5031424.828,-75.70603,45.42,2017-06-05,7:20:00 PM,01 - Clear,01 - Dry,01 - Traffic signal,03 - At intersection,01 - Daylight,03 - P.D. only,04 - Sideswipe,Downtown
9560,LYON ST @ WELLINGTON ST,366934.63,5031426.166,-75.70606,45.42001,2017-08-11,4:07:00 PM,01 - Clear,01 - Dry,01 - Traffic signal,02 - Intersection related,01 - Daylight,03 - P.D. only,05 - Turning movement,Downtown
9561,LYON ST @ WELLINGTON ST,366937.1941,5031426.807,-75.70602,45.42002,2017-08-13,5:10:00 PM,01 - Clear,01 - Dry,01 - Traffic signal,03 - At intersection,01 - Daylight,03 - P.D. only,05 - Turning movement,Downtown
9562,LYON ST @ WELLINGTON ST,366935.2408,5031426.841,-75.70605,45.42002,2017-09-05,2:47:00 PM,01 - Clear,01 - Dry,01 - Traffic signal,02 - Intersection related,01 - Daylight,03 - P.D. only,03 - Rear end,Downtown
9563,LYON ST @ WELLINGTON ST,366935.271,5031426.876,-75.70605,45.42002,2017-09-22,6:53:00 AM,01 - Clear,01 - Dry,01 - Traffic signal,03 - At intersection,03 - Dawn,03 - P.D. only,05 - Turning movement,Downtown
9564,LYON ST @ WELLINGTON ST,366935.7444,5031425.456,-75.70604,45.42,2017-11-03,4:42:00 PM,01 - Clear,01 - Dry,01 - Traffic signal,02 - Intersection related,05 - Dusk,03 - P.D. only,03 - Rear end,Downtown
9565,LYON ST @ WELLINGTON ST,366935.7489,5031426.405,-75.70604,45.42001,2017-11-05,6:07:00 PM,01 - Clear,01 - Dry,01 - Traffic signal,03 - At intersection,07 - Dark,03 - P.D. only,05 - Turning movement,Downtown
9566,LYON ST @ WELLINGTON ST,366935.6055,5031426.166,-75.70604,45.42001,2017-12-07,12:00:00 PM,01 - Clear,01 - Dry,01 - Traffic signal,02 - Intersection related,01 - Daylight,03 - P.D. only,04 - Sideswipe,Downtown
9567,LYON ST @ WELLINGTON ST,366935.271,5031425.941,-75.70605,45.42001,2017-12-01,9:53:00 AM,01 - Clear,01 - Dry,01 - Traffic signal,02 - Intersection related,01 - Daylight,03 - P.D. only,04 - Sideswipe,Downtown
9568,LYON ST @ WELLINGTON ST,366935.271,5031425.623,-75.70605,45.42001,2017-01-22,3:06:00 PM,01 - Clear,01 - Dry,01 - Traffic signal,02 - Intersection related,01 - Daylight,03 - P.D. only,05 - Turning movement,Downtown
9569,LYON ST @ WELLINGTON ST,366936.5056,5031429.87,-75.70603,45.42004,2017-02-02,2:36:00 PM,01 - Clear,01 - Dry,01 - Traffic signal,02 - Intersection related,01 - Daylight,03 - P.D. only,04 - Sideswipe,Downtown
9570,LYON ST @ WELLINGTON ST,366934.9366,5031424.828,-75.70605,45.42,2017-03-21,4:39:00 PM,01 - Clear,01 - Dry,01 - Traffic signal,02 - Intersection related,01 - Daylight,03 - P.D. only,04 - Sideswipe,Downtown
9571,LYON ST @ WELLINGTON ST,366935.6055,5031426.166,-75.70604,45.42001,2017-04-05,9:00:00 PM,01 - Clear,01 - Dry,01 - Traffic signal,03 - At intersection,07 - Dark,03 - P.D. only,07 - SMV other,Downtown
9572,LYON ST @ WELLINGTON ST,366934.9366,5031425.497,-75.70605,45.42001,2017-03-30,12:09:00 PM,01 - Clear,01 - Dry,01 - Traffic signal,03 - At intersection,01 - Daylight,03 - P.D. only,04 - Sideswipe,Downtown
9573,LYON ST @ WELLINGTON ST,366934.9366,5031424.828,-75.70605,45.42,2017-03-19,5:20:00 PM,01 - Clear,01 - Dry,01 - Traffic signal,02 - Intersection related,01 - Daylight,03 - P.D. only,05 - Turning movement,Downtown
9574,LYON ST @ WELLINGTON ST,366934.2677,5031427.504,-75.70606,45.42002,2017-04-19,3:06:00 PM,02 - Rain,02 - Wet,01 - Traffic signal,02 - Intersection related,01 - Daylight,03 - P.D. only,04 - Sideswipe,Downtown
9575,LYON ST @ WELLINGTON ST,366935.6055,5031427.504,-75.70604,45.42002,2017-04-04,10:45:00 AM,02 - Rain,02 - Wet,01 - Traffic signal,02 - Intersection related,01 - Daylight,03 - P.D. only,04 - Sideswipe,Downtown
9576,MACASSA CIRC btwn Continuation of MACASSA CIRC & KANATA AVE,350404.2783,5019473.686,-75.91837,45.31373,2017-01-13,10:23:00 AM,01 - Clear,05 - Packed snow,10 - No control,01 - Non intersection,01 - Daylight,03 - P.D. only,06 - SMV unattended vehicle,Kanata Lakes - Marchwood Lakeside - Morgan's Grant - Kanata
9577,MACDONALD-CARTIER BR btwn RAMP & END (1),367285.2072,5033273.367,-75.70134,45.4366,2017-12-06,10:31:00 PM,01 - Clear,06 - Ice,10 - No control,07 - Overpass or bridge,07 - Dark,03 - P.D. only,04 - Sideswipe,Bywar
9578,MACDONALD-CARTIER BR btwn RAMP & END (1),367425.1316,5033226.447,-75.69956,45.43617,2017-12-28,10:00:00 AM,01 - Clear,06 - Ice,10 - No control,07 - Overpass or bridge,01 - Daylight,03 - P.D. only,03 - Rear end,Byward Market - Parliament Hill
9579,MACDONALD-CARTIER BR btwn RAMP & END (1),367432.8241,5033221.28,-75.69946,45.43612,2017-12-28,9:37:00 PM,01 - Clear,06 - Ice,10 - No control,07 - Overpass or bridge,07 - Dark,02 - Non-fatal injury,03 - Rear end,Byward Market - Parliament Hill
9580,MACDONALD-CARTIER BR btwn RAMP & END (2),367421.1446,5033210.156,-75.69961,45.43602,2017-03-02,7:11:00 AM,03 - Snow,06 - Ice,10 - No control,07 - Overpass or bridge,01 - Daylight,03 - P.D. only,03 - Rear end,Byward Market - Parliament Hill
9581,MACDONALD-CARTIER BR btwn RAMP & END (2),367301.0572,5033249.863,-75.70114,45.43639,2017-03-15,7:09:00 AM,03 - Snow,03 - Loose snow,10 - No control,07 - Overpass or bridge,01 - Daylight,03 - P.D. only,03 - Rear end,Bywar
9582,MACDONALD-CARTIER BR RAMP NB-3 btwn MACDONALD-CARTIER BR RAMP NB-1/NB-,367960.7913,5033293.519,-75.69271,45.43672,2017-02-09,10:12:00 PM,01 - Clear,01 - Dry,10 - No control,07 - Overpass or bridge,07 - Dark,03 - P.D. only,07 - SMV other,Lower Town
9583,MACDONALD-CARTIER BR RAMP SB-2 btwn BOTELER ST & MACDONALD-CARTIER BR,367555.1414,5033162.019,-75.69791,45.43557,2017-09-01,5:30:00 PM,01 - Clear,01 - Dry,10 - No control,07 - Overpass or bridge,01 - Daylight,02 - Non-fatal injury,03 - Rear end,Lower Town
9584,MACDONALD-CARTIER BR/MACDONALDCARTIER BR RSB-2,367508.8248,5033181.938,-75.6985,45.43576,2017-12-17,11:19:00 AM,01 - Clear,01 - Dry,10 - No control,02 - Intersection related,01 - Daylight,03 - P.D. only,04 - Sideswipe,Byward Market - Parliament Hill
9585,MACFARLANE RD @ DEAKIN ST,367253.4093,5021558.589,-75.70323,45.3312,2017-12-13,3:30:00 PM,01 - Clear,03 - Loose snow,02 - Stop sign,03 - At intersection,01 - Daylight,02 - Non-fatal injury,05 - Turning movement,Industrial Park
9586,MACFARLANE RD btwn BRISBANE RD & GREENSIDE AVE,366939.8887,5021254.805,-75.70727,45.32849,2017-11-13,11:14:00 PM,01 - Clear,01 - Dry,10 - No control,01 - Non intersection,07 - Dark,03 - P.D. only,06 - SMV unattended vehicle,Industrial Park
9587,MACKAY ST @ VAUGHAN ST,369065.8499,5033637.564,-75.67854,45.43972,2017-09-13,9:10:00 AM,01 - Clear,01 - Dry,02 - Stop sign,03 - At intersection,01 - Daylight,03 - P.D. only,02 - Angle,New Edinburgh
9588,MACKAY ST @ VAUGHAN ST,369064.7075,5033636.362,-75.67855,45.43971,2017-12-06,4:41:00 PM,01 - Clear,01 - Dry,02 - Stop sign,03 - At intersection,05 - Dusk,02 - Non-fatal injury,02 - Angle,New Edinburgh
9589,MACKAY ST btwn VAUGHAN ST & BEECHWOOD AVE,369172.1492,5033602.643,-75.67718,45.43939,2017-01-29,10:46:00 AM,03 - Snow,02 - Wet,10 - No control,04 - At/near private drive,01 - Daylight,03 - P.D. only,06 - SMV unattended vehicle,New Edinburgh
9590,MACKENZIE AVE @ MURRAY ST,367639.4811,5032384.696,-75.69693,45.42857,2017-05-15,8:32:00 AM,01 - Clear,01 - Dry,01 - Traffic signal,02 - Intersection related,01 - Daylight,03 - P.D. only,04 - Sideswipe,Byward Market - Parliament Hill
9591,MACKENZIE AVE @ MURRAY ST,367639.7031,5032382.229,-75.69693,45.42855,2017-01-26,5:35:00 PM,01 - Clear,02 - Wet,01 - Traffic signal,02 - Intersection related,05 - Dusk,03 - P.D. only,07 - SMV other,Byward Market - Parliament Hill
9592,MACKENZIE AVE @ MURRAY ST,367639.7019,5032383.586,-75.69693,45.42856,2017-01-25,10:33:00 AM,01 - Clear,02 - Wet,01 - Traffic signal,03 - At intersection,01 - Daylight,03 - P.D. only,02 - Angle,Byward Market - Parliament Hill
9593,MACKENZIE AVE @ MURRAY ST,367639.7031,5032383.586,-75.69693,45.42856,2017-01-06,11:18:00 AM,01 - Clear,02 - Wet,01 - Traffic signal,03 - At intersection,01 - Daylight,03 - P.D. only,02 - Angle,Byward Market - Parliament Hill
9594,MACKENZIE AVE @ RIDEAU ST,367870.7025,5032009.58,-75.69402,45.42518,2017-04-30,1:13:00 PM,02 - Rain,02 - Wet,01 - Traffic signal,03 - At intersection,01 - Daylight,03 - P.D. only,02 - Angle,Byward Market - Parliament Hill
9595,MACKENZIE AVE @ RIDEAU ST,367868.027,5032009.58,-75.69406,45.42518,2017-06-13,12:45:00 PM,01 - Clear,01 - Dry,01 - Traffic signal,02 - Intersection related,01 - Daylight,03 - P.D. only,04 - Sideswipe,Byward Market - Parliament Hill
9596,MACKENZIE AVE @ RIDEAU ST,367869.7758,5032009.766,-75.69403,45.42518,2017-06-06,5:45:00 PM,01 - Clear,02 - Wet,01 - Traffic signal,02 - Intersection related,01 - Daylight,03 - P.D. only,04 - Sideswipe,Byward Market - Parliament Hill
9597,MACKENZIE AVE @ RIDEAU ST,367870.308,5032011.102,-75.69403,45.42519,2017-07-27,3:38:00 PM,01 - Clear,01 - Dry,01 - Traffic signal,03 - At intersection,01 - Daylight,03 - P.D. only,04 - Sideswipe,Byward Market - Parliament Hill
9598,MACKENZIE AVE @ RIDEAU ST,367869.5911,5032010.335,-75.69404,45.42518,2017-09-09,4:00:00 PM,01 - Clear,01 - Dry,01 - Traffic signal,02 - Intersection related,01 - Daylight,03 - P.D. only,04 - Sideswipe,Byward Market - Parliament Hill
9599,MACKENZIE AVE @ RIDEAU ST,367868.027,5032010.249,-75.69406,45.42518,2017-11-23,6:40:00 PM,04 - Freezing Rain,06 - Ice,01 - Traffic signal,02 - Intersection related,07 - Dark,03 - P.D. only,03 - Rear end,Byward Market - Parliament Hill
9600,MACKENZIE AVE @ RIDEAU ST,367870.0337,5032010.249,-75.69403,45.42518,2017-02-16,11:45:00 AM,01 - Clear,02 - Wet,01 - Traffic signal,02 - Intersection related,01 - Daylight,02 - Non-fatal injury,03 - Rear end,Byward Market - Parliament Hill
9601,MACKENZIE AVE @ RIDEAU ST,367870.4497,5032009.955,-75.69403,45.42518,2017-02-10,9:06:00 AM,01 - Clear,01 - Dry,01 - Traffic signal,03 - At intersection,01 - Daylight,03 - P.D. only,02 - Angle,Byward Market - Parliament Hill
9602,MACKENZIE AVE @ RIDEAU ST,367868.6959,5032009.58,-75.69405,45.42518,2017-03-30,12:08:00 PM,01 - Clear,01 - Dry,01 - Traffic signal,03 - At intersection,01 - Daylight,03 - P.D. only,02 - Angle,Byward Market - Parliament Hill
9603,MACKENZIE AVE @ RIDEAU ST,367870.7025,5032010.918,-75.69402,45.42519,2017-02-27,1:57:00 PM,01 - Clear,01 - Dry,01 - Traffic signal,03 - At intersection,01 - Daylight,03 - P.D. only,02 - Angle,Byward Market - Parliament Hill
9604,MACKENZIE AVE @ RIDEAU ST,367870.1726,5032010.29,-75.69403,45.42518,2017-12-26,9:36:00 AM,01 - Clear,01 - Dry,01 - Traffic signal,02 - Intersection related,01 - Daylight,03 - P.D. only,04 - Sideswipe,Byward Market - Parliament Hill
9605,MACKENZIE AVE @ RIDEAU ST,367869.6992,5032009.58,-75.69404,45.42518,2017-11-03,4:45:00 AM,01 - Clear,02 - Wet,01 - Traffic signal,03 - At intersection,07 - Dark,03 - P.D. only,03 - Rear end,Byward Market - Parliament Hill
9606,MACKENZIE AVE @ RIDEAU ST,367869.6992,5032009.58,-75.69404,45.42518,2017-07-23,10:15:00 AM,01 - Clear,01 - Dry,01 - Traffic signal,02 - Intersection related,01 - Daylight,03 - P.D. only,02 - Angle,Byward Market - Parliament Hill
9607,MACKENZIE AVE @ RIDEAU ST,367869.6992,5032009.58,-75.69404,45.42518,2017-06-06,4:00:00 PM,02 - Rain,02 - Wet,01 - Traffic signal,03 - At intersection,01 - Daylight,02 - Non-fatal injury,02 - Angle,Byward Market - Parliament Hill
9608,MACKENZIE KING BR btwn N.D.H.Q./RIDEAU CENTRE SC & MACKENZIE KING BR/N,368246.0154,5031918.174,-75.68924,45.42432,2017-12-15,8:50:00 AM,01 - Clear,01 - Dry,10 - No control,07 - Overpass or bridge,01 - Daylight,02 - Non-fatal injury,07 - SMV other,Sandy Hill
9609,MACKENZIE KING BR/WALLER ST @ NICHOLAS ST/WALL,368372.0441,5031992.688,-75.68762,45.42498,2017-06-20,11:06:00 AM,01 - Clear,01 - Dry,01 - Traffic signal,02 - Intersection related,01 - Daylight,03 - P.D. only,04 - Sideswipe,Sandy Hill
9610,MACKENZIE KING BR/WALLER ST @ NICHOLAS ST/WALL,368372.2051,5031992.375,-75.68762,45.42498,2017-04-25,5:44:00 PM,02 - Rain,02 - Wet,01 - Traffic signal,03 - At intersection,01 - Daylight,03 - P.D. only,02 - Angle,Sandy Hill
9611,MACKENZIE KING BR/WALLER ST @ NICHOLAS ST/WALL,368371.6166,5031990.848,-75.68762,45.42496,2017-06-22,9:53:00 AM,01 - Clear,01 - Dry,01 - Traffic signal,02 - Intersection related,01 - Daylight,03 - P.D. only,03 - Rear end,Sandy Hill
9612,MACKENZIE KING BR/WALLER ST @ NICHOLAS ST/WALL,368372.0701,5031992.808,-75.68762,45.42498,2017-06-16,7:36:00 AM,01 - Clear,01 - Dry,01 - Traffic signal,02 - Intersection related,01 - Daylight,03 - P.D. only,04 - Sideswipe,Sandy Hill
9613,MACKENZIE KING BR/WALLER ST @ NICHOLAS ST/WALL,368372.1702,5031992.851,-75.68762,45.42498,2017-07-02,7:25:00 PM,01 - Clear,01 - Dry,01 - Traffic signal,02 - Intersection related,01 - Daylight,03 - P.D. only,04 - Sideswipe,Sandy Hill
9614,MACKENZIE KING BR/WALLER ST @ NICHOLAS ST/WALL,368372.1095,5031993.932,-75.68762,45.42499,2017-08-15,11:20:00 AM,01 - Clear,01 - Dry,01 - Traffic signal,02 - Intersection related,01 - Daylight,03 - P.D. only,03 - Rear end,Sandy Hill
9615,MACKENZIE KING BR/WALLER ST @ NICHOLAS ST/WALL,368372.1784,5031992.578,-75.68762,45.42498,2017-08-11,5:34:00 PM,01 - Clear,01 - Dry,01 - Traffic signal,03 - At intersection,01 - Daylight,02 - Non-fatal injury,07 - SMV other,Sandy Hill
9616,MACKENZIE KING BR/WALLER ST @ NICHOLAS ST/WALL,368372.2593,5031992.339,-75.68762,45.42498,2017-08-28,7:15:00 AM,01 - Clear,01 - Dry,01 - Traffic signal,03 - At intersection,01 - Daylight,03 - P.D. only,04 - Sideswipe,Sandy Hill
9617,MACKENZIE KING BR/WALLER ST @ NICHOLAS ST/WALL,368372.1456,5031992.638,-75.68762,45.42498,2017-12-06,4:20:00 PM,01 - Clear,01 - Dry,01 - Traffic signal,02 - Intersection related,05 - Dusk,02 - Non-fatal injury,07 - SMV other,Sandy Hill
9618,MACKENZIE KING BR/WALLER ST @ NICHOLAS ST/WALL,368372.1456,5031991.78,-75.68762,45.42497,2017-01-12,12:49:00 PM,03 - Snow,04 - Slush,01 - Traffic signal,02 - Intersection related,01 - Daylight,03 - P.D. only,03 - Rear end,Sandy Hill
9619,MACKENZIE KING BR/WALLER ST @ NICHOLAS ST/WALL,368371.465,5031993.801,-75.68763,45.42499,2017-01-29,2:28:00 PM,01 - Clear,02 - Wet,01 - Traffic signal,02 - Intersection related,01 - Daylight,03 - P.D. only,04 - Sideswipe,Sandy Hill
9620,MACKENZIE KING BR/WALLER ST @ NICHOLAS ST/WALL,368370.7883,5031992.798,-75.68763,45.42498,2017-03-17,6:32:00 PM,01 - Clear,01 - Dry,01 - Traffic signal,02 - Intersection related,05 - Dusk,03 - P.D. only,07 - SMV other,Sandy Hill
9621,MACKENZIE KING BRIDGE @ MACKENZIE KING BRIDGE,368164.2056,5031868.233,-75.69029,45.42388,2017-10-30,5:15:00 PM,01 - Clear,01 - Dry,01 - Traffic signal,03 - At intersection,05 - Dusk,02 - Non-fatal injury,07 - SMV other,Sandy Hill
9622,MACKENZIE KING BRIDGE @ MACKENZIE KING BRIDGE,368164.2056,5031867.564,-75.69029,45.42387,2017-11-10,10:06:00 PM,01 - Clear,01 - Dry,01 - Traffic signal,02 - Intersection related,07 - Dark,02 - Non-fatal injury,07 - SMV other,Sandy Hill
9623,MACKENZIE KING BRIDGE @ MACKENZIE KING BRIDGE,368164.8441,5031867.761,-75.69028,45.42387,2017-02-18,7:40:00 PM,01 - Clear,02 - Wet,01 - Traffic signal,02 - Intersection related,07 - Dark,03 - P.D. only,03 - Rear end,Sandy Hill