Record,Location,X,Y,Longitude,Latitude,Date,Time,Environment,Road_Surface,Traffic_Control,Collision_Location,Light,Collision_Classification,Impact_type,Neighborhood
9624,MACLAREN ST @ METCALFE ST,368051.2333,5031032.339,-75.69184,45.41637,2017-09-21,2:55:00 PM,01 - Clear,01 - Dry,01 - Traffic signal,03 - At intersection,01 - Daylight,03 - P.D. only,04 - Sideswipe,Centretown
9625,MACLAREN ST @ METCALFE ST,368051.3723,5031031.907,-75.69184,45.41636,2017-11-24,12:50:00 PM,01 - Clear,01 - Dry,01 - Traffic signal,03 - At intersection,01 - Daylight,03 - P.D. only,05 - Turning movement,Centretown
9626,MACLAREN ST @ METCALFE ST,368052.5651,5031031.717,-75.69182,45.41636,2017-01-06,4:38:00 PM,01 - Clear,06 - Ice,01 - Traffic signal,03 - At intersection,05 - Dusk,03 - P.D. only,05 - Turning movement,Centretown
9627,MACLAREN ST @ O'CONNOR ST,367900.0494,5030940.577,-75.69378,45.41556,2017-06-23,3:11:00 PM,01 - Clear,01 - Dry,02 - Stop sign,03 - At intersection,01 - Daylight,02 - Non-fatal injury,07 - SMV other,Centretown
9628,MACLAREN ST @ O'CONNOR ST,367898.7591,5030939.86,-75.6938,45.41555,2017-09-01,3:42:00 PM,01 - Clear,01 - Dry,02 - Stop sign,03 - At intersection,01 - Daylight,02 - Non-fatal injury,02 - Angle,Centretown
9629,MACLAREN ST btwn BRONSON AVE & PERCY ST,367080.8842,5030449.816,-75.70431,45.41121,2017-02-08,7:45:00 PM,01 - Clear,04 - Slush,10 - No control,01 - Non intersection,07 - Dark,03 - P.D. only,06 - SMV unattended vehicle,Chinatown
9630,MACLAREN ST btwn KENT ST & BANK ST,367605.3413,5030765.31,-75.69757,45.41401,2017-08-23,6:05:00 PM,01 - Clear,01 - Dry,10 - No control,01 - Non intersection,01 - Daylight,03 - P.D. only,99 - Other,Centretown
9631,MACLAREN ST btwn METCALFE ST & ELGIN ST,368091.506,5031059.332,-75.69132,45.41661,2017-11-05,7:42:00 AM,02 - Rain,02 - Wet,10 - No control,01 - Non intersection,01 - Daylight,03 - P.D. only,04 - Sideswipe,Centretown
9632,MACLAREN ST btwn METCALFE ST & ELGIN ST,368158.9075,5031097.762,-75.69046,45.41695,2017-01-30,12:00:00 AM,01 - Clear,05 - Packed snow,10 - No control,01 - Non intersection,00 - Unknown,03 - P.D. only,06 - SMV unattended vehicle,Centretown
9633,MACLAREN ST btwn METCALFE ST & ELGIN ST,368093.5127,5031056.656,-75.6913,45.41658,2017-04-05,12:00:00 AM,01 - Clear,02 - Wet,10 - No control,01 - Non intersection,00 - Unknown,03 - P.D. only,06 - SMV unattended vehicle,Centretown
9634,MADAWASKA DR @ DOW'S LAKE RD,367330.7073,5028965.735,-75.70131,45.39784,2017-08-25,9:51:00 PM,01 - Clear,08 - Loose sand or gravel,02 - Stop sign,03 - At intersection,07 - Dark,02 - Non-fatal injury,07 - SMV other,The Glebe
9635,MADELEINE MEILLEUR PRIV @ VANIER PKWY,369654.8152,5033359.306,-75.67105,45.43716,2017-05-14,1:50:00 PM,01 - Clear,01 - Dry,01 - Traffic signal,02 - Intersection related,01 - Daylight,03 - P.D. only,03 - Rear end,Vanier North
9636,MADELEINE MEILLEUR PRIV @ VANIER PKWY,369654.8152,5033359.306,-75.67105,45.43716,2017-09-21,11:52:00 AM,01 - Clear,01 - Dry,01 - Traffic signal,03 - At intersection,01 - Daylight,03 - P.D. only,05 - Turning movement,Vanier North
9637,MADELEINE MEILLEUR PRIV @ VANIER PKWY,369654.8152,5033359.306,-75.67105,45.43716,2017-10-30,11:38:00 AM,02 - Rain,02 - Wet,01 - Traffic signal,03 - At intersection,01 - Daylight,03 - P.D. only,07 - SMV other,Vanier North
9638,MADELEINE MEILLEUR PRIV @ VANIER PKWY,369654.8152,5033359.306,-75.67105,45.43716,2017-02-09,2:27:00 PM,01 - Clear,02 - Wet,01 - Traffic signal,02 - Intersection related,01 - Daylight,03 - P.D. only,03 - Rear end,Vanier North
9639,MADELEINE MEILLEUR PRIV @ VANIER PKWY,369654.8152,5033359.306,-75.67105,45.43716,2017-02-09,12:00:00 AM,01 - Clear,01 - Dry,01 - Traffic signal,03 - At intersection,00 - Unknown,03 - P.D. only,02 - Angle,Vanier North
9640,MADRID AVE btwn KENTON AVE & TALLGRASS LANE,363163.9536,5014107.846,-75.75628,45.26451,2017-12-13,6:45:00 PM,03 - Snow,03 - Loose snow,10 - No control,04 - At/near private drive,07 - Dark,03 - P.D. only,06 - SMV unattended vehicle,New Barrhaven
9641,MAGWOOD AVE @ RICHMOND RD,359425.4166,5023437.868,-75.80288,45.34876,2017-02-11,12:17:00 PM,03 - Snow,02 - Wet,02 - Stop sign,03 - At intersection,01 - Daylight,03 - P.D. only,02 - Angle,Bayshore
9642,MAILES AVE @ PATRICIA AVE,363919.6865,5028827.314,-75.74489,45.39689,2017-09-08,8:29:00 AM,01 - Clear,01 - Dry,10 - No control,02 - Intersection related,01 - Daylight,03 - P.D. only,99 - Other,Westboro
9643,MAIN ST @ RIVERDALE AVE,369432.7444,5029531.825,-75.67439,45.40274,2017-03-08,7:46:00 AM,01 - Clear,06 - Ice,01 - Traffic signal,02 - Intersection related,01 - Daylight,03 - P.D. only,03 - Rear end,Old Ottawa East
9644,MAIN ST @ TORONTO ST,369512.7654,5029341.802,-75.67339,45.40102,2017-12-30,12:05:00 PM,03 - Snow,04 - Slush,02 - Stop sign,02 - Intersection related,01 - Daylight,03 - P.D. only,03 - Rear end,Old Ottawa East
9645,MAIN ST btwn CENTENNIAL BLVD & TORONTO ST,369488.3731,5029398.246,-75.6737,45.40153,2017-06-07,2:49:00 PM,01 - Clear,01 - Dry,10 - No control,01 - Non intersection,01 - Daylight,02 - Non-fatal injury,03 - Rear end,Old Ottawa East
9646,MAIN ST btwn EVELYN AVE & SPRINGHURST AVE,369055.0968,5030433.438,-75.67909,45.41089,2017-11-24,12:35:00 PM,01 - Clear,01 - Dry,10 - No control,01 - Non intersection,01 - Daylight,03 - P.D. only,03 - Rear end,Old Ottawa East
9647,MAIN ST btwn HARVEY ST & HAWTHORNE AVE,368967.1768,5030639.713,-75.68019,45.41275,2017-12-18,7:00:00 PM,03 - Snow,03 - Loose snow,10 - No control,01 - Non intersection,07 - Dark,03 - P.D. only,07 - SMV other,Old Ottawa East
9648,MAIN ST btwn HAZEL ST & HERRIDGE ST,369171.5736,5030159.894,-75.67764,45.40842,2017-05-14,2:01:00 PM,01 - Clear,01 - Dry,10 - No control,01 - Non intersection,01 - Daylight,02 - Non-fatal injury,03 - Rear end,Old Ottawa East
9649,MAIN ST btwn HAZEL ST & HERRIDGE ST,369185.2936,5030129.837,-75.67747,45.40814,2017-10-06,2:00:00 PM,01 - Clear,01 - Dry,10 - No control,04 - At/near private drive,01 - Daylight,03 - P.D. only,06 - SMV unattended vehicle,Old Ottawa East
9650,MAIN ST btwn HAZEL ST & HERRIDGE ST,369208.578,5030072.986,-75.67718,45.40763,2017-03-14,2:51:00 PM,03 - Snow,03 - Loose snow,10 - No control,01 - Non intersection,01 - Daylight,03 - P.D. only,99 - Other,Old Ottawa East
9651,MAIN ST btwn HAZEL ST & HERRIDGE ST,369187.3822,5030130.504,-75.67744,45.40815,2017-04-12,4:28:00 PM,01 - Clear,01 - Dry,10 - No control,01 - Non intersection,01 - Daylight,03 - P.D. only,04 - Sideswipe,Old Ottawa East
9652,MAIN ST btwn HERRIDGE ST & CLEGG ST,369265.3528,5029937.622,-75.67647,45.40641,2017-02-15,10:19:00 PM,03 - Snow,05 - Packed snow,10 - No control,01 - Non intersection,07 - Dark,03 - P.D. only,06 - SMV unattended vehicle,Old Ottawa East
9653,MAIN ST btwn LEES AVE & EVELYN AVE,369003.1153,5030555.205,-75.67974,45.41199,2017-09-15,12:54:00 PM,01 - Clear,01 - Dry,10 - No control,04 - At/near private drive,01 - Daylight,03 - P.D. only,05 - Turning movement,Old Ottawa East
9654,MAIN ST btwn MASON TER & TURN LANE,369401.3063,5029611.424,-75.67478,45.40346,2017-05-26,8:39:00 AM,02 - Rain,02 - Wet,10 - No control,01 - Non intersection,01 - Daylight,03 - P.D. only,03 - Rear end,Old Ottawa East
9655,MAIN ST btwn MASON TER & TURN LANE,369393.3615,5029633.088,-75.67488,45.40366,2017-06-22,3:53:00 PM,01 - Clear,01 - Dry,10 - No control,01 - Non intersection,01 - Daylight,02 - Non-fatal injury,03 - Rear end,Old Ottawa East
9656,MAIN ST btwn MCNAUGHTON AVE & BOWER ST,369347.4747,5029739.073,-75.67545,45.40461,2017-11-28,8:27:00 AM,01 - Clear,01 - Dry,10 - No control,01 - Non intersection,01 - Daylight,03 - P.D. only,03 - Rear end,Old Ottawa East
9657,MAIN ST btwn TORONTO ST & RIDEAU RIVER DR,369525.4269,5029309.456,-75.67323,45.40073,2017-05-08,5:05:00 PM,01 - Clear,01 - Dry,10 - No control,01 - Non intersection,01 - Daylight,03 - P.D. only,04 - Sideswipe,Old Ottawa East
9658,MAISONNEUVE ST @ ST. JOSEPH BLVD,381464.2108,5037579.781,-75.51947,45.47394,2017-12-19,7:28:00 AM,03 - Snow,05 - Packed snow,02 - Stop sign,03 - At intersection,03 - Dawn,03 - P.D. only,05 - Turning movement,Industrial Park
9659,MAITLAND AVE @ 30 S OF AGINCOURT RD/TRINITY UN,363464.5951,5025426.579,-75.75111,45.36633,2017-01-31,1:05:00 PM,01 - Clear,01 - Dry,01 - Traffic signal,02 - Intersection related,01 - Daylight,03 - P.D. only,03 - Rear end,Braemar Park - Bel Air Heights - Copeland Park
9660,MAITLAND AVE @ TERREBONNE DR,364011.6857,5025136.17,-75.74416,45.36367,2017-08-18,3:54:00 PM,01 - Clear,02 - Wet,02 - Stop sign,02 - Intersection related,01 - Daylight,02 - Non-fatal injury,03 - Rear end,Civic Hospital - Experimental Farm - Central Park
9661,MAITLAND AVE @ TERREBONNE DR,364011.046,5025134.741,-75.74417,45.36366,2017-02-23,12:00:00 AM,01 - Clear,01 - Dry,02 - Stop sign,02 - Intersection related,00 - Unknown,03 - P.D. only,06 - SMV unattended vehicle,Civic Hospital - Experimental Farm - Central Park
9662,MAITLAND AVE @ WOODWARD DR,363273.3602,5025663.196,-75.75352,45.36847,2017-05-03,10:52:00 AM,01 - Clear,01 - Dry,01 - Traffic signal,02 - Intersection related,01 - Daylight,03 - P.D. only,99 - Other,Braemar Park - Bel Air Heights - Copeland Park
9663,MAITLAND AVE @ WOODWARD DR,363272.6913,5025662.527,-75.75353,45.36847,2017-05-02,5:15:00 PM,01 - Clear,02 - Wet,01 - Traffic signal,02 - Intersection related,01 - Daylight,02 - Non-fatal injury,03 - Rear end,Braemar Park - Bel Air Heights - Copeland Park
9664,MAITLAND AVE @ WOODWARD DR,363274.286,5025663.498,-75.75351,45.36848,2017-08-02,4:46:00 PM,01 - Clear,01 - Dry,01 - Traffic signal,02 - Intersection related,01 - Daylight,03 - P.D. only,02 - Angle,Braemar Park - Bel Air Heights - Copeland Park
9665,MAITLAND AVE @ WOODWARD DR,363275.1147,5025662.291,-75.7535,45.36846,2017-10-12,2:44:00 PM,01 - Clear,01 - Dry,01 - Traffic signal,03 - At intersection,01 - Daylight,02 - Non-fatal injury,05 - Turning movement,Braemar Park - Bel Air Heights - Copeland Park
9666,MAITLAND AVE @ WOODWARD DR,363272.6913,5025662.527,-75.75353,45.36847,2017-11-26,7:21:00 PM,03 - Snow,05 - Packed snow,01 - Traffic signal,03 - At intersection,07 - Dark,03 - P.D. only,02 - Angle,Braemar Park - Bel Air Heights - Copeland Park
9667,MAITLAND AVE @ WOODWARD DR,363275.3051,5025662.527,-75.75349,45.36847,2017-01-25,5:10:00 PM,01 - Clear,02 - Wet,01 - Traffic signal,03 - At intersection,05 - Dusk,03 - P.D. only,03 - Rear end,Braemar Park - Bel Air Heights - Copeland Park
9668,MAITLAND AVE @ WOODWARD DR,363274.0291,5025661.859,-75.75351,45.36846,2017-03-18,12:13:00 PM,01 - Clear,01 - Dry,01 - Traffic signal,02 - Intersection related,01 - Daylight,02 - Non-fatal injury,03 - Rear end,Braemar Park - Bel Air Heights - Copeland Park
9669,MAITLAND AVE @ WOODWARD DR,363273.3602,5025663.196,-75.75352,45.36847,2017-03-30,3:54:00 PM,01 - Clear,01 - Dry,01 - Traffic signal,03 - At intersection,01 - Daylight,03 - P.D. only,02 - Angle,Braemar Park - Bel Air Heights - Copeland Park
9670,MAITLAND AVE @ WOODWARD DR,363275.3409,5025662.527,-75.75349,45.36847,2017-12-30,4:01:00 PM,01 - Clear,02 - Wet,01 - Traffic signal,02 - Intersection related,05 - Dusk,02 - Non-fatal injury,02 - Angle,Braemar Park - Bel Air Heights - Copeland Park
9671,MAITLAND AVE btwn HENRY FARM DR & TERREBONNE DR,363943.9364,5025138.12,-75.74502,45.36369,2017-08-20,9:24:00 PM,01 - Clear,01 - Dry,10 - No control,01 - Non intersection,07 - Dark,02 - Non-fatal injury,04 - Sideswipe,Civic Hospital - Experimental Farm - Central Park
9672,MAITLAND AVE btwn HWY417 IC126 RAMP63 & HWY417 IC126 RAMP52,363187.9244,5025874.094,-75.75458,45.37038,2017-09-28,1:09:00 PM,01 - Clear,01 - Dry,10 - No control,07 - Overpass or bridge,01 - Daylight,02 - Non-fatal injury,03 - Rear end,Carlingwood West - Glabar Park - McKellar Heights
9673,MAITLAND AVE btwn HWY417 IC126 RAMP63 & HWY417 IC126 RAMP52,363186.3651,5025882.102,-75.7546,45.37045,2017-03-14,1:01:00 PM,03 - Snow,03 - Loose snow,10 - No control,01 - Non intersection,01 - Daylight,03 - P.D. only,03 - Rear end,Carlingwood West - Glabar Park - McKellar Heights
9674,MAITLAND AVE btwn LENESTER AVE & HWY417 IC126 RAMP36,363088.4343,5026121.055,-75.75583,45.37261,2017-06-15,4:54:00 PM,01 - Clear,01 - Dry,10 - No control,01 - Non intersection,01 - Daylight,03 - P.D. only,03 - Rear end,Carlingwood West - Glabar Park - McKellar Heights
9675,MAITLAND AVE btwn LENESTER AVE & HWY417 IC126 RAMP36,363090.4691,5026116.707,-75.7558,45.37257,2017-12-26,3:36:00 PM,01 - Clear,01 - Dry,10 - No control,04 - At/near private drive,01 - Daylight,03 - P.D. only,02 - Angle,Carlingwood West - Glabar Park - McKellar Heights
9676,MAITLAND AVE btwn TARA DR & ERINDALE DR,363695.7873,5025212.9,-75.74818,45.36439,2017-04-19,8:12:00 AM,01 - Clear,01 - Dry,10 - No control,01 - Non intersection,01 - Daylight,03 - P.D. only,03 - Rear end,Braemar Park - Bel Air Heights - Copeland Park
9677,MAITLAND AVE btwn WOODWARD DR & GARFIELD AVE,363284.8678,5025639.511,-75.75337,45.36826,2017-09-08,8:16:00 PM,01 - Clear,01 - Dry,10 - No control,04 - At/near private drive,07 - Dark,02 - Non-fatal injury,99 - Other,Braemar Park - Bel Air Heights - Copeland Park
9678,MAITLAND AVE/GLENMOUNT AVE @ ERINDALE DR,363698.1874,5025210.836,-75.74815,45.36437,2017-06-20,12:25:00 PM,01 - Clear,01 - Dry,01 - Traffic signal,02 - Intersection related,01 - Daylight,03 - P.D. only,04 - Sideswipe,Braemar Park - Bel Air Heights - Copeland Park
9679,MAITLAND AVE/GLENMOUNT AVE @ ERINDALE DR,363697.4865,5025211.561,-75.74816,45.36437,2017-05-23,5:33:00 PM,01 - Clear,01 - Dry,01 - Traffic signal,02 - Intersection related,01 - Daylight,03 - P.D. only,04 - Sideswipe,Braemar Park - Bel Air Heights - Copeland Park
9680,MAITLAND AVE/GLENMOUNT AVE @ ERINDALE DR,363697.6652,5025211.665,-75.74816,45.36437,2017-10-05,5:05:00 PM,01 - Clear,01 - Dry,01 - Traffic signal,02 - Intersection related,01 - Daylight,03 - P.D. only,04 - Sideswipe,Braemar Park - Bel Air Heights - Copeland Park
9681,MAITLAND AVE/GLENMOUNT AVE @ ERINDALE DR,363697.426,5025211.328,-75.74816,45.36437,2017-09-29,8:34:00 PM,02 - Rain,02 - Wet,01 - Traffic signal,03 - At intersection,07 - Dark,03 - P.D. only,05 - Turning movement,Braemar Park - Bel Air Heights - Copeland Park
9682,MAITLAND AVE/GLENMOUNT AVE @ ERINDALE DR,363697.742,5025211.491,-75.74816,45.36437,2017-11-08,1:11:00 PM,01 - Clear,01 - Dry,01 - Traffic signal,02 - Intersection related,01 - Daylight,03 - P.D. only,04 - Sideswipe,Braemar Park - Bel Air Heights - Copeland Park
9683,MAITLAND AVE/GLENMOUNT AVE @ ERINDALE DR,363697.9081,5025211.609,-75.74815,45.36437,2017-11-30,9:31:00 AM,01 - Clear,01 - Dry,01 - Traffic signal,02 - Intersection related,01 - Daylight,02 - Non-fatal injury,03 - Rear end,Braemar Park - Bel Air Heights - Copeland Park
9684,MAITLAND AVE/GLENMOUNT AVE @ ERINDALE DR,363697.8916,5025212.486,-75.74815,45.36438,2017-12-04,5:23:00 PM,01 - Clear,01 - Dry,01 - Traffic signal,02 - Intersection related,07 - Dark,02 - Non-fatal injury,03 - Rear end,Braemar Park - Bel Air Heights - Copeland Park
9685,MAITLAND AVE/GLENMOUNT AVE @ ERINDALE DR,363698.6945,5025210.176,-75.74814,45.36436,2017-12-04,9:25:00 AM,01 - Clear,01 - Dry,01 - Traffic signal,02 - Intersection related,01 - Daylight,03 - P.D. only,03 - Rear end,Braemar Park - Bel Air Heights - Copeland Park
9686,MAITLAND AVE/GLENMOUNT AVE @ ERINDALE DR,363698.6945,5025213.521,-75.74814,45.36439,2017-03-06,9:25:00 AM,01 - Clear,01 - Dry,01 - Traffic signal,03 - At intersection,01 - Daylight,02 - Non-fatal injury,03 - Rear end,Braemar Park - Bel Air Heights - Copeland Park
9687,MAITLAND AVE/GLENMOUNT AVE @ ERINDALE DR,363698.2572,5025212.555,-75.74815,45.36438,2017-12-28,7:43:00 PM,01 - Clear,02 - Wet,01 - Traffic signal,02 - Intersection related,07 - Dark,03 - P.D. only,03 - Rear end,Braemar Park - Bel Air Heights - Copeland Park
9688,MAITLAND AVE/HWY 417 MAITLAND IC126R53 @ HWY 4,363229.2681,5025772.948,-75.75407,45.36946,2017-12-30,2:30:00 PM,01 - Clear,06 - Ice,01 - Traffic signal,02 - Intersection related,01 - Daylight,03 - P.D. only,03 - Rear end,Braemar Park - Bel Air Heights - Copeland Park
9689,MAITLAND AVE/HWY 417 MAITLAND IC126R53 @ HWY 4,363229.6335,5025774.315,-75.75406,45.36948,2017-08-09,1:47:00 PM,01 - Clear,01 - Dry,01 - Traffic signal,02 - Intersection related,01 - Daylight,03 - P.D. only,03 - Rear end,Braemar Park - Bel Air Heights - Copeland Park
9690,MAITLAND AVE/HWY 417 MAITLAND IC126R53 @ HWY 4,363229.9006,5025774.571,-75.75406,45.36948,2017-10-03,7:44:00 PM,01 - Clear,01 - Dry,01 - Traffic signal,03 - At intersection,07 - Dark,02 - Non-fatal injury,05 - Turning movement,Braemar Park - Bel Air Heights - Copeland Park
9691,MAITLAND AVE/HWY 417 MAITLAND IC126R53 @ HWY 4,363229.9553,5025774.739,-75.75406,45.36948,2017-09-04,8:36:00 PM,02 - Rain,02 - Wet,01 - Traffic signal,03 - At intersection,07 - Dark,02 - Non-fatal injury,05 - Turning movement,Braemar Park - Bel Air Heights - Copeland Park
9692,MAITLAND AVE/HWY 417 MAITLAND IC126R53 @ HWY 4,363229.5385,5025774.044,-75.75406,45.36947,2017-10-14,2:22:00 PM,01 - Clear,01 - Dry,01 - Traffic signal,03 - At intersection,01 - Daylight,02 - Non-fatal injury,05 - Turning movement,Braemar Park - Bel Air Heights - Copeland Park
9693,MAITLAND AVE/HWY 417 MAITLAND IC126R53 @ HWY 4,363229.1435,5025774.518,-75.75407,45.36948,2017-10-07,1:56:00 AM,01 - Clear,01 - Dry,01 - Traffic signal,03 - At intersection,07 - Dark,03 - P.D. only,05 - Turning movement,Braemar Park - Bel Air Heights - Copeland Park
9694,MAITLAND AVE/HWY 417 MAITLAND IC126R53 @ HWY 4,363229.2583,5025774.908,-75.75407,45.36948,2017-11-16,4:24:00 PM,02 - Rain,02 - Wet,01 - Traffic signal,03 - At intersection,05 - Dusk,02 - Non-fatal injury,05 - Turning movement,Braemar Park - Bel Air Heights - Copeland Park
9695,MAITLAND AVE/HWY 417 MAITLAND IC126R53 @ HWY 4,363230.0559,5025774.642,-75.75406,45.36948,2017-02-16,8:54:00 AM,01 - Clear,06 - Ice,01 - Traffic signal,02 - Intersection related,01 - Daylight,03 - P.D. only,04 - Sideswipe,Braemar Park - Bel Air Heights - Copeland Park
9696,MAJESTIC DR @ PRITCHARD DR,363353.6898,5021508.818,-75.75299,45.33109,2017-03-24,7:42:00 PM,03 - Snow,03 - Loose snow,03 - Yield sign,03 - At intersection,07 - Dark,03 - P.D. only,02 - Angle,Woodvale - Craig Henry - Manordale - Estates of Arlington Wo
9697,MAJESTIC DR @ WOODROFFE AVE,363527.22,5021570.782,-75.75076,45.33163,2017-09-07,3:53:00 PM,01 - Clear,02 - Wet,01 - Traffic signal,03 - At intersection,01 - Daylight,03 - P.D. only,03 - Rear end,Woodvale - Craig Henry - Manordale - Estates of Arlington Wo
9698,MAJESTIC DR @ WOODROFFE AVE,363527.6934,5021571.492,-75.75076,45.33163,2017-09-29,4:09:00 PM,01 - Clear,01 - Dry,01 - Traffic signal,02 - Intersection related,01 - Daylight,03 - P.D. only,03 - Rear end,Woodvale - Craig Henry - Manordale - Estates of Arlington Wo
9699,MAJESTIC DR @ WOODROFFE AVE,363528.6967,5021573.499,-75.75074,45.33165,2017-10-05,11:55:00 AM,01 - Clear,01 - Dry,01 - Traffic signal,02 - Intersection related,01 - Daylight,03 - P.D. only,03 - Rear end,Tanglewood
9700,MAJESTIC DR @ WOODROFFE AVE,363527.147,5021570.946,-75.75076,45.33163,2017-01-31,3:36:00 PM,01 - Clear,01 - Dry,01 - Traffic signal,02 - Intersection related,01 - Daylight,03 - P.D. only,04 - Sideswipe,Woodvale - Craig Henry - Manordale - Estates of Arlington Wo
9701,MAJESTIC DR @ WOODROFFE AVE,363527.6934,5021570.136,-75.75076,45.33162,2017-01-10,7:16:00 PM,03 - Snow,03 - Loose snow,01 - Traffic signal,03 - At intersection,07 - Dark,03 - P.D. only,05 - Turning movement,Woodvale - Craig Henry - Manordale - Estates of Arlington Wo
9702,MAJESTIC DR @ WOODROFFE AVE,363527.147,5021572.585,-75.75076,45.33164,2017-01-31,8:15:00 AM,01 - Clear,01 - Dry,01 - Traffic signal,02 - Intersection related,01 - Daylight,03 - P.D. only,03 - Rear end,Woodvale - Craig Henry - Manordale - Estates of Arlington Wo
9703,MAJESTIC DR @ WOODROFFE AVE,363527.6934,5021573.209,-75.75076,45.33165,2017-01-04,8:50:00 PM,03 - Snow,06 - Ice,01 - Traffic signal,03 - At intersection,07 - Dark,03 - P.D. only,03 - Rear end,Tanglewood
9704,MAJESTIC DR @ WOODROFFE AVE,363528.0279,5021570.824,-75.75075,45.33163,2017-02-19,8:51:00 PM,01 - Clear,01 - Dry,01 - Traffic signal,03 - At intersection,07 - Dark,02 - Non-fatal injury,07 - SMV other,Woodvale - Craig Henry - Manordale - Estates of Arlington Wo
9705,MALAKOFF RD btwn PADEN RD & DONNELLY DR,367863.6906,4989775.202,-75.69947,45.04515,2017-07-27,9:48:00 PM,01 - Clear,01 - Dry,10 - No control,01 - Non intersection,07 - Dark,03 - P.D. only,07 - SMV other,Munster Hamlet - Richmond
9706,MALAKOFF RD btwn TURN LANE & PADEN RD,366424.4894,4991364.813,-75.71754,45.05958,2017-05-17,6:41:00 AM,01 - Clear,01 - Dry,10 - No control,01 - Non intersection,01 - Daylight,02 - Non-fatal injury,07 - SMV other,Munster Hamlet - Richmond
9707,MALVERN DR btwn CHALICE CRT & SHERWAY DR,362804.8984,5015997.94,-75.76063,45.28154,2017-05-11,10:47:00 AM,01 - Clear,01 - Dry,10 - No control,01 - Non intersection,01 - Daylight,02 - Non-fatal injury,07 - SMV other,Barrhaven West - Old Barrhaven
9708,MALVERN DR btwn CHALICE CRT & SHERWAY DR,362632.9606,5015868.253,-75.76284,45.28039,2017-08-15,5:41:00 PM,01 - Clear,01 - Dry,10 - No control,04 - At/near private drive,01 - Daylight,03 - P.D. only,02 - Angle,Barrhaven West - Old Barrhaven
9709,MANCHESTER AVE @ SCOTT ST,365361.0271,5029976.243,-75.72634,45.4071,2017-05-24,3:55:00 PM,01 - Clear,01 - Dry,02 - Stop sign,02 - Intersection related,01 - Daylight,03 - P.D. only,03 - Rear end,Mechanicsville
9710,MANDALAY ST btwn SWEETFERN CRES & SWEETVALLEY DR,384702.898,5034162.175,-75.47861,45.44282,2017-05-19,11:17:00 AM,01 - Clear,01 - Dry,10 - No control,01 - Non intersection,01 - Daylight,03 - P.D. only,06 - SMV unattended vehicle,Avalon
9711,MANN AVE @ GOULBURN AVE/GOULBURN CRES,369686.6252,5031637.272,-75.67087,45.42166,2017-10-10,12:10:00 PM,01 - Clear,01 - Dry,02 - Stop sign,03 - At intersection,01 - Daylight,02 - Non-fatal injury,02 - Angle,Sandy Hill
9712,MANN AVE @ GOULBURN AVE/GOULBURN CRES,369688.4514,5031636.358,-75.67084,45.42165,2017-10-29,11:26:00 AM,02 - Rain,02 - Wet,02 - Stop sign,03 - At intersection,01 - Daylight,03 - P.D. only,02 - Angle,Sandy Hill
9713,MANN AVE @ RUSSELL AVE,369470.7145,5031504.82,-75.67364,45.42049,2017-12-15,7:29:00 AM,01 - Clear,06 - Ice,02 - Stop sign,03 - At intersection,03 - Dawn,03 - P.D. only,02 - Angle,Sandy Hill
9714,MANN AVE btwn MARLBOROUGH AVE & RANGE RD,369787.6203,5031694.19,-75.66957,45.42216,2017-07-18,12:19:00 PM,01 - Clear,01 - Dry,10 - No control,01 - Non intersection,01 - Daylight,03 - P.D. only,06 - SMV unattended vehicle,Sandy Hill
9715,MANN AVE btwn TURN LANE & RUSSELL AVE,369262.4572,5031381.222,-75.67632,45.4194,2017-02-18,4:30:00 PM,01 - Clear,01 - Dry,10 - No control,01 - Non intersection,01 - Daylight,03 - P.D. only,01 - Approaching,Sandy Hill
9716,MANN AVE btwn TURN LANE & RUSSELL AVE,369398.0976,5031461.958,-75.67458,45.42011,2017-02-14,12:00:00 AM,01 - Clear,04 - Slush,10 - No control,01 - Non intersection,00 - Unknown,03 - P.D. only,06 - SMV unattended vehicle,Sandy Hill
9717,MANN AVE btwn TURN LANE & RUSSELL AVE,369446.2998,5031487.859,-75.67396,45.42034,2017-03-03,2:42:00 PM,01 - Clear,01 - Dry,10 - No control,01 - Non intersection,01 - Daylight,03 - P.D. only,04 - Sideswipe,Sandy Hill
9718,MANOTICK MAIN ST @ MILL ST,368820.363,5009830.72,-75.68476,45.22553,2017-05-16,11:15:00 AM,01 - Clear,01 - Dry,02 - Stop sign,02 - Intersection related,01 - Daylight,03 - P.D. only,04 - Sideswipe,Manotick
9719,MANOTICK MAIN ST @ MILL ST,368820.363,5009832.058,-75.68476,45.22554,2017-06-10,5:40:00 PM,01 - Clear,01 - Dry,02 - Stop sign,03 - At intersection,01 - Daylight,03 - P.D. only,02 - Angle,Manotick
9720,MANOTICK MAIN ST btwn BANKFIELD RD & HIGHCROFT DR,368463.3862,5010117.676,-75.68926,45.22814,2017-06-14,4:30:00 PM,01 - Clear,01 - Dry,10 - No control,01 - Non intersection,01 - Daylight,02 - Non-fatal injury,03 - Rear end,Manotick
9721,MANOTICK MAIN ST btwn BEAVERWOOD RD & CURRIER ST,368980.7503,5009686.441,-75.68273,45.22422,2017-09-15,6:06:00 PM,01 - Clear,01 - Dry,10 - No control,04 - At/near private drive,01 - Daylight,03 - P.D. only,06 - SMV unattended vehicle,Manotick