Record,Location,X,Y,Longitude,Latitude,Date,Time,Environment,Road_Surface,Traffic_Control,Collision_Location,Light,Collision_Classification,Impact_type,Neighborhood
9722,MANOTICK MAIN ST btwn CURRIER ST & EASTMAN AVE,369063.5912,5009614.58,-75.68169,45.22356,2017-05-03,1:21:00 AM,01 - Clear,01 - Dry,10 - No control,01 - Non intersection,07 - Dark,03 - P.D. only,06 - SMV unattended vehicle,Manotick
9723,MANOTICK MAIN ST btwn HIGHCROFT DR & MAPLE AVE,368660.7153,5009957.586,-75.68677,45.22669,2017-05-13,10:12:00 AM,02 - Rain,02 - Wet,10 - No control,04 - At/near private drive,01 - Daylight,03 - P.D. only,02 - Angle,Manotick
9724,MANOTICK MAIN ST btwn HIGHCROFT DR & MAPLE AVE,368655.1456,5009961.155,-75.68684,45.22672,2017-06-16,1:03:00 PM,01 - Clear,02 - Wet,10 - No control,04 - At/near private drive,01 - Daylight,03 - P.D. only,02 - Angle,Manotick
9725,MANOTICK MAIN ST btwn MAHOGANY HARBOUR LANE & ANTOCHI LANE,369637.7438,5009142.799,-75.67444,45.21926,2017-09-18,12:22:00 PM,01 - Clear,01 - Dry,10 - No control,01 - Non intersection,01 - Daylight,03 - P.D. only,06 - SMV unattended vehicle,Manotick
9726,MANOTICK STATION RD @ MITCH OWENS RD,373509.0796,5013268.431,-75.62458,45.25602,2017-03-17,11:18:00 AM,01 - Clear,01 - Dry,02 - Stop sign,03 - At intersection,01 - Daylight,03 - P.D. only,02 - Angle,Greely
9727,MANOTICK STATION RD @ SNAKE ISLAND RD,376805.404,5005702.033,-75.58368,45.18761,2017-07-01,10:43:00 PM,02 - Rain,02 - Wet,02 - Stop sign,02 - Intersection related,07 - Dark,02 - Non-fatal injury,07 - SMV other,Kars - Osgoode
9728,MANOTICK STATION RD @ SNAKE ISLAND RD,376805.404,5005703.371,-75.58368,45.18762,2017-04-06,7:45:00 AM,02 - Rain,02 - Wet,02 - Stop sign,02 - Intersection related,01 - Daylight,03 - P.D. only,02 - Angle,Kars - Osgoode
9729,MANOTICK STATION RD @ SNAKE ISLAND RD,376814.2846,5005703.373,-75.58357,45.18762,2017-12-22,12:10:00 PM,03 - Snow,03 - Loose snow,02 - Stop sign,02 - Intersection related,01 - Daylight,02 - Non-fatal injury,07 - SMV other,Kars - Osgoode
9730,MANOTICK STATION RD btwn DEERMEADOW DR & NICK ADAMS RD,375057.6048,5009793.629,-75.60534,45.2246,2017-04-16,10:35:00 AM,02 - Rain,02 - Wet,10 - No control,01 - Non intersection,01 - Daylight,03 - P.D. only,07 - SMV other,Manotick
9731,MANOTICK STATION RD btwn DEERMEADOW DR & NICK ADAMS RD,374880.2051,5010215.913,-75.60754,45.22842,2017-12-22,12:08:00 PM,03 - Snow,03 - Loose snow,10 - No control,04 - At/near private drive,01 - Daylight,03 - P.D. only,03 - Rear end,Osgoode
9732,MANOTICK STATION RD btwn HERBERTS CORNERS RD & SNAKE ISLAND RD,376708.414,5005823.772,-75.5849,45.18871,2017-06-05,11:15:00 PM,01 - Clear,02 - Wet,10 - No control,01 - Non intersection,07 - Dark,03 - P.D. only,07 - SMV other,Kars - Osgoode
9733,MANOTICK STATION RD btwn HERBERTS CORNERS RD & SNAKE ISLAND RD,376785.3371,5005708.053,-75.58394,45.18767,2017-06-19,9:30:00 PM,02 - Rain,02 - Wet,10 - No control,01 - Non intersection,07 - Dark,03 - P.D. only,07 - SMV other,Kars - Osgoode
9734,MANOTICK STATION RD btwn HERBERTS CORNERS RD & SNAKE ISLAND RD,376758.3878,5005724.791,-75.58428,45.18782,2017-12-27,4:56:00 PM,01 - Clear,01 - Dry,10 - No control,01 - Non intersection,05 - Dusk,03 - P.D. only,07 - SMV other,Kars - Osgoode
9735,MANOTICK STATION RD btwn MITCH OWENS RD & PEBBLEWOODS DR,373686.414,5012862.368,-75.62238,45.25235,2017-05-17,6:52:00 PM,01 - Clear,01 - Dry,10 - No control,01 - Non intersection,01 - Daylight,03 - P.D. only,07 - SMV other,Manotick
9736,MANOTICK STATION RD btwn MITCH OWENS RD & PEBBLEWOODS DR,373565.2668,5013147.361,-75.62388,45.25492,2017-11-01,6:45:00 AM,01 - Clear,01 - Dry,10 - No control,01 - Non intersection,07 - Dark,03 - P.D. only,07 - SMV other,Osgoode
9737,MANOTICK STATION RD btwn NICK ADAMS RD & HERBERTS CORNERS RD,375926.4798,5007709.624,-75.59458,45.20576,2017-12-10,5:15:00 PM,01 - Clear,01 - Dry,10 - No control,01 - Non intersection,07 - Dark,03 - P.D. only,07 - SMV other,Kars - Osgoode
9738,MAPLE FOREST DR btwn STILLWOOD DR & END,368085.7726,4999691.577,-75.6954,45.13436,2017-03-11,9:43:00 PM,01 - Clear,01 - Dry,10 - No control,01 - Non intersection,07 - Dark,03 - P.D. only,07 - SMV other,Manotick - North Gower
9739,MAPLE GROVE RD @ MONTSERRAT ST/WARMSTONE DR,350006.5211,5016472.746,-75.92371,45.28676,2017-03-28,8:00:00 PM,01 - Clear,01 - Dry,02 - Stop sign,02 - Intersection related,07 - Dark,03 - P.D. only,07 - SMV other,Stittsville
9740,MAPLE GROVE RD @ SANTOLINA ST,349722.7444,5016214.028,-75.92736,45.28445,2017-02-17,12:18:00 PM,01 - Clear,02 - Wet,02 - Stop sign,03 - At intersection,01 - Daylight,03 - P.D. only,02 - Angle,Stittsville
9741,MAPLE GROVE RD @ TERRY FOX DR,351553.2742,5017865.133,-75.90387,45.29918,2017-06-02,10:28:00 AM,01 - Clear,01 - Dry,01 - Traffic signal,02 - Intersection related,01 - Daylight,03 - P.D. only,99 - Other,Katimavik - Hazeldean
9742,MAPLE GROVE RD @ TERRY FOX DR,351553.2742,5017863.796,-75.90387,45.29917,2017-06-24,11:51:00 AM,01 - Clear,01 - Dry,01 - Traffic signal,02 - Intersection related,01 - Daylight,03 - P.D. only,03 - Rear end,Katimavik - Hazeldean
9743,MAPLE GROVE RD @ TERRY FOX DR,351553.2742,5017865.133,-75.90387,45.29918,2017-06-30,5:32:00 PM,02 - Rain,02 - Wet,01 - Traffic signal,02 - Intersection related,01 - Daylight,03 - P.D. only,03 - Rear end,Katimavik - Hazeldean
9744,MAPLE GROVE RD @ TERRY FOX DR,351555.2808,5017864.465,-75.90384,45.29918,2017-10-17,5:01:00 PM,01 - Clear,01 - Dry,01 - Traffic signal,02 - Intersection related,01 - Daylight,03 - P.D. only,05 - Turning movement,Katimavik - Hazeldean
9745,MAPLE GROVE RD @ TERRY FOX DR,351554.6119,5017863.796,-75.90385,45.29917,2017-12-05,1:47:00 PM,01 - Clear,02 - Wet,01 - Traffic signal,02 - Intersection related,01 - Daylight,03 - P.D. only,03 - Rear end,Katimavik - Hazeldean
9746,MAPLE GROVE RD @ TERRY FOX DR,351553.9431,5017865.133,-75.90386,45.29918,2017-11-25,2:33:00 PM,02 - Rain,02 - Wet,01 - Traffic signal,02 - Intersection related,01 - Daylight,03 - P.D. only,03 - Rear end,Katimavik - Hazeldean
9747,MAPLE GROVE RD @ TERRY FOX DR,351553.1352,5017863.281,-75.90387,45.29917,2017-11-02,6:06:00 PM,02 - Rain,02 - Wet,01 - Traffic signal,02 - Intersection related,07 - Dark,03 - P.D. only,03 - Rear end,Katimavik - Hazeldean
9748,MAPLE GROVE RD @ TERRY FOX DR,351553.6086,5017864.228,-75.90386,45.29918,2017-12-23,3:20:00 PM,03 - Snow,03 - Loose snow,01 - Traffic signal,02 - Intersection related,01 - Daylight,03 - P.D. only,04 - Sideswipe,Katimavik - Hazeldean
9749,MAPLE GROVE RD @ TERRY FOX DR,351554.0865,5017863.748,-75.90386,45.29917,2017-12-19,6:15:00 PM,01 - Clear,01 - Dry,01 - Traffic signal,03 - At intersection,07 - Dark,03 - P.D. only,05 - Turning movement,Katimavik - Hazeldean
9750,MAPLE GROVE RD @ TERRY FOX DR,351552.6528,5017863.27,-75.90387,45.29917,2017-12-16,12:42:00 PM,01 - Clear,02 - Wet,01 - Traffic signal,02 - Intersection related,01 - Daylight,02 - Non-fatal injury,03 - Rear end,Katimavik - Hazeldean
9751,MAPLE GROVE RD btwn Continuation of MAPLE GROVE RD & SILVER SEVEN RD,351178.9153,5017526.458,-75.90867,45.29616,2017-05-11,4:00:00 PM,01 - Clear,01 - Dry,10 - No control,01 - Non intersection,01 - Daylight,03 - P.D. only,07 - SMV other,Katimavik - Hazeldean
9752,MAPLE GROVE RD btwn HUNTMAR DR & ROSEHILL AVE,350287.7818,5016729.784,-75.92011,45.28905,2017-03-15,8:05:00 PM,01 - Clear,05 - Packed snow,10 - No control,01 - Non intersection,07 - Dark,03 - P.D. only,01 - Approaching,Stittsville
9753,MAPLE GROVE RD btwn SILVER SEVEN RD & TERRY FOX DR,351351.3301,5017675.448,-75.90646,45.29749,2017-04-08,3:30:00 PM,01 - Clear,01 - Dry,10 - No control,01 - Non intersection,01 - Daylight,03 - P.D. only,03 - Rear end,Katimavik - Hazeldean
9754,MAPLE ST btwn CYR AVE & OLMSTEAD ST,370368.8025,5032857.598,-75.66199,45.43258,2017-03-31,11:58:00 PM,02 - Rain,04 - Slush,10 - No control,01 - Non intersection,07 - Dark,03 - P.D. only,06 - SMV unattended vehicle,Vanier South
9755,MARAVISTA DR @ STRANDHERD DR,361288.4381,5014584.958,-75.78012,45.26895,2017-06-01,4:49:00 PM,01 - Clear,01 - Dry,01 - Traffic signal,03 - At intersection,01 - Daylight,03 - P.D. only,05 - Turning movement,Munster Hamlet - Richmond
9756,MARAVISTA DR @ STRANDHERD DR,361288.4381,5014584.958,-75.78012,45.26895,2017-05-18,5:23:00 PM,01 - Clear,01 - Dry,01 - Traffic signal,03 - At intersection,01 - Daylight,02 - Non-fatal injury,02 - Angle,Munster Hamlet - Richmond
9757,MARAVISTA DR @ STRANDHERD DR,361288.4381,5014584.958,-75.78012,45.26895,2017-09-26,7:50:00 PM,01 - Clear,01 - Dry,01 - Traffic signal,02 - Intersection related,07 - Dark,03 - P.D. only,03 - Rear end,Munster Hamlet - Richmond
9758,MARAVISTA DR @ STRANDHERD DR,361288.4381,5014584.958,-75.78012,45.26895,2017-10-12,12:32:00 PM,01 - Clear,01 - Dry,01 - Traffic signal,03 - At intersection,01 - Daylight,03 - P.D. only,02 - Angle,Munster Hamlet - Richmond
9759,MARAVISTA DR @ STRANDHERD DR,361288.4381,5014584.958,-75.78012,45.26895,2017-11-04,6:19:00 PM,01 - Clear,01 - Dry,01 - Traffic signal,02 - Intersection related,07 - Dark,03 - P.D. only,03 - Rear end,Munster Hamlet - Richmond
9760,MARAVISTA DR @ STRANDHERD DR,361288.4381,5014584.958,-75.78012,45.26895,2017-03-13,3:20:00 PM,01 - Clear,01 - Dry,01 - Traffic signal,02 - Intersection related,01 - Daylight,03 - P.D. only,03 - Rear end,Munster Hamlet - Richmond
9761,MARAVISTA DR @ STRANDHERD DR,361288.4381,5014584.958,-75.78012,45.26895,2017-03-24,9:54:00 PM,04 - Freezing Rain,04 - Slush,01 - Traffic signal,03 - At intersection,07 - Dark,03 - P.D. only,07 - SMV other,Munster Hamlet - Richmond
9762,MARCH RD @ HUNTMAR DR,344141.3335,5023548.213,-75.99792,45.35078,2017-12-20,5:25:00 PM,01 - Clear,01 - Dry,02 - Stop sign,02 - Intersection related,07 - Dark,03 - P.D. only,07 - SMV other,Carp - Hardwood Plains
9763,MARCH RD @ MARCHURST RD,345133.2446,5024452.848,-75.98519,45.35886,2017-11-13,4:36:00 PM,01 - Clear,01 - Dry,02 - Stop sign,02 - Intersection related,05 - Dusk,03 - P.D. only,03 - Rear end,Carp - Hardwood Plains
9764,MARCH RD @ MARCHURST RD,345134.9991,5024451.984,-75.98516,45.35885,2017-12-18,2:57:00 PM,03 - Snow,03 - Loose snow,02 - Stop sign,02 - Intersection related,01 - Daylight,02 - Non-fatal injury,05 - Turning movement,Carp - Hardwood Plains
9765,MARCH RD @ MAXWELL RD,347978.861,5025470.144,-75.94878,45.36784,2017-02-14,4:55:00 PM,03 - Snow,03 - Loose snow,02 - Stop sign,02 - Intersection related,05 - Dusk,03 - P.D. only,03 - Rear end,Carp - Hardwood Plains
9766,MARCH RD @ MORGAN'S GRANT WAY/SHIRLEY'S BROOK,349662.6125,5023618.179,-75.92745,45.35107,2017-05-17,4:47:00 PM,01 - Clear,01 - Dry,01 - Traffic signal,03 - At intersection,01 - Daylight,03 - P.D. only,05 - Turning movement,Morgan's Grant
9767,MARCH RD @ MORGAN'S GRANT WAY/SHIRLEY'S BROOK,349663.2814,5023617.51,-75.92744,45.35107,2017-04-27,12:53:00 PM,01 - Clear,01 - Dry,01 - Traffic signal,02 - Intersection related,01 - Daylight,03 - P.D. only,03 - Rear end,South March
9768,MARCH RD @ MORGAN'S GRANT WAY/SHIRLEY'S BROOK,349663.2814,5023616.841,-75.92744,45.35106,2017-06-09,10:27:00 PM,01 - Clear,01 - Dry,01 - Traffic signal,03 - At intersection,07 - Dark,03 - P.D. only,05 - Turning movement,South March
9769,MARCH RD @ MORGAN'S GRANT WAY/SHIRLEY'S BROOK,349662.2107,5023619.014,-75.92746,45.35108,2017-06-28,1:14:00 PM,01 - Clear,01 - Dry,01 - Traffic signal,02 - Intersection related,01 - Daylight,02 - Non-fatal injury,03 - Rear end,Morgan's Grant
9770,MARCH RD @ MORGAN'S GRANT WAY/SHIRLEY'S BROOK,349662.5309,5023616.915,-75.92745,45.35106,2017-09-21,5:33:00 PM,01 - Clear,01 - Dry,01 - Traffic signal,03 - At intersection,01 - Daylight,02 - Non-fatal injury,05 - Turning movement,Morgan's Grant
9771,MARCH RD @ MORGAN'S GRANT WAY/SHIRLEY'S BROOK,349662.0826,5023618.22,-75.92746,45.35107,2017-09-28,8:21:00 AM,01 - Clear,01 - Dry,01 - Traffic signal,02 - Intersection related,01 - Daylight,03 - P.D. only,04 - Sideswipe,Morgan's Grant
9772,MARCH RD @ MORGAN'S GRANT WAY/SHIRLEY'S BROOK,349661.9437,5023616.841,-75.92746,45.35106,2017-11-28,5:07:00 PM,01 - Clear,01 - Dry,01 - Traffic signal,03 - At intersection,07 - Dark,03 - P.D. only,05 - Turning movement,Morgan's Grant
9773,MARCH RD @ MORGAN'S GRANT WAY/SHIRLEY'S BROOK,349662.6125,5023617.51,-75.92745,45.35107,2017-04-18,9:31:00 AM,01 - Clear,01 - Dry,01 - Traffic signal,03 - At intersection,01 - Daylight,03 - P.D. only,05 - Turning movement,Morgan's Grant
9774,MARCH RD @ MORGAN'S GRANT WAY/SHIRLEY'S BROOK,349661.1358,5023616.8,-75.92747,45.35106,2017-12-26,2:33:00 PM,01 - Clear,01 - Dry,01 - Traffic signal,03 - At intersection,01 - Daylight,03 - P.D. only,03 - Rear end,Morgan's Grant
9775,MARCH RD @ PETER ROBINSON RD,334998.5534,5015264.615,-76.1151,45.27669,2017-09-22,6:28:00 AM,"07 - Fog, mist, smoke, dust",01 - Dry,02 - Stop sign,02 - Intersection related,03 - Dawn,03 - P.D. only,07 - SMV other,Carp - Hardwood Plains
9776,MARCH RD @ PETER ROBINSON RD,334998.1362,5015265.274,-76.11511,45.2767,2017-09-18,8:08:00 PM,01 - Clear,01 - Dry,02 - Stop sign,03 - At intersection,07 - Dark,02 - Non-fatal injury,05 - Turning movement,Carp - Hardwood Plains
9777,MARCH RD @ RICHARDSON SIDE RD,351414.9507,5021780.151,-75.90526,45.33442,2017-06-16,11:05:00 PM,01 - Clear,01 - Dry,01 - Traffic signal,02 - Intersection related,07 - Dark,03 - P.D. only,03 - Rear end,South March
9778,MARCH RD @ RICHARDSON SIDE RD,351413.6129,5021780.151,-75.90528,45.33442,2017-06-24,4:55:00 PM,01 - Clear,01 - Dry,01 - Traffic signal,02 - Intersection related,01 - Daylight,03 - P.D. only,03 - Rear end,South March
9779,MARCH RD @ RICHARDSON SIDE RD,351414.9507,5021780.151,-75.90526,45.33442,2017-04-28,5:20:00 PM,01 - Clear,01 - Dry,01 - Traffic signal,03 - At intersection,01 - Daylight,03 - P.D. only,05 - Turning movement,South March
9780,MARCH RD @ RICHARDSON SIDE RD,351414.3894,5021779.388,-75.90527,45.33441,2017-05-29,8:00:00 PM,02 - Rain,02 - Wet,01 - Traffic signal,02 - Intersection related,01 - Daylight,03 - P.D. only,03 - Rear end,South March
9781,MARCH RD @ RICHARDSON SIDE RD,351414.6162,5021780.765,-75.90527,45.33443,2017-08-16,9:55:00 AM,01 - Clear,01 - Dry,01 - Traffic signal,02 - Intersection related,01 - Daylight,03 - P.D. only,03 - Rear end,South March
9782,MARCH RD @ RICHARDSON SIDE RD,351414.7796,5021778.897,-75.90526,45.33441,2017-08-21,9:00:00 AM,01 - Clear,01 - Dry,01 - Traffic signal,02 - Intersection related,01 - Daylight,03 - P.D. only,03 - Rear end,South March
9783,MARCH RD @ RICHARDSON SIDE RD,351416.8211,5021778.341,-75.90524,45.3344,2017-10-12,8:54:00 AM,01 - Clear,01 - Dry,01 - Traffic signal,02 - Intersection related,01 - Daylight,03 - P.D. only,04 - Sideswipe,South March
9784,MARCH RD @ RICHARDSON SIDE RD,351414.7286,5021779.541,-75.90526,45.33442,2017-01-16,5:49:00 PM,01 - Clear,01 - Dry,01 - Traffic signal,02 - Intersection related,07 - Dark,03 - P.D. only,04 - Sideswipe,South March
9785,MARCH RD @ RICHARDSON SIDE RD,351416.1453,5021780.532,-75.90525,45.33442,2017-02-06,8:30:00 AM,01 - Clear,06 - Ice,01 - Traffic signal,02 - Intersection related,01 - Daylight,03 - P.D. only,03 - Rear end,South March
9786,MARCH RD @ RICHARDSON SIDE RD,351412.5082,5021780.064,-75.90529,45.33442,2017-04-11,12:00:00 PM,01 - Clear,01 - Dry,01 - Traffic signal,02 - Intersection related,01 - Daylight,03 - P.D. only,04 - Sideswipe,South March
9787,MARCH RD @ RICHARDSON SIDE RD,351416.2884,5021778.814,-75.90525,45.33441,2017-03-30,9:09:00 AM,01 - Clear,01 - Dry,01 - Traffic signal,03 - At intersection,01 - Daylight,02 - Non-fatal injury,05 - Turning movement,South March
9788,MARCH RD @ SECOND LINE RD,346103.2565,5025327.525,-75.97273,45.36667,2017-10-02,10:50:00 PM,01 - Clear,01 - Dry,01 - Traffic signal,02 - Intersection related,07 - Dark,03 - P.D. only,03 - Rear end,Carp - Hardwood Plains
9789,MARCH RD @ SECOND LINE RD,346104.8242,5025326.291,-75.97271,45.36666,2017-01-03,3:32:00 PM,04 - Freezing Rain,04 - Slush,01 - Traffic signal,03 - At intersection,01 - Daylight,02 - Non-fatal injury,02 - Angle,Carp - Hardwood Plains
9790,MARCH RD @ SECOND LINE RD,346103.1162,5025326.815,-75.97273,45.36667,2017-12-28,4:33:00 PM,01 - Clear,01 - Dry,01 - Traffic signal,02 - Intersection related,05 - Dusk,03 - P.D. only,07 - SMV other,Carp - Hardwood Plains
9791,MARCH RD @ SOLANDT RD,350491.2807,5022711.171,-75.91696,45.34286,2017-06-13,5:30:00 PM,01 - Clear,01 - Dry,01 - Traffic signal,03 - At intersection,01 - Daylight,03 - P.D. only,05 - Turning movement,South March
9792,MARCH RD @ SOLANDT RD,350491.137,5022710.502,-75.91696,45.34285,2017-06-02,7:58:00 AM,01 - Clear,01 - Dry,01 - Traffic signal,03 - At intersection,01 - Daylight,03 - P.D. only,05 - Turning movement,South March
9793,MARCH RD @ SOLANDT RD,350489.2741,5022711.171,-75.91699,45.34286,2017-05-09,9:30:00 AM,01 - Clear,01 - Dry,01 - Traffic signal,02 - Intersection related,01 - Daylight,03 - P.D. only,03 - Rear end,South March
9794,MARCH RD @ SOLANDT RD,350490.6118,5022708.496,-75.91697,45.34284,2017-10-31,3:47:00 PM,01 - Clear,01 - Dry,01 - Traffic signal,03 - At intersection,01 - Daylight,03 - P.D. only,05 - Turning movement,South March
9795,MARCH RD @ SOLANDT RD,350490.5553,5022710.266,-75.91697,45.34285,2017-10-24,7:37:00 AM,02 - Rain,02 - Wet,01 - Traffic signal,03 - At intersection,01 - Daylight,03 - P.D. only,05 - Turning movement,South March
9796,MARCH RD @ SOLANDT RD,350489.1616,5022710.279,-75.91699,45.34285,2017-09-12,7:13:00 AM,01 - Clear,01 - Dry,01 - Traffic signal,02 - Intersection related,01 - Daylight,03 - P.D. only,03 - Rear end,South March
9797,MARCH RD @ SOLANDT RD,350489.2741,5022710.502,-75.91699,45.34285,2017-02-16,7:15:00 PM,01 - Clear,01 - Dry,01 - Traffic signal,03 - At intersection,07 - Dark,03 - P.D. only,05 - Turning movement,South March
9798,MARCH RD @ SOLANDT RD,350491.3187,5022708.592,-75.91696,45.34284,2017-04-18,3:58:00 PM,01 - Clear,01 - Dry,01 - Traffic signal,02 - Intersection related,01 - Daylight,02 - Non-fatal injury,03 - Rear end,South March
9799,MARCH RD @ SOLANDT RD,350490.6118,5022710.502,-75.91697,45.34285,2017-03-22,9:35:00 AM,01 - Clear,01 - Dry,01 - Traffic signal,03 - At intersection,01 - Daylight,02 - Non-fatal injury,05 - Turning movement,South March
9800,MARCH RD @ SOLANDT RD,350491.0508,5022711.105,-75.91696,45.34286,2017-12-20,3:51:00 PM,01 - Clear,01 - Dry,01 - Traffic signal,03 - At intersection,01 - Daylight,03 - P.D. only,03 - Rear end,South March
9801,MARCH RD @ SOLANDT RD,350489.1351,5022710.266,-75.91699,45.34285,2017-12-21,10:30:00 AM,01 - Clear,01 - Dry,01 - Traffic signal,03 - At intersection,01 - Daylight,03 - P.D. only,02 - Angle,South March
9802,MARCH RD @ TALL FOREST DR E,343831.1002,5023266.753,-76.0019,45.34826,2017-08-31,6:32:00 PM,01 - Clear,01 - Dry,02 - Stop sign,03 - At intersection,01 - Daylight,03 - P.D. only,02 - Angle,Carp - Hardwood Plains
9803,MARCH RD @ TERRY FOX DR,349862.9364,5023399.509,-75.92491,45.34909,2017-05-18,9:47:00 AM,01 - Clear,01 - Dry,01 - Traffic signal,02 - Intersection related,01 - Daylight,03 - P.D. only,03 - Rear end,Morgan's Grant
9804,MARCH RD @ TERRY FOX DR,349863.6053,5023400.178,-75.92491,45.3491,2017-06-14,6:47:00 PM,01 - Clear,01 - Dry,01 - Traffic signal,02 - Intersection related,01 - Daylight,02 - Non-fatal injury,03 - Rear end,South March
9805,MARCH RD @ TERRY FOX DR,349866.2808,5023398.84,-75.92487,45.34909,2017-04-24,2:47:00 PM,01 - Clear,01 - Dry,01 - Traffic signal,02 - Intersection related,01 - Daylight,03 - P.D. only,03 - Rear end,South March
9806,MARCH RD @ TERRY FOX DR,349866.2808,5023399.509,-75.92487,45.34909,2017-06-13,8:15:00 PM,01 - Clear,01 - Dry,01 - Traffic signal,02 - Intersection related,05 - Dusk,03 - P.D. only,03 - Rear end,South March
9807,MARCH RD @ TERRY FOX DR,349864.9431,5023398.84,-75.92489,45.34909,2017-06-29,11:53:00 AM,02 - Rain,02 - Wet,01 - Traffic signal,02 - Intersection related,01 - Daylight,03 - P.D. only,03 - Rear end,South March
9808,MARCH RD @ TERRY FOX DR,349864.6086,5023399.285,-75.92489,45.34909,2017-08-24,5:49:00 PM,01 - Clear,01 - Dry,01 - Traffic signal,02 - Intersection related,01 - Daylight,03 - P.D. only,03 - Rear end,South March
9809,MARCH RD @ TERRY FOX DR,349863.9676,5023398.227,-75.9249,45.34908,2017-07-24,3:37:00 PM,02 - Rain,02 - Wet,01 - Traffic signal,02 - Intersection related,01 - Daylight,03 - P.D. only,03 - Rear end,Morgan's Grant
9810,MARCH RD @ TERRY FOX DR,349865.0555,5023400.179,-75.92489,45.3491,2017-09-03,10:39:00 AM,02 - Rain,02 - Wet,01 - Traffic signal,03 - At intersection,01 - Daylight,02 - Non-fatal injury,04 - Sideswipe,South March
9811,MARCH RD @ TERRY FOX DR,349865.0865,5023398.792,-75.92489,45.34909,2017-09-20,4:15:00 PM,01 - Clear,01 - Dry,01 - Traffic signal,02 - Intersection related,01 - Daylight,03 - P.D. only,03 - Rear end,South March
9812,MARCH RD @ TERRY FOX DR,349863.5157,5023399.509,-75.92491,45.34909,2017-10-14,8:00:00 AM,02 - Rain,02 - Wet,01 - Traffic signal,02 - Intersection related,01 - Daylight,03 - P.D. only,07 - SMV other,Morgan's Grant
9813,MARCH RD @ TERRY FOX DR,349865.082,5023400.692,-75.92489,45.3491,2017-09-27,2:43:00 PM,01 - Clear,01 - Dry,01 - Traffic signal,02 - Intersection related,01 - Daylight,02 - Non-fatal injury,03 - Rear end,South March
9814,MARCH RD @ TERRY FOX DR,349864.6086,5023399.27,-75.92489,45.34909,2017-10-20,7:04:00 PM,01 - Clear,01 - Dry,01 - Traffic signal,02 - Intersection related,07 - Dark,03 - P.D. only,99 - Other,South March
9815,MARCH RD @ TERRY FOX DR,349864.0622,5023398.416,-75.9249,45.34908,2017-10-04,5:45:00 PM,01 - Clear,01 - Dry,01 - Traffic signal,02 - Intersection related,01 - Daylight,03 - P.D. only,04 - Sideswipe,Morgan's Grant
9816,MARCH RD @ TERRY FOX DR,349864.6086,5023400.219,-75.92489,45.3491,2017-12-02,6:19:00 PM,01 - Clear,01 - Dry,01 - Traffic signal,02 - Intersection related,07 - Dark,03 - P.D. only,04 - Sideswipe,South March
9817,MARCH RD @ TERRY FOX DR,349865.467,5023397.792,-75.92488,45.34908,2017-01-08,2:48:00 PM,01 - Clear,02 - Wet,01 - Traffic signal,02 - Intersection related,01 - Daylight,03 - P.D. only,03 - Rear end,South March
9818,MARCH RD @ TERRY FOX DR,349865.0865,5023399.748,-75.92489,45.3491,2017-12-27,2:55:00 PM,01 - Clear,06 - Ice,01 - Traffic signal,02 - Intersection related,01 - Daylight,03 - P.D. only,07 - SMV other,South March
9819,MARCH RD @ TERRY FOX DR,349864.6086,5023398.792,-75.92489,45.34909,2017-12-19,8:32:00 AM,01 - Clear,03 - Loose snow,01 - Traffic signal,03 - At intersection,01 - Daylight,03 - P.D. only,07 - SMV other,South March
9820,MARCH RD @ THOMAS ARGUE RD,341132.697,5020807.89,-76.03651,45.32628,2017-11-28,11:07:00 AM,01 - Clear,01 - Dry,02 - Stop sign,03 - At intersection,01 - Daylight,03 - P.D. only,02 - Angle,Carp - Hardwood Plains
9821,MARCH RD @ UPPER DWYER HILL RD,334081.4419,5014290.79,-76.12685,45.26797,2017-09-06,7:25:00 AM,"07 - Fog, mist, smoke, dust",01 - Dry,01 - Traffic signal,02 - Intersection related,01 - Daylight,03 - P.D. only,03 - Rear end,Carp - Hardwood Plains
9822,MARCH RD btwn 280 S OF CARLING AVE/STATION RD & RICHARDSON SIDE RD,351296.3854,5021838.814,-75.90677,45.33496,2017-08-16,6:35:00 PM,01 - Clear,01 - Dry,10 - No control,04 - At/near private drive,01 - Daylight,02 - Non-fatal injury,05 - Turning movement,South March
9823,MARCH RD btwn 280 S OF CARLING AVE/STATION RD & RICHARDSON SIDE RD,351165.0322,5021962.01,-75.90843,45.33607,2017-07-20,4:00:00 PM,01 - Clear,01 - Dry,10 - No control,01 - Non intersection,01 - Daylight,03 - P.D. only,03 - Rear end,South March
9824,MARCH RD btwn 280 S OF CARLING AVE/STATION RD & RICHARDSON SIDE RD,351375.4858,5021794.867,-75.90576,45.33456,2017-10-29,4:32:00 AM,02 - Rain,02 - Wet,10 - No control,01 - Non intersection,07 - Dark,03 - P.D. only,07 - SMV other,South March
9825,MARCH RD btwn 280 S OF CARLING AVE/STATION RD & RICHARDSON SIDE RD,351294.2024,5021841.644,-75.9068,45.33498,2017-01-04,4:10:00 PM,03 - Snow,03 - Loose snow,10 - No control,04 - At/near private drive,01 - Daylight,02 - Non-fatal injury,02 - Angle,South March