Record,Location,X,Y,Longitude,Latitude,Date,Time,Environment,Road_Surface,Traffic_Control,Collision_Location,Light,Collision_Classification,Impact_type,Neighborhood
9826,MARCH RD btwn BEARHILL RD & ROB LYTLE'S LANE,338196.9567,5018009.917,-76.07415,45.30125,2017-10-22,12:07:00 PM,01 - Clear,01 - Dry,10 - No control,01 - Non intersection,01 - Daylight,02 - Non-fatal injury,07 - SMV other,Carp - Hardwood Plains
9827,MARCH RD btwn BEARHILL RD & ROB LYTLE'S LANE,338812.4478,5018614.349,-76.06626,45.30666,2017-09-22,3:15:00 PM,01 - Clear,01 - Dry,10 - No control,04 - At/near private drive,01 - Daylight,02 - Non-fatal injury,03 - Rear end,Carp - Hardwood Plains
9828,MARCH RD btwn BEARHILL RD & ROB LYTLE'S LANE,338239.0972,5018052.058,-76.07361,45.30163,2017-11-11,6:00:00 PM,01 - Clear,01 - Dry,10 - No control,01 - Non intersection,07 - Dark,03 - P.D. only,07 - SMV other,Carp - Hardwood Plains
9829,MARCH RD btwn BEARHILL RD & ROB LYTLE'S LANE,338872.8379,5018682.915,-76.06549,45.30727,2017-12-24,4:40:00 AM,03 - Snow,03 - Loose snow,10 - No control,01 - Non intersection,07 - Dark,03 - P.D. only,07 - SMV other,Carp - Hardwood Plains
9830,MARCH RD btwn BURNT LANDS RD & UPPER DWYER HILL RD,333171.259,5013625.798,-76.13849,45.26202,2017-11-18,9:31:00 PM,01 - Clear,03 - Loose snow,10 - No control,01 - Non intersection,07 - Dark,03 - P.D. only,07 - SMV other,Carp - Hardwood Plains
9831,MARCH RD btwn CAMPEAU DR/HWY 417 MARCH IC138R63 & HWY417 IC138 RAMP36,352846.8801,5020461.948,-75.88712,45.32246,2017-04-11,6:21:00 PM,01 - Clear,01 - Dry,10 - No control,01 - Non intersection,01 - Daylight,03 - P.D. only,03 - Rear end,Greenbelt
9832,MARCH RD btwn CAMPEAU DR/HWY 417 MARCH IC138R63 & HWY417 IC138 RAMP62,352757.2453,5020662.805,-75.88825,45.32428,2017-08-28,4:30:00 PM,01 - Clear,01 - Dry,10 - No control,01 - Non intersection,01 - Daylight,02 - Non-fatal injury,03 - Rear end,Greenbelt
9833,MARCH RD btwn CARLING AVE/STATION RD & 280 S OF CARLING AVE/STATION RD,350973.7529,5022171.046,-75.91085,45.33797,2017-09-01,12:30:00 PM,01 - Clear,01 - Dry,10 - No control,01 - Non intersection,01 - Daylight,02 - Non-fatal injury,03 - Rear end,South March
9834,MARCH RD btwn CARLING AVE/STATION RD & 280 S OF CARLING AVE/STATION RD,350975.8113,5022171.187,-75.91083,45.33797,2017-04-20,4:35:00 PM,01 - Clear,01 - Dry,10 - No control,01 - Non intersection,01 - Daylight,03 - P.D. only,03 - Rear end,South March
9835,MARCH RD btwn CARP RD & DONALD B. MUNRO DR,342169.0198,5021736.494,-76.02323,45.33458,2017-12-07,8:42:00 PM,01 - Clear,01 - Dry,10 - No control,01 - Non intersection,07 - Dark,03 - P.D. only,07 - SMV other,Carp - Hardwood Plains
9836,MARCH RD btwn CARP RD & DONALD B. MUNRO DR,342391.9295,5021935.03,-76.02037,45.33636,2017-12-18,5:22:00 PM,03 - Snow,03 - Loose snow,10 - No control,01 - Non intersection,07 - Dark,03 - P.D. only,07 - SMV other,Carp - Hardwood Plains
9837,MARCH RD btwn CORKERY RD & GREY FOX DR,336009.3389,5016187.746,-76.10216,45.28495,2017-07-25,6:28:00 AM,01 - Clear,02 - Wet,10 - No control,01 - Non intersection,01 - Daylight,03 - P.D. only,07 - SMV other,Carp - Hardwood Plains
9838,MARCH RD btwn DIAMONDVIEW RD & THOMAS ARGUE RD,340490.2704,5020223.72,-76.04475,45.32106,2017-06-01,1:08:00 PM,01 - Clear,01 - Dry,10 - No control,04 - At/near private drive,01 - Daylight,03 - P.D. only,05 - Turning movement,Carp - Hardwood Plains
9839,MARCH RD btwn DIAMONDVIEW RD & THOMAS ARGUE RD,340497.1915,5020210.467,-76.04466,45.32094,2017-11-09,5:49:00 PM,02 - Rain,02 - Wet,10 - No control,01 - Non intersection,07 - Dark,03 - P.D. only,07 - SMV other,Carp - Hardwood Plains
9840,MARCH RD btwn DUNROBIN RD & MURPHY CRT,347273.9319,5026064.199,-75.95772,45.37323,2017-06-01,9:10:00 PM,01 - Clear,01 - Dry,10 - No control,01 - Non intersection,05 - Dusk,03 - P.D. only,07 - SMV other,Carp - Hardwood Plains
9841,MARCH RD btwn DUNROBIN RD & MURPHY CRT,347534.0209,5025948.782,-75.95441,45.37218,2017-12-14,9:05:00 PM,01 - Clear,02 - Wet,10 - No control,01 - Non intersection,07 - Dark,03 - P.D. only,07 - SMV other,Carp - Hardwood Plains
9842,MARCH RD btwn DUNROBIN RD & MURPHY CRT,347708.8146,5025758.575,-75.9522,45.37046,2017-03-25,2:46:00 PM,01 - Clear,02 - Wet,10 - No control,01 - Non intersection,01 - Daylight,03 - P.D. only,03 - Rear end,Carp - Hardwood Plains
9843,MARCH RD btwn GOLDEN LINE RD & BURNT LANDS RD,332591.4165,5013196.857,-76.1459,45.25818,2017-07-09,9:32:00 PM,02 - Rain,02 - Wet,10 - No control,01 - Non intersection,07 - Dark,03 - P.D. only,07 - SMV other,Carp - Hardwood Plains
9844,MARCH RD btwn GOLDEN LINE RD & BURNT LANDS RD,332903.6521,5013425.414,-76.14191,45.26023,2017-08-18,9:30:00 PM,02 - Rain,02 - Wet,10 - No control,01 - Non intersection,07 - Dark,03 - P.D. only,07 - SMV other,Carp - Hardwood Plains
9845,MARCH RD btwn GREY FOX DR & HOWIE RD,336369.8752,5016486.212,-76.09755,45.28762,2017-06-08,7:12:00 AM,01 - Clear,01 - Dry,10 - No control,01 - Non intersection,01 - Daylight,03 - P.D. only,07 - SMV other,Carp - Hardwood Plains
9846,MARCH RD btwn HALTON TERR/MAXWELL BRIDGE RD & MAXWELL RD,348892.498,5024465.031,-75.9372,45.35874,2017-06-06,2:15:00 PM,01 - Clear,02 - Wet,10 - No control,04 - At/near private drive,01 - Daylight,03 - P.D. only,04 - Sideswipe,Carp - Hardwood Plains
9847,MARCH RD btwn HALTON TERR/MAXWELL BRIDGE RD & MAXWELL RD,347995.6732,5025448.445,-75.94856,45.36765,2017-11-27,5:36:00 PM,01 - Clear,02 - Wet,10 - No control,01 - Non intersection,07 - Dark,02 - Non-fatal injury,07 - SMV other,Carp - Hardwood Plains
9848,MARCH RD btwn HALTON TERR/MAXWELL BRIDGE RD & MAXWELL RD,348905.8492,5024452.063,-75.93703,45.35863,2017-02-08,4:35:00 AM,04 - Freezing Rain,04 - Slush,10 - No control,04 - At/near private drive,07 - Dark,03 - P.D. only,07 - SMV other,Carp - Hardwood Plains
9849,MARCH RD btwn HALTON TERR/MAXWELL BRIDGE RD & MAXWELL RD,348863.2814,5024495.771,-75.93757,45.35902,2017-04-06,9:59:00 PM,02 - Rain,02 - Wet,10 - No control,01 - Non intersection,07 - Dark,03 - P.D. only,03 - Rear end,Carp - Hardwood Plains
9850,MARCH RD btwn HALTON TERR/MAXWELL BRIDGE RD & MAXWELL RD,348890.4866,5024457.518,-75.93723,45.35868,2017-02-21,11:58:00 AM,01 - Clear,01 - Dry,10 - No control,01 - Non intersection,01 - Daylight,02 - Non-fatal injury,04 - Sideswipe,Carp - Hardwood Plains
9851,MARCH RD btwn HERZBERG RD & CORKSTOWN RD,352616.5875,5020975.153,-75.89001,45.3271,2017-07-30,4:46:00 AM,01 - Clear,01 - Dry,10 - No control,01 - Non intersection,07 - Dark,03 - P.D. only,07 - SMV other,Beaverbrook
9852,MARCH RD btwn HERZBERG RD & CORKSTOWN RD,352610.4559,5020991.847,-75.89009,45.32725,2017-03-03,5:44:00 PM,01 - Clear,01 - Dry,10 - No control,01 - Non intersection,05 - Dusk,02 - Non-fatal injury,03 - Rear end,Beaverbrook
9853,MARCH RD btwn HWY417 IC138 RAMP26 & EAGLESON RD,352929.9168,5020269.191,-75.88608,45.32072,2017-02-10,6:41:00 PM,01 - Clear,01 - Dry,10 - No control,01 - Non intersection,07 - Dark,03 - P.D. only,99 - Other,Greenbelt
9854,MARCH RD btwn HWY417 IC138 RAMP36 & HWY417 IC138 RAMP26,352912.502,5020299.751,-75.8863,45.321,2017-03-06,5:40:00 PM,01 - Clear,02 - Wet,10 - No control,01 - Non intersection,05 - Dusk,03 - P.D. only,03 - Rear end,Greenbelt
9855,MARCH RD btwn HWY417 IC138 RAMP36 & HWY417 IC138 RAMP26,352880.6679,5020380.829,-75.8867,45.32173,2017-04-22,5:14:00 PM,01 - Clear,01 - Dry,10 - No control,01 - Non intersection,01 - Daylight,02 - Non-fatal injury,07 - SMV other,Greenbelt
9856,MARCH RD btwn HWY417 IC155 RAMP36 & DIAMONDVIEW RD,340000.3285,5019728.46,-76.05104,45.31662,2017-03-03,5:31:00 AM,03 - Snow,05 - Packed snow,10 - No control,01 - Non intersection,07 - Dark,03 - P.D. only,07 - SMV other,Carp - Hardwood Plains
9857,MARCH RD btwn HWY417 IC155 RAMP36 & DIAMONDVIEW RD,340098.6357,5019831.796,-76.04978,45.31755,2017-12-27,4:11:00 PM,01 - Clear,02 - Wet,10 - No control,04 - At/near private drive,05 - Dusk,03 - P.D. only,03 - Rear end,Carp - Hardwood Plains
9858,MARCH RD btwn JACOB'S GT & BEARHILL RD,337777.5616,5017681.127,-76.07952,45.29831,2017-12-03,9:50:00 PM,01 - Clear,01 - Dry,10 - No control,01 - Non intersection,07 - Dark,03 - P.D. only,07 - SMV other,Carp - Hardwood Plains
9859,MARCH RD btwn KLONDIKE RD & MORGAN'S GRANT WAY,349475.2512,5023825.183,-75.92982,45.35295,2017-07-28,9:20:00 AM,01 - Clear,01 - Dry,10 - No control,04 - At/near private drive,01 - Daylight,02 - Non-fatal injury,03 - Rear end,South March
9860,MARCH RD btwn KLONDIKE RD & MORGAN'S GRANT WAY,349266.6189,5024057.578,-75.93247,45.35505,2017-09-07,7:47:00 PM,02 - Rain,02 - Wet,10 - No control,01 - Non intersection,07 - Dark,03 - P.D. only,07 - SMV other,South March
9861,MARCH RD btwn MARCH RD & BEACHVALE LANE,344197.3642,5023597.289,-75.9972,45.35121,2017-01-11,5:55:00 PM,01 - Clear,01 - Dry,10 - No control,01 - Non intersection,07 - Dark,03 - P.D. only,07 - SMV other,Carp - Hardwood Plains
9862,MARCH RD btwn MURPHY CRT & MAXWELL RD,347876.4426,5025576.374,-75.95008,45.36881,2017-09-17,11:02:00 AM,01 - Clear,01 - Dry,10 - No control,04 - At/near private drive,01 - Daylight,02 - Non-fatal injury,05 - Turning movement,Carp - Hardwood Plains
9863,MARCH RD btwn PETER ROBINSON RD & CORKERY RD,335840.3868,5016039.446,-76.10432,45.28363,2017-06-16,10:10:00 PM,01 - Clear,01 - Dry,10 - No control,01 - Non intersection,07 - Dark,03 - P.D. only,07 - SMV other,Carp - Hardwood Plains
9864,MARCH RD btwn PETER ROBINSON RD & CORKERY RD,335893.2296,5016086.937,-76.10365,45.28405,2017-05-08,8:08:00 AM,01 - Clear,01 - Dry,10 - No control,01 - Non intersection,01 - Daylight,03 - P.D. only,07 - SMV other,Carp - Hardwood Plains
9865,MARCH RD btwn PETER ROBINSON RD & CORKERY RD,335018.2849,5015279.368,-76.11485,45.27682,2017-10-17,10:09:00 PM,01 - Clear,01 - Dry,10 - No control,01 - Non intersection,07 - Dark,03 - P.D. only,07 - SMV other,Carp - Hardwood Plains
9866,MARCH RD btwn PETER ROBINSON RD & CORKERY RD,335143.4527,5015399.687,-76.11325,45.2779,2017-11-21,4:58:00 PM,01 - Clear,01 - Dry,10 - No control,01 - Non intersection,07 - Dark,03 - P.D. only,07 - SMV other,Carp - Hardwood Plains
9867,MARCH RD btwn PETER ROBINSON RD & CORKERY RD,335268.1329,5015512.991,-76.11165,45.27891,2017-11-04,4:00:00 AM,01 - Clear,01 - Dry,10 - No control,04 - At/near private drive,07 - Dark,03 - P.D. only,07 - SMV other,Carp - Hardwood Plains
9868,MARCH RD btwn PETER ROBINSON RD & CORKERY RD,335266.1497,5015511.565,-76.11168,45.2789,2017-04-07,11:00:00 PM,01 - Clear,01 - Dry,10 - No control,01 - Non intersection,07 - Dark,03 - P.D. only,07 - SMV other,Carp - Hardwood Plains
9869,MARCH RD btwn PETER ROBINSON RD & CORKERY RD,335074.0234,5015342.156,-76.11414,45.27738,2017-03-24,12:47:00 PM,03 - Snow,03 - Loose snow,10 - No control,01 - Non intersection,01 - Daylight,03 - P.D. only,07 - SMV other,Carp - Hardwood Plains
9870,MARCH RD btwn SECOND LINE RD & DUNROBIN RD,346177.6336,5025396.837,-75.97178,45.36729,2017-11-28,7:16:00 PM,01 - Clear,02 - Wet,10 - No control,01 - Non intersection,07 - Dark,03 - P.D. only,07 - SMV other,Carp - Hardwood Plains
9871,MARCH RD btwn SECOND LINE RD & DUNROBIN RD,346212.2853,5025427.86,-75.97133,45.36757,2017-03-10,10:27:00 AM,01 - Clear,01 - Dry,10 - No control,01 - Non intersection,01 - Daylight,03 - P.D. only,07 - SMV other,Carp - Hardwood Plains
9872,MARCH RD btwn SOLANDT RD & STATION RD,350598.161,5022586.158,-75.91561,45.34173,2017-11-15,6:28:00 AM,01 - Clear,01 - Dry,10 - No control,01 - Non intersection,03 - Dawn,03 - P.D. only,07 - SMV other,South March
9873,MARCH RD btwn SOLANDT RD & STATION RD,350582.0775,5022602.376,-75.91581,45.34187,2017-01-12,8:55:00 AM,01 - Clear,02 - Wet,10 - No control,04 - At/near private drive,01 - Daylight,03 - P.D. only,05 - Turning movement,South March
9874,MARCH RD btwn SOLANDT RD & STATION RD,350885.9943,5022268.861,-75.91196,45.33885,2017-03-17,5:29:00 PM,01 - Clear,01 - Dry,10 - No control,01 - Non intersection,01 - Daylight,03 - P.D. only,03 - Rear end,South March
9875,MARCH RD btwn TALL FOREST DR & HUNTMAR DR,343899.4666,5023326.717,-76.00102,45.3488,2017-11-13,9:42:00 AM,01 - Clear,01 - Dry,10 - No control,01 - Non intersection,01 - Daylight,03 - P.D. only,07 - SMV other,Stittsville - Basswood
9876,MARCH RD btwn TALL FOREST DR & HUNTMAR DR,343995.6475,5023411.881,-75.99979,45.34956,2017-01-10,2:58:00 AM,03 - Snow,04 - Slush,10 - No control,01 - Non intersection,07 - Dark,03 - P.D. only,07 - SMV other,Stittsville - Basswood
9877,MARCH RD btwn TERRY FOX DR & SOLANDT RD,350032.1671,5023210.88,-75.92277,45.34739,2017-06-05,8:55:00 AM,01 - Clear,01 - Dry,10 - No control,01 - Non intersection,01 - Daylight,03 - P.D. only,03 - Rear end,South March
9878,MARCH RD btwn TERRY FOX DR & SOLANDT RD,350432.4179,5022774.048,-75.91771,45.34343,2017-05-20,7:57:00 AM,01 - Clear,01 - Dry,10 - No control,01 - Non intersection,01 - Daylight,03 - P.D. only,04 - Sideswipe,South March
9879,MARCH RD btwn TERRY FOX DR & SOLANDT RD,350482.4044,5022718.013,-75.91707,45.34292,2017-02-14,11:55:00 AM,03 - Snow,02 - Wet,10 - No control,01 - Non intersection,01 - Daylight,02 - Non-fatal injury,03 - Rear end,South March
9880,MARCH RD btwn UPPER DWYER HILL RD & PETER ROBINSON RD,334154.0172,5014363.74,-76.12592,45.26862,2017-11-06,8:52:00 PM,01 - Clear,01 - Dry,10 - No control,01 - Non intersection,07 - Dark,03 - P.D. only,07 - SMV other,Carp - Hardwood Plains
9881,MARCH RD btwn UPPER DWYER HILL RD & PETER ROBINSON RD,334771.1782,5015025.734,-76.11801,45.27455,2017-12-14,6:21:00 PM,03 - Snow,03 - Loose snow,10 - No control,01 - Non intersection,07 - Dark,03 - P.D. only,07 - SMV other,Carp - Hardwood Plains
9882,MARCH RD btwn UPPER DWYER HILL RD & PETER ROBINSON RD,334188.8975,5014399.665,-76.12547,45.26894,2017-12-28,9:11:00 AM,01 - Clear,06 - Ice,10 - No control,04 - At/near private drive,01 - Daylight,03 - P.D. only,03 - Rear end,Carp - Hardwood Plains
9883,MARCH VALLEY RD @ TERRY FOX DR,350754.5692,5023784.552,-75.9135,45.3525,2017-01-27,4:34:00 PM,03 - Snow,03 - Loose snow,02 - Stop sign,03 - At intersection,05 - Dusk,03 - P.D. only,02 - Angle,South March
9884,MARCH VALLEY RD btwn KLONDIKE RD & Continuation of MARCH VALLEY RD,350299.7269,5024964.372,-75.9192,45.36315,2017-06-22,8:07:00 AM,01 - Clear,01 - Dry,10 - No control,01 - Non intersection,01 - Daylight,03 - P.D. only,07 - SMV other,South March
9885,MARCH VALLEY RD btwn RIDDELL DR & KLONDIKE RD,348875.767,5026528.941,-75.93723,45.37732,2017-05-18,5:26:00 AM,01 - Clear,01 - Dry,10 - No control,01 - Non intersection,03 - Dawn,03 - P.D. only,07 - SMV other,Carp - Hardwood Plains
9886,MARCH VALLEY RD btwn TERRY FOX DR & TO BE DETERMINED,350806.2022,5023870.643,-75.91283,45.35327,2017-10-11,2:50:00 PM,01 - Clear,01 - Dry,10 - No control,01 - Non intersection,01 - Daylight,03 - P.D. only,07 - SMV other,South March
9887,MARCHURST RD btwn MURPHY SIDE RD & RIDGESIDE FARM DR,344077.1202,5025523.344,-75.99858,45.36855,2017-07-06,11:30:00 PM,01 - Clear,01 - Dry,10 - No control,01 - Non intersection,07 - Dark,03 - P.D. only,07 - SMV other,Carp - Hardwood Plains
9888,MARCHURST RD btwn RIDGETOP RD & JOHN ASELFORD DRWY,340327.6014,5029430.223,-76.04616,45.40391,2017-11-08,4:14:00 PM,01 - Clear,01 - Dry,10 - No control,01 - Non intersection,01 - Daylight,03 - P.D. only,07 - SMV other,Carp - Hardwood Plains
9889,MARCHURST RD btwn RIDGETOP RD & JOHN ASELFORD DRWY,340291.481,5029462.33,-76.04662,45.4042,2017-11-30,6:06:00 PM,01 - Clear,02 - Wet,10 - No control,01 - Non intersection,07 - Dark,03 - P.D. only,07 - SMV other,Carp - Hardwood Plains
9890,MARCONI AVE btwn APPLECROSS CRES & KINGHORN CRES/APPLECROSS CRES,349795.7109,5024357.523,-75.92569,45.35772,2017-07-14,12:00:00 AM,01 - Clear,01 - Dry,10 - No control,04 - At/near private drive,00 - Unknown,03 - P.D. only,06 - SMV unattended vehicle,South March
9891,MARCONI AVE btwn APPLECROSS CRES & KINGHORN CRES/APPLECROSS CRES,349874.3504,5024299.412,-75.92469,45.35719,2017-01-30,8:15:00 AM,01 - Clear,01 - Dry,10 - No control,01 - Non intersection,01 - Daylight,03 - P.D. only,06 - SMV unattended vehicle,South March
9892,MARCOUX DR S @ ST. GEORGES ST,382762.2458,5036568.195,-75.50303,45.46469,2017-02-11,8:21:00 AM,03 - Snow,05 - Packed snow,02 - Stop sign,03 - At intersection,01 - Daylight,03 - P.D. only,02 - Angle,Queenswood Heights
9893,MARENGER ST @ ST. JOSEPH BLVD,379699.7436,5036367.881,-75.54222,45.46322,2017-10-17,10:45:00 AM,01 - Clear,01 - Dry,02 - Stop sign,02 - Intersection related,01 - Daylight,03 - P.D. only,05 - Turning movement,Chapel Hill
9894,MARENGER ST btwn ST. JOSEPH BLVD & END,379650.1179,5036490.513,-75.54283,45.46433,2017-10-11,11:53:00 PM,01 - Clear,01 - Dry,10 - No control,04 - At/near private drive,07 - Dark,02 - Non-fatal injury,07 - SMV other,Greenbelt
9895,MARGRAVE AVE btwn DRUMSO ST & DRUMSO ST,372491.8552,5025456.998,-75.63587,45.36579,2017-11-14,10:30:00 AM,01 - Clear,01 - Dry,10 - No control,01 - Non intersection,01 - Daylight,03 - P.D. only,06 - SMV unattended vehicle,Greenboro East
9896,MARGRAVE AVE btwn DRUMSO ST & DRUMSO ST,372493.1628,5025448.499,-75.63586,45.36571,2017-11-08,12:00:00 AM,01 - Clear,01 - Dry,10 - No control,01 - Non intersection,00 - Unknown,03 - P.D. only,06 - SMV unattended vehicle,Greenboro East
9897,MARGUERITE AVE @ STEVENS AVE,370058.7201,5032448.687,-75.66601,45.42893,2017-08-19,3:08:00 PM,01 - Clear,01 - Dry,10 - No control,02 - Intersection related,01 - Daylight,03 - P.D. only,02 - Angle,Vanier South
9898,MARICONA WAY btwn KENO WAY & TANMOUNT WAY,349720.7218,5020028.865,-75.92704,45.31877,2017-06-07,12:00:00 AM,01 - Clear,01 - Dry,10 - No control,01 - Non intersection,00 - Unknown,03 - P.D. only,06 - SMV unattended vehicle,Kanata Lakes - Marchwood Lakeside - Morgan's Grant - Kanata
9899,MARIE ST @ POULIN AVE,360291.6499,5024971.257,-75.79166,45.36249,2017-09-21,11:37:00 AM,01 - Clear,01 - Dry,02 - Stop sign,03 - At intersection,01 - Daylight,03 - P.D. only,02 - Angle,Woodroffe - Lincoln Heights
9900,MARIE ST btwn BRITANNIA RD & POULIN AVE,360191.0191,5024929.844,-75.79295,45.36212,2017-02-14,1:39:00 PM,01 - Clear,01 - Dry,10 - No control,01 - Non intersection,01 - Daylight,03 - P.D. only,04 - Sideswipe,Woodroffe - Lincoln Heights
9901,MARIER AVE @ MONTREAL RD,370420.7116,5033261.591,-75.66127,45.43621,2017-04-28,3:06:00 PM,01 - Clear,01 - Dry,01 - Traffic signal,03 - At intersection,01 - Daylight,02 - Non-fatal injury,05 - Turning movement,Vanier South
9902,MARIER AVE @ MONTREAL RD,370420.1817,5033260.881,-75.66128,45.4362,2017-09-04,3:10:00 PM,02 - Rain,02 - Wet,01 - Traffic signal,02 - Intersection related,01 - Daylight,03 - P.D. only,03 - Rear end,Vanier South
9903,MARIER AVE @ MONTREAL RD,370419.7083,5033261.828,-75.66129,45.43621,2017-09-24,12:30:00 AM,01 - Clear,01 - Dry,01 - Traffic signal,03 - At intersection,07 - Dark,03 - P.D. only,03 - Rear end,Vanier South
9904,MARIER AVE @ MONTREAL RD,370420.7005,5033261.152,-75.66127,45.4362,2017-03-20,9:03:00 AM,01 - Clear,01 - Dry,01 - Traffic signal,02 - Intersection related,01 - Daylight,03 - P.D. only,03 - Rear end,Vanier South
9905,MARIER AVE btwn BARRETTE ST & LAVAL ST,369659.4437,5033875.55,-75.67092,45.4418,2017-02-09,12:42:00 PM,01 - Clear,01 - Dry,10 - No control,01 - Non intersection,01 - Daylight,03 - P.D. only,06 - SMV unattended vehicle,Vanier North
9906,MARILYN AVE @ RIVERSIDE DR,368119.3796,5024233.182,-75.69184,45.35518,2017-10-31,4:30:00 PM,01 - Clear,01 - Dry,02 - Stop sign,02 - Intersection related,01 - Daylight,03 - P.D. only,05 - Turning movement,Hunt Club Woods - Quintarra - Revelstoke - Riverside South P
9907,MARINA DR @ RIDEAU VALLEY DR,372353.5081,5003522.445,-75.64062,45.16844,2017-12-16,7:45:00 PM,03 - Snow,03 - Loose snow,10 - No control,02 - Intersection related,07 - Dark,03 - P.D. only,07 - SMV other,Manotick
9908,MARINOFF WAY btwn HANCOCK CRES & SABLON CRT,384296.6905,5038225.426,-75.48314,45.47943,2017-12-13,4:01:00 PM,01 - Clear,05 - Packed snow,10 - No control,04 - At/near private drive,05 - Dusk,03 - P.D. only,99 - Other,Fallingbrook
9909,MARIONVILLE RD btwn BANK ST & BOUNDARY RD(MOUNTAIN TWP),388167.9138,5001194.173,-75.43986,45.1458,2017-06-21,12:30:00 AM,02 - Rain,02 - Wet,10 - No control,01 - Non intersection,07 - Dark,03 - P.D. only,07 - SMV other,Osgoode
9910,MARITIME WAY btwn CANADIAN SHIELD AVE & GREAT LAKES AVE,351862.588,5019595.75,-75.89976,45.31474,2017-01-04,3:24:00 PM,03 - Snow,05 - Packed snow,10 - No control,01 - Non intersection,01 - Daylight,03 - P.D. only,06 - SMV unattended vehicle,Kanata
9911,MARKETPLACE AVE @ RIOCAN AVE,364286.5425,5014762.933,-75.74189,45.27031,2017-06-25,2:45:00 PM,06 - Strong wind,02 - Wet,02 - Stop sign,02 - Intersection related,01 - Daylight,03 - P.D. only,07 - SMV other,New Barrhaven
9912,MARKETPLACE AVE @ RIOCAN AVE,364287.3521,5014763.127,-75.74188,45.27031,2017-06-30,3:11:00 PM,02 - Rain,02 - Wet,02 - Stop sign,02 - Intersection related,01 - Daylight,03 - P.D. only,04 - Sideswipe,New Barrhaven
9913,MARKETPLACE AVE @ RIOCAN AVE,364286.43,5014760.925,-75.7419,45.27029,2017-08-25,1:10:00 PM,01 - Clear,01 - Dry,02 - Stop sign,03 - At intersection,01 - Daylight,02 - Non-fatal injury,02 - Angle,New Barrhaven
9914,MARKETPLACE AVE @ RIOCAN AVE,364286.857,5014761.599,-75.74189,45.2703,2017-10-21,2:42:00 PM,01 - Clear,01 - Dry,02 - Stop sign,03 - At intersection,01 - Daylight,02 - Non-fatal injury,07 - SMV other,New Barrhaven
9915,MARKETPLACE AVE @ RIOCAN AVE,364288.5491,5014762.264,-75.74187,45.2703,2017-12-11,7:16:00 PM,01 - Clear,01 - Dry,02 - Stop sign,03 - At intersection,07 - Dark,03 - P.D. only,02 - Angle,New Barrhaven
9916,MARKETPLACE AVE @ RIOCAN AVE,364287.2114,5014761.595,-75.74189,45.2703,2017-11-20,11:45:00 AM,01 - Clear,01 - Dry,02 - Stop sign,03 - At intersection,01 - Daylight,03 - P.D. only,05 - Turning movement,New Barrhaven
9917,MARKETPLACE AVE @ RIOCAN AVE,364287.2114,5014761.595,-75.74189,45.2703,2017-03-04,5:06:00 PM,01 - Clear,01 - Dry,02 - Stop sign,02 - Intersection related,01 - Daylight,03 - P.D. only,04 - Sideswipe,New Barrhaven
9918,MARKETPLACE AVE @ RIOCAN AVE,364287.8802,5014762.933,-75.74188,45.27031,2017-03-14,3:28:00 PM,03 - Snow,02 - Wet,02 - Stop sign,03 - At intersection,01 - Daylight,03 - P.D. only,02 - Angle,New Barrhaven
9919,MARKETPLACE AVE btwn GREENBANK RD & TRANSITWAY SOUTHWEST,364130.0207,5014669.287,-75.7439,45.26948,2017-05-01,5:21:00 PM,02 - Rain,02 - Wet,10 - No control,04 - At/near private drive,01 - Daylight,03 - P.D. only,02 - Angle,New Barrhaven
9920,MARKETPLACE AVE btwn GREENBANK RD & TRANSITWAY SOUTHWEST,364099.2515,5014653.903,-75.74429,45.26934,2017-07-05,8:31:00 AM,01 - Clear,01 - Dry,10 - No control,04 - At/near private drive,01 - Daylight,02 - Non-fatal injury,02 - Angle,New Barrhaven
9921,MARKETPLACE AVE btwn GREENBANK RD & TRANSITWAY SOUTHWEST,364199.8683,5014708.322,-75.74301,45.26982,2017-01-30,6:59:00 PM,01 - Clear,01 - Dry,10 - No control,01 - Non intersection,07 - Dark,03 - P.D. only,04 - Sideswipe,New Barrhaven
9922,MARKETPLACE AVE btwn GREENBANK RD & TRANSITWAY SOUTHWEST,364096.3913,5014651.123,-75.74433,45.26932,2017-02-12,3:00:00 PM,03 - Snow,03 - Loose snow,10 - No control,01 - Non intersection,01 - Daylight,03 - P.D. only,07 - SMV other,New Barrhaven
9923,MARKETPLACE AVE btwn GREENBANK RD & TRANSITWAY SOUTHWEST,364116.6428,5014663.936,-75.74407,45.26943,2017-03-05,1:39:00 PM,01 - Clear,01 - Dry,10 - No control,04 - At/near private drive,01 - Daylight,03 - P.D. only,02 - Angle,New Barrhaven
9924,MARKETPLACE AVE btwn RIOCAN AVE & Continuation of MARKETPLACE AVE,364353.8336,5014801.103,-75.74103,45.27065,2017-02-03,10:55:00 AM,01 - Clear,01 - Dry,10 - No control,04 - At/near private drive,01 - Daylight,03 - P.D. only,02 - Angle,New Barrhaven
9925,MARKETPLACE AVE btwn RIOCAN AVE & TRANSITWAY SOUTHWEST,364244.2301,5014735.847,-75.74244,45.27007,2017-05-21,9:35:00 PM,02 - Rain,02 - Wet,10 - No control,04 - At/near private drive,07 - Dark,03 - P.D. only,05 - Turning movement,New Barrhaven