Record,Location,X,Y,Longitude,Latitude,Date,Time,Environment,Road_Surface,Traffic_Control,Collision_Location,Light,Collision_Classification,Impact_type,Neighborhood
9926,MARKETPLACE AVE btwn RIOCAN AVE & TRANSITWAY SOUTHWEST,364246.1668,5014737.216,-75.74241,45.27008,2017-10-24,9:52:00 PM,02 - Rain,02 - Wet,10 - No control,01 - Non intersection,07 - Dark,02 - Non-fatal injury,02 - Angle,New Barrhaven
9927,MARKLAND CRES btwn ROBLYN WAY & LEWISTON AVE,365919.5176,5016054.504,-75.72093,45.28179,2017-01-22,12:00:00 AM,01 - Clear,01 - Dry,10 - No control,01 - Non intersection,00 - Unknown,03 - P.D. only,06 - SMV unattended vehicle,Chapman Mills - Rideau Crest - Davidson Heights
9928,MARKLAND CRES btwn ROBLYN WAY & ROBLYN WAY,365812.5382,5016296.103,-75.72226,45.28397,2017-10-17,12:00:00 AM,01 - Clear,01 - Dry,10 - No control,01 - Non intersection,00 - Unknown,03 - P.D. only,06 - SMV unattended vehicle,Chapman Mills - Rideau Crest - Davidson Heights
9929,MARKLAND CRES btwn ROBLYN WAY & ROBLYN WAY,365823.3617,5016312.013,-75.72212,45.28411,2017-11-27,9:22:00 AM,01 - Clear,06 - Ice,10 - No control,01 - Non intersection,01 - Daylight,03 - P.D. only,04 - Sideswipe,Chapman Mills - Rideau Crest - Davidson Heights
9930,MARQUETTE AVE @ STE. MONIQUE ST,369992.7598,5033882.83,-75.66666,45.44184,2017-09-13,10:18:00 PM,01 - Clear,01 - Dry,02 - Stop sign,03 - At intersection,07 - Dark,03 - P.D. only,02 - Angle,Vanier North
9931,MARRISSA AVE btwn STEEL ST & INDIGO ST (2),374814.2856,5034006.557,-75.60502,45.44248,2017-01-01,12:00:00 AM,01 - Clear,01 - Dry,10 - No control,01 - Non intersection,00 - Unknown,03 - P.D. only,06 - SMV unattended vehicle,Beacon Hill South - Cardinal Heights
9932,MARRISSA AVE btwn STEEL ST & INDIGO ST (2),374812.3651,5034043.964,-75.60504,45.44282,2017-03-11,6:00:00 PM,01 - Clear,01 - Dry,10 - No control,01 - Non intersection,05 - Dusk,03 - P.D. only,06 - SMV unattended vehicle,Beacon Hill South - Cardinal Heights
9933,MARSHFIELD ST @ SCALA AVE,385009.728,5036390.003,-75.47432,45.46283,2017-06-11,5:19:00 PM,01 - Clear,01 - Dry,02 - Stop sign,03 - At intersection,01 - Daylight,03 - P.D. only,02 - Angle,Avalon
9934,MARSHFIELD ST btwn DUGAS CRT & LICHEN AVE,385072.789,5036553.368,-75.47349,45.4643,2017-08-17,4:20:00 PM,01 - Clear,01 - Dry,10 - No control,01 - Non intersection,01 - Daylight,03 - P.D. only,06 - SMV unattended vehicle,Avalon
9935,MARVELVILLE RD @ YORKS CORNERS RD,391167.4843,5007624.366,-75.40061,45.20329,2017-05-02,10:18:00 AM,01 - Clear,01 - Dry,02 - Stop sign,03 - At intersection,01 - Daylight,02 - Non-fatal injury,02 - Angle,Metcalfe
9936,MASSICOTTE LANE btwn ALDERWOOD ST & ALBION RD,372086.4593,5023667.872,-75.64129,45.34973,2017-04-28,6:50:00 PM,01 - Clear,01 - Dry,10 - No control,04 - At/near private drive,01 - Daylight,03 - P.D. only,06 - SMV unattended vehicle,Emerald Woods - Sawmill Creek
9937,MATHESON RD @ SILVESTRI CRES S,373331.1732,5032648.572,-75.62416,45.43041,2017-09-27,12:52:00 PM,01 - Clear,01 - Dry,10 - No control,03 - At intersection,01 - Daylight,02 - Non-fatal injury,02 - Angle,Carson Grove - Carson Meadows
9938,MATTAMY PL btwn TO BE DETERMINED & AVENSHIRE GT (1),362845.0831,5022583.576,-75.75935,45.3408,2017-04-21,5:30:00 PM,02 - Rain,02 - Wet,10 - No control,04 - At/near private drive,01 - Daylight,03 - P.D. only,06 - SMV unattended vehicle,Centrepointe
9939,MAXIME ST @ CYRVILLE RD,374824.8126,5031172.918,-75.60529,45.41699,2017-06-24,4:36:00 PM,01 - Clear,01 - Dry,02 - Stop sign,03 - At intersection,01 - Daylight,02 - Non-fatal injury,07 - SMV other,Industrial Park
9940,MAXIME ST @ CYRVILLE RD,374825.5199,5031174.623,-75.60528,45.417,2017-11-15,7:47:00 AM,01 - Clear,01 - Dry,02 - Stop sign,03 - At intersection,01 - Daylight,03 - P.D. only,02 - Angle,Industrial Park
9941,MAXIME ST btwn RIDGEBROOK DR & CYRVILLE RD,374731.6983,5031491.556,-75.60643,45.41986,2017-04-18,3:06:00 AM,01 - Clear,01 - Dry,10 - No control,01 - Non intersection,07 - Dark,02 - Non-fatal injury,06 - SMV unattended vehicle,Pineview
9942,MAY ST @ MCARTHUR AVE,371675.0576,5032850.581,-75.6453,45.43239,2017-10-29,4:28:00 PM,02 - Rain,02 - Wet,01 - Traffic signal,03 - At intersection,01 - Daylight,03 - P.D. only,05 - Turning movement,Castle Heights
9943,MAY ST @ MCARTHUR AVE,371678.4268,5032851.816,-75.64525,45.4324,2017-02-08,12:27:00 PM,01 - Clear,04 - Slush,01 - Traffic signal,02 - Intersection related,01 - Daylight,03 - P.D. only,04 - Sideswipe,Castle Heights
9944,MAY ST @ MCARTHUR AVE,371674.7995,5032851.023,-75.6453,45.43239,2017-12-19,10:54:00 AM,03 - Snow,04 - Slush,01 - Traffic signal,03 - At intersection,01 - Daylight,02 - Non-fatal injury,07 - SMV other,Castle Heights
9945,MAYFIELD ST @ MCARTHUR AVE,370066.1804,5032674.821,-75.66588,45.43096,2017-10-17,3:50:00 PM,01 - Clear,01 - Dry,02 - Stop sign,02 - Intersection related,01 - Daylight,03 - P.D. only,02 - Angle,Vanier South
9946,MAYFIELD ST @ MCARTHUR AVE,370066.0415,5032673.247,-75.66588,45.43095,2017-02-28,4:40:00 PM,01 - Clear,01 - Dry,02 - Stop sign,02 - Intersection related,01 - Daylight,03 - P.D. only,99 - Other,Vanier South
9947,MAYVIEW AVE @ MERIVALE RD,364879.0366,5026407.198,-75.73293,45.37503,2017-04-29,8:15:00 PM,01 - Clear,01 - Dry,02 - Stop sign,02 - Intersection related,05 - Dusk,02 - Non-fatal injury,07 - SMV other,Carlington
9948,MAYVIEW AVE btwn MEDFORD ST & MERIVALE RD,364811.663,5026370.552,-75.7338,45.37471,2017-09-02,8:37:00 PM,01 - Clear,01 - Dry,10 - No control,01 - Non intersection,07 - Dark,03 - P.D. only,06 - SMV unattended vehicle,Carlington
9949,MCARTHUR AVE @ CARMEN AVE,370904.623,5032765.538,-75.65515,45.4317,2017-09-20,12:00:00 AM,01 - Clear,01 - Dry,02 - Stop sign,02 - Intersection related,00 - Unknown,03 - P.D. only,06 - SMV unattended vehicle,Vanier South
9950,MCARTHUR AVE @ CARMEN AVE,370904.2361,5032767.283,-75.65516,45.43171,2017-12-06,7:20:00 AM,01 - Clear,01 - Dry,02 - Stop sign,02 - Intersection related,03 - Dawn,03 - P.D. only,07 - SMV other,Vanier South
9951,MCARTHUR AVE @ CARMEN AVE,370907.6819,5032766.584,-75.65512,45.43171,2017-02-19,1:24:00 PM,01 - Clear,05 - Packed snow,02 - Stop sign,02 - Intersection related,01 - Daylight,03 - P.D. only,06 - SMV unattended vehicle,Vanier South
9952,"MCARTHUR AVE @ EGLISE, RUE DE L/MOORVALE ST",371444.7134,5032825.248,-75.64824,45.43218,2017-06-14,5:30:00 PM,01 - Clear,01 - Dry,01 - Traffic signal,03 - At intersection,01 - Daylight,03 - P.D. only,05 - Turning movement,Castle Heights
9953,"MCARTHUR AVE @ EGLISE, RUE DE L/MOORVALE ST",371446.4672,5032824.954,-75.64822,45.43218,2017-02-15,12:00:00 AM,03 - Snow,02 - Wet,01 - Traffic signal,02 - Intersection related,00 - Unknown,03 - P.D. only,06 - SMV unattended vehicle,Castle Heights
9954,"MCARTHUR AVE @ EGLISE, RUE DE L/MOORVALE ST",371447.2176,5032824.954,-75.64821,45.43218,2017-02-13,9:17:00 AM,01 - Clear,03 - Loose snow,01 - Traffic signal,03 - At intersection,01 - Daylight,03 - P.D. only,02 - Angle,Castle Heights
9955,MCARTHUR AVE @ IRWIN MILLER ST,371079.1178,5032784.704,-75.65292,45.43185,2017-01-09,5:28:00 PM,01 - Clear,02 - Wet,01 - Traffic signal,03 - At intersection,05 - Dusk,03 - P.D. only,02 - Angle,Vanier South
9956,MCARTHUR AVE @ NORTH RIVER RD,369821.1582,5032646.356,-75.66902,45.43073,2017-12-24,2:48:00 AM,01 - Clear,02 - Wet,01 - Traffic signal,02 - Intersection related,07 - Dark,03 - P.D. only,04 - Sideswipe,Vanier South
9957,MCARTHUR AVE @ OLMSTEAD ST,370483.6648,5032724.306,-75.66054,45.43137,2017-09-15,12:25:00 PM,01 - Clear,01 - Dry,01 - Traffic signal,02 - Intersection related,01 - Daylight,03 - P.D. only,03 - Rear end,Vanier South
9958,MCARTHUR AVE @ OLMSTEAD ST,370482.3617,5032723.901,-75.66056,45.43136,2017-09-26,7:21:00 AM,01 - Clear,01 - Dry,01 - Traffic signal,03 - At intersection,01 - Daylight,03 - P.D. only,02 - Angle,Vanier South
9959,MCARTHUR AVE @ OLMSTEAD ST,370482.3746,5032722.92,-75.66056,45.43135,2017-03-23,8:50:00 AM,01 - Clear,01 - Dry,01 - Traffic signal,03 - At intersection,01 - Daylight,02 - Non-fatal injury,07 - SMV other,Vanier South
9960,MCARTHUR AVE @ VANIER PKWY,370218.5431,5032690.324,-75.66393,45.43109,2017-06-24,4:15:00 PM,02 - Rain,02 - Wet,01 - Traffic signal,02 - Intersection related,01 - Daylight,03 - P.D. only,04 - Sideswipe,Vanier South
9961,MCARTHUR AVE @ VANIER PKWY,370217.7017,5032691.255,-75.66394,45.43109,2017-04-28,3:30:00 PM,01 - Clear,01 - Dry,01 - Traffic signal,02 - Intersection related,01 - Daylight,03 - P.D. only,03 - Rear end,Vanier South
9962,MCARTHUR AVE @ VANIER PKWY,370218.3706,5032689.917,-75.66393,45.43108,2017-06-07,11:14:00 AM,01 - Clear,01 - Dry,01 - Traffic signal,02 - Intersection related,01 - Daylight,03 - P.D. only,03 - Rear end,Vanier South
9963,MCARTHUR AVE @ VANIER PKWY,370219.7083,5032691.255,-75.66392,45.43109,2017-06-14,10:00:00 PM,01 - Clear,01 - Dry,01 - Traffic signal,02 - Intersection related,07 - Dark,02 - Non-fatal injury,03 - Rear end,Vanier South
9964,MCARTHUR AVE @ VANIER PKWY,370218.3706,5032691.255,-75.66393,45.43109,2017-06-15,11:24:00 PM,01 - Clear,01 - Dry,01 - Traffic signal,03 - At intersection,07 - Dark,03 - P.D. only,05 - Turning movement,Vanier South
9965,MCARTHUR AVE @ VANIER PKWY,370218.3706,5032689.248,-75.66393,45.43108,2017-05-11,6:20:00 AM,01 - Clear,01 - Dry,01 - Traffic signal,02 - Intersection related,01 - Daylight,03 - P.D. only,03 - Rear end,Vanier South
9966,MCARTHUR AVE @ VANIER PKWY,370219.2848,5032689.425,-75.66392,45.43108,2017-08-24,10:05:00 AM,01 - Clear,01 - Dry,01 - Traffic signal,02 - Intersection related,01 - Daylight,03 - P.D. only,04 - Sideswipe,Vanier South
9967,MCARTHUR AVE @ VANIER PKWY,370217.893,5032688.729,-75.66394,45.43107,2017-09-01,3:36:00 PM,01 - Clear,01 - Dry,01 - Traffic signal,02 - Intersection related,01 - Daylight,03 - P.D. only,04 - Sideswipe,Vanier South
9968,MCARTHUR AVE @ VANIER PKWY,370215.7763,5032692.595,-75.66397,45.43111,2017-08-15,2:50:00 PM,01 - Clear,01 - Dry,01 - Traffic signal,02 - Intersection related,01 - Daylight,03 - P.D. only,03 - Rear end,Vanier South
9969,MCARTHUR AVE @ VANIER PKWY,370218.3299,5032692.156,-75.66393,45.4311,2017-07-11,12:49:00 PM,01 - Clear,01 - Dry,01 - Traffic signal,02 - Intersection related,01 - Daylight,02 - Non-fatal injury,03 - Rear end,Vanier South
9970,MCARTHUR AVE @ VANIER PKWY,370218.8658,5032690.105,-75.66393,45.43108,2017-07-26,9:25:00 AM,01 - Clear,01 - Dry,01 - Traffic signal,02 - Intersection related,01 - Daylight,03 - P.D. only,03 - Rear end,Vanier South
9971,MCARTHUR AVE @ VANIER PKWY,370218.705,5032689.939,-75.66393,45.43108,2017-08-25,4:04:00 PM,01 - Clear,01 - Dry,01 - Traffic signal,03 - At intersection,01 - Daylight,03 - P.D. only,02 - Angle,Vanier South
9972,MCARTHUR AVE @ VANIER PKWY,370218.705,5032689.916,-75.66393,45.43108,2017-09-09,1:23:00 PM,01 - Clear,01 - Dry,01 - Traffic signal,03 - At intersection,01 - Daylight,02 - Non-fatal injury,03 - Rear end,Vanier South
9973,MCARTHUR AVE @ VANIER PKWY,370218.1955,5032691.605,-75.66394,45.4311,2017-12-04,7:29:00 PM,01 - Clear,01 - Dry,01 - Traffic signal,02 - Intersection related,07 - Dark,02 - Non-fatal injury,03 - Rear end,Vanier South
9974,MCARTHUR AVE @ VANIER PKWY,370218.3706,5032692.593,-75.66393,45.43111,2017-11-24,5:15:00 PM,01 - Clear,02 - Wet,01 - Traffic signal,02 - Intersection related,07 - Dark,03 - P.D. only,03 - Rear end,Vanier South
9975,MCARTHUR AVE @ VANIER PKWY,370218.2271,5032690.347,-75.66394,45.43109,2017-12-08,2:08:00 PM,01 - Clear,01 - Dry,01 - Traffic signal,02 - Intersection related,01 - Daylight,03 - P.D. only,03 - Rear end,Vanier South
9976,MCARTHUR AVE @ VANIER PKWY,370218.3706,5032690.586,-75.66393,45.43109,2017-11-25,11:40:00 AM,02 - Rain,02 - Wet,01 - Traffic signal,02 - Intersection related,01 - Daylight,03 - P.D. only,03 - Rear end,Vanier South
9977,MCARTHUR AVE @ VANIER PKWY,370219.0395,5032689.917,-75.66393,45.43108,2017-02-08,10:09:00 AM,03 - Snow,02 - Wet,01 - Traffic signal,02 - Intersection related,01 - Daylight,03 - P.D. only,03 - Rear end,Vanier South
9978,MCARTHUR AVE @ VANIER PKWY,370220.3443,5032690.586,-75.66391,45.43109,2017-01-31,8:29:00 AM,01 - Clear,06 - Ice,01 - Traffic signal,02 - Intersection related,01 - Daylight,03 - P.D. only,03 - Rear end,Vanier South
9979,MCARTHUR AVE @ VANIER PKWY,370218.3706,5032689.917,-75.66393,45.43108,2017-03-08,8:13:00 AM,04 - Freezing Rain,06 - Ice,01 - Traffic signal,02 - Intersection related,01 - Daylight,03 - P.D. only,03 - Rear end,Vanier South
9980,MCARTHUR AVE @ VANIER PKWY,370218.705,5032689.876,-75.66393,45.43108,2017-04-15,4:55:00 PM,02 - Rain,02 - Wet,01 - Traffic signal,02 - Intersection related,01 - Daylight,03 - P.D. only,03 - Rear end,Vanier South
9981,MCARTHUR AVE @ VANIER PKWY,370217.9545,5032690.961,-75.66394,45.43109,2017-03-23,7:29:00 AM,01 - Clear,01 - Dry,01 - Traffic signal,02 - Intersection related,01 - Daylight,03 - P.D. only,03 - Rear end,Vanier South
9982,MCARTHUR AVE @ VANIER PKWY,370219.0395,5032690.586,-75.66393,45.43109,2017-03-06,12:22:00 PM,01 - Clear,01 - Dry,01 - Traffic signal,02 - Intersection related,01 - Daylight,03 - P.D. only,03 - Rear end,Vanier South
9983,MCARTHUR AVE @ VANIER PKWY,370218.705,5032690.825,-75.66393,45.43109,2017-12-31,9:00:00 PM,03 - Snow,06 - Ice,01 - Traffic signal,02 - Intersection related,07 - Dark,03 - P.D. only,03 - Rear end,Vanier South
9984,MCARTHUR AVE @ VANIER PKWY,370218.7048,5032690.588,-75.66393,45.43109,2017-12-16,3:30:00 PM,01 - Clear,04 - Slush,01 - Traffic signal,03 - At intersection,01 - Daylight,03 - P.D. only,03 - Rear end,Vanier South
9985,MCARTHUR AVE btwn ALLEN BLVD & LACASSE AVE,370792.2434,5032752.711,-75.65659,45.43159,2017-08-01,9:29:00 AM,01 - Clear,01 - Dry,10 - No control,04 - At/near private drive,01 - Daylight,02 - Non-fatal injury,07 - SMV other,Vanier South
9986,MCARTHUR AVE btwn BRANT ST & BELISLE ST,371280.2058,5032808.309,-75.65035,45.43205,2017-09-21,6:02:00 PM,01 - Clear,01 - Dry,10 - No control,04 - At/near private drive,01 - Daylight,02 - Non-fatal injury,05 - Turning movement,Castle Heights
9987,MCARTHUR AVE btwn CARMEN AVE & LAFONTAINE AVE,370940.2448,5032769.68,-75.6547,45.43173,2017-12-19,8:49:00 PM,01 - Clear,01 - Dry,10 - No control,04 - At/near private drive,07 - Dark,03 - P.D. only,99 - Other,Vanier South
9988,MCARTHUR AVE btwn CRETE PL & ALLEN BLVD,370649.4033,5032738.921,-75.65842,45.43148,2017-10-10,5:25:00 PM,01 - Clear,01 - Dry,10 - No control,01 - Non intersection,01 - Daylight,02 - Non-fatal injury,02 - Angle,Vanier South
9989,MCARTHUR AVE btwn CRETE PL & ALLEN BLVD,370548.0668,5032727.299,-75.65972,45.43139,2017-10-24,2:12:00 PM,01 - Clear,01 - Dry,10 - No control,01 - Non intersection,01 - Daylight,03 - P.D. only,06 - SMV unattended vehicle,Vanier South
9990,MCARTHUR AVE btwn CRETE PL & ALLEN BLVD,370729.2575,5032748.483,-75.6574,45.43156,2017-01-13,11:30:00 PM,01 - Clear,01 - Dry,10 - No control,01 - Non intersection,07 - Dark,03 - P.D. only,07 - SMV other,Vanier South
9991,MCARTHUR AVE btwn IRWIN MILLER ST & BRANT ST,371243.7846,5032802.973,-75.65082,45.432,2017-09-25,3:12:00 PM,01 - Clear,01 - Dry,10 - No control,04 - At/near private drive,01 - Daylight,02 - Non-fatal injury,05 - Turning movement,Vanier South
9992,MCARTHUR AVE btwn LAFONTAINE AVE & EASTWOOD PL,370964.7625,5032770.905,-75.65439,45.43174,2017-05-11,6:11:00 PM,01 - Clear,01 - Dry,10 - No control,01 - Non intersection,01 - Daylight,03 - P.D. only,03 - Rear end,Vanier South
9993,MCARTHUR AVE btwn LAFONTAINE AVE & EASTWOOD PL,370999.5844,5032776.473,-75.65394,45.43179,2017-11-14,4:49:00 PM,01 - Clear,01 - Dry,10 - No control,01 - Non intersection,05 - Dusk,02 - Non-fatal injury,05 - Turning movement,Vanier South
9994,MCARTHUR AVE btwn MARGUERITE AVE & MAYFIELD ST,370040.4084,5032671.253,-75.66621,45.43093,2017-04-13,8:52:00 PM,01 - Clear,01 - Dry,10 - No control,01 - Non intersection,07 - Dark,03 - P.D. only,06 - SMV unattended vehicle,Vanier South
9995,MCARTHUR AVE btwn MAY ST & ST. LAURENT BLVD,371825.3447,5032868.11,-75.64337,45.43253,2017-08-20,5:03:00 AM,01 - Clear,01 - Dry,10 - No control,01 - Non intersection,07 - Dark,03 - P.D. only,03 - Rear end,Castle Heights
9996,MCARTHUR AVE btwn MAY ST & ST. LAURENT BLVD,371831.2579,5032869.827,-75.6433,45.43255,2017-03-05,3:40:00 PM,01 - Clear,01 - Dry,10 - No control,01 - Non intersection,01 - Daylight,03 - P.D. only,04 - Sideswipe,Castle Heights
9997,MCARTHUR AVE btwn MAY ST & ST. LAURENT BLVD,371793.8002,5032864.475,-75.64378,45.4325,2017-04-07,1:52:00 PM,01 - Clear,01 - Dry,10 - No control,04 - At/near private drive,01 - Daylight,03 - P.D. only,03 - Rear end,Castle Heights
9998,MCARTHUR AVE btwn MAYFIELD ST & VANIER PKWY,370117.3672,5032679.215,-75.66523,45.431,2017-03-11,1:42:00 PM,01 - Clear,01 - Dry,10 - No control,04 - At/near private drive,01 - Daylight,03 - P.D. only,05 - Turning movement,Vanier South
9999,"MCARTHUR AVE btwn MCARTHUR AVE & EGLISE, RUE DE L",371415.2669,5032820.966,-75.64862,45.43215,2017-12-18,4:35:00 PM,03 - Snow,04 - Slush,10 - No control,04 - At/near private drive,05 - Dusk,03 - P.D. only,06 - SMV unattended vehicle,Castle Heights
10000,MCARTON RD btwn LOWE RD & UPPER DWYER HILL RD,339391.6592,5006879.564,-76.05969,45.20103,2017-05-17,9:04:00 PM,01 - Clear,01 - Dry,10 - No control,01 - Non intersection,07 - Dark,03 - P.D. only,07 - SMV other,Munster Hamlet - Richmond
10001,MCBEAN ST @ OTTAWA ST,357662.295,5005236.345,-75.82732,45.18511,2017-04-25,7:58:00 AM,01 - Clear,01 - Dry,02 - Stop sign,03 - At intersection,01 - Daylight,03 - P.D. only,07 - SMV other,Richmond
10002,MCBEAN ST @ OTTAWA ST,357661.1007,5005236.106,-75.82734,45.18511,2017-09-21,11:00:00 AM,01 - Clear,01 - Dry,02 - Stop sign,03 - At intersection,01 - Daylight,03 - P.D. only,02 - Angle,Richmond
10003,MCBEAN ST @ PERTH ST,356743.2815,5006255.354,-75.83891,45.19435,2017-07-21,1:50:00 PM,01 - Clear,01 - Dry,01 - Traffic signal,02 - Intersection related,01 - Daylight,03 - P.D. only,99 - Other,Richmond
10004,MCBEAN ST @ PERTH ST,356744.364,5006255.712,-75.83889,45.19435,2017-12-22,4:20:00 PM,03 - Snow,03 - Loose snow,01 - Traffic signal,03 - At intersection,05 - Dusk,03 - P.D. only,05 - Turning movement,Richmond
10005,MCBEAN ST btwn RICHLAND DR & DOBSON LANE,358235.1834,5004430.387,-75.82012,45.17782,2017-11-29,4:06:00 PM,01 - Clear,01 - Dry,10 - No control,01 - Non intersection,01 - Daylight,03 - P.D. only,07 - SMV other,Munster Hamlet - Richmond
10006,MCCARTHY RD @ PAUL ANKA DR,369700.0553,5023877.174,-75.67172,45.35184,2017-06-18,5:35:00 PM,01 - Clear,01 - Dry,01 - Traffic signal,03 - At intersection,01 - Daylight,02 - Non-fatal injury,02 - Angle,Hunt Club East - Western Community
10007,MCCARTHY RD @ PAUL ANKA DR,369700.8869,5023875.156,-75.67171,45.35182,2017-10-12,10:44:00 PM,01 - Clear,01 - Dry,01 - Traffic signal,03 - At intersection,07 - Dark,03 - P.D. only,05 - Turning movement,Hunt Club East - Western Community
10008,MCCARTHY RD @ PAUL ANKA DR,369699.7208,5023876.266,-75.67172,45.35183,2017-01-28,5:00:00 PM,01 - Clear,02 - Wet,01 - Traffic signal,02 - Intersection related,05 - Dusk,03 - P.D. only,04 - Sideswipe,Hunt Club East - Western Community
10009,MCCARTHY RD @ PAUL ANKA DR,369700.2673,5023876.505,-75.67171,45.35183,2017-01-28,5:03:00 PM,01 - Clear,01 - Dry,01 - Traffic signal,02 - Intersection related,05 - Dusk,03 - P.D. only,03 - Rear end,Hunt Club East - Western Community
10010,MCCARTHY RD @ PLANTE DR N,369606.211,5024193.495,-75.67287,45.35469,2017-07-30,5:57:00 PM,01 - Clear,01 - Dry,01 - Traffic signal,02 - Intersection related,01 - Daylight,02 - Non-fatal injury,03 - Rear end,Hunt Club East - Western Community
10011,MCCARTHY RD @ PLANTE DR N,369606.0492,5024192.837,-75.67288,45.35469,2017-11-30,10:36:00 AM,01 - Clear,01 - Dry,01 - Traffic signal,03 - At intersection,01 - Daylight,02 - Non-fatal injury,02 - Angle,Hunt Club East - Western Community
10012,MCCARTHY RD @ PROVOST DR,369330.3814,5025133.516,-75.67627,45.36318,2017-11-17,9:02:00 AM,01 - Clear,01 - Dry,02 - Stop sign,02 - Intersection related,01 - Daylight,03 - P.D. only,03 - Rear end,Hunt Club Woods - Quintarra - Revelstoke - Riverside South P
10013,MCCARTHY RD @ PROVOST DR,369331.0503,5025133.516,-75.67626,45.36318,2017-04-06,5:39:00 PM,02 - Rain,02 - Wet,02 - Stop sign,03 - At intersection,01 - Daylight,03 - P.D. only,02 - Angle,Hunt Club Woods - Quintarra - Revelstoke - Riverside South P
10014,MCCARTHY RD @ SOUTHMORE DR,369450.057,5024836.859,-75.67478,45.36049,2017-05-26,4:17:00 PM,01 - Clear,02 - Wet,02 - Stop sign,03 - At intersection,01 - Daylight,03 - P.D. only,02 - Angle,Hunt Club Woods - Quintarra - Revelstoke - Riverside South P
10015,MCCARTHY RD @ SOUTHMORE DR,369449.852,5024838.165,-75.67478,45.36051,2017-09-22,3:15:00 PM,01 - Clear,01 - Dry,02 - Stop sign,03 - At intersection,01 - Daylight,02 - Non-fatal injury,02 - Angle,Hunt Club Woods - Quintarra - Revelstoke - Riverside South P
10016,MCCARTHY RD @ SOUTHMORE DR,369450.057,5024836.859,-75.67478,45.36049,2017-03-18,6:41:00 PM,01 - Clear,01 - Dry,02 - Stop sign,03 - At intersection,05 - Dusk,02 - Non-fatal injury,07 - SMV other,Hunt Club Woods - Quintarra - Revelstoke - Riverside South P
10017,MCCARTHY RD @ TWYFORD ST,369902.4221,5023801.014,-75.66914,45.35113,2017-01-03,6:19:00 PM,02 - Rain,02 - Wet,02 - Stop sign,02 - Intersection related,07 - Dark,03 - P.D. only,02 - Angle,Hunt Club East - Western Community
10018,MCCARTHY RD @ WALKLEY RD,369250.5757,5025300.522,-75.67727,45.36469,2017-01-03,10:40:00 PM,04 - Freezing Rain,06 - Ice,01 - Traffic signal,02 - Intersection related,07 - Dark,03 - P.D. only,03 - Rear end,Riverside Park
10019,MCCARTHY RD @ WALKLEY RD,369248.714,5025301.191,-75.67729,45.36469,2017-03-15,8:25:00 AM,03 - Snow,03 - Loose snow,01 - Traffic signal,02 - Intersection related,01 - Daylight,03 - P.D. only,03 - Rear end,Riverside Park
10020,MCCARTHY RD btwn CAHILL DR W & PLANTE DR,370341.243,5023711.351,-75.66356,45.35029,2017-09-09,12:00:00 AM,01 - Clear,01 - Dry,10 - No control,04 - At/near private drive,00 - Unknown,03 - P.D. only,06 - SMV unattended vehicle,Hunt Club East - Western Community
10021,MCCARTHY RD btwn PAUL ANKA DR & HUNTVIEW PRIV,369751.6055,5023848.785,-75.67106,45.35158,2017-08-30,6:42:00 PM,01 - Clear,01 - Dry,10 - No control,04 - At/near private drive,01 - Daylight,02 - Non-fatal injury,03 - Rear end,Hunt Club East - Western Community
10022,MCCARTHY RD btwn PAUL ANKA DR & HUNTVIEW PRIV,369805.2658,5023824.692,-75.67038,45.35135,2017-09-19,9:10:00 PM,01 - Clear,01 - Dry,10 - No control,04 - At/near private drive,07 - Dark,03 - P.D. only,05 - Turning movement,Hunt Club East - Western Community
10023,MCCARTHY RD btwn PLANTE DR & HUNT CLUB RD,370461.7009,5023501.291,-75.66205,45.34838,2017-09-13,12:00:00 AM,01 - Clear,01 - Dry,10 - No control,01 - Non intersection,00 - Unknown,03 - P.D. only,06 - SMV unattended vehicle,Hunt Club East - Western Community
10024,MCCARTHY RD btwn SOUTHMORE DR W & PLANTE DR,369489.5218,5024735.855,-75.67429,45.35958,2017-10-23,12:44:00 AM,01 - Clear,01 - Dry,10 - No control,01 - Non intersection,07 - Dark,03 - P.D. only,01 - Approaching,Hunt Club Woods - Quintarra - Revelstoke - Riverside South P
10025,MCCLELLAN RD @ RIVERBROOK RD,360682.3428,5020878.817,-75.78713,45.32563,2017-05-07,12:34:00 AM,02 - Rain,02 - Wet,02 - Stop sign,02 - Intersection related,07 - Dark,03 - P.D. only,07 - SMV other,Sheahan Estates - Trend Village - Arlington Woods
10026,MCCLELLAN RD btwn GRADY CRES & HOBART CRES,360268.8352,5021188.683,-75.79237,45.32846,2017-11-29,12:00:00 AM,01 - Clear,01 - Dry,10 - No control,01 - Non intersection,00 - Unknown,03 - P.D. only,06 - SMV unattended vehicle,Sheahan Estates - Trend Village - Arlington Woods
10027,MCCLINTOCK WAY btwn MCCLURE CRES & MCCLURE CRES,352178.5904,5018853.719,-75.8958,45.30804,2017-02-07,8:12:00 AM,03 - Snow,03 - Loose snow,10 - No control,01 - Non intersection,01 - Daylight,03 - P.D. only,99 - Other,Katimavik - Hazeldean
10028,MCCLINTOCK WAY btwn MCCLURE CRES & MCCLURE CRES,352097.3518,5018866.675,-75.89683,45.30816,2017-04-07,3:17:00 PM,02 - Rain,02 - Wet,10 - No control,04 - At/near private drive,01 - Daylight,03 - P.D. only,02 - Angle,Katimavik - Hazeldean