Record,Location,X,Y,Longitude,Latitude,Date,Time,Environment,Road_Surface,Traffic_Control,Collision_Location,Light,Collision_Classification,Impact_type,Neighborhood
10029,MCCLURE CRES btwn MCCLINTOCK WAY & CHIMO DR (2),352185.0597,5019077.204,-75.8957,45.31005,2017-03-14,9:05:00 AM,03 - Snow,03 - Loose snow,10 - No control,04 - At/near private drive,01 - Daylight,03 - P.D. only,06 - SMV unattended vehicle,Katimavik - Hazeldean
10030,MCCOOEY LANE @ FISHER AVE,365996.6987,5026426.2,-75.71866,45.37511,2017-05-26,10:00:00 AM,02 - Rain,02 - Wet,01 - Traffic signal,02 - Intersection related,01 - Daylight,03 - P.D. only,03 - Rear end,Civic Hospital - Experimental Farm - Central Park
10031,MCCOOEY LANE @ FISHER AVE,365998.0365,5026426.869,-75.71864,45.37511,2017-07-07,4:06:00 PM,02 - Rain,02 - Wet,01 - Traffic signal,03 - At intersection,01 - Daylight,02 - Non-fatal injury,02 - Angle,Civic Hospital - Experimental Farm - Central Park
10032,MCCOOEY LANE @ FISHER AVE,365998.6578,5026425.292,-75.71864,45.3751,2017-10-31,11:00:00 AM,01 - Clear,01 - Dry,01 - Traffic signal,03 - At intersection,01 - Daylight,03 - P.D. only,03 - Rear end,Civic Hospital - Experimental Farm - Central Park
10033,MCCORDICK RD @ ROGER STEVENS DR,364681.976,4998309.267,-75.73883,45.12222,2017-07-13,7:20:00 AM,01 - Clear,02 - Wet,02 - Stop sign,03 - At intersection,01 - Daylight,01 - Fatal injury,02 - Angle,Munster Hamlet - Richmond
10034,MCCORDICK RD btwn COWELL RD & DILWORTH RD,368042.5285,4994533.329,-75.6966,45.08795,2017-10-30,5:14:00 AM,02 - Rain,02 - Wet,10 - No control,01 - Non intersection,07 - Dark,03 - P.D. only,07 - SMV other,Munster Hamlet - Richmond
10035,MCCORDICK RD btwn MCCORDICK RD & CENTURY RD W,360275.3859,5003351.867,-75.79428,45.16796,2017-04-14,3:36:00 PM,01 - Clear,01 - Dry,10 - No control,01 - Non intersection,01 - Daylight,03 - P.D. only,07 - SMV other,Munster Hamlet - Richmond
10036,MCCORDICK RD btwn MCCORDICK RD & CENTURY RD W,360060.3336,5003593.586,-75.79699,45.17015,2017-12-19,7:21:00 AM,03 - Snow,04 - Slush,10 - No control,01 - Non intersection,03 - Dawn,03 - P.D. only,01 - Approaching,Munster Hamlet - Richmond
10037,MCCORDICK RD btwn MCMULLEN RD & FAIRHURST DR,369225.5595,4993182.21,-75.68174,45.07569,2017-10-18,6:51:00 AM,01 - Clear,01 - Dry,10 - No control,01 - Non intersection,03 - Dawn,03 - P.D. only,07 - SMV other,Munster Hamlet - Richmond
10038,MCCORDICK RD btwn POLLOCK RD & ROGER STEVENS DR,362625.5157,5000637.035,-75.7647,45.14334,2017-06-09,6:00:00 PM,01 - Clear,01 - Dry,10 - No control,01 - Non intersection,01 - Daylight,03 - P.D. only,07 - SMV other,Munster Hamlet - Richmond
10039,MCEWEN AVE btwn AMBLESIDE DR & END,360960.9822,5026046.149,-75.78299,45.37211,2017-04-29,1:54:00 PM,01 - Clear,01 - Dry,10 - No control,04 - At/near private drive,01 - Daylight,02 - Non-fatal injury,07 - SMV other,Woodroffe - Lincoln Heights
10040,MCEWEN AVE btwn AMBLESIDE DR & END,360927.3276,5026126.148,-75.78341,45.37283,2017-02-17,3:23:00 PM,01 - Clear,02 - Wet,10 - No control,01 - Non intersection,01 - Daylight,03 - P.D. only,06 - SMV unattended vehicle,Woodroffe - Lincoln Heights
10041,MCGILLIVRAY ST btwn HERRIDGE ST & CLEGG ST,369021.5507,5029909.766,-75.67959,45.40618,2017-11-17,5:50:00 PM,01 - Clear,01 - Dry,10 - No control,04 - At/near private drive,07 - Dark,03 - P.D. only,06 - SMV unattended vehicle,Old Ottawa East
10042,MCKELLAR AVE btwn BROMLEY RD & CARLING AVE,362736.9402,5026445.951,-75.76027,45.37556,2017-08-16,9:16:00 AM,01 - Clear,01 - Dry,10 - No control,04 - At/near private drive,01 - Daylight,03 - P.D. only,99 - Other,Carlingwood - McKellar Park - Laurentien View
10043,MCKENNA CASEY DR @ STRANDHERD DR,361913.0012,5013612.848,-75.77227,45.26016,2017-07-26,11:01:00 AM,01 - Clear,01 - Dry,02 - Stop sign,02 - Intersection related,01 - Daylight,03 - P.D. only,03 - Rear end,Munster Hamlet - Richmond
10044,MCKENNA CASEY DR @ STRANDHERD DR,361911.7982,5013611.107,-75.77229,45.26014,2017-12-13,4:02:00 PM,03 - Snow,04 - Slush,02 - Stop sign,02 - Intersection related,05 - Dusk,03 - P.D. only,03 - Rear end,Munster Hamlet - Richmond
10045,MCKENNA CASEY DR @ STRANDHERD DR,361913.2183,5013611.581,-75.77227,45.26014,2017-12-12,6:21:00 PM,03 - Snow,03 - Loose snow,02 - Stop sign,03 - At intersection,07 - Dark,03 - P.D. only,05 - Turning movement,Munster Hamlet - Richmond
10046,MCKITRICK DR @ CASTLEFRANK RD,353105.7036,5017338.18,-75.88412,45.29434,2017-01-17,5:56:00 PM,03 - Snow,02 - Wet,02 - Stop sign,03 - At intersection,07 - Dark,03 - P.D. only,05 - Turning movement,Glen Cairn - Kanata South Business Park
10047,MCKITRICK DR btwn MELANIE CRES N & SUMNER ST,353002.2289,5017125.499,-75.88546,45.29243,2017-08-27,8:00:00 PM,01 - Clear,01 - Dry,10 - No control,01 - Non intersection,01 - Daylight,03 - P.D. only,06 - SMV unattended vehicle,Glen Cairn - Kanata South Business Park
10048,MCLENNAN WAY E @ TURNBULL AVE E,352541.1857,5017744.177,-75.89128,45.29803,2017-01-30,9:05:00 AM,03 - Snow,05 - Packed snow,02 - Stop sign,03 - At intersection,01 - Daylight,03 - P.D. only,02 - Angle,Katimavik - Hazeldean
10049,MCLEOD ST @ LYON ST,367625.2406,5030292.801,-75.69738,45.40975,2017-12-23,1:10:00 PM,03 - Snow,03 - Loose snow,02 - Stop sign,03 - At intersection,01 - Daylight,03 - P.D. only,02 - Angle,Centretown
10050,MCLEOD ST @ O'CONNOR ST,368118.713,5030593.911,-75.69104,45.41242,2017-11-08,5:30:00 PM,01 - Clear,01 - Dry,01 - Traffic signal,02 - Intersection related,07 - Dark,03 - P.D. only,07 - SMV other,Centretown
10051,MCLEOD ST @ O'CONNOR ST,368117.5714,5030594.166,-75.69105,45.41242,2017-01-07,1:27:00 PM,01 - Clear,01 - Dry,01 - Traffic signal,02 - Intersection related,01 - Daylight,03 - P.D. only,04 - Sideswipe,Centretown
10052,MCLEOD ST btwn BANK ST & O'CONNOR ST,368025.4984,5030532.927,-75.69223,45.41188,2017-08-16,12:00:00 AM,01 - Clear,01 - Dry,10 - No control,01 - Non intersection,00 - Unknown,03 - P.D. only,06 - SMV unattended vehicle,Centretown
10053,MCLEOD ST btwn METCALFE ST & METCALFE ST,368331.0789,5030721.798,-75.68831,45.41355,2017-03-15,11:40:00 AM,03 - Snow,03 - Loose snow,10 - No control,04 - At/near private drive,01 - Daylight,03 - P.D. only,05 - Turning movement,Centretown
10054,MCLEOD ST W @ METCALFE ST,368270.473,5030685.153,-75.68908,45.41322,2017-06-18,4:43:00 PM,01 - Clear,01 - Dry,01 - Traffic signal,03 - At intersection,01 - Daylight,03 - P.D. only,04 - Sideswipe,Centretown
10055,MCLEOD ST W @ METCALFE ST,368270.452,5030685.356,-75.68909,45.41323,2017-08-22,4:08:00 PM,01 - Clear,02 - Wet,01 - Traffic signal,02 - Intersection related,01 - Daylight,03 - P.D. only,04 - Sideswipe,Centretown
10056,MCNAUGHTON AVE @ MAIN ST,369299.6621,5029855.121,-75.67605,45.40566,2017-03-20,7:38:00 AM,01 - Clear,01 - Dry,02 - Stop sign,03 - At intersection,01 - Daylight,03 - P.D. only,03 - Rear end,Old Ottawa East
10057,MCRAE AVE @ RICHMOND RD,363609.0489,5028538.555,-75.74889,45.39432,2017-07-15,1:28:00 PM,01 - Clear,01 - Dry,01 - Traffic signal,03 - At intersection,01 - Daylight,02 - Non-fatal injury,07 - SMV other,Westboro
10058,MCRAE AVE @ RICHMOND RD,363609.3555,5028537.217,-75.74889,45.3943,2017-01-30,1:48:00 PM,01 - Clear,01 - Dry,01 - Traffic signal,03 - At intersection,01 - Daylight,02 - Non-fatal injury,07 - SMV other,Westboro
10059,MCRAE AVE @ RICHMOND RD,363608.7432,5028538.318,-75.74889,45.39431,2017-12-23,3:30:00 PM,03 - Snow,03 - Loose snow,01 - Traffic signal,02 - Intersection related,01 - Daylight,03 - P.D. only,03 - Rear end,Westboro
10060,MCRAE AVE @ SCOTT ST,363457.0181,5028811.551,-75.7508,45.39679,2017-06-05,1:09:00 PM,01 - Clear,01 - Dry,02 - Stop sign,02 - Intersection related,01 - Daylight,02 - Non-fatal injury,02 - Angle,Westboro
10061,MCRAE AVE btwn SCOTT ST & RICHMOND RD,363516.0719,5028705.185,-75.75006,45.39582,2017-06-22,12:00:00 AM,01 - Clear,01 - Dry,10 - No control,04 - At/near private drive,00 - Unknown,03 - P.D. only,06 - SMV unattended vehicle,Westboro
10062,MCWATTERS RD btwn LISA AVE & STANTON RD,360617.3708,5023101.991,-75.78771,45.34564,2017-02-13,1:49:00 PM,01 - Clear,05 - Packed snow,10 - No control,04 - At/near private drive,01 - Daylight,03 - P.D. only,99 - Other,Iris
10063,MCWATTERS RD btwn LISA AVE & THORSON AVE,360719.7695,5022849.611,-75.78643,45.34336,2017-11-02,12:00:00 AM,02 - Rain,02 - Wet,10 - No control,01 - Non intersection,00 - Unknown,03 - P.D. only,06 - SMV unattended vehicle,Iris
10064,MEADOWBREEZE DR btwn FERNBROOK PL & WHEATLAND AVE,355474.54,5015195.995,-75.85414,45.27489,2017-12-28,8:24:00 AM,01 - Clear,02 - Wet,10 - No control,04 - At/near private drive,01 - Daylight,03 - P.D. only,06 - SMV unattended vehicle,Bridlewood - Emerald Meadows
10065,MEADOWBROOK RD @ BORTOLOTTI CRES N/CEDARCROFT,374424.8062,5031989.338,-75.61028,45.42437,2017-06-04,3:36:00 PM,02 - Rain,02 - Wet,02 - Stop sign,03 - At intersection,01 - Daylight,03 - P.D. only,02 - Angle,Pineview
10066,MEADOWBROOK RD btwn 170 W OF TELESAT CRT & RIDGEBROOK DR,374760.7097,5032127.646,-75.60597,45.42558,2017-05-19,11:15:00 PM,01 - Clear,01 - Dry,10 - No control,01 - Non intersection,07 - Dark,03 - P.D. only,06 - SMV unattended vehicle,Pineview
10067,MEADOWBROOK RD btwn 170 W OF TELESAT CRT & RIDGEBROOK DR,374706.1062,5032102.92,-75.60667,45.42537,2017-06-12,6:59:00 PM,01 - Clear,01 - Dry,10 - No control,01 - Non intersection,01 - Daylight,03 - P.D. only,06 - SMV unattended vehicle,Pineview
10068,MEADOWBROOK RD btwn CYRVILLE RD & FINE CRES,374639.2909,5031281.505,-75.60764,45.41798,2017-09-07,4:36:00 PM,02 - Rain,02 - Wet,10 - No control,04 - At/near private drive,01 - Daylight,03 - P.D. only,02 - Angle,Pineview
10069,MEADOWBROOK RD btwn ENGLEWOOD PL & BLAIR RD,375172.3265,5032292.84,-75.60069,45.42703,2017-06-16,1:36:00 PM,01 - Clear,01 - Dry,10 - No control,04 - At/near private drive,01 - Daylight,03 - P.D. only,99 - Other,Pineview
10070,MEADOWBROOK RD btwn PROGRESS PL & FOXWELL ST,374457.9457,5031598.572,-75.60991,45.42085,2017-10-24,12:00:00 AM,01 - Clear,01 - Dry,10 - No control,01 - Non intersection,00 - Unknown,03 - P.D. only,06 - SMV unattended vehicle,Pineview
10071,MEADOWBROOK RD btwn TELESAT CRT & ENGLEWOOD PL,375115.9359,5032273.857,-75.60141,45.42686,2017-10-20,11:33:00 AM,01 - Clear,01 - Dry,10 - No control,01 - Non intersection,01 - Daylight,03 - P.D. only,06 - SMV unattended vehicle,Pineview
10072,MEADOWFIELD PL btwn MEADOWGLEN DR & PIEDMONT PL (1),379858.1693,5034858.052,-75.54042,45.44962,2017-08-14,12:00:00 AM,01 - Clear,01 - Dry,10 - No control,01 - Non intersection,00 - Unknown,03 - P.D. only,06 - SMV unattended vehicle,Chapel Hill
10073,MEADOWFIELD PL btwn MEADOWGLEN DR & PIEDMONT PL (2),379708.2494,5035016.239,-75.54231,45.45106,2017-11-06,5:59:00 PM,01 - Clear,01 - Dry,10 - No control,04 - At/near private drive,07 - Dark,03 - P.D. only,06 - SMV unattended vehicle,Chapel Hill
10074,MEADOWGLEN DR @ ORLEANS BLVD,380344.7487,5034574.237,-75.53424,45.44702,2017-06-02,9:14:00 AM,01 - Clear,01 - Dry,01 - Traffic signal,02 - Intersection related,01 - Daylight,03 - P.D. only,03 - Rear end,Orleans Village - Chateauneuf
10075,MEADOWGLEN DR @ ORLEANS BLVD,380344.7487,5034575.574,-75.53424,45.44703,2017-11-22,4:53:00 PM,01 - Clear,01 - Dry,01 - Traffic signal,03 - At intersection,07 - Dark,03 - P.D. only,03 - Rear end,Orleans Village - Chateauneuf
10076,MEADOWGLEN DR @ ORLEANS BLVD,380345.752,5034573.839,-75.53423,45.44701,2017-02-04,12:13:00 AM,01 - Clear,01 - Dry,01 - Traffic signal,03 - At intersection,07 - Dark,03 - P.D. only,05 - Turning movement,Orleans Village - Chateauneuf
10077,MEADOWGLEN DR btwn ASPENVIEW WAY & TEAKDALE AVE,380940.0799,5034974.961,-75.52657,45.45056,2017-11-16,1:34:00 PM,01 - Clear,02 - Wet,10 - No control,01 - Non intersection,01 - Daylight,03 - P.D. only,99 - Other,Orleans Village - Chateauneuf
10078,MEADOWGLEN DR btwn DU CLAIRVAUX RD & DU CLAIRVAUX RD,379962.3337,5034405.249,-75.53916,45.44554,2017-09-11,7:50:00 AM,"07 - Fog, mist, smoke, dust",01 - Dry,10 - No control,01 - Non intersection,01 - Daylight,03 - P.D. only,06 - SMV unattended vehicle,Chapel Hill
10079,MEADOWGLEN DR btwn MEADOWFIELD PL & DES BROUSSAILLES TER,379633.0772,5034826.016,-75.5433,45.44936,2017-06-12,4:07:00 PM,01 - Clear,01 - Dry,10 - No control,01 - Non intersection,01 - Daylight,02 - Non-fatal injury,07 - SMV other,Chapel Hill
10080,MEADOWGLEN DR btwn WINDFLOWER WAY & ORLEANS BLVD,380315.9861,5034562.196,-75.53461,45.44691,2017-05-15,8:34:00 AM,01 - Clear,01 - Dry,10 - No control,01 - Non intersection,01 - Daylight,03 - P.D. only,01 - Approaching,Chapel Hill
10081,MEADOWLANDS DR    W btwn TURN LANE & MERIVALE RD,364813.8227,5023701.187,-75.73409,45.35069,2017-09-19,6:50:00 AM,01 - Clear,01 - Dry,10 - No control,01 - Non intersection,03 - Dawn,02 - Non-fatal injury,07 - SMV other,Crestview - Meadowlands
10082,MEADOWLANDS DR @ MERIVALE RD,364857.0277,5023726.179,-75.73354,45.35091,2017-06-23,8:40:00 PM,01 - Clear,01 - Dry,01 - Traffic signal,02 - Intersection related,05 - Dusk,03 - P.D. only,03 - Rear end,Cityview - Skyline - Fisher Heights
10083,MEADOWLANDS DR @ MERIVALE RD,364860.5264,5023725.206,-75.73349,45.3509,2017-08-08,8:12:00 AM,01 - Clear,01 - Dry,01 - Traffic signal,02 - Intersection related,01 - Daylight,02 - Non-fatal injury,03 - Rear end,Cityview - Skyline - Fisher Heights
10084,MEADOWLANDS DR @ MERIVALE RD,364859.3409,5023724.869,-75.73351,45.3509,2017-08-16,4:14:00 PM,01 - Clear,01 - Dry,01 - Traffic signal,02 - Intersection related,01 - Daylight,03 - P.D. only,05 - Turning movement,Cityview - Skyline - Fisher Heights
10085,MEADOWLANDS DR @ MERIVALE RD,364858.9219,5023725.732,-75.73351,45.35091,2017-08-24,5:08:00 PM,01 - Clear,01 - Dry,01 - Traffic signal,03 - At intersection,01 - Daylight,03 - P.D. only,03 - Rear end,Cityview - Skyline - Fisher Heights
10086,MEADOWLANDS DR @ MERIVALE RD,364858.6999,5023724.553,-75.73352,45.35089,2017-08-08,10:12:00 PM,01 - Clear,01 - Dry,01 - Traffic signal,03 - At intersection,07 - Dark,03 - P.D. only,05 - Turning movement,Cityview - Skyline - Fisher Heights
10087,MEADOWLANDS DR @ MERIVALE RD,364860.2284,5023724.491,-75.7335,45.35089,2017-07-07,4:58:00 PM,02 - Rain,02 - Wet,01 - Traffic signal,02 - Intersection related,01 - Daylight,03 - P.D. only,05 - Turning movement,Cityview - Skyline - Fisher Heights
10088,MEADOWLANDS DR @ MERIVALE RD,364857.7441,5023725.749,-75.73353,45.35091,2017-09-11,10:47:00 PM,01 - Clear,01 - Dry,01 - Traffic signal,03 - At intersection,07 - Dark,03 - P.D. only,04 - Sideswipe,Cityview - Skyline - Fisher Heights
10089,MEADOWLANDS DR @ MERIVALE RD,364858.6999,5023725.747,-75.73352,45.35091,2017-09-05,4:17:00 PM,01 - Clear,01 - Dry,01 - Traffic signal,02 - Intersection related,01 - Daylight,03 - P.D. only,03 - Rear end,Cityview - Skyline - Fisher Heights
10090,MEADOWLANDS DR @ MERIVALE RD,364858.2265,5023726.22,-75.73352,45.35091,2017-09-29,11:50:00 AM,01 - Clear,01 - Dry,01 - Traffic signal,02 - Intersection related,01 - Daylight,03 - P.D. only,03 - Rear end,Cityview - Skyline - Fisher Heights
10091,MEADOWLANDS DR @ MERIVALE RD,364858.6999,5023726.603,-75.73352,45.35091,2017-10-08,1:01:00 AM,01 - Clear,01 - Dry,01 - Traffic signal,02 - Intersection related,07 - Dark,03 - P.D. only,01 - Approaching,Cityview - Skyline - Fisher Heights
10092,MEADOWLANDS DR @ MERIVALE RD,364859.6467,5023726.694,-75.7335,45.35091,2017-10-05,10:58:00 PM,01 - Clear,01 - Dry,01 - Traffic signal,03 - At intersection,07 - Dark,03 - P.D. only,05 - Turning movement,Cityview - Skyline - Fisher Heights
10093,MEADOWLANDS DR @ MERIVALE RD,364857.7532,5023724.8,-75.73353,45.3509,2017-10-27,8:51:00 PM,01 - Clear,01 - Dry,01 - Traffic signal,02 - Intersection related,07 - Dark,03 - P.D. only,03 - Rear end,Cityview - Skyline - Fisher Heights
10094,MEADOWLANDS DR @ MERIVALE RD,364859.7928,5023725.51,-75.7335,45.3509,2017-10-11,7:30:00 PM,01 - Clear,01 - Dry,01 - Traffic signal,02 - Intersection related,07 - Dark,03 - P.D. only,04 - Sideswipe,Cityview - Skyline - Fisher Heights
10095,MEADOWLANDS DR @ MERIVALE RD,364859.7032,5023724.842,-75.7335,45.3509,2017-11-07,8:50:00 PM,01 - Clear,01 - Dry,01 - Traffic signal,03 - At intersection,07 - Dark,03 - P.D. only,05 - Turning movement,Cityview - Skyline - Fisher Heights
10096,MEADOWLANDS DR @ MERIVALE RD,364858.3655,5023724.173,-75.73352,45.35089,2017-11-12,8:12:00 PM,01 - Clear,01 - Dry,01 - Traffic signal,03 - At intersection,07 - Dark,02 - Non-fatal injury,02 - Angle,Cityview - Skyline - Fisher Heights
10097,MEADOWLANDS DR @ MERIVALE RD,364859.0344,5023725.51,-75.73351,45.3509,2017-11-12,1:56:00 AM,01 - Clear,01 - Dry,01 - Traffic signal,03 - At intersection,07 - Dark,03 - P.D. only,05 - Turning movement,Cityview - Skyline - Fisher Heights
10098,MEADOWLANDS DR @ MERIVALE RD,364859.1778,5023724.794,-75.73351,45.3509,2017-11-21,5:30:00 PM,01 - Clear,02 - Wet,01 - Traffic signal,03 - At intersection,07 - Dark,03 - P.D. only,05 - Turning movement,Cityview - Skyline - Fisher Heights
10099,MEADOWLANDS DR @ MERIVALE RD,364858.6999,5023726.057,-75.73352,45.35091,2017-02-02,12:56:00 PM,01 - Clear,01 - Dry,01 - Traffic signal,02 - Intersection related,01 - Daylight,03 - P.D. only,04 - Sideswipe,Cityview - Skyline - Fisher Heights
10100,MEADOWLANDS DR @ MERIVALE RD,364859.5583,5023726.369,-75.73351,45.35091,2017-01-13,4:02:00 PM,01 - Clear,01 - Dry,01 - Traffic signal,02 - Intersection related,01 - Daylight,03 - P.D. only,99 - Other,Cityview - Skyline - Fisher Heights
10101,MEADOWLANDS DR @ MERIVALE RD,364858.3655,5023725.51,-75.73352,45.3509,2017-01-26,2:34:00 PM,01 - Clear,01 - Dry,01 - Traffic signal,03 - At intersection,01 - Daylight,03 - P.D. only,07 - SMV other,Cityview - Skyline - Fisher Heights
10102,MEADOWLANDS DR @ MERIVALE RD,364859.0344,5023726.848,-75.73351,45.35092,2017-04-23,6:15:00 PM,01 - Clear,01 - Dry,01 - Traffic signal,03 - At intersection,01 - Daylight,03 - P.D. only,05 - Turning movement,Cityview - Skyline - Fisher Heights
10103,MEADOWLANDS DR @ MERIVALE RD,364859.7032,5023726.848,-75.7335,45.35092,2017-03-11,9:43:00 PM,01 - Clear,01 - Dry,01 - Traffic signal,03 - At intersection,07 - Dark,03 - P.D. only,05 - Turning movement,Cityview - Skyline - Fisher Heights
10104,MEADOWLANDS DR @ MERIVALE RD,364859.0344,5023726.179,-75.73351,45.35091,2017-04-01,2:21:00 PM,01 - Clear,01 - Dry,01 - Traffic signal,02 - Intersection related,01 - Daylight,03 - P.D. only,03 - Rear end,Cityview - Skyline - Fisher Heights
10105,MEADOWLANDS DR @ MERIVALE RD,364857.9494,5023725.135,-75.73353,45.3509,2017-04-04,1:45:00 PM,02 - Rain,02 - Wet,01 - Traffic signal,03 - At intersection,01 - Daylight,03 - P.D. only,03 - Rear end,Cityview - Skyline - Fisher Heights
10106,MEADOWLANDS DR @ MERIVALE RD,364859.7032,5023724.173,-75.7335,45.35089,2017-04-15,8:41:00 PM,02 - Rain,02 - Wet,01 - Traffic signal,03 - At intersection,07 - Dark,02 - Non-fatal injury,05 - Turning movement,Cityview - Skyline - Fisher Heights
10107,MEADOWLANDS DR @ MERIVALE RD,364860.1336,5023725.271,-75.7335,45.3509,2017-12-18,11:49:00 AM,03 - Snow,03 - Loose snow,01 - Traffic signal,02 - Intersection related,01 - Daylight,03 - P.D. only,03 - Rear end,Cityview - Skyline - Fisher Heights
10108,MEADOWLANDS DR @ ROWLEY AVE,364325.7133,5023430.384,-75.74035,45.34829,2017-02-10,8:45:00 AM,01 - Clear,01 - Dry,02 - Stop sign,03 - At intersection,01 - Daylight,03 - P.D. only,04 - Sideswipe,Crestview - Meadowlands
10109,MEADOWLANDS DR @ TIVERTON DR,365204.976,5024344.125,-75.72902,45.35644,2017-08-24,5:43:00 PM,01 - Clear,01 - Dry,01 - Traffic signal,02 - Intersection related,01 - Daylight,02 - Non-fatal injury,03 - Rear end,Borden Farm - Stewart Farm - Parkwood Hills - Fisher Glen
10110,MEADOWLANDS DR @ TIVERTON DR,365205.4717,5024344.244,-75.72902,45.35644,2017-09-19,7:04:00 PM,02 - Rain,02 - Wet,01 - Traffic signal,02 - Intersection related,05 - Dusk,03 - P.D. only,03 - Rear end,Borden Farm - Stewart Farm - Parkwood Hills - Fisher Glen
10111,MEADOWLANDS DR @ TIVERTON DR,365204.929,5024342.789,-75.72902,45.35643,2017-04-21,7:30:00 AM,02 - Rain,02 - Wet,01 - Traffic signal,02 - Intersection related,01 - Daylight,03 - P.D. only,03 - Rear end,Borden Farm - Stewart Farm - Parkwood Hills - Fisher Glen
10112,MEADOWLANDS DR @ VIEWMOUNT DR,363740.6867,5023104.173,-75.74786,45.34541,2017-06-10,3:16:00 PM,01 - Clear,01 - Dry,01 - Traffic signal,02 - Intersection related,01 - Daylight,03 - P.D. only,03 - Rear end,Crestview - Meadowlands
10113,MEADOWLANDS DR btwn APELDOORN AVE & CLAYMOR AVE,366884.7385,5025258.14,-75.70747,45.36452,2017-07-07,5:23:00 PM,02 - Rain,02 - Wet,10 - No control,01 - Non intersection,01 - Daylight,03 - P.D. only,03 - Rear end,Carleton Heights - Rideauview
10114,MEADOWLANDS DR btwn BAYNE AVE & MERIVALE RD,364784.5937,5023684.817,-75.73447,45.35054,2017-08-05,4:27:00 PM,01 - Clear,01 - Dry,10 - No control,04 - At/near private drive,01 - Daylight,02 - Non-fatal injury,02 - Angle,Crestview - Meadowlands
10115,MEADOWLANDS DR btwn BAYNE AVE & MERIVALE RD,364800.8404,5023694.741,-75.73426,45.35063,2017-10-30,11:04:00 AM,02 - Rain,02 - Wet,10 - No control,04 - At/near private drive,01 - Daylight,03 - P.D. only,02 - Angle,Crestview - Meadowlands
10116,MEADOWLANDS DR btwn BROOK LANE & WITHROW AVE,363626.3809,5023043.319,-75.74932,45.34487,2017-09-19,7:55:00 AM,01 - Clear,01 - Dry,10 - No control,04 - At/near private drive,01 - Daylight,03 - P.D. only,99 - Other,Crestview - Meadowlands
10117,MEADOWLANDS DR btwn CHESTERTON DR & TIVERTON DR,365179.8454,5024260.361,-75.72935,45.35569,2017-05-25,4:21:00 PM,02 - Rain,02 - Wet,10 - No control,01 - Non intersection,01 - Daylight,03 - P.D. only,03 - Rear end,Borden Farm - Stewart Farm - Parkwood Hills - Fisher Glen
10118,MEADOWLANDS DR btwn CHESTERTON DR & TIVERTON DR,365154.1529,5024178.421,-75.72969,45.35495,2017-11-18,8:24:00 PM,02 - Rain,02 - Wet,10 - No control,01 - Non intersection,07 - Dark,03 - P.D. only,03 - Rear end,Borden Farm - Stewart Farm - Parkwood Hills - Fisher Glen
10119,MEADOWLANDS DR btwn CLAYMOR AVE & DEBRA AVE,367173.6846,5025560.041,-75.70374,45.36721,2017-08-09,1:12:00 PM,01 - Clear,01 - Dry,10 - No control,01 - Non intersection,01 - Daylight,03 - P.D. only,06 - SMV unattended vehicle,Carleton Heights - Rideauview
10120,MEADOWLANDS DR btwn CLAYMOR AVE & DEBRA AVE,367202.7332,5025579.935,-75.70337,45.36738,2017-04-22,12:19:00 PM,01 - Clear,01 - Dry,10 - No control,04 - At/near private drive,01 - Daylight,03 - P.D. only,02 - Angle,Carleton Heights - Rideauview
10121,MEADOWLANDS DR btwn CLAYMOR AVE & DEBRA AVE,367152.3879,5025542.818,-75.70402,45.36705,2017-03-02,3:14:00 PM,01 - Clear,01 - Dry,10 - No control,04 - At/near private drive,01 - Daylight,03 - P.D. only,02 - Angle,Carleton Heights - Rideauview
10122,MEADOWLANDS DR btwn EAGLE LANE & BELIVEAU ST,365474.3726,5024543.737,-75.72556,45.35821,2017-03-14,3:46:00 PM,03 - Snow,03 - Loose snow,10 - No control,04 - At/near private drive,01 - Daylight,02 - Non-fatal injury,07 - SMV other,Borden Farm - Stewart Farm - Parkwood Hills - Fisher Glen
10123,MEADOWLANDS DR btwn FISHER AVE & ORTONA AVE,366602.8241,5025064.175,-75.71109,45.3628,2017-05-17,5:20:00 PM,01 - Clear,01 - Dry,10 - No control,01 - Non intersection,01 - Daylight,03 - P.D. only,04 - Sideswipe,Carleton Heights - Rideauview
10124,MEADOWLANDS DR btwn HOGAN ST & NESS ST,366214.1509,5024894.088,-75.71607,45.3613,2017-04-16,1:58:00 PM,02 - Rain,02 - Wet,10 - No control,04 - At/near private drive,01 - Daylight,03 - P.D. only,02 - Angle,Cityview - Skyline - Fisher Heights
10125,MEADOWLANDS DR btwn HOGAN ST & NESS ST,366268.4167,5024891.91,-75.71538,45.36128,2017-04-01,1:50:00 PM,03 - Snow,02 - Wet,10 - No control,01 - Non intersection,01 - Daylight,03 - P.D. only,06 - SMV unattended vehicle,Borden Farm - Stewart Farm - Parkwood Hills - Fisher Glen
10126,MEADOWLANDS DR btwn HOGAN ST & NESS ST,366391.1103,5024928.642,-75.71381,45.3616,2017-03-24,7:54:00 PM,03 - Snow,03 - Loose snow,10 - No control,01 - Non intersection,07 - Dark,03 - P.D. only,99 - Other,Borden Farm - Stewart Farm - Parkwood Hills - Fisher Glen