Record,Location,X,Y,Longitude,Latitude,Date,Time,Environment,Road_Surface,Traffic_Control,Collision_Location,Light,Collision_Classification,Impact_type,Neighborhood
10127,MEADOWLANDS DR btwn HOGAN ST & NESS ST,366391.1025,5024928.463,-75.71381,45.36159,2017-03-26,5:00:00 PM,02 - Rain,02 - Wet,10 - No control,04 - At/near private drive,01 - Daylight,03 - P.D. only,03 - Rear end,Borden Farm - Stewart Farm - Parkwood Hills - Fisher Glen
10128,MEADOWLANDS DR btwn INDIAN RD & LAIRD ST,364046.6586,5023275.725,-75.74393,45.34693,2017-01-27,12:00:00 AM,01 - Clear,01 - Dry,10 - No control,01 - Non intersection,00 - Unknown,03 - P.D. only,06 - SMV unattended vehicle,Crestview - Meadowlands
10129,MEADOWLANDS DR btwn INVERNESS AVE & DEER PARK RD,365819.2704,5024758.667,-75.72113,45.36012,2017-12-11,8:33:00 AM,01 - Clear,01 - Dry,10 - No control,01 - Non intersection,01 - Daylight,03 - P.D. only,01 - Approaching,Borden Farm - Stewart Farm - Parkwood Hills - Fisher Glen
10130,MEADOWLANDS DR btwn LAIRD ST & ROWLEY AVE,364226.9267,5023375.7,-75.74162,45.34781,2017-09-11,8:24:00 PM,01 - Clear,01 - Dry,10 - No control,01 - Non intersection,07 - Dark,02 - Non-fatal injury,06 - SMV unattended vehicle,Crestview - Meadowlands
10131,MEADOWLANDS DR btwn MERIVALE RD & GRANT CARMAN DR,365007.7237,5023839.608,-75.7316,45.35192,2017-12-12,7:07:00 AM,03 - Snow,05 - Packed snow,10 - No control,01 - Non intersection,03 - Dawn,02 - Non-fatal injury,07 - SMV other,Borden Farm - Stewart Farm - Parkwood Hills - Fisher Glen
10132,MEADOWLANDS DR btwn NE/OT BOUNDARY & FISHER AVE,366565.3659,5025040.095,-75.71157,45.36258,2017-06-20,6:30:00 PM,01 - Clear,01 - Dry,10 - No control,01 - Non intersection,01 - Daylight,03 - P.D. only,03 - Rear end,Carleton Heights - Rideauview
10133,MEADOWLANDS DR btwn NE/OT BOUNDARY & FISHER AVE,366559.3458,5025034.744,-75.71165,45.36254,2017-03-07,5:31:00 PM,02 - Rain,02 - Wet,10 - No control,04 - At/near private drive,05 - Dusk,03 - P.D. only,02 - Angle,Carleton Heights - Rideauview
10134,MEADOWLANDS DR btwn NESS ST & NE/OT BOUNDARY,366478.2651,5024984.173,-75.71269,45.36209,2017-02-11,12:00:00 AM,01 - Clear,02 - Wet,10 - No control,01 - Non intersection,00 - Unknown,03 - P.D. only,06 - SMV unattended vehicle,Borden Farm - Stewart Farm - Parkwood Hills - Fisher Glen
10135,MEADOWLANDS DR btwn PERRY ST & PETER ST,364444.4649,5023496.259,-75.73883,45.34888,2017-03-09,1:25:00 PM,01 - Clear,01 - Dry,10 - No control,01 - Non intersection,01 - Daylight,02 - Non-fatal injury,01 - Approaching,Crestview - Meadowlands
10136,MEADOWLANDS DR btwn PRINCE OF WALES DR & DEBRA AVE,367329.444,5025666.721,-75.70174,45.36815,2017-05-26,1:00:00 PM,01 - Clear,01 - Dry,10 - No control,04 - At/near private drive,01 - Daylight,03 - P.D. only,05 - Turning movement,Carleton Heights - Rideauview
10137,MEADOWLANDS DR btwn PRINCE OF WALES DR & DEBRA AVE,367327.4373,5025665.383,-75.70177,45.36814,2017-06-14,4:54:00 PM,01 - Clear,01 - Dry,10 - No control,01 - Non intersection,01 - Daylight,03 - P.D. only,03 - Rear end,Carleton Heights - Rideauview
10138,MEADOWLANDS DR btwn PRINCE OF WALES DR & DEBRA AVE,367348.2422,5025679.73,-75.7015,45.36827,2017-07-05,4:06:00 PM,01 - Clear,01 - Dry,10 - No control,04 - At/near private drive,01 - Daylight,03 - P.D. only,02 - Angle,Carleton Heights - Rideauview
10139,MEADOWLANDS DR btwn PRINCE OF WALES DR & DEBRA AVE,367330.0849,5025671.121,-75.70173,45.36819,2017-08-21,3:26:00 PM,01 - Clear,01 - Dry,10 - No control,04 - At/near private drive,01 - Daylight,03 - P.D. only,02 - Angle,Carleton Heights - Rideauview
10140,MEADOWLANDS DR btwn PRINCE OF WALES DR & DEBRA AVE,367353.717,5025684.606,-75.70143,45.36831,2017-09-28,6:50:00 PM,01 - Clear,01 - Dry,10 - No control,01 - Non intersection,05 - Dusk,03 - P.D. only,05 - Turning movement,Carleton Heights - Rideauview
10141,MEADOWLANDS DR btwn PRINCE OF WALES DR & DEBRA AVE,367356.1272,5025684.525,-75.7014,45.36831,2017-11-15,6:29:00 PM,01 - Clear,02 - Wet,10 - No control,01 - Non intersection,07 - Dark,03 - P.D. only,06 - SMV unattended vehicle,Carleton Heights - Rideauview
10142,MEADOWLANDS DR btwn ROWLEY AVE & PERRY ST,364395.6119,5023469.958,-75.73946,45.34864,2017-03-29,6:45:00 PM,01 - Clear,01 - Dry,10 - No control,04 - At/near private drive,05 - Dusk,03 - P.D. only,03 - Rear end,Crestview - Meadowlands
10143,MEADOWLANDS DR btwn TURN LANE & SULLIVAN AVE,363117.4578,5022764.47,-75.75585,45.3424,2017-05-31,2:51:00 PM,01 - Clear,01 - Dry,10 - No control,04 - At/near private drive,01 - Daylight,03 - P.D. only,02 - Angle,Crestview - Meadowlands
10144,MEADOWLANDS DR btwn TURN LANE & SULLIVAN AVE,363263.7567,5022840.426,-75.75398,45.34307,2017-07-10,1:26:00 AM,01 - Clear,02 - Wet,10 - No control,01 - Non intersection,07 - Dark,03 - P.D. only,06 - SMV unattended vehicle,Crestview - Meadowlands
10145,MEADOWLANDS DR btwn TURN LANE & SULLIVAN AVE,363144.7343,5022778.986,-75.7555,45.34253,2017-09-08,7:36:00 PM,01 - Clear,01 - Dry,10 - No control,04 - At/near private drive,05 - Dusk,03 - P.D. only,02 - Angle,Crestview - Meadowlands
10146,MEADOWLANDS DR btwn TURN LANE & SULLIVAN AVE,363234.3825,5022824.511,-75.75435,45.34293,2017-03-26,2:40:00 PM,01 - Clear,02 - Wet,10 - No control,01 - Non intersection,01 - Daylight,03 - P.D. only,06 - SMV unattended vehicle,Crestview - Meadowlands
10147,MEADOWLANDS DR btwn VIEWMOUNT DR & INDIAN RD,363879.977,5023182.171,-75.74607,45.3461,2017-02-15,7:12:00 PM,03 - Snow,05 - Packed snow,10 - No control,04 - At/near private drive,07 - Dark,03 - P.D. only,03 - Rear end,Crestview - Meadowlands
10148,MEADOWLANDS DR/PETER ST @ PERRY ST,364439.2839,5023493.052,-75.7389,45.34885,2017-04-30,10:05:00 AM,04 - Freezing Rain,02 - Wet,01 - Traffic signal,03 - At intersection,01 - Daylight,03 - P.D. only,02 - Angle,Crestview - Meadowlands
10149,MEADOWLANDS DR/PETER ST @ PERRY ST,364439.2824,5023493.564,-75.7389,45.34885,2017-10-31,5:30:00 PM,01 - Clear,01 - Dry,01 - Traffic signal,02 - Intersection related,05 - Dusk,03 - P.D. only,03 - Rear end,Crestview - Meadowlands
10150,MEADOWLANDS DR/PETER ST @ PERRY ST,364438.1485,5023493.343,-75.73891,45.34885,2017-02-22,6:57:00 PM,01 - Clear,01 - Dry,01 - Traffic signal,03 - At intersection,07 - Dark,02 - Non-fatal injury,03 - Rear end,Crestview - Meadowlands
10151,MEADOWLANDS DR/TALLWOOD DR @ WOODROFFE AVE,363056.7626,5022730.367,-75.75663,45.3421,2017-05-10,4:40:00 PM,01 - Clear,01 - Dry,01 - Traffic signal,02 - Intersection related,01 - Daylight,03 - P.D. only,03 - Rear end,Crestview - Meadowlands
10152,MEADOWLANDS DR/TALLWOOD DR @ WOODROFFE AVE,363057.13,5022729.337,-75.75662,45.34209,2017-04-26,3:43:00 PM,01 - Clear,01 - Dry,01 - Traffic signal,02 - Intersection related,01 - Daylight,03 - P.D. only,03 - Rear end,Crestview - Meadowlands
10153,MEADOWLANDS DR/TALLWOOD DR @ WOODROFFE AVE,363056.6484,5022730.64,-75.75663,45.3421,2017-05-08,4:50:00 PM,01 - Clear,01 - Dry,01 - Traffic signal,02 - Intersection related,01 - Daylight,03 - P.D. only,03 - Rear end,Crestview - Meadowlands
10154,MEADOWLANDS DR/TALLWOOD DR @ WOODROFFE AVE,363056.9545,5022730.476,-75.75663,45.3421,2017-08-24,1:45:00 PM,01 - Clear,01 - Dry,01 - Traffic signal,02 - Intersection related,01 - Daylight,03 - P.D. only,99 - Other,Crestview - Meadowlands
10155,MEADOWLANDS DR/TALLWOOD DR @ WOODROFFE AVE,363056.6896,5022728.899,-75.75663,45.34209,2017-08-02,6:00:00 PM,01 - Clear,01 - Dry,01 - Traffic signal,02 - Intersection related,01 - Daylight,03 - P.D. only,02 - Angle,Crestview - Meadowlands
10156,MEADOWLANDS DR/TALLWOOD DR @ WOODROFFE AVE,363057.7751,5022729.137,-75.75662,45.34209,2017-10-10,8:29:00 AM,01 - Clear,01 - Dry,01 - Traffic signal,03 - At intersection,01 - Daylight,03 - P.D. only,03 - Rear end,Crestview - Meadowlands
10157,MEADOWLANDS DR/TALLWOOD DR @ WOODROFFE AVE,363056.7539,5022730.362,-75.75663,45.3421,2017-09-19,4:47:00 PM,01 - Clear,01 - Dry,01 - Traffic signal,02 - Intersection related,01 - Daylight,03 - P.D. only,03 - Rear end,Crestview - Meadowlands
10158,MEADOWLANDS DR/TALLWOOD DR @ WOODROFFE AVE,363057.5835,5022730.271,-75.75662,45.3421,2017-09-14,5:00:00 PM,01 - Clear,01 - Dry,01 - Traffic signal,02 - Intersection related,01 - Daylight,03 - P.D. only,99 - Other,Crestview - Meadowlands
10159,MEADOWLANDS DR/TALLWOOD DR @ WOODROFFE AVE,363055.7338,5022729.3,-75.75664,45.34209,2017-09-13,12:00:00 PM,01 - Clear,01 - Dry,01 - Traffic signal,02 - Intersection related,01 - Daylight,03 - P.D. only,03 - Rear end,Crestview - Meadowlands
10160,MEADOWLANDS DR/TALLWOOD DR @ WOODROFFE AVE,363056.2162,5022729.311,-75.75664,45.34209,2017-12-12,2:01:00 PM,01 - Clear,01 - Dry,01 - Traffic signal,02 - Intersection related,01 - Daylight,03 - P.D. only,03 - Rear end,Crestview - Meadowlands
10161,MEADOWLANDS DR/TALLWOOD DR @ WOODROFFE AVE,363056.3552,5022729.825,-75.75663,45.3421,2017-11-14,11:50:00 AM,01 - Clear,01 - Dry,01 - Traffic signal,02 - Intersection related,01 - Daylight,03 - P.D. only,03 - Rear end,Crestview - Meadowlands
10162,MEADOWLANDS DR/TALLWOOD DR @ WOODROFFE AVE,363056.3552,5022730.494,-75.75663,45.3421,2017-11-11,10:40:00 PM,01 - Clear,01 - Dry,01 - Traffic signal,02 - Intersection related,07 - Dark,03 - P.D. only,03 - Rear end,Crestview - Meadowlands
10163,MEADOWLANDS DR/TALLWOOD DR @ WOODROFFE AVE,363056.6621,5022729.816,-75.75663,45.3421,2017-01-16,9:50:00 AM,01 - Clear,01 - Dry,01 - Traffic signal,02 - Intersection related,01 - Daylight,03 - P.D. only,03 - Rear end,Crestview - Meadowlands
10164,MEADOWLANDS DR/TALLWOOD DR @ WOODROFFE AVE,363057.0241,5022729.825,-75.75663,45.3421,2017-03-02,9:07:00 AM,03 - Snow,05 - Packed snow,01 - Traffic signal,02 - Intersection related,01 - Daylight,03 - P.D. only,03 - Rear end,Crestview - Meadowlands
10165,MEADOWLANDS DR/TALLWOOD DR @ WOODROFFE AVE,363056.3552,5022729.825,-75.75663,45.3421,2017-03-04,4:25:00 PM,01 - Clear,01 - Dry,01 - Traffic signal,02 - Intersection related,01 - Daylight,03 - P.D. only,03 - Rear end,Crestview - Meadowlands
10166,MEADOWLANDS DR/TALLWOOD DR @ WOODROFFE AVE,363057.0241,5022729.157,-75.75663,45.34209,2017-04-11,5:43:00 PM,01 - Clear,01 - Dry,01 - Traffic signal,02 - Intersection related,01 - Daylight,03 - P.D. only,03 - Rear end,Crestview - Meadowlands
10167,MEADOWLANDS DR/TALLWOOD DR @ WOODROFFE AVE,363055.9488,5022730.886,-75.75664,45.34211,2017-12-28,3:53:00 PM,01 - Clear,05 - Packed snow,01 - Traffic signal,02 - Intersection related,01 - Daylight,03 - P.D. only,03 - Rear end,Crestview - Meadowlands
10168,MEADOWLANDS DR/TALLWOOD DR @ WOODROFFE AVE,363057.163,5022731.678,-75.75662,45.34211,2017-12-28,6:30:00 AM,01 - Clear,02 - Wet,01 - Traffic signal,02 - Intersection related,07 - Dark,03 - P.D. only,03 - Rear end,Crestview - Meadowlands
10169,MEDHURST DR btwn NESTOW DR & NESTOW DR,364323.4989,5022127.022,-75.74054,45.33657,2017-03-28,9:15:00 AM,01 - Clear,01 - Dry,10 - No control,04 - At/near private drive,01 - Daylight,03 - P.D. only,99 - Other,Tanglewood
10170,MEDHURST DR btwn WOODROFFE AVE & BROCKINGTON CRES,363466.1782,5021845.216,-75.75151,45.3341,2017-03-16,7:52:00 AM,01 - Clear,02 - Wet,10 - No control,04 - At/near private drive,01 - Daylight,03 - P.D. only,03 - Rear end,Tanglewood
10171,MELANIE CRES btwn SUMNER ST & MCKITRICK DR (2),352763.8595,5017195.945,-75.8885,45.29308,2017-11-26,11:26:00 AM,01 - Clear,06 - Ice,10 - No control,01 - Non intersection,01 - Daylight,03 - P.D. only,06 - SMV unattended vehicle,Glen Cairn - Kanata South Business Park
10172,MELBOURNE AVE btwn KENWOOD AVE & PRINCETON AVE,363273.0369,5027787.229,-75.75327,45.38758,2017-12-18,6:53:00 PM,01 - Clear,05 - Packed snow,10 - No control,01 - Non intersection,07 - Dark,03 - P.D. only,06 - SMV unattended vehicle,Westboro
10173,MELDRUM AVE btwn CLANCY ST & LA VERENDRYE DR,374669.644,5035507.049,-75.60665,45.456,2017-08-18,10:18:00 AM,02 - Rain,02 - Wet,10 - No control,01 - Non intersection,01 - Daylight,03 - P.D. only,05 - Turning movement,Beacon Hill North
10174,MELFORT ST @ WALKLEY RD,374446.8231,5028374.353,-75.61051,45.39184,2017-10-11,4:14:00 PM,01 - Clear,01 - Dry,01 - Traffic signal,02 - Intersection related,01 - Daylight,03 - P.D. only,03 - Rear end,Hawthorne Meadows
10175,MELFORT ST @ WALKLEY RD,374446.4881,5028373.164,-75.61051,45.39183,2017-02-09,4:26:00 PM,01 - Clear,01 - Dry,01 - Traffic signal,03 - At intersection,01 - Daylight,03 - P.D. only,03 - Rear end,Hawthorne Meadows
10176,MELGUND AVE @ MONK ST,368399.4321,5029227.845,-75.68763,45.4001,2017-01-07,11:38:00 AM,01 - Clear,03 - Loose snow,02 - Stop sign,02 - Intersection related,01 - Daylight,03 - P.D. only,06 - SMV unattended vehicle,The Glebe
10177,"MELODIE, RUE DE LA @ RENAUD RD",382170.458,5032953.609,-75.51116,45.43223,2017-08-08,5:52:00 PM,01 - Clear,01 - Dry,02 - Stop sign,02 - Intersection related,01 - Daylight,02 - Non-fatal injury,03 - Rear end,Chapel Hill South
10178,MELROSE AVE btwn RUSKIN ST & CARLING AVE,365904.4454,5028548.059,-75.71958,45.39421,2017-06-09,9:20:00 AM,01 - Clear,01 - Dry,10 - No control,01 - Non intersection,01 - Daylight,03 - P.D. only,06 - SMV unattended vehicle,Civic Hospital - Experimental Farm - Central Park
10179,MER BLEUE RD btwn 210 S OF INNES RD & INNES RD,382705.342,5035430.033,-75.50394,45.45446,2017-08-09,1:05:00 PM,01 - Clear,01 - Dry,10 - No control,04 - At/near private drive,01 - Daylight,02 - Non-fatal injury,05 - Turning movement,Orl¨¦ans
10180,MER BLEUE RD btwn 210 S OF INNES RD & INNES RD,382662.3461,5035526.112,-75.50447,45.45533,2017-09-05,3:00:00 PM,01 - Clear,01 - Dry,10 - No control,01 - Non intersection,01 - Daylight,03 - P.D. only,04 - Sideswipe,Orl¨¦ans
10181,MER BLEUE RD btwn WALL RD & MER BLEUE RD,383945.8194,5032534.308,-75.48854,45.42826,2017-05-17,5:30:00 PM,01 - Clear,01 - Dry,10 - No control,01 - Non intersection,01 - Daylight,03 - P.D. only,03 - Rear end,Chapel Hill South
10182,MER BLEUE RD E @ NAVAN RD,384139.786,5032190.2,-75.48612,45.42515,2017-09-12,6:20:00 AM,01 - Clear,01 - Dry,02 - Stop sign,02 - Intersection related,03 - Dawn,03 - P.D. only,03 - Rear end,Navan - Vars
10183,MERIDIAN PL btwn PALLISTER PRIV & CHRYSALIS WAY,362753.8012,5022761.371,-75.76049,45.34241,2017-01-20,12:00:00 AM,01 - Clear,02 - Wet,10 - No control,01 - Non intersection,00 - Unknown,03 - P.D. only,06 - SMV unattended vehicle,Centrepointe
10184,MERIVALE RD @ 170 N OF HUNTCLUB RD/COSTCO/CANA,365550.1987,5022100.763,-75.72489,45.33622,2017-11-09,12:51:00 PM,01 - Clear,01 - Dry,01 - Traffic signal,02 - Intersection related,01 - Daylight,02 - Non-fatal injury,07 - SMV other,Tanglewood
10185,MERIVALE RD @ 170 N OF HUNTCLUB RD/COSTCO/CANA,365549.5835,5022101.224,-75.7249,45.33623,2017-11-06,10:31:00 AM,01 - Clear,01 - Dry,01 - Traffic signal,02 - Intersection related,01 - Daylight,03 - P.D. only,03 - Rear end,Tanglewood
10186,MERIVALE RD @ 170 N OF HUNTCLUB RD/COSTCO/CANA,365548.861,5022098.756,-75.72491,45.33621,2017-02-23,6:30:00 PM,01 - Clear,02 - Wet,01 - Traffic signal,03 - At intersection,07 - Dark,02 - Non-fatal injury,02 - Angle,Tanglewood
10187,MERIVALE RD @ 170 N OF HUNTCLUB RD/COSTCO/CANA,365548.1921,5022100.763,-75.72492,45.33622,2017-03-17,12:26:00 PM,01 - Clear,01 - Dry,01 - Traffic signal,02 - Intersection related,01 - Daylight,02 - Non-fatal injury,07 - SMV other,Tanglewood
10188,MERIVALE RD @ 170 N OF HUNTCLUB RD/COSTCO/CANA,365549.736,5022100.077,-75.7249,45.33622,2017-12-26,9:41:00 AM,01 - Clear,04 - Slush,01 - Traffic signal,02 - Intersection related,01 - Daylight,03 - P.D. only,02 - Angle,Tanglewood
10189,MERIVALE RD @ 210 S OF MEADOWLANDS DR,364944.0149,5023529.197,-75.73245,45.34913,2017-06-26,12:34:00 PM,01 - Clear,01 - Dry,01 - Traffic signal,02 - Intersection related,01 - Daylight,02 - Non-fatal injury,03 - Rear end,Borden Farm - Stewart Farm - Parkwood Hills - Fisher Glen
10190,MERIVALE RD @ 210 S OF MEADOWLANDS DR,364944.0666,5023530.001,-75.73245,45.34914,2017-06-23,2:39:00 PM,01 - Clear,01 - Dry,01 - Traffic signal,02 - Intersection related,01 - Daylight,03 - P.D. only,04 - Sideswipe,Borden Farm - Stewart Farm - Parkwood Hills - Fisher Glen
10191,MERIVALE RD @ 210 S OF MEADOWLANDS DR,364943.346,5023529.866,-75.73246,45.34914,2017-04-28,9:05:00 AM,01 - Clear,01 - Dry,01 - Traffic signal,02 - Intersection related,01 - Daylight,03 - P.D. only,03 - Rear end,Borden Farm - Stewart Farm - Parkwood Hills - Fisher Glen
10192,MERIVALE RD @ 210 S OF MEADOWLANDS DR,364943.346,5023530.535,-75.73246,45.34914,2017-02-21,9:31:00 AM,01 - Clear,01 - Dry,01 - Traffic signal,02 - Intersection related,01 - Daylight,03 - P.D. only,07 - SMV other,Borden Farm - Stewart Farm - Parkwood Hills - Fisher Glen
10193,MERIVALE RD @ ANNA AVE/LAPERRIERE AVE,364861.2729,5027163.495,-75.73307,45.38184,2017-05-30,8:16:00 AM,01 - Clear,01 - Dry,01 - Traffic signal,02 - Intersection related,01 - Daylight,03 - P.D. only,03 - Rear end,Carlington
10194,MERIVALE RD @ BASIL MACDONALD WAY/MERIVALE MAL,365097.2163,5023171.964,-75.73054,45.3459,2017-08-04,3:05:00 PM,01 - Clear,01 - Dry,01 - Traffic signal,03 - At intersection,01 - Daylight,03 - P.D. only,02 - Angle,Crestview - Meadowlands
10195,MERIVALE RD @ BASIL MACDONALD WAY/MERIVALE MAL,365095.8901,5023171.865,-75.73056,45.3459,2017-06-28,11:20:00 AM,01 - Clear,01 - Dry,01 - Traffic signal,02 - Intersection related,01 - Daylight,03 - P.D. only,05 - Turning movement,Crestview - Meadowlands
10196,MERIVALE RD @ BASIL MACDONALD WAY/MERIVALE MAL,365097.5567,5023172.698,-75.73054,45.34591,2017-12-12,8:58:00 PM,03 - Snow,03 - Loose snow,01 - Traffic signal,03 - At intersection,07 - Dark,03 - P.D. only,05 - Turning movement,Crestview - Meadowlands
10197,MERIVALE RD @ BASIL MACDONALD WAY/MERIVALE MAL,365097.2977,5023171.413,-75.73054,45.3459,2017-11-03,5:00:00 PM,01 - Clear,01 - Dry,01 - Traffic signal,02 - Intersection related,05 - Dusk,03 - P.D. only,03 - Rear end,Crestview - Meadowlands
10198,MERIVALE RD @ BONGARD AVE,365870.5263,5021316.808,-75.7209,45.32914,2017-03-14,9:52:00 AM,03 - Snow,02 - Wet,02 - Stop sign,03 - At intersection,01 - Daylight,02 - Non-fatal injury,02 - Angle,Merivale Gardens - Grenfell Glen - Pineglen - Country Place
10199,MERIVALE RD @ CAPILANO DR/WITHROW AVE,364643.4323,5024229.107,-75.7362,45.35545,2017-04-27,11:03:00 PM,01 - Clear,01 - Dry,01 - Traffic signal,03 - At intersection,07 - Dark,02 - Non-fatal injury,02 - Angle,Cityview - Skyline - Fisher Heights
10200,MERIVALE RD @ CAPILANO DR/WITHROW AVE,364642.9069,5024227.052,-75.73621,45.35543,2017-09-03,2:53:00 PM,02 - Rain,02 - Wet,01 - Traffic signal,03 - At intersection,01 - Daylight,03 - P.D. only,02 - Angle,Cityview - Skyline - Fisher Heights
10201,MERIVALE RD @ CAPILANO DR/WITHROW AVE,364642.429,5024227.222,-75.73622,45.35544,2017-10-07,11:53:00 AM,02 - Rain,02 - Wet,01 - Traffic signal,02 - Intersection related,01 - Daylight,03 - P.D. only,03 - Rear end,Cityview - Skyline - Fisher Heights
10202,MERIVALE RD @ CAPILANO DR/WITHROW AVE,364642.7288,5024227.86,-75.73621,45.35544,2017-01-30,6:20:00 PM,01 - Clear,01 - Dry,01 - Traffic signal,03 - At intersection,07 - Dark,03 - P.D. only,05 - Turning movement,Cityview - Skyline - Fisher Heights
10203,MERIVALE RD @ CAPILANO DR/WITHROW AVE,364642.7635,5024227.769,-75.73621,45.35544,2017-04-11,10:11:00 AM,02 - Rain,02 - Wet,01 - Traffic signal,03 - At intersection,01 - Daylight,02 - Non-fatal injury,02 - Angle,Cityview - Skyline - Fisher Heights
10204,MERIVALE RD @ CAPILANO DR/WITHROW AVE,364641.9929,5024228.089,-75.73622,45.35544,2017-12-21,12:04:00 PM,01 - Clear,01 - Dry,01 - Traffic signal,03 - At intersection,01 - Daylight,02 - Non-fatal injury,07 - SMV other,Cityview - Skyline - Fisher Heights
10205,MERIVALE RD @ CAPILANO DR/WITHROW AVE,364641.4823,5024228.479,-75.73623,45.35545,2017-12-30,9:29:00 AM,03 - Snow,05 - Packed snow,01 - Traffic signal,02 - Intersection related,01 - Daylight,03 - P.D. only,03 - Rear end,Cityview - Skyline - Fisher Heights
10206,MERIVALE RD @ CLEOPATRA DR,365951.5661,5021122.705,-75.71989,45.32739,2017-07-11,5:15:00 PM,01 - Clear,02 - Wet,01 - Traffic signal,02 - Intersection related,01 - Daylight,02 - Non-fatal injury,03 - Rear end,Merivale Gardens - Grenfell Glen - Pineglen - Country Place
10207,MERIVALE RD @ CLEOPATRA DR,365950.2496,5021122.068,-75.71991,45.32738,2017-12-15,5:47:00 PM,03 - Snow,04 - Slush,01 - Traffic signal,03 - At intersection,07 - Dark,02 - Non-fatal injury,02 - Angle,Merivale Gardens - Grenfell Glen - Pineglen - Country Place
10208,MERIVALE RD @ CLEOPATRA DR,365951.0344,5021122.627,-75.7199,45.32739,2017-12-20,5:38:00 PM,01 - Clear,01 - Dry,01 - Traffic signal,02 - Intersection related,07 - Dark,03 - P.D. only,05 - Turning movement,Merivale Gardens - Grenfell Glen - Pineglen - Country Place
10209,MERIVALE RD @ COLDREY AVE/CRERAR AVE,364895.7967,5027391.998,-75.7326,45.38389,2017-07-20,11:05:00 AM,01 - Clear,01 - Dry,01 - Traffic signal,02 - Intersection related,01 - Daylight,03 - P.D. only,04 - Sideswipe,Carlington
10210,MERIVALE RD @ EMERALD PLAZA SC,364737.5766,5024004.357,-75.73503,45.35342,2017-11-07,5:24:00 PM,01 - Clear,01 - Dry,01 - Traffic signal,02 - Intersection related,07 - Dark,02 - Non-fatal injury,07 - SMV other,Cityview - Skyline - Fisher Heights
10211,MERIVALE RD @ EMERALD PLAZA SC,364736.1317,5024006.119,-75.73505,45.35344,2017-03-15,5:36:00 PM,03 - Snow,03 - Loose snow,01 - Traffic signal,02 - Intersection related,01 - Daylight,03 - P.D. only,03 - Rear end,Crestview - Meadowlands
10212,MERIVALE RD @ FAMILY BROWN LANE,365005.4,5023386.028,-75.73169,45.34784,2017-06-20,5:26:00 PM,01 - Clear,01 - Dry,01 - Traffic signal,03 - At intersection,01 - Daylight,02 - Non-fatal injury,05 - Turning movement,Borden Farm - Stewart Farm - Parkwood Hills - Fisher Glen
10213,MERIVALE RD @ FAMILY BROWN LANE,365003.7886,5023386.122,-75.73171,45.34784,2017-06-16,6:59:00 PM,01 - Clear,01 - Dry,01 - Traffic signal,03 - At intersection,01 - Daylight,03 - P.D. only,05 - Turning movement,Borden Farm - Stewart Farm - Parkwood Hills - Fisher Glen
10214,MERIVALE RD @ FAMILY BROWN LANE,365005.5757,5023384.906,-75.73168,45.34783,2017-08-30,7:05:00 PM,01 - Clear,01 - Dry,01 - Traffic signal,02 - Intersection related,01 - Daylight,03 - P.D. only,03 - Rear end,Borden Farm - Stewart Farm - Parkwood Hills - Fisher Glen
10215,MERIVALE RD @ FAMILY BROWN LANE,365004.6247,5023385.668,-75.7317,45.34783,2017-11-22,6:40:00 AM,01 - Clear,02 - Wet,01 - Traffic signal,03 - At intersection,03 - Dawn,02 - Non-fatal injury,02 - Angle,Borden Farm - Stewart Farm - Parkwood Hills - Fisher Glen
10216,MERIVALE RD @ FAMILY BROWN LANE,365004.1172,5023386.178,-75.7317,45.34784,2017-02-04,11:27:00 AM,01 - Clear,01 - Dry,01 - Traffic signal,02 - Intersection related,01 - Daylight,03 - P.D. only,02 - Angle,Borden Farm - Stewart Farm - Parkwood Hills - Fisher Glen
10217,MERIVALE RD @ GERVIN ST,366292.5798,5020292.891,-75.71565,45.31989,2017-11-12,7:57:00 PM,01 - Clear,01 - Dry,02 - Stop sign,02 - Intersection related,07 - Dark,02 - Non-fatal injury,03 - Rear end,Merivale Gardens - Grenfell Glen - Pineglen - Country Place
10218,MERIVALE RD @ KINGSTON AVE,364902.7047,5026273.798,-75.73265,45.37383,2017-10-20,11:55:00 AM,01 - Clear,01 - Dry,02 - Stop sign,02 - Intersection related,01 - Daylight,03 - P.D. only,03 - Rear end,Carlington
10219,MERIVALE RD @ MACFARLANE RD,366152.8579,5020632.658,-75.71739,45.32296,2017-10-23,4:19:00 PM,01 - Clear,01 - Dry,02 - Stop sign,03 - At intersection,01 - Daylight,03 - P.D. only,05 - Turning movement,Merivale Gardens - Grenfell Glen - Pineglen - Country Place
10220,MERIVALE RD @ PINEGLEN CRES,366242.3757,5020411.812,-75.71627,45.32097,2017-03-16,7:29:00 PM,01 - Clear,01 - Dry,02 - Stop sign,02 - Intersection related,07 - Dark,03 - P.D. only,03 - Rear end,Merivale Gardens - Grenfell Glen - Pineglen - Country Place
10221,MERIVALE RD @ ROSSLAND AVE,364674.2166,5024151.514,-75.73582,45.35475,2017-08-15,11:28:00 AM,01 - Clear,01 - Dry,02 - Stop sign,02 - Intersection related,01 - Daylight,03 - P.D. only,03 - Rear end,Cityview - Skyline - Fisher Heights