Record,Location,X,Y,Longitude,Latitude,Date,Time,Environment,Road_Surface,Traffic_Control,Collision_Location,Light,Collision_Classification,Impact_type,Neighborhood
10222,MERIVALE RD @ ROSSLAND AVE,364673.697,5024153.036,-75.73583,45.35477,2017-08-12,6:15:00 PM,01 - Clear,01 - Dry,02 - Stop sign,02 - Intersection related,01 - Daylight,03 - P.D. only,03 - Rear end,Cityview - Skyline - Fisher Heights
10223,MERIVALE RD @ ROSSLAND AVE,364673.697,5024151.275,-75.73583,45.35475,2017-09-07,2:30:00 PM,01 - Clear,01 - Dry,02 - Stop sign,02 - Intersection related,01 - Daylight,03 - P.D. only,05 - Turning movement,Cityview - Skyline - Fisher Heights
10224,MERIVALE RD @ ROSSLAND AVE,364674.6528,5024151.275,-75.73581,45.35475,2017-12-08,4:45:00 PM,01 - Clear,01 - Dry,02 - Stop sign,03 - At intersection,05 - Dusk,03 - P.D. only,03 - Rear end,Cityview - Skyline - Fisher Heights
10225,MERIVALE RD @ ROSSLAND AVE,364672.4624,5024147.81,-75.73584,45.35472,2017-01-09,6:33:00 PM,03 - Snow,06 - Ice,02 - Stop sign,03 - At intersection,07 - Dark,03 - P.D. only,02 - Angle,Cityview - Skyline - Fisher Heights
10226,MERIVALE RD @ SHILLINGTON AVE,364842.1467,5026810.557,-75.73335,45.37866,2017-06-06,12:04:00 PM,01 - Clear,01 - Dry,01 - Traffic signal,02 - Intersection related,01 - Daylight,03 - P.D. only,03 - Rear end,Carlington
10227,MERIVALE RD @ SHILLINGTON AVE,364845.1721,5026809.777,-75.73331,45.37866,2017-09-20,2:57:00 PM,01 - Clear,01 - Dry,01 - Traffic signal,02 - Intersection related,01 - Daylight,03 - P.D. only,04 - Sideswipe,Carlington
10228,MERIVALE RD @ SHILLINGTON AVE,364845.2407,5026810.085,-75.73331,45.37866,2017-01-19,3:55:00 PM,01 - Clear,02 - Wet,01 - Traffic signal,02 - Intersection related,01 - Daylight,02 - Non-fatal injury,03 - Rear end,Carlington
10229,MERIVALE RD @ SHILLINGTON AVE,364845.6975,5026808.869,-75.73331,45.37865,2017-02-27,3:02:00 PM,01 - Clear,01 - Dry,01 - Traffic signal,02 - Intersection related,01 - Daylight,03 - P.D. only,03 - Rear end,Carlington
10230,MERIVALE RD @ SHILLINGTON AVE,364845.1439,5026809.793,-75.73332,45.37866,2017-12-16,6:31:00 PM,01 - Clear,02 - Wet,01 - Traffic signal,02 - Intersection related,07 - Dark,03 - P.D. only,07 - SMV other,Carlington
10231,MERIVALE RD @ SHILLINGTON AVE,364844.6646,5026809.026,-75.73332,45.37865,2017-12-24,9:24:00 AM,03 - Snow,04 - Slush,01 - Traffic signal,02 - Intersection related,01 - Daylight,03 - P.D. only,07 - SMV other,Carlington
10232,MERIVALE RD @ SLACK RD,366020.0348,5020955.493,-75.71904,45.32588,2017-05-26,11:29:00 AM,01 - Clear,01 - Dry,01 - Traffic signal,03 - At intersection,01 - Daylight,02 - Non-fatal injury,05 - Turning movement,Merivale Gardens - Grenfell Glen - Pineglen - Country Place
10233,MERIVALE RD @ SLACK RD,366020.0667,5020954.529,-75.71904,45.32587,2017-08-09,3:39:00 PM,01 - Clear,01 - Dry,01 - Traffic signal,02 - Intersection related,01 - Daylight,03 - P.D. only,03 - Rear end,Merivale Gardens - Grenfell Glen - Pineglen - Country Place
10234,MERIVALE RD @ SLACK RD,366017.8958,5020955.794,-75.71907,45.32588,2017-07-29,1:55:00 PM,01 - Clear,01 - Dry,01 - Traffic signal,02 - Intersection related,01 - Daylight,02 - Non-fatal injury,03 - Rear end,Merivale Gardens - Grenfell Glen - Pineglen - Country Place
10235,MERIVALE RD @ SLACK RD,366019.0623,5020955.174,-75.71905,45.32588,2017-07-18,11:23:00 AM,01 - Clear,01 - Dry,01 - Traffic signal,03 - At intersection,01 - Daylight,03 - P.D. only,05 - Turning movement,Merivale Gardens - Grenfell Glen - Pineglen - Country Place
10236,MERIVALE RD @ SLACK RD,366020.0348,5020955.493,-75.71904,45.32588,2017-06-27,9:04:00 AM,01 - Clear,01 - Dry,01 - Traffic signal,02 - Intersection related,01 - Daylight,03 - P.D. only,03 - Rear end,Merivale Gardens - Grenfell Glen - Pineglen - Country Place
10237,MERIVALE RD @ SLACK RD,366020.1737,5020955.256,-75.71904,45.32588,2017-09-25,8:49:00 AM,01 - Clear,01 - Dry,01 - Traffic signal,02 - Intersection related,01 - Daylight,03 - P.D. only,03 - Rear end,Merivale Gardens - Grenfell Glen - Pineglen - Country Place
10238,MERIVALE RD @ SLACK RD,366019.7003,5020956.203,-75.71904,45.32589,2017-12-05,8:02:00 AM,02 - Rain,02 - Wet,01 - Traffic signal,02 - Intersection related,01 - Daylight,02 - Non-fatal injury,03 - Rear end,Merivale Gardens - Grenfell Glen - Pineglen - Country Place
10239,MERIVALE RD @ SLACK RD,366021.2012,5020957.369,-75.71902,45.3259,2017-02-09,7:10:00 PM,01 - Clear,02 - Wet,01 - Traffic signal,02 - Intersection related,07 - Dark,03 - P.D. only,04 - Sideswipe,Industrial Park
10240,MERIVALE RD @ SLACK RD,366017.9836,5020953.776,-75.71907,45.32586,2017-01-14,11:45:00 AM,01 - Clear,01 - Dry,01 - Traffic signal,02 - Intersection related,01 - Daylight,03 - P.D. only,04 - Sideswipe,Merivale Gardens - Grenfell Glen - Pineglen - Country Place
10241,MERIVALE RD @ SLACK RD,366020.0348,5020956.831,-75.71904,45.32589,2017-04-07,8:41:00 AM,01 - Clear,01 - Dry,01 - Traffic signal,02 - Intersection related,01 - Daylight,03 - P.D. only,03 - Rear end,Merivale Gardens - Grenfell Glen - Pineglen - Country Place
10242,MERIVALE RD @ SLACK RD,366019.7003,5020955.118,-75.71904,45.32588,2017-03-27,4:31:00 PM,02 - Rain,02 - Wet,01 - Traffic signal,02 - Intersection related,01 - Daylight,03 - P.D. only,03 - Rear end,Merivale Gardens - Grenfell Glen - Pineglen - Country Place
10243,MERIVALE RD @ SUMMERVILLE AVE,364875.1526,5026444.748,-75.73298,45.37537,2017-12-27,3:43:00 PM,01 - Clear,02 - Wet,01 - Traffic signal,02 - Intersection related,01 - Daylight,02 - Non-fatal injury,03 - Rear end,Carlington
10244,MERIVALE RD @ VISCOUNT AVE,364942.375,5027679.239,-75.73197,45.38647,2017-01-14,3:20:00 PM,01 - Clear,01 - Dry,02 - Stop sign,02 - Intersection related,01 - Daylight,03 - P.D. only,04 - Sideswipe,Carlington
10245,MERIVALE RD @ WEST HUNT CLUB RD,365611.6919,5021944.505,-75.72413,45.33481,2017-04-28,4:00:00 PM,01 - Clear,01 - Dry,01 - Traffic signal,02 - Intersection related,01 - Daylight,03 - P.D. only,03 - Rear end,Tanglewood
10246,MERIVALE RD @ WEST HUNT CLUB RD,365610.0915,5021944.627,-75.72415,45.33481,2017-06-07,5:38:00 PM,01 - Clear,01 - Dry,01 - Traffic signal,02 - Intersection related,01 - Daylight,03 - P.D. only,04 - Sideswipe,Tanglewood
10247,MERIVALE RD @ WEST HUNT CLUB RD,365613.0297,5021942.498,-75.72411,45.3348,2017-06-22,1:51:00 PM,01 - Clear,01 - Dry,01 - Traffic signal,02 - Intersection related,01 - Daylight,03 - P.D. only,03 - Rear end,Tanglewood
10248,MERIVALE RD @ WEST HUNT CLUB RD,365613.2967,5021942.197,-75.72411,45.33479,2017-07-17,9:05:00 AM,01 - Clear,01 - Dry,01 - Traffic signal,02 - Intersection related,01 - Daylight,02 - Non-fatal injury,03 - Rear end,Industrial Park
10249,MERIVALE RD @ WEST HUNT CLUB RD,365612.3608,5021942.498,-75.72412,45.3348,2017-06-30,11:30:00 AM,01 - Clear,01 - Dry,01 - Traffic signal,02 - Intersection related,01 - Daylight,02 - Non-fatal injury,03 - Rear end,Tanglewood
10250,MERIVALE RD @ WEST HUNT CLUB RD,365614.3674,5021941.829,-75.72409,45.33479,2017-07-03,1:06:00 AM,02 - Rain,02 - Wet,01 - Traffic signal,02 - Intersection related,07 - Dark,03 - P.D. only,03 - Rear end,Industrial Park
10251,MERIVALE RD @ WEST HUNT CLUB RD,365612.9172,5021941.832,-75.72411,45.33479,2017-08-24,11:30:00 AM,01 - Clear,01 - Dry,01 - Traffic signal,02 - Intersection related,01 - Daylight,03 - P.D. only,03 - Rear end,Industrial Park
10252,MERIVALE RD @ WEST HUNT CLUB RD,365611.6023,5021942.498,-75.72413,45.3348,2017-10-14,12:27:00 PM,01 - Clear,02 - Wet,01 - Traffic signal,02 - Intersection related,01 - Daylight,03 - P.D. only,03 - Rear end,Tanglewood
10253,MERIVALE RD @ WEST HUNT CLUB RD,365612.6952,5021941.952,-75.72411,45.33479,2017-10-14,10:00:00 AM,02 - Rain,02 - Wet,01 - Traffic signal,02 - Intersection related,01 - Daylight,03 - P.D. only,03 - Rear end,Industrial Park
10254,MERIVALE RD @ WEST HUNT CLUB RD,365613.642,5021943.208,-75.7241,45.3348,2017-12-12,8:12:00 AM,03 - Snow,03 - Loose snow,01 - Traffic signal,03 - At intersection,01 - Daylight,02 - Non-fatal injury,02 - Angle,Industrial Park
10255,MERIVALE RD @ WEST HUNT CLUB RD,365611.6919,5021942.498,-75.72413,45.3348,2017-11-29,2:20:00 PM,01 - Clear,01 - Dry,01 - Traffic signal,02 - Intersection related,01 - Daylight,03 - P.D. only,04 - Sideswipe,Tanglewood
10256,MERIVALE RD @ WEST HUNT CLUB RD,365612.3608,5021942.498,-75.72412,45.3348,2017-11-08,4:38:00 PM,01 - Clear,01 - Dry,01 - Traffic signal,02 - Intersection related,05 - Dusk,03 - P.D. only,04 - Sideswipe,Tanglewood
10257,MERIVALE RD @ WEST HUNT CLUB RD,365613.642,5021942.262,-75.7241,45.33479,2017-12-05,6:08:00 PM,01 - Clear,01 - Dry,01 - Traffic signal,02 - Intersection related,07 - Dark,03 - P.D. only,03 - Rear end,Industrial Park
10258,MERIVALE RD @ WEST HUNT CLUB RD,365612.2218,5021943.682,-75.72412,45.33481,2017-11-03,6:03:00 PM,01 - Clear,01 - Dry,01 - Traffic signal,03 - At intersection,07 - Dark,03 - P.D. only,03 - Rear end,Industrial Park
10259,MERIVALE RD @ WEST HUNT CLUB RD,365613.4049,5021939.724,-75.72411,45.33477,2017-11-11,3:18:00 PM,01 - Clear,01 - Dry,01 - Traffic signal,02 - Intersection related,01 - Daylight,03 - P.D. only,03 - Rear end,Tanglewood
10260,MERIVALE RD @ WEST HUNT CLUB RD,365612.3608,5021943.167,-75.72412,45.3348,2017-11-24,5:07:00 PM,01 - Clear,01 - Dry,01 - Traffic signal,02 - Intersection related,07 - Dark,03 - P.D. only,03 - Rear end,Tanglewood
10261,MERIVALE RD @ WEST HUNT CLUB RD,365614.3674,5021941.829,-75.72409,45.33479,2017-12-07,12:40:00 PM,01 - Clear,01 - Dry,01 - Traffic signal,02 - Intersection related,01 - Daylight,03 - P.D. only,04 - Sideswipe,Industrial Park
10262,MERIVALE RD @ WEST HUNT CLUB RD,365613.0297,5021941.16,-75.72411,45.33478,2017-02-17,1:42:00 PM,01 - Clear,01 - Dry,01 - Traffic signal,02 - Intersection related,01 - Daylight,03 - P.D. only,04 - Sideswipe,Industrial Park
10263,MERIVALE RD @ WEST HUNT CLUB RD,365613.4457,5021942.123,-75.72411,45.33479,2017-01-10,5:30:00 PM,03 - Snow,03 - Loose snow,01 - Traffic signal,03 - At intersection,05 - Dusk,03 - P.D. only,05 - Turning movement,Industrial Park
10264,MERIVALE RD @ WEST HUNT CLUB RD,365613.0297,5021943.167,-75.72411,45.3348,2017-02-15,5:58:00 PM,03 - Snow,03 - Loose snow,01 - Traffic signal,02 - Intersection related,07 - Dark,03 - P.D. only,04 - Sideswipe,Tanglewood
10265,MERIVALE RD @ WEST HUNT CLUB RD,365613.0297,5021941.829,-75.72411,45.33479,2017-04-19,10:21:00 AM,02 - Rain,02 - Wet,01 - Traffic signal,02 - Intersection related,01 - Daylight,03 - P.D. only,03 - Rear end,Industrial Park
10266,MERIVALE RD @ WEST HUNT CLUB RD,365614.3674,5021943.167,-75.72409,45.3348,2017-03-08,7:48:00 AM,01 - Clear,01 - Dry,01 - Traffic signal,03 - At intersection,01 - Daylight,03 - P.D. only,05 - Turning movement,Industrial Park
10267,MERIVALE RD @ WEST HUNT CLUB RD,365612.2218,5021943.682,-75.72412,45.33481,2017-04-21,8:24:00 AM,02 - Rain,02 - Wet,01 - Traffic signal,02 - Intersection related,01 - Daylight,02 - Non-fatal injury,03 - Rear end,Industrial Park
10268,MERIVALE RD @ WEST HUNT CLUB RD,365613.0297,5021943.836,-75.72411,45.33481,2017-03-17,10:36:00 AM,01 - Clear,01 - Dry,01 - Traffic signal,02 - Intersection related,01 - Daylight,03 - P.D. only,03 - Rear end,Industrial Park
10269,MERIVALE RD @ WEST HUNT CLUB RD,365613.1686,5021941.788,-75.72411,45.33479,2017-04-21,11:49:00 AM,01 - Clear,02 - Wet,01 - Traffic signal,03 - At intersection,01 - Daylight,02 - Non-fatal injury,03 - Rear end,Industrial Park
10270,MERIVALE RD @ WEST HUNT CLUB RD,365613.6985,5021942.498,-75.7241,45.3348,2017-03-10,12:01:00 PM,01 - Clear,01 - Dry,01 - Traffic signal,03 - At intersection,01 - Daylight,03 - P.D. only,05 - Turning movement,Industrial Park
10271,MERIVALE RD @ WEST HUNT CLUB RD,365614.1961,5021942.873,-75.7241,45.3348,2017-03-26,1:03:00 PM,01 - Clear,01 - Dry,01 - Traffic signal,02 - Intersection related,01 - Daylight,03 - P.D. only,03 - Rear end,Industrial Park
10272,MERIVALE RD @ WEST HUNT CLUB RD,365613.642,5021942.262,-75.7241,45.33479,2017-12-22,5:30:00 PM,03 - Snow,04 - Slush,01 - Traffic signal,02 - Intersection related,07 - Dark,03 - P.D. only,07 - SMV other,Industrial Park
10273,MERIVALE RD @ WEST HUNT CLUB RD,365612.6952,5021942.735,-75.72411,45.3348,2017-12-20,4:53:00 PM,01 - Clear,01 - Dry,01 - Traffic signal,03 - At intersection,07 - Dark,03 - P.D. only,05 - Turning movement,Tanglewood
10274,MERIVALE RD @ WEST HUNT CLUB RD,365612.2173,5021943.693,-75.72412,45.33481,2017-12-29,6:49:00 AM,03 - Snow,03 - Loose snow,01 - Traffic signal,02 - Intersection related,07 - Dark,03 - P.D. only,03 - Rear end,Industrial Park
10275,MERIVALE RD @ WEST HUNT CLUB RD,365611.9851,5021942.262,-75.72412,45.33479,2017-12-27,5:07:00 PM,01 - Clear,01 - Dry,01 - Traffic signal,03 - At intersection,07 - Dark,02 - Non-fatal injury,07 - SMV other,Tanglewood
10276,MERIVALE RD @ WOODFIELD DR/ROYDON PL,365462.5733,5022300.094,-75.72599,45.33803,2017-05-08,4:50:00 PM,01 - Clear,01 - Dry,01 - Traffic signal,02 - Intersection related,01 - Daylight,03 - P.D. only,04 - Sideswipe,Tanglewood
10277,MERIVALE RD @ WOODFIELD DR/ROYDON PL,365462.3667,5022299.837,-75.72599,45.33802,2017-06-06,1:47:00 PM,02 - Rain,02 - Wet,01 - Traffic signal,03 - At intersection,01 - Daylight,03 - P.D. only,05 - Turning movement,Tanglewood
10278,MERIVALE RD @ WOODFIELD DR/ROYDON PL,365463.1521,5022297.822,-75.72598,45.33801,2017-05-15,3:03:00 PM,01 - Clear,01 - Dry,01 - Traffic signal,02 - Intersection related,01 - Daylight,03 - P.D. only,03 - Rear end,Tanglewood
10279,MERIVALE RD @ WOODFIELD DR/ROYDON PL,365462.2624,5022298.114,-75.72599,45.33801,2017-04-30,12:12:00 PM,02 - Rain,02 - Wet,01 - Traffic signal,03 - At intersection,01 - Daylight,03 - P.D. only,05 - Turning movement,Tanglewood
10280,MERIVALE RD @ WOODFIELD DR/ROYDON PL,365463.1745,5022297.789,-75.72598,45.338,2017-10-27,1:43:00 PM,01 - Clear,01 - Dry,01 - Traffic signal,02 - Intersection related,01 - Daylight,03 - P.D. only,05 - Turning movement,Tanglewood
10281,MERIVALE RD @ WOODFIELD DR/ROYDON PL,365463.6479,5022299.209,-75.72597,45.33802,2017-09-22,4:24:00 PM,01 - Clear,01 - Dry,01 - Traffic signal,02 - Intersection related,01 - Daylight,03 - P.D. only,02 - Angle,Tanglewood
10282,MERIVALE RD @ WOODFIELD DR/ROYDON PL,365462.1547,5022297.952,-75.72599,45.33801,2017-10-09,11:42:00 AM,02 - Rain,02 - Wet,01 - Traffic signal,02 - Intersection related,01 - Daylight,03 - P.D. only,04 - Sideswipe,Tanglewood
10283,MERIVALE RD @ WOODFIELD DR/ROYDON PL,365463.0356,5022297.83,-75.72598,45.33801,2017-11-29,5:18:00 PM,01 - Clear,01 - Dry,01 - Traffic signal,02 - Intersection related,05 - Dusk,03 - P.D. only,03 - Rear end,Tanglewood
10284,MERIVALE RD @ WOODFIELD DR/ROYDON PL,365464.2296,5022299.518,-75.72596,45.33802,2017-11-16,5:38:00 PM,02 - Rain,02 - Wet,01 - Traffic signal,03 - At intersection,07 - Dark,03 - P.D. only,05 - Turning movement,Tanglewood
10285,MERIVALE RD @ WOODFIELD DR/ROYDON PL,365462.7011,5022298.499,-75.72598,45.33801,2017-01-27,10:11:00 AM,01 - Clear,01 - Dry,01 - Traffic signal,02 - Intersection related,01 - Daylight,02 - Non-fatal injury,03 - Rear end,Tanglewood
10286,MERIVALE RD @ WOODFIELD DR/ROYDON PL,365464.0181,5022297.809,-75.72597,45.33801,2017-02-03,9:30:00 AM,01 - Clear,01 - Dry,01 - Traffic signal,03 - At intersection,01 - Daylight,03 - P.D. only,03 - Rear end,Tanglewood
10287,MERIVALE RD @ WOODFIELD DR/ROYDON PL,365462.7011,5022298.499,-75.72598,45.33801,2017-01-01,8:58:00 AM,03 - Snow,03 - Loose snow,01 - Traffic signal,02 - Intersection related,01 - Daylight,03 - P.D. only,03 - Rear end,Tanglewood
10288,MERIVALE RD @ WOODFIELD DR/ROYDON PL,365462.7481,5022303.929,-75.72598,45.33806,2017-04-17,1:59:00 PM,01 - Clear,01 - Dry,01 - Traffic signal,03 - At intersection,01 - Daylight,03 - P.D. only,03 - Rear end,Tanglewood
10289,MERIVALE RD @ WOODFIELD DR/ROYDON PL,365463.7044,5022298.499,-75.72597,45.33801,2017-03-15,3:20:00 AM,03 - Snow,05 - Packed snow,01 - Traffic signal,03 - At intersection,07 - Dark,03 - P.D. only,07 - SMV other,Tanglewood
10290,MERIVALE RD @ WOODFIELD DR/ROYDON PL,365463.0356,5022298.499,-75.72598,45.33801,2017-03-05,1:44:00 PM,01 - Clear,01 - Dry,01 - Traffic signal,02 - Intersection related,01 - Daylight,03 - P.D. only,03 - Rear end,Tanglewood
10291,MERIVALE RD @ WOODFIELD DR/ROYDON PL,365461.7992,5022297.372,-75.726,45.338,2017-12-20,3:24:00 PM,01 - Clear,05 - Packed snow,01 - Traffic signal,02 - Intersection related,01 - Daylight,03 - P.D. only,03 - Rear end,Tanglewood
10292,MERIVALE RD @ WOODFIELD DR/ROYDON PL,365462.2277,5022299.682,-75.72599,45.33802,2017-12-20,7:47:00 PM,01 - Clear,01 - Dry,01 - Traffic signal,03 - At intersection,07 - Dark,03 - P.D. only,05 - Turning movement,Tanglewood
10293,MERIVALE RD @ WOODWARD AVE,364854.6999,5027067.543,-75.73316,45.38097,2017-10-10,3:59:00 PM,01 - Clear,01 - Dry,02 - Stop sign,03 - At intersection,01 - Daylight,03 - P.D. only,05 - Turning movement,Carlington
10294,MERIVALE RD @ WOODWARD AVE,364854.153,5027068.089,-75.73317,45.38098,2017-01-27,6:48:00 AM,01 - Clear,01 - Dry,02 - Stop sign,02 - Intersection related,07 - Dark,02 - Non-fatal injury,01 - Approaching,Carlington
10295,MERIVALE RD btwn 170 N OF WEST HUNT CLUB RD/COSTCO SC & WEST HUNT CLUB,365600.7057,5021972.294,-75.72426,45.33506,2017-03-03,8:45:00 AM,03 - Snow,03 - Loose snow,10 - No control,01 - Non intersection,01 - Daylight,03 - P.D. only,04 - Sideswipe,Industrial Park
10296,MERIVALE RD btwn 170 N OF WEST HUNT CLUB RD/COSTCO SC & WEST HUNT CLUB,365604.334,5021969.254,-75.72422,45.33504,2017-04-03,4:59:00 PM,01 - Clear,01 - Dry,10 - No control,01 - Non intersection,01 - Daylight,03 - P.D. only,04 - Sideswipe,Industrial Park
10297,MERIVALE RD btwn 210 S OF MEADOWLANDS DR/MERIVALE PL SC & FAMILY BROWN,364999.7022,5023397.376,-75.73176,45.34794,2017-09-19,9:04:00 PM,01 - Clear,02 - Wet,10 - No control,01 - Non intersection,07 - Dark,03 - P.D. only,03 - Rear end,Borden Farm - Stewart Farm - Parkwood Hills - Fisher Glen
10298,MERIVALE RD btwn 210 S OF MEADOWLANDS DR/MERIVALE PL SC & FAMILY BROWN,364948.5672,5023516.611,-75.7324,45.34902,2017-12-13,12:00:00 PM,01 - Clear,01 - Dry,10 - No control,04 - At/near private drive,01 - Daylight,03 - P.D. only,04 - Sideswipe,Borden Farm - Stewart Farm - Parkwood Hills - Fisher Glen
10299,MERIVALE RD btwn AMBERWOOD CRES & FALLOWFIELD RD,366741.0388,5019209.597,-75.71006,45.31011,2017-08-16,5:20:00 PM,01 - Clear,01 - Dry,10 - No control,01 - Non intersection,01 - Daylight,02 - Non-fatal injury,03 - Rear end,Greenbelt
10300,MERIVALE RD btwn AMBERWOOD CRES & FALLOWFIELD RD,366594.9252,5019556.879,-75.71188,45.31324,2017-08-23,9:06:00 AM,01 - Clear,01 - Dry,10 - No control,01 - Non intersection,01 - Daylight,03 - P.D. only,03 - Rear end,Greenbelt
10301,MERIVALE RD btwn AMBERWOOD CRES & FALLOWFIELD RD,366834.8428,5018983.298,-75.70889,45.30806,2017-10-24,3:42:00 PM,01 - Clear,01 - Dry,10 - No control,01 - Non intersection,01 - Daylight,03 - P.D. only,03 - Rear end,Greenbelt
10302,MERIVALE RD btwn BENTLEY AVE & JAMIE AVE,365688.9072,5021760.537,-75.72316,45.33315,2017-12-23,6:00:00 PM,03 - Snow,04 - Slush,10 - No control,01 - Non intersection,07 - Dark,03 - P.D. only,04 - Sideswipe,Merivale Gardens - Grenfell Glen - Pineglen - Country Place
10303,MERIVALE RD btwn BURRIS LANE & OT/NE BOUNDARY,364928.1621,5025149.729,-75.73246,45.36371,2017-02-01,11:49:00 AM,01 - Clear,01 - Dry,10 - No control,01 - Non intersection,01 - Daylight,03 - P.D. only,03 - Rear end,Cityview - Skyline - Fisher Heights
10304,MERIVALE RD btwn BURRIS LANE & OT/NE BOUNDARY,364924.1951,5025140.399,-75.73251,45.36363,2017-12-29,9:40:00 PM,01 - Clear,05 - Packed snow,10 - No control,01 - Non intersection,07 - Dark,03 - P.D. only,05 - Turning movement,Cityview - Skyline - Fisher Heights
10305,MERIVALE RD btwn CALDWELL AVE & CENTRAL PARK DR,364934.072,5026022.392,-75.73228,45.37156,2017-01-17,3:59:00 PM,01 - Clear,01 - Dry,10 - No control,01 - Non intersection,01 - Daylight,03 - P.D. only,04 - Sideswipe,Civic Hospital - Experimental Farm - Central Park
10306,MERIVALE RD btwn CAPITAL DR & MACFARLANE RD,366143.6674,5020654.864,-75.7175,45.32316,2017-06-22,7:29:00 AM,01 - Clear,01 - Dry,10 - No control,01 - Non intersection,01 - Daylight,03 - P.D. only,05 - Turning movement,Merivale Gardens - Grenfell Glen - Pineglen - Country Place
10307,MERIVALE RD btwn CAPITAL DR & MACFARLANE RD,366108.3739,5020742.233,-75.71794,45.32395,2017-12-18,5:07:00 PM,03 - Snow,03 - Loose snow,10 - No control,04 - At/near private drive,07 - Dark,03 - P.D. only,07 - SMV other,Merivale Gardens - Grenfell Glen - Pineglen - Country Place
10308,MERIVALE RD btwn CLEOPATRA DR & SLACK RD,365970.4546,5021075.596,-75.71966,45.32696,2017-12-11,5:12:00 PM,01 - Clear,01 - Dry,10 - No control,01 - Non intersection,07 - Dark,03 - P.D. only,03 - Rear end,Merivale Gardens - Grenfell Glen - Pineglen - Country Place
10309,MERIVALE RD btwn CLEOPATRA DR & SLACK RD,365966.9853,5021083.14,-75.7197,45.32703,2017-01-06,11:15:00 AM,01 - Clear,02 - Wet,10 - No control,04 - At/near private drive,01 - Daylight,03 - P.D. only,05 - Turning movement,Merivale Gardens - Grenfell Glen - Pineglen - Country Place
10310,MERIVALE RD btwn CLEOPATRA DR & SLACK RD,365995.9545,5021017.031,-75.71934,45.32643,2017-03-19,11:00:00 AM,01 - Clear,01 - Dry,10 - No control,04 - At/near private drive,01 - Daylight,03 - P.D. only,05 - Turning movement,Merivale Gardens - Grenfell Glen - Pineglen - Country Place
10311,MERIVALE RD btwn CLYDE AVE & GILBEY DR,364555.4324,5024523.116,-75.73729,45.35811,2017-03-17,8:04:00 PM,01 - Clear,01 - Dry,10 - No control,04 - At/near private drive,07 - Dark,03 - P.D. only,05 - Turning movement,Cityview - Skyline - Fisher Heights
10312,MERIVALE RD btwn CLYDE AVE & GILBEY DR,364585.8092,5024553.604,-75.7369,45.35838,2017-03-30,1:54:00 PM,01 - Clear,01 - Dry,10 - No control,04 - At/near private drive,01 - Daylight,03 - P.D. only,05 - Turning movement,Cityview - Skyline - Fisher Heights
10313,MERIVALE RD btwn CLYDE AVE & GILBEY DR,364543.0065,5024518.755,-75.73745,45.35807,2017-04-11,2:46:00 PM,01 - Clear,01 - Dry,10 - No control,01 - Non intersection,01 - Daylight,02 - Non-fatal injury,03 - Rear end,Cityview - Skyline - Fisher Heights
10314,MERIVALE RD btwn CLYDE AVE & RITA AVE,364555.1376,5024429.449,-75.73731,45.35726,2017-07-07,4:30:00 PM,02 - Rain,02 - Wet,10 - No control,01 - Non intersection,01 - Daylight,03 - P.D. only,04 - Sideswipe,Crestview - Meadowlands
10315,MERIVALE RD btwn CLYDE AVE & RITA AVE,364582.3318,5024367.126,-75.73697,45.3567,2017-09-08,11:45:00 AM,02 - Rain,02 - Wet,10 - No control,01 - Non intersection,01 - Daylight,02 - Non-fatal injury,03 - Rear end,Cityview - Skyline - Fisher Heights
10316,MERIVALE RD btwn CLYDE AVE & RITA AVE,364529.303,5024483.402,-75.73763,45.35775,2017-09-07,2:02:00 PM,02 - Rain,02 - Wet,10 - No control,01 - Non intersection,01 - Daylight,03 - P.D. only,03 - Rear end,Crestview - Meadowlands
10317,MERIVALE RD btwn CLYDE AVE & RITA AVE,364576.1511,5024380.642,-75.73704,45.35682,2017-04-04,1:46:00 PM,02 - Rain,02 - Wet,10 - No control,04 - At/near private drive,01 - Daylight,03 - P.D. only,05 - Turning movement,Cityview - Skyline - Fisher Heights
10318,MERIVALE RD btwn CLYDE AVE & RITA AVE,364547.5212,5024452.567,-75.7374,45.35747,2017-03-03,2:30:00 PM,01 - Clear,01 - Dry,10 - No control,01 - Non intersection,01 - Daylight,03 - P.D. only,04 - Sideswipe,Cityview - Skyline - Fisher Heights
10319,MERIVALE RD btwn COLONNADE RD & WOODFIELD DR/ROYDON PL,365383.2888,5022496.468,-75.72697,45.3398,2017-09-21,9:09:00 AM,01 - Clear,01 - Dry,10 - No control,06 - Underpass or tunnel,01 - Daylight,03 - P.D. only,07 - SMV other,Tanglewood
10320,MERIVALE RD btwn COLONNADE RD & WOODFIELD DR/ROYDON PL,365376.0027,5022512.544,-75.72706,45.33994,2017-09-22,12:48:00 AM,01 - Clear,01 - Dry,10 - No control,06 - Underpass or tunnel,07 - Dark,03 - P.D. only,07 - SMV other,Tanglewood
10321,MERIVALE RD btwn DORCHESTER AVE & KIRKWOOD AVE,364858.9583,5026566.973,-75.73317,45.37647,2017-11-30,7:30:00 PM,01 - Clear,02 - Wet,10 - No control,01 - Non intersection,07 - Dark,03 - P.D. only,05 - Turning movement,Carlington