Record,Location,X,Y,Longitude,Latitude,Date,Time,Environment,Road_Surface,Traffic_Control,Collision_Location,Light,Collision_Classification,Impact_type,Neighborhood
10322,MERIVALE RD btwn DORCHESTER AVE & KIRKWOOD AVE,364855.1005,5026613.837,-75.73321,45.37689,2017-01-02,1:39:00 PM,01 - Clear,02 - Wet,10 - No control,01 - Non intersection,01 - Daylight,03 - P.D. only,04 - Sideswipe,Carlington
10323,MERIVALE RD btwn EMERALD PLAZA SC & MEADOWLANDS DR,364826.3374,5023799.513,-75.73392,45.35157,2017-09-01,3:29:00 PM,01 - Clear,01 - Dry,10 - No control,01 - Non intersection,01 - Daylight,03 - P.D. only,03 - Rear end,Cityview - Skyline - Fisher Heights
10324,MERIVALE RD btwn MAYVIEW AVE & TRENTON AVE,364883.311,5026383.808,-75.73288,45.37482,2017-05-30,3:37:00 AM,02 - Rain,02 - Wet,10 - No control,01 - Non intersection,07 - Dark,03 - P.D. only,07 - SMV other,Carlington
10325,MERIVALE RD btwn MEADOWLANDS DR & 210 S OF MEADOWLANDS DR/MERIVALE PL,364901.1748,5023622.5,-75.73299,45.34997,2017-06-07,3:33:00 PM,01 - Clear,01 - Dry,10 - No control,01 - Non intersection,01 - Daylight,03 - P.D. only,03 - Rear end,Crestview - Meadowlands
10326,MERIVALE RD btwn MEADOWLANDS DR & 210 S OF MEADOWLANDS DR/MERIVALE PL,364897.8303,5023636.547,-75.73303,45.3501,2017-05-28,1:45:00 PM,01 - Clear,01 - Dry,10 - No control,01 - Non intersection,01 - Daylight,03 - P.D. only,03 - Rear end,Borden Farm - Stewart Farm - Parkwood Hills - Fisher Glen
10327,MERIVALE RD btwn MEADOWLANDS DR & 210 S OF MEADOWLANDS DR/MERIVALE PL,364886.4591,5023664.641,-75.73317,45.35035,2017-03-29,4:11:00 PM,01 - Clear,01 - Dry,10 - No control,04 - At/near private drive,01 - Daylight,03 - P.D. only,02 - Angle,Borden Farm - Stewart Farm - Parkwood Hills - Fisher Glen
10328,MERIVALE RD btwn MERIVALE RD & MERIVALE RD,364929.8969,5027618.141,-75.73213,45.38592,2017-01-14,4:40:00 PM,01 - Clear,01 - Dry,10 - No control,04 - At/near private drive,05 - Dusk,03 - P.D. only,03 - Rear end,Carlington
10329,MERIVALE RD btwn MERIVALE RD & MERIVALE RD,364922.2921,5027582.537,-75.73224,45.3856,2017-03-01,5:57:00 PM,02 - Rain,02 - Wet,10 - No control,04 - At/near private drive,05 - Dusk,02 - Non-fatal injury,05 - Turning movement,Carlington
10330,MERIVALE RD btwn RAVEN AVE & LAROSE AVE,364845.3355,5026920.007,-75.7333,45.37965,2017-10-02,9:45:00 AM,01 - Clear,01 - Dry,10 - No control,01 - Non intersection,01 - Daylight,03 - P.D. only,04 - Sideswipe,Carlington
10331,MERIVALE RD btwn RAVEN AVE & LAROSE AVE,364843.4809,5026888.219,-75.73333,45.37936,2017-03-25,2:33:00 AM,03 - Snow,02 - Wet,10 - No control,01 - Non intersection,07 - Dark,01 - Fatal injury,07 - SMV other,Carlington
10332,MERIVALE RD btwn ROSSLAND AVE & EMERALD PLAZA SC,364713.9477,5024058.785,-75.73532,45.35391,2017-11-28,7:59:00 PM,01 - Clear,01 - Dry,10 - No control,01 - Non intersection,07 - Dark,03 - P.D. only,99 - Other,Cityview - Skyline - Fisher Heights
10333,MERIVALE RD btwn ROSSLAND AVE & EMERALD PLAZA SC,364708.0978,5024071.707,-75.7354,45.35403,2017-12-16,3:02:00 PM,03 - Snow,03 - Loose snow,10 - No control,01 - Non intersection,01 - Daylight,03 - P.D. only,03 - Rear end,Cityview - Skyline - Fisher Heights
10334,MERIVALE RD btwn SLACK RD & CAPITAL DR,366061.4821,5020853.438,-75.71852,45.32496,2017-09-01,5:03:00 PM,01 - Clear,01 - Dry,10 - No control,04 - At/near private drive,01 - Daylight,03 - P.D. only,01 - Approaching,Merivale Gardens - Grenfell Glen - Pineglen - Country Place
10335,MERIVALE RD btwn SUMMERVILLE AVE & MAYVIEW AVE,364876.3738,5026432.483,-75.73296,45.37526,2017-03-03,8:16:00 PM,01 - Clear,01 - Dry,10 - No control,01 - Non intersection,07 - Dark,03 - P.D. only,03 - Rear end,Carlington
10336,MERIVALE RD btwn SUMMERVILLE AVE & MAYVIEW AVE,364876.3738,5026430.476,-75.73296,45.37524,2017-04-06,8:41:00 PM,01 - Clear,01 - Dry,10 - No control,01 - Non intersection,07 - Dark,03 - P.D. only,04 - Sideswipe,Carlington
10337,MERIVALE RD btwn VIEWMOUNT DR & COLONNADE RD,365216.4859,5022893.214,-75.72905,45.34338,2017-06-07,10:42:00 AM,01 - Clear,01 - Dry,10 - No control,04 - At/near private drive,01 - Daylight,03 - P.D. only,05 - Turning movement,Tanglewood
10338,MERIVALE RD btwn VIEWMOUNT DR & COLONNADE RD,365250.8311,5022814.253,-75.72862,45.34267,2017-05-18,2:20:00 PM,01 - Clear,01 - Dry,10 - No control,04 - At/near private drive,01 - Daylight,03 - P.D. only,05 - Turning movement,Tanglewood
10339,MERIVALE RD btwn VIEWMOUNT DR & COLONNADE RD,365235.2065,5022847.94,-75.72882,45.34297,2017-09-01,4:21:00 PM,01 - Clear,01 - Dry,10 - No control,01 - Non intersection,01 - Daylight,02 - Non-fatal injury,03 - Rear end,Tanglewood
10340,MERIVALE RD btwn VIEWMOUNT DR & COLONNADE RD,365234.8342,5022851.505,-75.72882,45.34301,2017-04-15,1:19:00 PM,01 - Clear,01 - Dry,10 - No control,01 - Non intersection,01 - Daylight,03 - P.D. only,07 - SMV other,Tanglewood
10341,MERIVALE RD btwn VIEWMOUNT DR & COLONNADE RD,365195.5969,5022944,-75.72931,45.34384,2017-12-19,8:38:00 AM,03 - Snow,03 - Loose snow,10 - No control,01 - Non intersection,01 - Daylight,03 - P.D. only,05 - Turning movement,Tanglewood
10342,MERIVALE RD btwn WEST HUNT CLUB RD & JAMIE AVE,365651.1567,5021854.204,-75.72363,45.334,2017-04-13,5:51:00 PM,01 - Clear,01 - Dry,10 - No control,04 - At/near private drive,01 - Daylight,03 - P.D. only,05 - Turning movement,Merivale Gardens - Grenfell Glen - Pineglen - Country Place
10343,MERIVALE RD btwn WEST HUNT CLUB RD & JAMIE AVE,365623.732,5021920.425,-75.72398,45.3346,2017-03-25,5:53:00 AM,03 - Snow,03 - Loose snow,10 - No control,01 - Non intersection,03 - Dawn,03 - P.D. only,07 - SMV other,Industrial Park
10344,MERIVALE RD btwn WESTGATE SC & CARLING AVE,364840.2659,5027787.171,-75.73326,45.38745,2017-12-22,2:17:00 PM,03 - Snow,03 - Loose snow,10 - No control,01 - Non intersection,01 - Daylight,03 - P.D. only,03 - Rear end,Civic Hospital - Experimental Farm - Central Park
10345,MERIVALE RD btwn WITHROW AVE & ROSSLAND AVE,364671.8909,5024155.471,-75.73585,45.35479,2017-09-08,3:04:00 PM,01 - Clear,01 - Dry,10 - No control,04 - At/near private drive,01 - Daylight,02 - Non-fatal injury,02 - Angle,Cityview - Skyline - Fisher Heights
10346,MERIVALE RD btwn WOODFIELD DR & 170 N OF WEST HUNT CLUB RD/COSTCO SC,365474.4068,5022273.081,-75.72584,45.33778,2017-06-23,1:44:00 PM,01 - Clear,01 - Dry,10 - No control,01 - Non intersection,01 - Daylight,02 - Non-fatal injury,03 - Rear end,Tanglewood
10347,MERIVALE RD btwn WOODFIELD DR & 170 N OF WEST HUNT CLUB RD/COSTCO SC,365500.4937,5022208.867,-75.72551,45.3372,2017-05-24,8:00:00 PM,01 - Clear,01 - Dry,10 - No control,01 - Non intersection,01 - Daylight,03 - P.D. only,03 - Rear end,Tanglewood
10348,MERIVALE RD btwn WOODFIELD DR & 170 N OF WEST HUNT CLUB RD/COSTCO SC,365540.0777,5022118.941,-75.72502,45.33639,2017-08-04,3:58:00 PM,01 - Clear,01 - Dry,10 - No control,01 - Non intersection,01 - Daylight,02 - Non-fatal injury,05 - Turning movement,Tanglewood
10349,MERIVALE RD btwn WOODFIELD DR & 170 N OF WEST HUNT CLUB RD/COSTCO SC,365521.1711,5022161.34,-75.72526,45.33677,2017-09-07,11:45:00 AM,01 - Clear,01 - Dry,10 - No control,01 - Non intersection,01 - Daylight,02 - Non-fatal injury,03 - Rear end,Tanglewood
10350,MERIVALE RD btwn WOODFIELD DR & 170 N OF WEST HUNT CLUB RD/COSTCO SC,365514.2615,5022178.282,-75.72534,45.33693,2017-09-26,4:20:00 PM,01 - Clear,01 - Dry,10 - No control,04 - At/near private drive,01 - Daylight,03 - P.D. only,03 - Rear end,Tanglewood
10351,MERIVALE RD btwn WOODFIELD DR & 170 N OF WEST HUNT CLUB RD/COSTCO SC,365512.1856,5022181.927,-75.72537,45.33696,2017-01-23,3:33:00 PM,01 - Clear,01 - Dry,10 - No control,04 - At/near private drive,01 - Daylight,03 - P.D. only,05 - Turning movement,Tanglewood
10352,MERIVALE RD/LOTTA AVE @ CLYDE AVE,364521.0603,5024507.845,-75.73773,45.35797,2017-06-18,10:46:00 AM,01 - Clear,01 - Dry,01 - Traffic signal,03 - At intersection,01 - Daylight,03 - P.D. only,05 - Turning movement,Cityview - Skyline - Fisher Heights
10353,MERIVALE RD/LOTTA AVE @ CLYDE AVE,364521.1733,5024509.524,-75.73773,45.35799,2017-06-26,12:16:00 PM,01 - Clear,01 - Dry,01 - Traffic signal,02 - Intersection related,01 - Daylight,03 - P.D. only,03 - Rear end,Cityview - Skyline - Fisher Heights
10354,MERIVALE RD/LOTTA AVE @ CLYDE AVE,364521.1135,5024507.724,-75.73773,45.35797,2017-05-31,1:35:00 PM,01 - Clear,01 - Dry,01 - Traffic signal,02 - Intersection related,01 - Daylight,02 - Non-fatal injury,03 - Rear end,Cityview - Skyline - Fisher Heights
10355,MERIVALE RD/LOTTA AVE @ CLYDE AVE,364521.2544,5024507.97,-75.73773,45.35797,2017-08-28,12:43:00 PM,01 - Clear,01 - Dry,01 - Traffic signal,02 - Intersection related,01 - Daylight,03 - P.D. only,04 - Sideswipe,Cityview - Skyline - Fisher Heights
10356,MERIVALE RD/LOTTA AVE @ CLYDE AVE,364521.6983,5024506.885,-75.73772,45.35796,2017-07-11,4:28:00 PM,01 - Clear,01 - Dry,01 - Traffic signal,03 - At intersection,01 - Daylight,03 - P.D. only,07 - SMV other,Cityview - Skyline - Fisher Heights
10357,MERIVALE RD/LOTTA AVE @ CLYDE AVE,364521.1733,5024508.771,-75.73773,45.35798,2017-06-30,3:38:00 PM,02 - Rain,02 - Wet,01 - Traffic signal,02 - Intersection related,01 - Daylight,03 - P.D. only,03 - Rear end,Cityview - Skyline - Fisher Heights
10358,MERIVALE RD/LOTTA AVE @ CLYDE AVE,364523.5286,5024510.652,-75.7377,45.358,2017-07-14,5:00:00 PM,01 - Clear,01 - Dry,01 - Traffic signal,02 - Intersection related,01 - Daylight,03 - P.D. only,03 - Rear end,Cityview - Skyline - Fisher Heights
10359,MERIVALE RD/LOTTA AVE @ CLYDE AVE,364522.1298,5024506.879,-75.73772,45.35796,2017-08-22,7:22:00 PM,02 - Rain,02 - Wet,01 - Traffic signal,03 - At intersection,01 - Daylight,03 - P.D. only,02 - Angle,Cityview - Skyline - Fisher Heights
10360,MERIVALE RD/LOTTA AVE @ CLYDE AVE,364520.4224,5024507.207,-75.73774,45.35797,2017-08-01,2:58:00 PM,01 - Clear,01 - Dry,01 - Traffic signal,03 - At intersection,01 - Daylight,03 - P.D. only,05 - Turning movement,Cityview - Skyline - Fisher Heights
10361,MERIVALE RD/LOTTA AVE @ CLYDE AVE,364522.1169,5024507.036,-75.73772,45.35796,2017-08-21,12:21:00 PM,01 - Clear,01 - Dry,01 - Traffic signal,02 - Intersection related,01 - Daylight,03 - P.D. only,03 - Rear end,Cityview - Skyline - Fisher Heights
10362,MERIVALE RD/LOTTA AVE @ CLYDE AVE,364523.2743,5024509.161,-75.7377,45.35798,2017-10-07,5:00:00 PM,01 - Clear,01 - Dry,01 - Traffic signal,02 - Intersection related,01 - Daylight,03 - P.D. only,03 - Rear end,Cityview - Skyline - Fisher Heights
10363,MERIVALE RD/LOTTA AVE @ CLYDE AVE,364522.2448,5024506.979,-75.73772,45.35796,2017-09-24,3:30:00 PM,01 - Clear,01 - Dry,01 - Traffic signal,02 - Intersection related,01 - Daylight,03 - P.D. only,04 - Sideswipe,Cityview - Skyline - Fisher Heights
10364,MERIVALE RD/LOTTA AVE @ CLYDE AVE,364521.6983,5024508.243,-75.73772,45.35798,2017-09-11,3:13:00 PM,01 - Clear,01 - Dry,01 - Traffic signal,02 - Intersection related,01 - Daylight,03 - P.D. only,05 - Turning movement,Cityview - Skyline - Fisher Heights
10365,MERIVALE RD/LOTTA AVE @ CLYDE AVE,364522.8361,5024507.899,-75.73771,45.35797,2017-12-06,3:20:00 PM,01 - Clear,01 - Dry,01 - Traffic signal,02 - Intersection related,01 - Daylight,03 - P.D. only,03 - Rear end,Cityview - Skyline - Fisher Heights
10366,MERIVALE RD/LOTTA AVE @ CLYDE AVE,364522.2688,5024507.741,-75.73772,45.35797,2017-11-16,3:01:00 PM,01 - Clear,01 - Dry,01 - Traffic signal,03 - At intersection,01 - Daylight,03 - P.D. only,02 - Angle,Cityview - Skyline - Fisher Heights
10367,MERIVALE RD/LOTTA AVE @ CLYDE AVE,364521.6618,5024507.645,-75.73772,45.35797,2017-12-06,10:43:00 AM,01 - Clear,01 - Dry,01 - Traffic signal,02 - Intersection related,01 - Daylight,03 - P.D. only,04 - Sideswipe,Cityview - Skyline - Fisher Heights
10368,MERIVALE RD/LOTTA AVE @ CLYDE AVE,364522.4488,5024506.4,-75.73771,45.35796,2017-02-18,3:55:00 PM,01 - Clear,01 - Dry,01 - Traffic signal,03 - At intersection,01 - Daylight,03 - P.D. only,05 - Turning movement,Cityview - Skyline - Fisher Heights
10369,MERIVALE RD/LOTTA AVE @ CLYDE AVE,364521.6983,5024506.979,-75.73772,45.35796,2017-01-31,8:44:00 AM,01 - Clear,01 - Dry,01 - Traffic signal,02 - Intersection related,01 - Daylight,03 - P.D. only,03 - Rear end,Cityview - Skyline - Fisher Heights
10370,MERIVALE RD/LOTTA AVE @ CLYDE AVE,364523.3012,5024507.49,-75.7377,45.35797,2017-01-07,12:36:00 AM,01 - Clear,01 - Dry,01 - Traffic signal,02 - Intersection related,07 - Dark,03 - P.D. only,04 - Sideswipe,Cityview - Skyline - Fisher Heights
10371,MERIVALE RD/LOTTA AVE @ CLYDE AVE,364522.1138,5024508.247,-75.73772,45.35798,2017-02-15,9:00:00 PM,03 - Snow,03 - Loose snow,01 - Traffic signal,03 - At intersection,07 - Dark,03 - P.D. only,05 - Turning movement,Cityview - Skyline - Fisher Heights
10372,MERIVALE RD/LOTTA AVE @ CLYDE AVE,364522.8642,5024508.247,-75.73771,45.35798,2017-02-06,7:15:00 PM,03 - Snow,03 - Loose snow,01 - Traffic signal,02 - Intersection related,07 - Dark,03 - P.D. only,03 - Rear end,Cityview - Skyline - Fisher Heights
10373,MERIVALE RD/LOTTA AVE @ CLYDE AVE,364520.9324,5024507.872,-75.73773,45.35797,2017-04-21,9:43:00 PM,01 - Clear,01 - Dry,01 - Traffic signal,02 - Intersection related,07 - Dark,03 - P.D. only,03 - Rear end,Cityview - Skyline - Fisher Heights
10374,MERIVALE RD/LOTTA AVE @ CLYDE AVE,364522.1493,5024507.751,-75.73772,45.35797,2017-12-26,12:24:00 PM,01 - Clear,04 - Slush,01 - Traffic signal,02 - Intersection related,01 - Daylight,03 - P.D. only,04 - Sideswipe,Cityview - Skyline - Fisher Heights
10375,MERIVALE RD/LOTTA AVE @ CLYDE AVE,364522.799,5024507.866,-75.73771,45.35797,2017-12-27,11:03:00 AM,01 - Clear,01 - Dry,01 - Traffic signal,03 - At intersection,01 - Daylight,02 - Non-fatal injury,05 - Turning movement,Cityview - Skyline - Fisher Heights
10376,MERIVALE RD/LOTTA AVE @ CLYDE AVE,364522.6712,5024506.757,-75.73771,45.35796,2017-12-26,1:39:00 PM,01 - Clear,01 - Dry,01 - Traffic signal,03 - At intersection,01 - Daylight,03 - P.D. only,04 - Sideswipe,Cityview - Skyline - Fisher Heights
10377,MERNER AVE @ TIBER GT,362140.3382,5014144.425,-75.76932,45.26492,2017-03-07,11:23:00 AM,04 - Freezing Rain,06 - Ice,02 - Stop sign,02 - Intersection related,01 - Daylight,03 - P.D. only,07 - SMV other,Barrhaven West - Old Barrhaven
10378,MERNER AVE btwn ARMADALE CRES & ARMADALE CRES,362063.6725,5014175.289,-75.77029,45.2652,2017-10-28,4:30:00 PM,01 - Clear,01 - Dry,10 - No control,01 - Non intersection,05 - Dusk,03 - P.D. only,06 - SMV unattended vehicle,Barrhaven West - Old Barrhaven
10379,MERSEY DR btwn FLAMBOROUGH WAY & WESTMORELAND AVE,349186.5408,5023798.01,-75.93351,45.35272,2017-07-17,11:28:00 AM,01 - Clear,01 - Dry,10 - No control,04 - At/near private drive,01 - Daylight,03 - P.D. only,06 - SMV unattended vehicle,Morgan's Grant
10380,MERSEY DR btwn FLAMBOROUGH WAY & WESTMORELAND AVE,349202.2383,5023806.349,-75.93331,45.3528,2017-07-05,5:24:00 PM,01 - Clear,01 - Dry,10 - No control,04 - At/near private drive,01 - Daylight,03 - P.D. only,06 - SMV unattended vehicle,Morgan's Grant
10381,MERTON ST @ SCOTT ST,365327.9224,5029954.817,-75.72677,45.40691,2017-05-18,5:37:00 PM,01 - Clear,01 - Dry,01 - Traffic signal,02 - Intersection related,01 - Daylight,03 - P.D. only,03 - Rear end,Mechanicsville
10382,MERTON ST @ WELLINGTON ST,365489.645,5029594.084,-75.72474,45.40365,2017-10-21,6:04:00 PM,01 - Clear,01 - Dry,02 - Stop sign,02 - Intersection related,01 - Daylight,02 - Non-fatal injury,05 - Turning movement,Hintonburg
10383,METCALFE ST @ GILMOUR ST,368099.6696,5030960.808,-75.69123,45.41572,2017-11-07,12:08:00 PM,01 - Clear,01 - Dry,01 - Traffic signal,02 - Intersection related,01 - Daylight,03 - P.D. only,04 - Sideswipe,Centretown
10384,METCALFE ST @ LAURIER AVE,367791.7061,5031451.576,-75.6951,45.42016,2017-05-07,1:20:00 PM,02 - Rain,02 - Wet,01 - Traffic signal,03 - At intersection,01 - Daylight,03 - P.D. only,04 - Sideswipe,Downtown
10385,METCALFE ST @ LAURIER AVE,367793.3504,5031451.576,-75.69508,45.42016,2017-08-04,3:47:00 PM,01 - Clear,01 - Dry,01 - Traffic signal,02 - Intersection related,01 - Daylight,03 - P.D. only,02 - Angle,Downtown
10386,METCALFE ST @ LAURIER AVE,367792.7094,5031451.877,-75.69509,45.42017,2017-07-20,6:01:00 PM,01 - Clear,01 - Dry,01 - Traffic signal,02 - Intersection related,01 - Daylight,03 - P.D. only,03 - Rear end,Downtown
10387,METCALFE ST @ LAURIER AVE,367793.1873,5031451.815,-75.69508,45.42017,2017-11-08,3:25:00 PM,01 - Clear,01 - Dry,01 - Traffic signal,03 - At intersection,01 - Daylight,03 - P.D. only,05 - Turning movement,Downtown
10388,METCALFE ST @ LAURIER AVE,367790.2403,5031451.576,-75.69512,45.42016,2017-02-16,12:00:00 PM,01 - Clear,04 - Slush,01 - Traffic signal,02 - Intersection related,01 - Daylight,03 - P.D. only,06 - SMV unattended vehicle,Downtown
10389,METCALFE ST @ NEPEAN ST,367875.0442,5031319.906,-75.69406,45.41897,2017-09-15,9:00:00 AM,01 - Clear,01 - Dry,01 - Traffic signal,02 - Intersection related,01 - Daylight,03 - P.D. only,06 - SMV unattended vehicle,Centretown
10390,METCALFE ST @ PRETORIA AVE,368492.3769,5030331.899,-75.6863,45.41003,2017-06-08,3:20:00 PM,01 - Clear,01 - Dry,02 - Stop sign,02 - Intersection related,01 - Daylight,03 - P.D. only,03 - Rear end,The Glebe
10391,METCALFE ST @ PRETORIA AVE,368492.6605,5030333.168,-75.68629,45.41004,2017-08-22,4:10:00 PM,02 - Rain,02 - Wet,02 - Stop sign,03 - At intersection,01 - Daylight,03 - P.D. only,02 - Angle,The Glebe
10392,METCALFE ST @ SLATER ST,367731.3622,5031550.914,-75.69586,45.42106,2017-11-02,9:45:00 PM,02 - Rain,02 - Wet,01 - Traffic signal,03 - At intersection,07 - Dark,02 - Non-fatal injury,07 - SMV other,Downtown
10393,METCALFE ST @ SLATER ST,367731.6966,5031549.576,-75.69586,45.42105,2017-01-19,8:14:00 AM,01 - Clear,02 - Wet,01 - Traffic signal,02 - Intersection related,01 - Daylight,03 - P.D. only,04 - Sideswipe,Downtown
10394,METCALFE ST @ SLATER ST,367733.1975,5031549.951,-75.69584,45.42105,2017-01-11,6:30:00 AM,02 - Rain,04 - Slush,01 - Traffic signal,03 - At intersection,07 - Dark,03 - P.D. only,02 - Angle,Downtown
10395,METCALFE ST @ SLATER ST,367732.6999,5031550.245,-75.69584,45.42106,2017-03-14,3:53:00 PM,03 - Snow,03 - Loose snow,01 - Traffic signal,03 - At intersection,01 - Daylight,02 - Non-fatal injury,07 - SMV other,Downtown
10396,METCALFE ST @ SOMERSET ST,368009.701,5031104.573,-75.69236,45.41702,2017-11-22,4:16:00 PM,01 - Clear,01 - Dry,01 - Traffic signal,03 - At intersection,01 - Daylight,03 - P.D. only,02 - Angle,Centretown
10397,METCALFE ST @ SOMERSET ST,368011.1777,5031104.809,-75.69234,45.41702,2017-12-29,9:30:00 AM,01 - Clear,06 - Ice,01 - Traffic signal,03 - At intersection,01 - Daylight,03 - P.D. only,02 - Angle,Centretown
10398,METCALFE ST @ SOMERSET ST,368010.2533,5031103.896,-75.69236,45.41702,2017-12-20,6:17:00 AM,03 - Snow,04 - Slush,01 - Traffic signal,02 - Intersection related,07 - Dark,03 - P.D. only,07 - SMV other,Centretown
10399,METCALFE ST @ STRATHCONA AVE,368536.9619,5030263.551,-75.68573,45.40941,2017-10-26,4:46:00 PM,01 - Clear,01 - Dry,02 - Stop sign,02 - Intersection related,01 - Daylight,03 - P.D. only,05 - Turning movement,The Glebe
10400,METCALFE ST @ WAVERLEY ST,368162.049,5030859.907,-75.69045,45.41481,2017-04-29,3:30:00 PM,01 - Clear,01 - Dry,02 - Stop sign,03 - At intersection,01 - Daylight,03 - P.D. only,05 - Turning movement,Centretown
10401,METCALFE ST @ WELLINGTON ST,367565.1897,5031817.582,-75.69795,45.42348,2017-06-19,12:08:00 PM,01 - Clear,01 - Dry,01 - Traffic signal,02 - Intersection related,01 - Daylight,03 - P.D. only,03 - Rear end,Downtown
10402,METCALFE ST @ WELLINGTON ST,367565.6992,5031819.408,-75.69794,45.42349,2017-07-11,5:02:00 PM,01 - Clear,01 - Dry,01 - Traffic signal,02 - Intersection related,01 - Daylight,03 - P.D. only,03 - Rear end,Downtown
10403,METCALFE ST @ WELLINGTON ST,367565.6992,5031817.582,-75.69794,45.42348,2017-06-10,2:50:00 AM,01 - Clear,01 - Dry,01 - Traffic signal,03 - At intersection,07 - Dark,02 - Non-fatal injury,07 - SMV other,Downtown
10404,METCALFE ST btwn COOPER ST & SOMERSET ST W,367983.5505,5031147.885,-75.69269,45.41741,2017-05-11,5:15:00 PM,01 - Clear,01 - Dry,10 - No control,01 - Non intersection,01 - Daylight,03 - P.D. only,06 - SMV unattended vehicle,Centretown
10405,METCALFE ST btwn FRANK ST & GLADSTONE AVE,368216.2367,5030774.012,-75.68977,45.41403,2017-03-16,10:55:00 AM,01 - Clear,03 - Loose snow,10 - No control,01 - Non intersection,01 - Daylight,03 - P.D. only,04 - Sideswipe,Centretown
10406,METCALFE ST btwn LAURIER AVE W & GLOUCESTER ST,367809.7663,5031422.145,-75.69488,45.4199,2017-05-22,12:00:00 AM,01 - Clear,01 - Dry,10 - No control,01 - Non intersection,00 - Unknown,03 - P.D. only,06 - SMV unattended vehicle,Downtown
10407,METCALFE ST btwn QUEEN ST & ALBERT ST,367684.6771,5031625.622,-75.69645,45.42174,2017-07-06,10:51:00 AM,01 - Clear,01 - Dry,10 - No control,04 - At/near private drive,01 - Daylight,03 - P.D. only,02 - Angle,Downtown
10408,MICHAEL COWPLAND DR btwn TERENCE MATTHEWS CRES & EAGLESON RD,354235.9069,5016516.164,-75.8698,45.28686,2017-08-14,9:24:00 PM,01 - Clear,01 - Dry,10 - No control,04 - At/near private drive,07 - Dark,02 - Non-fatal injury,02 - Angle,Glen Cairn - Kanata South Business Park
10409,MICHAEL ST @ BELFAST RD,373126.5426,5030676.811,-75.62705,45.41269,2017-01-05,11:06:00 AM,01 - Clear,06 - Ice,02 - Stop sign,02 - Intersection related,01 - Daylight,03 - P.D. only,03 - Rear end,Industrial Park
10410,MICHAEL ST btwn KENASTON ST & BELFAST RD,373091.7033,5030774.075,-75.62748,45.41357,2017-07-13,12:12:00 PM,01 - Clear,01 - Dry,10 - No control,05 - At railway crossing,01 - Daylight,03 - P.D. only,07 - SMV other,Industrial Park
10411,MICHAEL ST btwn PARISIEN ST & MICHAEL ST,372923.422,5031198.977,-75.62957,45.41741,2017-08-15,7:52:00 PM,01 - Clear,01 - Dry,10 - No control,04 - At/near private drive,05 - Dusk,03 - P.D. only,02 - Angle,Industrial Park
10412,MILNER DOWNS CRES btwn BRIDGESTONE DR & EAGLEVIEW ST,355451.4289,5015747.998,-75.85438,45.27986,2017-09-27,5:14:00 AM,01 - Clear,01 - Dry,10 - No control,04 - At/near private drive,07 - Dark,03 - P.D. only,06 - SMV unattended vehicle,Bridlewood - Emerald Meadows
10413,MILTON RD @ NAVAN RD,387268.7882,5031812.522,-75.44621,45.42139,2017-03-06,1:00:00 PM,01 - Clear,01 - Dry,02 - Stop sign,03 - At intersection,01 - Daylight,01 - Fatal injury,02 - Angle,Navan - Vars
10414,MILTON RD @ SMITH RD,387572.471,5031062.519,-75.44245,45.4146,2017-10-29,4:24:00 AM,02 - Rain,02 - Wet,02 - Stop sign,03 - At intersection,07 - Dark,03 - P.D. only,02 - Angle,Navan - Vars
10415,MILTON RD btwn CANARY ST & SMITH RD,387362.0998,5031582.421,-75.44505,45.4193,2017-03-14,1:15:00 PM,03 - Snow,03 - Loose snow,10 - No control,01 - Non intersection,01 - Daylight,03 - P.D. only,04 - Sideswipe,Navan - Vars
10416,MILTON RD btwn PERRAULT RD & RUSSELL RD,389324.5433,5026422.289,-75.42086,45.37264,2017-04-15,4:26:00 PM,02 - Rain,02 - Wet,10 - No control,01 - Non intersection,01 - Daylight,03 - P.D. only,07 - SMV other,Navan - Vars
10417,MILTON RD btwn SMITH RD & PERRAULT RD,388201.4706,5029548.343,-75.43467,45.4009,2017-01-03,12:02:00 PM,04 - Freezing Rain,06 - Ice,10 - No control,01 - Non intersection,01 - Daylight,03 - P.D. only,07 - SMV other,Navan - Vars
10418,MIRAMICHI ST @ WOODROFFE AVE,362332.165,5024318.747,-75.76569,45.35645,2017-12-16,10:30:00 AM,01 - Clear,03 - Loose snow,02 - Stop sign,02 - Intersection related,01 - Daylight,03 - P.D. only,03 - Rear end,Iris
10419,MISS OTTAWA ST @ MONTREAL RD,375797.7278,5034649.78,-75.59235,45.44817,2017-09-15,11:39:00 PM,01 - Clear,01 - Dry,01 - Traffic signal,02 - Intersection related,07 - Dark,03 - P.D. only,03 - Rear end,Beacon Hill South - Cardinal Heights
10420,MISS OTTAWA ST @ MONTREAL RD,375798.1747,5034647.468,-75.59235,45.44815,2017-09-13,8:34:00 PM,01 - Clear,01 - Dry,01 - Traffic signal,02 - Intersection related,07 - Dark,02 - Non-fatal injury,03 - Rear end,Beacon Hill South - Cardinal Heights