Record,Location,X,Y,Longitude,Latitude,Date,Time,Environment,Road_Surface,Traffic_Control,Collision_Location,Light,Collision_Classification,Impact_type,Neighborhood
10421,MISS OTTAWA ST @ MONTREAL RD,375798.7311,5034647.247,-75.59234,45.44815,2017-12-05,7:52:00 AM,02 - Rain,02 - Wet,01 - Traffic signal,02 - Intersection related,01 - Daylight,03 - P.D. only,03 - Rear end,Beacon Hill South - Cardinal Heights
10422,MISTRAL WAY btwn SONESTA CIRC & HUNTMAR DR,350323.6354,5016572.593,-75.91966,45.28763,2017-09-16,4:00:00 PM,01 - Clear,01 - Dry,10 - No control,04 - At/near private drive,01 - Daylight,03 - P.D. only,06 - SMV unattended vehicle,Stittsville
10423,MITCH OWENS RD @ DOZOIS RD/LIMEBANK RD,371674.6718,5012109.129,-75.64811,45.24577,2017-09-21,3:00:00 PM,01 - Clear,01 - Dry,01 - Traffic signal,03 - At intersection,01 - Daylight,03 - P.D. only,03 - Rear end,Manotick
10424,MITCH OWENS RD @ DOZOIS RD/LIMEBANK RD,371678.0497,5012109.781,-75.64806,45.24577,2017-09-10,10:25:00 AM,01 - Clear,01 - Dry,01 - Traffic signal,02 - Intersection related,01 - Daylight,02 - Non-fatal injury,03 - Rear end,Manotick
10425,MITCH OWENS RD @ DOZOIS RD/LIMEBANK RD,371674.7842,5012117.69,-75.6481,45.24584,2017-11-27,4:15:00 PM,01 - Clear,01 - Dry,01 - Traffic signal,02 - Intersection related,05 - Dusk,03 - P.D. only,03 - Rear end,Manotick
10426,MITCH OWENS RD @ DOZOIS RD/LIMEBANK RD,371673.9672,5012108.42,-75.64812,45.24576,2017-01-18,1:13:00 AM,03 - Snow,04 - Slush,01 - Traffic signal,03 - At intersection,07 - Dark,02 - Non-fatal injury,02 - Angle,Manotick
10427,MITCH OWENS RD @ OLD PRESCOTT RD,377087.7597,5015549.12,-75.57866,45.27618,2017-06-21,4:15:00 PM,01 - Clear,01 - Dry,01 - Traffic signal,02 - Intersection related,01 - Daylight,03 - P.D. only,99 - Other,Greely
10428,MITCH OWENS RD @ OLD PRESCOTT RD,377087.7117,5015549.612,-75.57866,45.27619,2017-01-06,4:23:00 PM,01 - Clear,02 - Wet,01 - Traffic signal,02 - Intersection related,01 - Daylight,03 - P.D. only,04 - Sideswipe,Greely
10429,MITCH OWENS RD @ STAGECOACH RD,375398.7514,5014484.458,-75.60033,45.26677,2017-06-26,7:54:00 AM,01 - Clear,01 - Dry,01 - Traffic signal,02 - Intersection related,01 - Daylight,02 - Non-fatal injury,03 - Rear end,Osgoode
10430,MITCH OWENS RD @ STAGECOACH RD,375400.3957,5014486.381,-75.60031,45.26679,2017-08-10,9:51:00 PM,01 - Clear,01 - Dry,01 - Traffic signal,02 - Intersection related,07 - Dark,03 - P.D. only,05 - Turning movement,Osgoode
10431,MITCH OWENS RD @ STAGECOACH RD,375398.7666,5014486.115,-75.60033,45.26679,2017-07-31,12:11:00 PM,01 - Clear,01 - Dry,01 - Traffic signal,03 - At intersection,01 - Daylight,03 - P.D. only,05 - Turning movement,Osgoode
10432,MITCH OWENS RD @ STAGECOACH RD,375398.7514,5014485.127,-75.60033,45.26678,2017-10-30,2:55:00 PM,01 - Clear,01 - Dry,01 - Traffic signal,03 - At intersection,01 - Daylight,03 - P.D. only,02 - Angle,Osgoode
10433,MITCH OWENS RD @ STAGECOACH RD,375400.758,5014484.458,-75.60031,45.26677,2017-04-11,3:33:00 PM,01 - Clear,01 - Dry,01 - Traffic signal,02 - Intersection related,01 - Daylight,03 - P.D. only,03 - Rear end,Osgoode
10434,MITCH OWENS RD btwn 8TH LINE RD & ANDERSON RD,382534.8031,5018878.42,-75.50872,45.30556,2017-04-13,8:51:00 AM,01 - Clear,01 - Dry,10 - No control,01 - Non intersection,01 - Daylight,03 - P.D. only,07 - SMV other,Metcalfe
10435,MITCH OWENS RD btwn DAWN TARA DR & JOHN QUINN RD,380303.369,5017511.526,-75.53738,45.2935,2017-08-08,6:57:00 PM,01 - Clear,01 - Dry,10 - No control,01 - Non intersection,01 - Daylight,03 - P.D. only,07 - SMV other,Osgoode
10436,MITCH OWENS RD btwn DOWNEY RD & MANOTICK STATION RD,372799.3128,5012829.437,-75.63368,45.25214,2017-05-25,6:50:00 AM,01 - Clear,01 - Dry,10 - No control,01 - Non intersection,01 - Daylight,02 - Non-fatal injury,07 - SMV other,Manotick
10437,MITCH OWENS RD btwn DOWNEY RD & MANOTICK STATION RD,373339.2466,5013162.342,-75.62676,45.25508,2017-05-15,10:47:00 AM,01 - Clear,01 - Dry,10 - No control,01 - Non intersection,01 - Daylight,01 - Fatal injury,01 - Approaching,Manotick
10438,MITCH OWENS RD btwn DOWNEY RD & MANOTICK STATION RD,373464.7786,5013240.474,-75.62515,45.25577,2017-10-15,10:59:00 AM,01 - Clear,01 - Dry,10 - No control,01 - Non intersection,01 - Daylight,02 - Non-fatal injury,03 - Rear end,Manotick
10439,MITCH OWENS RD btwn DOWNEY RD & MANOTICK STATION RD,372664.9247,5012740.076,-75.63541,45.25135,2017-01-16,8:37:00 PM,01 - Clear,01 - Dry,10 - No control,01 - Non intersection,07 - Dark,03 - P.D. only,07 - SMV other,Manotick
10440,MITCH OWENS RD btwn DOWNEY RD & MANOTICK STATION RD,373340.5253,5013159.709,-75.62674,45.25506,2017-12-28,2:58:00 PM,01 - Clear,03 - Loose snow,10 - No control,01 - Non intersection,01 - Daylight,02 - Non-fatal injury,07 - SMV other,Manotick
10441,MITCH OWENS RD btwn EMERALD LINKS DR & STAGECOACH RD,374890.3902,5014163.388,-75.60686,45.26394,2017-05-02,4:29:00 PM,02 - Rain,02 - Wet,10 - No control,01 - Non intersection,01 - Daylight,02 - Non-fatal injury,03 - Rear end,Osgoode
10442,MITCH OWENS RD btwn EMERALD LINKS DR & STAGECOACH RD,375244.9052,5014387.468,-75.60231,45.26592,2017-06-13,5:21:00 PM,01 - Clear,01 - Dry,10 - No control,01 - Non intersection,01 - Daylight,03 - P.D. only,03 - Rear end,Osgoode
10443,MITCH OWENS RD btwn FARMERS WAY & YORKS CORNERS RD,385330.6772,5020543.817,-75.4728,45.32023,2017-12-15,7:00:00 AM,01 - Clear,01 - Dry,10 - No control,01 - Non intersection,03 - Dawn,02 - Non-fatal injury,03 - Rear end,Metcalfe
10444,MITCH OWENS RD btwn FARMERS WAY & YORKS CORNERS RD,385202.5067,5020470.592,-75.47445,45.31958,2017-12-12,2:20:00 PM,03 - Snow,05 - Packed snow,10 - No control,04 - At/near private drive,01 - Daylight,02 - Non-fatal injury,07 - SMV other,Metcalfe
10445,MITCH OWENS RD btwn HALL RD & BLACKCREEK RD,386554.3187,5021274.363,-75.45708,45.32666,2017-09-13,12:50:00 PM,01 - Clear,01 - Dry,10 - No control,01 - Non intersection,01 - Daylight,02 - Non-fatal injury,03 - Rear end,Metcalfe
10446,MITCH OWENS RD btwn LIMEBANK RD & DOWNEY RD,371927.0918,5012270.824,-75.64487,45.2472,2017-12-01,6:02:00 AM,01 - Clear,01 - Dry,10 - No control,01 - Non intersection,07 - Dark,03 - P.D. only,07 - SMV other,Manotick
10447,MITCH OWENS RD btwn LIMEBANK RD & DOWNEY RD,372368.9117,5012551.564,-75.6392,45.24968,2017-11-19,7:03:00 AM,03 - Snow,03 - Loose snow,10 - No control,04 - At/near private drive,03 - Dawn,03 - P.D. only,07 - SMV other,Manotick
10448,MITCH OWENS RD btwn LIMEBANK RD & DOWNEY RD,371845.5593,5012217.058,-75.64591,45.24672,2017-12-13,8:53:00 AM,03 - Snow,05 - Packed snow,10 - No control,01 - Non intersection,01 - Daylight,02 - Non-fatal injury,01 - Approaching,Manotick
10449,MITCH OWENS RD btwn MANOTICK STATION RD & BOWESVILLE RD,374149.6295,5013684.363,-75.61636,45.2597,2017-04-28,1:40:00 PM,01 - Clear,01 - Dry,10 - No control,01 - Non intersection,01 - Daylight,03 - P.D. only,01 - Approaching,Greely
10450,MITCH OWENS RD btwn MANOTICK STATION RD & BOWESVILLE RD,373788.0669,5013450.389,-75.621,45.25763,2017-08-30,12:57:00 PM,01 - Clear,01 - Dry,10 - No control,04 - At/near private drive,01 - Daylight,03 - P.D. only,02 - Angle,Osgoode
10451,MITCH OWENS RD btwn MANOTICK STATION RD & BOWESVILLE RD,373549.2133,5013295.187,-75.62407,45.25626,2017-11-29,7:00:00 AM,01 - Clear,02 - Wet,10 - No control,01 - Non intersection,03 - Dawn,03 - P.D. only,04 - Sideswipe,Osgoode
10452,MITCH OWENS RD btwn RAMSAYVILLE RD & 8TH LINE RD,381389.9985,5018183.56,-75.52343,45.29943,2017-10-20,3:30:00 PM,01 - Clear,01 - Dry,10 - No control,01 - Non intersection,01 - Daylight,03 - P.D. only,03 - Rear end,Metcalfe
10453,MITCH OWENS RD btwn RAMSAYVILLE RD & 8TH LINE RD,382072.6631,5018607.019,-75.51466,45.30317,2017-03-24,7:59:00 PM,03 - Snow,03 - Loose snow,10 - No control,01 - Non intersection,07 - Dark,03 - P.D. only,01 - Approaching,Osgoode
10454,MITCH OWENS RD btwn RIVER RD & SPRATT RD,369538.7081,5010794.078,-75.67548,45.23413,2017-06-22,9:16:00 AM,01 - Clear,01 - Dry,10 - No control,04 - At/near private drive,01 - Daylight,03 - P.D. only,05 - Turning movement,Manotick
10455,MITCH OWENS RD btwn RIVER RD & SPRATT RD,369587.1148,5010818.504,-75.67486,45.23435,2017-06-09,4:56:00 PM,01 - Clear,01 - Dry,10 - No control,01 - Non intersection,01 - Daylight,03 - P.D. only,03 - Rear end,Manotick
10456,MITCH OWENS RD btwn RIVER RD & SPRATT RD,369673.4778,5010872.585,-75.67376,45.23483,2017-10-10,8:51:00 AM,01 - Clear,01 - Dry,10 - No control,01 - Non intersection,01 - Daylight,03 - P.D. only,03 - Rear end,Manotick
10457,MITCH OWENS RD btwn RIVER RD & SPRATT RD,369742.9004,5010915.768,-75.67287,45.23521,2017-10-18,5:49:00 PM,01 - Clear,01 - Dry,10 - No control,04 - At/near private drive,01 - Daylight,03 - P.D. only,02 - Angle,Manotick
10458,MITCH OWENS RD btwn RIVER RD & SPRATT RD,369578.1246,5010815.507,-75.67498,45.23432,2017-11-30,3:40:00 PM,02 - Rain,02 - Wet,10 - No control,04 - At/near private drive,01 - Daylight,03 - P.D. only,02 - Angle,Manotick
10459,MITCH OWENS RD btwn RIVER RD & SPRATT RD,369564.6393,5010808.015,-75.67515,45.23426,2017-03-09,4:21:00 PM,01 - Clear,01 - Dry,10 - No control,04 - At/near private drive,01 - Daylight,03 - P.D. only,02 - Angle,Manotick
10460,MITCH OWENS RD btwn RIVER RD & SPRATT RD,369542.3733,5010794.751,-75.67544,45.23414,2017-03-02,2:41:00 PM,01 - Clear,01 - Dry,10 - No control,04 - At/near private drive,01 - Daylight,03 - P.D. only,02 - Angle,Manotick
10461,MITCH OWENS RD btwn SALE BARN RD & HAWTHORNE RD,378871.3596,5016655.955,-75.55576,45.28596,2017-12-14,6:48:00 AM,01 - Clear,01 - Dry,10 - No control,01 - Non intersection,07 - Dark,03 - P.D. only,07 - SMV other,Osgoode
10462,MITCH OWENS RD btwn SALE BARN RD & HAWTHORNE RD,379144.2916,5016818.544,-75.55226,45.28739,2017-01-23,5:58:00 AM,01 - Clear,06 - Ice,10 - No control,01 - Non intersection,07 - Dark,02 - Non-fatal injury,03 - Rear end,Osgoode
10463,MITCH OWENS RD btwn SALE BARN RD & HAWTHORNE RD,378959.8683,5016707.94,-75.55463,45.28641,2017-03-28,5:00:00 PM,01 - Clear,01 - Dry,10 - No control,01 - Non intersection,01 - Daylight,03 - P.D. only,07 - SMV other,Osgoode
10464,MITCH OWENS RD btwn SPRATT RD & LIMEBANK RD,371552.3203,5012031.496,-75.64967,45.24508,2017-05-21,11:00:00 PM,02 - Rain,02 - Wet,10 - No control,01 - Non intersection,07 - Dark,03 - P.D. only,07 - SMV other,Manotick
10465,MITCH OWENS RD btwn SPRATT RD & LIMEBANK RD,370821.9802,5011582.224,-75.65904,45.2411,2017-12-16,10:11:00 PM,01 - Clear,01 - Dry,10 - No control,01 - Non intersection,07 - Dark,03 - P.D. only,07 - SMV other,Manotick
10466,MITCH OWENS RD btwn TURN LANE & SALE BARN RD,378531.416,5016444.442,-75.56013,45.28409,2017-07-27,3:32:00 PM,01 - Clear,01 - Dry,10 - No control,01 - Non intersection,01 - Daylight,02 - Non-fatal injury,01 - Approaching,Osgoode
10467,MITCH OWENS RD btwn TURN LANE & SALE BARN RD,378610.5776,5016494.954,-75.55911,45.28453,2017-02-03,6:48:00 PM,01 - Clear,01 - Dry,10 - No control,01 - Non intersection,07 - Dark,03 - P.D. only,07 - SMV other,Osgoode
10468,MITCH OWENS RD btwn TURN LANE & SALE BARN RD,377964.8903,5016101.324,-75.5674,45.28106,2017-03-28,10:11:00 PM,01 - Clear,01 - Dry,10 - No control,01 - Non intersection,07 - Dark,03 - P.D. only,07 - SMV other,Osgoode
10469,MITCH OWENS RD btwn TURN LANE & SALE BARN RD,377917.5473,5016061.397,-75.56801,45.28071,2017-03-10,11:30:00 PM,01 - Clear,01 - Dry,10 - No control,01 - Non intersection,07 - Dark,03 - P.D. only,07 - SMV other,Osgoode
10470,MITCH OWENS RD/BRIDGE ST @ RIVER RD,369499.3729,5010769.731,-75.67599,45.23392,2017-06-05,5:30:00 PM,01 - Clear,01 - Dry,01 - Traffic signal,02 - Intersection related,01 - Daylight,03 - P.D. only,03 - Rear end,Manotick
10471,MITCH OWENS RD/BRIDGE ST @ RIVER RD,369499.8764,5010770.731,-75.67598,45.23393,2017-08-30,7:04:00 PM,01 - Clear,01 - Dry,01 - Traffic signal,03 - At intersection,01 - Daylight,02 - Non-fatal injury,05 - Turning movement,Manotick
10472,MITCH OWENS RD/BRIDGE ST @ RIVER RD,369499.682,5010768.426,-75.67598,45.2339,2017-09-08,6:55:00 PM,01 - Clear,01 - Dry,01 - Traffic signal,02 - Intersection related,01 - Daylight,03 - P.D. only,99 - Other,Manotick
10473,MITCH OWENS RD/BRIDGE ST @ RIVER RD,369497.9117,5010771.5,-75.67601,45.23393,2017-10-27,8:34:00 AM,01 - Clear,01 - Dry,01 - Traffic signal,02 - Intersection related,01 - Daylight,03 - P.D. only,03 - Rear end,Manotick
10474,MITCH OWENS RD/BRIDGE ST @ RIVER RD,369499.5487,5010771.098,-75.67599,45.23393,2017-11-06,1:44:00 AM,02 - Rain,02 - Wet,01 - Traffic signal,03 - At intersection,07 - Dark,03 - P.D. only,07 - SMV other,Manotick
10475,MITCH OWENS RD/BRIDGE ST @ RIVER RD,369499.2376,5010770.677,-75.67599,45.23393,2017-11-21,4:11:00 PM,01 - Clear,01 - Dry,01 - Traffic signal,02 - Intersection related,05 - Dusk,03 - P.D. only,03 - Rear end,Manotick
10476,MOFFATT POND CRT btwn ANJANA CIRC & COBBLE HILL DR,361690.9473,5013995.912,-75.77506,45.26362,2017-08-13,6:23:00 PM,01 - Clear,01 - Dry,10 - No control,01 - Non intersection,01 - Daylight,03 - P.D. only,06 - SMV unattended vehicle,Munster Hamlet - Richmond
10477,MOHRS RD btwn GALETTA SIDE RD & RIDDLEDALE RD,324092.8303,5031481.343,-76.25347,45.423,2017-01-21,2:10:00 PM,01 - Clear,03 - Loose snow,10 - No control,01 - Non intersection,01 - Daylight,03 - P.D. only,07 - SMV other,Moh
10478,MOHRS RD btwn KINBURN SIDE RD & CARRYS SIDE RD,328181.0015,5027066.199,-76.20144,45.38315,2017-02-15,9:06:00 AM,03 - Snow,03 - Loose snow,10 - No control,01 - Non intersection,01 - Daylight,03 - P.D. only,07 - SMV other,Kinburn
10479,MONET CRT btwn SIEVERIGHT AVE & MONET CRT,372475.0832,5024444.621,-75.63623,45.35668,2017-02-06,7:00:00 PM,03 - Snow,04 - Slush,10 - No control,01 - Non intersection,07 - Dark,03 - P.D. only,06 - SMV unattended vehicle,Blossom Park - Blossom Park West - Sawmill Creek/ Timbermill
10480,MONSON CRES btwn FILLMORE CRES & FILLMORE CRES,375351.6259,5036262.3,-75.59783,45.46273,2017-08-27,12:47:00 PM,01 - Clear,01 - Dry,10 - No control,04 - At/near private drive,01 - Daylight,03 - P.D. only,06 - SMV unattended vehicle,Beacon Hill North
10481,MONTCREST DR @ WATTERS RD,384865.6483,5038589.134,-75.4758,45.48263,2017-11-02,3:09:00 PM,02 - Rain,02 - Wet,02 - Stop sign,02 - Intersection related,01 - Daylight,03 - P.D. only,03 - Rear end,Cardinal Creek
10482,MONTEREY DR btwn BASELINE RD & GRAHAM CREEK PRIV,359857.3098,5022105.455,-75.79752,45.33674,2017-03-24,9:30:00 AM,03 - Snow,03 - Loose snow,10 - No control,01 - Non intersection,01 - Daylight,03 - P.D. only,01 - Approaching,Briar Green - Leslie Park
10483,MONTEREY DR btwn COSTELLO AVE & ABINGDON DR,360187.85,5022185.971,-75.7933,45.33744,2017-02-20,3:01:00 PM,01 - Clear,01 - Dry,10 - No control,01 - Non intersection,01 - Daylight,03 - P.D. only,06 - SMV unattended vehicle,Leslie Park
10484,MONTFORT ST btwn BRADLEY AVE & STE. ANNE ST,370517.6201,5033567.621,-75.65999,45.43895,2017-02-13,9:54:00 PM,01 - Clear,03 - Loose snow,10 - No control,04 - At/near private drive,07 - Dark,03 - P.D. only,02 - Angle,Vanier North
10485,MONTFORT ST btwn STE. ANNE ST & GRANVILLE ST,370775.4926,5033596.088,-75.65669,45.43918,2017-07-02,12:00:00 AM,01 - Clear,01 - Dry,10 - No control,01 - Non intersection,00 - Unknown,03 - P.D. only,06 - SMV unattended vehicle,Vanier North
10486,MONTGOMERY ST @ MONTREAL RD,369813.7126,5032919.947,-75.66908,45.43319,2017-08-17,4:10:00 PM,02 - Rain,02 - Wet,01 - Traffic signal,03 - At intersection,01 - Daylight,03 - P.D. only,04 - Sideswipe,Vanier South
10487,MONTGOMERY ST @ MONTREAL RD,369813.2392,5032919.878,-75.66908,45.43319,2017-09-06,3:55:00 PM,01 - Clear,01 - Dry,01 - Traffic signal,02 - Intersection related,01 - Daylight,02 - Non-fatal injury,04 - Sideswipe,Vanier South
10488,MONTGOMERY ST @ MONTREAL RD,369814.6593,5032921.535,-75.66906,45.4332,2017-12-08,8:49:00 PM,01 - Clear,01 - Dry,01 - Traffic signal,03 - At intersection,07 - Dark,02 - Non-fatal injury,07 - SMV other,Vanier South
10489,MONTGOMERY ST @ MONTREAL RD,369812.7543,5032921.243,-75.66909,45.4332,2017-02-09,9:50:00 AM,01 - Clear,01 - Dry,01 - Traffic signal,02 - Intersection related,01 - Daylight,03 - P.D. only,03 - Rear end,Vanier South
10490,MONTREAL RD @ 46 E OF HILLSIDE DR/MONTREAL SQU,371750.4695,5033917.709,-75.64419,45.44198,2017-06-29,2:08:00 PM,02 - Rain,02 - Wet,01 - Traffic signal,03 - At intersection,01 - Daylight,03 - P.D. only,05 - Turning movement,Cummings
10491,MONTREAL RD @ 46 E OF HILLSIDE DR/MONTREAL SQU,371748.9567,5033917.359,-75.64421,45.44198,2017-10-11,10:20:00 AM,01 - Clear,01 - Dry,01 - Traffic signal,02 - Intersection related,01 - Daylight,03 - P.D. only,07 - SMV other,Cummings
10492,MONTREAL RD @ 46 E OF HILLSIDE DR/MONTREAL SQU,371750.1359,5033915.808,-75.64419,45.44197,2017-02-01,6:30:00 AM,03 - Snow,03 - Loose snow,01 - Traffic signal,02 - Intersection related,07 - Dark,03 - P.D. only,03 - Rear end,Cummings
10493,MONTREAL RD @ BATHGATE DR/BURMA RD,373225.2319,5034516.592,-75.62526,45.44723,2017-06-23,9:14:00 AM,02 - Rain,02 - Wet,01 - Traffic signal,03 - At intersection,01 - Daylight,03 - P.D. only,05 - Turning movement,Carson Grove - Carson Meadows
10494,MONTREAL RD @ BATHGATE DR/BURMA RD,373225.1539,5034516.376,-75.62526,45.44723,2017-08-21,1:22:00 PM,01 - Clear,01 - Dry,01 - Traffic signal,02 - Intersection related,01 - Daylight,03 - P.D. only,04 - Sideswipe,Carson Grove - Carson Meadows
10495,MONTREAL RD @ BATHGATE DR/BURMA RD,373224.2909,5034515.513,-75.62527,45.44722,2017-08-21,3:21:00 PM,01 - Clear,01 - Dry,01 - Traffic signal,02 - Intersection related,01 - Daylight,03 - P.D. only,03 - Rear end,Carson Grove - Carson Meadows
10496,MONTREAL RD @ BATHGATE DR/BURMA RD,373224.388,5034516.592,-75.62527,45.44723,2017-11-16,1:22:00 PM,02 - Rain,02 - Wet,01 - Traffic signal,02 - Intersection related,01 - Daylight,03 - P.D. only,03 - Rear end,Carson Grove - Carson Meadows
10497,MONTREAL RD @ BATHGATE DR/BURMA RD,373225.8079,5034517.406,-75.62525,45.44724,2017-01-15,10:12:00 PM,01 - Clear,01 - Dry,01 - Traffic signal,03 - At intersection,07 - Dark,03 - P.D. only,05 - Turning movement,Carson Grove - Carson Meadows
10498,MONTREAL RD @ BATHGATE DR/BURMA RD,373224.1797,5034517.406,-75.62527,45.44724,2017-01-26,4:52:00 PM,01 - Clear,02 - Wet,01 - Traffic signal,03 - At intersection,05 - Dusk,02 - Non-fatal injury,07 - SMV other,Carson Grove - Carson Meadows
10499,MONTREAL RD @ BATHGATE DR/BURMA RD,373224.388,5034515.923,-75.62527,45.44722,2017-04-14,4:20:00 AM,01 - Clear,01 - Dry,01 - Traffic signal,03 - At intersection,07 - Dark,03 - P.D. only,04 - Sideswipe,Carson Grove - Carson Meadows
10500,MONTREAL RD @ BATHGATE DR/BURMA RD,373224.388,5034515.923,-75.62527,45.44722,2017-04-06,5:36:00 PM,02 - Rain,02 - Wet,01 - Traffic signal,02 - Intersection related,01 - Daylight,03 - P.D. only,02 - Angle,Carson Grove - Carson Meadows
10501,MONTREAL RD @ BORTHWICK AVE,371944.345,5034010.116,-75.6417,45.4428,2017-09-01,3:15:00 PM,01 - Clear,01 - Dry,02 - Stop sign,03 - At intersection,01 - Daylight,03 - P.D. only,02 - Angle,Cummings
10502,MONTREAL RD @ BORTHWICK AVE,371941.7643,5034010.293,-75.64173,45.4428,2017-09-14,11:07:00 AM,01 - Clear,01 - Dry,02 - Stop sign,03 - At intersection,01 - Daylight,02 - Non-fatal injury,05 - Turning movement,Cummings
10503,MONTREAL RD @ CARSON'S RD/CODD'S RD,372771.8033,5034396.823,-75.63107,45.4462,2017-10-25,12:06:00 PM,01 - Clear,01 - Dry,01 - Traffic signal,03 - At intersection,01 - Daylight,03 - P.D. only,05 - Turning movement,Carson Grove - Carson Meadows
10504,MONTREAL RD @ CARSON'S RD/CODD'S RD,372770.7513,5034399.12,-75.63108,45.44622,2017-09-11,9:20:00 AM,01 - Clear,01 - Dry,01 - Traffic signal,02 - Intersection related,01 - Daylight,02 - Non-fatal injury,03 - Rear end,Carson Grove - Carson Meadows
10505,MONTREAL RD @ CARSON'S RD/CODD'S RD,372771.7217,5034397.912,-75.63107,45.44621,2017-03-08,4:50:00 PM,01 - Clear,01 - Dry,01 - Traffic signal,02 - Intersection related,01 - Daylight,03 - P.D. only,04 - Sideswipe,Carson Grove - Carson Meadows
10506,MONTREAL RD @ CARSON'S RD/CODD'S RD,372771.6826,5034398.354,-75.63107,45.44621,2017-12-28,8:01:00 AM,01 - Clear,01 - Dry,01 - Traffic signal,02 - Intersection related,01 - Daylight,03 - P.D. only,03 - Rear end,Carson Grove - Carson Meadows
10507,MONTREAL RD @ DEN HAAG DR/LANG'S RD,372386.718,5034220.874,-75.63602,45.44465,2017-09-20,6:00:00 PM,01 - Clear,01 - Dry,01 - Traffic signal,02 - Intersection related,01 - Daylight,03 - P.D. only,03 - Rear end,Carson Grove - Carson Meadows
10508,MONTREAL RD @ DEN HAAG DR/LANG'S RD,372386.718,5034221.82,-75.63602,45.44466,2017-09-15,3:42:00 PM,01 - Clear,01 - Dry,01 - Traffic signal,02 - Intersection related,01 - Daylight,03 - P.D. only,03 - Rear end,Carson Grove - Carson Meadows
10509,MONTREAL RD @ DEN HAAG DR/LANG'S RD,372387.0525,5034220.915,-75.63601,45.44465,2017-02-09,4:08:00 PM,01 - Clear,01 - Dry,01 - Traffic signal,02 - Intersection related,01 - Daylight,02 - Non-fatal injury,03 - Rear end,Carson Grove - Carson Meadows
10510,MONTREAL RD @ DUCHARME BLVD/CANTIN ST,371017.0114,5033566.594,-75.65361,45.4389,2017-04-26,2:39:00 PM,01 - Clear,01 - Dry,01 - Traffic signal,03 - At intersection,01 - Daylight,03 - P.D. only,02 - Angle,Vanier South
10511,MONTREAL RD @ DUCHARME BLVD/CANTIN ST,371017.7038,5033566.575,-75.6536,45.4389,2017-10-02,8:56:00 AM,01 - Clear,01 - Dry,01 - Traffic signal,02 - Intersection related,01 - Daylight,02 - Non-fatal injury,03 - Rear end,Vanier South
10512,MONTREAL RD @ DUCHARME BLVD/CANTIN ST,371018.1957,5033565.099,-75.6536,45.43888,2017-09-28,12:45:00 PM,01 - Clear,01 - Dry,01 - Traffic signal,02 - Intersection related,01 - Daylight,03 - P.D. only,04 - Sideswipe,Vanier South
10513,MONTREAL RD @ DUCHARME BLVD/CANTIN ST,371018.3126,5033565.733,-75.65359,45.43889,2017-10-04,12:10:00 PM,01 - Clear,01 - Dry,01 - Traffic signal,02 - Intersection related,01 - Daylight,03 - P.D. only,02 - Angle,Vanier South
10514,MONTREAL RD @ DUCHARME BLVD/CANTIN ST,371017.6134,5033565.992,-75.6536,45.43889,2017-10-18,11:09:00 AM,01 - Clear,01 - Dry,01 - Traffic signal,02 - Intersection related,01 - Daylight,03 - P.D. only,04 - Sideswipe,Vanier South
10515,MONTREAL RD @ FOXVIEW PL/DESLOGES PRIV,372908.617,5034446.731,-75.62931,45.44663,2017-08-30,9:38:00 AM,01 - Clear,01 - Dry,02 - Stop sign,02 - Intersection related,01 - Daylight,03 - P.D. only,04 - Sideswipe,Carson Grove - Carson Meadows
10516,MONTREAL RD @ FOXVIEW PL/DESLOGES PRIV,372909.1578,5034447.409,-75.62931,45.44664,2017-03-04,12:22:00 PM,01 - Clear,01 - Dry,02 - Stop sign,02 - Intersection related,01 - Daylight,03 - P.D. only,03 - Rear end,Carson Grove - Carson Meadows
10517,MONTREAL RD @ GRANVILLE ST/LAFONTAINE AVE,370827.7401,5033476.357,-75.65604,45.4381,2017-05-07,1:45:00 PM,01 - Clear,01 - Dry,01 - Traffic signal,02 - Intersection related,01 - Daylight,03 - P.D. only,02 - Angle,Vanier South
10518,MONTREAL RD @ GRANVILLE ST/LAFONTAINE AVE,370827.6795,5033475.354,-75.65604,45.43809,2017-06-07,6:10:00 PM,01 - Clear,01 - Dry,01 - Traffic signal,03 - At intersection,01 - Daylight,03 - P.D. only,05 - Turning movement,Vanier South
10519,MONTREAL RD @ GRANVILLE ST/LAFONTAINE AVE,370826.8867,5033474.316,-75.65605,45.43808,2017-07-16,6:42:00 PM,01 - Clear,01 - Dry,01 - Traffic signal,02 - Intersection related,01 - Daylight,03 - P.D. only,05 - Turning movement,Vanier South
10520,MONTREAL RD @ GRANVILLE ST/LAFONTAINE AVE,370826.7134,5033474.355,-75.65606,45.43808,2017-10-02,7:31:00 AM,01 - Clear,01 - Dry,01 - Traffic signal,02 - Intersection related,01 - Daylight,03 - P.D. only,02 - Angle,Vanier South
10521,MONTREAL RD @ GRANVILLE ST/LAFONTAINE AVE,370827.2599,5033475.685,-75.65605,45.4381,2017-09-29,11:17:00 PM,01 - Clear,02 - Wet,01 - Traffic signal,03 - At intersection,07 - Dark,03 - P.D. only,05 - Turning movement,Vanier South
10522,MONTREAL RD @ GRANVILLE ST/LAFONTAINE AVE,370827.4639,5033474.216,-75.65605,45.43808,2017-02-05,1:31:00 PM,01 - Clear,02 - Wet,01 - Traffic signal,03 - At intersection,01 - Daylight,02 - Non-fatal injury,07 - SMV other,Vanier South