Record,Location,X,Y,Longitude,Latitude,Date,Time,Environment,Road_Surface,Traffic_Control,Collision_Location,Light,Collision_Classification,Impact_type,Neighborhood
10523,MONTREAL RD @ MONTFORT HOSPITAL,372223.4282,5034144.913,-75.63811,45.44398,2017-04-12,2:53:00 PM,01 - Clear,01 - Dry,01 - Traffic signal,02 - Intersection related,01 - Daylight,03 - P.D. only,04 - Sideswipe,Carson Grove - Carson Meadows
10524,MONTREAL RD @ MONTFORT HOSPITAL,372224.0971,5034144.244,-75.6381,45.44398,2017-04-05,6:08:00 AM,02 - Rain,02 - Wet,01 - Traffic signal,03 - At intersection,03 - Dawn,02 - Non-fatal injury,07 - SMV other,Carson Grove - Carson Meadows
10525,MONTREAL RD @ NORTH RIVER RD,369740.0432,5032888.254,-75.67002,45.43291,2017-04-27,4:31:00 PM,01 - Clear,01 - Dry,01 - Traffic signal,03 - At intersection,01 - Daylight,03 - P.D. only,02 - Angle,Vanier South
10526,MONTREAL RD @ NORTH RIVER RD,369739.7087,5032887.822,-75.67003,45.43291,2017-08-28,5:52:00 PM,01 - Clear,01 - Dry,01 - Traffic signal,03 - At intersection,01 - Daylight,02 - Non-fatal injury,07 - SMV other,Vanier South
10527,MONTREAL RD @ NORTH RIVER RD,369739.3743,5032888.254,-75.67003,45.43291,2017-12-06,8:00:00 PM,01 - Clear,01 - Dry,01 - Traffic signal,03 - At intersection,07 - Dark,03 - P.D. only,02 - Angle,Vanier South
10528,MONTREAL RD @ NORTH RIVER RD,369740.712,5032886.916,-75.67001,45.4329,2017-11-05,4:14:00 PM,02 - Rain,02 - Wet,01 - Traffic signal,03 - At intersection,05 - Dusk,03 - P.D. only,05 - Turning movement,Vanier South
10529,MONTREAL RD @ NORTH RIVER RD,369738.2078,5032887.21,-75.67004,45.4329,2017-02-23,10:34:00 PM,01 - Clear,01 - Dry,01 - Traffic signal,02 - Intersection related,07 - Dark,03 - P.D. only,03 - Rear end,Vanier South
10530,MONTREAL RD @ NORTH RIVER RD,369740.0432,5032888.254,-75.67002,45.43291,2017-02-27,10:06:00 AM,01 - Clear,01 - Dry,01 - Traffic signal,03 - At intersection,01 - Daylight,02 - Non-fatal injury,07 - SMV other,Vanier South
10531,MONTREAL RD @ NORTH RIVER RD,369740.0432,5032888.254,-75.67002,45.43291,2017-04-08,1:07:00 AM,01 - Clear,01 - Dry,01 - Traffic signal,02 - Intersection related,07 - Dark,03 - P.D. only,99 - Other,Vanier South
10532,MONTREAL RD @ OGILVIE RD,375655.0695,5034555.248,-75.59419,45.44734,2017-05-01,1:12:00 PM,02 - Rain,02 - Wet,01 - Traffic signal,02 - Intersection related,01 - Daylight,03 - P.D. only,03 - Rear end,Beacon Hill South - Cardinal Heights
10533,MONTREAL RD @ OGILVIE RD,375654.094,5034555.945,-75.5942,45.44734,2017-08-15,8:55:00 AM,01 - Clear,02 - Wet,01 - Traffic signal,02 - Intersection related,01 - Daylight,03 - P.D. only,03 - Rear end,Beacon Hill South - Cardinal Heights
10534,MONTREAL RD @ OGILVIE RD,375653.8165,5034556.356,-75.59421,45.44735,2017-07-27,8:05:00 AM,01 - Clear,01 - Dry,01 - Traffic signal,02 - Intersection related,01 - Daylight,03 - P.D. only,03 - Rear end,Beacon Hill South - Cardinal Heights
10535,MONTREAL RD @ OGILVIE RD,375655.0695,5034557.255,-75.59419,45.44735,2017-06-28,5:30:00 PM,01 - Clear,01 - Dry,01 - Traffic signal,02 - Intersection related,01 - Daylight,03 - P.D. only,03 - Rear end,Beacon Hill South - Cardinal Heights
10536,MONTREAL RD @ OGILVIE RD,375654.2616,5034556.349,-75.5942,45.44735,2017-10-25,12:55:00 PM,01 - Clear,01 - Dry,01 - Traffic signal,02 - Intersection related,01 - Daylight,03 - P.D. only,03 - Rear end,Beacon Hill South - Cardinal Heights
10537,MONTREAL RD @ OGILVIE RD,375654.2616,5034556.823,-75.5942,45.44735,2017-10-26,7:28:00 PM,01 - Clear,01 - Dry,01 - Traffic signal,02 - Intersection related,07 - Dark,02 - Non-fatal injury,03 - Rear end,Beacon Hill South - Cardinal Heights
10538,MONTREAL RD @ OGILVIE RD,375654.2571,5034556.825,-75.5942,45.44735,2017-09-15,1:45:00 PM,01 - Clear,01 - Dry,01 - Traffic signal,03 - At intersection,01 - Daylight,03 - P.D. only,03 - Rear end,Beacon Hill South - Cardinal Heights
10539,MONTREAL RD @ OGILVIE RD,375654.735,5034557.77,-75.5942,45.44736,2017-09-22,6:36:00 PM,01 - Clear,01 - Dry,01 - Traffic signal,02 - Intersection related,01 - Daylight,03 - P.D. only,03 - Rear end,Beacon Hill South - Cardinal Heights
10540,MONTREAL RD @ OGILVIE RD,375653.7317,5034555.917,-75.59421,45.44734,2017-11-30,5:20:00 PM,02 - Rain,02 - Wet,01 - Traffic signal,02 - Intersection related,07 - Dark,03 - P.D. only,99 - Other,Beacon Hill South - Cardinal Heights
10541,MONTREAL RD @ OGILVIE RD,375654.4006,5034555.917,-75.5942,45.44734,2017-11-26,7:40:00 PM,03 - Snow,06 - Ice,01 - Traffic signal,02 - Intersection related,07 - Dark,03 - P.D. only,01 - Approaching,Beacon Hill South - Cardinal Heights
10542,MONTREAL RD @ OGILVIE RD,375653.7317,5034556.586,-75.59421,45.44735,2017-12-01,4:06:00 PM,01 - Clear,01 - Dry,01 - Traffic signal,02 - Intersection related,05 - Dusk,03 - P.D. only,03 - Rear end,Beacon Hill South - Cardinal Heights
10543,MONTREAL RD @ OGILVIE RD,375654.4842,5034555.416,-75.5942,45.44734,2017-01-31,4:02:00 PM,01 - Clear,01 - Dry,01 - Traffic signal,02 - Intersection related,01 - Daylight,03 - P.D. only,04 - Sideswipe,Beacon Hill South - Cardinal Heights
10544,MONTREAL RD @ OGILVIE RD,375653.7883,5034556.823,-75.59421,45.44735,2017-01-19,6:00:00 PM,02 - Rain,02 - Wet,01 - Traffic signal,02 - Intersection related,07 - Dark,03 - P.D. only,03 - Rear end,Beacon Hill South - Cardinal Heights
10545,MONTREAL RD @ OLMSTEAD ST,370332.8506,5033213.398,-75.6624,45.43578,2017-09-01,4:53:00 PM,01 - Clear,01 - Dry,01 - Traffic signal,03 - At intersection,01 - Daylight,02 - Non-fatal injury,07 - SMV other,Vanier South
10546,MONTREAL RD @ OLMSTEAD ST,370333.5885,5033213.953,-75.66239,45.43579,2017-08-15,4:30:00 PM,01 - Clear,01 - Dry,01 - Traffic signal,02 - Intersection related,01 - Daylight,03 - P.D. only,04 - Sideswipe,Vanier South
10547,MONTREAL RD @ OLMSTEAD ST,370331.7575,5033213.825,-75.66242,45.43579,2017-09-20,6:40:00 AM,01 - Clear,01 - Dry,01 - Traffic signal,02 - Intersection related,03 - Dawn,03 - P.D. only,03 - Rear end,Vanier South
10548,MONTREAL RD @ OLMSTEAD ST,370332.9577,5033213.161,-75.6624,45.43578,2017-01-07,12:00:00 AM,01 - Clear,01 - Dry,01 - Traffic signal,02 - Intersection related,00 - Unknown,03 - P.D. only,06 - SMV unattended vehicle,Vanier South
10549,MONTREAL RD @ OLMSTEAD ST,370333.0478,5033212.918,-75.6624,45.43578,2017-03-30,3:24:00 PM,01 - Clear,01 - Dry,01 - Traffic signal,02 - Intersection related,01 - Daylight,03 - P.D. only,04 - Sideswipe,Vanier South
10550,MONTREAL RD @ OLMSTEAD ST,370333.2522,5033212.115,-75.6624,45.43577,2017-12-31,5:21:00 PM,01 - Clear,02 - Wet,01 - Traffic signal,03 - At intersection,07 - Dark,02 - Non-fatal injury,07 - SMV other,Vanier South
10551,MONTREAL RD @ PALACE ST,369956.7189,5032999.255,-75.66724,45.43389,2017-03-08,5:17:00 PM,01 - Clear,01 - Dry,10 - No control,03 - At intersection,01 - Daylight,03 - P.D. only,05 - Turning movement,Vanier South
10552,MONTREAL RD @ PARK ST,370515.1345,5033315.77,-75.66006,45.43669,2017-09-17,2:50:00 PM,01 - Clear,01 - Dry,02 - Stop sign,02 - Intersection related,01 - Daylight,03 - P.D. only,04 - Sideswipe,Vanier North
10553,MONTREAL RD @ SHEFFORD RD,376126.065,5034852.906,-75.58813,45.44997,2017-05-04,8:03:00 AM,01 - Clear,01 - Dry,01 - Traffic signal,02 - Intersection related,01 - Daylight,03 - P.D. only,04 - Sideswipe,Beacon Hill South - Cardinal Heights
10554,MONTREAL RD @ SHEFFORD RD,376124.7272,5034853.575,-75.58815,45.44997,2017-05-26,3:42:00 PM,02 - Rain,02 - Wet,01 - Traffic signal,02 - Intersection related,01 - Daylight,03 - P.D. only,03 - Rear end,Beacon Hill South - Cardinal Heights
10555,MONTREAL RD @ SHEFFORD RD,376126.1986,5034852.738,-75.58813,45.44996,2017-06-09,3:29:00 PM,01 - Clear,01 - Dry,01 - Traffic signal,02 - Intersection related,01 - Daylight,03 - P.D. only,04 - Sideswipe,Beacon Hill South - Cardinal Heights
10556,MONTREAL RD @ SHEFFORD RD,376126.065,5034855.581,-75.58813,45.44999,2017-05-27,10:00:00 AM,01 - Clear,01 - Dry,01 - Traffic signal,02 - Intersection related,01 - Daylight,03 - P.D. only,03 - Rear end,Beacon Hill South - Cardinal Heights
10557,MONTREAL RD @ SHEFFORD RD,376126.296,5034854.724,-75.58812,45.44998,2017-11-03,2:13:00 AM,02 - Rain,02 - Wet,01 - Traffic signal,03 - At intersection,07 - Dark,03 - P.D. only,04 - Sideswipe,Beacon Hill South - Cardinal Heights
10558,MONTREAL RD @ SHEFFORD RD,376124.7272,5034854.244,-75.58814,45.44998,2017-11-16,1:43:00 PM,02 - Rain,02 - Wet,01 - Traffic signal,02 - Intersection related,01 - Daylight,03 - P.D. only,04 - Sideswipe,Beacon Hill South - Cardinal Heights
10559,MONTREAL RD @ SHEFFORD RD,376125.3961,5034852.906,-75.58814,45.44997,2017-02-17,12:53:00 PM,05 - Drifting Snow,02 - Wet,01 - Traffic signal,03 - At intersection,01 - Daylight,03 - P.D. only,02 - Angle,Beacon Hill South - Cardinal Heights
10560,MONTREAL RD @ SHEFFORD RD,376122.6077,5034857.388,-75.58817,45.45001,2017-01-06,9:31:00 AM,01 - Clear,01 - Dry,01 - Traffic signal,02 - Intersection related,01 - Daylight,02 - Non-fatal injury,04 - Sideswipe,Beacon Hill North
10561,MONTREAL RD @ SHEFFORD RD,376127.1642,5034853.336,-75.58811,45.44997,2017-12-21,8:46:00 AM,01 - Clear,01 - Dry,01 - Traffic signal,03 - At intersection,01 - Daylight,02 - Non-fatal injury,05 - Turning movement,Beacon Hill South - Cardinal Heights
10562,MONTREAL RD @ SINCLAIR ST,375967.7909,5034757.636,-75.59017,45.44913,2017-08-24,1:12:00 PM,01 - Clear,01 - Dry,01 - Traffic signal,02 - Intersection related,01 - Daylight,03 - P.D. only,03 - Rear end,Beacon Hill North
10563,MONTREAL RD @ SINCLAIR ST,375967.4249,5034755.481,-75.59017,45.44911,2017-10-02,4:25:00 PM,01 - Clear,01 - Dry,01 - Traffic signal,02 - Intersection related,01 - Daylight,03 - P.D. only,03 - Rear end,Beacon Hill South - Cardinal Heights
10564,MONTREAL RD @ SINCLAIR ST,375969.2785,5034756.049,-75.59015,45.44911,2017-10-05,5:10:00 PM,01 - Clear,01 - Dry,01 - Traffic signal,02 - Intersection related,01 - Daylight,03 - P.D. only,03 - Rear end,Beacon Hill South - Cardinal Heights
10565,MONTREAL RD @ SINCLAIR ST,375969.3088,5034756.587,-75.59015,45.44912,2017-12-21,9:30:00 PM,01 - Clear,01 - Dry,01 - Traffic signal,03 - At intersection,07 - Dark,02 - Non-fatal injury,07 - SMV other,Beacon Hill South - Cardinal Heights
10566,MONTREAL RD @ ST. LAURENT BLVD,371546.7062,5033818.264,-75.64681,45.44111,2017-04-28,12:03:00 PM,01 - Clear,01 - Dry,01 - Traffic signal,02 - Intersection related,01 - Daylight,03 - P.D. only,07 - SMV other,Cummings
10567,MONTREAL RD @ ST. LAURENT BLVD,371546.7062,5033816.926,-75.64681,45.4411,2017-05-26,8:34:00 PM,01 - Clear,01 - Dry,01 - Traffic signal,03 - At intersection,05 - Dusk,02 - Non-fatal injury,05 - Turning movement,Cummings
10568,MONTREAL RD @ ST. LAURENT BLVD,371545.3685,5033819.601,-75.64682,45.44112,2017-05-21,5:20:00 PM,02 - Rain,02 - Wet,01 - Traffic signal,03 - At intersection,01 - Daylight,02 - Non-fatal injury,07 - SMV other,Cummings
10569,MONTREAL RD @ ST. LAURENT BLVD,371545.3685,5033818.264,-75.64682,45.44111,2017-06-16,10:54:00 AM,01 - Clear,01 - Dry,01 - Traffic signal,03 - At intersection,01 - Daylight,03 - P.D. only,05 - Turning movement,Cummings
10570,MONTREAL RD @ ST. LAURENT BLVD,371547.3751,5033817.595,-75.6468,45.4411,2017-07-04,5:48:00 PM,01 - Clear,01 - Dry,01 - Traffic signal,02 - Intersection related,01 - Daylight,03 - P.D. only,03 - Rear end,Cummings
10571,MONTREAL RD @ ST. LAURENT BLVD,371544.427,5033817.276,-75.64684,45.4411,2017-07-11,12:45:00 PM,01 - Clear,01 - Dry,01 - Traffic signal,02 - Intersection related,01 - Daylight,03 - P.D. only,05 - Turning movement,Cummings
10572,MONTREAL RD @ ST. LAURENT BLVD,371545.7029,5033816.947,-75.64682,45.4411,2017-08-22,10:13:00 AM,02 - Rain,02 - Wet,01 - Traffic signal,02 - Intersection related,01 - Daylight,03 - P.D. only,04 - Sideswipe,Cummings
10573,MONTREAL RD @ ST. LAURENT BLVD,371545.256,5033817.818,-75.64683,45.44111,2017-08-19,9:40:00 PM,01 - Clear,01 - Dry,01 - Traffic signal,02 - Intersection related,07 - Dark,03 - P.D. only,04 - Sideswipe,Cummings
10574,MONTREAL RD @ ST. LAURENT BLVD,371545.0619,5033816.954,-75.64683,45.4411,2017-07-18,8:19:00 AM,01 - Clear,01 - Dry,01 - Traffic signal,03 - At intersection,01 - Daylight,03 - P.D. only,05 - Turning movement,Cummings
10575,MONTREAL RD @ ST. LAURENT BLVD,371544.4852,5033819.117,-75.64683,45.44112,2017-08-10,2:30:00 PM,01 - Clear,01 - Dry,01 - Traffic signal,02 - Intersection related,01 - Daylight,03 - P.D. only,03 - Rear end,Cummings
10576,MONTREAL RD @ ST. LAURENT BLVD,371544.2828,5033818.305,-75.64684,45.44111,2017-07-09,4:20:00 PM,01 - Clear,01 - Dry,01 - Traffic signal,02 - Intersection related,01 - Daylight,03 - P.D. only,01 - Approaching,Cummings
10577,MONTREAL RD @ ST. LAURENT BLVD,371547.626,5033816.954,-75.6468,45.4411,2017-08-17,11:20:00 AM,01 - Clear,01 - Dry,01 - Traffic signal,02 - Intersection related,01 - Daylight,03 - P.D. only,02 - Angle,Cummings
10578,MONTREAL RD @ ST. LAURENT BLVD,371545.6964,5033817.601,-75.64682,45.4411,2017-06-27,10:18:00 PM,01 - Clear,01 - Dry,01 - Traffic signal,02 - Intersection related,07 - Dark,03 - P.D. only,03 - Rear end,Cummings
10579,MONTREAL RD @ ST. LAURENT BLVD,371545.7031,5033817.595,-75.64682,45.4411,2017-08-23,10:06:00 AM,01 - Clear,01 - Dry,01 - Traffic signal,02 - Intersection related,01 - Daylight,02 - Non-fatal injury,03 - Rear end,Cummings
10580,MONTREAL RD @ ST. LAURENT BLVD,371544.7471,5033817.356,-75.64683,45.4411,2017-09-19,5:10:00 PM,01 - Clear,01 - Dry,01 - Traffic signal,02 - Intersection related,01 - Daylight,03 - P.D. only,04 - Sideswipe,Cummings
10581,MONTREAL RD @ ST. LAURENT BLVD,371546.1808,5033817.834,-75.64681,45.44111,2017-09-05,4:24:00 PM,01 - Clear,01 - Dry,01 - Traffic signal,03 - At intersection,01 - Daylight,03 - P.D. only,05 - Turning movement,Cummings
10582,MONTREAL RD @ ST. LAURENT BLVD,371546.5968,5033816.477,-75.64681,45.44109,2017-09-05,11:16:00 AM,01 - Clear,01 - Dry,01 - Traffic signal,02 - Intersection related,01 - Daylight,03 - P.D. only,04 - Sideswipe,Cummings
10583,MONTREAL RD @ ST. LAURENT BLVD,371545.2295,5033817.358,-75.64683,45.4411,2017-10-29,1:31:00 AM,02 - Rain,02 - Wet,01 - Traffic signal,03 - At intersection,07 - Dark,03 - P.D. only,05 - Turning movement,Cummings
10584,MONTREAL RD @ ST. LAURENT BLVD,371546.6497,5033817.831,-75.64681,45.44111,2017-09-05,4:13:00 PM,01 - Clear,01 - Dry,01 - Traffic signal,02 - Intersection related,01 - Daylight,03 - P.D. only,03 - Rear end,Cummings
10585,MONTREAL RD @ ST. LAURENT BLVD,371547.3751,5033816.926,-75.6468,45.4411,2017-12-01,2:32:00 PM,01 - Clear,01 - Dry,01 - Traffic signal,03 - At intersection,01 - Daylight,03 - P.D. only,05 - Turning movement,Cummings
10586,MONTREAL RD @ ST. LAURENT BLVD,371544.7471,5033818.312,-75.64683,45.44111,2017-12-11,9:22:00 AM,01 - Clear,06 - Ice,01 - Traffic signal,02 - Intersection related,01 - Daylight,03 - P.D. only,03 - Rear end,Cummings
10587,MONTREAL RD @ ST. LAURENT BLVD,371547.3751,5033816.926,-75.6468,45.4411,2017-12-01,10:29:00 PM,01 - Clear,01 - Dry,01 - Traffic signal,02 - Intersection related,07 - Dark,03 - P.D. only,05 - Turning movement,Cummings
10588,MONTREAL RD @ ST. LAURENT BLVD,371544.6996,5033818.264,-75.64683,45.44111,2017-03-13,10:27:00 AM,01 - Clear,01 - Dry,01 - Traffic signal,02 - Intersection related,01 - Daylight,03 - P.D. only,04 - Sideswipe,Cummings
10589,MONTREAL RD @ ST. LAURENT BLVD,371546.0374,5033818.264,-75.64682,45.44111,2017-02-20,1:50:00 PM,01 - Clear,01 - Dry,01 - Traffic signal,02 - Intersection related,01 - Daylight,03 - P.D. only,04 - Sideswipe,Cummings
10590,MONTREAL RD @ ST. LAURENT BLVD,371545.7029,5033816.878,-75.64682,45.4411,2017-12-23,4:30:00 PM,03 - Snow,06 - Ice,01 - Traffic signal,02 - Intersection related,05 - Dusk,03 - P.D. only,03 - Rear end,Cummings
10591,MONTREAL RD @ ST. LAURENT BLVD,371546.2105,5033817.492,-75.64681,45.4411,2017-12-15,7:35:00 PM,03 - Snow,03 - Loose snow,01 - Traffic signal,03 - At intersection,07 - Dark,03 - P.D. only,05 - Turning movement,Cummings
10592,MONTREAL RD @ STE. ANNE ST,370707.182,5033416.359,-75.65759,45.43757,2017-10-23,4:09:00 PM,01 - Clear,01 - Dry,02 - Stop sign,03 - At intersection,01 - Daylight,03 - P.D. only,05 - Turning movement,Vanier South
10593,MONTREAL RD @ STE. ANNE ST,370708.4253,5033418.313,-75.65757,45.43759,2017-01-06,6:14:00 PM,03 - Snow,03 - Loose snow,02 - Stop sign,03 - At intersection,07 - Dark,03 - P.D. only,02 - Angle,Vanier South
10594,MONTREAL RD @ STE. ANNE ST,370707.0431,5033416.596,-75.65759,45.43757,2017-02-09,10:18:00 AM,01 - Clear,02 - Wet,02 - Stop sign,03 - At intersection,01 - Daylight,03 - P.D. only,02 - Angle,Vanier South
10595,MONTREAL RD @ STE. ANNE ST,370707.4591,5033417.722,-75.65759,45.43759,2017-01-08,2:41:00 PM,01 - Clear,05 - Packed snow,02 - Stop sign,02 - Intersection related,01 - Daylight,02 - Non-fatal injury,03 - Rear end,Vanier South
10596,MONTREAL RD @ STE. ANNE ST,370707.9187,5033416.779,-75.65758,45.43758,2017-12-23,10:30:00 AM,03 - Snow,04 - Slush,02 - Stop sign,03 - At intersection,01 - Daylight,03 - P.D. only,05 - Turning movement,Vanier South
10597,MONTREAL RD @ VANIER PKWY,370073.0443,5033065.592,-75.66574,45.43448,2017-06-14,6:12:00 PM,01 - Clear,01 - Dry,01 - Traffic signal,03 - At intersection,01 - Daylight,02 - Non-fatal injury,02 - Angle,Vanier
10598,MONTREAL RD @ VANIER PKWY,370072.3754,5033064.923,-75.66575,45.43447,2017-05-15,10:04:00 AM,01 - Clear,01 - Dry,01 - Traffic signal,02 - Intersection related,01 - Daylight,03 - P.D. only,05 - Turning movement,Vanier
10599,MONTREAL RD @ VANIER PKWY,370074.382,5033064.254,-75.66572,45.43446,2017-05-15,10:30:00 AM,01 - Clear,01 - Dry,01 - Traffic signal,02 - Intersection related,01 - Daylight,03 - P.D. only,03 - Rear end,Vanier
10600,MONTREAL RD @ VANIER PKWY,370071.2227,5033066.105,-75.66576,45.43448,2017-05-30,9:13:00 AM,01 - Clear,01 - Dry,01 - Traffic signal,02 - Intersection related,01 - Daylight,03 - P.D. only,03 - Rear end,Vanier
10601,MONTREAL RD @ VANIER PKWY,370074.382,5033066.261,-75.66572,45.43448,2017-05-30,8:26:00 AM,01 - Clear,01 - Dry,01 - Traffic signal,02 - Intersection related,01 - Daylight,03 - P.D. only,04 - Sideswipe,Vanier
10602,MONTREAL RD @ VANIER PKWY,370073.7131,5033064.923,-75.66573,45.43447,2017-06-16,9:30:00 PM,01 - Clear,01 - Dry,01 - Traffic signal,02 - Intersection related,07 - Dark,03 - P.D. only,03 - Rear end,Vanier
10603,MONTREAL RD @ VANIER PKWY,370072.3754,5033066.93,-75.66575,45.43449,2017-05-25,8:05:00 AM,01 - Clear,01 - Dry,01 - Traffic signal,02 - Intersection related,01 - Daylight,03 - P.D. only,04 - Sideswipe,Vanier
10604,MONTREAL RD @ VANIER PKWY,370073.0443,5033065.592,-75.66574,45.43448,2017-05-02,8:16:00 AM,01 - Clear,01 - Dry,01 - Traffic signal,02 - Intersection related,01 - Daylight,03 - P.D. only,03 - Rear end,Vanier
10605,MONTREAL RD @ VANIER PKWY,370073.0443,5033064.923,-75.66574,45.43447,2017-05-02,3:38:00 PM,02 - Rain,02 - Wet,01 - Traffic signal,03 - At intersection,01 - Daylight,03 - P.D. only,03 - Rear end,Vanier
10606,MONTREAL RD @ VANIER PKWY,370073.3508,5033064.31,-75.66574,45.43446,2017-08-19,4:35:00 PM,01 - Clear,01 - Dry,01 - Traffic signal,02 - Intersection related,01 - Daylight,03 - P.D. only,04 - Sideswipe,Vanier
10607,MONTREAL RD @ VANIER PKWY,370072.7098,5033065.367,-75.66575,45.43447,2017-07-21,3:27:00 PM,01 - Clear,01 - Dry,01 - Traffic signal,02 - Intersection related,01 - Daylight,03 - P.D. only,03 - Rear end,Vanier
10608,MONTREAL RD @ VANIER PKWY,370072.7098,5033065.367,-75.66575,45.43447,2017-08-25,11:12:00 PM,01 - Clear,01 - Dry,01 - Traffic signal,02 - Intersection related,07 - Dark,03 - P.D. only,03 - Rear end,Vanier
10609,MONTREAL RD @ VANIER PKWY,370072.2364,5033064.882,-75.66575,45.43447,2017-10-16,6:21:00 AM,01 - Clear,01 - Dry,01 - Traffic signal,02 - Intersection related,03 - Dawn,03 - P.D. only,04 - Sideswipe,Vanier
10610,MONTREAL RD @ VANIER PKWY,370072.71,5033065.595,-75.66575,45.43448,2017-09-26,10:51:00 AM,01 - Clear,01 - Dry,01 - Traffic signal,02 - Intersection related,01 - Daylight,03 - P.D. only,03 - Rear end,Vanier
10611,MONTREAL RD @ VANIER PKWY,370072.2364,5033065.355,-75.66575,45.43447,2017-11-11,9:07:00 PM,01 - Clear,01 - Dry,01 - Traffic signal,02 - Intersection related,07 - Dark,03 - P.D. only,03 - Rear end,Vanier
10612,MONTREAL RD @ VANIER PKWY,370072.4731,5033064.882,-75.66575,45.43447,2017-11-28,4:48:00 PM,01 - Clear,01 - Dry,01 - Traffic signal,03 - At intersection,05 - Dusk,03 - P.D. only,05 - Turning movement,Vanier
10613,MONTREAL RD @ VANIER PKWY,370072.2364,5033065.355,-75.66575,45.43447,2017-11-17,5:48:00 AM,03 - Snow,03 - Loose snow,01 - Traffic signal,03 - At intersection,07 - Dark,02 - Non-fatal injury,07 - SMV other,Vanier
10614,MONTREAL RD @ VANIER PKWY,370071.7011,5033064.92,-75.66576,45.43447,2017-11-07,1:10:00 PM,01 - Clear,01 - Dry,01 - Traffic signal,02 - Intersection related,01 - Daylight,03 - P.D. only,03 - Rear end,Vanier
10615,MONTREAL RD @ VANIER PKWY,370072.7098,5033065.353,-75.66575,45.43447,2017-11-01,7:26:00 PM,02 - Rain,02 - Wet,01 - Traffic signal,03 - At intersection,07 - Dark,02 - Non-fatal injury,05 - Turning movement,Vanier
10616,MONTREAL RD @ VANIER PKWY,370072.7098,5033065.217,-75.66575,45.43447,2017-02-10,8:15:00 PM,03 - Snow,02 - Wet,01 - Traffic signal,02 - Intersection related,07 - Dark,03 - P.D. only,04 - Sideswipe,Vanier
10617,MONTREAL RD @ VANIER PKWY,370072.3754,5033064.923,-75.66575,45.43447,2017-02-21,4:41:00 PM,02 - Rain,02 - Wet,01 - Traffic signal,02 - Intersection related,01 - Daylight,03 - P.D. only,04 - Sideswipe,Vanier
10618,MONTREAL RD @ VANIER PKWY,370073.4603,5033065.967,-75.66574,45.43448,2017-03-24,11:30:00 PM,01 - Clear,03 - Loose snow,01 - Traffic signal,02 - Intersection related,07 - Dark,03 - P.D. only,03 - Rear end,Vanier
10619,MONTREAL RD @ VANIER PKWY,370073.1832,5033065.119,-75.66574,45.43447,2017-12-20,10:46:00 PM,03 - Snow,03 - Loose snow,01 - Traffic signal,02 - Intersection related,07 - Dark,03 - P.D. only,03 - Rear end,Vanier
10620,MONTREAL RD btwn AVIATION PKWY & DEN HAAG DR (1),372183.2663,5034125.409,-75.63863,45.44381,2017-06-23,8:45:00 AM,02 - Rain,02 - Wet,10 - No control,01 - Non intersection,01 - Daylight,03 - P.D. only,04 - Sideswipe,Carson Grove - Carson Meadows
10621,MONTREAL RD btwn AVIATION PKWY & DEN HAAG DR (1),372204.1009,5034137.317,-75.63836,45.44392,2017-09-05,4:26:00 PM,01 - Clear,01 - Dry,10 - No control,01 - Non intersection,01 - Daylight,03 - P.D. only,04 - Sideswipe,Carson Grove - Carson Meadows
10622,MONTREAL RD btwn BETHAMY LANE & OGILVIE RD,375500.1165,5034459.256,-75.59619,45.44649,2017-05-27,6:18:00 PM,01 - Clear,01 - Dry,10 - No control,04 - At/near private drive,01 - Daylight,02 - Non-fatal injury,02 - Angle,Beacon Hill South - Cardinal Heights
10623,MONTREAL RD btwn BETHAMY LANE & OGILVIE RD,375529.3169,5034477.656,-75.59581,45.44665,2017-05-18,9:45:00 AM,01 - Clear,01 - Dry,10 - No control,04 - At/near private drive,01 - Daylight,03 - P.D. only,02 - Angle,Beacon Hill South - Cardinal Heights
10624,MONTREAL RD btwn BETHAMY LANE & OGILVIE RD,375635.3267,5034544.515,-75.59445,45.44724,2017-08-30,8:21:00 PM,01 - Clear,01 - Dry,10 - No control,01 - Non intersection,07 - Dark,02 - Non-fatal injury,07 - SMV other,Beacon Hill South - Cardinal Heights
10625,MONTREAL RD btwn BETHAMY LANE & OGILVIE RD,375626.0612,5034539.143,-75.59456,45.44719,2017-09-17,12:07:00 PM,01 - Clear,01 - Dry,10 - No control,04 - At/near private drive,01 - Daylight,03 - P.D. only,04 - Sideswipe,Beacon Hill South - Cardinal Heights
10626,MONTREAL RD btwn BETHAMY LANE & OGILVIE RD,375516.2908,5034467.071,-75.59598,45.44656,2017-09-21,11:28:00 AM,01 - Clear,01 - Dry,10 - No control,04 - At/near private drive,01 - Daylight,02 - Non-fatal injury,05 - Turning movement,Beacon Hill South - Cardinal Heights
10627,MONTREAL RD btwn BETHAMY LANE & OGILVIE RD,375594.5745,5034520.021,-75.59497,45.44703,2017-02-12,12:35:00 PM,03 - Snow,03 - Loose snow,10 - No control,04 - At/near private drive,01 - Daylight,03 - P.D. only,02 - Angle,Beacon Hill North
10628,MONTREAL RD btwn BLAIR RD & CLOVELLY RD,374068.7768,5034433.591,-75.61449,45.4464,2017-08-31,6:35:00 PM,01 - Clear,01 - Dry,10 - No control,04 - At/near private drive,01 - Daylight,03 - P.D. only,03 - Rear end,Beacon Hill South - Cardinal Heights