Record,Location,X,Y,Longitude,Latitude,Date,Time,Environment,Road_Surface,Traffic_Control,Collision_Location,Light,Collision_Classification,Impact_type,Neighborhood
10629,MONTREAL RD btwn BORTHWICK AVE & CUMMINGS AVE,371962.7373,5034019.521,-75.64146,45.44288,2017-10-17,5:35:00 PM,01 - Clear,01 - Dry,10 - No control,01 - Non intersection,01 - Daylight,03 - P.D. only,04 - Sideswipe,Cummings
10630,MONTREAL RD btwn BRITTANY DR & BORTHWICK AVE,371927.2694,5034002.093,-75.64192,45.44273,2017-04-18,6:30:00 PM,01 - Clear,01 - Dry,10 - No control,04 - At/near private drive,01 - Daylight,03 - P.D. only,02 - Angle,Cummings
10631,MONTREAL RD btwn CENTER ST & BRITTANY DR,371824.9868,5033952.681,-75.64323,45.44229,2017-09-19,6:00:00 PM,01 - Clear,01 - Dry,10 - No control,04 - At/near private drive,01 - Daylight,03 - P.D. only,03 - Rear end,Cummings
10632,MONTREAL RD btwn CENTER ST & BRITTANY DR,371830.2332,5033956.083,-75.64316,45.44232,2017-01-31,5:49:00 PM,01 - Clear,01 - Dry,10 - No control,04 - At/near private drive,07 - Dark,02 - Non-fatal injury,07 - SMV other,Cummings
10633,MONTREAL RD btwn CODY AVE & OLMSTEAD ST,370287.5261,5033188.007,-75.66298,45.43556,2017-10-04,8:20:00 PM,01 - Clear,01 - Dry,10 - No control,01 - Non intersection,07 - Dark,02 - Non-fatal injury,03 - Rear end,Vanier South
10634,MONTREAL RD btwn CODY AVE & OLMSTEAD ST,370256.2865,5033170.465,-75.66339,45.4354,2017-01-08,4:57:00 PM,01 - Clear,01 - Dry,10 - No control,01 - Non intersection,05 - Dusk,03 - P.D. only,04 - Sideswipe,Vanier
10635,MONTREAL RD btwn CODY AVE & OLMSTEAD ST,370277.0634,5033180.682,-75.66312,45.43549,2017-03-20,6:41:00 PM,01 - Clear,01 - Dry,10 - No control,04 - At/near private drive,05 - Dusk,03 - P.D. only,04 - Sideswipe,Vanier South
10636,MONTREAL RD btwn Continuation of MONTREAL RD & MARIER AVE,370409.9671,5033256.416,-75.66141,45.43616,2017-08-07,7:39:00 PM,01 - Clear,01 - Dry,10 - No control,01 - Non intersection,05 - Dusk,03 - P.D. only,04 - Sideswipe,Vanier South
10637,MONTREAL RD btwn CYR AVE & HANNAH ST,370238.931,5033159.369,-75.66361,45.4353,2017-06-01,10:24:00 PM,01 - Clear,01 - Dry,10 - No control,01 - Non intersection,07 - Dark,03 - P.D. only,04 - Sideswipe,Vanier South
10638,MONTREAL RD btwn DEN HAAG DR & CODD'S RD,372673.7053,5034358.198,-75.63233,45.44586,2017-09-21,12:24:00 PM,01 - Clear,01 - Dry,10 - No control,04 - At/near private drive,01 - Daylight,03 - P.D. only,02 - Angle,Carson Grove - Carson Meadows
10639,MONTREAL RD btwn DEN HAAG DR & CODD'S RD,372407.1193,5034230.279,-75.63575,45.44473,2017-04-09,1:37:00 AM,01 - Clear,01 - Dry,10 - No control,01 - Non intersection,07 - Dark,03 - P.D. only,07 - SMV other,Carson Grove - Carson Meadows
10640,MONTREAL RD btwn DUROCHER ST & SAVARD AVE,370153.0965,5033109.612,-75.66471,45.43486,2017-10-29,2:22:00 AM,02 - Rain,02 - Wet,10 - No control,01 - Non intersection,07 - Dark,02 - Non-fatal injury,07 - SMV other,Vanier
10641,"MONTREAL RD btwn EGLISE, RUE DE L & ST. LAURENT BLVD",371363.8508,5033728.148,-75.64916,45.44032,2017-06-19,1:30:00 PM,01 - Clear,01 - Dry,10 - No control,04 - At/near private drive,01 - Daylight,03 - P.D. only,03 - Rear end,Vanier South
10642,"MONTREAL RD btwn EGLISE, RUE DE L & ST. LAURENT BLVD",371248.4206,5033677.849,-75.65064,45.43987,2017-09-15,8:56:00 AM,01 - Clear,01 - Dry,10 - No control,01 - Non intersection,01 - Daylight,03 - P.D. only,04 - Sideswipe,Vanier South
10643,"MONTREAL RD btwn EGLISE, RUE DE L & ST. LAURENT BLVD",371339.3156,5033721.881,-75.64947,45.44026,2017-11-30,8:30:00 AM,01 - Clear,01 - Dry,10 - No control,01 - Non intersection,01 - Daylight,03 - P.D. only,07 - SMV other,Vanier South
10644,"MONTREAL RD btwn EGLISE, RUE DE L & ST. LAURENT BLVD",371441.8475,5033768.452,-75.64815,45.44067,2017-02-15,4:57:00 PM,03 - Snow,04 - Slush,10 - No control,04 - At/near private drive,05 - Dusk,02 - Non-fatal injury,02 - Angle,Vanier South
10645,"MONTREAL RD btwn EGLISE, RUE DE L & ST. LAURENT BLVD",371539.3307,5033814.014,-75.6469,45.44107,2017-01-16,3:57:00 PM,01 - Clear,01 - Dry,10 - No control,04 - At/near private drive,01 - Daylight,03 - P.D. only,04 - Sideswipe,Vanier South
10646,MONTREAL RD btwn ELWOOD ST & BECKENHAM LANE,374478.3855,5034386.979,-75.60926,45.44594,2017-11-26,7:31:00 PM,03 - Snow,03 - Loose snow,10 - No control,01 - Non intersection,07 - Dark,03 - P.D. only,03 - Rear end,Beacon Hill South - Cardinal Heights
10647,MONTREAL RD btwn ELWOOD ST & BECKENHAM LANE,374455.1447,5034388.934,-75.60955,45.44596,2017-02-15,5:20:00 PM,03 - Snow,03 - Loose snow,10 - No control,01 - Non intersection,07 - Dark,02 - Non-fatal injury,07 - SMV other,Beacon Hill South - Cardinal Heights
10648,MONTREAL RD btwn GATESTONE PRIV & SINCLAIR ST,375959.9494,5034751.545,-75.59027,45.44907,2017-12-18,1:36:00 AM,01 - Clear,01 - Dry,10 - No control,01 - Non intersection,07 - Dark,02 - Non-fatal injury,07 - SMV other,Beacon Hill South - Cardinal Heights
10649,MONTREAL RD btwn GRANVILLE ST & ALFRED ST,370834.5638,5033476.927,-75.65595,45.43811,2017-12-14,9:13:00 PM,01 - Clear,01 - Dry,10 - No control,01 - Non intersection,07 - Dark,03 - P.D. only,01 - Approaching,Vanier South
10650,MONTREAL RD btwn HILLSIDE DR & MONTREAL SQUARE SC,371729.7349,5033905.434,-75.64446,45.44188,2017-06-30,11:43:00 AM,01 - Clear,01 - Dry,10 - No control,01 - Non intersection,01 - Daylight,02 - Non-fatal injury,05 - Turning movement,Cummings
10651,MONTREAL RD btwn HILLSIDE DR & MONTREAL SQUARE SC,371727.1132,5033906.056,-75.64449,45.44188,2017-08-11,6:46:00 PM,01 - Clear,01 - Dry,10 - No control,01 - Non intersection,01 - Daylight,03 - P.D. only,04 - Sideswipe,Cummings
10652,MONTREAL RD btwn LACASSE AVE & STE. ANNE ST,370697.698,5033411.613,-75.65771,45.43753,2017-08-14,8:42:00 PM,01 - Clear,01 - Dry,10 - No control,01 - Non intersection,05 - Dusk,02 - Non-fatal injury,07 - SMV other,Vanier South
10653,MONTREAL RD btwn LAJOIE ST & L'ALLEMAND ST,370553.7155,5033337.923,-75.65956,45.43688,2017-02-02,1:52:00 PM,01 - Clear,01 - Dry,10 - No control,01 - Non intersection,01 - Daylight,03 - P.D. only,04 - Sideswipe,Vanier North
10654,MONTREAL RD btwn L'ALLEMAND ST & ALTHA AVE,370598.7692,5033362.907,-75.65898,45.4371,2017-05-19,6:09:00 PM,01 - Clear,01 - Dry,10 - No control,01 - Non intersection,01 - Daylight,03 - P.D. only,06 - SMV unattended vehicle,Vanier South
10655,MONTREAL RD btwn L'ALLEMAND ST & ALTHA AVE,370607.9973,5033367.234,-75.65886,45.43714,2017-04-04,6:53:00 AM,02 - Rain,02 - Wet,10 - No control,01 - Non intersection,03 - Dawn,02 - Non-fatal injury,07 - SMV other,Vanier South
10656,MONTREAL RD btwn MISS OTTAWA ST & GATESTONE PRIV,375826.0631,5034669.58,-75.59199,45.44835,2017-03-23,4:05:00 PM,01 - Clear,01 - Dry,10 - No control,01 - Non intersection,01 - Daylight,03 - P.D. only,03 - Rear end,Beacon Hill North
10657,MONTREAL RD btwn MONA AVE & LAFONTAINE AVE,370814.7293,5033469.132,-75.65621,45.43804,2017-10-20,8:18:00 PM,01 - Clear,01 - Dry,10 - No control,01 - Non intersection,07 - Dark,03 - P.D. only,07 - SMV other,Vanier South
10658,MONTREAL RD btwn MONTGOMERY ST & PALACE ST,369908.9646,5032973.478,-75.66785,45.43366,2017-05-30,4:07:00 PM,01 - Clear,01 - Dry,10 - No control,04 - At/near private drive,01 - Daylight,03 - P.D. only,05 - Turning movement,Vanier South
10659,MONTREAL RD btwn MONTGOMERY ST & PALACE ST,369900.5979,5032965.943,-75.66796,45.4336,2017-09-15,5:30:00 PM,01 - Clear,01 - Dry,10 - No control,01 - Non intersection,01 - Daylight,03 - P.D. only,07 - SMV other,Vanier South
10660,MONTREAL RD btwn MONTGOMERY ST & PALACE ST,369929.758,5032983.136,-75.66758,45.43375,2017-11-08,3:38:00 PM,01 - Clear,01 - Dry,10 - No control,01 - Non intersection,01 - Daylight,02 - Non-fatal injury,07 - SMV other,Vanier South
10661,MONTREAL RD btwn MONTREAL SQUARE SC & CENTER ST,371793.28,5033938.879,-75.64364,45.44217,2017-11-16,12:22:00 PM,02 - Rain,02 - Wet,10 - No control,01 - Non intersection,01 - Daylight,03 - P.D. only,04 - Sideswipe,Cummings
10662,MONTREAL RD btwn MONTREAL SQUARE SC & CENTER ST,371794.6178,5033938.879,-75.64362,45.44217,2017-03-29,11:27:00 AM,01 - Clear,01 - Dry,10 - No control,01 - Non intersection,01 - Daylight,03 - P.D. only,04 - Sideswipe,Cummings
10663,MONTREAL RD btwn OGILVIE RD & LAPORTE ST,375673.7986,5034568.626,-75.59395,45.44745,2017-05-04,5:36:00 PM,01 - Clear,01 - Dry,10 - No control,04 - At/near private drive,01 - Daylight,03 - P.D. only,02 - Angle,Beacon Hill South - Cardinal Heights
10664,MONTREAL RD btwn OGILVIE RD & LAPORTE ST,375683.832,5034573.977,-75.59382,45.4475,2017-03-27,11:51:00 AM,02 - Rain,02 - Wet,10 - No control,04 - At/near private drive,01 - Daylight,03 - P.D. only,05 - Turning movement,Beacon Hill South - Cardinal Heights
10665,MONTREAL RD btwn OR174 IC109 RAMP66 & OR174 IC109 RAMP65,376310.731,5034941.104,-75.58575,45.45074,2017-05-30,4:38:00 PM,01 - Clear,01 - Dry,10 - No control,01 - Non intersection,01 - Daylight,02 - Non-fatal injury,03 - Rear end,Beacon Hill South - Cardinal Heights
10666,MONTREAL RD btwn OR174 IC109 RAMP66 & OR174 IC109 RAMP65,376390.3631,5034977.05,-75.58473,45.45106,2017-02-15,8:30:00 AM,03 - Snow,03 - Loose snow,10 - No control,01 - Non intersection,01 - Daylight,03 - P.D. only,04 - Sideswipe,Beacon Hill South - Cardinal Heights
10667,MONTREAL RD btwn OR174 IC109 RAMP66 & OR174 IC109 RAMP65,376340.3866,5034954.364,-75.58537,45.45086,2017-12-18,1:05:00 PM,03 - Snow,03 - Loose snow,10 - No control,04 - At/near private drive,01 - Daylight,03 - P.D. only,05 - Turning movement,Beacon Hill South - Cardinal Heights
10668,MONTREAL RD btwn PALACE ST & VANIER PKWY,369987.9868,5033015.897,-75.66684,45.43404,2017-07-31,4:06:00 PM,01 - Clear,01 - Dry,10 - No control,04 - At/near private drive,01 - Daylight,03 - P.D. only,02 - Angle,Vanier South
10669,MONTREAL RD btwn PALACE ST & VANIER PKWY,369985.1358,5033016.835,-75.66687,45.43405,2017-09-24,10:30:00 AM,01 - Clear,01 - Dry,10 - No control,01 - Non intersection,01 - Daylight,02 - Non-fatal injury,07 - SMV other,Vanier South
10670,MONTREAL RD btwn PALACE ST & VANIER PKWY,369983.1712,5033015.864,-75.6669,45.43404,2017-09-05,10:53:00 AM,01 - Clear,01 - Dry,10 - No control,01 - Non intersection,01 - Daylight,03 - P.D. only,03 - Rear end,Vanier South
10671,MONTREAL RD btwn PALACE ST & VANIER PKWY,370045.3476,5033049.386,-75.6661,45.43433,2017-11-19,9:19:00 PM,03 - Snow,03 - Loose snow,10 - No control,01 - Non intersection,07 - Dark,02 - Non-fatal injury,07 - SMV other,Vanier South
10672,MONTREAL RD btwn PALACE ST & VANIER PKWY,370010.8369,5033032.147,-75.66654,45.43418,2017-04-07,5:22:00 PM,01 - Clear,01 - Dry,10 - No control,01 - Non intersection,01 - Daylight,03 - P.D. only,04 - Sideswipe,Vanier
10673,MONTREAL RD btwn PALACE ST & VANIER PKWY,369996.8967,5033021.698,-75.66672,45.43409,2017-04-03,12:37:00 PM,01 - Clear,01 - Dry,10 - No control,01 - Non intersection,01 - Daylight,03 - P.D. only,04 - Sideswipe,Vanier South
10674,MONTREAL RD btwn SHEFFORD RD & OR174 IC109 RAMP56,376142.7719,5034861.859,-75.58791,45.45005,2017-10-06,7:12:00 PM,01 - Clear,01 - Dry,10 - No control,01 - Non intersection,07 - Dark,03 - P.D. only,03 - Rear end,Beacon Hill South - Cardinal Heights
10675,MONTREAL RD btwn SINCLAIR ST & SHEFFORD RD,376002.2817,5034779.825,-75.58972,45.44932,2017-10-06,3:37:00 PM,01 - Clear,01 - Dry,10 - No control,04 - At/near private drive,01 - Daylight,03 - P.D. only,02 - Angle,Beacon Hill North
10676,MONTREAL RD btwn SINCLAIR ST & SHEFFORD RD,376043.6738,5034805.228,-75.58919,45.44955,2017-12-08,7:45:00 AM,01 - Clear,01 - Dry,10 - No control,01 - Non intersection,03 - Dawn,03 - P.D. only,03 - Rear end,Beacon Hill North
10677,MONTREAL RD btwn ST. LAURENT BLVD & HILLSIDE DR,371604.2313,5033848.364,-75.64607,45.44137,2017-06-11,8:59:00 PM,01 - Clear,01 - Dry,10 - No control,04 - At/near private drive,05 - Dusk,03 - P.D. only,03 - Rear end,Cummings
10678,MONTREAL RD btwn ST. LAURENT BLVD & HILLSIDE DR,371682.6575,5033883.601,-75.64506,45.44168,2017-06-08,6:33:00 PM,01 - Clear,01 - Dry,10 - No control,04 - At/near private drive,01 - Daylight,03 - P.D. only,02 - Angle,Cummings
10679,MONTREAL RD btwn ST. LAURENT BLVD & HILLSIDE DR,371614.9337,5033852.377,-75.64593,45.44141,2017-07-06,4:10:00 PM,01 - Clear,01 - Dry,10 - No control,04 - At/near private drive,01 - Daylight,03 - P.D. only,02 - Angle,Cummings
10680,MONTREAL RD btwn ST. LAURENT BLVD & HILLSIDE DR,371659.5458,5033873.376,-75.64536,45.44159,2017-09-21,1:47:00 PM,01 - Clear,01 - Dry,10 - No control,04 - At/near private drive,01 - Daylight,02 - Non-fatal injury,02 - Angle,Cummings
10681,MONTREAL RD btwn ST. LAURENT BLVD & HILLSIDE DR,371695.5094,5033889.021,-75.6449,45.44173,2017-10-17,7:05:00 PM,01 - Clear,01 - Dry,10 - No control,01 - Non intersection,05 - Dusk,03 - P.D. only,02 - Angle,Cummings
10682,MONTREAL RD btwn ST. LAURENT BLVD & HILLSIDE DR,371582.9789,5033837.427,-75.64634,45.44128,2017-09-05,4:44:00 PM,01 - Clear,01 - Dry,10 - No control,04 - At/near private drive,01 - Daylight,03 - P.D. only,05 - Turning movement,Cummings
10683,MONTREAL RD btwn ST. LAURENT BLVD & HILLSIDE DR,371626.5772,5033857.485,-75.64578,45.44145,2017-01-26,2:16:00 PM,01 - Clear,02 - Wet,10 - No control,04 - At/near private drive,01 - Daylight,02 - Non-fatal injury,02 - Angle,Cummings
10684,MONTREAL RD btwn ST. LAURENT BLVD & HILLSIDE DR,371683.1611,5033882.478,-75.64505,45.44167,2017-03-07,3:45:00 PM,04 - Freezing Rain,06 - Ice,10 - No control,01 - Non intersection,01 - Daylight,03 - P.D. only,04 - Sideswipe,Cummings
10685,MONTREAL RD btwn ST. LAURENT BLVD & HILLSIDE DR,371558.0775,5033821.608,-75.64666,45.44114,2017-03-07,3:44:00 PM,02 - Rain,02 - Wet,10 - No control,01 - Non intersection,01 - Daylight,03 - P.D. only,04 - Sideswipe,Cummings
10686,MONTREAL RD btwn ST. LAURENT BLVD & HILLSIDE DR,371599.194,5033842.683,-75.64613,45.44132,2017-12-19,4:04:00 PM,02 - Rain,04 - Slush,10 - No control,04 - At/near private drive,05 - Dusk,03 - P.D. only,05 - Turning movement,Cummings
10687,MONTREAL RD btwn ST. LAURENT BLVD & HILLSIDE DR,371555.45,5033823.791,-75.64669,45.44116,2017-01-16,3:57:00 PM,01 - Clear,01 - Dry,10 - No control,04 - At/near private drive,01 - Daylight,03 - P.D. only,04 - Sideswipe,Cummings
10688,MONTREAL RD/HANNAH ST @ CODY AVE,370255.5166,5033169.331,-75.6634,45.43539,2017-09-14,4:00:00 PM,01 - Clear,01 - Dry,01 - Traffic signal,03 - At intersection,01 - Daylight,03 - P.D. only,05 - Turning movement,Vanier
10689,MONTREAL RD/HANNAH ST @ CODY AVE,370254.5828,5033170.118,-75.66341,45.4354,2017-04-06,9:09:00 AM,01 - Clear,01 - Dry,01 - Traffic signal,02 - Intersection related,01 - Daylight,03 - P.D. only,04 - Sideswipe,Vanier
10690,MONTREAL RD/HANNAH ST @ CODY AVE,370255.5307,5033170.497,-75.6634,45.4354,2017-03-31,8:45:00 PM,03 - Snow,04 - Slush,01 - Traffic signal,02 - Intersection related,07 - Dark,03 - P.D. only,03 - Rear end,Vanier
10691,MOODIE DR @ 200 N OF ROBERTSON RD,356987.3141,5020642.154,-75.83429,45.32379,2017-03-15,5:34:00 PM,01 - Clear,01 - Dry,01 - Traffic signal,02 - Intersection related,01 - Daylight,03 - P.D. only,04 - Sideswipe,Bells Corners West
10692,MOODIE DR @ CORKSTOWN RD,356349.6554,5022760.544,-75.8422,45.3429,2017-05-24,1:55:00 PM,01 - Clear,01 - Dry,01 - Traffic signal,03 - At intersection,01 - Daylight,02 - Non-fatal injury,02 - Angle,Crystal Bay - Lakeview Park - Britannia Village
10693,MOODIE DR @ CORKSTOWN RD,356340.6455,5022766.551,-75.84232,45.34295,2017-06-18,3:30:00 PM,01 - Clear,01 - Dry,01 - Traffic signal,02 - Intersection related,01 - Daylight,03 - P.D. only,03 - Rear end,Crystal Bay - Lakeview Park - Britannia Village
10694,MOODIE DR @ CORKSTOWN RD,356346.1865,5022760.694,-75.84225,45.3429,2017-07-28,6:41:00 AM,01 - Clear,01 - Dry,01 - Traffic signal,02 - Intersection related,01 - Daylight,03 - P.D. only,04 - Sideswipe,Crystal Bay - Lakeview Park - Britannia Village
10695,MOODIE DR @ FITZGERALD RD/STAFFORD RD,356921.311,5020810.357,-75.83512,45.32531,2017-01-20,1:15:00 PM,01 - Clear,02 - Wet,01 - Traffic signal,03 - At intersection,01 - Daylight,03 - P.D. only,03 - Rear end,Bells Corners West
10696,MOODIE DR @ HWY 417 MOODIE IC134R63,356389.0487,5022479.025,-75.84173,45.34036,2017-11-22,8:30:00 AM,02 - Rain,02 - Wet,01 - Traffic signal,03 - At intersection,01 - Daylight,02 - Non-fatal injury,05 - Turning movement,Greenbelt
10697,MOODIE DR @ RICHMOND RD N,357393.1068,5019690.285,-75.82922,45.31519,2017-01-20,9:41:00 AM,01 - Clear,02 - Wet,02 - Stop sign,02 - Intersection related,01 - Daylight,03 - P.D. only,02 - Angle,Bells Corners East
10698,MOODIE DR @ RICHMOND RD N,357393.7128,5019688.744,-75.82921,45.31518,2017-02-14,10:57:00 AM,01 - Clear,01 - Dry,02 - Stop sign,03 - At intersection,01 - Daylight,02 - Non-fatal injury,02 - Angle,Bells Corners East
10699,MOODIE DR @ RICHMOND RD S,357433.9801,5019539.807,-75.82871,45.31384,2017-06-12,11:32:00 AM,01 - Clear,01 - Dry,03 - Yield sign,02 - Intersection related,01 - Daylight,03 - P.D. only,03 - Rear end,Bells Corners West
10700,MOODIE DR @ RICHMOND RD S,357434.1921,5019540.476,-75.82871,45.31384,2017-01-23,5:34:00 PM,01 - Clear,01 - Dry,03 - Yield sign,02 - Intersection related,05 - Dusk,03 - P.D. only,03 - Rear end,Bells Corners West
10701,MOODIE DR @ ROBERTSON RD,357066.9866,5020455.478,-75.83329,45.3221,2017-06-13,2:45:00 PM,01 - Clear,01 - Dry,01 - Traffic signal,02 - Intersection related,01 - Daylight,03 - P.D. only,03 - Rear end,Bells Corners West
10702,MOODIE DR @ ROBERTSON RD,357064.5157,5020454.8,-75.83333,45.3221,2017-08-02,11:56:00 AM,01 - Clear,01 - Dry,01 - Traffic signal,02 - Intersection related,01 - Daylight,02 - Non-fatal injury,02 - Angle,Bells Corners West
10703,MOODIE DR @ ROBERTSON RD,357067.2901,5020456.435,-75.83329,45.32211,2017-07-23,5:42:00 PM,01 - Clear,01 - Dry,01 - Traffic signal,02 - Intersection related,01 - Daylight,03 - P.D. only,02 - Angle,Bells Corners West
10704,MOODIE DR @ ROBERTSON RD,357067.13,5020455.239,-75.83329,45.3221,2017-10-31,4:20:00 PM,01 - Clear,01 - Dry,01 - Traffic signal,02 - Intersection related,01 - Daylight,03 - P.D. only,03 - Rear end,Bells Corners West
10705,MOODIE DR @ ROBERTSON RD,357066.6521,5020454.295,-75.8333,45.32209,2017-11-09,5:43:00 PM,02 - Rain,02 - Wet,01 - Traffic signal,02 - Intersection related,07 - Dark,03 - P.D. only,03 - Rear end,Bells Corners West
10706,MOODIE DR @ ROBERTSON RD,357067.1616,5020455.478,-75.83329,45.3221,2017-11-11,9:31:00 AM,01 - Clear,01 - Dry,01 - Traffic signal,02 - Intersection related,01 - Daylight,02 - Non-fatal injury,03 - Rear end,Bells Corners West
10707,MOODIE DR @ ROBERTSON RD,357065.9016,5020454.352,-75.83331,45.32209,2017-01-07,1:26:00 PM,01 - Clear,01 - Dry,01 - Traffic signal,02 - Intersection related,01 - Daylight,03 - P.D. only,03 - Rear end,Bells Corners West
10708,MOODIE DR @ ROBERTSON RD,357068.3688,5020456.336,-75.83328,45.32211,2017-01-18,6:45:00 AM,04 - Freezing Rain,05 - Packed snow,01 - Traffic signal,02 - Intersection related,07 - Dark,03 - P.D. only,04 - Sideswipe,Bells Corners West
10709,MOODIE DR @ ROBERTSON RD,357066.6521,5020454.385,-75.8333,45.32209,2017-01-18,8:18:00 AM,02 - Rain,02 - Wet,01 - Traffic signal,02 - Intersection related,01 - Daylight,03 - P.D. only,04 - Sideswipe,Bells Corners West
10710,MOODIE DR @ ROBERTSON RD,357067.6554,5020456.147,-75.83329,45.32211,2017-02-13,8:40:00 AM,01 - Clear,04 - Slush,01 - Traffic signal,02 - Intersection related,01 - Daylight,02 - Non-fatal injury,03 - Rear end,Bells Corners West
10711,MOODIE DR @ ROBERTSON RD,357066.6521,5020455.478,-75.8333,45.3221,2017-01-31,9:15:00 AM,01 - Clear,06 - Ice,01 - Traffic signal,02 - Intersection related,01 - Daylight,02 - Non-fatal injury,03 - Rear end,Bells Corners West
10712,MOODIE DR @ TIMM DR,356816.6518,5021084.813,-75.83642,45.32778,2017-11-29,5:38:00 PM,01 - Clear,01 - Dry,02 - Stop sign,03 - At intersection,07 - Dark,03 - P.D. only,05 - Turning movement,Greenbelt
10713,MOODIE DR @ TIMM DR,356813.5276,5021095.097,-75.83646,45.32788,2017-02-24,8:54:00 AM,01 - Clear,01 - Dry,02 - Stop sign,02 - Intersection related,01 - Daylight,03 - P.D. only,03 - Rear end,Greenbelt
10714,MOODIE DR @ WEST HUNT CLUB RD,357908.655,5018499.125,-75.82277,45.30444,2017-06-24,7:15:00 PM,02 - Rain,02 - Wet,01 - Traffic signal,02 - Intersection related,01 - Daylight,03 - P.D. only,03 - Rear end,Greenbelt
10715,MOODIE DR @ WEST HUNT CLUB RD,357907.9862,5018498.456,-75.82278,45.30443,2017-05-26,7:45:00 AM,02 - Rain,02 - Wet,01 - Traffic signal,02 - Intersection related,01 - Daylight,03 - P.D. only,03 - Rear end,Greenbelt
10716,MOODIE DR @ WEST HUNT CLUB RD,357907.1783,5018499.166,-75.82279,45.30444,2017-09-03,5:10:00 PM,02 - Rain,02 - Wet,01 - Traffic signal,02 - Intersection related,01 - Daylight,03 - P.D. only,03 - Rear end,Greenbelt
10717,MOODIE DR @ WEST HUNT CLUB RD,357907.3173,5018499.793,-75.82279,45.30444,2017-07-24,8:25:00 AM,01 - Clear,02 - Wet,01 - Traffic signal,02 - Intersection related,01 - Daylight,03 - P.D. only,03 - Rear end,Greenbelt
10718,MOODIE DR @ WEST HUNT CLUB RD,357907.6517,5018496.952,-75.82278,45.30442,2017-07-13,8:58:00 AM,01 - Clear,01 - Dry,01 - Traffic signal,02 - Intersection related,01 - Daylight,03 - P.D. only,03 - Rear end,Greenbelt
10719,MOODIE DR @ WEST HUNT CLUB RD,357908.5985,5018497.746,-75.82277,45.30442,2017-09-22,8:10:00 AM,01 - Clear,01 - Dry,01 - Traffic signal,02 - Intersection related,01 - Daylight,02 - Non-fatal injury,03 - Rear end,Greenbelt
10720,MOODIE DR @ WEST HUNT CLUB RD,357908.655,5018497.787,-75.82277,45.30442,2017-10-29,3:31:00 PM,02 - Rain,02 - Wet,01 - Traffic signal,02 - Intersection related,01 - Daylight,03 - P.D. only,07 - SMV other,Greenbelt
10721,MOODIE DR @ WEST HUNT CLUB RD,357907.2048,5018498.232,-75.82279,45.30443,2017-09-04,10:50:00 AM,02 - Rain,02 - Wet,01 - Traffic signal,03 - At intersection,01 - Daylight,02 - Non-fatal injury,03 - Rear end,Greenbelt
10722,MOODIE DR @ WEST HUNT CLUB RD,357917.4032,5018551.295,-75.82265,45.30491,2017-02-17,7:38:00 AM,01 - Clear,01 - Dry,01 - Traffic signal,02 - Intersection related,01 - Daylight,03 - P.D. only,03 - Rear end,Greenbelt
10723,MOODIE DR btwn 325 N OF CORKSTOWN RD/NORTEL S ENTRANCE & CORKSTOWN RD,356327.7406,5022860.005,-75.84247,45.34379,2017-04-25,4:18:00 PM,02 - Rain,02 - Wet,10 - No control,01 - Non intersection,01 - Daylight,03 - P.D. only,03 - Rear end,Crystal Bay - Lakeview Park - Britannia Village
10724,MOODIE DR btwn ARNOLD DR & SONGBIRD PRIV,357605.3027,5019188.174,-75.82656,45.31066,2017-01-24,10:01:00 PM,03 - Snow,03 - Loose snow,10 - No control,01 - Non intersection,07 - Dark,03 - P.D. only,06 - SMV unattended vehicle,Greenbelt
10725,MOODIE DR btwn BARNSDALE RD & BROPHY DR,362707.5624,5006956.876,-75.76292,45.2002,2017-06-30,9:26:00 PM,01 - Clear,01 - Dry,10 - No control,01 - Non intersection,07 - Dark,03 - P.D. only,03 - Rear end,Munster Hamlet - Richmond
10726,MOODIE DR btwn BARNSDALE RD & BROPHY DR,361979.2368,5008709.598,-75.77199,45.21603,2017-11-20,11:12:00 PM,01 - Clear,01 - Dry,10 - No control,01 - Non intersection,07 - Dark,02 - Non-fatal injury,03 - Rear end,Munster Hamlet - Richmond
10727,MOODIE DR btwn CORKSTOWN RD & HWY417 IC134 RAMP62,356347.5445,5022751.793,-75.84223,45.34282,2017-09-23,11:23:00 PM,01 - Clear,01 - Dry,10 - No control,01 - Non intersection,07 - Dark,03 - P.D. only,07 - SMV other,Crystal Bay - Lakeview Park - Britannia Village
10728,MOODIE DR btwn MCKENNA CASEY DR & CAMBRIAN RD,360648.551,5011959.777,-75.78857,45.24538,2017-11-09,2:03:00 PM,01 - Clear,01 - Dry,10 - No control,04 - At/near private drive,01 - Daylight,03 - P.D. only,07 - SMV other,Munster Hamlet - Richmond
10729,MOODIE DR btwn MCKENNA CASEY DR & CAMBRIAN RD,360733.4759,5011763.642,-75.78751,45.24361,2017-12-12,2:58:00 PM,03 - Snow,03 - Loose snow,10 - No control,01 - Non intersection,01 - Daylight,02 - Non-fatal injury,01 - Approaching,Munster Hamlet - Richmond