Record,Location,X,Y,Longitude,Latitude,Date,Time,Environment,Road_Surface,Traffic_Control,Collision_Location,Light,Collision_Classification,Impact_type,Neighborhood
10730,MOODIE DR btwn MCKENNA CASEY DR & CAMBRIAN RD,360718.728,5011780.444,-75.7877,45.24376,2017-11-26,9:33:00 PM,03 - Snow,03 - Loose snow,10 - No control,01 - Non intersection,07 - Dark,03 - P.D. only,07 - SMV other,Munster Hamlet - Richmond
10731,MOODIE DR btwn MCKENNA CASEY DR & CAMBRIAN RD,360509.2362,5012286.18,-75.79031,45.24833,2017-02-01,6:35:00 AM,03 - Snow,03 - Loose snow,10 - No control,01 - Non intersection,07 - Dark,03 - P.D. only,01 - Approaching,Munster Hamlet - Richmond
10732,MOODIE DR btwn MCKENNA CASEY DR & CAMBRIAN RD,360380.3704,5012591.29,-75.79191,45.25109,2017-12-19,10:00:00 AM,03 - Snow,03 - Loose snow,10 - No control,01 - Non intersection,01 - Daylight,03 - P.D. only,07 - SMV other,Munster Hamlet - Richmond
10733,MOODIE DR btwn MOODIE DR & 340 S OF CARLING AVE/NORTEL NORTH ENT,355976.7564,5023693.26,-75.84687,45.35132,2017-11-28,6:02:00 PM,01 - Clear,01 - Dry,10 - No control,01 - Non intersection,07 - Dark,03 - P.D. only,03 - Rear end,Greenbelt
10734,MOODIE DR btwn ROBERTSON RD & HADLEY CIRC,357097.0869,5020393.94,-75.83292,45.32155,2017-05-16,5:43:00 PM,01 - Clear,01 - Dry,10 - No control,04 - At/near private drive,01 - Daylight,03 - P.D. only,07 - SMV other,Bells Corners West
10735,MOODIE DR btwn ROBERTSON RD & HADLEY CIRC,357087.9636,5020410.123,-75.83303,45.32169,2017-10-01,12:50:00 PM,01 - Clear,01 - Dry,10 - No control,01 - Non intersection,01 - Daylight,02 - Non-fatal injury,02 - Angle,Bells Corners West
10736,MOODIE DR btwn ROBERTSON RD & HADLEY CIRC,357118.6562,5020340.006,-75.83265,45.32106,2017-11-16,8:30:00 AM,02 - Rain,02 - Wet,10 - No control,04 - At/near private drive,01 - Daylight,03 - P.D. only,02 - Angle,Bells Corners West
10737,MOODIE DR btwn SONGBIRD PRIV & Continuation of MOODIE DR,357855.1433,5018623.539,-75.82344,45.30556,2017-11-22,6:45:00 AM,01 - Clear,02 - Wet,10 - No control,01 - Non intersection,03 - Dawn,03 - P.D. only,07 - SMV other,Greenbelt
10738,MOODIE DR btwn WEST HUNT CLUB RD & ALTI PL,358646.6768,5016680.528,-75.81356,45.28802,2017-09-03,6:21:00 PM,02 - Rain,02 - Wet,10 - No control,01 - Non intersection,01 - Daylight,03 - P.D. only,07 - SMV other,Greenbelt
10739,MOODIE DR btwn WEST HUNT CLUB RD & ALTI PL,359065.6127,5015675.771,-75.80833,45.27894,2017-11-16,7:10:00 AM,02 - Rain,02 - Wet,10 - No control,04 - At/near private drive,03 - Dawn,03 - P.D. only,02 - Angle,Greenbelt
10740,MOODIE DR btwn WEST HUNT CLUB RD & ALTI PL,357966.1801,5018357.319,-75.82205,45.30316,2017-11-10,3:22:00 PM,03 - Snow,02 - Wet,10 - No control,01 - Non intersection,01 - Daylight,03 - P.D. only,07 - SMV other,Greenbelt
10741,MOODIE DR btwn WEST HUNT CLUB RD & ALTI PL,358462.8948,5016968.012,-75.81587,45.29062,2017-02-17,2:08:00 PM,01 - Clear,02 - Wet,10 - No control,04 - At/near private drive,01 - Daylight,03 - P.D. only,05 - Turning movement,Greenbelt
10742,MOODIE DR btwn WEST HUNT CLUB RD & ALTI PL,358795.7759,5016303.998,-75.8117,45.28462,2017-03-24,7:41:00 PM,05 - Drifting Snow,03 - Loose snow,10 - No control,01 - Non intersection,07 - Dark,03 - P.D. only,07 - SMV other,Greenbelt
10743,MOONEY'S BAY PL @ RIVERSIDE DR,368354.2949,5025296.749,-75.68871,45.36473,2017-04-21,9:44:00 AM,01 - Clear,01 - Dry,01 - Traffic signal,02 - Intersection related,01 - Daylight,02 - Non-fatal injury,03 - Rear end,Riverside Park
10744,MOORE ST btwn DR. NEELIN DR & MARY HILL CRES,356857.6658,5007085.157,-75.83737,45.20181,2017-02-11,10:04:00 AM,03 - Snow,03 - Loose snow,10 - No control,01 - Non intersection,01 - Daylight,03 - P.D. only,01 - Approaching,Richmond
10745,MOORVALE ST btwn MCARTHUR AVE & ROPER AVE,371451.7466,5032773.11,-75.64816,45.43171,2017-04-26,2:25:00 PM,01 - Clear,01 - Dry,10 - No control,01 - Non intersection,01 - Daylight,03 - P.D. only,06 - SMV unattended vehicle,Castle Heights
10746,MORIN ST btwn ST. LAURENT BLVD & COTE ST,371675.5638,5033265.367,-75.64523,45.43612,2017-01-25,12:11:00 AM,01 - Clear,04 - Slush,10 - No control,01 - Non intersection,07 - Dark,03 - P.D. only,06 - SMV unattended vehicle,Vanier South
10747,MORISSET AVE btwn CALDWELL AVE & MERIVALE RD,364699.3856,5026388.619,-75.73523,45.37488,2017-07-29,6:22:00 AM,01 - Clear,01 - Dry,10 - No control,01 - Non intersection,01 - Daylight,03 - P.D. only,04 - Sideswipe,Carlington
10748,MORISSET AVE btwn CALDWELL AVE & MERIVALE RD,364612.7431,5026338.345,-75.73634,45.37443,2017-02-15,4:25:00 PM,03 - Snow,03 - Loose snow,10 - No control,01 - Non intersection,01 - Daylight,03 - P.D. only,99 - Other,Carlington
10749,MORLEY BLVD @ SANFORD AVE,366709.0416,5026133.864,-75.7096,45.37241,2017-05-30,7:31:00 PM,01 - Clear,02 - Wet,02 - Stop sign,03 - At intersection,01 - Daylight,02 - Non-fatal injury,02 - Angle,Civic Hospital - Experimental Farm - Central Park
10750,MORNINGMIST WAY btwn BUCKLES ST & SUMMERBREEZE DR,375088.7885,4999764.299,-75.60636,45.13436,2017-11-10,8:08:00 PM,01 - Clear,01 - Dry,10 - No control,01 - Non intersection,07 - Dark,03 - P.D. only,06 - SMV unattended vehicle,Kars - Osgoode
10751,MORRISON DR @ BASELINE RD,360101.3394,5022310.163,-75.79439,45.33856,2017-05-23,7:50:00 AM,01 - Clear,01 - Dry,01 - Traffic signal,02 - Intersection related,01 - Daylight,03 - P.D. only,03 - Rear end,Qualicum - Redwood Park
10752,MORRISON DR @ BASELINE RD,360100.2171,5022309.73,-75.7944,45.33856,2017-12-20,1:06:00 PM,01 - Clear,01 - Dry,01 - Traffic signal,03 - At intersection,01 - Daylight,03 - P.D. only,02 - Angle,Qualicum - Redwood Park
10753,MORRISON DR @ GREENBANK RD,360553.3391,5023128.926,-75.78853,45.34589,2017-02-17,2:00:00 PM,01 - Clear,04 - Slush,02 - Stop sign,02 - Intersection related,01 - Daylight,03 - P.D. only,03 - Rear end,Iris
10754,MORRISON DR btwn ASHLEY ST & DRAPER AVE,360287.253,5023134.462,-75.79192,45.34596,2017-11-02,12:00:00 AM,01 - Clear,01 - Dry,10 - No control,01 - Non intersection,07 - Dark,03 - P.D. only,06 - SMV unattended vehicle,Qualicum - Redwood Park
10755,MOSS GROVE ST @ SORENTO ST S,366224.4157,5014893.215,-75.71718,45.27131,2017-02-07,7:35:00 AM,03 - Snow,05 - Packed snow,02 - Stop sign,03 - At intersection,01 - Daylight,03 - P.D. only,02 - Angle,New Barrhaven
10756,MOSS GROVE ST btwn SORENTO ST & PAUL METIVIER DR,366238.8989,5014860.642,-75.717,45.27102,2017-04-05,9:35:00 AM,01 - Clear,01 - Dry,10 - No control,04 - At/near private drive,01 - Daylight,03 - P.D. only,06 - SMV unattended vehicle,New Barrhaven
10757,MOUNTSHANNON DR btwn LONGFIELDS DR & BOULDER WAY,364271.5231,5016604.107,-75.74187,45.28688,2017-08-05,10:30:00 AM,01 - Clear,01 - Dry,10 - No control,01 - Non intersection,01 - Daylight,03 - P.D. only,06 - SMV unattended vehicle,New Barrhaven
10758,MOUNTSHANNON DR btwn WHITEGATE CRES & WHITEGATE CRES,364853.9787,5016859.103,-75.73441,45.28912,2017-01-17,12:00:00 AM,01 - Clear,01 - Dry,10 - No control,01 - Non intersection,00 - Unknown,03 - P.D. only,06 - SMV unattended vehicle,New Barrhaven
10759,MULLIGAN ST @ RIVER RD,367964.7116,5017434.453,-75.69468,45.29402,2017-03-30,6:11:00 PM,01 - Clear,01 - Dry,02 - Stop sign,03 - At intersection,05 - Dusk,02 - Non-fatal injury,03 - Rear end,Gloucester
10760,MUNSTER RD btwn DOGWOOD DR & COPELAND RD,349560.4763,5002083.936,-75.93069,45.15731,2017-03-08,8:00:00 AM,03 - Snow,06 - Ice,10 - No control,01 - Non intersection,01 - Daylight,03 - P.D. only,07 - SMV other,Munster Hamlet - Richmond
10761,MUNSTER RD btwn FERNBANK RD & LUCAS LANE,345308.851,5006965.795,-75.98437,45.20149,2017-10-26,10:56:00 PM,01 - Clear,01 - Dry,10 - No control,01 - Non intersection,07 - Dark,03 - P.D. only,03 - Rear end,Munster Hamlet - Richmond
10762,MUNSTER RD btwn MANSFIELD RD & OWLSHEAD RD,348282.3951,5003587.514,-75.94682,45.17092,2017-11-03,10:08:00 PM,01 - Clear,01 - Dry,10 - No control,01 - Non intersection,07 - Dark,03 - P.D. only,07 - SMV other,Munster Hamlet - Richmond
10763,MUNSTER RD btwn OWLSHEAD RD & BLEEKS RD,348731.1163,5003061.465,-75.94116,45.16616,2017-11-01,3:09:00 AM,01 - Clear,02 - Wet,10 - No control,01 - Non intersection,07 - Dark,03 - P.D. only,07 - SMV other,Munster Hamlet - Richmond
10764,MURPHY SIDE RD @ SECOND LINE RD,343968.1085,5027532.07,-75.99981,45.38663,2017-10-18,4:57:00 PM,01 - Clear,01 - Dry,02 - Stop sign,03 - At intersection,01 - Daylight,03 - P.D. only,02 - Angle,Carp - Hardwood Plains
10765,MURRAY ST @ PARENT AVE,367862.6826,5032488.424,-75.69406,45.42949,2017-07-24,3:12:00 PM,01 - Clear,02 - Wet,01 - Traffic signal,03 - At intersection,01 - Daylight,03 - P.D. only,02 - Angle,Byward Market
10766,MURRAY ST @ PARENT AVE,367863.1826,5032489.791,-75.69406,45.4295,2017-11-08,3:23:00 PM,01 - Clear,01 - Dry,01 - Traffic signal,03 - At intersection,01 - Daylight,02 - Non-fatal injury,05 - Turning movement,Byward Market
10767,MURRAY ST @ PARENT AVE,367862.7047,5032489.411,-75.69406,45.42949,2017-02-01,1:36:00 PM,01 - Clear,02 - Wet,01 - Traffic signal,03 - At intersection,01 - Daylight,02 - Non-fatal injury,07 - SMV other,Byward Market
10768,MURRAY ST @ SUSSEX DR,367706.0447,5032395.474,-75.69608,45.42866,2017-06-08,4:00:00 PM,01 - Clear,01 - Dry,01 - Traffic signal,03 - At intersection,01 - Daylight,03 - P.D. only,02 - Angle,Byward Market - Parliament Hill
10769,MURRAY ST @ SUSSEX DR,367707.0976,5032394.282,-75.69606,45.42865,2017-07-07,12:36:00 PM,01 - Clear,01 - Dry,01 - Traffic signal,02 - Intersection related,01 - Daylight,02 - Non-fatal injury,07 - SMV other,Byward Market - Parliament Hill
10770,MURRAY ST @ SUSSEX DR,367705.606,5032395.138,-75.69608,45.42866,2017-07-25,1:20:00 PM,01 - Clear,01 - Dry,01 - Traffic signal,03 - At intersection,01 - Daylight,02 - Non-fatal injury,05 - Turning movement,Byward Market - Parliament Hill
10771,MURRAY ST @ SUSSEX DR,367708.2796,5032392.621,-75.69605,45.42864,2017-02-09,9:16:00 AM,01 - Clear,04 - Slush,01 - Traffic signal,02 - Intersection related,01 - Daylight,03 - P.D. only,03 - Rear end,Byward Market - Parliament Hill
10772,MURRAY ST @ SUSSEX DR,367707.8636,5032393.16,-75.69605,45.42864,2017-04-11,10:28:00 AM,02 - Rain,02 - Wet,01 - Traffic signal,02 - Intersection related,01 - Daylight,03 - P.D. only,04 - Sideswipe,Byward Market - Parliament Hill
10773,MURRAY ST @ SUSSEX DR,367708.9628,5032393.78,-75.69604,45.42865,2017-12-20,12:06:00 PM,01 - Clear,04 - Slush,01 - Traffic signal,02 - Intersection related,01 - Daylight,03 - P.D. only,04 - Sideswipe,Byward Market
10774,MURRAY ST btwn CUMBERLAND ST & KING EDWARD AVE,368248.1495,5032727.31,-75.68911,45.4316,2017-12-20,9:30:00 AM,01 - Clear,01 - Dry,10 - No control,01 - Non intersection,01 - Daylight,03 - P.D. only,04 - Sideswipe,Byward Market
10775,MURRAY ST btwn DALHOUSIE ST & CUMBERLAND ST,368127.006,5032650.444,-75.69066,45.43092,2017-06-26,12:00:00 AM,01 - Clear,01 - Dry,10 - No control,01 - Non intersection,00 - Unknown,03 - P.D. only,06 - SMV unattended vehicle,Byward Market
10776,MURRAY ST btwn DALHOUSIE ST & CUMBERLAND ST,368042.5051,5032600.35,-75.69175,45.43048,2017-07-07,12:00:00 AM,01 - Clear,01 - Dry,10 - No control,01 - Non intersection,00 - Unknown,03 - P.D. only,06 - SMV unattended vehicle,Byward Market
10777,MURRAY ST btwn DALHOUSIE ST & CUMBERLAND ST,368158.8626,5032671.774,-75.69026,45.43111,2017-01-22,10:00:00 PM,01 - Clear,02 - Wet,10 - No control,01 - Non intersection,07 - Dark,03 - P.D. only,06 - SMV unattended vehicle,Byward Market
10778,MURRAY ST btwn PARENT AVE & DALHOUSIE ST,367904.9934,5032517.129,-75.69352,45.42974,2017-07-02,2:25:00 PM,01 - Clear,01 - Dry,10 - No control,01 - Non intersection,01 - Daylight,03 - P.D. only,06 - SMV unattended vehicle,Byward Market
10779,MURRAY ST btwn SUSSEX DR & PARENT AVE,367775.4724,5032436.538,-75.69518,45.42903,2017-06-07,1:22:00 PM,01 - Clear,01 - Dry,10 - No control,01 - Non intersection,01 - Daylight,02 - Non-fatal injury,04 - Sideswipe,Byward Market
10780,MURRAY ST btwn SUSSEX DR & PARENT AVE,367795.7625,5032448.121,-75.69492,45.42913,2017-04-09,2:30:00 PM,01 - Clear,01 - Dry,10 - No control,01 - Non intersection,01 - Daylight,03 - P.D. only,99 - Other,Byward Market
10781,"MUTUAL ST btwn EGLISE, RUE DE L & MAY ST",371467.5174,5032912.404,-75.64794,45.43297,2017-08-17,4:21:00 PM,01 - Clear,01 - Dry,10 - No control,01 - Non intersection,01 - Daylight,03 - P.D. only,07 - SMV other,Vanier South
10782,NAIRN ST btwn HALKIRK AVE & KINCARDINE DR,352324.2798,5016846.911,-75.89413,45.28997,2017-02-14,2:18:00 PM,03 - Snow,03 - Loose snow,10 - No control,01 - Non intersection,01 - Daylight,03 - P.D. only,06 - SMV unattended vehicle,Glen Cairn - Kanata South Business Park
10783,NANTES ST btwn BRIAN COBURN BLVD & IVANY WAY,386090.103,5035721.847,-75.46062,45.4567,2017-02-11,12:00:00 AM,01 - Clear,04 - Slush,10 - No control,01 - Non intersection,00 - Unknown,03 - P.D. only,06 - SMV unattended vehicle,Notting Hill
10784,NANTES ST btwn BRIAN COBURN BLVD & IVANY WAY,386090.103,5035721.847,-75.46062,45.4567,2017-03-31,12:00:00 AM,01 - Clear,01 - Dry,10 - No control,01 - Non intersection,00 - Unknown,03 - P.D. only,06 - SMV unattended vehicle,Notting Hill
10785,NASKAPI DR @ OGILVIE RD,375600.1117,5034689.9,-75.59487,45.44855,2017-04-17,1:46:00 PM,01 - Clear,01 - Dry,02 - Stop sign,02 - Intersection related,01 - Daylight,02 - Non-fatal injury,03 - Rear end,Beacon Hill North
10786,NATIONAL CAPITAL COMM DRWY btwn HOLLAND AVE & TUNIS AVE,365530.7502,5027649.303,-75.72446,45.38615,2017-12-25,8:13:00 PM,01 - Clear,06 - Ice,10 - No control,01 - Non intersection,07 - Dark,03 - P.D. only,07 - SMV other,Civic Hospital - Experimental Farm - Central Park
10787,NAVAHO DR @ 265 E OF WOODROFFE AVE,362922.0446,5023625.912,-75.75824,45.35017,2017-03-16,4:56:00 PM,01 - Clear,01 - Dry,01 - Traffic signal,03 - At intersection,01 - Daylight,03 - P.D. only,05 - Turning movement,Crestview - Meadowlands
10788,NAVAHO DR @ SHERMAN DR,363051.2952,5024835.799,-75.75645,45.36105,2017-07-25,1:29:00 PM,01 - Clear,01 - Dry,02 - Stop sign,02 - Intersection related,01 - Daylight,03 - P.D. only,07 - SMV other,Braemar Park - Bel Air Heights - Copeland Park
10789,NAVAHO DR @ WOODROFFE AVE/TRANSITWAY N BASELIN,362705.8104,5023493.448,-75.76102,45.349,2017-08-15,12:27:00 PM,01 - Clear,01 - Dry,01 - Traffic signal,02 - Intersection related,01 - Daylight,03 - P.D. only,07 - SMV other,Crestview - Meadowlands
10790,NAVAHO DR @ WOODROFFE AVE/TRANSITWAY N BASELIN,362705.7685,5023493.985,-75.76102,45.349,2017-09-16,8:21:00 PM,01 - Clear,01 - Dry,01 - Traffic signal,02 - Intersection related,07 - Dark,02 - Non-fatal injury,03 - Rear end,Crestview - Meadowlands
10791,NAVAHO DR @ WOODROFFE AVE/TRANSITWAY N BASELIN,362705.2386,5023492.801,-75.76103,45.34899,2017-12-13,7:42:00 AM,03 - Snow,05 - Packed snow,01 - Traffic signal,03 - At intersection,03 - Dawn,02 - Non-fatal injury,07 - SMV other,Crestview - Meadowlands
10792,NAVAHO DR @ WOODROFFE AVE/TRANSITWAY N BASELIN,362706.6929,5023492.576,-75.76101,45.34899,2017-11-24,3:10:00 PM,01 - Clear,01 - Dry,01 - Traffic signal,03 - At intersection,01 - Daylight,03 - P.D. only,05 - Turning movement,Crestview - Meadowlands
10793,NAVAHO DR @ WOODROFFE AVE/TRANSITWAY N BASELIN,362706.2419,5023490.925,-75.76101,45.34897,2017-02-10,8:00:00 AM,01 - Clear,02 - Wet,01 - Traffic signal,03 - At intersection,01 - Daylight,03 - P.D. only,05 - Turning movement,Crestview - Meadowlands
10794,NAVAHO DR @ WOODROFFE AVE/TRANSITWAY N BASELIN,362705.6992,5023493.615,-75.76102,45.349,2017-01-30,7:00:00 AM,01 - Clear,02 - Wet,01 - Traffic signal,03 - At intersection,03 - Dawn,03 - P.D. only,05 - Turning movement,Crestview - Meadowlands
10795,NAVAHO DR @ WOODROFFE AVE/TRANSITWAY N BASELIN,362707.7428,5023494.677,-75.76099,45.34901,2017-02-07,1:59:00 PM,03 - Snow,04 - Slush,01 - Traffic signal,03 - At intersection,01 - Daylight,03 - P.D. only,05 - Turning movement,Crestview - Meadowlands
10796,NAVAHO DR @ WOODROFFE AVE/TRANSITWAY N BASELIN,362706.9924,5023492.426,-75.761,45.34899,2017-01-09,6:39:00 AM,01 - Clear,04 - Slush,01 - Traffic signal,03 - At intersection,07 - Dark,03 - P.D. only,05 - Turning movement,Crestview - Meadowlands
10797,NAVAHO DR @ WOODROFFE AVE/TRANSITWAY N BASELIN,362706.7884,5023493.348,-75.76101,45.349,2017-01-27,4:02:00 PM,03 - Snow,03 - Loose snow,01 - Traffic signal,02 - Intersection related,01 - Daylight,03 - P.D. only,03 - Rear end,Crestview - Meadowlands
10798,NAVAHO DR @ WOODROFFE AVE/TRANSITWAY N BASELIN,362705.4914,5023490.925,-75.76102,45.34897,2017-03-30,1:55:00 PM,01 - Clear,01 - Dry,01 - Traffic signal,02 - Intersection related,01 - Daylight,02 - Non-fatal injury,03 - Rear end,Crestview - Meadowlands
10799,NAVAHO DR btwn Continuation of NAVAHO DR & Continuation of NAVAHO DR,363146.0842,5023903.535,-75.75535,45.35265,2017-08-20,4:39:00 AM,01 - Clear,01 - Dry,10 - No control,01 - Non intersection,07 - Dark,03 - P.D. only,07 - SMV other,Crestview - Meadowlands
10800,NAVAHO DR btwn Continuation of NAVAHO DR & Continuation of NAVAHO DR,362943.8969,5023663.038,-75.75796,45.3505,2017-11-18,10:19:00 PM,02 - Rain,02 - Wet,10 - No control,01 - Non intersection,07 - Dark,03 - P.D. only,07 - SMV other,Crestview - Meadowlands
10801,NAVAHO DR btwn NAVAHO DR & DEERFIELD DR,363137.2586,5024004.203,-75.75545,45.35356,2017-08-29,1:10:00 PM,01 - Clear,01 - Dry,10 - No control,04 - At/near private drive,01 - Daylight,03 - P.D. only,02 - Angle,Crestview - Meadowlands
10802,NAVAHO DR btwn WOODROFFE AVE & Continuation of NAVAHO DR,362793.8159,5023542.505,-75.75989,45.34943,2017-12-12,8:49:00 AM,03 - Snow,03 - Loose snow,10 - No control,04 - At/near private drive,01 - Daylight,03 - P.D. only,05 - Turning movement,Crestview - Meadowlands
10803,NAVAHO DR btwn WOODROFFE AVE & Continuation of NAVAHO DR,362796.2085,5023545.187,-75.75986,45.34945,2017-02-07,7:30:00 PM,03 - Snow,03 - Loose snow,10 - No control,04 - At/near private drive,07 - Dark,03 - P.D. only,02 - Angle,Crestview - Meadowlands
10804,NAVAHO DR btwn WOODROFFE AVE & Continuation of NAVAHO DR,362755.4874,5023522.689,-75.76038,45.34926,2017-01-09,3:12:00 PM,01 - Clear,01 - Dry,10 - No control,04 - At/near private drive,01 - Daylight,03 - P.D. only,02 - Angle,Crestview - Meadowlands
10805,NAVAN RD @ PAGE RD,381658.8042,5032769.833,-75.51773,45.43064,2017-09-18,5:00:00 AM,01 - Clear,01 - Dry,02 - Stop sign,03 - At intersection,07 - Dark,03 - P.D. only,07 - SMV other,Chapel Hill South
10806,NAVAN RD @ PAGE RD,381660.7633,5032771.219,-75.5177,45.43065,2017-03-02,7:00:00 AM,04 - Freezing Rain,06 - Ice,02 - Stop sign,03 - At intersection,03 - Dawn,03 - P.D. only,02 - Angle,Chapel Hill South
10807,NAVAN RD @ TENTH LINE RD,385757.4531,5031833.202,-75.46551,45.42175,2017-03-29,5:29:00 PM,01 - Clear,01 - Dry,01 - Traffic signal,02 - Intersection related,01 - Daylight,03 - P.D. only,03 - Rear end,Navan - Vars
10808,NAVAN RD @ TRIM RD,388560.5497,5032375.15,-75.42961,45.42629,2017-02-12,3:30:00 PM,03 - Snow,05 - Packed snow,02 - Stop sign,02 - Intersection related,01 - Daylight,03 - P.D. only,01 - Approaching,Navan
10809,NAVAN RD btwn DIAMOND WAY & TENTH LINE RD,385564.6502,5031877.167,-75.46797,45.42217,2017-07-04,7:15:00 PM,01 - Clear,01 - Dry,10 - No control,01 - Non intersection,01 - Daylight,03 - P.D. only,03 - Rear end,Navan - Vars
10810,NAVAN RD btwn DIAMOND WAY & TENTH LINE RD,384894.1574,5032036.356,-75.47651,45.42368,2017-06-28,7:16:00 PM,02 - Rain,02 - Wet,10 - No control,04 - At/near private drive,01 - Daylight,03 - P.D. only,03 - Rear end,Cumberland
10811,NAVAN RD btwn DIAMOND WAY & TENTH LINE RD,385592.4669,5031866.588,-75.46761,45.42207,2017-01-09,6:37:00 PM,01 - Clear,01 - Dry,10 - No control,01 - Non intersection,07 - Dark,03 - P.D. only,07 - SMV other,Navan - Vars
10812,NAVAN RD btwn INNES RD & ORLEANS BLVD,379805.4474,5033217.211,-75.54134,45.43486,2017-09-05,12:40:00 AM,01 - Clear,02 - Wet,10 - No control,01 - Non intersection,07 - Dark,03 - P.D. only,03 - Rear end,Greenbelt
10813,NAVAN RD btwn MER BLEUE RD & NAVAN RD,384056.524,5032226.441,-75.48718,45.42548,2017-03-18,4:10:00 PM,01 - Clear,01 - Dry,10 - No control,04 - At/near private drive,01 - Daylight,03 - P.D. only,02 - Angle,Chapel Hill South
10814,NAVAN RD btwn MUSTANG ST & TO BE DETERMINED,388099.3919,5032189.421,-75.43553,45.42468,2017-05-16,12:30:00 PM,01 - Clear,01 - Dry,10 - No control,04 - At/near private drive,01 - Daylight,03 - P.D. only,02 - Angle,Navan
10815,NAVAN RD btwn ORLEANS BLVD & PAGE RD,381038.8547,5032976.666,-75.52562,45.43257,2017-05-31,9:29:00 AM,01 - Clear,08 - Loose sand or gravel,10 - No control,01 - Non intersection,01 - Daylight,03 - P.D. only,02 - Angle,Chapel Hill South
10816,NAVAN RD btwn RENAUD RD & MER BLEUE RD,382100.4291,5032654.705,-75.5121,45.42955,2017-11-27,7:20:00 AM,01 - Clear,01 - Dry,10 - No control,01 - Non intersection,01 - Daylight,03 - P.D. only,06 - SMV unattended vehicle,Chapel Hill South
10817,NAVAN RD btwn RENAUD RD & MER BLEUE RD,382903.8531,5032452.092,-75.50187,45.42764,2017-01-12,7:31:00 AM,02 - Rain,02 - Wet,10 - No control,01 - Non intersection,03 - Dawn,02 - Non-fatal injury,07 - SMV other,Chapel Hill South
10818,NAVAN RD btwn TENTH LINE RD & CANARY ST,386224.5845,5031857.855,-75.45954,45.42192,2017-01-02,7:25:00 PM,01 - Clear,01 - Dry,10 - No control,01 - Non intersection,07 - Dark,03 - P.D. only,04 - Sideswipe,Navan - Vars
10819,NAVAN RD W @ MER BLEUE RD,384006.6757,5032255.752,-75.48781,45.42575,2017-05-17,5:07:00 PM,01 - Clear,01 - Dry,02 - Stop sign,02 - Intersection related,01 - Daylight,02 - Non-fatal injury,02 - Angle,Chapel Hill South
10820,NAVY PRIV @ PRINCE OF WALES DR,366840.7178,5028679.748,-75.7076,45.39531,2017-06-16,10:08:00 PM,01 - Clear,01 - Dry,02 - Stop sign,02 - Intersection related,07 - Dark,03 - P.D. only,07 - SMV other,The Glebe
10821,NEEPAWA AVE @ SAVILLE ROW,362054.0203,5026414.53,-75.769,45.37533,2017-06-11,10:06:00 AM,01 - Clear,01 - Dry,02 - Stop sign,03 - At intersection,01 - Daylight,03 - P.D. only,02 - Angle,Carlingwood - McKellar Park - Laurentien View
10822,NEIL WAY @ RIVERSIDE DR,369465.6896,5028290.603,-75.67413,45.39157,2017-11-21,7:44:00 AM,01 - Clear,02 - Wet,02 - Stop sign,02 - Intersection related,01 - Daylight,03 - P.D. only,03 - Rear end,Alta Vista
10823,NELSON ST @ RIDEAU ST,368651.9844,5032497.613,-75.68398,45.4295,2017-06-04,4:14:00 PM,01 - Clear,01 - Dry,01 - Traffic signal,03 - At intersection,01 - Daylight,03 - P.D. only,05 - Turning movement,Lowe
10824,NELSON ST @ RIDEAU ST,368650.9811,5032497.994,-75.68399,45.4295,2017-07-27,1:46:00 PM,01 - Clear,01 - Dry,01 - Traffic signal,02 - Intersection related,01 - Daylight,03 - P.D. only,05 - Turning movement,Lowe
10825,NELSON ST @ RIDEAU ST,368650.9811,5032498.148,-75.68399,45.4295,2017-07-16,2:30:00 PM,01 - Clear,01 - Dry,01 - Traffic signal,02 - Intersection related,01 - Daylight,03 - P.D. only,04 - Sideswipe,Lowe
10826,NELSON ST @ RIDEAU ST,368651.5276,5032499.497,-75.68398,45.42951,2017-10-12,3:38:00 PM,01 - Clear,01 - Dry,01 - Traffic signal,03 - At intersection,01 - Daylight,02 - Non-fatal injury,07 - SMV other,Lowe
10827,NELSON ST @ RIDEAU ST,368650.6467,5032497.613,-75.68399,45.4295,2017-11-15,11:24:00 AM,01 - Clear,01 - Dry,01 - Traffic signal,02 - Intersection related,01 - Daylight,03 - P.D. only,04 - Sideswipe,Lowe
10828,NELSON ST @ SOMERSET ST,369095.2493,5031762.933,-75.67841,45.42285,2017-10-09,3:48:00 PM,01 - Clear,02 - Wet,02 - Stop sign,02 - Intersection related,01 - Daylight,03 - P.D. only,06 - SMV unattended vehicle,Sandy Hill
10829,NELSON ST @ SOMERSET ST,369095.7099,5031762.245,-75.6784,45.42284,2017-03-18,10:26:00 AM,01 - Clear,01 - Dry,02 - Stop sign,03 - At intersection,01 - Daylight,03 - P.D. only,02 - Angle,Sandy Hill
10830,NELSON ST @ SOMERSET ST,369095.7099,5031760.238,-75.6784,45.42282,2017-02-20,10:33:00 PM,01 - Clear,01 - Dry,02 - Stop sign,03 - At intersection,07 - Dark,03 - P.D. only,02 - Angle,Sandy Hill
10831,NELSON ST @ STEWART ST,368770.2657,5032289.917,-75.68249,45.42762,2017-09-07,2:07:00 PM,01 - Clear,01 - Dry,02 - Stop sign,02 - Intersection related,01 - Daylight,03 - P.D. only,06 - SMV unattended vehicle,Sandy Hill