Record,Location,X,Y,Longitude,Latitude,Date,Time,Environment,Road_Surface,Traffic_Control,Collision_Location,Light,Collision_Classification,Impact_type,Neighborhood
10832,NELSON ST @ WILBROD ST,368813.7111,5032224.439,-75.68194,45.42702,2017-01-27,12:00:00 AM,01 - Clear,04 - Slush,02 - Stop sign,02 - Intersection related,00 - Unknown,03 - P.D. only,06 - SMV unattended vehicle,Sandy Hill
10833,NELSON ST btwn LAURIER AVE E & OSGOODE ST,368936.7715,5032019.454,-75.6804,45.42517,2017-06-01,7:00:00 PM,01 - Clear,01 - Dry,10 - No control,01 - Non intersection,01 - Daylight,02 - Non-fatal injury,07 - SMV other,Sandy Hill
10834,NELSON ST btwn SOMERSET ST E & TEMPLETON ST,369133.1681,5031702.044,-75.67793,45.42229,2017-11-22,12:00:00 AM,01 - Clear,01 - Dry,10 - No control,01 - Non intersection,00 - Unknown,03 - P.D. only,06 - SMV unattended vehicle,Sandy Hill
10835,NELSON ST btwn SOMERSET ST E & TEMPLETON ST,369110.4715,5031736.759,-75.67822,45.42261,2017-01-31,12:00:00 AM,01 - Clear,01 - Dry,10 - No control,01 - Non intersection,00 - Unknown,03 - P.D. only,06 - SMV unattended vehicle,Sandy Hill
10836,NELSON ST btwn WILBROD ST & LAURIER AVE E,368871.3636,5032126.945,-75.68122,45.42614,2017-10-30,3:46:00 AM,01 - Clear,01 - Dry,10 - No control,01 - Non intersection,07 - Dark,02 - Non-fatal injury,07 - SMV other,Sandy Hill
10837,NELSON ST btwn WILBROD ST & LAURIER AVE E,368851.7797,5032161.401,-75.68147,45.42645,2017-01-04,8:05:00 AM,03 - Snow,03 - Loose snow,10 - No control,04 - At/near private drive,01 - Daylight,03 - P.D. only,06 - SMV unattended vehicle,Sandy Hill
10838,NEPEAN ST @ BANK ST,367563.0396,5031134.245,-75.69807,45.41733,2017-04-13,4:21:00 PM,01 - Clear,01 - Dry,02 - Stop sign,02 - Intersection related,01 - Daylight,03 - P.D. only,02 - Angle,Centretown
10839,NEPEAN ST @ BANK ST,367562.7051,5031132.866,-75.69807,45.41732,2017-12-24,12:07:00 PM,03 - Snow,03 - Loose snow,02 - Stop sign,02 - Intersection related,01 - Daylight,03 - P.D. only,02 - Angle,Centretown
10840,NEPEAN ST @ O'CONNOR ST,367721.7132,5031225.916,-75.69603,45.41814,2017-05-20,11:01:00 AM,01 - Clear,01 - Dry,02 - Stop sign,03 - At intersection,01 - Daylight,02 - Non-fatal injury,02 - Angle,Centretown
10841,NEPEAN ST @ O'CONNOR ST,367721.3479,5031225.628,-75.69603,45.41814,2017-06-27,4:08:00 PM,01 - Clear,01 - Dry,02 - Stop sign,03 - At intersection,01 - Daylight,02 - Non-fatal injury,05 - Turning movement,Centretown
10842,NEPEAN ST @ O'CONNOR ST,367721.3509,5031225.303,-75.69603,45.41813,2017-07-18,10:20:00 AM,01 - Clear,01 - Dry,02 - Stop sign,03 - At intersection,01 - Daylight,02 - Non-fatal injury,07 - SMV other,Centretown
10843,NEPEAN ST @ O'CONNOR ST,367721.0444,5031226.585,-75.69603,45.41815,2017-12-14,9:27:00 PM,01 - Clear,02 - Wet,02 - Stop sign,03 - At intersection,07 - Dark,03 - P.D. only,02 - Angle,Centretown
10844,NEPEAN ST @ O'CONNOR ST,367721.7132,5031228.591,-75.69603,45.41816,2017-04-15,12:55:00 PM,01 - Clear,01 - Dry,02 - Stop sign,03 - At intersection,01 - Daylight,03 - P.D. only,02 - Angle,Centretown
10845,NEPEAN ST @ O'CONNOR ST,367720.7099,5031225.401,-75.69604,45.41813,2017-12-20,8:30:00 AM,01 - Clear,03 - Loose snow,02 - Stop sign,02 - Intersection related,01 - Daylight,03 - P.D. only,04 - Sideswipe,Centretown
10846,NEPEAN ST btwn BANK ST & O'CONNOR ST,367576.516,5031141.705,-75.69789,45.41739,2017-05-08,12:00:00 AM,01 - Clear,01 - Dry,10 - No control,01 - Non intersection,00 - Unknown,03 - P.D. only,06 - SMV unattended vehicle,Centretown
10847,NEPEAN ST btwn LYON ST N & KENT ST,367293.4316,5030968.076,-75.70153,45.41586,2017-01-02,1:07:00 PM,01 - Clear,03 - Loose snow,10 - No control,01 - Non intersection,01 - Daylight,02 - Non-fatal injury,07 - SMV other,Centretown
10848,NEPEAN ST btwn METCALFE ST & ELGIN ST,367958.0754,5031369.149,-75.69299,45.41941,2017-04-27,2:30:00 PM,01 - Clear,02 - Wet,10 - No control,01 - Non intersection,01 - Daylight,03 - P.D. only,07 - SMV other,Centretown
10849,NEPEAN ST btwn O'CONNOR ST & METCALFE ST,367807.0876,5031279.195,-75.69493,45.41861,2017-05-29,12:44:00 PM,01 - Clear,01 - Dry,10 - No control,04 - At/near private drive,01 - Daylight,03 - P.D. only,05 - Turning movement,Centretown
10850,NERTA ST @ ST. LAURENT BLVD,373675.7745,5028604.79,-75.62032,45.39399,2017-09-19,5:00:00 PM,01 - Clear,01 - Dry,02 - Stop sign,02 - Intersection related,01 - Daylight,03 - P.D. only,03 - Rear end,Hawthorne Meadows
10851,NERTA ST @ ST. LAURENT BLVD,373676.5272,5028602.679,-75.62031,45.39398,2017-02-13,6:31:00 PM,01 - Clear,03 - Loose snow,02 - Stop sign,02 - Intersection related,07 - Dark,03 - P.D. only,03 - Rear end,Urbandale
10852,NETLEY CIRC btwn FINDLAY CREEK DR & FINDLAY CREEK DR,375368.0861,5019847.197,-75.59996,45.31503,2017-06-14,2:28:00 PM,01 - Clear,01 - Dry,10 - No control,01 - Non intersection,01 - Daylight,03 - P.D. only,06 - SMV unattended vehicle,Greenbelt
10853,NEW ORCHARD AVE @ RICHMOND RD,361293.6774,5026219.758,-75.77873,45.37364,2017-10-08,9:35:00 AM,01 - Clear,02 - Wet,01 - Traffic signal,03 - At intersection,01 - Daylight,02 - Non-fatal injury,05 - Turning movement,Carlingwood West - Glabar Park - McKellar Heights
10854,NEW ORCHARD AVE @ RICHMOND RD,361294.6807,5026219.521,-75.77871,45.37364,2017-12-11,2:50:00 PM,01 - Clear,02 - Wet,01 - Traffic signal,02 - Intersection related,01 - Daylight,03 - P.D. only,03 - Rear end,Carlingwood West - Glabar Park - McKellar Heights
10855,NEWCASTLE AVE btwn PEPPERIDGE WAY & HALTON TER,348820.6441,5023251.13,-75.93823,45.34782,2017-06-13,12:00:00 AM,01 - Clear,01 - Dry,10 - No control,01 - Non intersection,00 - Unknown,03 - P.D. only,06 - SMV unattended vehicle,Morgan's Grant
10856,NEWPORT CRES btwn HUNTERSFIELD DR & HUNTERSFIELD DR,373037.4131,5025005.233,-75.62897,45.36167,2017-11-27,12:00:00 AM,03 - Snow,03 - Loose snow,10 - No control,01 - Non intersection,00 - Unknown,03 - P.D. only,06 - SMV unattended vehicle,Greenboro East
10857,NICHOLAS ST btwn BESSERER ST & DALY AVE,368194.6879,5032097.956,-75.68987,45.42594,2017-07-11,11:19:00 PM,01 - Clear,01 - Dry,10 - No control,01 - Non intersection,07 - Dark,02 - Non-fatal injury,04 - Sideswipe,Byward Market - Parliament Hill
10858,NICHOLAS ST btwn BESSERER ST & DALY AVE,368196.3859,5032095.09,-75.68985,45.42592,2017-08-10,3:17:00 PM,01 - Clear,01 - Dry,10 - No control,01 - Non intersection,01 - Daylight,02 - Non-fatal injury,03 - Rear end,Byward Market - Parliament Hill
10859,NICHOLAS ST btwn DALY AVE & SB RAMP FROM WALLER/NICHOLAS/MACKENZIE KIN,368291.5806,5031950.253,-75.68865,45.4246,2017-12-05,12:30:00 PM,01 - Clear,01 - Dry,10 - No control,06 - Underpass or tunnel,01 - Daylight,02 - Non-fatal injury,07 - SMV other,Sandy Hill
10860,NICHOLAS ST btwn DALY AVE & SB RAMP FROM WALLER/NICHOLAS/MACKENZIE KIN,368270.2965,5031983.967,-75.68892,45.42491,2017-03-17,1:48:00 PM,01 - Clear,01 - Dry,10 - No control,04 - At/near private drive,01 - Daylight,03 - P.D. only,99 - Other,Sandy Hill
10861,NICHOLAS ST NB btwn HWY417 IC118 RAMP52 & WALLER ST,368977.6762,5031360.86,-75.67996,45.41924,2017-08-10,6:49:00 AM,01 - Clear,01 - Dry,10 - No control,01 - Non intersection,01 - Daylight,02 - Non-fatal injury,03 - Rear end,Sandy Hill
10862,NICHOLAS ST NB btwn HWY417 IC118 RAMP52 & WALLER ST,368940.2887,5031382.74,-75.68044,45.41944,2017-08-08,3:25:00 PM,01 - Clear,01 - Dry,10 - No control,01 - Non intersection,01 - Daylight,02 - Non-fatal injury,03 - Rear end,Sandy Hill
10863,NICHOLAS ST NB btwn HWY417 IC118 RAMP52 & WALLER ST,368614.9751,5031618.819,-75.68456,45.42159,2017-09-15,8:07:00 PM,01 - Clear,01 - Dry,10 - No control,01 - Non intersection,07 - Dark,03 - P.D. only,04 - Sideswipe,Sandy Hill
10864,NICHOLAS ST NB btwn HWY417 IC118 RAMP52 & WALLER ST,369045.459,5031327.481,-75.6791,45.41893,2017-11-10,11:48:00 AM,01 - Clear,01 - Dry,10 - No control,01 - Non intersection,01 - Daylight,03 - P.D. only,04 - Sideswipe,Sandy Hill
10865,NICHOLAS ST NB btwn HWY417 IC118 RAMP52 & WALLER ST,369045.4694,5031327.478,-75.6791,45.41893,2017-11-06,3:42:00 PM,01 - Clear,01 - Dry,10 - No control,01 - Non intersection,01 - Daylight,03 - P.D. only,04 - Sideswipe,Sandy Hill
10866,NICHOLAS ST NB btwn HWY417 IC118 RAMP52 & WALLER ST,369091.2587,5031305.754,-75.67852,45.41873,2017-12-07,7:16:00 PM,01 - Clear,01 - Dry,10 - No control,01 - Non intersection,07 - Dark,03 - P.D. only,04 - Sideswipe,Sandy Hill
10867,NICHOLAS ST NB btwn HWY417 IC118 RAMP52 & WALLER ST,369041.8435,5031329.127,-75.67915,45.41895,2017-11-03,3:25:00 PM,01 - Clear,01 - Dry,10 - No control,01 - Non intersection,01 - Daylight,03 - P.D. only,04 - Sideswipe,Sandy Hill
10868,NICHOLAS ST NB btwn HWY417 IC118 RAMP52 & WALLER ST,368534.8094,5031678.859,-75.68558,45.42214,2017-11-24,9:45:00 PM,01 - Clear,01 - Dry,10 - No control,01 - Non intersection,07 - Dark,03 - P.D. only,03 - Rear end,Sandy Hill
10869,NICHOLAS ST NB btwn HWY417 IC118 RAMP52 & WALLER ST,369095.0994,5031302.995,-75.67847,45.41871,2017-01-26,9:30:00 AM,01 - Clear,01 - Dry,10 - No control,01 - Non intersection,01 - Daylight,03 - P.D. only,04 - Sideswipe,Sandy Hill
10870,NICHOLAS ST NB btwn HWY417 IC118 RAMP52 & WALLER ST,368908.8214,5031407.825,-75.68084,45.41967,2017-03-20,5:37:00 PM,01 - Clear,01 - Dry,10 - No control,01 - Non intersection,01 - Daylight,03 - P.D. only,03 - Rear end,Sandy Hill
10871,NICHOLAS ST NB btwn LAURIER AVE E & WALLER ST,368437.2001,5031744.633,-75.68682,45.42274,2017-06-14,5:15:00 PM,01 - Clear,01 - Dry,10 - No control,01 - Non intersection,01 - Daylight,03 - P.D. only,04 - Sideswipe,Sandy Hill
10872,NICHOLAS ST NB btwn LAURIER AVE E & WALLER ST,368491.0283,5031708.638,-75.68613,45.42241,2017-06-16,9:50:00 PM,01 - Clear,01 - Dry,10 - No control,01 - Non intersection,07 - Dark,03 - P.D. only,03 - Rear end,Sandy Hill
10873,NICHOLAS ST NB btwn LAURIER AVE E & WALLER ST,368403.284,5031784.096,-75.68725,45.4231,2017-05-25,6:15:00 AM,01 - Clear,01 - Dry,10 - No control,01 - Non intersection,03 - Dawn,03 - P.D. only,03 - Rear end,Sandy Hill
10874,NICHOLAS ST NB btwn LAURIER AVE E & WALLER ST,368448.189,5031737.816,-75.68668,45.42268,2017-08-07,1:56:00 PM,01 - Clear,01 - Dry,10 - No control,01 - Non intersection,01 - Daylight,03 - P.D. only,04 - Sideswipe,Sandy Hill
10875,NICHOLAS ST NB btwn LAURIER AVE E & WALLER ST,368490.7218,5031711.054,-75.68614,45.42243,2017-09-15,6:12:00 PM,01 - Clear,01 - Dry,10 - No control,01 - Non intersection,01 - Daylight,02 - Non-fatal injury,03 - Rear end,Sandy Hill
10876,NICHOLAS ST NB btwn LAURIER AVE E & WALLER ST,368489.0866,5031711.765,-75.68616,45.42244,2017-12-01,2:15:00 PM,01 - Clear,01 - Dry,10 - No control,01 - Non intersection,01 - Daylight,02 - Non-fatal injury,03 - Rear end,Sandy Hill
10877,NICHOLAS ST SB btwn Continuation of NICHOLAS ST & HWY417 IC118 RAMP35,369052.5991,5031315.547,-75.67901,45.41882,2017-06-30,6:30:00 PM,01 - Clear,01 - Dry,10 - No control,01 - Non intersection,01 - Daylight,03 - P.D. only,03 - Rear end,Sandy Hill
10878,NICHOLAS ST SB btwn Continuation of NICHOLAS ST & HWY417 IC118 RAMP35,369007.633,5031335.159,-75.67958,45.41901,2017-03-12,11:54:00 AM,01 - Clear,01 - Dry,10 - No control,01 - Non intersection,01 - Daylight,03 - P.D. only,03 - Rear end,Sandy Hill
10879,NICHOLAS ST SB btwn LAURIER AVE E & Continuation of NICHOLAS ST,368481.3293,5031702.116,-75.68626,45.42235,2017-08-15,2:45:00 PM,01 - Clear,01 - Dry,10 - No control,01 - Non intersection,01 - Daylight,03 - P.D. only,03 - Rear end,Sandy Hill
10880,NICHOLAS ST SB btwn LAURIER AVE E & Continuation of NICHOLAS ST,368440.8559,5031728.447,-75.68677,45.4226,2017-10-02,12:01:00 PM,01 - Clear,01 - Dry,10 - No control,01 - Non intersection,01 - Daylight,03 - P.D. only,04 - Sideswipe,Sandy Hill
10881,NICHOLAS ST SB btwn RAMP & LAURIER AVE E,368368.3937,5031808.127,-75.68769,45.42332,2017-10-01,3:15:00 PM,01 - Clear,01 - Dry,10 - No control,01 - Non intersection,01 - Daylight,03 - P.D. only,04 - Sideswipe,Sandy Hill
10882,NICHOLAS ST/NICHOLAS ST SB @ SB RAMP FROM WALL,368319.9961,5031893.082,-75.6883,45.42409,2017-06-13,8:46:00 PM,01 - Clear,01 - Dry,01 - Traffic signal,03 - At intersection,05 - Dusk,03 - P.D. only,02 - Angle,Sandy Hill
10883,NINTH LINE RD btwn FARMERS WAY & HALL RD,383829.8433,5022157.954,-75.49169,45.33492,2017-07-20,1:31:00 AM,01 - Clear,01 - Dry,10 - No control,01 - Non intersection,07 - Dark,03 - P.D. only,07 - SMV other,Greenbelt
10884,NINTH LINE RD btwn RAMSAYVILLE RD & ANDERSON RD,380912.0291,5020436.553,-75.52917,45.31975,2017-04-18,4:45:00 PM,01 - Clear,01 - Dry,10 - No control,01 - Non intersection,01 - Daylight,03 - P.D. only,05 - Turning movement,Greenbelt
10885,NIXON DR @ TAYLOR WAY,374277.6322,5000769.108,-75.61653,45.14348,2017-07-16,3:10:00 PM,01 - Clear,01 - Dry,10 - No control,02 - Intersection related,01 - Daylight,02 - Non-fatal injury,07 - SMV other,Kars - Osgoode
10886,NIXON DR btwn BUCKLES ST & DALMENY RD,374839.0878,4999446.198,-75.60958,45.13152,2017-12-17,4:20:00 PM,01 - Clear,06 - Ice,10 - No control,01 - Non intersection,05 - Dusk,03 - P.D. only,07 - SMV other,Kars - Osgoode
10887,NIXON DR/ROGER STEVENS DR @ RIVER RD,373169.3496,5002763.307,-75.63035,45.16153,2017-06-06,5:11:00 PM,02 - Rain,02 - Wet,02 - Stop sign,03 - At intersection,01 - Daylight,03 - P.D. only,05 - Turning movement,Kars - Osgoode
10888,NIXON DR/ROGER STEVENS DR @ RIVER RD,373169.6867,5002762.632,-75.63035,45.16152,2017-06-27,6:17:00 AM,01 - Clear,01 - Dry,02 - Stop sign,03 - At intersection,01 - Daylight,03 - P.D. only,02 - Angle,Kars - Osgoode
10889,NOBLE CRES btwn DICKINSON AVE & SOUTHMORE DR W,368726.3816,5024460.472,-75.68407,45.35717,2017-12-25,8:01:00 PM,03 - Snow,05 - Packed snow,10 - No control,01 - Non intersection,07 - Dark,03 - P.D. only,06 - SMV unattended vehicle,Hunt Club Woods - Quintarra - Revelstoke - Riverside South P
10890,NOEL ST @ TAYLOR LANE,368859.0551,5033756.426,-75.68117,45.4408,2017-01-02,12:20:00 PM,01 - Clear,05 - Packed snow,10 - No control,03 - At intersection,01 - Daylight,03 - P.D. only,06 - SMV unattended vehicle,New Edinburgh
10891,NORANDA AVE btwn ST. LAURENT BLVD & SLADEN AVE,371745.4826,5033634.422,-75.64429,45.43944,2017-12-30,12:02:00 AM,01 - Clear,06 - Ice,10 - No control,04 - At/near private drive,07 - Dark,03 - P.D. only,05 - Turning movement,Cummings
10892,NORBERRY CRES btwn SPRINGLAND DR & SPRINGLAND DR,368625.5842,5025586.536,-75.68521,45.36732,2017-05-18,10:50:00 PM,01 - Clear,01 - Dry,10 - No control,01 - Non intersection,07 - Dark,03 - P.D. only,06 - SMV unattended vehicle,Riverside Park
10893,NORICE ST @ PERRY ST,364560.1951,5023221.531,-75.73739,45.34639,2017-03-08,2:38:00 PM,01 - Clear,01 - Dry,02 - Stop sign,03 - At intersection,01 - Daylight,02 - Non-fatal injury,07 - SMV other,Crestview - Meadowlands
10894,NORICE ST @ WOODROFFE AVE,363195.0185,5022396.823,-75.7549,45.33909,2017-05-11,11:30:00 PM,01 - Clear,01 - Dry,01 - Traffic signal,03 - At intersection,07 - Dark,01 - Fatal injury,05 - Turning movement,Tanglewood
10895,NORICE ST @ WOODROFFE AVE,363193.6807,5022398.83,-75.75492,45.33911,2017-06-02,5:26:00 PM,01 - Clear,01 - Dry,01 - Traffic signal,02 - Intersection related,01 - Daylight,02 - Non-fatal injury,03 - Rear end,Tanglewood
10896,NORICE ST @ WOODROFFE AVE,363194.684,5022397.731,-75.75491,45.3391,2017-11-02,8:18:00 AM,02 - Rain,02 - Wet,01 - Traffic signal,03 - At intersection,01 - Daylight,03 - P.D. only,05 - Turning movement,Tanglewood
10897,NORICE ST @ WOODROFFE AVE,363195.7769,5022398.039,-75.75489,45.3391,2017-02-03,8:53:00 AM,01 - Clear,02 - Wet,01 - Traffic signal,02 - Intersection related,01 - Daylight,03 - P.D. only,03 - Rear end,Tanglewood
10898,NORICE ST @ WOODROFFE AVE,363195.6873,5022396.823,-75.7549,45.33909,2017-04-12,4:15:00 PM,02 - Rain,02 - Wet,01 - Traffic signal,02 - Intersection related,01 - Daylight,02 - Non-fatal injury,03 - Rear end,Tanglewood
10899,NORICE ST @ WOODROFFE AVE,363195.6873,5022397.492,-75.7549,45.33909,2017-04-11,8:20:00 AM,02 - Rain,02 - Wet,01 - Traffic signal,02 - Intersection related,01 - Daylight,03 - P.D. only,03 - Rear end,Tanglewood
10900,NORICE ST btwn GLENRIDGE RD & DARLY PL,364878.5927,5023399.75,-75.7333,45.34797,2017-11-10,12:00:00 AM,01 - Clear,01 - Dry,10 - No control,01 - Non intersection,00 - Unknown,03 - P.D. only,06 - SMV unattended vehicle,Crestview - Meadowlands
10901,NORICE ST btwn SULLIVAN AVE & BROOK LANE,363588.9731,5022616.245,-75.74985,45.34103,2017-07-15,12:04:00 PM,01 - Clear,01 - Dry,10 - No control,01 - Non intersection,01 - Daylight,03 - P.D. only,07 - SMV other,Crestview - Meadowlands
10902,NORICE ST btwn WOODROFFE AVE & SULLIVAN AVE,363329.6096,5022469.203,-75.75318,45.33973,2017-05-04,12:00:00 AM,01 - Clear,01 - Dry,10 - No control,01 - Non intersection,00 - Unknown,03 - P.D. only,06 - SMV unattended vehicle,Tanglewood
10903,NORICE ST btwn WOODROFFE AVE & SULLIVAN AVE,363285.7304,5022446.036,-75.75374,45.33952,2017-08-18,1:05:00 PM,01 - Clear,01 - Dry,10 - No control,04 - At/near private drive,01 - Daylight,03 - P.D. only,07 - SMV other,Tanglewood
10904,NORMAN ST @ PRESTON ST,366717.0425,5029194.227,-75.70912,45.39995,2017-03-15,9:13:00 AM,03 - Snow,03 - Loose snow,02 - Stop sign,03 - At intersection,01 - Daylight,03 - P.D. only,02 - Angle,Little Italy
10905,NORMANDY CRES btwn APELDOORN AVE & PRINCE OF WALES DR,367370.8455,5024621.766,-75.70135,45.35875,2017-12-13,4:45:00 PM,03 - Snow,05 - Packed snow,10 - No control,01 - Non intersection,05 - Dusk,03 - P.D. only,01 - Approaching,Carleton Heights - Rideauview
10906,NORTH RIVER RD btwn COUPAL ST & TUDOR PL,369576.5988,5033212.286,-75.67207,45.43584,2017-04-27,12:21:00 PM,01 - Clear,01 - Dry,10 - No control,04 - At/near private drive,01 - Daylight,03 - P.D. only,02 - Angle,Kingsview Park
10907,NORTH RIVER RD btwn MONTREAL RD & SELKIRK ST,369747.9128,5032865.153,-75.66992,45.4327,2017-04-18,2:56:00 PM,01 - Clear,01 - Dry,10 - No control,01 - Non intersection,01 - Daylight,02 - Non-fatal injury,07 - SMV other,Vanier South
10908,NORTH RIVER RD btwn SELKIRK ST & MCARTHUR AVE,369788.2037,5032741.766,-75.66942,45.43159,2017-11-30,4:00:00 PM,02 - Rain,02 - Wet,10 - No control,04 - At/near private drive,05 - Dusk,03 - P.D. only,05 - Turning movement,Vanier South
10909,NORTH RIVERSIDE DR @ RIVERSIDE CRES,368759.9073,5010745.4,-75.68541,45.23377,2017-07-19,12:40:00 AM,01 - Clear,01 - Dry,10 - No control,02 - Intersection related,07 - Dark,03 - P.D. only,02 - Angle,Manotick
10910,NORTH SERVICE RD @ ROSSIGNOL CRES W,382681.4075,5039415.926,-75.50361,45.49032,2017-05-14,1:16:00 AM,01 - Clear,02 - Wet,02 - Stop sign,03 - At intersection,07 - Dark,03 - P.D. only,07 - SMV other,Chatelaine Village
10911,NORTHSIDE RD W @ RICHMOND RD,358175.66,5021109.201,-75.81908,45.3279,2017-09-20,5:19:00 PM,01 - Clear,01 - Dry,10 - No control,02 - Intersection related,01 - Daylight,03 - P.D. only,03 - Rear end,Bells Corners East
10912,NOTRE DAME ST    W btwn ST. JOSEPH BLVD & END,379627.9986,5036256.107,-75.54315,45.46223,2017-03-23,3:06:00 PM,01 - Clear,01 - Dry,10 - No control,04 - At/near private drive,01 - Daylight,03 - P.D. only,06 - SMV unattended vehicle,Chapel Hill
10913,NOTRE DAME ST btwn ST. JEAN ST & BELCOURT BLVD,381273.7624,5037191.539,-75.52196,45.47046,2017-11-29,5:44:00 PM,01 - Clear,01 - Dry,10 - No control,04 - At/near private drive,07 - Dark,03 - P.D. only,06 - SMV unattended vehicle,Orleans Village - Chateauneuf
10914,NOTRE DAME ST W @ ST. JOSEPH BLVD,379544.288,5036269.608,-75.54422,45.46236,2017-11-18,6:51:00 PM,02 - Rain,02 - Wet,02 - Stop sign,02 - Intersection related,07 - Dark,03 - P.D. only,04 - Sideswipe,Chapel Hill
10915,NUGGETT DR btwn NATALIE WAY & NATALIE WAY,381612.9925,5035731.02,-75.51785,45.45729,2017-06-07,4:12:00 PM,01 - Clear,01 - Dry,10 - No control,04 - At/near private drive,01 - Daylight,03 - P.D. only,99 - Other,Orleans Village - Chateauneuf
10916,OAK CREEK RD @ RICHARDSON SIDE RD,347206.2836,5018091.477,-75.95927,45.3015,2017-01-09,10:00:00 AM,01 - Clear,06 - Ice,02 - Stop sign,03 - At intersection,01 - Daylight,03 - P.D. only,99 - Other,Stittsville - Basswood
10917,OAKBROOK CIRC btwn SANDY OAKS DR & SHAKEWOOD ST,380692.4681,5033927.866,-75.5299,45.44116,2017-03-18,12:00:00 AM,01 - Clear,01 - Dry,10 - No control,01 - Non intersection,00 - Unknown,03 - P.D. only,06 - SMV unattended vehicle,Chapel Hill South
10918,OAKLAND AVE btwn WILTON LANE & MONK ST,368452.8788,5028987.575,-75.68697,45.39793,2017-05-30,4:17:00 AM,01 - Clear,01 - Dry,10 - No control,01 - Non intersection,07 - Dark,02 - Non-fatal injury,06 - SMV unattended vehicle,The Glebe
10919,OAKLAND AVE btwn WILTON LANE & MONK ST,368452.8788,5028988.651,-75.68697,45.39794,2017-11-01,9:55:00 AM,02 - Rain,02 - Wet,10 - No control,01 - Non intersection,01 - Daylight,03 - P.D. only,06 - SMV unattended vehicle,The Glebe
10920,OAKLAWN CRES btwn GARDENWAY DR & GARDENWAY DR,383993.5675,5036684.238,-75.48727,45.4656,2017-04-18,12:00:00 AM,01 - Clear,01 - Dry,10 - No control,01 - Non intersection,00 - Unknown,03 - P.D. only,06 - SMV unattended vehicle,Fallingbrook
10921,OAKSIDE CRES btwn GOWARD DR & GOWARD DR,348021.7714,5023630.187,-75.94839,45.35129,2017-01-07,1:05:00 PM,01 - Clear,02 - Wet,10 - No control,04 - At/near private drive,01 - Daylight,03 - P.D. only,06 - SMV unattended vehicle,Morgan's Grant
10922,O'CONNOR ST @ PRETORIA AVE,368337.7141,5030238.9,-75.68828,45.4092,2017-03-17,9:41:00 AM,01 - Clear,01 - Dry,02 - Stop sign,03 - At intersection,01 - Daylight,03 - P.D. only,02 - Angle,The Glebe
10923,O'CONNOR ST @ QUEEN ST,367497.7001,5031584.869,-75.69884,45.42139,2017-11-07,8:09:00 AM,01 - Clear,01 - Dry,01 - Traffic signal,03 - At intersection,01 - Daylight,02 - Non-fatal injury,03 - Rear end,Downtown
10924,O'CONNOR ST @ QUEEN ST,367499.3723,5031586.917,-75.69882,45.42141,2017-03-09,10:40:00 AM,01 - Clear,01 - Dry,01 - Traffic signal,03 - At intersection,01 - Daylight,02 - Non-fatal injury,07 - SMV other,Downtown
10925,O'CONNOR ST @ SECOND AVE,368594.6635,5029800.342,-75.68506,45.40523,2017-08-16,2:39:00 PM,01 - Clear,01 - Dry,02 - Stop sign,03 - At intersection,01 - Daylight,03 - P.D. only,04 - Sideswipe,The Glebe
10926,O'CONNOR ST @ SLATER ST,367580.3429,5031449.619,-75.6978,45.42016,2017-07-25,5:54:00 AM,02 - Rain,02 - Wet,01 - Traffic signal,02 - Intersection related,03 - Dawn,03 - P.D. only,05 - Turning movement,Downtown
10927,O'CONNOR ST @ SLATER ST,367580.0394,5031450.576,-75.69781,45.42017,2017-11-14,1:41:00 PM,01 - Clear,01 - Dry,01 - Traffic signal,02 - Intersection related,01 - Daylight,03 - P.D. only,04 - Sideswipe,Downtown
10928,O'CONNOR ST @ SLATER ST,367579.7041,5031450.577,-75.69781,45.42017,2017-01-30,7:03:00 PM,01 - Clear,01 - Dry,01 - Traffic signal,02 - Intersection related,07 - Dark,03 - P.D. only,03 - Rear end,Downtown
10929,O'CONNOR ST @ SLATER ST,367580.2476,5031450.848,-75.6978,45.42018,2017-01-16,2:52:00 PM,01 - Clear,01 - Dry,01 - Traffic signal,03 - At intersection,01 - Daylight,03 - P.D. only,04 - Sideswipe,Downtown
10930,O'CONNOR ST @ SOMERSET ST,367855.7101,5031010.651,-75.69434,45.41619,2017-06-17,12:12:00 AM,01 - Clear,01 - Dry,01 - Traffic signal,03 - At intersection,07 - Dark,03 - P.D. only,07 - SMV other,Centretown
10931,O'CONNOR ST @ SOMERSET ST,367856.0446,5031013.243,-75.69434,45.41621,2017-05-05,6:31:00 PM,02 - Rain,02 - Wet,01 - Traffic signal,03 - At intersection,01 - Daylight,03 - P.D. only,05 - Turning movement,Centretown
10932,O'CONNOR ST @ SOMERSET ST,367855.7101,5031012.845,-75.69434,45.41621,2017-09-14,11:00:00 PM,01 - Clear,01 - Dry,01 - Traffic signal,02 - Intersection related,07 - Dark,03 - P.D. only,05 - Turning movement,Centretown
10933,O'CONNOR ST @ SOMERSET ST,367855.3757,5031012.574,-75.69435,45.41621,2017-03-09,3:18:00 PM,01 - Clear,01 - Dry,01 - Traffic signal,03 - At intersection,01 - Daylight,02 - Non-fatal injury,05 - Turning movement,Centretown
10934,O'CONNOR ST @ STRATHCONA AVE,368378.7165,5030169.894,-75.68777,45.40858,2017-11-09,4:58:00 PM,01 - Clear,01 - Dry,02 - Stop sign,02 - Intersection related,07 - Dark,02 - Non-fatal injury,02 - Angle,The Glebe