Record,Location,X,Y,Longitude,Latitude,Date,Time,Environment,Road_Surface,Traffic_Control,Collision_Location,Light,Collision_Classification,Impact_type,Neighborhood
10935,O'CONNOR ST @ WELLINGTON ST,367413.6992,5031721.866,-75.6999,45.42263,2017-09-25,8:30:00 AM,01 - Clear,01 - Dry,01 - Traffic signal,02 - Intersection related,01 - Daylight,03 - P.D. only,01 - Approaching,Downtown
10936,O'CONNOR ST @ WELLINGTON ST,367414.1771,5031721.866,-75.69989,45.42263,2017-12-08,4:27:00 PM,01 - Clear,01 - Dry,01 - Traffic signal,03 - At intersection,05 - Dusk,03 - P.D. only,03 - Rear end,Downtown
10937,O'CONNOR ST @ WELLINGTON ST,367414.4497,5031722.207,-75.69989,45.42263,2017-02-14,6:15:00 AM,03 - Snow,03 - Loose snow,01 - Traffic signal,03 - At intersection,03 - Dawn,03 - P.D. only,05 - Turning movement,Downtown
10938,O'CONNOR ST @ WELLINGTON ST,367414.2419,5031722.04,-75.69989,45.42263,2017-01-19,4:03:00 PM,01 - Clear,01 - Dry,01 - Traffic signal,02 - Intersection related,01 - Daylight,03 - P.D. only,99 - Other,Downtown
10939,O'CONNOR ST @ WELLINGTON ST,367414.0337,5031721.914,-75.69989,45.42263,2017-03-29,5:38:00 PM,01 - Clear,01 - Dry,01 - Traffic signal,03 - At intersection,01 - Daylight,03 - P.D. only,05 - Turning movement,Downtown
10940,O'CONNOR ST btwn ALBERT ST & SLATER ST,367547.7909,5031506.648,-75.69821,45.42068,2017-03-31,8:16:00 AM,01 - Clear,01 - Dry,10 - No control,01 - Non intersection,01 - Daylight,03 - P.D. only,06 - SMV unattended vehicle,Downtown
10941,O'CONNOR ST btwn COOPER ST & SOMERSET ST W,367833.971,5031044.681,-75.69462,45.4165,2017-11-09,12:10:00 PM,01 - Clear,01 - Dry,10 - No control,01 - Non intersection,01 - Daylight,03 - P.D. only,04 - Sideswipe,Centretown
10942,O'CONNOR ST btwn FIFTH AVE & HOLMWOOD AVE,368740.6513,5029484.612,-75.68323,45.40238,2017-11-26,2:04:00 AM,01 - Clear,02 - Wet,10 - No control,01 - Non intersection,07 - Dark,03 - P.D. only,04 - Sideswipe,The Glebe
10943,O'CONNOR ST btwn GLADSTONE AVE & MCLEOD ST,368081.0657,5030645.192,-75.69151,45.41288,2017-11-25,2:05:00 PM,01 - Clear,01 - Dry,10 - No control,01 - Non intersection,01 - Daylight,03 - P.D. only,04 - Sideswipe,Centretown
10944,O'CONNOR ST btwn GLOUCESTER ST & NEPEAN ST,367695.235,5031266.86,-75.69636,45.41851,2017-03-15,12:00:00 AM,03 - Snow,05 - Packed snow,10 - No control,01 - Non intersection,00 - Unknown,03 - P.D. only,06 - SMV unattended vehicle,Centretown
10945,O'CONNOR ST btwn LISGAR ST & COOPER ST,367765.0372,5031155.931,-75.69548,45.41751,2017-08-18,4:05:00 PM,01 - Clear,01 - Dry,10 - No control,01 - Non intersection,01 - Daylight,03 - P.D. only,06 - SMV unattended vehicle,Centretown
10946,O'CONNOR ST btwn MACLAREN ST & GILMOUR ST,367936.3237,5030880.65,-75.69333,45.41501,2017-08-15,11:20:00 AM,01 - Clear,01 - Dry,10 - No control,01 - Non intersection,01 - Daylight,02 - Non-fatal injury,07 - SMV other,Centretown
10947,O'CONNOR ST btwn MACLAREN ST & GILMOUR ST,367915.082,5030915.686,-75.6936,45.41533,2017-10-10,10:20:00 AM,01 - Clear,01 - Dry,10 - No control,01 - Non intersection,01 - Daylight,03 - P.D. only,06 - SMV unattended vehicle,Centretown
10948,O'CONNOR ST btwn MACLAREN ST & GILMOUR ST,367923.6397,5030901.784,-75.69349,45.4152,2017-11-08,6:32:00 PM,01 - Clear,01 - Dry,10 - No control,01 - Non intersection,07 - Dark,03 - P.D. only,04 - Sideswipe,Centretown
10949,O'CONNOR ST btwn SPARKS ST & QUEEN ST,367466.8765,5031632.95,-75.69923,45.42182,2017-10-06,10:45:00 AM,01 - Clear,01 - Dry,10 - No control,01 - Non intersection,01 - Daylight,03 - P.D. only,99 - Other,Downtown
10950,O'CONNOR ST btwn WAVERLEY ST & FRANK ST,368035.4948,5030722.019,-75.69208,45.41358,2017-11-11,12:00:00 AM,01 - Clear,01 - Dry,10 - No control,01 - Non intersection,00 - Unknown,03 - P.D. only,06 - SMV unattended vehicle,Centretown
10951,O'CONNOR ST btwn WELLINGTON ST & SPARKS ST,367420.7226,5031709.873,-75.69981,45.42252,2017-11-15,9:37:00 AM,01 - Clear,01 - Dry,10 - No control,01 - Non intersection,01 - Daylight,03 - P.D. only,04 - Sideswipe,Downtown
10952,ODESSA WAY btwn COBBLE HILL DR & NEWBURGH PL,360934.641,5015220.785,-75.78456,45.2747,2017-03-07,10:00:00 AM,04 - Freezing Rain,06 - Ice,10 - No control,01 - Non intersection,01 - Daylight,03 - P.D. only,06 - SMV unattended vehicle,Munster Hamlet - Richmond
10953,OGILVIE RD @ 125 E OF ELMLEA GT,375093.9333,5033550.369,-75.60151,45.43835,2017-03-11,1:00:00 PM,01 - Clear,01 - Dry,01 - Traffic signal,02 - Intersection related,01 - Daylight,03 - P.D. only,03 - Rear end,Beacon Hill South - Cardinal Heights
10954,OGILVIE RD @ BATHGATE DR/CITYPARK DR W,373827.192,5032800.149,-75.6178,45.43173,2017-06-20,8:06:00 AM,02 - Rain,02 - Wet,01 - Traffic signal,02 - Intersection related,01 - Daylight,03 - P.D. only,04 - Sideswipe,Industrial Park
10955,OGILVIE RD @ BATHGATE DR/CITYPARK DR W,373829.0566,5032801.914,-75.61778,45.43174,2017-07-21,4:02:00 PM,01 - Clear,01 - Dry,01 - Traffic signal,03 - At intersection,01 - Daylight,03 - P.D. only,02 - Angle,Industrial Park
10956,OGILVIE RD @ BATHGATE DR/CITYPARK DR W,373828.1078,5032801.051,-75.61779,45.43174,2017-10-11,3:00:00 PM,01 - Clear,01 - Dry,01 - Traffic signal,02 - Intersection related,01 - Daylight,03 - P.D. only,03 - Rear end,Industrial Park
10957,OGILVIE RD @ BATHGATE DR/CITYPARK DR W,373829.7254,5032799.908,-75.61777,45.43173,2017-11-27,12:14:00 PM,01 - Clear,06 - Ice,01 - Traffic signal,03 - At intersection,01 - Daylight,03 - P.D. only,02 - Angle,Industrial Park
10958,OGILVIE RD @ BATHGATE DR/CITYPARK DR W,373831.049,5032801.84,-75.61775,45.43174,2017-01-09,6:30:00 PM,01 - Clear,04 - Slush,01 - Traffic signal,02 - Intersection related,07 - Dark,03 - P.D. only,04 - Sideswipe,Industrial Park
10959,OGILVIE RD @ BATHGATE DR/CITYPARK DR W,373829.0566,5032801.245,-75.61778,45.43174,2017-02-18,12:10:00 PM,01 - Clear,02 - Wet,01 - Traffic signal,03 - At intersection,01 - Daylight,02 - Non-fatal injury,02 - Angle,Industrial Park
10960,OGILVIE RD @ BATHGATE DR/CITYPARK DR W,373828.4357,5032800.386,-75.61779,45.43173,2017-01-20,2:48:00 PM,04 - Freezing Rain,02 - Wet,01 - Traffic signal,03 - At intersection,01 - Daylight,02 - Non-fatal injury,03 - Rear end,Industrial Park
10961,OGILVIE RD @ BATHGATE DR/CITYPARK DR W,373829.0566,5032799.908,-75.61778,45.43173,2017-03-04,12:30:00 AM,03 - Snow,06 - Ice,01 - Traffic signal,03 - At intersection,07 - Dark,03 - P.D. only,07 - SMV other,Industrial Park
10962,OGILVIE RD @ BATHGATE DR/CITYPARK DR W,373829.0566,5032799.239,-75.61778,45.43172,2017-04-09,10:06:00 PM,01 - Clear,01 - Dry,01 - Traffic signal,03 - At intersection,07 - Dark,03 - P.D. only,05 - Turning movement,Industrial Park
10963,OGILVIE RD @ BATHGATE DR/CITYPARK DR W,373829.0566,5032801.245,-75.61778,45.43174,2017-03-12,2:00:00 PM,01 - Clear,01 - Dry,01 - Traffic signal,02 - Intersection related,01 - Daylight,03 - P.D. only,03 - Rear end,Industrial Park
10964,OGILVIE RD @ BATHGATE DR/CITYPARK DR W,373827.8202,5032799.9,-75.61779,45.43173,2017-12-29,10:41:00 AM,01 - Clear,01 - Dry,01 - Traffic signal,02 - Intersection related,01 - Daylight,02 - Non-fatal injury,03 - Rear end,Industrial Park
10965,OGILVIE RD @ CITY PARK DR E/CSIS HQ ACCESS,374189.0627,5033011.246,-75.61315,45.43359,2017-05-18,7:13:00 PM,01 - Clear,01 - Dry,01 - Traffic signal,03 - At intersection,01 - Daylight,03 - P.D. only,03 - Rear end,Industrial Park
10966,OGILVIE RD @ CITY PARK DR E/CSIS HQ ACCESS,374189.7315,5033010.577,-75.61314,45.43358,2017-05-23,12:53:00 PM,01 - Clear,01 - Dry,01 - Traffic signal,03 - At intersection,01 - Daylight,02 - Non-fatal injury,03 - Rear end,Industrial Park
10967,OGILVIE RD @ CITY PARK DR E/CSIS HQ ACCESS,374187.7815,5033010.813,-75.61316,45.43359,2017-09-03,5:40:00 PM,02 - Rain,02 - Wet,01 - Traffic signal,02 - Intersection related,01 - Daylight,02 - Non-fatal injury,07 - SMV other,Industrial Park
10968,OGILVIE RD @ CITY PARK DR E/CSIS HQ ACCESS,374188.1144,5033008.988,-75.61316,45.43357,2017-10-13,11:42:00 AM,01 - Clear,01 - Dry,01 - Traffic signal,02 - Intersection related,01 - Daylight,03 - P.D. only,05 - Turning movement,Industrial Park
10969,OGILVIE RD @ CITY PARK DR E/CSIS HQ ACCESS,374187.7249,5033009.239,-75.61317,45.43357,2017-02-17,6:51:00 PM,01 - Clear,01 - Dry,01 - Traffic signal,03 - At intersection,07 - Dark,03 - P.D. only,05 - Turning movement,Industrial Park
10970,OGILVIE RD @ ELMLEA GT/SHOPPERS CITY EAST SC,374988.3795,5033486.437,-75.60287,45.43779,2017-08-23,5:50:00 PM,01 - Clear,01 - Dry,01 - Traffic signal,02 - Intersection related,01 - Daylight,03 - P.D. only,03 - Rear end,Beacon Hill South - Cardinal Heights
10971,OGILVIE RD @ ELMLEA GT/SHOPPERS CITY EAST SC,374987.9822,5033486.208,-75.60287,45.43778,2017-02-08,7:41:00 AM,01 - Clear,04 - Slush,01 - Traffic signal,03 - At intersection,01 - Daylight,03 - P.D. only,04 - Sideswipe,Beacon Hill South - Cardinal Heights
10972,OGILVIE RD @ ELMRIDGE DR/JASMINE CRES N,375420.9521,5034060.8,-75.59726,45.44291,2017-08-29,9:48:00 AM,01 - Clear,01 - Dry,01 - Traffic signal,02 - Intersection related,01 - Daylight,03 - P.D. only,04 - Sideswipe,Beacon Hill South - Cardinal Heights
10973,OGILVIE RD @ ELMRIDGE DR/JASMINE CRES N,375421.0646,5034060.578,-75.59725,45.44291,2017-11-26,10:15:00 AM,01 - Clear,01 - Dry,01 - Traffic signal,03 - At intersection,01 - Daylight,02 - Non-fatal injury,05 - Turning movement,Beacon Hill South - Cardinal Heights
10974,OGILVIE RD @ ELMRIDGE DR/JASMINE CRES N,375420.7301,5034059.221,-75.59726,45.4429,2017-01-11,4:27:00 PM,02 - Rain,02 - Wet,01 - Traffic signal,03 - At intersection,01 - Daylight,02 - Non-fatal injury,02 - Angle,Beacon Hill South - Cardinal Heights
10975,OGILVIE RD @ MATHESON RD/PALMERSTON DR,373379.7355,5032536.515,-75.62356,45.4294,2017-07-21,5:40:00 PM,01 - Clear,01 - Dry,01 - Traffic signal,02 - Intersection related,01 - Daylight,03 - P.D. only,03 - Rear end,Industrial Park
10976,OGILVIE RD @ MATHESON RD/PALMERSTON DR,373380.195,5032537.9,-75.62355,45.42941,2017-10-05,4:02:00 PM,01 - Clear,01 - Dry,01 - Traffic signal,02 - Intersection related,01 - Daylight,03 - P.D. only,03 - Rear end,Industrial Park
10977,OGILVIE RD @ MATHESON RD/PALMERSTON DR,373381.6959,5032537.387,-75.62353,45.42941,2017-02-22,12:24:00 PM,02 - Rain,02 - Wet,01 - Traffic signal,02 - Intersection related,01 - Daylight,02 - Non-fatal injury,03 - Rear end,Industrial Park
10978,OGILVIE RD btwn BATHGATE DR & CITY PARK DR (1),373841.7663,5032808.187,-75.61762,45.4318,2017-02-15,9:37:00 AM,03 - Snow,05 - Packed snow,10 - No control,01 - Non intersection,01 - Daylight,02 - Non-fatal injury,03 - Rear end,Industrial Park
10979,OGILVIE RD btwn BLAIR RD & DUNHAM ST,374686.256,5033301.043,-75.60675,45.43615,2017-01-25,8:46:00 PM,03 - Snow,06 - Ice,10 - No control,01 - Non intersection,07 - Dark,02 - Non-fatal injury,03 - Rear end,Beacon Hill South - Cardinal Heights
10980,OGILVIE RD btwn CADBORO RD & BATHGATE DR,373724.7087,5032740.376,-75.61912,45.4312,2017-11-16,4:45:00 PM,02 - Rain,02 - Wet,10 - No control,01 - Non intersection,05 - Dusk,02 - Non-fatal injury,03 - Rear end,Industrial Park
10981,OGILVIE RD btwn CITY PARK DR & BLAIR RD (2),374373.61,5033116.97,-75.61078,45.43452,2017-05-18,4:42:00 PM,01 - Clear,01 - Dry,10 - No control,01 - Non intersection,01 - Daylight,03 - P.D. only,04 - Sideswipe,Industrial Park
10982,OGILVIE RD btwn CITY PARK DR & BLAIR RD (2),374329.4628,5033092.889,-75.61134,45.43431,2017-12-01,7:44:00 PM,01 - Clear,01 - Dry,10 - No control,01 - Non intersection,07 - Dark,03 - P.D. only,03 - Rear end,Industrial Park
10983,OGILVIE RD btwn CITY PARK DR & BLAIR RD (2),374358.3979,5033112.402,-75.61097,45.43448,2017-12-08,10:43:00 AM,01 - Clear,01 - Dry,10 - No control,01 - Non intersection,01 - Daylight,03 - P.D. only,07 - SMV other,Industrial Park
10984,OGILVIE RD btwn COVENTRY RD & OGILVIE RD,372354.4925,5031956.892,-75.63674,45.42428,2017-06-16,11:56:00 AM,01 - Clear,01 - Dry,10 - No control,01 - Non intersection,01 - Daylight,03 - P.D. only,04 - Sideswipe,Cummings
10985,OGILVIE RD btwn CUMMINGS AVE & BEAULIEU PL,372821.105,5032208.207,-75.63074,45.4265,2017-06-15,3:45:00 PM,01 - Clear,01 - Dry,10 - No control,01 - Non intersection,01 - Daylight,03 - P.D. only,04 - Sideswipe,Industrial Park
10986,OGILVIE RD btwn CUMMINGS AVE & BEAULIEU PL,372789.4354,5032193.164,-75.63115,45.42637,2017-12-15,1:14:00 PM,03 - Snow,02 - Wet,10 - No control,01 - Non intersection,01 - Daylight,03 - P.D. only,03 - Rear end,Industrial Park
10987,OGILVIE RD btwn CUMMINGS AVE & BEAULIEU PL,372955.6919,5032284.085,-75.62901,45.42717,2017-12-01,1:26:00 PM,01 - Clear,01 - Dry,10 - No control,04 - At/near private drive,01 - Daylight,03 - P.D. only,04 - Sideswipe,Industrial Park
10988,OGILVIE RD btwn CUMMINGS AVE & BEAULIEU PL,372795.9387,5032195.28,-75.63106,45.42639,2017-01-05,1:48:00 PM,01 - Clear,02 - Wet,10 - No control,04 - At/near private drive,01 - Daylight,03 - P.D. only,02 - Angle,Industrial Park
10989,OGILVIE RD btwn ELMLEA GT & 125 E OF ELMLEA GT (2),375095.9557,5033552.609,-75.60148,45.43837,2017-10-16,12:37:00 PM,01 - Clear,01 - Dry,10 - No control,04 - At/near private drive,01 - Daylight,03 - P.D. only,03 - Rear end,Beacon Hill South - Cardinal Heights
10990,OGILVIE RD btwn ELMLEA GT & 125 E OF ELMLEA GT (2),375136.049,5033579.206,-75.60097,45.43861,2017-02-16,5:22:00 AM,01 - Clear,03 - Loose snow,10 - No control,04 - At/near private drive,07 - Dark,03 - P.D. only,02 - Angle,Beacon Hill South - Cardinal Heights
10991,OGILVIE RD btwn JASMINE CRES & ELMRIDGE DR,375414.0085,5033960.675,-75.59736,45.44201,2017-01-23,8:53:00 PM,01 - Clear,05 - Packed snow,10 - No control,01 - Non intersection,07 - Dark,03 - P.D. only,03 - Rear end,Beacon Hill South - Cardinal Heights
10992,OGILVIE RD btwn KENDER AVE & LA VERENDRYE DR,375386.3545,5035251.943,-75.59753,45.45363,2017-07-22,12:00:00 AM,01 - Clear,01 - Dry,10 - No control,01 - Non intersection,00 - Unknown,03 - P.D. only,06 - SMV unattended vehicle,Beacon Hill North
10993,OGILVIE RD btwn LA VERENDRYE DR & EASTVALE DR,375433.6855,5035132.163,-75.59694,45.45255,2017-06-26,1:30:00 PM,01 - Clear,01 - Dry,10 - No control,04 - At/near private drive,01 - Daylight,02 - Non-fatal injury,03 - Rear end,Beacon Hill North
10994,OGILVIE RD btwn MURDOCK GT & CUMMINGS AVE,372728.3189,5032159.636,-75.63193,45.42607,2017-11-20,3:38:00 PM,01 - Clear,01 - Dry,10 - No control,04 - At/near private drive,01 - Daylight,03 - P.D. only,02 - Angle,Cummings
10995,OGILVIE RD btwn MURDOCK GT & CUMMINGS AVE,372737.4632,5032164.957,-75.63182,45.42612,2017-02-14,12:09:00 PM,03 - Snow,02 - Wet,10 - No control,04 - At/near private drive,01 - Daylight,03 - P.D. only,05 - Turning movement,Cummings
10996,OGILVIE WALK CRES btwn AMBASSADOR AVE & AMBASSADOR AVE,374048.0402,5032652.343,-75.615,45.43038,2017-02-09,8:40:00 AM,01 - Clear,05 - Packed snow,10 - No control,04 - At/near private drive,01 - Daylight,03 - P.D. only,06 - SMV unattended vehicle,Industrial Park
10997,O'KEEFE CRT btwn FOXTAIL AVE & END,360143.5556,5014974.115,-75.79467,45.27255,2017-04-23,11:26:00 PM,01 - Clear,01 - Dry,10 - No control,01 - Non intersection,07 - Dark,02 - Non-fatal injury,07 - SMV other,Munster Hamlet - Richmond
10998,OLD ALMONTE RD btwn CORKERY RD & HOWIE RD,339054.4059,5013188.47,-76.06355,45.25782,2017-11-20,6:39:00 PM,01 - Clear,01 - Dry,10 - No control,01 - Non intersection,07 - Dark,03 - P.D. only,07 - SMV other,Carp - Hardwood Plains
10999,OLD ALMONTE RD btwn UPPER DWYER HILL RD & CORKERY RD,337942.0923,5012089.241,-76.0778,45.24798,2017-03-20,6:54:00 PM,01 - Clear,04 - Slush,10 - No control,01 - Non intersection,05 - Dusk,03 - P.D. only,07 - SMV other,Carp - Hardwood Plains
11000,OLD CARP RD @ SECOND LINE RD,347766.5992,5023538.459,-75.95165,45.35048,2017-08-11,8:37:00 AM,01 - Clear,01 - Dry,02 - Stop sign,03 - At intersection,01 - Daylight,03 - P.D. only,02 - Angle,Carp - Hardwood Plains
11001,OLD CARP RD @ SECOND LINE RD,347765.5137,5023538.859,-75.95167,45.35048,2017-09-08,11:03:00 AM,02 - Rain,02 - Wet,02 - Stop sign,03 - At intersection,01 - Daylight,02 - Non-fatal injury,02 - Angle,Carp - Hardwood Plains
11002,OLD CARP RD @ SECOND LINE RD,347766.5992,5023537.029,-75.95165,45.35046,2017-12-17,11:00:00 AM,01 - Clear,02 - Wet,02 - Stop sign,03 - At intersection,01 - Daylight,03 - P.D. only,07 - SMV other,Carp - Hardwood Plains
11003,OLD COUNTRY GT @ VIEWMOUNT DR,366771.6565,5023896.27,-75.70908,45.35227,2017-11-21,8:55:00 AM,01 - Clear,02 - Wet,02 - Stop sign,02 - Intersection related,01 - Daylight,03 - P.D. only,07 - SMV other,Borden Farm - Stewart Farm - Parkwood Hills - Fisher Glen
11004,OLD COUNTRY GT btwn VIEWMOUNT DR & HOMESTEAD ST,366803.7597,5023894.584,-75.70867,45.35226,2017-01-09,4:05:00 PM,01 - Clear,06 - Ice,10 - No control,01 - Non intersection,01 - Daylight,03 - P.D. only,06 - SMV unattended vehicle,Borden Farm - Stewart Farm - Parkwood Hills - Fisher Glen
11005,OLD INNES RD @ BANTREE ST,373726.1245,5030352.375,-75.61944,45.40971,2017-05-02,9:41:00 AM,01 - Clear,01 - Dry,02 - Stop sign,02 - Intersection related,01 - Daylight,03 - P.D. only,03 - Rear end,Industrial Park
11006,OLD INNES RD @ BANTREE ST,373727.6483,5030352.499,-75.61942,45.40971,2017-10-18,8:49:00 AM,01 - Clear,01 - Dry,02 - Stop sign,03 - At intersection,01 - Daylight,03 - P.D. only,05 - Turning movement,Industrial Park
11007,OLD INNES RD @ BANTREE ST,373727.7016,5030352.739,-75.61942,45.40972,2017-10-30,7:00:00 AM,02 - Rain,02 - Wet,02 - Stop sign,03 - At intersection,03 - Dawn,03 - P.D. only,05 - Turning movement,Industrial Park
11008,OLD INNES RD @ BANTREE ST,373728.674,5030351.911,-75.6194,45.40971,2017-10-04,4:00:00 PM,01 - Clear,01 - Dry,02 - Stop sign,03 - At intersection,01 - Daylight,03 - P.D. only,02 - Angle,Industrial Park
11009,OLD INNES RD btwn BANTREE ST & SHEFFIELD RD,373995.1141,5030500.743,-75.61598,45.41102,2017-11-06,3:36:00 AM,02 - Rain,02 - Wet,10 - No control,01 - Non intersection,07 - Dark,03 - P.D. only,07 - SMV other,Industrial Park
11010,OLD MONTREAL RD @ MARKET ST E/PETER HARKNESS L,390474.4161,5042552.989,-75.40338,45.51763,2017-07-04,1:10:00 PM,01 - Clear,01 - Dry,02 - Stop sign,03 - At intersection,01 - Daylight,03 - P.D. only,02 - Angle,Cumberland - Estates
11011,OLD MONTREAL RD @ MARKET ST E/PETER HARKNESS L,390473.5734,5042553.575,-75.40339,45.51764,2017-07-20,10:42:00 PM,01 - Clear,01 - Dry,02 - Stop sign,02 - Intersection related,07 - Dark,03 - P.D. only,07 - SMV other,Cumberland - Estates
11012,OLD MONTREAL RD btwn BARNETT DR & PIERRETTE DR,391396.9243,5042646.422,-75.39156,45.51836,2017-11-29,11:40:00 AM,01 - Clear,02 - Wet,10 - No control,04 - At/near private drive,01 - Daylight,03 - P.D. only,07 - SMV other,Cumberland - Estates
11013,OLD MONTREAL RD btwn GERALD ST & Continuation of OLD MONTREAL RD,384961.9153,5039449.919,-75.47443,45.49037,2017-10-06,6:25:00 AM,01 - Clear,01 - Dry,10 - No control,04 - At/near private drive,03 - Dawn,03 - P.D. only,04 - Sideswipe,Cardinal Creek
11014,"OLD MONTREAL RD btwn GRAND-CH-NE, COUR DU CRT & TED KELLY LANE",386333.2955,5040850.684,-75.45666,45.50281,2017-12-03,12:52:00 AM,03 - Snow,02 - Wet,10 - No control,01 - Non intersection,07 - Dark,03 - P.D. only,07 - SMV other,Cumberland - Estates
11015,OLD MONTREAL RD btwn KING ARTHUR ST & QUIGLEY HILL RD,388585.7835,5041477.137,-75.42773,45.50818,2017-11-27,6:30:00 PM,01 - Clear,01 - Dry,10 - No control,01 - Non intersection,07 - Dark,03 - P.D. only,07 - SMV other,Cumberland - Estates
11016,OLD MONTREAL RD btwn KING ARTHUR ST & QUIGLEY HILL RD,388594.4332,5041466.138,-75.42762,45.50808,2017-01-09,7:02:00 AM,01 - Clear,06 - Ice,10 - No control,01 - Non intersection,03 - Dawn,03 - P.D. only,03 - Rear end,Cumberland - Estates
11017,OLD MONTREAL RD btwn KINSELLA DR & TO BE DETERMINED,392515.6862,5042703.256,-75.37723,45.51873,2017-11-25,11:15:00 PM,01 - Clear,02 - Wet,10 - No control,01 - Non intersection,07 - Dark,03 - P.D. only,07 - SMV other,Cumberland - Estates
11018,OLD MONTREAL RD btwn MEADOW LANE RD & KING ARTHUR ST,386838.4205,5040903.296,-75.45019,45.50323,2017-02-25,3:57:00 PM,02 - Rain,02 - Wet,10 - No control,01 - Non intersection,01 - Daylight,03 - P.D. only,07 - SMV other,Cumberland - Estates
11019,OLD MONTREAL RD btwn TO BE DETERMINED & BECKETT'S CREEK RD,392727.0533,5042597.685,-75.37454,45.51775,2017-12-16,9:56:00 PM,03 - Snow,03 - Loose snow,10 - No control,01 - Non intersection,07 - Dark,03 - P.D. only,03 - Rear end,Cumberland - Estates
11020,OLD MONTREAL RD E @ REGIONAL RD 174,394617.5626,5043035.93,-75.35027,45.52145,2017-01-06,7:49:00 PM,01 - Clear,02 - Wet,02 - Stop sign,03 - At intersection,07 - Dark,03 - P.D. only,02 - Angle,Cumberland - Estates
11021,OLD PRESCOTT RD @ PARKWAY RD,377888.8903,5013684.222,-75.56872,45.25932,2017-02-28,8:52:00 AM,01 - Clear,01 - Dry,01 - Traffic signal,03 - At intersection,01 - Daylight,03 - P.D. only,02 - Angle,Greely
11022,OLD PRESCOTT RD btwn CHRIS TIERNEY PRIV & BREANNA CARDILL ST,378417.123,5009458.166,-75.56262,45.22124,2017-07-10,1:43:00 PM,01 - Clear,01 - Dry,10 - No control,01 - Non intersection,01 - Daylight,02 - Non-fatal injury,07 - SMV other,Osgoode
11023,OLD PRESCOTT RD btwn CHRIS TIERNEY PRIV & BREANNA CARDILL ST,378507.5943,5009520.706,-75.56146,45.22179,2017-07-27,12:29:00 PM,01 - Clear,01 - Dry,10 - No control,01 - Non intersection,01 - Daylight,03 - P.D. only,07 - SMV other,Osgoode
11024,OLD RICHMOND RD @ SANIBEL PRIV N,357378.651,5019211.467,-75.82945,45.31089,2017-01-13,6:01:00 PM,01 - Clear,01 - Dry,10 - No control,02 - Intersection related,07 - Dark,03 - P.D. only,05 - Turning movement,Bells Corners West
11025,OLD RICHMOND RD @ SANIBEL PRIV S,357367.8159,5019164.68,-75.82959,45.31047,2017-04-21,7:42:00 AM,02 - Rain,02 - Wet,10 - No control,02 - Intersection related,01 - Daylight,03 - P.D. only,02 - Angle,Greenbelt
11026,OLD SECOND LINE RD @ TERRY FOX DR,348795.2,5022408.413,-75.93863,45.34024,2017-10-21,1:27:00 PM,01 - Clear,01 - Dry,01 - Traffic signal,02 - Intersection related,01 - Daylight,03 - P.D. only,03 - Rear end,South March
11027,OLD ST. PATRICK ST btwn BEAUSOLEIL DR & END,368496.128,5032972.258,-75.68591,45.43378,2017-12-21,9:20:00 PM,01 - Clear,06 - Ice,10 - No control,01 - Non intersection,07 - Dark,03 - P.D. only,06 - SMV unattended vehicle,Lower Town
11028,OLD ST. PATRICK ST btwn BEAUSOLEIL DR & PATRO ST,368566.7592,5033016.832,-75.685,45.43418,2017-11-16,5:00:00 PM,02 - Rain,02 - Wet,10 - No control,01 - Non intersection,07 - Dark,03 - P.D. only,06 - SMV unattended vehicle,Lower Town
11029,OLD TENTH LINE RD @ TENTH LINE RD,383042.493,5038359.218,-75.49916,45.48077,2017-11-03,2:54:00 PM,01 - Clear,01 - Dry,01 - Traffic signal,03 - At intersection,01 - Daylight,03 - P.D. only,03 - Rear end,Queenswood Heights
11030,OLD TENTH LINE RD @ TENTH LINE RD,383041.6807,5038358.31,-75.49917,45.48076,2017-11-16,4:45:00 PM,02 - Rain,02 - Wet,01 - Traffic signal,02 - Intersection related,05 - Dusk,03 - P.D. only,03 - Rear end,Queenswood Heights
11031,OLD TENTH LINE RD @ TENTH LINE RD,383042.7656,5038357.853,-75.49916,45.48076,2017-02-12,9:56:00 PM,03 - Snow,06 - Ice,01 - Traffic signal,03 - At intersection,07 - Dark,03 - P.D. only,02 - Angle,Queenswood Heights
11032,OLD TENTH LINE RD @ TENTH LINE RD,383042.3496,5038358.979,-75.49916,45.48077,2017-03-14,2:15:00 PM,03 - Snow,03 - Loose snow,01 - Traffic signal,02 - Intersection related,01 - Daylight,03 - P.D. only,03 - Rear end,Queenswood Heights
11033,OLD TENTH LINE RD @ TENTH LINE RD,383042.9619,5038358.742,-75.49915,45.48077,2017-12-19,7:25:00 AM,03 - Snow,03 - Loose snow,01 - Traffic signal,02 - Intersection related,03 - Dawn,03 - P.D. only,03 - Rear end,Queenswood Heights
11034,OLD TENTH LINE RD/OR174 IC101 RAMP63 @ ST. JOS,383118.331,5038786.392,-75.49812,45.48461,2017-06-23,8:51:00 AM,02 - Rain,02 - Wet,01 - Traffic signal,03 - At intersection,01 - Daylight,02 - Non-fatal injury,02 - Angle,Industrial Park
11035,OLD TENTH LINE RD/OR174 IC101 RAMP63 @ ST. JOS,383120.7474,5038786.932,-75.49809,45.48461,2017-05-16,9:56:00 PM,01 - Clear,01 - Dry,01 - Traffic signal,02 - Intersection related,07 - Dark,03 - P.D. only,07 - SMV other,Industrial Park