Record,Location,X,Y,Longitude,Latitude,Date,Time,Environment,Road_Surface,Traffic_Control,Collision_Location,Light,Collision_Classification,Impact_type,Neighborhood
11036,OLD TENTH LINE RD/OR174 IC101 RAMP63 @ ST. JOS,383119.4097,5038784.925,-75.49811,45.48459,2017-05-28,8:30:00 PM,01 - Clear,01 - Dry,01 - Traffic signal,02 - Intersection related,05 - Dusk,03 - P.D. only,03 - Rear end,Industrial Park
11037,OLD TENTH LINE RD/OR174 IC101 RAMP63 @ ST. JOS,383119.1678,5038785.385,-75.49811,45.4846,2017-06-30,8:30:00 AM,01 - Clear,01 - Dry,01 - Traffic signal,03 - At intersection,01 - Daylight,03 - P.D. only,02 - Angle,Industrial Park
11038,OLD TENTH LINE RD/OR174 IC101 RAMP63 @ ST. JOS,383119.2346,5038783.556,-75.49811,45.48458,2017-10-30,4:40:00 PM,01 - Clear,01 - Dry,01 - Traffic signal,02 - Intersection related,01 - Daylight,02 - Non-fatal injury,02 - Angle,Industrial Park
11039,OLD TENTH LINE RD/OR174 IC101 RAMP63 @ ST. JOS,383119.6333,5038785.446,-75.4981,45.4846,2017-09-29,3:00:00 PM,01 - Clear,01 - Dry,01 - Traffic signal,02 - Intersection related,01 - Daylight,03 - P.D. only,07 - SMV other,Industrial Park
11040,OLD TENTH LINE RD/OR174 IC101 RAMP63 @ ST. JOS,383118.0719,5038785.594,-75.49812,45.4846,2017-11-30,5:27:00 PM,03 - Snow,02 - Wet,01 - Traffic signal,03 - At intersection,07 - Dark,03 - P.D. only,05 - Turning movement,Industrial Park
11041,OLD TENTH LINE RD/OR174 IC101 RAMP63 @ ST. JOS,383121.283,5038784.022,-75.49808,45.48459,2017-02-12,4:23:00 PM,03 - Snow,04 - Slush,01 - Traffic signal,03 - At intersection,01 - Daylight,03 - P.D. only,02 - Angle,Industrial Park
11042,OLD TENTH LINE RD/OR174 IC101 RAMP63 @ ST. JOS,383117.8941,5038786.185,-75.49813,45.48461,2017-04-05,12:01:00 PM,01 - Clear,01 - Dry,01 - Traffic signal,03 - At intersection,01 - Daylight,02 - Non-fatal injury,02 - Angle,Industrial Park
11043,OLMSTEAD ST @ JEANNE MANCE ST,370466.4387,5032942.574,-75.66073,45.43333,2017-08-11,10:38:00 AM,01 - Clear,01 - Dry,02 - Stop sign,02 - Intersection related,01 - Daylight,02 - Non-fatal injury,04 - Sideswipe,Vanier South
11044,OLMSTEAD ST btwn GLADU ST & MCARTHUR AVE,370477.9188,5032782.569,-75.66061,45.43189,2017-05-02,12:00:00 AM,02 - Rain,02 - Wet,10 - No control,01 - Non intersection,07 - Dark,03 - P.D. only,06 - SMV unattended vehicle,Vanier South
11045,OLMSTEAD ST btwn LEVIS AVE & JEANNE MANCE ST,370460.9725,5032980.583,-75.6608,45.43368,2017-11-28,1:47:00 AM,01 - Clear,06 - Ice,10 - No control,01 - Non intersection,07 - Dark,03 - P.D. only,07 - SMV other,Vanier South
11046,ONSLOW CRES btwn BELGRAVE RD & ELLIOT AVE,369703.1664,5029702.659,-75.67091,45.40425,2017-01-11,12:06:00 AM,03 - Snow,04 - Slush,10 - No control,01 - Non intersection,07 - Dark,03 - P.D. only,03 - Rear end,Old Ottawa East
11047,ONTARIO ST @ NORTH RIVER RD,369938.0696,5032315.261,-75.66757,45.42774,2017-07-21,9:00:00 AM,01 - Clear,01 - Dry,02 - Stop sign,03 - At intersection,01 - Daylight,03 - P.D. only,02 - Angle,Vanier South
11048,OPUS ST btwn ROMINA ST & BRIGITTA ST,354637.629,5015254.428,-75.8648,45.27548,2017-11-23,9:00:00 PM,01 - Clear,01 - Dry,10 - No control,01 - Non intersection,07 - Dark,03 - P.D. only,07 - SMV other,Stittsville - Basswood
11049,OR174 IC101 RAMP45 btwn ST. JOSEPH BLVD & REGIONAL ROAD 174,383397.1844,5039299.396,-75.49447,45.48919,2017-09-28,6:33:00 AM,01 - Clear,01 - Dry,10 - No control,01 - Non intersection,03 - Dawn,02 - Non-fatal injury,03 - Rear end,Industrial Park
11050,OR174 IC102 RAMP15 @ PLACE D'ORLEANS DR,381879.9778,5038346.4,-75.51403,45.48079,2017-01-22,7:47:00 PM,01 - Clear,01 - Dry,01 - Traffic signal,03 - At intersection,07 - Dark,02 - Non-fatal injury,02 - Angle,Industrial Park
11051,OR174 IC102 RAMP36 btwn REGIONAL ROAD 174 & TRANSIT,381447.6349,5038216.186,-75.51958,45.47966,2017-10-19,12:45:00 AM,01 - Clear,01 - Dry,10 - No control,07 - Overpass or bridge,07 - Dark,03 - P.D. only,07 - SMV other,Orleans South West
11052,OR174 IC102 RAMP36 btwn REGIONAL ROAD 174 & TRANSIT,381052.551,5037970.644,-75.52467,45.4775,2017-11-23,11:26:00 AM,01 - Clear,01 - Dry,10 - No control,01 - Non intersection,01 - Daylight,03 - P.D. only,03 - Rear end,Orleans South West
11053,OR174 IC105 RAMP36/OR174 IC105 RAMP16 @ TRANSI,379308.0005,5037036.792,-75.54712,45.46928,2017-01-30,6:26:00 AM,01 - Clear,02 - Wet,03 - Yield sign,02 - Intersection related,07 - Dark,03 - P.D. only,03 - Rear end,Greenbelt
11054,OR174 IC109 RAMP54 btwn REGIONAL ROAD 174 & ST. JOSEPH BLVD,376565.2913,5034919.188,-75.5825,45.45052,2017-06-21,2:54:00 PM,01 - Clear,01 - Dry,10 - No control,01 - Non intersection,01 - Daylight,02 - Non-fatal injury,07 - SMV other,Greenbelt
11055,OR174 IC109 RAMP64 btwn OR174 IC109 RAMP66 & REGIONAL ROAD 174,376375.2536,5035092.237,-75.58491,45.45209,2017-07-24,6:16:00 AM,02 - Rain,02 - Wet,10 - No control,01 - Non intersection,01 - Daylight,02 - Non-fatal injury,04 - Sideswipe,Greenbelt
11056,OR174 IC109 RAMP64 btwn OR174 IC109 RAMP66 & REGIONAL ROAD 174,376528.5915,5035200.053,-75.58293,45.45305,2017-07-14,11:57:00 PM,02 - Rain,02 - Wet,10 - No control,01 - Non intersection,07 - Dark,03 - P.D. only,07 - SMV other,Greenbelt
11057,OR174 IC109 RAMP65 @ MONTREAL RD,376402.9258,5034982.299,-75.58457,45.4511,2017-04-28,6:46:00 PM,01 - Clear,01 - Dry,01 - Traffic signal,02 - Intersection related,01 - Daylight,03 - P.D. only,03 - Rear end,Beacon Hill South - Cardinal Heights
11058,OR174 IC109 RAMP65 @ MONTREAL RD,376402.988,5034982.003,-75.58457,45.4511,2017-05-06,11:30:00 AM,02 - Rain,02 - Wet,01 - Traffic signal,03 - At intersection,01 - Daylight,03 - P.D. only,02 - Angle,Beacon Hill South - Cardinal Heights
11059,OR174 IC109 RAMP65 @ MONTREAL RD,376402.7017,5034982.061,-75.58457,45.4511,2017-07-17,7:30:00 PM,01 - Clear,01 - Dry,01 - Traffic signal,02 - Intersection related,01 - Daylight,03 - P.D. only,03 - Rear end,Beacon Hill South - Cardinal Heights
11060,OR174 IC109 RAMP65 @ MONTREAL RD,376402.2358,5034982.534,-75.58458,45.4511,2017-09-28,6:45:00 AM,01 - Clear,01 - Dry,01 - Traffic signal,02 - Intersection related,03 - Dawn,02 - Non-fatal injury,03 - Rear end,Beacon Hill South - Cardinal Heights
11061,OR174 IC109 RAMP65 @ MONTREAL RD,376402.5536,5034982.252,-75.58457,45.4511,2017-09-28,7:17:00 AM,01 - Clear,01 - Dry,01 - Traffic signal,02 - Intersection related,01 - Daylight,03 - P.D. only,03 - Rear end,Beacon Hill South - Cardinal Heights
11062,OR174 IC109 RAMP65 @ MONTREAL RD,376402.646,5034982.897,-75.58457,45.45111,2017-10-24,11:16:00 AM,02 - Rain,02 - Wet,01 - Traffic signal,03 - At intersection,01 - Daylight,02 - Non-fatal injury,01 - Approaching,Beacon Hill South - Cardinal Heights
11063,OR174 IC109 RAMP65 @ MONTREAL RD,376404.3619,5034983.503,-75.58455,45.45111,2017-11-09,5:01:00 PM,01 - Clear,01 - Dry,01 - Traffic signal,02 - Intersection related,05 - Dusk,03 - P.D. only,03 - Rear end,Beacon Hill South - Cardinal Heights
11064,OR174 IC109 RAMP65 @ MONTREAL RD,376402.988,5034982.672,-75.58457,45.45111,2017-11-29,2:00:00 PM,01 - Clear,01 - Dry,01 - Traffic signal,03 - At intersection,01 - Daylight,03 - P.D. only,03 - Rear end,Beacon Hill South - Cardinal Heights
11065,OR174 IC109 RAMP65 @ MONTREAL RD,376403.2179,5034983.015,-75.58457,45.45111,2017-12-14,6:45:00 PM,01 - Clear,01 - Dry,01 - Traffic signal,02 - Intersection related,07 - Dark,03 - P.D. only,03 - Rear end,Beacon Hill South - Cardinal Heights
11066,OR174 IC109 RAMP65 @ MONTREAL RD,376402.7601,5034983.078,-75.58457,45.45111,2017-12-07,6:07:00 AM,01 - Clear,01 - Dry,01 - Traffic signal,02 - Intersection related,07 - Dark,03 - P.D. only,07 - SMV other,Beacon Hill South - Cardinal Heights
11067,OR174 IC109 RAMP65 @ MONTREAL RD,376403.6569,5034983.341,-75.58456,45.45111,2017-02-15,9:00:00 AM,03 - Snow,03 - Loose snow,01 - Traffic signal,03 - At intersection,01 - Daylight,02 - Non-fatal injury,02 - Angle,Beacon Hill South - Cardinal Heights
11068,OR174 IC109 RAMP65 @ MONTREAL RD,376402.1386,5034983.224,-75.58458,45.45111,2017-01-18,5:35:00 AM,04 - Freezing Rain,06 - Ice,01 - Traffic signal,02 - Intersection related,07 - Dark,03 - P.D. only,04 - Sideswipe,Beacon Hill South - Cardinal Heights
11069,OR174 IC109 RAMP65 @ MONTREAL RD,376403.2702,5034982.496,-75.58457,45.4511,2017-02-15,9:24:00 AM,03 - Snow,04 - Slush,01 - Traffic signal,02 - Intersection related,01 - Daylight,02 - Non-fatal injury,03 - Rear end,Beacon Hill South - Cardinal Heights
11070,OR174 IC109 RAMP65 @ MONTREAL RD,376403.4815,5034983.174,-75.58456,45.45111,2017-02-11,11:30:00 AM,03 - Snow,02 - Wet,01 - Traffic signal,02 - Intersection related,01 - Daylight,03 - P.D. only,99 - Other,Beacon Hill South - Cardinal Heights
11071,OR174 IC109 RAMP65 @ MONTREAL RD,376402.433,5034982.846,-75.58458,45.45111,2017-12-19,6:00:00 AM,01 - Clear,03 - Loose snow,01 - Traffic signal,02 - Intersection related,07 - Dark,03 - P.D. only,03 - Rear end,Beacon Hill South - Cardinal Heights
11072,OR174 IC109 RAMP66 @ MONTREAL RD,376297.8096,5034935.21,-75.58592,45.45069,2017-08-23,5:04:00 PM,01 - Clear,01 - Dry,03 - Yield sign,02 - Intersection related,01 - Daylight,03 - P.D. only,03 - Rear end,Beacon Hill South - Cardinal Heights
11073,OR174 IC112 RAMP15 btwn BLAIR RD & REGIONAL ROAD 174,375099.0355,5033041.793,-75.60152,45.43377,2017-09-22,7:46:00 PM,01 - Clear,08 - Loose sand or gravel,10 - No control,01 - Non intersection,07 - Dark,02 - Non-fatal injury,07 - SMV other,Greenbelt
11074,OR174 IC112 RAMP15 btwn BLAIR RD & REGIONAL ROAD 174,375043.612,5032960.457,-75.60224,45.43305,2017-10-05,8:07:00 PM,01 - Clear,01 - Dry,10 - No control,01 - Non intersection,07 - Dark,03 - P.D. only,07 - SMV other,Greenbelt
11075,OR174 IC112 RAMP51 btwn REGIONAL ROAD 174 & OR174 IC112 RAMP52,374967.3813,5032878.438,-75.60322,45.43232,2017-03-28,12:56:00 PM,01 - Clear,01 - Dry,10 - No control,01 - Non intersection,01 - Daylight,03 - P.D. only,07 - SMV other,Greenbelt
11076,ORANGEVILLE ST btwn BOOTH ST & LEBRETON ST S,366931.1004,5029587.867,-75.70633,45.40347,2017-07-20,12:00:00 AM,01 - Clear,01 - Dry,10 - No control,01 - Non intersection,07 - Dark,03 - P.D. only,06 - SMV unattended vehicle,The Glebe Annex
11077,ORCHARDVIEW AVE @ GARDENWAY DR,384734.6701,5036807.1,-75.47777,45.46662,2017-09-03,4:32:00 PM,02 - Rain,02 - Wet,02 - Stop sign,03 - At intersection,01 - Daylight,03 - P.D. only,02 - Angle,Fallingbrook
11078,ORCHARDVIEW AVE @ GARDENWAY DR,384735.3631,5036806.834,-75.47776,45.46661,2017-12-02,10:45:00 AM,01 - Clear,01 - Dry,02 - Stop sign,03 - At intersection,01 - Daylight,03 - P.D. only,02 - Angle,Fallingbrook
11079,ORCHARDVIEW AVE @ GARDENWAY DR,384735.763,5036806.929,-75.47776,45.46662,2017-01-14,10:22:00 AM,01 - Clear,01 - Dry,02 - Stop sign,03 - At intersection,01 - Daylight,02 - Non-fatal injury,02 - Angle,Fallingbrook
11080,ORCHARDVIEW AVE btwn NORTHAMPTON DR & GARDENWAY DR,384728.9313,5036821.069,-75.47784,45.46674,2017-12-19,4:33:00 PM,01 - Clear,05 - Packed snow,10 - No control,04 - At/near private drive,05 - Dusk,02 - Non-fatal injury,99 - Other,Fallingbrook
11081,ORCHARDVIEW AVE btwn NORTHAMPTON DR & GARDENWAY DR,384687.0595,5036933.949,-75.47836,45.46776,2017-12-23,7:16:00 PM,01 - Clear,02 - Wet,10 - No control,01 - Non intersection,07 - Dark,03 - P.D. only,06 - SMV unattended vehicle,Fallingbrook
11082,ORLEANS BLVD @ LONGLEAF DR N/SILVERBIRCH ST,380738.4832,5034033.615,-75.5293,45.44211,2017-12-08,5:55:00 PM,01 - Clear,01 - Dry,02 - Stop sign,02 - Intersection related,07 - Dark,03 - P.D. only,04 - Sideswipe,Chapel Hill South
11083,ORLEANS BLVD @ MAPLE RUN AVE/BEAUSEJOUR DR S,380575.3966,5035316.689,-75.53118,45.45367,2017-08-03,9:25:00 PM,01 - Clear,01 - Dry,01 - Traffic signal,02 - Intersection related,07 - Dark,03 - P.D. only,05 - Turning movement,Orleans Village - Chateauneuf
11084,ORLEANS BLVD @ MAPLE RUN AVE/BEAUSEJOUR DR S,380572.7539,5035315.298,-75.53122,45.45366,2017-01-28,1:43:00 PM,01 - Clear,02 - Wet,01 - Traffic signal,03 - At intersection,01 - Daylight,02 - Non-fatal injury,05 - Turning movement,Orleans Village - Chateauneuf
11085,ORLEANS BLVD @ MAPLE RUN AVE/BEAUSEJOUR DR S,380572.4631,5035316.193,-75.53122,45.45367,2017-12-27,4:10:00 PM,01 - Clear,01 - Dry,01 - Traffic signal,03 - At intersection,05 - Dusk,03 - P.D. only,02 - Angle,Orleans Village - Chateauneuf
11086,ORLEANS BLVD @ NAVAN RD,380596.5181,5033091.479,-75.53125,45.43365,2017-07-11,4:34:00 PM,01 - Clear,01 - Dry,02 - Stop sign,02 - Intersection related,01 - Daylight,03 - P.D. only,01 - Approaching,Chapel Hill South
11087,ORLEANS BLVD @ NAVAN RD,380597.4649,5033091.51,-75.53124,45.43365,2017-09-05,8:50:00 AM,01 - Clear,01 - Dry,02 - Stop sign,02 - Intersection related,01 - Daylight,03 - P.D. only,03 - Rear end,Chapel Hill South
11088,ORLEANS BLVD @ NAVAN RD,380594.1839,5033095.712,-75.53128,45.43369,2017-11-12,3:16:00 PM,01 - Clear,01 - Dry,02 - Stop sign,03 - At intersection,01 - Daylight,03 - P.D. only,02 - Angle,Chapel Hill South
11089,ORLEANS BLVD @ NAVAN RD,380597.0608,5033091.476,-75.53125,45.43365,2017-02-07,7:18:00 AM,01 - Clear,04 - Slush,02 - Stop sign,03 - At intersection,01 - Daylight,03 - P.D. only,02 - Angle,Chapel Hill South
11090,ORLEANS BLVD @ PINEGLADE CRES/CRESTMONT PL,380610.0035,5034138.432,-75.53092,45.44307,2017-02-15,9:00:00 AM,03 - Snow,03 - Loose snow,02 - Stop sign,03 - At intersection,01 - Daylight,03 - P.D. only,05 - Turning movement,Chapel Hill South
11091,ORLEANS BLVD @ ST. JOSEPH BLVD,380631.7377,5036980.59,-75.5302,45.46864,2017-06-09,6:30:00 PM,01 - Clear,01 - Dry,01 - Traffic signal,02 - Intersection related,01 - Daylight,03 - P.D. only,05 - Turning movement,Orleans Village - Chateauneuf
11092,ORLEANS BLVD @ ST. JOSEPH BLVD,380632.6845,5036980.827,-75.53019,45.46864,2017-08-25,3:52:00 PM,01 - Clear,01 - Dry,01 - Traffic signal,03 - At intersection,01 - Daylight,02 - Non-fatal injury,05 - Turning movement,Orleans Village - Chateauneuf
11093,ORLEANS BLVD @ ST. JOSEPH BLVD,380629.9112,5036982.112,-75.53023,45.46865,2017-08-10,10:52:00 AM,01 - Clear,01 - Dry,01 - Traffic signal,02 - Intersection related,01 - Daylight,03 - P.D. only,03 - Rear end,Industrial Park
11094,ORLEANS BLVD @ ST. JOSEPH BLVD,380631.7377,5036980.215,-75.53021,45.46863,2017-02-08,4:02:00 PM,01 - Clear,02 - Wet,01 - Traffic signal,03 - At intersection,01 - Daylight,02 - Non-fatal injury,07 - SMV other,Orleans Village - Chateauneuf
11095,ORLEANS BLVD @ ST. JOSEPH BLVD,380631.195,5036980.861,-75.53021,45.46864,2017-01-22,1:36:00 AM,02 - Rain,02 - Wet,01 - Traffic signal,02 - Intersection related,07 - Dark,02 - Non-fatal injury,07 - SMV other,Industrial Park
11096,ORLEANS BLVD @ ST. JOSEPH BLVD,380630.7344,5036980.59,-75.53022,45.46864,2017-04-05,12:00:00 PM,01 - Clear,01 - Dry,01 - Traffic signal,02 - Intersection related,01 - Daylight,02 - Non-fatal injury,03 - Rear end,Industrial Park
11097,ORLEANS BLVD @ ST. JOSEPH BLVD,380631.5786,5036980.705,-75.53021,45.46864,2017-03-10,12:01:00 PM,01 - Clear,01 - Dry,01 - Traffic signal,02 - Intersection related,01 - Daylight,03 - P.D. only,07 - SMV other,Industrial Park
11098,ORLEANS BLVD @ ST. JOSEPH BLVD,380632.2111,5036979.88,-75.5302,45.46863,2017-12-30,10:55:00 AM,01 - Clear,06 - Ice,01 - Traffic signal,02 - Intersection related,01 - Daylight,03 - P.D. only,03 - Rear end,Orleans Village - Chateauneuf
11099,ORLEANS BLVD btwn BOYER RD & BEAUSEJOUR DR,380996.276,5035521.931,-75.52577,45.45547,2017-01-09,12:25:00 AM,01 - Clear,03 - Loose snow,10 - No control,01 - Non intersection,07 - Dark,03 - P.D. only,03 - Rear end,Orleans Village - Chateauneuf
11100,ORLEANS BLVD btwn BOYER RD & BEAUSEJOUR DR,381103.3462,5035721.488,-75.52437,45.45726,2017-03-08,7:45:00 AM,01 - Clear,02 - Wet,10 - No control,04 - At/near private drive,01 - Daylight,03 - P.D. only,04 - Sideswipe,Orleans Village - Chateauneuf
11101,ORLEANS BLVD btwn BROKEN OAK DR & JEANNE D'ARC BLVD N,379985.8513,5038200.307,-75.53828,45.47968,2017-10-11,3:28:00 PM,01 - Clear,01 - Dry,10 - No control,01 - Non intersection,01 - Daylight,02 - Non-fatal injury,03 - Rear end,Orleans South West
11102,ORLEANS BLVD btwn BROKEN OAK DR & JEANNE D'ARC BLVD N,379915.8584,5038273.287,-75.53916,45.48034,2017-10-22,9:40:00 PM,01 - Clear,01 - Dry,10 - No control,01 - Non intersection,07 - Dark,03 - P.D. only,07 - SMV other,Orleans South West
11103,ORLEANS BLVD btwn FOREST VALLEY DR & MEADOWGLEN DR,380280.2079,5034725.151,-75.53505,45.44838,2017-01-08,8:06:00 PM,01 - Clear,02 - Wet,10 - No control,01 - Non intersection,07 - Dark,03 - P.D. only,04 - Sideswipe,Orleans Village - Chateauneuf
11104,ORLEANS BLVD btwn FORTUNE DR & LUMBERMAN WAY,380318.3272,5037538.337,-75.53413,45.47369,2017-12-29,5:36:00 AM,03 - Snow,03 - Loose snow,10 - No control,01 - Non intersection,07 - Dark,02 - Non-fatal injury,07 - SMV other,Orleans South West
11105,ORLEANS BLVD btwn JEANNE D'ARC BLVD S & BEAUSEJOUR DR,381011.6031,5036046.362,-75.52549,45.46019,2017-05-20,1:45:00 PM,01 - Clear,01 - Dry,10 - No control,04 - At/near private drive,01 - Daylight,03 - P.D. only,02 - Angle,Orleans Village - Chateauneuf
11106,ORLEANS BLVD btwn LUMBERMAN WAY & ST. JOSEPH BLVD,380618.4833,5036999.762,-75.53037,45.46881,2017-10-31,6:32:00 AM,01 - Clear,01 - Dry,10 - No control,04 - At/near private drive,03 - Dawn,03 - P.D. only,02 - Angle,Industrial Park
11107,ORLEANS BLVD btwn LUMBERMAN WAY & ST. JOSEPH BLVD,380628.167,5036985.091,-75.53025,45.46868,2017-03-01,4:00:00 PM,02 - Rain,02 - Wet,10 - No control,04 - At/near private drive,01 - Daylight,03 - P.D. only,02 - Angle,Industrial Park
11108,ORLEANS BLVD btwn LUMBERMAN WAY & ST. JOSEPH BLVD,380575.1292,5037061.331,-75.53092,45.46937,2017-03-02,3:06:00 PM,01 - Clear,01 - Dry,10 - No control,04 - At/near private drive,01 - Daylight,03 - P.D. only,05 - Turning movement,Industrial Park
11109,ORMROD RD btwn WORLEY ST & FLEWELLYN RD,341912.8106,5002312.406,-76.02794,45.15981,2017-12-12,6:57:00 PM,03 - Snow,05 - Packed snow,10 - No control,01 - Non intersection,07 - Dark,03 - P.D. only,07 - SMV other,Munster Hamlet - Richmond
11110,ORMROD RD btwn WORLEY ST & FLEWELLYN RD,341887.1851,5002303.158,-76.02827,45.15973,2017-11-15,3:43:00 AM,01 - Clear,01 - Dry,10 - No control,01 - Non intersection,07 - Dark,02 - Non-fatal injury,07 - SMV other,Munster Hamlet - Richmond
11111,ORTONA AVE btwn FALAISE RD & STORMONT ST,366945.0726,5024593.172,-75.70678,45.35853,2017-09-11,3:25:00 PM,01 - Clear,01 - Dry,10 - No control,04 - At/near private drive,01 - Daylight,02 - Non-fatal injury,06 - SMV unattended vehicle,Carleton Heights - Rideauview
11112,ORTONA AVE N @ NORMANDY CRES N,366830.2565,5024871.872,-75.70821,45.36105,2017-08-09,2:24:00 PM,01 - Clear,01 - Dry,02 - Stop sign,03 - At intersection,01 - Daylight,02 - Non-fatal injury,02 - Angle,Carleton Heights - Rideauview
11113,OSGOODE MAIN ST btwn 2ND LINE RD & BLANCHFIELD RD,377225.4502,5002451.448,-75.57881,45.15832,2017-06-08,3:31:00 PM,01 - Clear,01 - Dry,10 - No control,01 - Non intersection,01 - Daylight,03 - P.D. only,07 - SMV other,Kars - Osgoode
11114,OSGOODE MAIN ST btwn ELIZABETH ST & VANCE ST,375160.7733,5001137.083,-75.60525,45.1467,2017-03-23,8:24:00 AM,01 - Clear,01 - Dry,10 - No control,01 - Non intersection,01 - Daylight,03 - P.D. only,06 - SMV unattended vehicle,Kars - Osgoode
11115,OSGOODE MAIN ST btwn OLD GEORGE ST & ROBERT DOWD ST,374839.2554,5000908.13,-75.60937,45.14467,2017-12-22,12:00:00 PM,03 - Snow,03 - Loose snow,10 - No control,04 - At/near private drive,01 - Daylight,03 - P.D. only,03 - Rear end,Kars - Osgoode
11116,OSGOODE ST @ RANGE RD,369498.0977,5032250.003,-75.6732,45.42719,2017-09-12,1:25:00 PM,01 - Clear,01 - Dry,02 - Stop sign,02 - Intersection related,01 - Daylight,03 - P.D. only,06 - SMV unattended vehicle,Sandy Hill
11117,OSGOODE ST @ SWEETLAND AVE,369064.3278,5031983.889,-75.67877,45.42484,2017-07-30,6:29:00 PM,01 - Clear,01 - Dry,02 - Stop sign,03 - At intersection,01 - Daylight,03 - P.D. only,02 - Angle,Sandy Hill
11118,OSGOODE ST @ SWEETLAND AVE,369066.04,5031983.24,-75.67875,45.42483,2017-04-02,9:05:00 PM,01 - Clear,01 - Dry,02 - Stop sign,02 - Intersection related,07 - Dark,02 - Non-fatal injury,07 - SMV other,Sandy Hill
11119,OSGOODE ST btwn BLACKBURN AVE & GOULBURN AVE,369356.9461,5032163.173,-75.67501,45.42642,2017-02-25,6:53:00 PM,01 - Clear,01 - Dry,10 - No control,01 - Non intersection,07 - Dark,03 - P.D. only,06 - SMV unattended vehicle,Sandy Hill
11120,OSNABROOK PRIV btwn DUNDONALD DR & KILBIRNIE DR,365547.3464,5012190.197,-75.72614,45.24705,2017-08-28,7:00:00 AM,01 - Clear,01 - Dry,10 - No control,04 - At/near private drive,01 - Daylight,03 - P.D. only,06 - SMV unattended vehicle,New Barrhaven
11121,OTHELLO AVE @ PLEASANT PARK RD,373447.8932,5028736.214,-75.62322,45.3952,2017-11-17,7:44:00 PM,01 - Clear,01 - Dry,02 - Stop sign,02 - Intersection related,07 - Dark,03 - P.D. only,02 - Angle,Urbandale
11122,OTHELLO AVE @ PLEASANT PARK RD,373447.2686,5028737.273,-75.62322,45.39521,2017-01-18,8:49:00 AM,04 - Freezing Rain,04 - Slush,02 - Stop sign,02 - Intersection related,01 - Daylight,03 - P.D. only,02 - Angle,Urbandale
11123,O'TOOLE RD btwn INNES RD & FRENCH HILL RD,389199.3011,5038037.77,-75.42047,45.47716,2017-07-03,6:55:00 AM,01 - Clear,01 - Dry,10 - No control,01 - Non intersection,01 - Daylight,03 - P.D. only,07 - SMV other,Navan - Vars
11124,OTTAWA RIVER PKWY @ ISLAND PARK DR,363299.1268,5029453.348,-75.75274,45.40257,2017-08-24,7:15:00 AM,01 - Clear,01 - Dry,01 - Traffic signal,02 - Intersection related,01 - Daylight,03 - P.D. only,99 - Other,Westboro
11125,OTTAWA RIVER PKWY @ ISLAND PARK DR,363298.6645,5029453.572,-75.75275,45.40258,2017-09-22,9:05:00 AM,01 - Clear,01 - Dry,01 - Traffic signal,02 - Intersection related,01 - Daylight,03 - P.D. only,03 - Rear end,Westboro
11126,OTTAWA RIVER PKWY @ ISLAND PARK DR,363299.1732,5029454.28,-75.75274,45.40258,2017-10-30,11:29:00 AM,02 - Rain,02 - Wet,01 - Traffic signal,02 - Intersection related,01 - Daylight,02 - Non-fatal injury,03 - Rear end,Westboro
11127,OTTAWA RIVER PKWY @ ISLAND PARK DR,363299.0298,5029454.901,-75.75274,45.40259,2017-11-27,4:30:00 PM,02 - Rain,02 - Wet,01 - Traffic signal,02 - Intersection related,05 - Dusk,03 - P.D. only,03 - Rear end,Westboro
11128,OTTAWA RIVER PKWY @ ISLAND PARK DR,363298.7724,5029454.335,-75.75274,45.40258,2017-01-04,7:30:00 AM,04 - Freezing Rain,03 - Loose snow,01 - Traffic signal,02 - Intersection related,03 - Dawn,03 - P.D. only,03 - Rear end,Westboro
11129,OTTAWA RIVER PKWY @ ISLAND PARK DR,363301.2986,5029456.933,-75.75271,45.40261,2017-01-28,6:10:00 AM,"07 - Fog, mist, smoke, dust",99 - Other,01 - Traffic signal,02 - Intersection related,07 - Dark,02 - Non-fatal injury,07 - SMV other,Westboro
11130,OTTAWA RIVER PKWY @ ISLAND PARK DR,363298.6953,5029453.563,-75.75275,45.40258,2017-09-30,3:30:00 PM,01 - Clear,01 - Dry,01 - Traffic signal,02 - Intersection related,01 - Daylight,03 - P.D. only,03 - Rear end,Westboro
11131,OTTAWA RIVER PKWY @ ISLAND PARK DR,363298.6953,5029453.563,-75.75275,45.40258,2017-09-20,6:00:00 AM,01 - Clear,01 - Dry,01 - Traffic signal,02 - Intersection related,03 - Dawn,03 - P.D. only,03 - Rear end,Westboro
11132,OTTAWA RIVER PKWY @ ISLAND PARK DR,363298.6953,5029453.563,-75.75275,45.40258,2017-10-01,10:00:00 AM,01 - Clear,01 - Dry,01 - Traffic signal,03 - At intersection,01 - Daylight,03 - P.D. only,03 - Rear end,Westboro
11133,OTTAWA RIVER PKWY @ ISLAND PARK DR,363298.7029,5029453.572,-75.75275,45.40258,2017-09-06,10:48:00 AM,01 - Clear,01 - Dry,01 - Traffic signal,03 - At intersection,01 - Daylight,03 - P.D. only,03 - Rear end,Westboro
11134,OTTAWA RIVER PKWY @ ISLAND PARK DR,363298.5341,5029453.545,-75.75275,45.40258,2017-07-21,9:00:00 PM,01 - Clear,01 - Dry,01 - Traffic signal,03 - At intersection,05 - Dusk,03 - P.D. only,05 - Turning movement,Westboro
11135,OTTAWA RIVER PKWY @ ISLAND PARK DR,363300.0482,5029453.338,-75.75273,45.40257,2017-08-26,2:21:00 PM,01 - Clear,01 - Dry,01 - Traffic signal,02 - Intersection related,01 - Daylight,03 - P.D. only,03 - Rear end,Westboro