Record,Location,X,Y,Longitude,Latitude,Date,Time,Environment,Road_Surface,Traffic_Control,Collision_Location,Light,Collision_Classification,Impact_type,Neighborhood
11136,OTTAWA RIVER PKWY @ ISLAND PARK DR,363298.6953,5029453.563,-75.75275,45.40258,2017-12-15,6:40:00 AM,01 - Clear,06 - Ice,01 - Traffic signal,02 - Intersection related,07 - Dark,03 - P.D. only,05 - Turning movement,Westboro
11137,OTTAWA RIVER PKWY @ ISLAND PARK DR,363298.7003,5029453.607,-75.75275,45.40258,2017-02-25,3:00:00 PM,02 - Rain,02 - Wet,01 - Traffic signal,03 - At intersection,01 - Daylight,03 - P.D. only,03 - Rear end,Westboro
11138,OTTAWA RIVER PKWY @ ISLAND PARK DR,363299.2635,5029454.538,-75.75274,45.40258,2017-12-30,6:04:00 PM,03 - Snow,06 - Ice,01 - Traffic signal,03 - At intersection,07 - Dark,03 - P.D. only,03 - Rear end,Westboro
11139,OTTAWA RIVER PKWY @ ISLAND PARK DR,363298.6953,5029453.563,-75.75275,45.40258,2017-05-08,4:20:00 PM,01 - Clear,01 - Dry,01 - Traffic signal,03 - At intersection,01 - Daylight,03 - P.D. only,03 - Rear end,Westboro
11140,OTTAWA RIVER PKWY @ ISLAND PARK DR,363298.6953,5029453.563,-75.75275,45.40258,2017-08-01,4:45:00 PM,01 - Clear,01 - Dry,01 - Traffic signal,02 - Intersection related,01 - Daylight,02 - Non-fatal injury,03 - Rear end,Westboro
11141,OTTAWA RIVER PKWY @ ISLAND PARK DR,363298.6953,5029453.563,-75.75275,45.40258,2017-12-30,7:55:00 PM,01 - Clear,04 - Slush,01 - Traffic signal,02 - Intersection related,07 - Dark,03 - P.D. only,03 - Rear end,Westboro
11142,OTTAWA RIVER PKWY @ ISLAND PARK DR,363298.7823,5029453.322,-75.75274,45.40257,2017-03-13,3:55:00 PM,01 - Clear,01 - Dry,01 - Traffic signal,03 - At intersection,01 - Daylight,03 - P.D. only,04 - Sideswipe,Westboro
11143,OTTAWA RIVER PKWY @ ISLAND PARK DR,363298.6953,5029453.563,-75.75275,45.40258,2017-08-19,7:06:00 PM,01 - Clear,01 - Dry,01 - Traffic signal,02 - Intersection related,01 - Daylight,03 - P.D. only,02 - Angle,Westboro
11144,OTTAWA RIVER PKWY @ PORTAGE BRIDGE,366516.5423,5031314.633,-75.71141,45.41904,2017-05-23,5:28:00 PM,01 - Clear,01 - Dry,01 - Traffic signal,02 - Intersection related,01 - Daylight,03 - P.D. only,02 - Angle,LeBreton Flats
11145,OTTAWA RIVER PKWY @ PORTAGE BRIDGE,366515.9602,5031314.564,-75.71142,45.41904,2017-05-16,2:57:00 PM,01 - Clear,01 - Dry,01 - Traffic signal,02 - Intersection related,01 - Daylight,03 - P.D. only,99 - Other,LeBreton Flats
11146,OTTAWA RIVER PKWY @ PORTAGE BRIDGE,366516.2829,5031313.65,-75.71142,45.41904,2017-03-22,10:12:00 AM,01 - Clear,01 - Dry,01 - Traffic signal,02 - Intersection related,01 - Daylight,02 - Non-fatal injury,03 - Rear end,LeBreton Flats
11147,OTTAWA RIVER PKWY @ PORTAGE BRIDGE,366516.0945,5031313.174,-75.71142,45.41903,2017-04-02,10:50:00 PM,01 - Clear,01 - Dry,01 - Traffic signal,02 - Intersection related,07 - Dark,03 - P.D. only,04 - Sideswipe,LeBreton Flats
11148,OTTAWA RIVER PKWY @ PORTAGE BRIDGE,366516.2083,5031314.631,-75.71142,45.41904,2017-05-26,9:40:00 AM,01 - Clear,02 - Wet,01 - Traffic signal,02 - Intersection related,01 - Daylight,03 - P.D. only,03 - Rear end,LeBreton Flats
11149,OTTAWA RIVER PKWY @ PORTAGE BRIDGE,366516.0437,5031316.277,-75.71142,45.41906,2017-04-03,6:00:00 PM,02 - Rain,02 - Wet,01 - Traffic signal,02 - Intersection related,01 - Daylight,03 - P.D. only,04 - Sideswipe,LeBreton Flats
11150,OTTAWA RIVER PKWY @ REMIC RAPIDS ENT/TUNNEY'S,364263.2714,5030245.247,-75.74033,45.40962,2017-10-02,4:13:00 AM,01 - Clear,01 - Dry,01 - Traffic signal,02 - Intersection related,07 - Dark,03 - P.D. only,02 - Angle,Island Park
11151,OTTAWA RIVER PKWY @ REMIC RAPIDS ENT/TUNNEY'S,364263.2714,5030245.247,-75.74033,45.40962,2017-07-05,1:22:00 PM,01 - Clear,01 - Dry,01 - Traffic signal,02 - Intersection related,01 - Daylight,03 - P.D. only,03 - Rear end,Island Park
11152,OTTAWA RIVER PKWY @ REMIC RAPIDS ENT/TUNNEY'S,364263.2714,5030245.247,-75.74033,45.40962,2017-10-09,9:14:00 AM,02 - Rain,02 - Wet,01 - Traffic signal,02 - Intersection related,01 - Daylight,03 - P.D. only,07 - SMV other,Island Park
11153,OTTAWA RIVER PKWY @ REMIC RAPIDS ENT/TUNNEY'S,364263.271,5030245.247,-75.74033,45.40962,2017-12-23,5:00:00 PM,03 - Snow,04 - Slush,01 - Traffic signal,02 - Intersection related,07 - Dark,03 - P.D. only,05 - Turning movement,Island Park
11154,OTTAWA RIVER PKWY @ REMIC RAPIDS ENT/TUNNEY'S,364263.2714,5030245.247,-75.74033,45.40962,2017-05-20,2:47:00 PM,01 - Clear,01 - Dry,01 - Traffic signal,02 - Intersection related,01 - Daylight,03 - P.D. only,07 - SMV other,Island Park
11155,OTTAWA RIVER PKWY @ RIVER ST/SLIDELL ST,365156.7032,5030377.573,-75.7289,45.41073,2017-07-25,3:56:00 PM,01 - Clear,01 - Dry,01 - Traffic signal,02 - Intersection related,01 - Daylight,03 - P.D. only,03 - Rear end,Mechanicsville
11156,OTTAWA RIVER PKWY @ VIMY PLACE PRIV,365976.9947,5030795.715,-75.71837,45.41442,2017-02-02,7:58:00 AM,01 - Clear,02 - Wet,01 - Traffic signal,02 - Intersection related,01 - Daylight,03 - P.D. only,03 - Rear end,LeBreton Flats
11157,OTTAWA RIVER PKWY @ VIMY PLACE PRIV,365975.7409,5030796.728,-75.71839,45.41443,2017-03-09,3:16:00 PM,01 - Clear,01 - Dry,01 - Traffic signal,02 - Intersection related,01 - Daylight,03 - P.D. only,03 - Rear end,LeBreton Flats
11158,OTTAWA RIVER PKWY @ VIMY PLACE PRIV,365974.1886,5030798.493,-75.71841,45.41445,2017-12-28,3:45:00 PM,01 - Clear,06 - Ice,01 - Traffic signal,02 - Intersection related,01 - Daylight,02 - Non-fatal injury,03 - Rear end,LeBreton Flats
11159,OTTAWA RIVER PKWY @ WELLINGTON ST EB,366690.7407,5031277.586,-75.70919,45.4187,2017-04-29,12:42:00 PM,01 - Clear,01 - Dry,02 - Stop sign,02 - Intersection related,01 - Daylight,03 - P.D. only,03 - Rear end,Downtown
11160,OTTAWA RIVER PKWY @ WOODROFFE AVE,361427.54,5027003.395,-75.77693,45.38068,2017-01-04,8:29:00 AM,03 - Snow,03 - Loose snow,02 - Stop sign,02 - Intersection related,01 - Daylight,03 - P.D. only,03 - Rear end,Woodroffe - Lincoln Heights
11161,OTTAWA RIVER PKWY @ WOODROFFE AVE,361426.6816,5027002.537,-75.77694,45.38068,2017-10-23,7:30:00 PM,01 - Clear,01 - Dry,02 - Stop sign,02 - Intersection related,07 - Dark,03 - P.D. only,03 - Rear end,Woodroffe - Lincoln Heights
11162,OTTAWA RIVER PKWY @ WOODROFFE AVE,361427.4482,5027002.253,-75.77693,45.38067,2017-03-01,4:25:00 PM,02 - Rain,02 - Wet,02 - Stop sign,02 - Intersection related,01 - Daylight,03 - P.D. only,03 - Rear end,Woodroffe - Lincoln Heights
11163,OTTAWA RIVER PKWY btwn TRANSITWAY - TIME POINT & VIMY PLACE PRIV,365766.3056,5030525.56,-75.7211,45.41201,2017-06-22,2:30:00 PM,01 - Clear,01 - Dry,10 - No control,01 - Non intersection,01 - Daylight,03 - P.D. only,07 - SMV other,LeBreton Flats
11164,OTTAWA RIVER PKWY btwn VIMY PLACE PRIV & BOOTH ST,366093.7613,5030885.09,-75.71687,45.41522,2017-09-28,4:07:00 PM,00 - Unknown,01 - Dry,10 - No control,01 - Non intersection,01 - Daylight,03 - P.D. only,03 - Rear end,LeBreton Flats
11165,OTTAWA RIVER PKWY btwn VIMY PLACE PRIV & BOOTH ST,366227.7642,5030980.715,-75.71514,45.41607,2017-05-14,9:30:00 PM,02 - Rain,02 - Wet,10 - No control,01 - Non intersection,07 - Dark,03 - P.D. only,04 - Sideswipe,LeBreton Flats
11166,OTTAWA RIVER PKWY btwn WOODROFFE AVE & TURN LANE,361429.7357,5027011.551,-75.7769,45.38076,2017-02-10,6:01:00 PM,03 - Snow,03 - Loose snow,10 - No control,01 - Non intersection,05 - Dusk,02 - Non-fatal injury,03 - Rear end,Woodroffe - Lincoln Heights
11167,OTTAWA RIVER PKWY EB btwn TRANSIT & TURN LANE (1),362676.3685,5028380.124,-75.76082,45.39297,2017-02-08,9:45:00 AM,01 - Clear,04 - Slush,10 - No control,01 - Non intersection,01 - Daylight,03 - P.D. only,02 - Angle,Woodroffe - Lincoln Heights
11168,OTTAWA RIVER PKWY EB btwn TRANSIT & TURN LANE (1),362667.3469,5029043.276,-75.76086,45.39894,2017-06-03,3:54:00 PM,01 - Clear,01 - Dry,10 - No control,01 - Non intersection,01 - Daylight,02 - Non-fatal injury,03 - Rear end,Westboro
11169,OTTAWA RIVER PKWY EB btwn TRANSIT & TURN LANE (2),360956.8002,5025746.749,-75.78308,45.36941,2017-12-30,11:34:00 PM,03 - Snow,03 - Loose snow,10 - No control,01 - Non intersection,07 - Dark,03 - P.D. only,04 - Sideswipe,Woodroffe - Lincoln Heights
11170,OTTAWA RIVER PKWY EB btwn TUNNEY'S PASTURE/REMIC RAPIDS ENT & ISLAND P,364369.2641,5030303.622,-75.73897,45.41013,2017-05-12,4:00:00 PM,01 - Clear,01 - Dry,10 - No control,01 - Non intersection,01 - Daylight,03 - P.D. only,03 - Rear end,Tunney's Pasture
11171,OTTAWA RIVER PKWY OFFR-EB @ PARKDALE AVE,364685.0963,5030331.054,-75.73493,45.41035,2017-09-03,2:30:00 PM,02 - Rain,02 - Wet,03 - Yield sign,02 - Intersection related,01 - Daylight,02 - Non-fatal injury,07 - SMV other,Tunney's Pasture
11172,OTTAWA RIVER PKWY OFFR-EB @ PARKDALE AVE,364683.0986,5030331.644,-75.73496,45.41036,2017-12-11,7:58:00 AM,01 - Clear,01 - Dry,03 - Yield sign,03 - At intersection,01 - Daylight,03 - P.D. only,03 - Rear end,Tunney's Pasture
11173,OTTAWA RIVER PKWY ONR-EB @ PARKDALE AVE,364692.6362,5030334.367,-75.73483,45.41038,2017-03-16,1:15:00 PM,01 - Clear,01 - Dry,10 - No control,02 - Intersection related,01 - Daylight,03 - P.D. only,04 - Sideswipe,Mechanicsville
11174,OTTAWA RIVER PKWY WB @ PARKDALE AVE WB ON RAMP,364638.2492,5030469.004,-75.73551,45.4116,2017-04-04,4:30:00 PM,01 - Clear,01 - Dry,03 - Yield sign,02 - Intersection related,01 - Daylight,03 - P.D. only,04 - Sideswipe,Mechanicsville
11175,OTTAWA RIVER PKWY WB btwn RAMP & RAMP,364717.6469,5030452.332,-75.7345,45.41144,2017-02-24,3:00:00 PM,00 - Unknown,00 - Unknown,10 - No control,01 - Non intersection,01 - Daylight,02 - Non-fatal injury,03 - Rear end,Mechanicsville
11176,OTTAWA RIVER PKWY WB btwn TRANSIT & TURN LANE,362669.0125,5029106.64,-75.76083,45.39951,2017-06-15,7:31:00 AM,01 - Clear,01 - Dry,10 - No control,01 - Non intersection,01 - Daylight,03 - P.D. only,07 - SMV other,Westboro
11177,OTTAWA RIVER PKWY WB btwn TRANSIT & TURN LANE,362743.3158,5029157.506,-75.75987,45.39996,2017-12-30,10:45:00 AM,03 - Snow,06 - Ice,10 - No control,01 - Non intersection,01 - Daylight,03 - P.D. only,07 - SMV other,Westboro
11178,OTTAWA RIVER PKWY WB btwn TRANSIT & TURN LANE,363012.8302,5029246.817,-75.75642,45.40074,2017-05-27,10:15:00 PM,01 - Clear,01 - Dry,10 - No control,01 - Non intersection,07 - Dark,03 - P.D. only,04 - Sideswipe,Westboro
11179,OTTAWA RIVER PKWY WB btwn TRANSIT & TURN LANE,362595.9959,5028218.83,-75.76187,45.39152,2017-08-14,6:01:00 PM,01 - Clear,01 - Dry,10 - No control,01 - Non intersection,01 - Daylight,03 - P.D. only,03 - Rear end,Woodroffe - Lincoln Heights
11180,OTTAWA RIVER PKWY WB btwn TUNNEY'S PASTURE/REMIC RAPIDS ENT & PARKDALE,363651.8329,5029901.029,-75.74818,45.40657,2017-04-15,12:49:00 PM,01 - Clear,01 - Dry,10 - No control,01 - Non intersection,01 - Daylight,03 - P.D. only,04 - Sideswipe,Island Park
11181,OTTAWA RIVER PKWY WB btwn TUNNEY'S PASTURE/REMIC RAPIDS ENT & PARKDALE,363945.0017,5029988.542,-75.74443,45.40733,2017-04-26,3:50:00 PM,01 - Clear,01 - Dry,10 - No control,01 - Non intersection,01 - Daylight,03 - P.D. only,03 - Rear end,Island Park
11182,OTTAWA RIVER PKWY WB btwn TUNNEY'S PASTURE/REMIC RAPIDS ENT & PARKDALE,364617.7983,5030470.873,-75.73577,45.41162,2017-04-27,5:00:00 PM,01 - Clear,04 - Slush,10 - No control,01 - Non intersection,01 - Daylight,03 - P.D. only,04 - Sideswipe,Island Park
11183,OTTAWA RIVER PKWY WB btwn TUNNEY'S PASTURE/REMIC RAPIDS ENT & PARKDALE,363483.7808,5029802.585,-75.75034,45.4057,2017-06-01,3:45:00 PM,01 - Clear,01 - Dry,10 - No control,01 - Non intersection,01 - Daylight,03 - P.D. only,03 - Rear end,Island Park
11184,OTTAWA RIVER PKWY WB btwn TUNNEY'S PASTURE/REMIC RAPIDS ENT & PARKDALE,363370.8486,5029622.673,-75.7518,45.40409,2017-06-20,3:45:00 PM,99 - Other,01 - Dry,10 - No control,01 - Non intersection,01 - Daylight,03 - P.D. only,04 - Sideswipe,Island Park
11185,OTTAWA RIVER PKWY WB btwn TUNNEY'S PASTURE/REMIC RAPIDS ENT & PARKDALE,363357.5917,5029600.793,-75.75198,45.4039,2017-01-31,2:00:00 PM,01 - Clear,01 - Dry,10 - No control,01 - Non intersection,01 - Daylight,03 - P.D. only,03 - Rear end,Island Park
11186,OTTAWA RIVER PKWY WB btwn TUNNEY'S PASTURE/REMIC RAPIDS ENT & PARKDALE,364609.8386,5030469.23,-75.73588,45.4116,2017-01-25,6:03:00 PM,01 - Clear,01 - Dry,10 - No control,01 - Non intersection,07 - Dark,03 - P.D. only,04 - Sideswipe,Island Park
11187,OTTAWA RIVER PKWY WB btwn TUNNEY'S PASTURE/REMIC RAPIDS ENT & PARKDALE,363378.7581,5029648.14,-75.7517,45.40432,2017-03-09,3:39:00 PM,01 - Clear,01 - Dry,10 - No control,01 - Non intersection,01 - Daylight,03 - P.D. only,03 - Rear end,Island Park
11188,OTTAWA RIVER PKWY WB btwn TUNNEY'S PASTURE/REMIC RAPIDS ENT & PARKDALE,363390.2977,5029665.812,-75.75155,45.40448,2017-07-10,1:08:00 PM,01 - Clear,02 - Wet,10 - No control,01 - Non intersection,01 - Daylight,03 - P.D. only,03 - Rear end,Island Park
11189,OTTAWA RIVER PKWY WB btwn TUNNEY'S PASTURE/REMIC RAPIDS ENT & PARKDALE,363367.7872,5029615.941,-75.75184,45.40403,2017-12-20,10:38:00 AM,01 - Clear,02 - Wet,10 - No control,01 - Non intersection,01 - Daylight,03 - P.D. only,04 - Sideswipe,Island Park
11190,OTTAWA RIVER PKWY WB btwn WOODROFFE AVE & TRANSIT,362149.453,5027624.444,-75.76764,45.38621,2017-04-15,11:17:00 PM,"07 - Fog, mist, smoke, dust",02 - Wet,10 - No control,01 - Non intersection,07 - Dark,03 - P.D. only,03 - Rear end,Woodroffe - Lincoln Heights
11191,OTTAWA RIVER PKWY WB RAMP/CARLING AVE WB btwn CARLING AVE & OTTAWA RIV,360872.465,5025195.999,-75.78422,45.36446,2017-10-03,12:00:00 AM,01 - Clear,01 - Dry,10 - No control,01 - Non intersection,00 - Unknown,03 - P.D. only,04 - Sideswipe,Woodroffe - Lincoln Heights
11192,OTTAWA ROAD 29 btwn GALETTA SIDE RD & GALETTA SIDE RD,319038.3727,5027233.159,-76.31818,45.38489,2017-12-13,8:58:00 AM,03 - Snow,04 - Slush,10 - No control,01 - Non intersection,01 - Daylight,03 - P.D. only,07 - SMV other,Mississipp
11193,OTTAWA ROAD 29 btwn GALETTA SIDE RD & GALETTA SIDE RD,319537.9538,5027734.144,-76.31178,45.38939,2017-03-16,10:18:00 PM,03 - Snow,05 - Packed snow,10 - No control,01 - Non intersection,07 - Dark,03 - P.D. only,07 - SMV other,Mississipp
11194,OTTAWA ROAD 29 btwn GALETTA SIDE RD & WALTER BRADLEY RD,320187.5499,5025518.157,-76.30356,45.36944,2017-11-25,5:05:00 PM,01 - Clear,01 - Dry,10 - No control,01 - Non intersection,07 - Dark,03 - P.D. only,07 - SMV other,Mississipp
11195,OTTAWA ROAD 29 btwn GALETTA SIDE RD & WALTER BRADLEY RD,320676.8184,5025002.474,-76.29733,45.36479,2017-03-14,5:05:00 PM,05 - Drifting Snow,05 - Packed snow,10 - No control,01 - Non intersection,01 - Daylight,03 - P.D. only,07 - SMV other,Mississipp
11196,OTTAWA ROAD 29 btwn UPPER DWYER HILL RD & HWY417 IC180 RAMP51,317957.6946,5030647.405,-76.33189,45.41564,2017-11-08,11:30:00 PM,01 - Clear,01 - Dry,10 - No control,01 - Non intersection,07 - Dark,03 - P.D. only,07 - SMV other,Arnprior
11197,OTTAWA ST btwn KING ST & EAGLESON RD,358064.2862,5005611.932,-75.82217,45.18846,2017-06-13,4:37:00 PM,01 - Clear,01 - Dry,10 - No control,05 - At railway crossing,01 - Daylight,03 - P.D. only,07 - SMV other,Richmond
11198,OTTENBRITE CRES btwn KEYROCK DR & KEYROCK DR,349251.5261,5020380.732,-75.93299,45.32197,2017-01-30,11:00:00 PM,01 - Clear,03 - Loose snow,10 - No control,04 - At/near private drive,07 - Dark,03 - P.D. only,06 - SMV unattended vehicle,Kanata Lakes - Marchwood Lakeside - Morgan's Grant - Kanata
11199,OTTERSON DR btwn BLANCHARD CRES & BLANCHARD CRES,368663.68,5024739.837,-75.68483,45.35969,2017-03-10,4:55:00 PM,03 - Snow,03 - Loose snow,10 - No control,01 - Non intersection,01 - Daylight,03 - P.D. only,06 - SMV unattended vehicle,Hunt Club Woods - Quintarra - Revelstoke - Riverside South P
11200,OWL DR @ PIGEON TER,370223.2254,5024078.88,-75.66501,45.3536,2017-02-13,8:45:00 AM,01 - Clear,04 - Slush,03 - Yield sign,03 - At intersection,01 - Daylight,02 - Non-fatal injury,07 - SMV other,Hunt Club East - Western Community
11201,OWL VALLEY DR @ SHORELINE DR,368381.0187,5015617.044,-75.68961,45.27763,2017-01-16,8:44:00 AM,01 - Clear,01 - Dry,02 - Stop sign,02 - Intersection related,01 - Daylight,03 - P.D. only,04 - Sideswipe,Gloucester
11202,PAGE RD btwn BUTTONFIELD PL & SILVERBIRCH ST,381053.0472,5034153.967,-75.52526,45.44316,2017-07-07,8:20:00 AM,01 - Clear,01 - Dry,10 - No control,01 - Non intersection,01 - Daylight,03 - P.D. only,03 - Rear end,Chapel Hill South
11203,PAGE RD btwn INNES RD & BUTTONFIELD PL,380946.3736,5034404.14,-75.52658,45.44542,2017-12-17,6:42:00 PM,01 - Clear,01 - Dry,10 - No control,01 - Non intersection,07 - Dark,02 - Non-fatal injury,03 - Rear end,Chapel Hill South
11204,PAGE RD btwn MEADOWGLEN DR & INNES RD,380881.3945,5034559.952,-75.52739,45.44683,2017-03-18,6:52:00 PM,01 - Clear,01 - Dry,10 - No control,04 - At/near private drive,07 - Dark,03 - P.D. only,02 - Angle,Orl¨¦ans
11205,PALISADE ST btwn CONDIE ST & CENTREPOINTE DR,362143.3206,5022271.11,-75.76834,45.33804,2017-02-03,12:36:00 PM,01 - Clear,01 - Dry,10 - No control,01 - Non intersection,01 - Daylight,03 - P.D. only,06 - SMV unattended vehicle,Centrepointe
11206,PALLADIUM DR @ SILVER SEVEN RD,351052.0326,5017886.888,-75.91026,45.29941,2017-08-08,10:01:00 AM,01 - Clear,01 - Dry,01 - Traffic signal,03 - At intersection,01 - Daylight,03 - P.D. only,05 - Turning movement,Katimavik - Hazeldean
11207,PALLADIUM DR @ SILVER SEVEN RD,351051.9422,5017886.109,-75.91026,45.29941,2017-07-07,4:12:00 PM,02 - Rain,02 - Wet,01 - Traffic signal,03 - At intersection,01 - Daylight,03 - P.D. only,04 - Sideswipe,Katimavik - Hazeldean
11208,PALLADIUM DR @ SILVER SEVEN RD,351052.6706,5017888.163,-75.91025,45.29942,2017-07-25,5:36:00 PM,01 - Clear,01 - Dry,01 - Traffic signal,03 - At intersection,01 - Daylight,03 - P.D. only,02 - Angle,Katimavik - Hazeldean
11209,PALLADIUM DR @ SILVER SEVEN RD,351050.9667,5017888.088,-75.91027,45.29942,2017-07-13,4:51:00 PM,01 - Clear,01 - Dry,01 - Traffic signal,03 - At intersection,01 - Daylight,03 - P.D. only,05 - Turning movement,Katimavik - Hazeldean
11210,PALLADIUM DR @ SILVER SEVEN RD,351052.0811,5017887.683,-75.91025,45.29942,2017-10-22,12:46:00 PM,01 - Clear,01 - Dry,01 - Traffic signal,03 - At intersection,01 - Daylight,03 - P.D. only,05 - Turning movement,Katimavik - Hazeldean
11211,PALLADIUM DR @ SILVER SEVEN RD,351052.611,5017887.447,-75.91025,45.29942,2017-11-26,6:37:00 PM,03 - Snow,05 - Packed snow,01 - Traffic signal,02 - Intersection related,07 - Dark,03 - P.D. only,07 - SMV other,Katimavik - Hazeldean
11212,PALLADIUM DR @ SILVER SEVEN RD,351053.2799,5017887.447,-75.91024,45.29942,2017-04-19,4:15:00 PM,02 - Rain,02 - Wet,01 - Traffic signal,02 - Intersection related,01 - Daylight,03 - P.D. only,02 - Angle,Katimavik - Hazeldean
11213,PALLADIUM DR @ SILVER SEVEN RD,351052.1172,5017886.428,-75.91025,45.29941,2017-03-24,8:27:00 AM,05 - Drifting Snow,03 - Loose snow,01 - Traffic signal,03 - At intersection,01 - Daylight,02 - Non-fatal injury,02 - Angle,Katimavik - Hazeldean
11214,PALLADIUM DR btwn CYCLONE TAYLOR BLVD & SILVER SEVEN RD,350280.9795,5017592.696,-75.92011,45.29682,2017-01-12,10:37:00 PM,01 - Clear,01 - Dry,10 - No control,04 - At/near private drive,07 - Dark,03 - P.D. only,04 - Sideswipe,Kanata Lakes - Marchwood Lakeside - Morgan's Grant - Kanata
11215,PALLADIUM DR btwn CYCLONE TAYLOR BLVD & SILVER SEVEN RD,350246.4507,5017580.818,-75.92055,45.29671,2017-03-04,12:39:00 AM,01 - Clear,01 - Dry,10 - No control,01 - Non intersection,07 - Dark,03 - P.D. only,03 - Rear end,Kanata Lakes - Marchwood Lakeside - Morgan's Grant - Kanata
11216,PALLADIUM DR btwn HUNTMAR DR & HWY417 IC142 RAMP25,349643.8906,5017331.59,-75.92826,45.29451,2017-10-24,11:12:00 PM,02 - Rain,02 - Wet,10 - No control,01 - Non intersection,07 - Dark,03 - P.D. only,06 - SMV unattended vehicle,Stittsville - Basswood
11217,PALLADIUM DR btwn HUNTMAR DR & HWY417 IC142 RAMP25,349589.3068,5017255.262,-75.92896,45.29382,2017-10-02,11:41:00 AM,01 - Clear,01 - Dry,10 - No control,04 - At/near private drive,01 - Daylight,02 - Non-fatal injury,02 - Angle,Stittsville - Basswood
11218,PALLADIUM DR btwn HUNTMAR DR & HWY417 IC142 RAMP25,349545.9599,5017131.273,-75.92953,45.29271,2017-04-08,12:45:00 PM,01 - Clear,01 - Dry,10 - No control,01 - Non intersection,01 - Daylight,03 - P.D. only,03 - Rear end,Stittsville - Basswood
11219,PALLADIUM DR btwn HUNTMAR DR & HWY417 IC142 RAMP25,349562.3248,5017178.227,-75.92931,45.29313,2017-04-22,12:56:00 AM,01 - Clear,01 - Dry,10 - No control,04 - At/near private drive,07 - Dark,03 - P.D. only,05 - Turning movement,Stittsville - Basswood
11220,PALLADIUM DR btwn HWY417 IC142 RAMP52 & HWY417 IC142 RAMP53,349071.5132,5017036.316,-75.93558,45.29189,2017-11-24,4:16:00 PM,01 - Clear,01 - Dry,10 - No control,01 - Non intersection,01 - Daylight,02 - Non-fatal injury,05 - Turning movement,Stittsville - Basswood
11221,PALLADIUM DR btwn SILVER SEVEN RD & TERRY FOX DR,351090.7054,5017917.221,-75.90976,45.29968,2017-07-18,2:04:00 PM,01 - Clear,01 - Dry,10 - No control,01 - Non intersection,01 - Daylight,02 - Non-fatal injury,03 - Rear end,Katimavik - Hazeldean
11222,PALLADIUM DR btwn SILVER SEVEN RD & TERRY FOX DR,351238.798,5018146.862,-75.90785,45.30174,2017-11-24,3:57:00 PM,01 - Clear,01 - Dry,10 - No control,04 - At/near private drive,01 - Daylight,03 - P.D. only,02 - Angle,Katimavik - Hazeldean
11223,PALLADIUM DR btwn SILVER SEVEN RD & TERRY FOX DR,351142.1906,5017956.013,-75.9091,45.30003,2017-02-14,10:32:00 AM,01 - Clear,02 - Wet,10 - No control,04 - At/near private drive,01 - Daylight,02 - Non-fatal injury,02 - Angle,Katimavik - Hazeldean
11224,PALLADIUM DR btwn SILVER SEVEN RD & TERRY FOX DR,351261.3568,5018173.08,-75.90756,45.30197,2017-02-19,7:40:00 AM,01 - Clear,01 - Dry,10 - No control,01 - Non intersection,01 - Daylight,03 - P.D. only,04 - Sideswipe,Katimavik - Hazeldean
11225,PALLADIUM DR/HWY 417 PALLADIU IC142R52 @ HWY 4,349053.2766,5017058.251,-75.93581,45.29209,2017-03-18,5:31:00 PM,01 - Clear,01 - Dry,02 - Stop sign,02 - Intersection related,05 - Dusk,03 - P.D. only,03 - Rear end,Stittsville - Basswood
11226,PALMERSTON DR btwn PEREZ CRES & HALMONT DR,373443.819,5032364.801,-75.62276,45.42785,2017-02-20,12:30:00 PM,01 - Clear,01 - Dry,10 - No control,01 - Non intersection,01 - Daylight,03 - P.D. only,01 - Approaching,Industrial Park
11227,PALSEN ST @ PERRY ST,364522.0328,5023304.51,-75.73786,45.34714,2017-07-08,1:08:00 PM,01 - Clear,01 - Dry,02 - Stop sign,02 - Intersection related,01 - Daylight,03 - P.D. only,03 - Rear end,Crestview - Meadowlands
11228,PAMILLA ST @ PRESTON ST,366749.7065,5029120.561,-75.70871,45.39928,2017-11-22,10:17:00 AM,01 - Clear,01 - Dry,01 - Traffic signal,02 - Intersection related,01 - Daylight,03 - P.D. only,03 - Rear end,Little Italy
11229,PAMILLA ST @ PRESTON ST,366749.1542,5029119.659,-75.70872,45.39927,2017-11-20,2:15:00 PM,01 - Clear,01 - Dry,01 - Traffic signal,02 - Intersection related,01 - Daylight,02 - Non-fatal injury,07 - SMV other,Little Italy
11230,PAMILLA ST @ PRESTON ST,366749.7065,5029121.23,-75.70871,45.39929,2017-02-25,3:11:00 PM,02 - Rain,02 - Wet,01 - Traffic signal,03 - At intersection,01 - Daylight,03 - P.D. only,02 - Angle,Little Italy
11231,PAMILLA ST btwn PRESTON ST & ROCHESTER ST,366806.8332,5029148.508,-75.70798,45.39953,2017-10-15,12:00:00 AM,01 - Clear,01 - Dry,10 - No control,01 - Non intersection,00 - Unknown,03 - P.D. only,06 - SMV unattended vehicle,Little Italy
11232,PANA RD btwn 9TH LINE RD & YORKS CORNERS RD,386481.9132,5014185.239,-75.45917,45.26288,2017-11-17,9:48:00 PM,01 - Clear,01 - Dry,10 - No control,01 - Non intersection,07 - Dark,03 - P.D. only,07 - SMV other,Metcalfe
11233,PANET ST @ SHILLINGTON AVE,364935.3635,5026863.543,-75.73216,45.37913,2017-06-01,9:15:00 AM,01 - Clear,01 - Dry,02 - Stop sign,03 - At intersection,01 - Daylight,03 - P.D. only,02 - Angle,Carlington
11234,PANMURE RD @ UPPER DWYER HILL RD,329349.8817,5019816.854,-76.18687,45.31787,2017-08-01,6:20:00 PM,01 - Clear,01 - Dry,02 - Stop sign,02 - Intersection related,01 - Daylight,02 - Non-fatal injury,02 - Angle,Car