Record,Location,X,Y,Longitude,Latitude,Date,Time,Environment,Road_Surface,Traffic_Control,Collision_Location,Light,Collision_Classification,Impact_type,Neighborhood
11235,PANMURE RD @ UPPER DWYER HILL RD,329349.0881,5019816.874,-76.18688,45.31787,2017-03-09,12:25:00 PM,01 - Clear,01 - Dry,02 - Stop sign,03 - At intersection,01 - Daylight,02 - Non-fatal injury,02 - Angle,Car
11236,PANMURE RD btwn HWY417 IC163 RAMP15 & HWY417 IC163 RAMP16,331314.7554,5021479.714,-76.16172,45.33277,2017-07-21,12:15:00 PM,01 - Clear,01 - Dry,10 - No control,01 - Non intersection,01 - Daylight,03 - P.D. only,03 - Rear end,Carp - Hardwood Plains
11237,PANMURE RD btwn MISSISSIPPI MILLS TWP & UPPER DWYER HILL RD,328977.8908,5019483.155,-76.19163,45.31488,2017-03-02,10:26:00 PM,01 - Clear,01 - Dry,10 - No control,01 - Non intersection,07 - Dark,01 - Fatal injury,07 - SMV other,Carp - Hardwood Plains
11238,PARENT AVE @ BOLTON ST,367596.6907,5032918.845,-75.69741,45.43338,2017-05-31,8:10:00 PM,01 - Clear,01 - Dry,02 - Stop sign,03 - At intersection,01 - Daylight,03 - P.D. only,02 - Angle,Lower Town
11239,PARENT AVE @ ST. ANDREW ST,367732.6947,5032696.296,-75.6957,45.43137,2017-12-26,2:27:00 PM,01 - Clear,02 - Wet,02 - Stop sign,03 - At intersection,01 - Daylight,03 - P.D. only,02 - Angle,Lower Town
11240,PARENT AVE @ ST. PATRICK ST,367822.2378,5032555.254,-75.69457,45.43009,2017-05-02,7:14:00 PM,01 - Clear,01 - Dry,01 - Traffic signal,02 - Intersection related,01 - Daylight,03 - P.D. only,04 - Sideswipe,Byward Market
11241,PARENT AVE @ ST. PATRICK ST,367822.748,5032557.384,-75.69456,45.43011,2017-04-07,8:50:00 PM,01 - Clear,01 - Dry,01 - Traffic signal,02 - Intersection related,07 - Dark,03 - P.D. only,04 - Sideswipe,Byward Market
11242,PARENT AVE @ ST. PATRICK ST,367822.7056,5032557.262,-75.69457,45.43011,2017-04-23,2:41:00 PM,01 - Clear,01 - Dry,01 - Traffic signal,03 - At intersection,01 - Daylight,03 - P.D. only,05 - Turning movement,Byward Market
11243,PARENT AVE @ ST. PATRICK ST,367822.7056,5032556.593,-75.69457,45.4301,2017-03-24,9:30:00 PM,03 - Snow,04 - Slush,01 - Traffic signal,03 - At intersection,07 - Dark,03 - P.D. only,05 - Turning movement,Byward Market
11244,PARENT AVE @ ST. PATRICK ST,367821.9164,5032556.476,-75.69458,45.4301,2017-12-21,1:49:00 PM,01 - Clear,01 - Dry,01 - Traffic signal,02 - Intersection related,01 - Daylight,03 - P.D. only,06 - SMV unattended vehicle,Byward Market
11245,PARENT AVE btwn GUIGUES AVE & ST. PATRICK ST,367789.9917,5032606.675,-75.69498,45.43056,2017-05-16,6:30:00 PM,01 - Clear,01 - Dry,10 - No control,04 - At/near private drive,01 - Daylight,03 - P.D. only,99 - Other,Lower Town
11246,PARK AVE btwn ELGIN ST & CARTIER ST,368512.4855,5030738.326,-75.68599,45.41368,2017-01-13,3:49:00 PM,01 - Clear,05 - Packed snow,10 - No control,01 - Non intersection,01 - Daylight,03 - P.D. only,06 - SMV unattended vehicle,Golden Triangle
11247,PARK ST btwn CARILLON ST & MONTREAL RD,370505.4786,5033327.707,-75.66018,45.43679,2017-04-07,12:00:00 AM,02 - Rain,02 - Wet,10 - No control,01 - Non intersection,00 - Unknown,03 - P.D. only,06 - SMV unattended vehicle,Vanier North
11248,PARK ST btwn CARILLON ST & MONTREAL RD,370498.0538,5033343.299,-75.66027,45.43694,2017-04-03,12:00:00 AM,01 - Clear,01 - Dry,10 - No control,01 - Non intersection,00 - Unknown,03 - P.D. only,06 - SMV unattended vehicle,Vanier North
11249,PARKDALE AVE @ GLADSTONE AVE,365215.0295,5029117.892,-75.72831,45.39939,2017-05-05,4:53:00 PM,01 - Clear,02 - Wet,01 - Traffic signal,02 - Intersection related,01 - Daylight,03 - P.D. only,02 - Angle,Civi
11250,PARKDALE AVE @ GLADSTONE AVE,365217.0362,5029117.892,-75.72828,45.39939,2017-06-16,11:41:00 AM,01 - Clear,01 - Dry,01 - Traffic signal,03 - At intersection,01 - Daylight,03 - P.D. only,03 - Rear end,Civi
11251,PARKDALE AVE @ GLADSTONE AVE,365216.7017,5029117.92,-75.72829,45.39939,2017-08-09,6:18:00 PM,01 - Clear,01 - Dry,01 - Traffic signal,02 - Intersection related,01 - Daylight,03 - P.D. only,03 - Rear end,Civi
11252,PARKDALE AVE @ GLADSTONE AVE,365217.1796,5029117.366,-75.72828,45.39939,2017-12-18,10:17:00 AM,03 - Snow,04 - Slush,01 - Traffic signal,02 - Intersection related,01 - Daylight,02 - Non-fatal injury,03 - Rear end,Civi
11253,PARKDALE AVE @ HWY 417 PARKDAL IC122R15/HWY 41,365336.2203,5028844.838,-75.7268,45.39693,2017-08-12,5:00:00 PM,01 - Clear,02 - Wet,01 - Traffic signal,03 - At intersection,01 - Daylight,02 - Non-fatal injury,02 - Angle,Civic Hospital - Experimental Farm - Central Park
11254,PARKDALE AVE @ HWY 417 PARKDAL IC122R15/HWY 41,365337.3362,5028845.874,-75.72678,45.39693,2017-07-27,10:05:00 AM,01 - Clear,01 - Dry,01 - Traffic signal,03 - At intersection,01 - Daylight,03 - P.D. only,02 - Angle,Civic Hospital - Experimental Farm - Central Park
11255,PARKDALE AVE @ HWY 417 PARKDAL IC122R15/HWY 41,365336.2248,5028845.791,-75.7268,45.39693,2017-09-24,11:18:00 AM,01 - Clear,01 - Dry,01 - Traffic signal,03 - At intersection,01 - Daylight,02 - Non-fatal injury,07 - SMV other,Civic Hospital - Experimental Farm - Central Park
11256,PARKDALE AVE @ HWY 417 PARKDAL IC122R15/HWY 41,365337.7015,5028844.886,-75.72678,45.39693,2017-04-12,5:26:00 PM,01 - Clear,01 - Dry,01 - Traffic signal,03 - At intersection,01 - Daylight,03 - P.D. only,02 - Angle,Civic Hospital - Experimental Farm - Central Park
11257,PARKDALE AVE @ HWY 417 PARKDAL IC122R15/HWY 41,365338.9496,5028844.429,-75.72676,45.39692,2017-03-13,6:02:00 PM,01 - Clear,01 - Dry,01 - Traffic signal,02 - Intersection related,05 - Dusk,03 - P.D. only,03 - Rear end,Civic Hospital - Experimental Farm - Central Park
11258,PARKDALE AVE @ KENILWORTH ST,365445.3654,5028594.213,-75.72543,45.39466,2017-05-23,5:30:00 PM,01 - Clear,01 - Dry,02 - Stop sign,03 - At intersection,01 - Daylight,03 - P.D. only,02 - Angle,Civic Hospital - Experimental Farm - Central Park
11259,PARKDALE AVE @ KENILWORTH ST,365447.372,5028595.551,-75.72541,45.39467,2017-04-25,9:15:00 AM,01 - Clear,01 - Dry,02 - Stop sign,03 - At intersection,01 - Daylight,03 - P.D. only,05 - Turning movement,Civic Hospital - Experimental Farm - Central Park
11260,PARKDALE AVE @ KENILWORTH ST,365446.6466,5028594.367,-75.72542,45.39466,2017-08-31,6:59:00 AM,01 - Clear,01 - Dry,02 - Stop sign,03 - At intersection,01 - Daylight,03 - P.D. only,05 - Turning movement,Civic Hospital - Experimental Farm - Central Park
11261,PARKDALE AVE @ KENILWORTH ST,365444.9493,5028595.926,-75.72544,45.39468,2017-01-10,5:19:00 PM,03 - Snow,03 - Loose snow,02 - Stop sign,02 - Intersection related,05 - Dusk,03 - P.D. only,02 - Angle,Civic Hospital - Experimental Farm - Central Park
11262,PARKDALE AVE @ RUSKIN ST,365506.6991,5028450.888,-75.72467,45.39337,2017-06-02,8:17:00 AM,01 - Clear,01 - Dry,01 - Traffic signal,02 - Intersection related,01 - Daylight,03 - P.D. only,04 - Sideswipe,Civic Hospital - Experimental Farm - Central Park
11263,PARKDALE AVE @ RUSKIN ST,365507.9391,5028452.74,-75.72465,45.39338,2017-12-27,6:36:00 PM,01 - Clear,05 - Packed snow,01 - Traffic signal,02 - Intersection related,07 - Dark,03 - P.D. only,06 - SMV unattended vehicle,Civic Hospital - Experimental Farm - Central Park
11264,PARKDALE AVE @ SCOTT ST,364950.0381,5029727.898,-75.73162,45.4049,2017-05-23,2:54:00 PM,01 - Clear,01 - Dry,01 - Traffic signal,03 - At intersection,01 - Daylight,03 - P.D. only,07 - SMV other,Mechanicsville
11265,PARKDALE AVE @ SCOTT ST,364950.0381,5029727.229,-75.73162,45.4049,2017-04-30,12:51:00 PM,02 - Rain,02 - Wet,01 - Traffic signal,02 - Intersection related,01 - Daylight,03 - P.D. only,04 - Sideswipe,Mechanicsville
11266,PARKDALE AVE @ SCOTT ST,364948.7003,5029726.56,-75.73164,45.40489,2017-07-05,8:56:00 AM,01 - Clear,01 - Dry,01 - Traffic signal,03 - At intersection,01 - Daylight,03 - P.D. only,03 - Rear end,Islan
11267,PARKDALE AVE @ SCOTT ST,364949.7036,5029725.889,-75.73162,45.40489,2017-06-30,2:03:00 AM,01 - Clear,02 - Wet,01 - Traffic signal,03 - At intersection,07 - Dark,03 - P.D. only,02 - Angle,Islan
11268,PARKDALE AVE @ SCOTT ST,364948.4277,5029726.879,-75.73164,45.40489,2017-08-03,4:02:00 PM,01 - Clear,01 - Dry,01 - Traffic signal,03 - At intersection,01 - Daylight,03 - P.D. only,05 - Turning movement,Islan
11269,PARKDALE AVE @ SCOTT ST,364950.7069,5029726.56,-75.73161,45.40489,2017-02-24,9:50:00 AM,01 - Clear,01 - Dry,01 - Traffic signal,03 - At intersection,01 - Daylight,03 - P.D. only,02 - Angle,Islan
11270,PARKDALE AVE @ SCOTT ST,364950.0381,5029725.891,-75.73162,45.40489,2017-03-04,6:39:00 PM,01 - Clear,01 - Dry,01 - Traffic signal,02 - Intersection related,05 - Dusk,03 - P.D. only,03 - Rear end,Islan
11271,PARKDALE AVE @ SHERWOOD DR,365379.6997,5028746.883,-75.72625,45.39604,2017-05-02,4:22:00 PM,02 - Rain,02 - Wet,01 - Traffic signal,02 - Intersection related,01 - Daylight,03 - P.D. only,01 - Approaching,Civic Hospital - Experimental Farm - Central Park
11272,PARKDALE AVE @ SHERWOOD DR,365380.3686,5028746.214,-75.72624,45.39603,2017-05-03,7:39:00 PM,01 - Clear,01 - Dry,01 - Traffic signal,03 - At intersection,01 - Daylight,03 - P.D. only,02 - Angle,Civic Hospital - Experimental Farm - Central Park
11273,PARKDALE AVE @ SHERWOOD DR,365381.2125,5028745.545,-75.72623,45.39603,2017-11-18,10:30:00 AM,01 - Clear,02 - Wet,01 - Traffic signal,03 - At intersection,01 - Daylight,03 - P.D. only,03 - Rear end,Civic Hospital - Experimental Farm - Central Park
11274,PARKDALE AVE @ TYNDALL ST,365264.7039,5029012.892,-75.72769,45.39844,2017-05-10,2:34:00 PM,01 - Clear,01 - Dry,02 - Stop sign,03 - At intersection,01 - Daylight,03 - P.D. only,02 - Angle,Civi
11275,PARKDALE AVE @ TYNDALL ST,365264.0351,5029012.223,-75.7277,45.39844,2017-05-04,9:45:00 AM,01 - Clear,01 - Dry,02 - Stop sign,02 - Intersection related,01 - Daylight,03 - P.D. only,03 - Rear end,Civi
11276,PARKDALE AVE @ TYNDALL ST,365264.174,5029014.744,-75.7277,45.39846,2017-09-29,1:30:00 PM,01 - Clear,01 - Dry,02 - Stop sign,03 - At intersection,01 - Daylight,03 - P.D. only,05 - Turning movement,Civi
11277,PARKDALE AVE @ TYNDALL ST,365263.3662,5029013.561,-75.72771,45.39845,2017-11-28,9:42:00 PM,01 - Clear,02 - Wet,02 - Stop sign,02 - Intersection related,07 - Dark,02 - Non-fatal injury,03 - Rear end,Civi
11278,PARKDALE AVE @ TYNDALL ST,365265.1343,5029013.8,-75.72768,45.39845,2017-12-17,5:20:00 PM,01 - Clear,04 - Slush,02 - Stop sign,02 - Intersection related,07 - Dark,03 - P.D. only,03 - Rear end,Civi
11279,PARKDALE AVE @ WELLINGTON ST,365150.0351,5029269.887,-75.72912,45.40077,2017-07-27,4:59:00 PM,01 - Clear,01 - Dry,01 - Traffic signal,02 - Intersection related,01 - Daylight,03 - P.D. only,99 - Other,Islan
11280,PARKDALE AVE @ WELLINGTON ST,365149.3662,5029270.556,-75.72913,45.40077,2017-11-20,3:03:00 PM,01 - Clear,01 - Dry,01 - Traffic signal,02 - Intersection related,01 - Daylight,03 - P.D. only,04 - Sideswipe,Islan
11281,PARKDALE AVE @ WELLINGTON ST,365149.1542,5029268.916,-75.72913,45.40076,2017-02-04,5:07:00 PM,01 - Clear,01 - Dry,01 - Traffic signal,02 - Intersection related,01 - Daylight,03 - P.D. only,04 - Sideswipe,Islan
11282,PARKDALE AVE @ WESTMOUNT AVE/HWY 417 PARKDAL I,365300.9123,5028923.816,-75.72724,45.39764,2017-11-30,9:37:00 AM,01 - Clear,06 - Ice,01 - Traffic signal,02 - Intersection related,01 - Daylight,03 - P.D. only,03 - Rear end,Civi
11283,PARKDALE AVE btwn BULLMAN ST & OXFORD ST,365027.9282,5029550.741,-75.73065,45.4033,2017-09-28,3:59:00 PM,01 - Clear,01 - Dry,10 - No control,01 - Non intersection,01 - Daylight,03 - P.D. only,06 - SMV unattended vehicle,Islan
11284,PARKDALE AVE btwn BULLMAN ST & OXFORD ST,365059.1427,5029475.661,-75.73026,45.40263,2017-03-09,10:48:00 AM,01 - Clear,01 - Dry,10 - No control,01 - Non intersection,01 - Daylight,03 - P.D. only,03 - Rear end,Islan
11285,PARKDALE AVE btwn BULLMAN ST & OXFORD ST,365039.9105,5029521.12,-75.7305,45.40304,2017-12-26,6:27:00 PM,01 - Clear,01 - Dry,10 - No control,01 - Non intersection,07 - Dark,03 - P.D. only,07 - SMV other,Islan
11286,PARKDALE AVE btwn FOSTER ST & TYNDALL ST,365260.0217,5029021.588,-75.72775,45.39852,2017-05-05,7:01:00 PM,02 - Rain,02 - Wet,10 - No control,01 - Non intersection,01 - Daylight,03 - P.D. only,04 - Sideswipe,Civi
11287,PARKDALE AVE btwn GLADSTONE AVE & FOSTER ST,365224.8428,5029102.008,-75.72819,45.39925,2017-10-12,10:25:00 AM,01 - Clear,01 - Dry,10 - No control,01 - Non intersection,01 - Daylight,03 - P.D. only,03 - Rear end,Civi
11288,PARKDALE AVE btwn GRANT ST & WELLINGTON ST W,365145.3806,5029281.983,-75.72918,45.40087,2017-08-18,6:41:00 AM,01 - Clear,02 - Wet,10 - No control,04 - At/near private drive,01 - Daylight,03 - P.D. only,02 - Angle,Islan
11289,PARKDALE AVE btwn GRANT ST & WELLINGTON ST W,365144.6839,5029286.609,-75.72919,45.40092,2017-03-27,11:55:00 AM,02 - Rain,02 - Wet,10 - No control,04 - At/near private drive,01 - Daylight,03 - P.D. only,02 - Angle,Islan
11290,PARKDALE AVE btwn HWY417 IC122 RAMP51 & SHERWOOD DR,365348.4039,5028820.806,-75.72664,45.39671,2017-11-16,5:01:00 PM,02 - Rain,02 - Wet,10 - No control,01 - Non intersection,07 - Dark,02 - Non-fatal injury,03 - Rear end,Civic Hospital - Experimental Farm - Central Park
11291,PARKDALE AVE btwn INGLEWOOD PL & CARLING AVE,365583.8012,5028273.091,-75.7237,45.39176,2017-08-23,4:21:00 PM,01 - Clear,01 - Dry,10 - No control,01 - Non intersection,01 - Daylight,03 - P.D. only,03 - Rear end,Civic Hospital - Experimental Farm - Central Park
11292,PARKDALE AVE btwn INGLEWOOD PL & CARLING AVE,365617.3181,5028196.45,-75.72329,45.39107,2017-08-23,12:00:00 AM,01 - Clear,01 - Dry,10 - No control,01 - Non intersection,00 - Unknown,03 - P.D. only,06 - SMV unattended vehicle,Civic Hospital - Experimental Farm - Central Park
11293,PARKDALE AVE btwn KENILWORTH ST & HUTCHISON AVE,365464.4615,5028551.273,-75.72519,45.39427,2017-02-08,3:50:00 PM,01 - Clear,01 - Dry,10 - No control,01 - Non intersection,01 - Daylight,03 - P.D. only,01 - Approaching,Civic Hospital - Experimental Farm - Central Park
11294,PARKDALE AVE btwn SCOTT ST & BULLMAN ST,364963.416,5029688.433,-75.73145,45.40455,2017-05-05,2:26:00 PM,02 - Rain,02 - Wet,10 - No control,04 - At/near private drive,01 - Daylight,03 - P.D. only,02 - Angle,Islan
11295,PARKDALE AVE btwn TO BE DETERMINED & EMMERSON AVE,364709.4322,5030284.857,-75.73463,45.40994,2017-07-01,3:06:00 PM,01 - Clear,01 - Dry,10 - No control,01 - Non intersection,01 - Daylight,02 - Non-fatal injury,05 - Turning movement,Tunney's Pasture
11296,PARKDALE AVE WB OFF RAMP/OTTAWA RIVER PKWY btwn OTTAWA RIVER PKWY & PA,364694.1311,5030582.024,-75.73479,45.41261,2017-03-21,8:20:00 AM,03 - Snow,05 - Packed snow,10 - No control,01 - Non intersection,01 - Daylight,03 - P.D. only,03 - Rear end,Mechanicsville
11297,PARKDALE AVE WB ON RAMP/OTTAWA RIVER PKWY btwn PARKDALE AVE & OTTAWA R,364661.9853,5030406.554,-75.73522,45.41104,2017-05-05,4:21:00 PM,02 - Rain,02 - Wet,10 - No control,01 - Non intersection,01 - Daylight,02 - Non-fatal injury,03 - Rear end,Island Park
11298,PARKDALE AVE/SPENCER ST @ OXFORD ST,365059.4917,5029474.658,-75.73025,45.40262,2017-04-26,11:08:00 AM,01 - Clear,01 - Dry,02 - Stop sign,03 - At intersection,01 - Daylight,03 - P.D. only,02 - Angle,Islan
11299,PARKDALE AVE/SPENCER ST @ OXFORD ST,365060.1039,5029474.304,-75.73025,45.40261,2017-04-28,3:00:00 PM,01 - Clear,01 - Dry,02 - Stop sign,02 - Intersection related,01 - Daylight,03 - P.D. only,03 - Rear end,Islan
11300,PARKGLEN DR @ WOODROFFE AVE,362888.1524,5023126.78,-75.75873,45.34568,2017-07-18,12:19:00 PM,01 - Clear,01 - Dry,02 - Stop sign,02 - Intersection related,01 - Daylight,03 - P.D. only,04 - Sideswipe,Crestview - Meadowlands
11301,PARKGLEN DR @ WOODROFFE AVE,362888.6879,5023127.059,-75.75873,45.34568,2017-09-26,3:44:00 PM,01 - Clear,01 - Dry,02 - Stop sign,02 - Intersection related,01 - Daylight,03 - P.D. only,03 - Rear end,Crestview - Meadowlands
11302,PARKGLEN DR @ WOODROFFE AVE,362889.1613,5023127.223,-75.75872,45.34569,2017-12-13,8:02:00 PM,01 - Clear,04 - Slush,02 - Stop sign,03 - At intersection,07 - Dark,03 - P.D. only,02 - Angle,Crestview - Meadowlands
11303,PARKGLEN DR @ WOODROFFE AVE,362888.21,5023125.796,-75.75873,45.34567,2017-12-15,6:15:00 PM,01 - Clear,04 - Slush,02 - Stop sign,03 - At intersection,07 - Dark,03 - P.D. only,02 - Angle,Crestview - Meadowlands
11304,PARKIN CIRC btwn FIRST (1ST) ST & STEDMAN ST,372801.4236,5022932.949,-75.63227,45.34305,2017-08-19,12:00:00 AM,01 - Clear,01 - Dry,10 - No control,01 - Non intersection,00 - Unknown,03 - P.D. only,06 - SMV unattended vehicle,Blossom Park - Blossom Park West - Sawmill Creek/ Timbermill
11305,PARKIN CIRC btwn MAASS GT & STEDMAN ST,372544.4991,5022916.377,-75.63555,45.34292,2017-02-03,3:58:00 PM,01 - Clear,01 - Dry,10 - No control,01 - Non intersection,01 - Daylight,03 - P.D. only,06 - SMV unattended vehicle,Blossom Park - Blossom Park West - Sawmill Creek/ Timbermill
11306,PARKSIDE CRES btwn VIEWMOUNT DR & VIEWMOUNT DR,364494.2053,5022640.666,-75.7383,45.34117,2017-12-28,9:43:00 PM,01 - Clear,06 - Ice,10 - No control,01 - Non intersection,07 - Dark,03 - P.D. only,06 - SMV unattended vehicle,Crestview - Meadowlands
11307,PARKWAY RD @ SALE BARN RD,379604.7642,5014728.203,-75.54671,45.26853,2017-12-08,9:03:00 AM,01 - Clear,01 - Dry,02 - Stop sign,03 - At intersection,01 - Daylight,03 - P.D. only,02 - Angle,Osgoode
11308,PARKWAY RD btwn BANK ST & SALE BARN RD,378802.3015,5014239.031,-75.557,45.26422,2017-03-15,10:40:00 AM,03 - Snow,03 - Loose snow,10 - No control,04 - At/near private drive,01 - Daylight,03 - P.D. only,05 - Turning movement,Osgoode
11309,PARKWAY RD btwn CEDAR LANE & HIRAM DR,376878.7089,5013016.513,-75.58169,45.25342,2017-06-04,3:52:00 AM,01 - Clear,01 - Dry,10 - No control,01 - Non intersection,07 - Dark,02 - Non-fatal injury,07 - SMV other,Greely
11310,PARKWAY RD btwn CEDAR LANE & HIRAM DR,376893.7124,5013032.083,-75.5815,45.25355,2017-04-07,12:22:00 PM,02 - Rain,02 - Wet,10 - No control,04 - At/near private drive,01 - Daylight,02 - Non-fatal injury,05 - Turning movement,Greely
11311,PARKWAY RD btwn SALE BARN RD & JOHN QUINN RD,379688.7386,5014780.365,-75.54563,45.26899,2017-07-20,1:31:00 PM,01 - Clear,01 - Dry,10 - No control,04 - At/near private drive,01 - Daylight,03 - P.D. only,07 - SMV other,Osgoode
11312,PAR-LA-VILLE CIRC btwn AQUILO CRES & AQUILO CRES,349966.4186,5016657.224,-75.92421,45.28842,2017-01-05,3:13:00 PM,01 - Clear,05 - Packed snow,10 - No control,01 - Non intersection,01 - Daylight,03 - P.D. only,06 - SMV unattended vehicle,Stittsville
11313,PARTHIA AVE btwn WALLFORD WAY & KINGSMILL ST,365650.9839,5024986.132,-75.72325,45.36218,2017-07-07,10:43:00 AM,01 - Clear,01 - Dry,10 - No control,04 - At/near private drive,01 - Daylight,03 - P.D. only,06 - SMV unattended vehicle,Cityview - Skyline - Fisher Heights
11314,PATTERSON AVE @ QUEEN ELIZABETH DRWY,368727.2687,5030323.007,-75.6833,45.40992,2017-02-21,1:20:00 PM,01 - Clear,01 - Dry,02 - Stop sign,03 - At intersection,01 - Daylight,03 - P.D. only,05 - Turning movement,The Glebe
11315,PAUL ANKA DR @ UPLANDS DR,369458.3257,5023577.827,-75.67484,45.34917,2017-07-20,3:54:00 PM,01 - Clear,01 - Dry,02 - Stop sign,03 - At intersection,01 - Daylight,02 - Non-fatal injury,02 - Angle,Hunt Club East - Western Community
11316,PAUL ANKA DR @ UPLANDS DR,369457.2455,5023575.277,-75.67485,45.34914,2017-09-18,7:30:00 PM,01 - Clear,01 - Dry,02 - Stop sign,02 - Intersection related,05 - Dusk,03 - P.D. only,06 - SMV unattended vehicle,Hunt Club East - Western Community
11317,PAUL ANKA DR @ UPLANDS DR,369458.0579,5023574.847,-75.67484,45.34914,2017-12-05,8:06:00 AM,02 - Rain,02 - Wet,02 - Stop sign,03 - At intersection,01 - Daylight,03 - P.D. only,02 - Angle,Hunt Club East - Western Community
11318,PAUL ANKA DR @ UPLANDS DR,369456.2225,5023575.141,-75.67487,45.34914,2017-02-05,11:45:00 PM,01 - Clear,04 - Slush,02 - Stop sign,02 - Intersection related,07 - Dark,03 - P.D. only,07 - SMV other,Hunt Club East - Western Community
11319,PAUL ANKA DR @ UPLANDS DR,369458.8163,5023576.609,-75.67483,45.34915,2017-01-03,9:19:00 AM,01 - Clear,02 - Wet,02 - Stop sign,03 - At intersection,01 - Daylight,03 - P.D. only,02 - Angle,Hunt Club East - Western Community
11320,PAUL ANKA DR @ UPLANDS DR,369459.2243,5023574.39,-75.67483,45.34913,2017-02-07,8:34:00 AM,03 - Snow,04 - Slush,02 - Stop sign,02 - Intersection related,01 - Daylight,03 - P.D. only,03 - Rear end,Hunt Club East - Western Community
11321,PAUL ANKA DR btwn UPLANDS DR & MCCARTHY RD,369562.8661,5023706.381,-75.67349,45.35031,2017-06-05,12:00:00 AM,01 - Clear,01 - Dry,10 - No control,01 - Non intersection,00 - Unknown,03 - P.D. only,06 - SMV unattended vehicle,Hunt Club East - Western Community
11322,PAUL ANKA DR btwn UPLANDS DR & MCCARTHY RD,369609.6774,5023772.823,-75.67288,45.35091,2017-05-24,12:00:00 AM,01 - Clear,01 - Dry,10 - No control,01 - Non intersection,00 - Unknown,03 - P.D. only,06 - SMV unattended vehicle,Hunt Club East - Western Community
11323,PAUL ANKA DR btwn UPLANDS DR & SAMPLE RD,369441.0171,5023368.03,-75.67509,45.34728,2017-01-12,12:00:00 AM,01 - Clear,02 - Wet,10 - No control,01 - Non intersection,00 - Unknown,03 - P.D. only,06 - SMV unattended vehicle,Hunt Club - Ottawa Airport
11324,PAUL METIVIER DR btwn CLEARBROOK DR & MOSS GROVE ST,366155.8322,5014787.888,-75.71807,45.27037,2017-09-27,10:44:00 AM,01 - Clear,01 - Dry,10 - No control,01 - Non intersection,01 - Daylight,03 - P.D. only,06 - SMV unattended vehicle,New Barrhaven
11325,PAUL METIVIER DR btwn CLEARBROOK DR & MOSS GROVE ST,366137.3171,5014779.295,-75.71831,45.2703,2017-04-18,7:00:00 AM,01 - Clear,01 - Dry,10 - No control,01 - Non intersection,03 - Dawn,03 - P.D. only,06 - SMV unattended vehicle,New Barrhaven
11326,PAUL METIVIER DR btwn LEAMINGTON WAY & LONGFIELDS DR,365065.452,5014199.869,-75.73204,45.26517,2017-11-16,7:24:00 PM,02 - Rain,02 - Wet,10 - No control,04 - At/near private drive,07 - Dark,03 - P.D. only,06 - SMV unattended vehicle,New Barrhaven
11327,PAUL METIVIER DR btwn LEAMINGTON WAY & LONGFIELDS DR,365122.752,5014257.913,-75.7313,45.26569,2017-11-26,6:11:00 PM,03 - Snow,03 - Loose snow,10 - No control,01 - Non intersection,07 - Dark,03 - P.D. only,06 - SMV unattended vehicle,New Barrhaven
11328,PAUL METIVIER DR btwn LEAMINGTON WAY & LONGFIELDS DR,365111.714,5014243.439,-75.73144,45.26556,2017-01-09,9:32:00 AM,01 - Clear,05 - Packed snow,10 - No control,04 - At/near private drive,01 - Daylight,03 - P.D. only,06 - SMV unattended vehicle,New Barrhaven
11329,PAUL METIVIER DR btwn MOSS GROVE ST & WOODROFFE AVE,366287.9278,5014838.996,-75.71638,45.27082,2017-01-23,8:07:00 PM,01 - Clear,02 - Wet,10 - No control,04 - At/near private drive,07 - Dark,03 - P.D. only,99 - Other,New Barrhaven
11330,PAULA CRES btwn BERNADETTE PL & BANNER RD,360134.797,5021422.275,-75.79406,45.33057,2017-10-19,12:00:00 AM,01 - Clear,01 - Dry,10 - No control,01 - Non intersection,00 - Unknown,03 - P.D. only,06 - SMV unattended vehicle,Sheahan Estates - Trend Village - Arlington Woods
11331,PEACOCK CRES btwn FLANDERS ST & FLANDERS ST,361975.3968,5014534.571,-75.77137,45.26844,2017-03-07,8:07:00 AM,04 - Freezing Rain,06 - Ice,10 - No control,01 - Non intersection,01 - Daylight,03 - P.D. only,06 - SMV unattended vehicle,Barrhaven West - Old Barrhaven
11332,PEERLESS ST btwn BAMBURGH WAY & HIBISCUS WAY,361355.4441,5015014.148,-75.77922,45.27281,2017-04-25,10:12:00 AM,01 - Clear,01 - Dry,10 - No control,04 - At/near private drive,01 - Daylight,03 - P.D. only,06 - SMV unattended vehicle,Munster Hamlet - Richmond
11333,PENDRA WAY btwn WINDANCE CRES & MAXWELL BRIDGE RD,349213.0612,5024697.96,-75.93309,45.36082,2017-06-25,12:00:00 AM,01 - Clear,01 - Dry,10 - No control,01 - Non intersection,00 - Unknown,03 - P.D. only,06 - SMV unattended vehicle,South March
11334,PENNARD WAY btwn BINBURY WAY & INVERKIP AVE (2),372634.8422,5025647.628,-75.63402,45.36749,2017-10-04,9:10:00 AM,01 - Clear,01 - Dry,10 - No control,04 - At/near private drive,01 - Daylight,03 - P.D. only,06 - SMV unattended vehicle,Greenboro East