Record,Location,X,Y,Longitude,Latitude,Date,Time,Environment,Road_Surface,Traffic_Control,Collision_Location,Light,Collision_Classification,Impact_type,Neighborhood
11335,PENNYCROSS LANE btwn RICHARDSON SIDE RD & DAVID MANCHESTER RD,344103.3353,5015189.111,-75.99907,45.27556,2017-10-25,8:39:00 AM,01 - Clear,01 - Dry,10 - No control,01 - Non intersection,01 - Daylight,03 - P.D. only,04 - Sideswipe,Stittsville - Basswood
11336,PEPPERVILLE CRES btwn TEMPLEFORD AVE & TABARET ST,354557.6309,5015474.701,-75.8658,45.27747,2017-11-18,9:58:00 PM,02 - Rain,02 - Wet,10 - No control,01 - Non intersection,07 - Dark,03 - P.D. only,06 - SMV unattended vehicle,Glen Cairn - Kanata South Business Park
11337,PEPPERVILLE CRES btwn TEMPLEFORD AVE & TABARET ST,354528.1742,5015417.041,-75.86618,45.27695,2017-02-16,2:32:00 PM,01 - Clear,05 - Packed snow,10 - No control,01 - Non intersection,01 - Daylight,03 - P.D. only,02 - Angle,Glen Cairn - Kanata South Business Park
11338,PERCIFOR WAY btwn LEITA PL W & TRAVIS ST W,381057.107,5032645.963,-75.52544,45.42959,2017-01-08,12:00:00 AM,03 - Snow,05 - Packed snow,10 - No control,01 - Non intersection,00 - Unknown,03 - P.D. only,06 - SMV unattended vehicle,Chapel Hill South
11339,PERCY ST @ GLOUCESTER ST,366940.973,5030856.968,-75.70605,45.41489,2017-05-14,9:49:00 PM,01 - Clear,01 - Dry,02 - Stop sign,03 - At intersection,07 - Dark,03 - P.D. only,07 - SMV other,Downtown
11340,PERCY ST btwn ACADEMY PRIV & LISGAR ST,367013.5911,5030735.814,-75.70514,45.41379,2017-11-17,12:00:00 AM,01 - Clear,01 - Dry,10 - No control,01 - Non intersection,00 - Unknown,03 - P.D. only,06 - SMV unattended vehicle,Centretown
11341,PERCY ST btwn CHAMBERLAIN AVE & GLENDALE AVE,367563.7162,5029815.885,-75.69822,45.40547,2017-05-21,11:32:00 AM,01 - Clear,01 - Dry,10 - No control,04 - At/near private drive,01 - Daylight,03 - P.D. only,06 - SMV unattended vehicle,The Glebe
11342,PERTH ST @ QUEEN CHARLOTTE ST/ROCHELLE DR,356183.5533,5005740.161,-75.84608,45.18976,2017-12-11,8:49:00 AM,01 - Clear,01 - Dry,02 - Stop sign,02 - Intersection related,01 - Daylight,03 - P.D. only,04 - Sideswipe,Richmond
11343,PERTH ST @ QUEEN CHARLOTTE ST/ROCHELLE DR,356182.83,5005742.24,-75.84609,45.18978,2017-02-20,1:58:00 AM,01 - Clear,06 - Ice,02 - Stop sign,02 - Intersection related,07 - Dark,02 - Non-fatal injury,07 - SMV other,Richmond
11344,PERTH ST btwn FRANKTOWN RD & ROCHELLE DR,356143.4761,5005709.237,-75.8466,45.18948,2017-06-17,4:28:00 AM,01 - Clear,01 - Dry,10 - No control,01 - Non intersection,07 - Dark,03 - P.D. only,07 - SMV other,Richmond
11345,PERTH ST btwn GAMBLE DR & SHEA RD,357510.8418,5006956.811,-75.82907,45.20061,2017-09-16,10:00:00 AM,01 - Clear,01 - Dry,10 - No control,04 - At/near private drive,01 - Daylight,03 - P.D. only,02 - Angle,Richmond
11346,PERTH ST btwn GAMBLE DR & SHEA RD,357493.9018,5006939.022,-75.82928,45.20045,2017-03-02,10:51:00 AM,01 - Clear,01 - Dry,10 - No control,04 - At/near private drive,01 - Daylight,02 - Non-fatal injury,05 - Turning movement,Richmond
11347,PERTH ST btwn SHEA RD & EAGLESON RD,357598.5915,5007037.442,-75.82794,45.20133,2017-03-21,3:39:00 AM,01 - Clear,01 - Dry,10 - No control,01 - Non intersection,07 - Dark,03 - P.D. only,07 - SMV other,Munster Hamlet - Richmond
11348,PERTH ST btwn SHEA RD & EAGLESON RD,357620.068,5007056.616,-75.82766,45.2015,2017-02-24,7:29:00 PM,02 - Rain,02 - Wet,10 - No control,04 - At/near private drive,07 - Dark,03 - P.D. only,03 - Rear end,Munster Hamlet - Richmond
11349,PETER MORAND CRES btwn ROGER GUINDON AVE & ROGER GUINDON AVE,372139.9197,5029646.942,-75.63979,45.40352,2017-11-22,12:00:00 AM,01 - Clear,01 - Dry,10 - No control,01 - Non intersection,00 - Unknown,03 - P.D. only,06 - SMV unattended vehicle,Elmvale - Eastway - Riverview - Riverview Park West
11350,PETER MORAND CRES btwn ROGER GUINDON AVE & ROGER GUINDON AVE,372140.7947,5029633.908,-75.63979,45.4034,2017-02-28,3:18:00 PM,01 - Clear,01 - Dry,10 - No control,04 - At/near private drive,01 - Daylight,03 - P.D. only,02 - Angle,Elmvale - Eastway - Riverview - Riverview Park West
11351,PETRICHOR CRES btwn GERRY LALONDE DR E & GERRY LALONDE DR W,383820.776,5035312.783,-75.4897,45.45328,2017-05-28,12:00:00 AM,01 - Clear,01 - Dry,10 - No control,04 - At/near private drive,07 - Dark,03 - P.D. only,06 - SMV unattended vehicle,Avalon
11352,PHEASANT RUN DR btwn FLINT CRT & JENNIFER LANE,361490.8647,5015406.668,-75.77745,45.27633,2017-07-07,2:45:00 PM,01 - Clear,01 - Dry,10 - No control,04 - At/near private drive,01 - Daylight,03 - P.D. only,02 - Angle,Barrhaven West - Old Barrhaven
11353,PHEASANT RUN DR btwn FLINT CRT & READY WAY,361393.3449,5015639.003,-75.77866,45.27843,2017-10-25,6:30:00 AM,01 - Clear,01 - Dry,10 - No control,04 - At/near private drive,03 - Dawn,03 - P.D. only,06 - SMV unattended vehicle,Barrhaven West - Old Barrhaven
11354,PICCADILLY AVE btwn BYRON AVE & IONA ST,364387.9543,5028521.515,-75.73895,45.3941,2017-01-31,6:00:00 PM,03 - Snow,03 - Loose snow,10 - No control,04 - At/near private drive,07 - Dark,03 - P.D. only,06 - SMV unattended vehicle,Island Park
11355,PICKFORD DR btwn CLARKSON CRES & CLARKSON CRES,353481.9507,5018593.193,-75.8792,45.3056,2017-12-16,11:22:00 AM,01 - Clear,04 - Slush,10 - No control,01 - Non intersection,01 - Daylight,03 - P.D. only,06 - SMV unattended vehicle,Katimavik - Hazeldean
11356,PICKFORD DR btwn SHATNER GT & CLARKSON CRES,353424.8811,5018696.953,-75.87992,45.30654,2017-07-08,12:00:00 AM,01 - Clear,01 - Dry,10 - No control,01 - Non intersection,00 - Unknown,03 - P.D. only,06 - SMV unattended vehicle,Katimavik - Hazeldean
11357,PIETY HILL WAY btwn DANBY CRT & GOODFELLOW CRT,358006.9908,5013936.468,-75.822,45.26337,2017-01-16,10:57:00 AM,01 - Clear,01 - Dry,10 - No control,04 - At/near private drive,01 - Daylight,03 - P.D. only,06 - SMV unattended vehicle,Munster Hamlet - Richmond
11358,PIKE ST btwn CASTLEGREEN PRIV & HUNTERSFIELD DR,373208.8065,5025238.764,-75.62675,45.36375,2017-11-01,6:29:00 AM,01 - Clear,01 - Dry,10 - No control,01 - Non intersection,07 - Dark,02 - Non-fatal injury,02 - Angle,Greenboro East
11359,PINE HILL DR btwn BRANDY CREEK CRES & PEREGRINE CRES,355831.3442,5017117.672,-75.8494,45.29216,2017-05-16,1:13:00 PM,01 - Clear,01 - Dry,10 - No control,01 - Non intersection,01 - Daylight,02 - Non-fatal injury,07 - SMV other,Bridlewood - Emerald Meadows
11360,PINE VISTA DR btwn RUSTIC HILLS CRES & RUSTIC HILLS CRES,386927.9546,5037579.486,-75.4496,45.47331,2017-06-02,2:36:00 PM,01 - Clear,01 - Dry,10 - No control,01 - Non intersection,01 - Daylight,03 - P.D. only,06 - SMV unattended vehicle,Cardinal Creek
11361,PINE VISTA DR btwn SIESTA CRT & SIESTA CRT,387145.6278,5037663.956,-75.4468,45.47405,2017-07-19,12:00:00 AM,01 - Clear,01 - Dry,10 - No control,01 - Non intersection,00 - Unknown,03 - P.D. only,06 - SMV unattended vehicle,Cardinal Creek
11362,PINECREST RD @ LISA AVE,360693.6367,5022917.898,-75.78676,45.34398,2017-06-05,9:21:00 PM,01 - Clear,01 - Dry,02 - Stop sign,02 - Intersection related,07 - Dark,03 - P.D. only,07 - SMV other,Iris
11363,PINECREST RD @ LISA AVE,360693.4177,5022916.428,-75.78676,45.34397,2017-01-21,8:31:00 AM,02 - Rain,06 - Ice,02 - Stop sign,03 - At intersection,01 - Daylight,03 - P.D. only,02 - Angle,Iris
11364,PINECREST RD @ QUEENSVIEW DR,360347.6636,5023782.542,-75.79108,45.35179,2017-04-06,8:44:00 PM,01 - Clear,01 - Dry,01 - Traffic signal,02 - Intersection related,07 - Dark,03 - P.D. only,03 - Rear end,Whitehaven - Queensway Terrace North
11365,PINECREST RD @ QUEENSVIEW DR,360346.6797,5023782.389,-75.79109,45.35179,2017-09-08,5:15:00 PM,01 - Clear,01 - Dry,01 - Traffic signal,02 - Intersection related,01 - Daylight,03 - P.D. only,05 - Turning movement,Whitehaven - Queensway Terrace North
11366,PINECREST RD @ QUEENSVIEW DR,360347.0142,5023784.175,-75.79109,45.3518,2017-11-29,1:59:00 PM,01 - Clear,01 - Dry,01 - Traffic signal,02 - Intersection related,01 - Daylight,03 - P.D. only,02 - Angle,Whitehaven - Queensway Terrace North
11367,PINECREST RD @ QUEENSVIEW DR,360347.0142,5023783.506,-75.79109,45.3518,2017-11-17,9:20:00 AM,01 - Clear,01 - Dry,01 - Traffic signal,02 - Intersection related,01 - Daylight,03 - P.D. only,03 - Rear end,Whitehaven - Queensway Terrace North
11368,PINECREST RD @ QUEENSVIEW DR,360346.3453,5023784.175,-75.79109,45.3518,2017-12-15,12:49:00 PM,01 - Clear,02 - Wet,01 - Traffic signal,03 - At intersection,01 - Daylight,03 - P.D. only,02 - Angle,Whitehaven - Queensway Terrace North
11369,PINECREST RD @ RICHMOND RD,360073.6738,5024470.175,-75.7945,45.358,2017-04-27,8:00:00 AM,01 - Clear,01 - Dry,01 - Traffic signal,02 - Intersection related,01 - Daylight,02 - Non-fatal injury,03 - Rear end,Whitehaven - Queensway Terrace North
11370,PINECREST RD @ RICHMOND RD,360073.2793,5024471.817,-75.7945,45.35801,2017-08-01,7:11:00 PM,01 - Clear,01 - Dry,01 - Traffic signal,03 - At intersection,01 - Daylight,03 - P.D. only,03 - Rear end,Whitehaven - Queensway Terrace North
11371,PINECREST RD @ RICHMOND RD,360071.4675,5024471.212,-75.79452,45.35801,2017-07-24,4:40:00 PM,02 - Rain,02 - Wet,01 - Traffic signal,02 - Intersection related,01 - Daylight,03 - P.D. only,03 - Rear end,Whitehaven - Queensway Terrace North
11372,PINECREST RD @ RICHMOND RD,360072.069,5024471.212,-75.79452,45.35801,2017-07-31,5:19:00 PM,01 - Clear,01 - Dry,01 - Traffic signal,02 - Intersection related,01 - Daylight,03 - P.D. only,03 - Rear end,Whitehaven - Queensway Terrace North
11373,PINECREST RD @ RICHMOND RD,360072.0325,5024470.555,-75.79452,45.358,2017-08-03,1:42:00 PM,01 - Clear,01 - Dry,01 - Traffic signal,03 - At intersection,01 - Daylight,03 - P.D. only,03 - Rear end,Whitehaven - Queensway Terrace North
11374,PINECREST RD @ RICHMOND RD,360072.1278,5024471.784,-75.79452,45.35801,2017-10-16,6:47:00 PM,01 - Clear,01 - Dry,01 - Traffic signal,02 - Intersection related,07 - Dark,03 - P.D. only,03 - Rear end,Whitehaven - Queensway Terrace North
11375,PINECREST RD @ RICHMOND RD,360073.1439,5024471.276,-75.7945,45.35801,2017-10-12,7:02:00 PM,01 - Clear,01 - Dry,01 - Traffic signal,02 - Intersection related,05 - Dusk,03 - P.D. only,03 - Rear end,Whitehaven - Queensway Terrace North
11376,PINECREST RD @ RICHMOND RD,360072.6705,5024470.966,-75.79451,45.358,2017-09-18,11:01:00 PM,01 - Clear,01 - Dry,01 - Traffic signal,03 - At intersection,07 - Dark,03 - P.D. only,05 - Turning movement,Whitehaven - Queensway Terrace North
11377,PINECREST RD @ THORSON AVE,360748.7434,5022779.586,-75.78607,45.34273,2017-03-28,3:26:00 PM,01 - Clear,01 - Dry,02 - Stop sign,02 - Intersection related,01 - Daylight,03 - P.D. only,99 - Other,Iris
11378,PINECREST RD btwn CARLING AVE & RICHMOND RD,360023.0774,5024592.1,-75.79513,45.3591,2017-07-02,9:55:00 PM,01 - Clear,02 - Wet,10 - No control,04 - At/near private drive,07 - Dark,03 - P.D. only,03 - Rear end,Whitehaven - Queensway Terrace North
11379,PINECREST RD btwn DUMAURIER AVE & QUEENSVIEW DR,360334.3051,5023815.613,-75.79124,45.35209,2017-11-16,2:00:00 PM,01 - Clear,01 - Dry,10 - No control,01 - Non intersection,01 - Daylight,03 - P.D. only,04 - Sideswipe,Whitehaven - Queensway Terrace North
11380,PINECREST RD btwn FALLIS AVE & HARWOOD AVE,360158.8561,5024240.525,-75.79344,45.35592,2017-02-18,4:40:00 PM,01 - Clear,01 - Dry,10 - No control,01 - Non intersection,01 - Daylight,03 - P.D. only,03 - Rear end,Whitehaven - Queensway Terrace North
11381,PINECREST RD btwn HWY417 IC129 RAMP26 & GREENBANK RD,360419.3094,5023598.108,-75.79018,45.35012,2017-01-31,7:01:00 PM,01 - Clear,02 - Wet,10 - No control,01 - Non intersection,07 - Dark,03 - P.D. only,04 - Sideswipe,Whitehaven - Queensway Terrace North
11382,PINECREST RD btwn KELLY AVE & DUMAURIER AVE,360300.8506,5023891.079,-75.79166,45.35277,2017-10-20,4:15:00 PM,01 - Clear,01 - Dry,10 - No control,04 - At/near private drive,01 - Daylight,03 - P.D. only,02 - Angle,Whitehaven - Queensway Terrace North
11383,PINECREST RD btwn RICHMOND RD & FALLIS AVE,360090.5031,5024419.543,-75.79429,45.35754,2017-06-24,10:30:00 AM,01 - Clear,01 - Dry,10 - No control,01 - Non intersection,01 - Daylight,03 - P.D. only,04 - Sideswipe,Whitehaven - Queensway Terrace North
11384,PINECREST RD/HWY 417 PINECRE IC129R63 @ TRANSI,360387.9398,5023678.324,-75.79057,45.35085,2017-09-16,6:38:00 PM,01 - Clear,01 - Dry,01 - Traffic signal,02 - Intersection related,05 - Dusk,03 - P.D. only,03 - Rear end,Whitehaven - Queensway Terrace North
11385,PINECREST RD/HWY 417 PINECRE IC129R63 @ TRANSI,360388.0867,5023677.836,-75.79057,45.35084,2017-02-14,7:09:00 PM,03 - Snow,02 - Wet,01 - Traffic signal,02 - Intersection related,07 - Dark,02 - Non-fatal injury,07 - SMV other,Whitehaven - Queensway Terrace North
11386,PINECREST RD/HWY 417 PINECRE IC129R63 @ TRANSI,360388.2947,5023676.669,-75.79057,45.35083,2017-03-25,1:32:00 AM,02 - Rain,02 - Wet,01 - Traffic signal,02 - Intersection related,07 - Dark,03 - P.D. only,03 - Rear end,Whitehaven - Queensway Terrace North
11387,PINEPOINT DR btwn LYNHAR RD & STINSON AVE,358326.6382,5020827.91,-75.81719,45.32536,2017-05-17,2:00:00 PM,01 - Clear,01 - Dry,10 - No control,04 - At/near private drive,01 - Daylight,03 - P.D. only,06 - SMV unattended vehicle,Bells Corners East
11388,PINETRAIL CRES btwn ROCKCRESS GDN & ROCKCRESS GDN,362911.0929,5022408.137,-75.75853,45.33921,2017-02-03,1:07:00 PM,01 - Clear,05 - Packed snow,10 - No control,01 - Non intersection,01 - Daylight,03 - P.D. only,06 - SMV unattended vehicle,Centrepointe
11389,PINETRAIL CRES btwn WILDBRIAR WAY & WILDBRIAR WAY,362855.0092,5022155.844,-75.75927,45.33695,2017-11-26,12:00:00 AM,01 - Clear,01 - Dry,10 - No control,01 - Non intersection,07 - Dark,03 - P.D. only,06 - SMV unattended vehicle,Centrepointe
11390,PINEWOOD CRES btwn HARWOOD AVE & HENLEY ST,360323.31,5024063.052,-75.79136,45.35431,2017-04-28,1:00:00 PM,01 - Clear,01 - Dry,10 - No control,01 - Non intersection,01 - Daylight,03 - P.D. only,04 - Sideswipe,Whitehaven - Queensway Terrace North
11391,PINEWOOD CRES btwn HARWOOD AVE & HENLEY ST,360396.5153,5024107.416,-75.79042,45.35471,2017-01-21,2:52:00 PM,01 - Clear,02 - Wet,10 - No control,04 - At/near private drive,01 - Daylight,03 - P.D. only,99 - Other,Whitehaven - Queensway Terrace North
11392,PINEWOOD CRES btwn RICHMOND RD & HARWOOD AVE,360131.7923,5024494.803,-75.79375,45.35821,2017-10-11,12:00:00 AM,01 - Clear,01 - Dry,10 - No control,01 - Non intersection,00 - Unknown,03 - P.D. only,06 - SMV unattended vehicle,Whitehaven - Queensway Terrace North
11393,PINNACLE ST @ TRIM RD,387033.3981,5036135.421,-75.44849,45.46031,2017-01-07,2:00:00 PM,01 - Clear,06 - Ice,02 - Stop sign,02 - Intersection related,01 - Daylight,03 - P.D. only,03 - Rear end,Cumberland
11394,PLACE D'ORLEANS DR @ OR174 IC102 RAMP51/TRANSI,381391.4822,5038031.495,-75.52033,45.47801,2017-07-11,7:00:00 PM,02 - Rain,02 - Wet,01 - Traffic signal,02 - Intersection related,01 - Daylight,03 - P.D. only,03 - Rear end,Industrial Park
11395,PLACE D'ORLEANS DR @ OR174 IC102 RAMP51/TRANSI,381391.2599,5038031.308,-75.52033,45.47801,2017-09-21,8:01:00 AM,01 - Clear,01 - Dry,01 - Traffic signal,02 - Intersection related,01 - Daylight,03 - P.D. only,03 - Rear end,Industrial Park
11396,PLACE D'ORLEANS DR @ PLACE D'ORLEANS SC N,381415.1586,5037940.977,-75.52004,45.47719,2017-05-19,3:21:00 PM,01 - Clear,01 - Dry,01 - Traffic signal,03 - At intersection,01 - Daylight,03 - P.D. only,05 - Turning movement,Industrial Park
11397,PLACE D'ORLEANS DR @ PLACE D'ORLEANS SC N,381415.0245,5037941.389,-75.52004,45.47719,2017-07-09,1:03:00 PM,01 - Clear,01 - Dry,01 - Traffic signal,03 - At intersection,01 - Daylight,03 - P.D. only,05 - Turning movement,Industrial Park
11398,PLACE D'ORLEANS DR btwn CENTRUM BLVD & ST. JOSEPH BLVD,381984.3377,5038032.959,-75.51274,45.47796,2017-01-28,6:36:00 PM,01 - Clear,02 - Wet,10 - No control,01 - Non intersection,07 - Dark,03 - P.D. only,05 - Turning movement,Industrial Park
11399,PLACE D'ORLEANS DR btwn OR174 IC102 RAMP51 & ST. JOSEPH BLVD (1),381400.796,5037972.971,-75.52022,45.47748,2017-09-30,1:26:00 PM,01 - Clear,01 - Dry,10 - No control,01 - Non intersection,01 - Daylight,03 - P.D. only,02 - Angle,Industrial Park
11400,PLACE D'ORLEANS DR btwn OR174 IC102 RAMP51 & ST. JOSEPH BLVD (1),381404.6024,5037969.05,-75.52017,45.47744,2017-02-08,2:15:00 PM,01 - Clear,01 - Dry,10 - No control,04 - At/near private drive,01 - Daylight,03 - P.D. only,05 - Turning movement,Industrial Park
11401,PLACE D'ORLEANS DR W @ ST. JOSEPH BLVD,381602.8402,5037685,-75.51768,45.47487,2017-08-24,3:55:00 PM,01 - Clear,01 - Dry,01 - Traffic signal,03 - At intersection,01 - Daylight,03 - P.D. only,05 - Turning movement,Industrial Park
11402,PLACE D'ORLEANS DR W @ ST. JOSEPH BLVD,381600.9777,5037682.527,-75.5177,45.47484,2017-12-02,4:30:00 PM,01 - Clear,01 - Dry,01 - Traffic signal,02 - Intersection related,05 - Dusk,03 - P.D. only,03 - Rear end,Orleans Village - Chateauneuf
11403,PLACE D'ORLEANS DR W @ ST. JOSEPH BLVD,381602.9063,5037683.461,-75.51768,45.47485,2017-03-02,5:50:00 PM,01 - Clear,01 - Dry,01 - Traffic signal,03 - At intersection,01 - Daylight,03 - P.D. only,05 - Turning movement,Industrial Park
11404,PLACE D'ORLEANS DR W @ ST. JOSEPH BLVD,381601.531,5037684.962,-75.51769,45.47487,2017-12-27,2:56:00 PM,01 - Clear,01 - Dry,01 - Traffic signal,03 - At intersection,01 - Daylight,03 - P.D. only,03 - Rear end,Industrial Park
11405,PLACID ST btwn SODERLIND ST & RYAN DR,361330.0741,5023432.19,-75.77858,45.34856,2017-07-26,12:00:00 AM,01 - Clear,01 - Dry,10 - No control,04 - At/near private drive,00 - Unknown,03 - P.D. only,06 - SMV unattended vehicle,Iris
11406,PLAINRIDGE CRES btwn GRAPEFERN TER & END (1),386218.4107,5036275.876,-75.45889,45.46167,2017-02-01,12:00:00 AM,03 - Snow,03 - Loose snow,10 - No control,04 - At/near private drive,00 - Unknown,03 - P.D. only,06 - SMV unattended vehicle,Notting Hill
11407,PLANTE DR btwn AVOCADO ST & MINA LANE,370475.6181,5024357.345,-75.66176,45.35608,2017-09-22,9:27:00 PM,01 - Clear,01 - Dry,10 - No control,01 - Non intersection,07 - Dark,02 - Non-fatal injury,06 - SMV unattended vehicle,Hunt Club East - Western Community
11408,PLAYFAIR DR btwn BEATTIE AVE & DELMAR DR,371970.6492,5028246.491,-75.64215,45.39094,2017-12-22,7:52:00 PM,03 - Snow,06 - Ice,10 - No control,04 - At/near private drive,07 - Dark,03 - P.D. only,06 - SMV unattended vehicle,Playfair Park - Lynda Park - Guildwood Estates
11409,PLEASANT PARK RD @ ALTA VISTA DR,370364.0509,5028466.21,-75.66263,45.39307,2017-07-07,1:50:00 PM,01 - Clear,01 - Dry,01 - Traffic signal,02 - Intersection related,01 - Daylight,03 - P.D. only,03 - Rear end,Alta Vista
11410,PLEASANT PARK RD @ ALTA VISTA DR,370366.0576,5028467.548,-75.66261,45.39308,2017-12-11,2:55:00 PM,01 - Clear,01 - Dry,01 - Traffic signal,02 - Intersection related,01 - Daylight,02 - Non-fatal injury,03 - Rear end,Alta Vista
11411,PLEASANT PARK RD @ ALTA VISTA DR,370365.1767,5028468.095,-75.66262,45.39308,2017-02-03,9:58:00 AM,01 - Clear,01 - Dry,01 - Traffic signal,03 - At intersection,01 - Daylight,02 - Non-fatal injury,02 - Angle,Alta Vista
11412,PLEASANT PARK RD @ ST. LAURENT BLVD,373597.3935,5028795.55,-75.6213,45.39572,2017-05-31,10:48:00 AM,01 - Clear,01 - Dry,01 - Traffic signal,02 - Intersection related,01 - Daylight,03 - P.D. only,04 - Sideswipe,Urbandale
11413,PLEASANT PARK RD @ ST. LAURENT BLVD,373598.0624,5028795.55,-75.62129,45.39572,2017-04-26,9:29:00 PM,01 - Clear,01 - Dry,01 - Traffic signal,03 - At intersection,07 - Dark,02 - Non-fatal injury,07 - SMV other,Urbandale
11414,PLEASANT PARK RD @ ST. LAURENT BLVD,373598.7312,5028796.888,-75.62128,45.39573,2017-05-01,5:46:00 PM,02 - Rain,02 - Wet,01 - Traffic signal,03 - At intersection,01 - Daylight,02 - Non-fatal injury,07 - SMV other,Hawthorn
11415,PLEASANT PARK RD @ ST. LAURENT BLVD,373597.1191,5028795.245,-75.6213,45.39572,2017-08-11,8:38:00 AM,01 - Clear,01 - Dry,01 - Traffic signal,02 - Intersection related,01 - Daylight,03 - P.D. only,03 - Rear end,Urbandale
11416,PLEASANT PARK RD @ ST. LAURENT BLVD,373597.2964,5028794.471,-75.6213,45.39571,2017-08-14,4:18:00 PM,01 - Clear,01 - Dry,01 - Traffic signal,02 - Intersection related,01 - Daylight,03 - P.D. only,03 - Rear end,Urbandale
11417,PLEASANT PARK RD @ ST. LAURENT BLVD,373597.7279,5028795.869,-75.62129,45.39572,2017-08-02,9:01:00 PM,01 - Clear,01 - Dry,01 - Traffic signal,03 - At intersection,07 - Dark,03 - P.D. only,04 - Sideswipe,Urbandale
11418,PLEASANT PARK RD @ ST. LAURENT BLVD,373597.3935,5028794.881,-75.6213,45.39571,2017-06-30,3:37:00 PM,02 - Rain,02 - Wet,01 - Traffic signal,02 - Intersection related,01 - Daylight,03 - P.D. only,03 - Rear end,Urbandale
11419,PLEASANT PARK RD @ ST. LAURENT BLVD,373598.6837,5028794.833,-75.62128,45.39571,2017-12-12,6:06:00 PM,03 - Snow,05 - Packed snow,01 - Traffic signal,02 - Intersection related,07 - Dark,02 - Non-fatal injury,07 - SMV other,Urbandale
11420,PLEASANT PARK RD @ ST. LAURENT BLVD,373598.0624,5028794.881,-75.62129,45.39571,2017-03-24,6:55:00 PM,03 - Snow,04 - Slush,01 - Traffic signal,02 - Intersection related,07 - Dark,03 - P.D. only,03 - Rear end,Urbandale
11421,PLEASANT PARK RD @ ST. LAURENT BLVD,373597.7279,5028796.26,-75.62129,45.39573,2017-12-29,2:22:00 PM,01 - Clear,01 - Dry,01 - Traffic signal,02 - Intersection related,01 - Daylight,03 - P.D. only,99 - Other,Hawthorn
11422,PLEASANT PARK RD btwn CAVENDISH RD & ALTA VISTA DR,370286.9837,5028458.976,-75.66362,45.39301,2017-08-04,3:16:00 PM,01 - Clear,01 - Dry,10 - No control,04 - At/near private drive,01 - Daylight,03 - P.D. only,99 - Other,Alta Vista
11423,PLEASANT PARK RD btwn FAIRBANKS AVE & LYNDA LANE,371007.9054,5028538.586,-75.6544,45.39366,2017-01-31,12:07:00 AM,01 - Clear,01 - Dry,10 - No control,01 - Non intersection,07 - Dark,02 - Non-fatal injury,03 - Rear end,Alta Vista
11424,PLEASANT PARK RD btwn FAIRBANKS AVE & LYNDA LANE,371280.5491,5028566.641,-75.65092,45.39388,2017-12-23,4:20:00 PM,03 - Snow,05 - Packed snow,10 - No control,01 - Non intersection,05 - Dusk,03 - P.D. only,06 - SMV unattended vehicle,Alta Vista
11425,PLEASANT PARK RD btwn HOLT CRES & CAMROSE ST,372599.2298,5028608.38,-75.63407,45.39413,2017-01-11,12:00:00 AM,01 - Clear,06 - Ice,10 - No control,01 - Non intersection,00 - Unknown,03 - P.D. only,06 - SMV unattended vehicle,Urbandale
11426,PLYMOUTH ST btwn LEBRETON ST S & BELL ST S,367077.1517,5029573.332,-75.70447,45.40333,2017-02-15,4:15:00 PM,03 - Snow,03 - Loose snow,10 - No control,01 - Non intersection,01 - Daylight,03 - P.D. only,06 - SMV unattended vehicle,The Glebe Annex
11427,POND ST btwn MACNABB PL & LAKEWAY DR,370176.0387,5034961.868,-75.66417,45.45153,2017-04-09,12:52:00 AM,01 - Clear,01 - Dry,10 - No control,01 - Non intersection,07 - Dark,03 - P.D. only,01 - Approaching,Rockcliffe - Manor Park
11428,POPLAR ST @ PRESTON ST,366391.2485,5029935.785,-75.71319,45.40665,2017-05-15,11:46:00 AM,01 - Clear,01 - Dry,02 - Stop sign,02 - Intersection related,01 - Daylight,02 - Non-fatal injury,03 - Rear end,Little Italy
11429,POPLIN ST @ SPRATT RD,368441.474,5014895.829,-75.68893,45.27114,2017-12-08,10:00:00 AM,01 - Clear,01 - Dry,02 - Stop sign,02 - Intersection related,01 - Daylight,03 - P.D. only,99 - Other,Greenbelt
11430,PORTAGE AVE btwn DORVAL AVE & DAUPHIN RD,372137.6759,5028933.144,-75.63992,45.3971,2017-07-01,4:44:00 AM,01 - Clear,01 - Dry,10 - No control,01 - Non intersection,07 - Dark,03 - P.D. only,07 - SMV other,Elmvale - Eastway - Riverview - Riverview Park West
11431,PORTAGE AVE btwn DORVAL AVE & DAUPHIN RD,372144.4684,5028933.826,-75.63983,45.3971,2017-12-30,1:50:00 PM,01 - Clear,05 - Packed snow,10 - No control,04 - At/near private drive,01 - Daylight,03 - P.D. only,99 - Other,Elmvale - Eastway - Riverview - Riverview Park West
11432,PORTAGE AVE btwn DORVAL AVE & END,372047.119,5028923.184,-75.64108,45.39702,2017-02-08,12:17:00 PM,01 - Clear,05 - Packed snow,10 - No control,04 - At/near private drive,01 - Daylight,03 - P.D. only,06 - SMV unattended vehicle,Elmvale - Eastway - Riverview - Riverview Park West
11433,PORTAGE BRIDGE NB btwn PROVINCIAL BOUNDARY & WELLINGTON ST,366496.033,5031372.185,-75.71167,45.41956,2017-12-28,7:41:00 AM,00 - Unknown,06 - Ice,10 - No control,01 - Non intersection,03 - Dawn,03 - P.D. only,07 - SMV other,LeBreton Flats