Record,Location,X,Y,Longitude,Latitude,Date,Time,Environment,Road_Surface,Traffic_Control,Collision_Location,Light,Collision_Classification,Impact_type,Neighborhood
11632,PRINCE OF WALES DR btwn ORMOND RD & PHELAN RD W,367069.8265,5002267.974,-75.70799,45.15764,2017-12-18,7:13:00 PM,03 - Snow,03 - Loose snow,10 - No control,01 - Non intersection,07 - Dark,03 - P.D. only,07 - SMV other,Manotick - North Gower
11633,PRINCE OF WALES DR btwn ORMOND RD & PHELAN RD W,367056.9209,5002362.029,-75.70814,45.15848,2017-12-22,3:20:00 PM,03 - Snow,03 - Loose snow,10 - No control,01 - Non intersection,01 - Daylight,03 - P.D. only,07 - SMV other,Manotick - North Gower
11634,PRINCE OF WALES DR btwn ORMOND RD & PHELAN RD W,367061.9691,5002263.709,-75.70809,45.1576,2017-12-18,9:00:00 PM,03 - Snow,03 - Loose snow,10 - No control,01 - Non intersection,07 - Dark,03 - P.D. only,07 - SMV other,Manotick - North Gower
11635,PRINCE OF WALES DR btwn RIDEAU GLEN DR & FALLOWFIELD RD,367419.2971,5019065.849,-75.70143,45.30875,2017-05-30,1:30:00 PM,01 - Clear,01 - Dry,10 - No control,01 - Non intersection,01 - Daylight,03 - P.D. only,03 - Rear end,Greenbelt
11636,PRINCE OF WALES DR btwn RIDEAU GLEN DR & FALLOWFIELD RD,367437.5798,5018969.31,-75.70121,45.30788,2017-09-07,7:57:00 AM,02 - Rain,02 - Wet,10 - No control,01 - Non intersection,01 - Daylight,03 - P.D. only,03 - Rear end,Greenbelt
11637,PRINCE OF WALES DR btwn RIDEAU GLEN DR & FALLOWFIELD RD,367413.4224,5019090.885,-75.7015,45.30898,2017-03-02,10:46:00 PM,01 - Clear,01 - Dry,10 - No control,01 - Non intersection,07 - Dark,03 - P.D. only,03 - Rear end,Greenbelt
11638,PRINCE OF WALES DR btwn RIDEAU GLEN DR & FALLOWFIELD RD,367410.0779,5019110.952,-75.70154,45.30916,2017-03-24,6:45:00 PM,03 - Snow,02 - Wet,10 - No control,01 - Non intersection,07 - Dark,03 - P.D. only,07 - SMV other,Greenbelt
11639,PRINCE OF WALES DR btwn RIDEAU GLEN DR & FALLOWFIELD RD,367440.1782,5018965.132,-75.70118,45.30784,2017-03-08,8:40:00 AM,01 - Clear,06 - Ice,10 - No control,01 - Non intersection,01 - Daylight,02 - Non-fatal injury,07 - SMV other,Greenbelt
11640,PRINCE OF WALES DR btwn RIDEAU SHORE CRT & COLONNADE RD,367388.9402,5023281.61,-75.70128,45.34669,2017-08-26,8:47:00 PM,01 - Clear,01 - Dry,10 - No control,01 - Non intersection,07 - Dark,03 - P.D. only,04 - Sideswipe,Industrial Park
11641,PRINCE OF WALES DR btwn TURN LANE & WEST HUNT CLUB RD,367455.5205,5021843.975,-75.70062,45.33375,2017-06-07,1:49:00 PM,01 - Clear,01 - Dry,10 - No control,01 - Non intersection,01 - Daylight,03 - P.D. only,05 - Turning movement,Industrial Park
11642,PRINCE OF WALES DR btwn TURN LANE & WEST HUNT CLUB RD,367457.7624,5021878.063,-75.70058,45.33405,2017-09-08,6:49:00 PM,01 - Clear,01 - Dry,10 - No control,01 - Non intersection,05 - Dusk,03 - P.D. only,03 - Rear end,Industrial Park
11643,PRINCE OF WALES DR btwn TURN LANE & WEST HUNT CLUB RD,367447.7187,5021798.552,-75.70072,45.33334,2017-12-07,7:08:00 AM,03 - Snow,06 - Ice,10 - No control,04 - At/near private drive,03 - Dawn,03 - P.D. only,05 - Turning movement,Industrial Park
11644,PRINCE OF WALES DR btwn TURN LANE & WEST HUNT CLUB RD,367446.4026,5021791.325,-75.70074,45.33327,2017-01-02,9:29:00 PM,01 - Clear,02 - Wet,10 - No control,01 - Non intersection,07 - Dark,03 - P.D. only,05 - Turning movement,Industrial Park
11645,PRINCE OF WALES DR btwn TURN LANE & WOODROFFE AVE,366783.5454,5013967.031,-75.71017,45.26293,2017-06-06,3:58:00 PM,02 - Rain,02 - Wet,10 - No control,01 - Non intersection,01 - Daylight,03 - P.D. only,07 - SMV other,New Barrhaven
11646,PRINCE OF WALES DR btwn WATERBEND LANE & TURN LANE,367421.1207,5021663.379,-75.70108,45.33212,2017-07-02,5:02:00 PM,02 - Rain,02 - Wet,10 - No control,01 - Non intersection,01 - Daylight,03 - P.D. only,03 - Rear end,Industrial Park
11647,PRINCE OF WALES DR btwn WATERBEND LANE & TURN LANE,367431.4142,5021717.271,-75.70094,45.33261,2017-11-22,4:39:00 PM,01 - Clear,01 - Dry,10 - No control,04 - At/near private drive,05 - Dusk,03 - P.D. only,05 - Turning movement,Industrial Park
11648,PRINCE OF WALES DR btwn WATERBRIDGE DR & CRESTWAY DR,367361.5319,5016477.974,-75.70249,45.28547,2017-12-24,4:31:00 PM,03 - Snow,03 - Loose snow,10 - No control,01 - Non intersection,05 - Dusk,03 - P.D. only,07 - SMV other,Greenbelt
11649,PRINCE OF WALES DR btwn WELLSMERE CRT & RIDEAU HEIGHTS LANE,367460.9482,5022653.319,-75.70045,45.34103,2017-07-13,3:40:00 AM,01 - Clear,01 - Dry,10 - No control,04 - At/near private drive,07 - Dark,02 - Non-fatal injury,03 - Rear end,Industrial Park
11650,PRINCE OF WALES DR btwn WELLSMERE CRT & TURN LANE,367391.0594,5022310.21,-75.70138,45.33795,2017-03-28,3:47:00 PM,01 - Clear,01 - Dry,10 - No control,01 - Non intersection,01 - Daylight,02 - Non-fatal injury,05 - Turning movement,Industrial Park
11651,PRINCE OF WALES DR btwn WELLSMERE CRT & TURN LANE,367388.7418,5022347.868,-75.70141,45.33829,2017-04-13,12:26:00 PM,01 - Clear,01 - Dry,10 - No control,01 - Non intersection,01 - Daylight,03 - P.D. only,04 - Sideswipe,Industrial Park
11652,PRINCE OF WALES DR btwn WELLSMERE CRT & TURN LANE,367450.1896,5022045.113,-75.70066,45.33556,2017-12-21,6:04:00 PM,01 - Clear,01 - Dry,10 - No control,01 - Non intersection,07 - Dark,03 - P.D. only,03 - Rear end,Industrial Park
11653,PRINCE OF WALES DR btwn WEST HUNT CLUB RD & TURN LANE,367455.9781,5021992.05,-75.70059,45.33508,2017-01-21,7:17:00 PM,01 - Clear,01 - Dry,10 - No control,01 - Non intersection,07 - Dark,03 - P.D. only,04 - Sideswipe,Industrial Park
11654,PRINCE OF WALES DR btwn WEST HUNT CLUB RD & TURN LANE,367459.1613,5021953.961,-75.70056,45.33474,2017-12-27,7:00:00 PM,01 - Clear,01 - Dry,10 - No control,01 - Non intersection,07 - Dark,03 - P.D. only,04 - Sideswipe,Industrial Park
11655,PRINCE OF WALES DR btwn WILLIAM MCEWEN DR & CARSONBY RD W,366106.7611,5004816.38,-75.71992,45.18065,2017-06-10,1:26:00 AM,01 - Clear,01 - Dry,10 - No control,01 - Non intersection,07 - Dark,03 - P.D. only,07 - SMV other,Manotick - North Gower
11656,PRINCE OF WALES DR btwn WINDING WAY & MERIVALE RD,367450.0458,5017528.166,-75.70123,45.29491,2017-06-12,5:01:00 PM,01 - Clear,01 - Dry,10 - No control,01 - Non intersection,01 - Daylight,03 - P.D. only,03 - Rear end,Greenbelt
11657,PRINCE OF WALES DR btwn WOODROFFE AVE & ROCKY HILL DR,366837.8801,5014138.734,-75.70946,45.26447,2017-08-06,6:52:00 PM,01 - Clear,01 - Dry,10 - No control,01 - Non intersection,01 - Daylight,03 - P.D. only,07 - SMV other,Chapman Mills - Rideau Crest - Davidson Heights
11658,PRINCE ST @ SUMMERVILLE AVE,365041.0329,5026544.931,-75.73085,45.37626,2017-01-15,12:23:00 PM,01 - Clear,01 - Dry,02 - Stop sign,03 - At intersection,01 - Daylight,03 - P.D. only,02 - Angle,Carlington
11659,PRINCESS AVE @ ROCKCLIFFE PKWY,368227.3666,5034331.932,-75.68917,45.44604,2017-10-20,5:00:00 PM,01 - Clear,01 - Dry,11 - Roundabout,03 - At intersection,01 - Daylight,03 - P.D. only,03 - Rear end,Rockcliffe - Manor Park
11660,PRINCESS AVE @ ROCKCLIFFE PKWY,368227.7011,5034330.598,-75.68916,45.44603,2017-10-10,3:16:00 PM,01 - Clear,01 - Dry,11 - Roundabout,03 - At intersection,01 - Daylight,03 - P.D. only,03 - Rear end,Rockcliffe - Manor Park
11661,PRINCESS AVE btwn SUSSEX DR & ROCKCLIFFE PKWY,367980.8237,5034174.681,-75.69234,45.44465,2017-06-16,11:52:00 AM,02 - Rain,02 - Wet,10 - No control,01 - Non intersection,01 - Daylight,03 - P.D. only,04 - Sideswipe,New Edinburgh
11662,PRINCESS AVE btwn SUSSEX DR & ROCKCLIFFE PKWY,368160.0573,5034231.609,-75.69004,45.44514,2017-12-22,1:08:00 PM,03 - Snow,04 - Slush,10 - No control,01 - Non intersection,01 - Daylight,03 - P.D. only,07 - SMV other,New Edinburgh
11663,PRINCESS AVE btwn TO BE DETERMINED & LISGAR RD (2),368649.3071,5034347.18,-75.68377,45.44614,2017-08-04,11:54:00 PM,02 - Rain,02 - Wet,10 - No control,01 - Non intersection,07 - Dark,03 - P.D. only,07 - SMV other,Rockcliffe - Manor Park
11664,PRINCESS PATRICIA WAY @ QUEEN ELIZABETH DRWY,368968.6932,5029417.992,-75.68033,45.40176,2017-06-30,5:48:00 PM,01 - Clear,02 - Wet,02 - Stop sign,02 - Intersection related,01 - Daylight,03 - P.D. only,03 - Rear end,The Glebe
11665,PRINCESS PATRICIA WAY @ QUEEN ELIZABETH DRWY,368968.6932,5029417.992,-75.68033,45.40176,2017-05-06,3:30:00 PM,02 - Rain,02 - Wet,02 - Stop sign,02 - Intersection related,01 - Daylight,02 - Non-fatal injury,01 - Approaching,The Glebe
11666,PRINCESS PATRICIA WAY btwn MARCHE WAY & PRINCESS PATRICIA WAY,368836.4013,5029302.104,-75.68203,45.40073,2017-09-03,11:30:00 AM,02 - Rain,02 - Wet,10 - No control,01 - Non intersection,01 - Daylight,03 - P.D. only,04 - Sideswipe,The Glebe
11667,PROMENADE AVE @ BRISBANE RD,366852.5762,5021078.873,-75.70841,45.32692,2017-08-04,9:14:00 AM,01 - Clear,02 - Wet,02 - Stop sign,03 - At intersection,01 - Daylight,03 - P.D. only,05 - Turning movement,Industrial Park
11668,ProposedCANYON WALK DR @ EARL ARMSTRONG RD,369397.9218,5015630.414,-75.67665,45.27766,2017-05-15,7:36:00 PM,01 - Clear,01 - Dry,01 - Traffic signal,03 - At intersection,01 - Daylight,03 - P.D. only,05 - Turning movement,Greenbelt
11669,ProposedCANYON WALK DR @ EARL ARMSTRONG RD,369402.9182,5015627.916,-75.67658,45.27764,2017-06-14,6:17:00 PM,01 - Clear,01 - Dry,01 - Traffic signal,03 - At intersection,01 - Daylight,02 - Non-fatal injury,05 - Turning movement,Greenbelt
11670,ProposedWESTVALLEY PRIV @ GLENHAVEN PRIV,370179.9941,5025910.558,-75.66532,45.37009,2017-09-27,8:02:00 PM,01 - Clear,01 - Dry,10 - No control,02 - Intersection related,07 - Dark,03 - P.D. only,04 - Sideswipe,Alta Vista
11671,PROVENDER AVE btwn BURMA RD & ROTHBURY CRES,373146.372,5034685.203,-75.62624,45.44876,2017-08-27,11:54:00 AM,01 - Clear,01 - Dry,10 - No control,04 - At/near private drive,01 - Daylight,03 - P.D. only,06 - SMV unattended vehicle,Gloucester
11672,PROVENDER AVE btwn ROTHBURY CRES & END,372902.8088,5034765.076,-75.62934,45.4495,2017-12-19,12:00:00 AM,01 - Clear,05 - Packed snow,10 - No control,01 - Non intersection,00 - Unknown,03 - P.D. only,06 - SMV unattended vehicle,Gloucester
11673,PROVOST DR btwn HYDE ST & MARCEL ST,369397.4685,5025182.303,-75.67541,45.36361,2017-07-30,12:00:00 PM,01 - Clear,01 - Dry,10 - No control,04 - At/near private drive,01 - Daylight,03 - P.D. only,06 - SMV unattended vehicle,Hunt Club Woods - Quintarra - Revelstoke - Riverside South P
11674,PUTMAN AVE @ SPRINGFIELD RD,369186.7001,5033908.399,-75.67696,45.44214,2017-11-21,2:19:00 PM,01 - Clear,01 - Dry,02 - Stop sign,03 - At intersection,01 - Daylight,03 - P.D. only,02 - Angle,New Edinburgh
11675,QUARRY RD @ BRITTANY DR,371787.8713,5034284.579,-75.64366,45.44528,2017-02-23,6:17:00 PM,01 - Clear,02 - Wet,02 - Stop sign,02 - Intersection related,07 - Dark,02 - Non-fatal injury,03 - Rear end,Rockcliffe - Manor Park
11676,QUEEN ELIZABETH DRWY @ SOMERSET ST,368570.7074,5031473.578,-75.68515,45.42029,2017-10-10,10:36:00 AM,01 - Clear,01 - Dry,02 - Stop sign,02 - Intersection related,01 - Daylight,03 - P.D. only,02 - Angle,Golden Triangle
11677,QUEEN ELIZABETH DRWY @ STRATHCONA AVE,368694.1749,5030359.596,-75.68371,45.41026,2017-07-19,9:16:00 PM,01 - Clear,01 - Dry,02 - Stop sign,03 - At intersection,07 - Dark,03 - P.D. only,02 - Angle,The Glebe
11678,QUEEN ELIZABETH DRWY btwn ARGYLE AVE & MCLEOD ST,368728.6169,5030857.633,-75.68321,45.41473,2017-12-04,7:15:00 PM,01 - Clear,01 - Dry,10 - No control,04 - At/near private drive,07 - Dark,03 - P.D. only,07 - SMV other,Golden Triangle
11679,QUEEN ELIZABETH DRWY btwn LAKESIDE AVE & LAKEVIEW TER,367632.3984,5028558.413,-75.69751,45.39415,2017-07-05,4:37:00 PM,01 - Clear,01 - Dry,10 - No control,01 - Non intersection,01 - Daylight,02 - Non-fatal injury,07 - SMV other,The Glebe
11680,QUEEN ELIZABETH DRWY btwn MONKLAND AVE & LINDEN TER,368790.8718,5030258.567,-75.68249,45.40934,2017-07-07,6:56:00 PM,02 - Rain,02 - Wet,10 - No control,01 - Non intersection,01 - Daylight,03 - P.D. only,07 - SMV other,The Glebe
11681,QUEEN ELIZABETH DRWY btwn PRESTON ST & CRESCENT HGTS,366955.866,5028864.017,-75.70611,45.39696,2017-09-19,3:14:00 PM,01 - Clear,01 - Dry,10 - No control,01 - Non intersection,01 - Daylight,03 - P.D. only,03 - Rear end,The Glebe
11682,QUEEN ELIZABETH DRWY btwn PRESTON ST & CRESCENT HGTS,367138.1667,5028947.913,-75.70377,45.39769,2017-07-16,3:00:00 PM,01 - Clear,01 - Dry,10 - No control,01 - Non intersection,01 - Daylight,02 - Non-fatal injury,07 - SMV other,The Glebe
11683,QUEEN ELIZABETH DRWY btwn QUEEN ELIZABETH PL & FIFTH AVE,369008.4096,5029249.041,-75.67984,45.40023,2017-08-22,4:45:00 PM,02 - Rain,02 - Wet,10 - No control,01 - Non intersection,01 - Daylight,03 - P.D. only,07 - SMV other,Old Ottawa East
11684,QUEEN MARY ST @ ISIDORE ST,371674.6718,5032102.869,-75.6454,45.42566,2017-12-21,4:26:00 PM,01 - Clear,02 - Wet,02 - Stop sign,03 - At intersection,05 - Dusk,03 - P.D. only,02 - Angle,Overbrook
11685,QUEEN MARY ST @ QUILL ST,370735.2271,5031999.132,-75.65742,45.42482,2017-01-01,8:43:00 PM,01 - Clear,03 - Loose snow,02 - Stop sign,02 - Intersection related,07 - Dark,03 - P.D. only,07 - SMV other,Overbrook
11686,QUEEN MARY ST @ VANIER PKWY,370361.8742,5031958.306,-75.6622,45.42449,2017-09-21,12:08:00 PM,01 - Clear,01 - Dry,01 - Traffic signal,03 - At intersection,01 - Daylight,02 - Non-fatal injury,01 - Approaching,Overbrook
11687,QUEEN MARY ST @ VANIER PKWY,370363.516,5031955.335,-75.66218,45.42446,2017-11-03,2:23:00 PM,01 - Clear,01 - Dry,01 - Traffic signal,02 - Intersection related,01 - Daylight,03 - P.D. only,03 - Rear end,Overbrook
11688,QUEEN MARY ST @ VANIER PKWY,370364.1227,5031957.997,-75.66217,45.42448,2017-02-13,3:15:00 PM,01 - Clear,03 - Loose snow,01 - Traffic signal,02 - Intersection related,01 - Daylight,03 - P.D. only,03 - Rear end,Overbrook
11689,QUEEN MARY ST @ VANIER PKWY,370363.7105,5031957.21,-75.66217,45.42448,2017-01-09,9:15:00 PM,01 - Clear,02 - Wet,01 - Traffic signal,02 - Intersection related,07 - Dark,03 - P.D. only,99 - Other,Overbrook
11690,QUEEN MARY ST @ VANIER PKWY,370364.7138,5031958.923,-75.66216,45.42449,2017-02-13,8:45:00 PM,01 - Clear,00 - Unknown,01 - Traffic signal,02 - Intersection related,07 - Dark,02 - Non-fatal injury,03 - Rear end,Overbrook
11691,QUEEN MARY ST @ VANIER PKWY,370364.2532,5031958.399,-75.66217,45.42449,2017-02-06,8:58:00 PM,03 - Snow,04 - Slush,01 - Traffic signal,03 - At intersection,07 - Dark,02 - Non-fatal injury,07 - SMV other,Overbrook
11692,QUEEN MARY ST @ VANIER PKWY,370366.2856,5031957.585,-75.66214,45.42448,2017-01-11,10:30:00 AM,01 - Clear,03 - Loose snow,01 - Traffic signal,02 - Intersection related,01 - Daylight,03 - P.D. only,03 - Rear end,Overbrook
11693,QUEEN MARY ST @ VANIER PKWY,370364.7138,5031958.254,-75.66216,45.42449,2017-02-11,4:33:00 PM,01 - Clear,01 - Dry,01 - Traffic signal,02 - Intersection related,01 - Daylight,03 - P.D. only,07 - SMV other,Overbrook
11694,QUEEN MARY ST @ VANIER PKWY,370362.7547,5031958.78,-75.66219,45.42449,2017-12-30,7:55:00 PM,01 - Clear,01 - Dry,01 - Traffic signal,03 - At intersection,07 - Dark,03 - P.D. only,05 - Turning movement,Overbrook
11695,QUEEN MARY ST @ VANIER PKWY,370364.1839,5031958.295,-75.66217,45.42449,2017-12-27,11:05:00 AM,01 - Clear,01 - Dry,01 - Traffic signal,03 - At intersection,01 - Daylight,03 - P.D. only,05 - Turning movement,Overbrook
11696,QUEEN MARY ST @ VERA ST,370522.8042,5031973.291,-75.66014,45.42461,2017-01-28,11:37:00 PM,03 - Snow,05 - Packed snow,02 - Stop sign,02 - Intersection related,07 - Dark,02 - Non-fatal injury,01 - Approaching,Overbrook
11697,QUEEN MARY ST btwn FRANCES ST & ISIDORE ST,371583.6662,5032094.983,-75.64657,45.4256,2017-07-23,4:19:00 PM,01 - Clear,01 - Dry,10 - No control,01 - Non intersection,01 - Daylight,03 - P.D. only,06 - SMV unattended vehicle,Overbrook
11698,QUEEN ST @ LYON ST,367018.4412,5031287.794,-75.705,45.41876,2017-06-23,12:30:00 PM,01 - Clear,02 - Wet,01 - Traffic signal,02 - Intersection related,01 - Daylight,03 - P.D. only,04 - Sideswipe,Downtown
11699,QUEEN ST @ LYON ST,367017.6108,5031288.127,-75.70501,45.41876,2017-10-12,1:17:00 PM,01 - Clear,01 - Dry,01 - Traffic signal,03 - At intersection,01 - Daylight,03 - P.D. only,02 - Angle,Downtown
11700,QUEEN ST btwn LYON ST N & KENT ST,367104.7252,5031339.432,-75.70389,45.41922,2017-12-04,2:18:00 PM,01 - Clear,01 - Dry,10 - No control,01 - Non intersection,01 - Daylight,02 - Non-fatal injury,07 - SMV other,Downtown
11701,QUEEN ST btwn LYON ST N & KENT ST,367095.7562,5031333.365,-75.70401,45.41916,2017-12-14,4:21:00 PM,01 - Clear,03 - Loose snow,10 - No control,01 - Non intersection,05 - Dusk,03 - P.D. only,07 - SMV other,Downtown
11702,QUEEN ST btwn METCALFE ST & ELGIN ST,367680.7261,5031701.311,-75.69649,45.42242,2017-04-05,12:09:00 PM,01 - Clear,01 - Dry,10 - No control,04 - At/near private drive,01 - Daylight,03 - P.D. only,06 - SMV unattended vehicle,Downtown
11703,QUEENSBURY DR btwn GRENADIER WAY & DOULTON GT,365462.7755,5016227.496,-75.72673,45.28339,2017-03-18,12:00:00 AM,01 - Clear,01 - Dry,10 - No control,01 - Non intersection,00 - Unknown,03 - P.D. only,06 - SMV unattended vehicle,New Barrhaven
11704,QUEENSDALE AVE @ SIXTH ST,373623.0713,5023613.841,-75.62169,45.34909,2017-02-24,4:10:00 PM,02 - Rain,02 - Wet,02 - Stop sign,03 - At intersection,01 - Daylight,03 - P.D. only,02 - Angle,Blossom Park - Blossom Park West - Sawmill Creek/ Timbermill
11705,QUEENSDALE AVE btwn BANNON WAY & BANK ST,373198.2642,5023365.518,-75.62715,45.3469,2017-02-21,4:28:00 PM,01 - Clear,01 - Dry,10 - No control,04 - At/near private drive,01 - Daylight,03 - P.D. only,02 - Angle,Blossom Park - Blossom Park West - Sawmill Creek/ Timbermill
11706,QUEENSDALE AVE btwn MAVIS ST & BANNON WAY,373038.3554,5023270.153,-75.6292,45.34606,2017-05-09,2:30:00 PM,01 - Clear,01 - Dry,10 - No control,04 - At/near private drive,01 - Daylight,03 - P.D. only,02 - Angle,Blossom Park - Blossom Park West - Sawmill Creek/ Timbermill
11707,QUEENSGROVE RD btwn FAIRLAWN AVE & PARKHURST BLVD,362285.0316,5025056.984,-75.76621,45.3631,2017-12-09,6:00:00 PM,01 - Clear,01 - Dry,10 - No control,01 - Non intersection,07 - Dark,03 - P.D. only,06 - SMV unattended vehicle,Glabar Park
11708,QUEENSLINE DR btwn NANAIMO DR & ESQUIMAULT AVE,359649.6137,5022632.945,-75.80011,45.3415,2017-06-14,8:39:00 PM,01 - Clear,01 - Dry,10 - No control,01 - Non intersection,05 - Dusk,03 - P.D. only,07 - SMV other,Qualicum - Redwood Park
11709,QUEENSVIEW DR btwn PINECREST RD & END,360516.2449,5023853.071,-75.78892,45.35241,2017-06-12,12:27:00 PM,02 - Rain,02 - Wet,10 - No control,04 - At/near private drive,01 - Daylight,02 - Non-fatal injury,07 - SMV other,Whitehaven - Queensway Terrace North
11710,RAFTSMAN LANE S @ VOYAGEUR DR,379025.1858,5037885.598,-75.55061,45.47695,2017-09-08,5:34:00 PM,01 - Clear,01 - Dry,02 - Stop sign,03 - At intersection,01 - Daylight,02 - Non-fatal injury,02 - Angle,Orleans South West
11711,RAINBOW ST btwn CANOTEK RD & END (1),376170.854,5035317.174,-75.58749,45.45414,2017-04-05,3:15:00 PM,01 - Clear,01 - Dry,10 - No control,04 - At/near private drive,01 - Daylight,03 - P.D. only,05 - Turning movement,Greenbelt
11712,RAINROCK CRES btwn COMPASS ST & DRAGONFLY WALK,382149.8324,5033483.204,-75.51134,45.437,2017-02-16,12:00:00 AM,01 - Clear,03 - Loose snow,10 - No control,01 - Non intersection,00 - Unknown,03 - P.D. only,06 - SMV unattended vehicle,Chapel Hill South
11713,RAINSFORD AVE btwn WILSON ST & CLARKE AVE,372201.9852,5033807.702,-75.63843,45.44095,2017-02-13,10:28:00 AM,01 - Clear,03 - Loose snow,10 - No control,04 - At/near private drive,01 - Daylight,03 - P.D. only,99 - Other,Cummings
11714,RAMP btwn Continuation of RAMP & AIRPORT PKWY,371034.0664,5023571.443,-75.65473,45.34896,2017-11-05,5:35:00 PM,02 - Rain,02 - Wet,10 - No control,01 - Non intersection,07 - Dark,03 - P.D. only,04 - Sideswipe,Hunt Club - Ottawa Airport
11715,RAMP btwn Continuation of RAMP & END (2),346499.9737,5015218.313,-75.96852,45.27568,2017-09-07,12:30:00 AM,01 - Clear,01 - Dry,10 - No control,01 - Non intersection,07 - Dark,03 - P.D. only,07 - SMV other,Stittsville - Basswood
11716,RAMP btwn Continuation of RAMP & END (2),346743.6607,5015305.127,-75.96541,45.27645,2017-02-10,8:35:00 PM,03 - Snow,03 - Loose snow,10 - No control,01 - Non intersection,07 - Dark,03 - P.D. only,07 - SMV other,Stittsville - Basswood
11717,RAMP btwn Continuation of RAMP & END (2),346376.1351,5015174.863,-75.9701,45.2753,2017-02-17,6:20:00 AM,01 - Clear,06 - Ice,10 - No control,01 - Non intersection,03 - Dawn,02 - Non-fatal injury,07 - SMV other,Stittsville - Basswood
11718,RAMP btwn HIGHWAY 417 & HIGHWAY 7,345911.1721,5014581.675,-75.97608,45.26999,2017-06-11,5:55:00 AM,01 - Clear,01 - Dry,10 - No control,01 - Non intersection,01 - Daylight,03 - P.D. only,07 - SMV other,Stittsville - Basswood
11719,RAMP btwn HIGHWAY 417 & HWY417 IC96 RAMP16,387339.3828,5023906.623,-75.44663,45.35025,2017-03-14,9:30:00 AM,03 - Snow,03 - Loose snow,10 - No control,01 - Non intersection,01 - Daylight,03 - P.D. only,07 - SMV other,Greenbelt
11720,RAMSAYVILLE RD @ LEITRIM RD,378726.2255,5023872.958,-75.55654,45.35091,2017-10-01,11:48:00 PM,01 - Clear,01 - Dry,02 - Stop sign,03 - At intersection,07 - Dark,03 - P.D. only,03 - Rear end,Greenbelt
11721,RAMSAYVILLE RD @ LEITRIM RD,378728.6848,5023884.739,-75.5565,45.35101,2017-11-29,8:26:00 AM,01 - Clear,02 - Wet,02 - Stop sign,03 - At intersection,01 - Daylight,02 - Non-fatal injury,02 - Angle,Greenbelt
11722,RAMSAYVILLE RD @ LEITRIM RD,378725.7686,5023872.836,-75.55654,45.3509,2017-03-15,7:49:00 AM,03 - Snow,03 - Loose snow,02 - Stop sign,02 - Intersection related,01 - Daylight,03 - P.D. only,03 - Rear end,Greenbelt
11723,RAMSAYVILLE RD @ MITCH OWENS RD,381144.7914,5018038.2,-75.52657,45.29815,2017-10-17,8:16:00 AM,01 - Clear,01 - Dry,02 - Stop sign,02 - Intersection related,01 - Daylight,03 - P.D. only,03 - Rear end,Metcalfe
11724,RAMSAYVILLE RD @ MITCH OWENS RD,381145.7472,5018037.754,-75.52656,45.29814,2017-12-05,8:48:00 AM,02 - Rain,02 - Wet,02 - Stop sign,02 - Intersection related,01 - Daylight,03 - P.D. only,03 - Rear end,Metcalfe
11725,RAMSAYVILLE RD @ MITCH OWENS RD,381142.1109,5018033.446,-75.52661,45.29811,2017-11-24,12:12:00 PM,01 - Clear,01 - Dry,02 - Stop sign,03 - At intersection,01 - Daylight,02 - Non-fatal injury,02 - Angle,Metcalfe
11726,RAMSAYVILLE RD @ NINTH LINE RD,380302.4279,5020068.253,-75.537,45.3165,2017-04-19,9:50:00 PM,01 - Clear,02 - Wet,02 - Stop sign,02 - Intersection related,07 - Dark,03 - P.D. only,07 - SMV other,Greenbelt
11727,RAMSAYVILLE RD @ RIDEAU RD,380352.4451,5019957.477,-75.53638,45.3155,2017-07-10,4:23:00 PM,01 - Clear,01 - Dry,02 - Stop sign,03 - At intersection,01 - Daylight,02 - Non-fatal injury,02 - Angle,Greenbelt
11728,RAMSAYVILLE RD @ RIDGE RD,376679.6313,5028859.11,-75.58193,45.39598,2017-11-03,4:00:00 PM,01 - Clear,01 - Dry,02 - Stop sign,03 - At intersection,01 - Daylight,03 - P.D. only,02 - Angle,Greenbelt
11729,RAMSAYVILLE RD @ RIDGE RD,376684.0803,5028862.199,-75.58187,45.39601,2017-12-05,7:43:00 AM,02 - Rain,02 - Wet,02 - Stop sign,03 - At intersection,03 - Dawn,02 - Non-fatal injury,02 - Angle,Greenbelt
11730,RAMSAYVILLE RD @ RIDGE RD,376683.4114,5028864.205,-75.58188,45.39603,2017-03-08,5:51:00 AM,01 - Clear,06 - Ice,02 - Stop sign,02 - Intersection related,03 - Dawn,03 - P.D. only,07 - SMV other,Greenbelt
11731,RAMSAYVILLE RD @ RIDGE RD,376683.4114,5028861.53,-75.58188,45.396,2017-03-24,10:15:00 PM,03 - Snow,03 - Loose snow,02 - Stop sign,03 - At intersection,07 - Dark,03 - P.D. only,05 - Turning movement,Greenbelt
11732,RAMSAYVILLE RD @ RUSSELL RD N,377777.4271,5026757.864,-75.56822,45.37696,2017-03-10,1:23:00 AM,01 - Clear,01 - Dry,02 - Stop sign,02 - Intersection related,07 - Dark,02 - Non-fatal injury,07 - SMV other,Greenbelt
11733,RAMSAYVILLE RD @ RUSSELL RD S,377831.4206,5026128.854,-75.56762,45.3713,2017-06-19,10:07:00 AM,01 - Clear,01 - Dry,02 - Stop sign,02 - Intersection related,01 - Daylight,03 - P.D. only,07 - SMV other,Greenbelt