Record,Location,X,Y,Longitude,Latitude,Date,Time,Environment,Road_Surface,Traffic_Control,Collision_Location,Light,Collision_Classification,Impact_type,Neighborhood
11734,RAMSAYVILLE RD @ WALKLEY EXTENSION RD,376464.4102,5029419.881,-75.58459,45.40105,2017-03-07,10:14:00 PM,02 - Rain,06 - Ice,10 - No control,02 - Intersection related,07 - Dark,03 - P.D. only,07 - SMV other,Greenbelt
11735,RAMSAYVILLE RD @ WALKLEY EXTENSION RD,376463.504,5029425.818,-75.5846,45.4011,2017-12-23,5:30:00 PM,03 - Snow,03 - Loose snow,10 - No control,03 - At intersection,07 - Dark,03 - P.D. only,02 - Angle,Greenbelt
11736,RAMSAYVILLE RD btwn GENERATION CRT & RUSSELL RD,377890.4551,5025887.764,-75.5669,45.36912,2017-02-19,6:45:00 AM,01 - Clear,02 - Wet,10 - No control,01 - Non intersection,07 - Dark,03 - P.D. only,07 - SMV other,Greenbelt
11737,RAMSAYVILLE RD btwn LEITRIM RD & EIGHTH LINE RD,378911.0375,5023434.267,-75.55424,45.34694,2017-12-01,4:15:00 PM,01 - Clear,01 - Dry,10 - No control,04 - At/near private drive,05 - Dusk,03 - P.D. only,03 - Rear end,Greenbelt
11738,RAMSAYVILLE RD btwn LEITRIM RD & EIGHTH LINE RD,379364.4007,5022302.586,-75.54863,45.33671,2017-11-15,9:46:00 PM,01 - Clear,01 - Dry,10 - No control,01 - Non intersection,07 - Dark,03 - P.D. only,03 - Rear end,Greenbelt
11739,RAMSAYVILLE RD btwn LEITRIM RD & LEITRIM RD,378752.5244,5023809.96,-75.55621,45.35034,2017-06-08,12:27:00 PM,01 - Clear,01 - Dry,10 - No control,01 - Non intersection,01 - Daylight,03 - P.D. only,07 - SMV other,Greenbelt
11740,RAMSAYVILLE RD btwn LOUISEIZE RD & NINTH LINE RD,380265.8886,5020164.039,-75.53746,45.31737,2017-11-21,10:14:00 PM,01 - Clear,02 - Wet,10 - No control,01 - Non intersection,07 - Dark,03 - P.D. only,07 - SMV other,Greenbelt
11741,RAMSAYVILLE RD btwn RIDEAU RD & MITCH OWENS RD,380944.766,5018502.022,-75.52905,45.30234,2017-06-25,3:15:00 AM,01 - Clear,01 - Dry,10 - No control,01 - Non intersection,07 - Dark,03 - P.D. only,07 - SMV other,Osgoode
11742,RAMSAYVILLE RD btwn RIDGE RD & RUSSELL RD,377705.1863,5026806.694,-75.56913,45.37741,2017-10-26,4:29:00 PM,01 - Clear,01 - Dry,10 - No control,01 - Non intersection,05 - Dusk,03 - P.D. only,07 - SMV other,Greenbelt
11743,RAMSAYVILLE RD btwn RIDGE RD & RUSSELL RD,377198.8689,5027553.166,-75.57549,45.38418,2017-10-05,12:31:00 AM,01 - Clear,01 - Dry,10 - No control,01 - Non intersection,07 - Dark,03 - P.D. only,03 - Rear end,Greenbelt
11744,RAMSAYVILLE RD btwn WHYTE SIDE RD & LEITRIM RD,378706.3706,5023920.327,-75.55678,45.35133,2017-06-13,12:52:00 AM,01 - Clear,01 - Dry,10 - No control,01 - Non intersection,07 - Dark,02 - Non-fatal injury,03 - Rear end,Greenbelt
11745,RAMSAYVILLE RD btwn WHYTE SIDE RD & LEITRIM RD,378044.5546,5025519.526,-75.56499,45.36579,2017-11-19,6:59:00 AM,03 - Snow,06 - Ice,10 - No control,01 - Non intersection,03 - Dawn,03 - P.D. only,07 - SMV other,Greenbelt
11746,RAMSAYVILLE RD btwn WHYTE SIDE RD & LEITRIM RD,378654.6184,5024059.671,-75.55742,45.35259,2017-02-11,8:05:00 PM,01 - Clear,05 - Packed snow,10 - No control,01 - Non intersection,07 - Dark,03 - P.D. only,07 - SMV other,Greenbelt
11747,RAMSEY CRES btwn DUMAURIER AVE & DUMAURIER AVE,360074.1497,5023401.651,-75.79461,45.34838,2017-07-15,3:29:00 PM,01 - Clear,01 - Dry,10 - No control,01 - Non intersection,01 - Daylight,02 - Non-fatal injury,07 - SMV other,Whitehaven - Queensway Terrace North
11748,RANDALL AVE btwn ALTA VISTA DR & BRAESIDE AVE,370464.3929,5027370.166,-75.6615,45.38319,2017-12-01,8:58:00 AM,01 - Clear,02 - Wet,10 - No control,01 - Non intersection,01 - Daylight,03 - P.D. only,01 - Approaching,Alta Vista
11749,RANDALL AVE btwn RALSTON ST & RIDGECREST PL,370136.0757,5027333.635,-75.6657,45.3829,2017-03-22,10:38:00 AM,01 - Clear,01 - Dry,10 - No control,01 - Non intersection,01 - Daylight,03 - P.D. only,06 - SMV unattended vehicle,Alta Vista
11750,RANDALL AVE btwn UTAH ST & BEAVER AVE,369935.1191,5027311.247,-75.66826,45.38271,2017-03-30,8:01:00 PM,01 - Clear,01 - Dry,10 - No control,04 - At/near private drive,07 - Dark,03 - P.D. only,06 - SMV unattended vehicle,Alta Vista
11751,RAVEN AVE @ KIRKWOOD AVE,364690.9326,5026773.658,-75.73529,45.37834,2017-05-07,11:43:00 AM,01 - Clear,02 - Wet,02 - Stop sign,03 - At intersection,01 - Daylight,02 - Non-fatal injury,02 - Angle,Carlington
11752,RAVEN AVE @ KIRKWOOD AVE,364689.8747,5026774.381,-75.7353,45.37835,2017-05-11,1:35:00 AM,01 - Clear,01 - Dry,02 - Stop sign,02 - Intersection related,07 - Dark,03 - P.D. only,07 - SMV other,Carlington
11753,RAVEN AVE btwn KIRKWOOD AVE & MERIVALE RD,364802.659,5026845.608,-75.73385,45.37898,2017-11-24,2:39:00 AM,01 - Clear,01 - Dry,10 - No control,04 - At/near private drive,07 - Dark,03 - P.D. only,07 - SMV other,Carlington
11754,RAVENHILL AVE @ ROOSEVELT AVE,363070.1492,5027985.548,-75.75584,45.38939,2017-08-24,12:59:00 PM,01 - Clear,01 - Dry,03 - Yield sign,03 - At intersection,01 - Daylight,02 - Non-fatal injury,02 - Angle,Carlingwood - McKellar Park - Laurentien View
11755,RAY WILSON RD btwn YORKS CORNERS RD & GREGOIRE RD,390027.9796,5011659.987,-75.41442,45.23974,2017-10-26,4:26:00 PM,01 - Clear,01 - Dry,10 - No control,01 - Non intersection,01 - Daylight,02 - Non-fatal injury,07 - SMV other,Metcalfe
11756,RAYMOND ST/HWY 417 ROCHEST IC121BR16 @ ROCHEST,366737.9951,5029618.723,-75.7088,45.40377,2017-05-06,9:20:00 PM,02 - Rain,02 - Wet,01 - Traffic signal,03 - At intersection,07 - Dark,03 - P.D. only,02 - Angle,Centretown West
11757,RAYMOND ST/HWY 417 ROCHEST IC121BR16 @ ROCHEST,366737.6744,5029618.602,-75.7088,45.40376,2017-10-22,2:08:00 PM,01 - Clear,01 - Dry,01 - Traffic signal,03 - At intersection,01 - Daylight,03 - P.D. only,05 - Turning movement,Centretown West
11758,RAYMOND ST/HWY 417 ROCHEST IC121BR16 @ ROCHEST,366737.7196,5029618.313,-75.7088,45.40376,2017-02-12,12:00:00 PM,03 - Snow,05 - Packed snow,01 - Traffic signal,02 - Intersection related,01 - Daylight,03 - P.D. only,03 - Rear end,Centretown West
11759,REDPATH DR btwn BREEZEWAY DR & DYLAN WAY,366738.0129,5016471.94,-75.71044,45.28547,2017-06-22,10:48:00 AM,01 - Clear,00 - Unknown,10 - No control,04 - At/near private drive,01 - Daylight,03 - P.D. only,05 - Turning movement,Chapman Mills - Rideau Crest - Davidson Heights
11760,REDPATH DR btwn KNOWLTON DR & DYLAN WAY,366598.0746,5016798.121,-75.71219,45.28842,2017-07-01,12:00:00 AM,01 - Clear,01 - Dry,10 - No control,01 - Non intersection,00 - Unknown,03 - P.D. only,06 - SMV unattended vehicle,Chapman Mills - Rideau Crest - Davidson Heights
11761,REGATTA AVE btwn BRAMBLING WAY & EGRET WAY,364702.2661,5012424.315,-75.73688,45.24923,2017-03-07,11:32:00 AM,04 - Freezing Rain,06 - Ice,10 - No control,01 - Non intersection,01 - Daylight,03 - P.D. only,06 - SMV unattended vehicle,New Barrhaven
11762,REGENT ST btwn BANK ST & HOWICK PL,368429.6584,5029329.691,-75.68723,45.40101,2017-10-11,12:02:00 PM,01 - Clear,01 - Dry,10 - No control,04 - At/near private drive,01 - Daylight,03 - P.D. only,06 - SMV unattended vehicle,The Glebe
11763,REGENT ST btwn BANK ST & HOWICK PL,368480.1483,5029359.678,-75.68658,45.40128,2017-04-09,12:00:00 AM,01 - Clear,01 - Dry,10 - No control,01 - Non intersection,00 - Unknown,03 - P.D. only,06 - SMV unattended vehicle,The Glebe
11764,REGIMENT AVE btwn TEMPLEFORD AVE & PEPPERVILLE CRES,354417.3627,5015546.289,-75.86758,45.27812,2017-12-16,10:25:00 AM,01 - Clear,05 - Packed snow,10 - No control,01 - Non intersection,01 - Daylight,03 - P.D. only,06 - SMV unattended vehicle,Glen Cairn - Kanata South Business Park
11765,REGINA ST btwn LINCOLN HEIGHTS RD & END,360734.8578,5025692.474,-75.78592,45.36894,2017-03-17,3:32:00 AM,03 - Snow,02 - Wet,10 - No control,01 - Non intersection,07 - Dark,02 - Non-fatal injury,07 - SMV other,Woodroffe - Lincoln Heights
11766,REGIONAL RD 174 @ EAST ST/PETER HARKNESS LANE,390420.4465,5042703.91,-75.40404,45.519,2017-01-30,5:20:00 PM,01 - Clear,01 - Dry,02 - Stop sign,02 - Intersection related,05 - Dusk,03 - P.D. only,03 - Rear end,Cumberland - Estates
11767,REGIONAL RD 174 @ TRIM RD,384350.1811,5039991.678,-75.48217,45.49531,2017-06-04,6:35:00 PM,02 - Rain,02 - Wet,01 - Traffic signal,02 - Intersection related,01 - Daylight,03 - P.D. only,07 - SMV other,Chatelaine Village
11768,REGIONAL RD 174 @ TRIM RD,384350.9369,5039989.996,-75.48216,45.4953,2017-08-29,4:08:00 PM,01 - Clear,01 - Dry,01 - Traffic signal,02 - Intersection related,01 - Daylight,03 - P.D. only,03 - Rear end,Chatelaine Village
11769,REGIONAL RD 174 @ TRIM RD,384351.5189,5039990.341,-75.48215,45.4953,2017-07-01,10:30:00 PM,02 - Rain,02 - Wet,01 - Traffic signal,02 - Intersection related,07 - Dark,03 - P.D. only,03 - Rear end,Chatelaine Village
11770,REGIONAL RD 174 @ TRIM RD,384351.8111,5039990.248,-75.48215,45.4953,2017-07-16,3:41:00 AM,01 - Clear,01 - Dry,01 - Traffic signal,02 - Intersection related,07 - Dark,03 - P.D. only,07 - SMV other,Chatelaine Village
11771,REGIONAL RD 174 @ TRIM RD,384352.8566,5039991.01,-75.48214,45.49531,2017-11-28,4:40:00 PM,01 - Clear,01 - Dry,01 - Traffic signal,02 - Intersection related,05 - Dusk,03 - P.D. only,03 - Rear end,Cumberland - Estates
11772,REGIONAL RD 174 @ TRIM RD,384352.3093,5039989.629,-75.48214,45.49529,2017-12-11,3:49:00 PM,01 - Clear,01 - Dry,01 - Traffic signal,03 - At intersection,01 - Daylight,03 - P.D. only,03 - Rear end,Chatelaine Village
11773,REGIONAL RD 174 @ TRIM RD,384351.7636,5039990.422,-75.48215,45.4953,2017-11-02,9:00:00 AM,02 - Rain,02 - Wet,01 - Traffic signal,02 - Intersection related,01 - Daylight,03 - P.D. only,04 - Sideswipe,Chatelaine Village
11774,REGIONAL RD 174 @ TRIM RD,384351.3438,5039992.379,-75.48216,45.49532,2017-11-15,10:36:00 AM,01 - Clear,01 - Dry,01 - Traffic signal,02 - Intersection related,01 - Daylight,03 - P.D. only,03 - Rear end,Chatelaine Village
11775,REGIONAL RD 174 @ TRIM RD,384352.8566,5039990.341,-75.48214,45.4953,2017-11-15,7:45:00 AM,01 - Clear,01 - Dry,01 - Traffic signal,02 - Intersection related,01 - Daylight,03 - P.D. only,04 - Sideswipe,Chatelaine Village
11776,REGIONAL RD 174 @ TRIM RD,384353.3818,5039992.379,-75.48213,45.49532,2017-03-16,6:28:00 PM,01 - Clear,01 - Dry,01 - Traffic signal,03 - At intersection,05 - Dusk,03 - P.D. only,05 - Turning movement,Cumberland - Estates
11777,REGIONAL RD 174 @ WEST ST,390002.1252,5042640.554,-75.40941,45.51848,2017-01-29,2:50:00 PM,01 - Clear,02 - Wet,02 - Stop sign,02 - Intersection related,01 - Daylight,02 - Non-fatal injury,03 - Rear end,Cumberland - Estates
11778,REGIONAL RD 174 EB @ OR174 IC109 RAMP55,376461.3314,5034962.551,-75.58383,45.45092,2017-09-15,3:27:00 PM,01 - Clear,01 - Dry,10 - No control,02 - Intersection related,01 - Daylight,03 - P.D. only,03 - Rear end,Greenbelt
11779,REGIONAL RD 174 EB btwn REGIONAL RD 174 & TRIM RD,384542.1543,5040105.391,-75.4797,45.49631,2017-11-28,7:02:00 PM,01 - Clear,01 - Dry,10 - No control,01 - Non intersection,07 - Dark,03 - P.D. only,07 - SMV other,Cumberland - Estates
11780,REGIONAL RD 174 EB btwn REGIONAL RD 174 & TRIM RD,384365.6061,5039973.416,-75.48198,45.49515,2017-01-11,9:27:00 AM,01 - Clear,02 - Wet,10 - No control,01 - Non intersection,01 - Daylight,03 - P.D. only,04 - Sideswipe,Cumberland - Estates
11781,REGIONAL RD 174 WB btwn REGIONAL RD 174 & TRIM RD,384436.4687,5040047.866,-75.48106,45.49581,2017-03-02,9:31:00 AM,01 - Clear,06 - Ice,10 - No control,01 - Non intersection,01 - Daylight,03 - P.D. only,03 - Rear end,Cumberland - Estates
11782,REGIONAL ROAD 174 btwn CAMERON ST & WEST ST,389883.7595,5042621.008,-75.41093,45.51832,2017-10-13,1:31:00 PM,01 - Clear,01 - Dry,09 - Traffic controller,01 - Non intersection,01 - Daylight,02 - Non-fatal injury,07 - SMV other,Cumberland - Estates
11783,REGIONAL ROAD 174 btwn CAMERON ST & WEST ST,389888.9961,5042622.178,-75.41086,45.51833,2017-01-24,9:29:00 AM,01 - Clear,02 - Wet,10 - No control,01 - Non intersection,01 - Daylight,03 - P.D. only,07 - SMV other,Cumberland - Estates
11784,REGIONAL ROAD 174 btwn CAMERON ST & WEST ST,389869.2628,5042619,-75.41111,45.5183,2017-02-02,10:33:00 PM,03 - Snow,02 - Wet,10 - No control,01 - Non intersection,07 - Dark,03 - P.D. only,07 - SMV other,Cumberland - Estates
11785,REGIONAL ROAD 174 btwn CAMERON ST & WEST ST,389959.4358,5042634.956,-75.40995,45.51843,2017-04-07,6:37:00 AM,02 - Rain,02 - Wet,10 - No control,01 - Non intersection,01 - Daylight,02 - Non-fatal injury,03 - Rear end,Cumberland - Estates
11786,REGIONAL ROAD 174 btwn Continuation of REGIONAL ROAD 174 & OR174 IC112,374438.6927,5032574.938,-75.61002,45.42964,2017-08-18,3:40:00 PM,01 - Clear,02 - Wet,10 - No control,01 - Non intersection,01 - Daylight,03 - P.D. only,04 - Sideswipe,Industrial Park
11787,REGIONAL ROAD 174 btwn Continuation of REGIONAL ROAD 174 & OR174 IC112,374198.6123,5032389.603,-75.61311,45.428,2017-09-28,6:26:00 AM,01 - Clear,01 - Dry,10 - No control,01 - Non intersection,03 - Dawn,03 - P.D. only,03 - Rear end,Pineview
11788,REGIONAL ROAD 174 btwn Continuation of REGIONAL ROAD 174 & OR174 IC112,374440.196,5032575.078,-75.61,45.42964,2017-11-01,7:20:00 AM,01 - Clear,01 - Dry,10 - No control,01 - Non intersection,03 - Dawn,03 - P.D. only,03 - Rear end,Industrial Park
11789,REGIONAL ROAD 174 btwn Continuation of REGIONAL ROAD 174 & OR174 IC112,374281.7473,5032456.636,-75.61204,45.42859,2017-09-28,9:03:00 AM,01 - Clear,01 - Dry,10 - No control,01 - Non intersection,01 - Daylight,02 - Non-fatal injury,03 - Rear end,Industrial Park
11790,REGIONAL ROAD 174 btwn Continuation of REGIONAL ROAD 174 & OR174 IC112,374282.0431,5032453.224,-75.61204,45.42856,2017-12-14,4:14:00 PM,01 - Clear,02 - Wet,10 - No control,01 - Non intersection,05 - Dusk,02 - Non-fatal injury,03 - Rear end,Pineview
11791,REGIONAL ROAD 174 btwn Continuation of REGIONAL ROAD 174 & OR174 IC112,374362.7932,5032519.067,-75.611,45.42915,2017-01-06,12:00:00 PM,01 - Clear,01 - Dry,10 - No control,01 - Non intersection,01 - Daylight,03 - P.D. only,99 - Other,Industrial Park
11792,REGIONAL ROAD 174 btwn Continuation of REGIONAL ROAD 174 & OR174 IC112,374285.7759,5032454.358,-75.61199,45.42857,2017-04-08,9:40:00 AM,01 - Clear,01 - Dry,10 - No control,01 - Non intersection,01 - Daylight,03 - P.D. only,03 - Rear end,Pineview
11793,REGIONAL ROAD 174 btwn Continuation of REGIONAL ROAD 174 & TO BE DETER,384694.5494,5040356.259,-75.47771,45.49855,2017-09-10,12:11:00 PM,01 - Clear,01 - Dry,10 - No control,01 - Non intersection,01 - Daylight,02 - Non-fatal injury,05 - Turning movement,Cumberland - Estates
11794,REGIONAL ROAD 174 btwn EAST ST & EAST SHORE RD,390619.6717,5042734.922,-75.40149,45.51925,2017-07-18,12:10:00 PM,01 - Clear,01 - Dry,10 - No control,01 - Non intersection,01 - Daylight,03 - P.D. only,07 - SMV other,Cumberland - Estates
11795,REGIONAL ROAD 174 btwn EAST ST & EAST SHORE RD,391278.9515,5042818.869,-75.39304,45.51992,2017-01-08,8:17:00 AM,01 - Clear,02 - Wet,10 - No control,01 - Non intersection,01 - Daylight,03 - P.D. only,07 - SMV other,Cumberland - Estates
11796,REGIONAL ROAD 174 btwn EAST ST & EAST SHORE RD,391071.661,5042799.782,-75.39569,45.51978,2017-12-25,6:43:00 AM,03 - Snow,03 - Loose snow,10 - No control,01 - Non intersection,07 - Dark,03 - P.D. only,07 - SMV other,Cumberland - Estates
11797,REGIONAL ROAD 174 btwn HIGHWAY 417 & HWY417 IC113 RAMP65,373680.9184,5031847.411,-75.6198,45.42317,2017-09-06,11:12:00 PM,01 - Clear,01 - Dry,10 - No control,01 - Non intersection,07 - Dark,03 - P.D. only,07 - SMV other,Pineview
11798,REGIONAL ROAD 174 btwn HWY417 IC113 RAMP67 & Continuation of REGIONAL,373741.2943,5032049.007,-75.61901,45.42498,2017-05-11,9:15:00 AM,01 - Clear,01 - Dry,10 - No control,01 - Non intersection,01 - Daylight,03 - P.D. only,03 - Rear end,Industrial Park
11799,REGIONAL ROAD 174 btwn HWY417 IC113 RAMP67 & Continuation of REGIONAL,373717.6112,5032029.868,-75.61931,45.42481,2017-07-26,9:51:00 AM,01 - Clear,01 - Dry,10 - No control,01 - Non intersection,01 - Daylight,02 - Non-fatal injury,03 - Rear end,Industrial Park
11800,REGIONAL ROAD 174 btwn HWY417 IC113 RAMP67 & Continuation of REGIONAL,373697.0235,5032020.19,-75.61958,45.42472,2017-10-27,10:42:00 AM,01 - Clear,01 - Dry,10 - No control,01 - Non intersection,01 - Daylight,03 - P.D. only,03 - Rear end,Industrial Park
11801,REGIONAL ROAD 174 btwn HWY417 IC113 RAMP67 & Continuation of REGIONAL,373493.5633,5031878.956,-75.62219,45.42347,2017-09-20,10:29:00 AM,01 - Clear,01 - Dry,10 - No control,01 - Non intersection,01 - Daylight,03 - P.D. only,03 - Rear end,Industrial Park
11802,REGIONAL ROAD 174 btwn HWY417 IC113 RAMP67 & Continuation of REGIONAL,373722.0223,5032036.391,-75.61925,45.42487,2017-10-29,8:07:00 PM,02 - Rain,02 - Wet,10 - No control,01 - Non intersection,07 - Dark,02 - Non-fatal injury,07 - SMV other,Industrial Park
11803,REGIONAL ROAD 174 btwn HWY417 IC113 RAMP67 & Continuation of REGIONAL,373934.4071,5032186.555,-75.61652,45.4262,2017-11-16,4:16:00 PM,02 - Rain,02 - Wet,10 - No control,01 - Non intersection,05 - Dusk,02 - Non-fatal injury,03 - Rear end,Pineview
11804,REGIONAL ROAD 174 btwn HWY417 IC113 RAMP67 & Continuation of REGIONAL,373796.3854,5032092.398,-75.6183,45.42536,2017-02-17,3:20:00 PM,01 - Clear,01 - Dry,10 - No control,01 - Non intersection,01 - Daylight,03 - P.D. only,03 - Rear end,Industrial Park
11805,REGIONAL ROAD 174 btwn MCTEER RD & CANAAN RD,395395.6757,5043278.919,-75.34027,45.52354,2017-05-30,11:13:00 PM,01 - Clear,01 - Dry,10 - No control,01 - Non intersection,07 - Dark,03 - P.D. only,03 - Rear end,Cumberland - Estates
11806,REGIONAL ROAD 174 btwn MCTEER RD & CANAAN RD,395659.107,5043373.417,-75.33688,45.52436,2017-05-14,11:15:00 AM,02 - Rain,02 - Wet,10 - No control,01 - Non intersection,01 - Daylight,03 - P.D. only,07 - SMV other,Cumberland - Estates
11807,REGIONAL ROAD 174 btwn MCTEER RD & CANAAN RD,395536.0301,5043326.595,-75.33846,45.52395,2017-11-24,4:52:00 PM,02 - Rain,02 - Wet,10 - No control,01 - Non intersection,07 - Dark,03 - P.D. only,07 - SMV other,Cumberland - Estates
11808,REGIONAL ROAD 174 btwn MORIN RD & OLD MONTREAL RD,392365.6251,5042756.006,-75.37914,45.51922,2017-01-06,8:12:00 AM,01 - Clear,00 - Unknown,10 - No control,01 - Non intersection,01 - Daylight,03 - P.D. only,01 - Approaching,Cumberland - Estates
11809,REGIONAL ROAD 174 btwn OLD MONTREAL RD & OLD MONTREAL RD,394566.9793,5043024.852,-75.35092,45.52136,2017-11-10,1:41:00 PM,01 - Clear,01 - Dry,10 - No control,01 - Non intersection,01 - Daylight,02 - Non-fatal injury,07 - SMV other,Cumberland - Estates
11810,REGIONAL ROAD 174 btwn OLD MONTREAL RD & OLD MONTREAL RD,392915.4579,5042735.939,-75.37211,45.51897,2017-03-24,7:24:00 AM,03 - Snow,03 - Loose snow,10 - No control,01 - Non intersection,01 - Daylight,03 - P.D. only,07 - SMV other,Cumberland - Estates
11811,REGIONAL ROAD 174 btwn OR174 IC101 RAMP36 & OR174 IC101 RAMP26,382445.0278,5038743.945,-75.50674,45.4843,2017-05-29,11:12:00 AM,02 - Rain,02 - Wet,10 - No control,01 - Non intersection,01 - Daylight,03 - P.D. only,07 - SMV other,Chatelaine Village
11812,REGIONAL ROAD 174 btwn OR174 IC101 RAMP61 & TRIM RD,383525.8518,5039430.878,-75.49281,45.49036,2017-09-15,5:35:00 AM,01 - Clear,01 - Dry,10 - No control,01 - Non intersection,07 - Dark,03 - P.D. only,07 - SMV other,Chatelaine Village
11813,REGIONAL ROAD 174 btwn OR174 IC101 RAMP63 & OR174 IC101 RAMP45,382820.0349,5038929.98,-75.50191,45.48593,2017-04-26,4:55:00 PM,01 - Clear,01 - Dry,10 - No control,01 - Non intersection,01 - Daylight,03 - P.D. only,04 - Sideswipe,Chatelaine Village
11814,REGIONAL ROAD 174 btwn OR174 IC101 RAMP63 & OR174 IC101 RAMP45,382692.638,5038857.098,-75.50355,45.48529,2017-08-01,10:46:00 PM,01 - Clear,01 - Dry,10 - No control,01 - Non intersection,07 - Dark,02 - Non-fatal injury,07 - SMV other,Chatelaine Village
11815,REGIONAL ROAD 174 btwn OR174 IC102 RAMP51 & REGIONAL ROAD 174,381361.303,5038105.508,-75.5207,45.47868,2017-07-16,3:54:00 PM,01 - Clear,01 - Dry,10 - No control,01 - Non intersection,01 - Daylight,03 - P.D. only,04 - Sideswipe,Industrial Park
11816,REGIONAL ROAD 174 btwn OR174 IC102 RAMP51 & REGIONAL ROAD 174,381449.4072,5038153.909,-75.51957,45.4791,2017-02-08,5:35:00 PM,01 - Clear,02 - Wet,10 - No control,01 - Non intersection,07 - Dark,03 - P.D. only,99 - Other,Industrial Park
11817,REGIONAL ROAD 174 btwn OR174 IC102 RAMP51 & REGIONAL ROAD 174,381402.1057,5038127.581,-75.52018,45.47887,2017-03-22,2:09:00 PM,01 - Clear,01 - Dry,10 - No control,01 - Non intersection,01 - Daylight,02 - Non-fatal injury,07 - SMV other,Industrial Park
11818,REGIONAL ROAD 174 btwn OR174 IC102 RAMP61 & OR174 IC101 RAMP36,382282.6508,5038653.753,-75.50883,45.48351,2017-07-21,10:33:00 AM,01 - Clear,01 - Dry,10 - No control,01 - Non intersection,01 - Daylight,03 - P.D. only,03 - Rear end,Chatelaine Village
11819,REGIONAL ROAD 174 btwn OR174 IC102 RAMP61 & OR174 IC101 RAMP36,382025.5451,5038508.522,-75.51214,45.48223,2017-10-12,9:51:00 AM,02 - Rain,02 - Wet,10 - No control,01 - Non intersection,01 - Daylight,03 - P.D. only,03 - Rear end,Chatelaine Village
11820,REGIONAL ROAD 174 btwn OR174 IC105 RAMP16 & OR174 IC105 RAMP26,378998.7751,5036794.044,-75.55111,45.46713,2017-05-04,7:59:00 AM,01 - Clear,01 - Dry,10 - No control,01 - Non intersection,01 - Daylight,03 - P.D. only,04 - Sideswipe,Greenbelt
11821,REGIONAL ROAD 174 btwn OR174 IC105 RAMP16 & OR174 IC105 RAMP26,379289.4921,5036973.577,-75.54737,45.46872,2017-06-20,8:35:00 AM,01 - Clear,01 - Dry,10 - No control,01 - Non intersection,01 - Daylight,03 - P.D. only,03 - Rear end,Greenbelt
11822,REGIONAL ROAD 174 btwn OR174 IC105 RAMP25 & OR174 IC102 RAMP51,380456.892,5037591.618,-75.53235,45.47415,2017-06-26,12:36:00 PM,01 - Clear,01 - Dry,10 - No control,01 - Non intersection,01 - Daylight,02 - Non-fatal injury,07 - SMV other,Industrial Park
11823,REGIONAL ROAD 174 btwn OR174 IC105 RAMP25 & OR174 IC102 RAMP51,380625.2673,5037690.444,-75.53018,45.47502,2017-08-05,10:25:00 PM,02 - Rain,02 - Wet,10 - No control,01 - Non intersection,07 - Dark,03 - P.D. only,07 - SMV other,Industrial Park
11824,REGIONAL ROAD 174 btwn OR174 IC105 RAMP26 & OR174 IC105 RAMP63,379430.5176,5037052.899,-75.54555,45.46942,2017-06-15,9:50:00 AM,01 - Clear,01 - Dry,10 - No control,01 - Non intersection,01 - Daylight,02 - Non-fatal injury,03 - Rear end,Orleans South West
11825,REGIONAL ROAD 174 btwn OR174 IC105 RAMP26 & OR174 IC105 RAMP63,379452.1077,5037064.54,-75.54528,45.46952,2017-06-15,9:39:00 AM,01 - Clear,01 - Dry,10 - No control,01 - Non intersection,01 - Daylight,03 - P.D. only,07 - SMV other,Orleans South West
11826,REGIONAL ROAD 174 btwn OR174 IC105 RAMP26 & OR174 IC105 RAMP63,379529.6041,5037105.072,-75.54428,45.46987,2017-06-06,7:15:00 PM,01 - Clear,01 - Dry,10 - No control,01 - Non intersection,01 - Daylight,03 - P.D. only,03 - Rear end,Orleans South West
11827,REGIONAL ROAD 174 btwn OR174 IC105 RAMP26 & OR174 IC105 RAMP63,379501.8511,5037089.535,-75.54464,45.46974,2017-05-15,8:25:00 AM,01 - Clear,01 - Dry,10 - No control,01 - Non intersection,01 - Daylight,03 - P.D. only,04 - Sideswipe,Orleans South West
11828,REGIONAL ROAD 174 btwn OR174 IC105 RAMP26 & OR174 IC105 RAMP63,379579.2533,5037131.008,-75.54364,45.4701,2017-02-08,4:07:00 AM,04 - Freezing Rain,06 - Ice,10 - No control,01 - Non intersection,07 - Dark,02 - Non-fatal injury,07 - SMV other,Orleans South West
11829,REGIONAL ROAD 174 btwn OR174 IC105 RAMP26 & OR174 IC105 RAMP63,379659.1764,5037172.928,-75.54261,45.47047,2017-04-13,9:13:00 AM,01 - Clear,01 - Dry,10 - No control,01 - Non intersection,01 - Daylight,02 - Non-fatal injury,03 - Rear end,Orleans South West
11830,REGIONAL ROAD 174 btwn OR174 IC105 RAMP35 & OR174 IC105 RAMP25,379640.3228,5037132.333,-75.54286,45.47011,2017-09-10,3:00:00 AM,01 - Clear,01 - Dry,10 - No control,01 - Non intersection,07 - Dark,03 - P.D. only,07 - SMV other,Orleans South West
11831,REGIONAL ROAD 174 btwn OR174 IC105 RAMP35 & OR174 IC105 RAMP25,379639.4529,5037131.894,-75.54287,45.4701,2017-02-01,7:35:00 AM,03 - Snow,04 - Slush,10 - No control,01 - Non intersection,01 - Daylight,03 - P.D. only,03 - Rear end,Orleans South West