Record,Location,X,Y,Longitude,Latitude,Date,Time,Environment,Road_Surface,Traffic_Control,Collision_Location,Light,Collision_Classification,Impact_type,Neighborhood
11832,REGIONAL ROAD 174 btwn OR174 IC105 RAMP51 & OR174 IC105 RAMP35,379375.6805,5036983.682,-75.54627,45.4688,2017-05-16,4:50:00 PM,01 - Clear,01 - Dry,10 - No control,01 - Non intersection,01 - Daylight,03 - P.D. only,04 - Sideswipe,Greenbelt
11833,REGIONAL ROAD 174 btwn OR174 IC105 RAMP51 & OR174 IC105 RAMP35,379320.0869,5036953.98,-75.54698,45.46854,2017-07-04,9:51:00 PM,01 - Clear,01 - Dry,10 - No control,01 - Non intersection,07 - Dark,03 - P.D. only,03 - Rear end,Greenbelt
11834,REGIONAL ROAD 174 btwn OR174 IC105 RAMP51 & OR174 IC105 RAMP35,379221.0256,5036899.878,-75.54826,45.46806,2017-11-05,4:45:00 AM,01 - Clear,02 - Wet,10 - No control,01 - Non intersection,07 - Dark,03 - P.D. only,07 - SMV other,Greenbelt
11835,REGIONAL ROAD 174 btwn OR174 IC105 RAMP51 & OR174 IC105 RAMP35,379225.2589,5036901.994,-75.5482,45.46808,2017-04-09,1:35:00 PM,01 - Clear,01 - Dry,10 - No control,01 - Non intersection,01 - Daylight,03 - P.D. only,04 - Sideswipe,Greenbelt
11836,REGIONAL ROAD 174 btwn OR174 IC105 RAMP63 & OR174 IC102 RAMP36,380321.6678,5037549.864,-75.53408,45.47379,2017-07-22,1:57:00 PM,01 - Clear,01 - Dry,10 - No control,01 - Non intersection,01 - Daylight,02 - Non-fatal injury,07 - SMV other,Orleans South West
11837,REGIONAL ROAD 174 btwn OR174 IC105 RAMP63 & OR174 IC102 RAMP36,380866.2748,5037855.901,-75.52707,45.47648,2017-07-11,2:26:00 PM,01 - Clear,01 - Dry,10 - No control,01 - Non intersection,01 - Daylight,03 - P.D. only,04 - Sideswipe,Orleans South West
11838,REGIONAL ROAD 174 btwn OR174 IC105 RAMP63 & OR174 IC102 RAMP36,379779.7186,5037243.711,-75.54106,45.47109,2017-10-05,7:39:00 AM,01 - Clear,01 - Dry,10 - No control,01 - Non intersection,01 - Daylight,02 - Non-fatal injury,03 - Rear end,Orleans South West
11839,REGIONAL ROAD 174 btwn OR174 IC105 RAMP63 & OR174 IC102 RAMP36,379909.2329,5037315.217,-75.53939,45.47172,2017-10-24,8:16:00 AM,02 - Rain,02 - Wet,10 - No control,01 - Non intersection,01 - Daylight,03 - P.D. only,03 - Rear end,Orleans South West
11840,REGIONAL ROAD 174 btwn OR174 IC105 RAMP63 & OR174 IC102 RAMP36,380778.2367,5037807.71,-75.5282,45.47606,2017-01-03,11:37:00 AM,02 - Rain,04 - Slush,10 - No control,01 - Non intersection,01 - Daylight,03 - P.D. only,07 - SMV other,Orleans South West
11841,REGIONAL ROAD 174 btwn OR174 IC105 RAMP63 & OR174 IC102 RAMP36,380605.1974,5037709.922,-75.53043,45.4752,2017-01-23,7:48:00 AM,01 - Clear,06 - Ice,10 - No control,01 - Non intersection,03 - Dawn,03 - P.D. only,03 - Rear end,Orleans South West
11842,REGIONAL ROAD 174 btwn OR174 IC105 RAMP63 & OR174 IC102 RAMP36,379767.4073,5037233.703,-75.54122,45.47101,2017-01-08,3:53:00 AM,01 - Clear,01 - Dry,10 - No control,01 - Non intersection,07 - Dark,03 - P.D. only,07 - SMV other,Orleans South West
11843,REGIONAL ROAD 174 btwn OR174 IC105 RAMP63 & OR174 IC102 RAMP36,380300.0304,5037538.564,-75.53436,45.47369,2017-02-13,6:59:00 PM,01 - Clear,04 - Slush,10 - No control,01 - Non intersection,07 - Dark,03 - P.D. only,99 - Other,Orleans South West
11844,REGIONAL ROAD 174 btwn OR174 IC105 RAMP63 & OR174 IC102 RAMP36,379824.6102,5037258.925,-75.54048,45.47123,2017-03-02,10:03:00 PM,01 - Clear,01 - Dry,10 - No control,01 - Non intersection,07 - Dark,03 - P.D. only,07 - SMV other,Orleans South West
11845,REGIONAL ROAD 174 btwn OR174 IC105 RAMP63 & OR174 IC102 RAMP36,380757.8247,5037793.968,-75.52847,45.47594,2017-03-10,1:15:00 PM,01 - Clear,01 - Dry,10 - No control,01 - Non intersection,01 - Daylight,03 - P.D. only,04 - Sideswipe,Orleans South West
11846,REGIONAL ROAD 174 btwn OR174 IC109 RAMP54 & OR174 IC109 RAMP55,376404.9947,5034838.859,-75.58456,45.44981,2017-06-05,9:04:00 AM,01 - Clear,01 - Dry,10 - No control,01 - Non intersection,01 - Daylight,03 - P.D. only,07 - SMV other,Greenbelt
11847,REGIONAL ROAD 174 btwn OR174 IC109 RAMP54 & OR174 IC109 RAMP55,376425.7305,5034880.999,-75.58429,45.45019,2017-12-02,3:30:00 PM,01 - Clear,01 - Dry,10 - No control,01 - Non intersection,01 - Daylight,03 - P.D. only,99 - Other,Greenbelt
11848,REGIONAL ROAD 174 btwn OR174 IC109 RAMP54 & OR174 IC109 RAMP55,376422.9892,5034883.469,-75.58433,45.45021,2017-12-09,9:38:00 PM,03 - Snow,06 - Ice,10 - No control,01 - Non intersection,07 - Dark,03 - P.D. only,07 - SMV other,Greenbelt
11849,REGIONAL ROAD 174 btwn OR174 IC109 RAMP54 & OR174 IC109 RAMP55,376442.1866,5034924.549,-75.58408,45.45058,2017-01-13,5:53:00 PM,01 - Clear,01 - Dry,10 - No control,01 - Non intersection,07 - Dark,03 - P.D. only,03 - Rear end,Greenbelt
11850,REGIONAL ROAD 174 btwn OR174 IC109 RAMP54 & OR174 IC109 RAMP55,376441.5638,5034918.619,-75.58409,45.45053,2017-01-30,5:41:00 PM,01 - Clear,01 - Dry,10 - No control,01 - Non intersection,07 - Dark,03 - P.D. only,03 - Rear end,Greenbelt
11851,REGIONAL ROAD 174 btwn OR174 IC109 RAMP54 & OR174 IC109 RAMP55,376397.5891,5034825.203,-75.58466,45.44969,2017-04-18,3:44:00 PM,01 - Clear,01 - Dry,10 - No control,01 - Non intersection,01 - Daylight,03 - P.D. only,03 - Rear end,Greenbelt
11852,REGIONAL ROAD 174 btwn OR174 IC109 RAMP56 & OR174 IC109 RAMP86,376378.9078,5034820.799,-75.5849,45.44965,2017-05-02,11:31:00 AM,01 - Clear,01 - Dry,10 - No control,01 - Non intersection,01 - Daylight,03 - P.D. only,03 - Rear end,Greenbelt
11853,REGIONAL ROAD 174 btwn OR174 IC109 RAMP56 & OR174 IC109 RAMP86,376402.988,5034883.006,-75.58458,45.45021,2017-12-13,7:34:00 AM,01 - Clear,03 - Loose snow,10 - No control,01 - Non intersection,03 - Dawn,03 - P.D. only,03 - Rear end,Greenbelt
11854,REGIONAL ROAD 174 btwn OR174 IC109 RAMP64 & OR174 IC105 RAMP16,376594.9613,5035291.033,-75.58207,45.45386,2017-06-25,4:32:00 AM,01 - Clear,01 - Dry,10 - No control,01 - Non intersection,07 - Dark,03 - P.D. only,07 - SMV other,Greenbelt
11855,REGIONAL ROAD 174 btwn OR174 IC109 RAMP64 & OR174 IC105 RAMP16,376629.2742,5035347.465,-75.58162,45.45436,2017-07-24,6:07:00 AM,02 - Rain,02 - Wet,10 - No control,01 - Non intersection,01 - Daylight,03 - P.D. only,07 - SMV other,Greenbelt
11856,REGIONAL ROAD 174 btwn OR174 IC109 RAMP64 & OR174 IC105 RAMP16,376778.2389,5035517.789,-75.57969,45.45588,2017-11-01,3:35:00 AM,01 - Clear,01 - Dry,10 - No control,01 - Non intersection,07 - Dark,02 - Non-fatal injury,07 - SMV other,Greenbelt
11857,REGIONAL ROAD 174 btwn OR174 IC109 RAMP64 & OR174 IC105 RAMP16,376608.3392,5035309.762,-75.5819,45.45403,2017-11-30,4:54:00 PM,03 - Snow,06 - Ice,10 - No control,01 - Non intersection,07 - Dark,03 - P.D. only,04 - Sideswipe,Greenbelt
11858,REGIONAL ROAD 174 btwn OR174 IC109 RAMP64 & OR174 IC105 RAMP16,378899.047,5036745.427,-75.5524,45.46671,2017-11-10,5:00:00 PM,01 - Clear,01 - Dry,10 - No control,01 - Non intersection,05 - Dusk,03 - P.D. only,07 - SMV other,Greenbelt
11859,REGIONAL ROAD 174 btwn OR174 IC109 RAMP64 & OR174 IC105 RAMP16,377120.0014,5035732.764,-75.57529,45.45778,2017-12-09,8:46:00 PM,03 - Snow,03 - Loose snow,10 - No control,01 - Non intersection,07 - Dark,03 - P.D. only,03 - Rear end,Greenbelt
11860,REGIONAL ROAD 174 btwn OR174 IC109 RAMP64 & OR174 IC105 RAMP16,376773.8611,5035508.897,-75.57975,45.4558,2017-12-14,9:20:00 AM,01 - Clear,01 - Dry,10 - No control,01 - Non intersection,01 - Daylight,03 - P.D. only,03 - Rear end,Greenbelt
11861,REGIONAL ROAD 174 btwn OR174 IC109 RAMP64 & OR174 IC105 RAMP16,376639.5251,5035362.193,-75.58149,45.4545,2017-12-08,2:43:00 AM,01 - Clear,01 - Dry,10 - No control,01 - Non intersection,07 - Dark,02 - Non-fatal injury,07 - SMV other,Greenbelt
11862,REGIONAL ROAD 174 btwn OR174 IC109 RAMP64 & OR174 IC105 RAMP16,378742.6579,5036656.461,-75.55441,45.46592,2017-03-06,9:57:00 PM,02 - Rain,04 - Slush,10 - No control,01 - Non intersection,07 - Dark,03 - P.D. only,07 - SMV other,Greenbelt
11863,REGIONAL ROAD 174 btwn OR174 IC109 RAMP64 & OR174 IC105 RAMP16,376690.6134,5035425.481,-75.58083,45.45506,2017-03-05,3:55:00 PM,01 - Clear,01 - Dry,10 - No control,01 - Non intersection,01 - Daylight,03 - P.D. only,07 - SMV other,Greenbelt
11864,REGIONAL ROAD 174 btwn OR174 IC109 RAMP64 & OR174 IC105 RAMP16,377601.8106,5036006.61,-75.56909,45.46019,2017-12-23,3:43:00 PM,03 - Snow,03 - Loose snow,10 - No control,01 - Non intersection,01 - Daylight,03 - P.D. only,04 - Sideswipe,Greenbelt
11865,REGIONAL ROAD 174 btwn OR174 IC109 RAMP86 & OR174 IC109 RAMP64,376502.6536,5035102.404,-75.58328,45.45217,2017-06-27,10:50:00 AM,01 - Clear,01 - Dry,10 - No control,01 - Non intersection,01 - Daylight,03 - P.D. only,07 - SMV other,Greenbelt
11866,REGIONAL ROAD 174 btwn OR174 IC112 RAMP15 & TRANSIT,375521.2165,5033367.084,-75.59607,45.43666,2017-07-22,3:16:00 AM,01 - Clear,01 - Dry,10 - No control,01 - Non intersection,07 - Dark,03 - P.D. only,07 - SMV other,Greenbelt
11867,REGIONAL ROAD 174 btwn OR174 IC112 RAMP15 & TRANSIT,375171.0924,5033103.346,-75.60059,45.43432,2017-07-27,3:54:00 PM,01 - Clear,01 - Dry,10 - No control,01 - Non intersection,01 - Daylight,02 - Non-fatal injury,03 - Rear end,Greenbelt
11868,REGIONAL ROAD 174 btwn OR174 IC112 RAMP15 & TRANSIT,375184.8985,5033115.321,-75.60041,45.43443,2017-10-19,12:02:00 AM,01 - Clear,01 - Dry,10 - No control,01 - Non intersection,07 - Dark,02 - Non-fatal injury,99 - Other,Greenbelt
11869,REGIONAL ROAD 174 btwn OR174 IC112 RAMP15 & TRANSIT,375347.2174,5033233.047,-75.59832,45.43547,2017-11-12,1:15:00 AM,01 - Clear,01 - Dry,10 - No control,01 - Non intersection,07 - Dark,03 - P.D. only,07 - SMV other,Greenbelt
11870,REGIONAL ROAD 174 btwn OR174 IC112 RAMP15 & TRANSIT,375196.6248,5033123.409,-75.60026,45.4345,2017-12-13,6:51:00 PM,01 - Clear,01 - Dry,10 - No control,01 - Non intersection,07 - Dark,03 - P.D. only,03 - Rear end,Greenbelt
11871,REGIONAL ROAD 174 btwn OR174 IC112 RAMP15 & TRANSIT,375196.6248,5033122.936,-75.60026,45.4345,2017-12-09,8:24:00 PM,03 - Snow,05 - Packed snow,10 - No control,01 - Non intersection,07 - Dark,03 - P.D. only,07 - SMV other,Greenbelt
11872,REGIONAL ROAD 174 btwn OR174 IC112 RAMP15 & TRANSIT,375196.2294,5033123.704,-75.60026,45.4345,2017-12-08,5:40:00 PM,01 - Clear,01 - Dry,10 - No control,01 - Non intersection,07 - Dark,03 - P.D. only,03 - Rear end,Greenbelt
11873,REGIONAL ROAD 174 btwn OR174 IC112 RAMP26 & OR174 IC112 RAMP61,375158.6326,5033116.788,-75.60074,45.43444,2017-06-01,7:25:00 AM,01 - Clear,01 - Dry,10 - No control,01 - Non intersection,01 - Daylight,03 - P.D. only,03 - Rear end,Greenbelt
11874,REGIONAL ROAD 174 btwn OR174 IC112 RAMP26 & OR174 IC112 RAMP61,375021.4434,5033012.974,-75.60251,45.43352,2017-05-29,3:24:00 PM,02 - Rain,02 - Wet,10 - No control,01 - Non intersection,01 - Daylight,03 - P.D. only,03 - Rear end,Greenbelt
11875,REGIONAL ROAD 174 btwn OR174 IC112 RAMP36 & OR174 IC112 RAMP26,374725.8566,5032787.022,-75.60632,45.43152,2017-06-23,8:20:00 AM,02 - Rain,02 - Wet,10 - No control,01 - Non intersection,01 - Daylight,02 - Non-fatal injury,03 - Rear end,Pineview
11876,REGIONAL ROAD 174 btwn OR174 IC112 RAMP36 & OR174 IC112 RAMP26,374594.806,5032687.803,-75.60801,45.43064,2017-05-02,8:10:00 AM,01 - Clear,01 - Dry,10 - No control,01 - Non intersection,01 - Daylight,03 - P.D. only,03 - Rear end,Pineview
11877,REGIONAL ROAD 174 btwn OR174 IC112 RAMP36 & OR174 IC112 RAMP26,374577.4147,5032673.756,-75.60823,45.43052,2017-05-02,8:10:00 AM,01 - Clear,01 - Dry,10 - No control,01 - Non intersection,01 - Daylight,03 - P.D. only,03 - Rear end,Pineview
11878,REGIONAL ROAD 174 btwn OR174 IC112 RAMP36 & OR174 IC112 RAMP26,374756.136,5032812.98,-75.60593,45.43175,2017-10-30,7:51:00 AM,02 - Rain,02 - Wet,10 - No control,01 - Non intersection,01 - Daylight,03 - P.D. only,07 - SMV other,Pineview
11879,REGIONAL ROAD 174 btwn OR174 IC112 RAMP36 & OR174 IC112 RAMP26,374778.1183,5032829.382,-75.60565,45.4319,2017-09-05,5:40:00 PM,01 - Clear,01 - Dry,10 - No control,07 - Overpass or bridge,01 - Daylight,03 - P.D. only,99 - Other,Pineview
11880,REGIONAL ROAD 174 btwn OR174 IC112 RAMP36 & OR174 IC112 RAMP26,374671.8551,5032751.441,-75.60702,45.43121,2017-11-17,3:47:00 PM,01 - Clear,01 - Dry,10 - No control,01 - Non intersection,01 - Daylight,03 - P.D. only,03 - Rear end,Industrial Park
11881,REGIONAL ROAD 174 btwn OR174 IC112 RAMP36 & OR174 IC112 RAMP26,374746.1025,5032806.96,-75.60606,45.4317,2017-12-13,3:31:00 PM,03 - Snow,06 - Ice,10 - No control,01 - Non intersection,01 - Daylight,03 - P.D. only,07 - SMV other,Industrial Park
11882,REGIONAL ROAD 174 btwn OR174 IC112 RAMP36 & OR174 IC112 RAMP26,374612.1973,5032703.856,-75.60778,45.43078,2017-02-10,6:50:00 PM,01 - Clear,01 - Dry,10 - No control,01 - Non intersection,07 - Dark,03 - P.D. only,99 - Other,Pineview
11883,REGIONAL ROAD 174 btwn OR174 IC112 RAMP51 & OR174 IC112 RAMP15,374946.7714,5032935.388,-75.60348,45.43283,2017-05-07,5:49:00 PM,01 - Clear,01 - Dry,10 - No control,01 - Non intersection,01 - Daylight,03 - P.D. only,04 - Sideswipe,Greenbelt
11884,REGIONAL ROAD 174 btwn OR174 IC112 RAMP51 & OR174 IC112 RAMP15,375090.8331,5033046.155,-75.60162,45.43382,2017-12-16,3:53:00 PM,01 - Clear,04 - Slush,10 - No control,01 - Non intersection,01 - Daylight,03 - P.D. only,04 - Sideswipe,Greenbelt
11885,REGIONAL ROAD 174 btwn QUIGLEY HILL RD & CAMERON ST,388871.4459,5042463.947,-75.42391,45.51702,2017-07-27,4:10:00 PM,01 - Clear,01 - Dry,10 - No control,01 - Non intersection,01 - Daylight,02 - Non-fatal injury,03 - Rear end,Cumberland - Estates
11886,REGIONAL ROAD 174 btwn QUIGLEY HILL RD & CAMERON ST,389661.8666,5042586.499,-75.41377,45.51803,2017-02-10,9:44:00 AM,01 - Clear,01 - Dry,10 - No control,01 - Non intersection,01 - Daylight,02 - Non-fatal injury,03 - Rear end,Cumberland - Estates
11887,REGIONAL ROAD 174 btwn QUIGLEY HILL RD & CAMERON ST,388867.9607,5042469.397,-75.42395,45.51707,2017-01-12,6:55:00 AM,02 - Rain,02 - Wet,10 - No control,01 - Non intersection,07 - Dark,03 - P.D. only,01 - Approaching,Cumberland - Estates
11888,REGIONAL ROAD 174 btwn QUIGLEY HILL RD & REGIONAL ROAD 174 DIVIDED,384856.4015,5040860.748,-75.47555,45.50307,2017-06-06,1:33:00 PM,02 - Rain,02 - Wet,10 - No control,01 - Non intersection,01 - Daylight,03 - P.D. only,07 - SMV other,Cumberland - Estates
11889,REGIONAL ROAD 174 btwn QUIGLEY HILL RD & REGIONAL ROAD 174 DIVIDED,385507.8943,5041533.023,-75.46711,45.50905,2017-08-07,5:16:00 PM,01 - Clear,01 - Dry,10 - No control,01 - Non intersection,01 - Daylight,03 - P.D. only,07 - SMV other,Cumberland - Estates
11890,REGIONAL ROAD 174 btwn QUIGLEY HILL RD & REGIONAL ROAD 174 DIVIDED,387373.6396,5042387.223,-75.44309,45.51651,2017-07-10,12:37:00 PM,02 - Rain,02 - Wet,10 - No control,01 - Non intersection,01 - Daylight,03 - P.D. only,07 - SMV other,Cumberland - Estates
11891,REGIONAL ROAD 174 btwn QUIGLEY HILL RD & REGIONAL ROAD 174 DIVIDED,385861.4647,5041848.469,-75.46253,45.51184,2017-11-28,6:15:00 AM,01 - Clear,01 - Dry,10 - No control,01 - Non intersection,07 - Dark,03 - P.D. only,07 - SMV other,Cumberland - Estates
11892,REGIONAL ROAD 174 btwn QUIGLEY HILL RD & REGIONAL ROAD 174 DIVIDED,387875.3763,5042386.354,-75.43667,45.51645,2017-01-27,4:20:00 PM,03 - Snow,03 - Loose snow,10 - No control,01 - Non intersection,01 - Daylight,03 - P.D. only,03 - Rear end,Cumberland - Estates
11893,REGIONAL ROAD 174 btwn QUIGLEY HILL RD & REGIONAL ROAD 174 DIVIDED,384841.7505,5040839.596,-75.47574,45.50288,2017-12-16,10:20:00 PM,01 - Clear,01 - Dry,10 - No control,01 - Non intersection,07 - Dark,01 - Fatal injury,01 - Approaching,Cumberland - Estates
11894,REGIONAL ROAD 174 btwn RAMP & TRIM RD,384201.0172,5039863.919,-75.4841,45.49418,2017-05-04,4:28:00 PM,01 - Clear,01 - Dry,10 - No control,01 - Non intersection,01 - Daylight,03 - P.D. only,06 - SMV unattended vehicle,Chatelaine Village
11895,REGIONAL ROAD 174 btwn TRANSIT & OR174 IC105 RAMP51,376976.0896,5035629.037,-75.57715,45.45686,2017-06-25,7:32:00 PM,01 - Clear,02 - Wet,10 - No control,01 - Non intersection,01 - Daylight,02 - Non-fatal injury,03 - Rear end,Greenbelt
11896,REGIONAL ROAD 174 btwn TRANSIT & OR174 IC105 RAMP51,378531.8301,5036503.27,-75.55713,45.46457,2017-05-04,10:47:00 AM,01 - Clear,01 - Dry,10 - No control,01 - Non intersection,01 - Daylight,02 - Non-fatal injury,07 - SMV other,Greenbelt
11897,REGIONAL ROAD 174 btwn TRANSIT & OR174 IC105 RAMP51,378570.5389,5036529.89,-75.55663,45.4648,2017-09-26,9:08:00 AM,01 - Clear,01 - Dry,10 - No control,01 - Non intersection,01 - Daylight,02 - Non-fatal injury,04 - Sideswipe,Greenbelt
11898,REGIONAL ROAD 174 btwn TRANSIT & OR174 IC105 RAMP51,378568.5293,5036528.451,-75.55666,45.46479,2017-12-06,4:36:00 AM,01 - Clear,01 - Dry,10 - No control,01 - Non intersection,07 - Dark,03 - P.D. only,07 - SMV other,Greenbelt
11899,REGIONAL ROAD 174 btwn TRANSIT & OR174 IC109 RAMP56,376108.8998,5034221.198,-75.58844,45.44428,2017-05-31,7:28:00 AM,01 - Clear,01 - Dry,10 - No control,01 - Non intersection,01 - Daylight,03 - P.D. only,03 - Rear end,Beacon Hill South - Cardinal Heights
11900,REGIONAL ROAD 174 btwn TRANSIT & OR174 IC109 RAMP56,375898.0155,5033801.559,-75.5912,45.44053,2017-05-12,7:55:00 AM,01 - Clear,01 - Dry,10 - No control,01 - Non intersection,01 - Daylight,02 - Non-fatal injury,03 - Rear end,Greenbelt
11901,REGIONAL ROAD 174 btwn TRANSIT & OR174 IC109 RAMP56,376205.6711,5034437.112,-75.58717,45.44622,2017-08-24,5:06:00 PM,01 - Clear,01 - Dry,10 - No control,01 - Non intersection,01 - Daylight,02 - Non-fatal injury,03 - Rear end,Greenbelt
11902,REGIONAL ROAD 174 btwn TRANSIT & OR174 IC109 RAMP56,375978.3279,5033937.003,-75.59015,45.44174,2017-10-25,4:49:00 PM,01 - Clear,01 - Dry,10 - No control,01 - Non intersection,01 - Daylight,02 - Non-fatal injury,03 - Rear end,Greenbelt
11903,REGIONAL ROAD 174 btwn TRANSIT & OR174 IC109 RAMP56,375572.869,5033439.103,-75.5954,45.4373,2017-12-14,9:06:00 AM,01 - Clear,01 - Dry,10 - No control,01 - Non intersection,01 - Daylight,03 - P.D. only,03 - Rear end,Greenbelt
11904,REGIONAL ROAD 174 btwn TRANSIT & OR174 IC109 RAMP56,376186.3534,5034396.801,-75.58742,45.44586,2017-12-12,5:28:00 PM,05 - Drifting Snow,03 - Loose snow,10 - No control,01 - Non intersection,07 - Dark,03 - P.D. only,07 - SMV other,Beacon Hill South - Cardinal Heights
11905,REGIONAL ROAD 174 btwn TRANSIT & OR174 IC109 RAMP56,375888.0999,5033793.943,-75.59132,45.44046,2017-02-07,10:51:00 PM,03 - Snow,05 - Packed snow,10 - No control,01 - Non intersection,07 - Dark,02 - Non-fatal injury,03 - Rear end,Greenbelt
11906,REGIONAL ROAD 174 btwn TRANSIT & OR174 IC109 RAMP56,375591.9624,5033453.906,-75.59516,45.43743,2017-02-07,10:38:00 PM,04 - Freezing Rain,04 - Slush,10 - No control,01 - Non intersection,07 - Dark,02 - Non-fatal injury,07 - SMV other,Greenbelt
11907,REGIONAL ROAD 174 btwn TRANSIT & OR174 IC109 RAMP56,376081.841,5034161.743,-75.58879,45.44375,2017-12-27,12:22:00 PM,01 - Clear,06 - Ice,10 - No control,01 - Non intersection,01 - Daylight,03 - P.D. only,07 - SMV other,Greenbelt
11908,REGIONAL ROAD 174 EB btwn HWY417 IC113 RAMP65 & OR174 BLAIR IC112 RAMP51,374820.2241,5032833.622,-75.60511,45.43193,2017-05-03,5:47:00 PM,01 - Clear,01 - Dry,10 - No control,01 - Non intersection,01 - Daylight,03 - P.D. only,03 - Rear end,Greenbelt
11909,REGIONAL ROAD 174 EB btwn HWY417 IC113 RAMP65 & OR174 BLAIR IC112 RAMP51,374749.0271,5032780.604,-75.60603,45.43146,2017-05-27,10:55:00 AM,01 - Clear,01 - Dry,10 - No control,01 - Non intersection,01 - Daylight,03 - P.D. only,07 - SMV other,Pineview
11910,REGIONAL ROAD 174 EB btwn HWY417 IC113 RAMP65 & OR174 BLAIR IC112 RAMP51,374672.0851,5032724.521,-75.60702,45.43096,2017-06-21,5:32:00 PM,01 - Clear,01 - Dry,10 - No control,01 - Non intersection,01 - Daylight,03 - P.D. only,03 - Rear end,Pineview
11911,REGIONAL ROAD 174 EB btwn HWY417 IC113 RAMP65 & OR174 BLAIR IC112 RAMP51,374696.4453,5032740.005,-75.6067,45.4311,2017-07-01,8:28:00 AM,02 - Rain,02 - Wet,10 - No control,01 - Non intersection,01 - Daylight,03 - P.D. only,07 - SMV other,Pineview
11912,REGIONAL ROAD 174 EB btwn HWY417 IC113 RAMP65 & OR174 BLAIR IC112 RAMP51,374017.9772,5032180.064,-75.61545,45.42613,2017-09-14,3:57:00 PM,01 - Clear,01 - Dry,10 - No control,01 - Non intersection,01 - Daylight,02 - Non-fatal injury,03 - Rear end,Pineview
11913,REGIONAL ROAD 174 EB btwn HWY417 IC113 RAMP65 & OR174 BLAIR IC112 RAMP51,374133.2799,5032317.568,-75.61396,45.42736,2017-09-26,9:34:00 AM,01 - Clear,01 - Dry,10 - No control,01 - Non intersection,01 - Daylight,02 - Non-fatal injury,03 - Rear end,Pineview
11914,REGIONAL ROAD 174 EB btwn HWY417 IC113 RAMP65 & OR174 BLAIR IC112 RAMP51,374755.4878,5032786.903,-75.60594,45.43152,2017-09-12,9:32:00 PM,01 - Clear,01 - Dry,10 - No control,01 - Non intersection,07 - Dark,02 - Non-fatal injury,03 - Rear end,Pineview
11915,REGIONAL ROAD 174 EB btwn HWY417 IC113 RAMP65 & OR174 BLAIR IC112 RAMP51,374140.9506,5032323.78,-75.61386,45.42741,2017-09-15,11:16:00 AM,01 - Clear,01 - Dry,10 - No control,01 - Non intersection,01 - Daylight,03 - P.D. only,03 - Rear end,Pineview
11916,REGIONAL ROAD 174 EB btwn HWY417 IC113 RAMP65 & OR174 BLAIR IC112 RAMP51,374777.2886,5032802.681,-75.60566,45.43166,2017-10-24,3:55:00 PM,01 - Clear,01 - Dry,10 - No control,01 - Non intersection,01 - Daylight,03 - P.D. only,03 - Rear end,Pineview
11917,REGIONAL ROAD 174 EB btwn HWY417 IC113 RAMP65 & OR174 BLAIR IC112 RAMP51,374685.482,5032735.119,-75.60684,45.43106,2017-12-13,4:12:00 PM,01 - Clear,01 - Dry,10 - No control,01 - Non intersection,05 - Dusk,03 - P.D. only,03 - Rear end,Pineview
11918,REGIONAL ROAD 174 EB btwn HWY417 IC113 RAMP65 & OR174 BLAIR IC112 RAMP51,374800.2831,5032819,-75.60536,45.4318,2017-11-14,4:58:00 PM,01 - Clear,01 - Dry,10 - No control,01 - Non intersection,05 - Dusk,03 - P.D. only,03 - Rear end,Greenbelt
11919,REGIONAL ROAD 174 EB btwn HWY417 IC113 RAMP65 & OR174 BLAIR IC112 RAMP51,374771.5206,5032799.602,-75.60574,45.43163,2017-12-01,3:16:00 PM,01 - Clear,01 - Dry,10 - No control,01 - Non intersection,01 - Daylight,03 - P.D. only,04 - Sideswipe,Pineview
11920,REGIONAL ROAD 174 EB btwn HWY417 IC113 RAMP65 & OR174 BLAIR IC112 RAMP51,374746.1025,5032777.528,-75.60606,45.43143,2017-12-02,11:21:00 PM,01 - Clear,01 - Dry,10 - No control,01 - Non intersection,07 - Dark,03 - P.D. only,04 - Sideswipe,Pineview
11921,REGIONAL ROAD 174 EB btwn HWY417 IC113 RAMP65 & OR174 BLAIR IC112 RAMP51,374727.2475,5032768.07,-75.60631,45.43135,2017-12-07,4:56:00 PM,01 - Clear,01 - Dry,10 - No control,01 - Non intersection,07 - Dark,02 - Non-fatal injury,03 - Rear end,Pineview
11922,REGIONAL ROAD 174 EB btwn HWY417 IC113 RAMP65 & OR174 BLAIR IC112 RAMP51,374782.8026,5032804.788,-75.60559,45.43167,2017-02-14,8:50:00 AM,01 - Clear,01 - Dry,10 - No control,01 - Non intersection,01 - Daylight,03 - P.D. only,03 - Rear end,Pineview
11923,REGIONAL ROAD 174 EB btwn HWY417 IC113 RAMP65 & OR174 BLAIR IC112 RAMP51,374754.8064,5032785.196,-75.60595,45.4315,2017-02-12,2:56:00 AM,03 - Snow,04 - Slush,10 - No control,01 - Non intersection,07 - Dark,03 - P.D. only,07 - SMV other,Pineview
11924,REGIONAL ROAD 174 EB btwn HWY417 IC113 RAMP65 & OR174 BLAIR IC112 RAMP51,374725.2408,5032764.726,-75.60633,45.43132,2017-04-13,5:43:00 PM,01 - Clear,01 - Dry,10 - No control,01 - Non intersection,01 - Daylight,03 - P.D. only,04 - Sideswipe,Pineview
11925,REGIONAL ROAD 174 EB btwn OR174 IC109 RAMP55 & TRANSIT,376505.3292,5035062.939,-75.58325,45.45182,2017-04-26,6:01:00 PM,01 - Clear,01 - Dry,10 - No control,01 - Non intersection,01 - Daylight,03 - P.D. only,04 - Sideswipe,Greenbelt
11926,REGIONAL ROAD 174 EB btwn OR174 IC109 RAMP55 & TRANSIT,376531.4161,5035123.14,-75.58291,45.45236,2017-06-04,12:17:00 PM,01 - Clear,01 - Dry,10 - No control,01 - Non intersection,01 - Daylight,02 - Non-fatal injury,03 - Rear end,Greenbelt
11927,REGIONAL ROAD 174 EB btwn OR174 IC109 RAMP55 & TRANSIT,376466.7675,5034973.832,-75.58376,45.45102,2017-07-24,9:27:00 PM,02 - Rain,02 - Wet,10 - No control,01 - Non intersection,07 - Dark,02 - Non-fatal injury,07 - SMV other,Greenbelt