Record,Location,X,Y,Longitude,Latitude,Date,Time,Environment,Road_Surface,Traffic_Control,Collision_Location,Light,Collision_Classification,Impact_type,Neighborhood
11928,REGIONAL ROAD 174 EB btwn OR174 IC109 RAMP55 & TRANSIT,376571.5499,5035208.759,-75.58238,45.45312,2017-07-05,8:49:00 PM,01 - Clear,01 - Dry,10 - No control,01 - Non intersection,05 - Dusk,03 - P.D. only,03 - Rear end,Greenbelt
11929,REGIONAL ROAD 174 EB btwn OR174 IC109 RAMP55 & TRANSIT,376480.5615,5035002.22,-75.58357,45.45127,2017-07-13,5:30:00 AM,01 - Clear,01 - Dry,10 - No control,01 - Non intersection,03 - Dawn,03 - P.D. only,07 - SMV other,Greenbelt
11930,REGIONAL ROAD 174 EB btwn OR174 IC109 RAMP55 & TRANSIT,376484.4821,5035009.144,-75.58352,45.45134,2017-08-16,4:06:00 PM,01 - Clear,01 - Dry,10 - No control,07 - Overpass or bridge,01 - Daylight,03 - P.D. only,03 - Rear end,Greenbelt
11931,REGIONAL ROAD 174 EB btwn OR174 IC109 RAMP55 & TRANSIT,376532.8227,5035128.706,-75.58289,45.45241,2017-12-14,6:46:00 PM,01 - Clear,01 - Dry,10 - No control,01 - Non intersection,07 - Dark,02 - Non-fatal injury,03 - Rear end,Greenbelt
11932,REGIONAL ROAD 174 EB btwn OR174 IC109 RAMP55 & TRANSIT,376503.3285,5035053.973,-75.58328,45.45174,2017-12-14,8:46:00 PM,03 - Snow,06 - Ice,10 - No control,01 - Non intersection,07 - Dark,03 - P.D. only,03 - Rear end,Greenbelt
11933,REGIONAL ROAD 174 EB btwn OR174 IC109 RAMP55 & TRANSIT,376529.6223,5035117.379,-75.58293,45.4523,2017-12-12,9:12:00 AM,03 - Snow,04 - Slush,10 - No control,01 - Non intersection,01 - Daylight,03 - P.D. only,07 - SMV other,Greenbelt
11934,REGIONAL ROAD 174 EB btwn OR174 IC109 RAMP55 & TRANSIT,376493.289,5035034.177,-75.58341,45.45156,2017-12-06,7:05:00 PM,01 - Clear,01 - Dry,10 - No control,01 - Non intersection,07 - Dark,03 - P.D. only,03 - Rear end,Greenbelt
11935,REGIONAL ROAD 174 EB btwn OR174 IC109 RAMP55 & TRANSIT,376494.3521,5035031.102,-75.58339,45.45153,2017-12-05,5:57:00 PM,01 - Clear,02 - Wet,10 - No control,07 - Overpass or bridge,07 - Dark,02 - Non-fatal injury,03 - Rear end,Greenbelt
11936,REGIONAL ROAD 174 EB btwn OR174 IC109 RAMP55 & TRANSIT,376545.6812,5035159.943,-75.58272,45.45269,2017-01-09,8:17:00 AM,01 - Clear,02 - Wet,10 - No control,01 - Non intersection,01 - Daylight,03 - P.D. only,03 - Rear end,Greenbelt
11937,REGIONAL ROAD 174 EB btwn OR174 IC109 RAMP55 & TRANSIT,376512.4426,5035066.547,-75.58316,45.45185,2017-03-02,7:32:00 PM,02 - Rain,02 - Wet,10 - No control,01 - Non intersection,07 - Dark,03 - P.D. only,03 - Rear end,Greenbelt
11938,REGIONAL ROAD 174 EB btwn OR174 IC109 RAMP55 & TRANSIT,376571.5499,5035205.414,-75.58238,45.45309,2017-04-14,10:25:00 PM,01 - Clear,01 - Dry,10 - No control,01 - Non intersection,07 - Dark,03 - P.D. only,04 - Sideswipe,Greenbelt
11939,REGIONAL ROAD 174 EB btwn OR174 IC109 RAMP55 & TRANSIT,376465.1954,5034971.969,-75.58378,45.451,2017-03-30,5:00:00 PM,01 - Clear,01 - Dry,10 - No control,01 - Non intersection,01 - Daylight,03 - P.D. only,04 - Sideswipe,Greenbelt
11940,REGIONAL ROAD 174 EB btwn OR174 IC109 RAMP55 & TRANSIT,376483.4128,5035008.34,-75.58354,45.45133,2017-12-18,7:28:00 PM,03 - Snow,03 - Loose snow,10 - No control,01 - Non intersection,07 - Dark,03 - P.D. only,04 - Sideswipe,Greenbelt
11941,REMNOR AVE btwn BADGELEY AVE & BADGELEY AVE,349608.9892,5020453.637,-75.92842,45.3226,2017-01-30,12:00:00 AM,01 - Clear,01 - Dry,10 - No control,01 - Non intersection,00 - Unknown,03 - P.D. only,06 - SMV unattended vehicle,Kanata Lakes - Marchwood Lakeside - Morgan's Grant - Kanata
11942,REMNOR AVE btwn BADGELEY AVE & BADGELEY AVE,349568.4998,5020494.759,-75.92894,45.32298,2017-03-11,12:00:00 AM,01 - Clear,01 - Dry,10 - No control,01 - Non intersection,00 - Unknown,03 - P.D. only,06 - SMV unattended vehicle,Kanata Lakes - Marchwood Lakeside - Morgan's Grant - Kanata
11943,REMNOR AVE btwn BADGELEY AVE & BADGELEY AVE,349603.4808,5020458.392,-75.92849,45.32265,2017-04-21,12:00:00 AM,01 - Clear,01 - Dry,10 - No control,01 - Non intersection,00 - Unknown,03 - P.D. only,06 - SMV unattended vehicle,Kanata Lakes - Marchwood Lakeside - Morgan's Grant - Kanata
11944,RENAUD RD @ MER BLEUE RD,383449.8551,5033734.265,-75.49469,45.43912,2017-02-03,4:33:00 PM,01 - Clear,01 - Dry,02 - Stop sign,03 - At intersection,01 - Daylight,03 - P.D. only,02 - Angle,Orl¨¦ans
11945,RENAUD RD @ MER BLEUE RD,383444.5859,5033736.041,-75.49476,45.43913,2017-03-02,4:06:00 PM,01 - Clear,01 - Dry,02 - Stop sign,03 - At intersection,01 - Daylight,03 - P.D. only,03 - Rear end,Chapel Hill South
11946,RENAUD RD @ NAVAN RD,381816.7611,5032737.266,-75.51572,45.43033,2017-10-19,1:03:00 PM,01 - Clear,01 - Dry,01 - Traffic signal,02 - Intersection related,01 - Daylight,03 - P.D. only,02 - Angle,Chapel Hill South
11947,RENAUD RD @ NAVAN RD,381819.1651,5032741.248,-75.51569,45.43036,2017-10-24,7:24:00 AM,02 - Rain,02 - Wet,01 - Traffic signal,03 - At intersection,03 - Dawn,02 - Non-fatal injury,07 - SMV other,Chapel Hill South
11948,RENAUD RD @ RENAUD RD N,379760.0613,5032024.914,-75.54211,45.42414,2017-07-21,12:00:00 AM,01 - Clear,01 - Dry,10 - No control,02 - Intersection related,00 - Unknown,03 - P.D. only,06 - SMV unattended vehicle,Greenbelt
11949,RENAUD RD @ RENAUD RD S,379960.7564,5031599.219,-75.53961,45.42029,2017-11-28,4:23:00 PM,01 - Clear,01 - Dry,10 - No control,02 - Intersection related,05 - Dusk,03 - P.D. only,07 - SMV other,Greenbelt
11950,RENAUD RD @ RENAUD RD S,379962.0942,5031599.888,-75.53959,45.4203,2017-03-18,11:12:00 PM,01 - Clear,01 - Dry,10 - No control,02 - Intersection related,07 - Dark,03 - P.D. only,07 - SMV other,Greenbelt
11951,RENAUD RD @ SADDLERIDGE DR,381580.8351,5032591.7,-75.51875,45.42904,2017-06-15,7:20:00 AM,01 - Clear,01 - Dry,02 - Stop sign,02 - Intersection related,01 - Daylight,03 - P.D. only,99 - Other,Chapel Hill South
11952,RENAUD RD btwn Continuation of RENAUD RD & PERCIFOR WAY,379971.2514,5031598.694,-75.53947,45.42028,2017-12-23,2:29:00 PM,03 - Snow,03 - Loose snow,10 - No control,01 - Non intersection,01 - Daylight,03 - P.D. only,07 - SMV other,Greenbelt
11953,RENAUD RD btwn IDA ST & Continuation of RENAUD RD,378557.8378,5031712.221,-75.55751,45.42146,2017-10-09,10:01:00 PM,"07 - Fog, mist, smoke, dust",01 - Dry,10 - No control,01 - Non intersection,07 - Dark,03 - P.D. only,03 - Rear end,Greenbelt
11954,RENAUD RD btwn IDA ST & Continuation of RENAUD RD,379734.5344,5032022.366,-75.54243,45.42412,2017-12-25,10:42:00 AM,03 - Snow,03 - Loose snow,10 - No control,01 - Non intersection,01 - Daylight,03 - P.D. only,01 - Approaching,Greenbelt
11955,RENAUD RD btwn IDA ST & Continuation of RENAUD RD,378607.0603,5031727.9,-75.55688,45.42159,2017-12-27,11:30:00 PM,01 - Clear,06 - Ice,10 - No control,01 - Non intersection,07 - Dark,03 - P.D. only,07 - SMV other,Greenbelt
11956,RENAUD RD btwn WEIR RD & MAURICE ST,377858.7018,5031527.883,-75.56647,45.41987,2017-01-27,1:00:00 AM,03 - Snow,02 - Wet,10 - No control,01 - Non intersection,07 - Dark,03 - P.D. only,07 - SMV other,Greenbelt
11957,RESEARCH RD btwn CANADAIR PRIV & UPLANDS DR,370760.335,5021392.828,-75.65852,45.32938,2017-05-19,4:07:00 PM,01 - Clear,01 - Dry,10 - No control,01 - Non intersection,01 - Daylight,03 - P.D. only,07 - SMV other,Greenbelt
11958,REVELL DR N @ CARRISON DR N,367744.2444,5008981.923,-75.69856,45.21799,2017-01-28,10:28:00 AM,03 - Snow,03 - Loose snow,02 - Stop sign,03 - At intersection,01 - Daylight,02 - Non-fatal injury,02 - Angle,Manotick
11959,REVELSTOKE DR @ RIVERSIDE DR,368216.709,5024423.518,-75.69058,45.35689,2017-12-13,9:56:00 AM,01 - Clear,03 - Loose snow,01 - Traffic signal,03 - At intersection,01 - Daylight,02 - Non-fatal injury,05 - Turning movement,Hunt Club Woods - Quintarra - Revelstoke - Riverside South P
11960,REVELSTOKE DR @ RIVERSIDE DR,368218.7281,5024424.94,-75.69055,45.3569,2017-01-04,7:47:00 PM,05 - Drifting Snow,06 - Ice,01 - Traffic signal,02 - Intersection related,07 - Dark,02 - Non-fatal injury,03 - Rear end,Hunt Club Woods - Quintarra - Revelstoke - Riverside South P
11961,RICARDO ST btwn REXTON ST & ST. BRUNO ST,385105.7381,5036287.634,-75.47311,45.4619,2017-07-08,5:17:00 PM,01 - Clear,01 - Dry,10 - No control,04 - At/near private drive,01 - Daylight,03 - P.D. only,02 - Angle,Avalon
11962,RICE AVE btwn WOODROFFE AVE & LOCKHART AVE,361504.1166,5026960.584,-75.77595,45.38029,2017-08-22,12:00:00 AM,01 - Clear,01 - Dry,10 - No control,04 - At/near private drive,00 - Unknown,03 - P.D. only,06 - SMV unattended vehicle,Woodroffe - Lincoln Heights
11963,RICHARD AVE @ CLEMENTINE BLVD,369504.267,5026960.729,-75.67381,45.3796,2017-01-19,10:28:00 AM,01 - Clear,04 - Slush,02 - Stop sign,02 - Intersection related,01 - Daylight,03 - P.D. only,99 - Other,Alta Vista
11964,RICHARDSON SIDE RD @ SPRUCE RIDGE RD,343201.8602,5014397.45,-76.01062,45.26849,2017-06-08,6:13:00 PM,01 - Clear,01 - Dry,02 - Stop sign,03 - At intersection,01 - Daylight,02 - Non-fatal injury,03 - Rear end,Stittsville - Basswood
11965,RICHARDSON SIDE RD @ SPRUCE RIDGE RD,343201.9572,5014397.666,-76.01062,45.26849,2017-08-11,3:59:00 PM,01 - Clear,01 - Dry,02 - Stop sign,02 - Intersection related,01 - Daylight,03 - P.D. only,07 - SMV other,Stittsville - Basswood
11966,RICHARDSON SIDE RD @ TERRY FOX DR,348803.086,5019506.072,-75.93879,45.31413,2017-06-16,3:44:00 PM,01 - Clear,01 - Dry,01 - Traffic signal,03 - At intersection,01 - Daylight,03 - P.D. only,02 - Angle,Kanata Lakes - Marchwood Lakeside - Morgan's Grant - Kanata
11967,RICHARDSON SIDE RD @ TERRY FOX DR,348803.086,5019506.072,-75.93879,45.31413,2017-07-29,9:41:00 AM,01 - Clear,01 - Dry,01 - Traffic signal,03 - At intersection,01 - Daylight,03 - P.D. only,05 - Turning movement,Kanata Lakes - Marchwood Lakeside - Morgan's Grant - Kanata
11968,RICHARDSON SIDE RD @ TERRY FOX DR,348803.086,5019506.072,-75.93879,45.31413,2017-11-26,7:52:00 AM,01 - Clear,01 - Dry,01 - Traffic signal,03 - At intersection,01 - Daylight,03 - P.D. only,02 - Angle,Kanata Lakes - Marchwood Lakeside - Morgan's Grant - Kanata
11969,RICHARDSON SIDE RD @ TERRY FOX DR,348803.086,5019506.072,-75.93879,45.31413,2017-11-24,3:00:00 PM,01 - Clear,01 - Dry,01 - Traffic signal,02 - Intersection related,01 - Daylight,02 - Non-fatal injury,04 - Sideswipe,Kanata Lakes - Marchwood Lakeside - Morgan's Grant - Kanata
11970,RICHARDSON SIDE RD @ TERRY FOX DR,348803.086,5019506.072,-75.93879,45.31413,2017-04-10,1:19:00 PM,01 - Clear,01 - Dry,01 - Traffic signal,03 - At intersection,01 - Daylight,02 - Non-fatal injury,05 - Turning movement,Kanata Lakes - Marchwood Lakeside - Morgan's Grant - Kanata
11971,RICHARDSON SIDE RD btwn CARP RD & OAK CREEK RD,346320.7983,5017261.995,-75.97063,45.29409,2017-09-29,12:00:00 AM,01 - Clear,01 - Dry,10 - No control,01 - Non intersection,00 - Unknown,03 - P.D. only,06 - SMV unattended vehicle,Stittsville - Basswood
11972,RICHARDSON SIDE RD btwn CARP RD & OAK CREEK RD,346434.3231,5017366.131,-75.96918,45.29502,2017-03-06,10:30:00 PM,04 - Freezing Rain,06 - Ice,10 - No control,01 - Non intersection,07 - Dark,03 - P.D. only,07 - SMV other,Stittsville - Basswood
11973,RICHARDSON SIDE RD btwn DAVID MANCHESTER RD & WILLIAM MOONEY RD,344393.6584,5015481.129,-75.99534,45.27817,2017-09-16,12:52:00 PM,01 - Clear,01 - Dry,10 - No control,01 - Non intersection,01 - Daylight,02 - Non-fatal injury,07 - SMV other,Stittsville - Basswood
11974,RICHARDSON SIDE RD btwn OAK CREEK RD & HUNTMAR DR,347883.3372,5018697.638,-75.95059,45.30691,2017-05-25,7:36:00 PM,02 - Rain,02 - Wet,10 - No control,01 - Non intersection,01 - Daylight,03 - P.D. only,07 - SMV other,Stittsville - Basswood
11975,RICHARDSON SIDE RD btwn OAK CREEK RD & HUNTMAR DR,347444.3555,5018306.861,-75.95622,45.30342,2017-03-07,6:57:00 PM,03 - Snow,05 - Packed snow,10 - No control,04 - At/near private drive,07 - Dark,03 - P.D. only,05 - Turning movement,Stittsville - Basswood
11976,RICHARDSON SIDE RD btwn PENNYCROSS LANE & DAVID MANCHESTER RD,344093.2221,5015208.197,-75.99919,45.27573,2017-12-12,6:43:00 PM,03 - Snow,05 - Packed snow,10 - No control,01 - Non intersection,07 - Dark,03 - P.D. only,07 - SMV other,Stittsville - Basswood
11977,RICHARDSON SIDE RD btwn WILDMEADOW CIRC & GREY STONE DR,343500.5585,5014668.573,-76.00679,45.27091,2017-04-08,8:30:00 PM,01 - Clear,01 - Dry,10 - No control,01 - Non intersection,07 - Dark,03 - P.D. only,07 - SMV other,Stittsville - Basswood
11978,RICHARDSON SIDE RD/TERON RD @ STEACIE DR,351408.1048,5021708.382,-75.90536,45.33378,2017-10-20,11:19:00 AM,01 - Clear,01 - Dry,02 - Stop sign,02 - Intersection related,01 - Daylight,03 - P.D. only,05 - Turning movement,Beaverbrook
11979,RICHER DR btwn LEGAULT ST & LEBLANC DR,380972.1606,5036803.734,-75.52588,45.46701,2017-12-25,11:14:00 PM,03 - Snow,02 - Wet,10 - No control,04 - At/near private drive,07 - Dark,03 - P.D. only,06 - SMV unattended vehicle,Orleans Village - Chateauneuf
11980,RICHMOND RD @ EDGEWORTH AVE/MCEWEN AVE,361076.7461,5025883.34,-75.78153,45.37063,2017-03-02,6:44:00 PM,01 - Clear,01 - Dry,01 - Traffic signal,03 - At intersection,05 - Dusk,02 - Non-fatal injury,07 - SMV other,Woodroffe - Lincoln Heights
11981,RICHMOND RD @ FRASER AVE,362489.6919,5027691.78,-75.76329,45.38679,2017-09-27,3:38:00 PM,02 - Rain,02 - Wet,01 - Traffic signal,02 - Intersection related,01 - Daylight,03 - P.D. only,03 - Rear end,Carlingwood - McKellar Park - Laurentien View
11982,RICHMOND RD @ HARTLEIGH AVE,361182.3138,5026042.549,-75.78017,45.37206,2017-05-19,4:06:00 AM,01 - Clear,01 - Dry,02 - Stop sign,02 - Intersection related,07 - Dark,03 - P.D. only,03 - Rear end,Carlingwood West - Glabar Park - McKellar Heights
11983,RICHMOND RD @ HOLLY ACRES RD/NANAIMO DR,359058.3372,5022746.489,-75.80764,45.34257,2017-06-14,3:58:00 PM,01 - Clear,01 - Dry,01 - Traffic signal,02 - Intersection related,01 - Daylight,03 - P.D. only,03 - Rear end,Greenbelt
11984,RICHMOND RD @ HOLLY ACRES RD/NANAIMO DR,359058.3372,5022748.496,-75.80764,45.34258,2017-06-15,7:45:00 AM,01 - Clear,01 - Dry,01 - Traffic signal,02 - Intersection related,01 - Daylight,03 - P.D. only,04 - Sideswipe,Greenbelt
11985,RICHMOND RD @ HOLLY ACRES RD/NANAIMO DR,359059.6184,5022748.733,-75.80763,45.34259,2017-08-24,5:38:00 PM,01 - Clear,01 - Dry,01 - Traffic signal,03 - At intersection,01 - Daylight,02 - Non-fatal injury,05 - Turning movement,Greenbelt
11986,RICHMOND RD @ HOLLY ACRES RD/NANAIMO DR,359059.6274,5022749.213,-75.80763,45.34259,2017-09-11,11:31:00 AM,01 - Clear,01 - Dry,01 - Traffic signal,03 - At intersection,01 - Daylight,03 - P.D. only,05 - Turning movement,Greenbelt
11987,RICHMOND RD @ HOLLY ACRES RD/NANAIMO DR,359059.145,5022747.786,-75.80763,45.34258,2017-09-19,10:13:00 PM,01 - Clear,01 - Dry,01 - Traffic signal,03 - At intersection,07 - Dark,03 - P.D. only,99 - Other,Greenbelt
11988,RICHMOND RD @ HOLLY ACRES RD/NANAIMO DR,359059.1185,5022747.379,-75.80763,45.34257,2017-09-15,7:45:00 AM,01 - Clear,01 - Dry,01 - Traffic signal,02 - Intersection related,01 - Daylight,03 - P.D. only,03 - Rear end,Greenbelt
11989,RICHMOND RD @ HOLLY ACRES RD/NANAIMO DR,359059.4221,5022747.37,-75.80763,45.34257,2017-02-11,4:13:00 AM,03 - Snow,03 - Loose snow,01 - Traffic signal,02 - Intersection related,07 - Dark,03 - P.D. only,07 - SMV other,Greenbelt
11990,RICHMOND RD @ HOLLY ACRES RD/NANAIMO DR,359060.3883,5022748.496,-75.80762,45.34258,2017-01-07,3:35:00 PM,01 - Clear,01 - Dry,01 - Traffic signal,02 - Intersection related,01 - Daylight,03 - P.D. only,03 - Rear end,Greenbelt
11991,RICHMOND RD @ HOLLY ACRES RD/NANAIMO DR,359059.2143,5022749.853,-75.80763,45.3426,2017-02-02,6:48:00 AM,01 - Clear,03 - Loose snow,01 - Traffic signal,02 - Intersection related,03 - Dawn,02 - Non-fatal injury,07 - SMV other,Greenbelt
11992,RICHMOND RD @ HOLLY ACRES RD/NANAIMO DR,359057.6683,5022748.496,-75.80765,45.34259,2017-03-28,5:07:00 PM,01 - Clear,01 - Dry,01 - Traffic signal,03 - At intersection,01 - Daylight,03 - P.D. only,02 - Angle,Greenbelt
11993,RICHMOND RD @ HOLLY ACRES RD/NANAIMO DR,359058.1937,5022747.779,-75.80765,45.34258,2017-12-26,11:34:00 AM,01 - Clear,03 - Loose snow,01 - Traffic signal,02 - Intersection related,01 - Daylight,03 - P.D. only,03 - Rear end,Greenbelt
11994,RICHMOND RD @ HOLLY ACRES RD/NANAIMO DR,359058.2206,5022747.82,-75.80765,45.34258,2017-12-26,5:03:00 PM,01 - Clear,02 - Wet,01 - Traffic signal,03 - At intersection,07 - Dark,03 - P.D. only,05 - Turning movement,Greenbelt
11995,RICHMOND RD @ LYNHAR RD/STAFFORD RD,358138.7279,5021086.146,-75.81956,45.3277,2017-05-19,9:40:00 AM,01 - Clear,01 - Dry,01 - Traffic signal,02 - Intersection related,01 - Daylight,03 - P.D. only,02 - Angle,Bells Corners East
11996,RICHMOND RD @ LYNHAR RD/STAFFORD RD,358137.376,5021086.701,-75.81957,45.3277,2017-12-13,1:03:00 PM,01 - Clear,01 - Dry,01 - Traffic signal,02 - Intersection related,01 - Daylight,03 - P.D. only,04 - Sideswipe,Bells Corners East
11997,RICHMOND RD @ LYNHAR RD/STAFFORD RD,358136.9281,5021086.484,-75.81958,45.3277,2017-11-18,1:30:00 AM,04 - Freezing Rain,06 - Ice,01 - Traffic signal,02 - Intersection related,07 - Dark,03 - P.D. only,07 - SMV other,Bells Corners East
11998,RICHMOND RD @ LYNHAR RD/STAFFORD RD,358137.1257,5021087.42,-75.81958,45.32771,2017-11-08,4:43:00 PM,01 - Clear,01 - Dry,01 - Traffic signal,02 - Intersection related,05 - Dusk,03 - P.D. only,05 - Turning movement,Bells Corners East
11999,RICHMOND RD @ LYNHAR RD/STAFFORD RD,358138.0282,5021087.354,-75.81957,45.32771,2017-11-19,1:14:00 AM,04 - Freezing Rain,06 - Ice,01 - Traffic signal,03 - At intersection,07 - Dark,03 - P.D. only,07 - SMV other,Bells Corners East
12000,RICHMOND RD @ LYNHAR RD/STAFFORD RD,358136.5805,5021085.808,-75.81958,45.32769,2017-12-19,6:48:00 AM,03 - Snow,03 - Loose snow,01 - Traffic signal,02 - Intersection related,07 - Dark,03 - P.D. only,07 - SMV other,Bells Corners East
12001,RICHMOND RD @ NORTHSIDE RD E,358329.3627,5021225.971,-75.81711,45.32894,2017-11-21,1:34:00 PM,01 - Clear,02 - Wet,01 - Traffic signal,02 - Intersection related,01 - Daylight,03 - P.D. only,02 - Angle,Bells Corners East
12002,RICHMOND RD @ NORTHSIDE RD E,358327.9653,5021224.937,-75.81713,45.32893,2017-03-28,10:06:00 AM,01 - Clear,02 - Wet,01 - Traffic signal,03 - At intersection,01 - Daylight,03 - P.D. only,02 - Angle,Bells Corners East
12003,RICHMOND RD @ ROBERTSON RD,357578.0547,5020749.024,-75.82674,45.32471,2017-07-06,11:10:00 AM,01 - Clear,01 - Dry,01 - Traffic signal,02 - Intersection related,01 - Daylight,02 - Non-fatal injury,02 - Angle,Bells Corners East
12004,RICHMOND RD @ ROBERTSON RD,357578.133,5020749.72,-75.82674,45.32471,2017-12-12,3:04:00 PM,03 - Snow,03 - Loose snow,01 - Traffic signal,02 - Intersection related,01 - Daylight,02 - Non-fatal injury,03 - Rear end,Bells Corners East
12005,RICHMOND RD @ ROBERTSON RD,357577.2954,5020749.815,-75.82675,45.32471,2017-02-03,6:09:00 PM,01 - Clear,01 - Dry,01 - Traffic signal,02 - Intersection related,07 - Dark,02 - Non-fatal injury,03 - Rear end,Bells Corners East
12006,RICHMOND RD @ ROBERTSON RD,357578.7261,5020750.82,-75.82674,45.32472,2017-01-01,7:17:00 AM,05 - Drifting Snow,01 - Dry,01 - Traffic signal,02 - Intersection related,03 - Dawn,03 - P.D. only,07 - SMV other,Bells Corners East
12007,RICHMOND RD @ ROBERTSON RD,357578.6584,5020748.812,-75.82674,45.3247,2017-03-31,11:49:00 PM,03 - Snow,04 - Slush,01 - Traffic signal,03 - At intersection,07 - Dark,02 - Non-fatal injury,07 - SMV other,Bells Corners East
12008,RICHMOND RD @ SEYTON DR,357398.6015,5019314.321,-75.82919,45.31181,2017-10-06,3:09:00 PM,01 - Clear,01 - Dry,01 - Traffic signal,02 - Intersection related,01 - Daylight,03 - P.D. only,04 - Sideswipe,Bells Corners West
12009,RICHMOND RD @ STINSON AVE,357874.8146,5020927.987,-75.82294,45.32629,2017-04-27,10:23:00 PM,01 - Clear,01 - Dry,01 - Traffic signal,02 - Intersection related,07 - Dark,03 - P.D. only,03 - Rear end,Bells Corners East
12010,RICHMOND RD @ STONEHAVEN DR,356781.9756,5015892.775,-75.83741,45.28107,2017-05-05,2:39:00 PM,02 - Rain,02 - Wet,01 - Traffic signal,02 - Intersection related,01 - Daylight,02 - Non-fatal injury,03 - Rear end,Bridlewood - Emerald Meadows
12011,RICHMOND RD @ STONEHAVEN DR,356781.9756,5015892.775,-75.83741,45.28107,2017-06-05,12:35:00 PM,02 - Rain,02 - Wet,01 - Traffic signal,02 - Intersection related,01 - Daylight,03 - P.D. only,03 - Rear end,Bridlewood - Emerald Meadows
12012,RICHMOND RD @ STONEHAVEN DR,356782.0523,5015891.667,-75.83741,45.28106,2017-07-21,7:24:00 AM,01 - Clear,01 - Dry,01 - Traffic signal,03 - At intersection,01 - Daylight,03 - P.D. only,05 - Turning movement,Bridlewood - Emerald Meadows
12013,RICHMOND RD @ STONEHAVEN DR,356783.3133,5015891.437,-75.83739,45.28106,2017-10-28,3:05:00 PM,01 - Clear,01 - Dry,01 - Traffic signal,03 - At intersection,01 - Daylight,03 - P.D. only,05 - Turning movement,Bridlewood - Emerald Meadows
12014,RICHMOND RD @ STONEHAVEN DR,356782.1506,5015892.456,-75.83741,45.28107,2017-12-14,6:10:00 PM,01 - Clear,06 - Ice,01 - Traffic signal,03 - At intersection,07 - Dark,03 - P.D. only,07 - SMV other,Bridlewood - Emerald Meadows
12015,RICHMOND RD @ STONEHAVEN DR,356781.3067,5015892.775,-75.83742,45.28107,2017-11-03,6:37:00 PM,01 - Clear,01 - Dry,01 - Traffic signal,02 - Intersection related,07 - Dark,03 - P.D. only,03 - Rear end,Bridlewood - Emerald Meadows
12016,RICHMOND RD @ STONEHAVEN DR,356781.0984,5015891.708,-75.83742,45.28106,2017-01-05,12:51:00 PM,03 - Snow,03 - Loose snow,01 - Traffic signal,02 - Intersection related,01 - Daylight,03 - P.D. only,05 - Turning movement,Bridlewood - Emerald Meadows
12017,RICHMOND RD @ STONEHAVEN DR,356781.3067,5015891.437,-75.83742,45.28106,2017-02-17,5:49:00 PM,01 - Clear,01 - Dry,01 - Traffic signal,03 - At intersection,05 - Dusk,03 - P.D. only,05 - Turning movement,Bridlewood - Emerald Meadows
12018,RICHMOND RD @ TWEEDSMUIR AVE,363519.6925,5028483.26,-75.75004,45.39383,2017-09-16,6:42:00 PM,01 - Clear,01 - Dry,02 - Stop sign,03 - At intersection,01 - Daylight,03 - P.D. only,02 - Angle,Westboro
12019,RICHMOND RD @ WAVELL AVE,362173.2294,5027397.283,-75.76736,45.38417,2017-06-15,6:21:00 AM,01 - Clear,01 - Dry,02 - Stop sign,03 - At intersection,01 - Daylight,03 - P.D. only,01 - Approaching,Carlingwood - McKellar Park - Laurentien View
12020,RICHMOND RD @ WAVELL AVE,362173.4463,5027397.44,-75.76736,45.38417,2017-07-18,1:19:00 PM,01 - Clear,01 - Dry,02 - Stop sign,03 - At intersection,01 - Daylight,03 - P.D. only,02 - Angle,Carlingwood - McKellar Park - Laurentien View
12021,RICHMOND RD @ WEST HUNT CLUB RD,357144.644,5018153.8,-75.83255,45.30139,2017-04-24,10:55:00 AM,01 - Clear,01 - Dry,01 - Traffic signal,02 - Intersection related,01 - Daylight,03 - P.D. only,03 - Rear end,Greenbelt
12022,RICHMOND RD @ WEST HUNT CLUB RD,357146.5941,5018151.279,-75.83252,45.30136,2017-08-29,5:15:00 PM,01 - Clear,01 - Dry,01 - Traffic signal,03 - At intersection,01 - Daylight,03 - P.D. only,05 - Turning movement,Greenbelt
12023,RICHMOND RD @ WEST HUNT CLUB RD,357145.1378,5018151.443,-75.83254,45.30137,2017-07-05,8:32:00 AM,01 - Clear,01 - Dry,01 - Traffic signal,03 - At intersection,01 - Daylight,03 - P.D. only,05 - Turning movement,Greenbelt
12024,RICHMOND RD @ WEST HUNT CLUB RD,357146.7402,5018151.369,-75.83252,45.30136,2017-10-04,9:09:00 AM,01 - Clear,01 - Dry,01 - Traffic signal,02 - Intersection related,01 - Daylight,03 - P.D. only,03 - Rear end,Greenbelt
12025,RICHMOND RD @ WEST HUNT CLUB RD,357146.6031,5018152.223,-75.83252,45.30137,2017-12-15,7:43:00 AM,03 - Snow,06 - Ice,01 - Traffic signal,02 - Intersection related,03 - Dawn,03 - P.D. only,03 - Rear end,Greenbelt
12026,RICHMOND RD @ WEST HUNT CLUB RD,357144.6915,5018152.223,-75.83255,45.30137,2017-11-02,12:02:00 PM,02 - Rain,02 - Wet,01 - Traffic signal,03 - At intersection,01 - Daylight,03 - P.D. only,03 - Rear end,Greenbelt
12027,RICHMOND RD @ WEST HUNT CLUB RD,357146.1938,5018151.916,-75.83253,45.30137,2017-01-31,7:30:00 AM,01 - Clear,01 - Dry,01 - Traffic signal,02 - Intersection related,03 - Dawn,03 - P.D. only,03 - Rear end,Greenbelt
12028,RICHMOND RD @ WEST HUNT CLUB RD,357143.9751,5018152.462,-75.83256,45.30137,2017-04-01,3:01:00 AM,03 - Snow,02 - Wet,01 - Traffic signal,02 - Intersection related,07 - Dark,02 - Non-fatal injury,07 - SMV other,Greenbelt