Record,Location,X,Y,Longitude,Latitude,Date,Time,Environment,Road_Surface,Traffic_Control,Collision_Location,Light,Collision_Classification,Impact_type,Neighborhood
12029,RICHMOND RD @ WEST HUNT CLUB RD,357145.3129,5018153.131,-75.83254,45.30138,2017-02-26,5:10:00 AM,03 - Snow,03 - Loose snow,01 - Traffic signal,02 - Intersection related,07 - Dark,03 - P.D. only,07 - SMV other,Greenbelt
12030,RICHMOND RD @ WEST HUNT CLUB RD,357145.3129,5018152.462,-75.83254,45.30137,2017-03-17,10:21:00 AM,01 - Clear,01 - Dry,01 - Traffic signal,03 - At intersection,01 - Daylight,02 - Non-fatal injury,03 - Rear end,Greenbelt
12031,RICHMOND RD @ WEST HUNT CLUB RD,357146.1252,5018152.223,-75.83253,45.30137,2017-12-17,11:32:00 AM,01 - Clear,03 - Loose snow,01 - Traffic signal,03 - At intersection,01 - Daylight,03 - P.D. only,04 - Sideswipe,Greenbelt
12032,RICHMOND RD @ WINONA AVE,363296.5223,5028338.84,-75.75291,45.39255,2017-05-24,5:18:00 PM,01 - Clear,01 - Dry,02 - Stop sign,03 - At intersection,01 - Daylight,02 - Non-fatal injury,02 - Angle,Westboro
12033,RICHMOND RD @ WOODROFFE AVE,361584.4644,5026654.745,-75.77496,45.37753,2017-08-26,11:29:00 AM,01 - Clear,01 - Dry,01 - Traffic signal,02 - Intersection related,01 - Daylight,03 - P.D. only,03 - Rear end,Carlingwood - McKellar Park - Laurentien View
12034,RICHMOND RD @ WOODROFFE AVE,361585.7719,5026653.709,-75.77495,45.37752,2017-10-23,2:26:00 PM,01 - Clear,01 - Dry,01 - Traffic signal,02 - Intersection related,01 - Daylight,03 - P.D. only,03 - Rear end,Carlingwood - McKellar Park - Laurentien View
12035,RICHMOND RD @ WOODROFFE AVE,361584.6864,5026653.43,-75.77496,45.37752,2017-10-13,11:48:00 AM,01 - Clear,01 - Dry,01 - Traffic signal,03 - At intersection,01 - Daylight,03 - P.D. only,05 - Turning movement,Carlingwood - McKellar Park - Laurentien View
12036,RICHMOND RD @ WOODROFFE AVE,361583.6831,5026654.523,-75.77497,45.37753,2017-11-29,11:49:00 AM,01 - Clear,01 - Dry,01 - Traffic signal,02 - Intersection related,01 - Daylight,03 - P.D. only,02 - Angle,Carlingwood - McKellar Park - Laurentien View
12037,RICHMOND RD @ WOODROFFE AVE,361585.0209,5026654.523,-75.77496,45.37753,2017-02-18,1:04:00 PM,01 - Clear,06 - Ice,01 - Traffic signal,02 - Intersection related,01 - Daylight,03 - P.D. only,03 - Rear end,Carlingwood - McKellar Park - Laurentien View
12038,RICHMOND RD @ WOODROFFE AVE,361585.6897,5026655.192,-75.77495,45.37754,2017-04-19,1:15:00 PM,02 - Rain,02 - Wet,01 - Traffic signal,02 - Intersection related,01 - Daylight,03 - P.D. only,03 - Rear end,Carlingwood - McKellar Park - Laurentien View
12039,RICHMOND RD @ WOODROFFE AVE,361585.1643,5026655.24,-75.77495,45.37754,2017-12-15,8:53:00 PM,03 - Snow,03 - Loose snow,01 - Traffic signal,03 - At intersection,07 - Dark,03 - P.D. only,05 - Turning movement,Carlingwood - McKellar Park - Laurentien View
12040,RICHMOND RD btwn ASSALY RD & REGINA LANE,360776.1612,5025577.303,-75.78541,45.3679,2017-05-11,5:04:00 PM,01 - Clear,01 - Dry,10 - No control,04 - At/near private drive,01 - Daylight,03 - P.D. only,05 - Turning movement,Woodroffe - Lincoln Heights
12041,RICHMOND RD btwn ASSALY RD & REGINA LANE,360752.7508,5025552.615,-75.78571,45.36768,2017-06-27,8:30:00 PM,01 - Clear,01 - Dry,10 - No control,01 - Non intersection,05 - Dusk,03 - P.D. only,07 - SMV other,Woodroffe - Lincoln Heights
12042,RICHMOND RD btwn ASSALY RD & REGINA LANE,360769.4732,5025570.006,-75.78549,45.36784,2017-10-29,10:32:00 AM,02 - Rain,02 - Wet,10 - No control,01 - Non intersection,01 - Daylight,02 - Non-fatal injury,07 - SMV other,Woodroffe - Lincoln Heights
12043,RICHMOND RD btwn ASSALY RD & REGINA LANE,360758.8256,5025557.447,-75.78563,45.36773,2017-10-05,4:30:00 PM,01 - Clear,01 - Dry,10 - No control,04 - At/near private drive,01 - Daylight,02 - Non-fatal injury,07 - SMV other,Woodroffe - Lincoln Heights
12044,RICHMOND RD btwn BASELINE RD TURN LANE & NORTHSIDE RD,358531.9512,5021595.495,-75.81449,45.33225,2017-11-29,7:32:00 AM,01 - Clear,02 - Wet,10 - No control,01 - Non intersection,01 - Daylight,02 - Non-fatal injury,03 - Rear end,Greenbelt
12045,RICHMOND RD btwn BERKLEY AVE & ROOSEVELT AVE,362970.3323,5028108.19,-75.7571,45.3905,2017-10-19,5:36:00 PM,01 - Clear,01 - Dry,10 - No control,01 - Non intersection,01 - Daylight,03 - P.D. only,06 - SMV unattended vehicle,Westboro
12046,RICHMOND RD btwn BROADVIEW AVE & GOLDEN AVE,362858.7034,5028022.91,-75.75853,45.38974,2017-12-01,7:11:00 PM,01 - Clear,01 - Dry,10 - No control,01 - Non intersection,07 - Dark,02 - Non-fatal injury,06 - SMV unattended vehicle,Woodroffe - Lincoln Heights
12047,RICHMOND RD btwn BROADVIEW AVE & GOLDEN AVE,362723.7402,5027903.875,-75.76027,45.38868,2017-03-21,5:30:00 PM,01 - Clear,01 - Dry,10 - No control,04 - At/near private drive,01 - Daylight,03 - P.D. only,02 - Angle,Woodroffe - Lincoln Heights
12048,RICHMOND RD btwn CAMBRIAN RD & CAMBRIAN RD,359111.4931,5009518.285,-75.80841,45.22353,2017-01-04,7:57:00 PM,03 - Snow,06 - Ice,10 - No control,01 - Non intersection,07 - Dark,03 - P.D. only,07 - SMV other,Munster Hamlet - Richmond
12049,RICHMOND RD btwn CROYDON AVE & ASSALY RD,360663.7876,5025460.307,-75.78685,45.36686,2017-06-21,3:44:00 PM,01 - Clear,01 - Dry,10 - No control,01 - Non intersection,01 - Daylight,03 - P.D. only,03 - Rear end,Woodroffe - Lincoln Heights
12050,RICHMOND RD btwn CROYDON AVE & ASSALY RD,360689.2057,5025488.401,-75.78653,45.36711,2017-03-02,9:30:00 AM,03 - Snow,02 - Wet,10 - No control,01 - Non intersection,01 - Daylight,03 - P.D. only,03 - Rear end,Woodroffe - Lincoln Heights
12051,RICHMOND RD btwn EDGEWOOD AVE & ATHLONE AVE,363443.3216,5028434.198,-75.75102,45.39339,2017-11-27,11:15:00 AM,01 - Clear,01 - Dry,10 - No control,04 - At/near private drive,01 - Daylight,03 - P.D. only,02 - Angle,Westboro
12052,RICHMOND RD btwn EDGEWOOD AVE & ATHLONE AVE,363426.1584,5028422.247,-75.75124,45.39329,2017-04-13,10:30:00 AM,01 - Clear,01 - Dry,10 - No control,01 - Non intersection,01 - Daylight,03 - P.D. only,06 - SMV unattended vehicle,Westboro
12053,RICHMOND RD btwn EDGEWORTH AVE/MCEWEN AVE & REGINA LANE,361062.689,5025869.283,-75.78171,45.37051,2017-04-27,10:13:00 AM,01 - Clear,01 - Dry,10 - No control,04 - At/near private drive,01 - Daylight,03 - P.D. only,02 - Angle,Woodroffe - Lincoln Heights
12054,RICHMOND RD btwn EDGEWORTH AVE/MCEWEN AVE & REGINA LANE,360932.2388,5025737.146,-75.78339,45.36933,2017-12-14,3:00:00 PM,01 - Clear,02 - Wet,10 - No control,01 - Non intersection,01 - Daylight,02 - Non-fatal injury,07 - SMV other,Woodroffe - Lincoln Heights
12055,RICHMOND RD btwn FRASER AVE & BROADVIEW AVE,362534.6651,5027734.273,-75.76271,45.38717,2017-11-15,3:58:00 PM,01 - Clear,01 - Dry,10 - No control,01 - Non intersection,01 - Daylight,03 - P.D. only,04 - Sideswipe,Carlingwood - McKellar Park - Laurentien View
12056,RICHMOND RD btwn HIGH ST & PINECREST RD,360035.8121,5024408.974,-75.79499,45.35745,2017-02-08,1:12:00 PM,01 - Clear,01 - Dry,10 - No control,01 - Non intersection,01 - Daylight,03 - P.D. only,04 - Sideswipe,Whitehaven - Queensway Terrace North
12057,RICHMOND RD btwn HILSON AVE & PATRICIA AVE,363947.3316,5028748.874,-75.74455,45.39618,2017-11-20,3:13:00 PM,01 - Clear,01 - Dry,10 - No control,01 - Non intersection,01 - Daylight,02 - Non-fatal injury,04 - Sideswipe,Westboro
12058,RICHMOND RD btwn HWY416 IC75A RAMP53 & HWY416 IC75A RAMP63,358676.1331,5021909.112,-75.81261,45.33506,2017-11-01,6:46:00 AM,01 - Clear,01 - Dry,10 - No control,01 - Non intersection,07 - Dark,03 - P.D. only,04 - Sideswipe,Greenbelt
12059,RICHMOND RD btwn HWY417 IC130 RAMP36 & TO BE DETERMINED,359314.4094,5023284.282,-75.80432,45.34739,2017-12-05,4:50:00 PM,02 - Rain,02 - Wet,10 - No control,01 - Non intersection,07 - Dark,02 - Non-fatal injury,03 - Rear end,Bayshore
12060,RICHMOND RD btwn JOHN SUTHERLAND DR & HOLLY ACRES RD,359049.693,5022726.176,-75.80776,45.34238,2017-09-24,2:26:00 AM,01 - Clear,01 - Dry,10 - No control,01 - Non intersection,07 - Dark,03 - P.D. only,07 - SMV other,Greenbelt
12061,RICHMOND RD btwn JOHN SUTHERLAND DR & HOLLY ACRES RD,358966.7816,5022541.478,-75.80884,45.34073,2017-12-07,5:30:00 PM,01 - Clear,01 - Dry,10 - No control,04 - At/near private drive,07 - Dark,03 - P.D. only,02 - Angle,Greenbelt
12062,RICHMOND RD btwn JOHN SUTHERLAND DR & HOLLY ACRES RD,359018.0203,5022656.295,-75.80817,45.34176,2017-02-05,8:56:00 PM,03 - Snow,04 - Slush,10 - No control,04 - At/near private drive,07 - Dark,03 - P.D. only,99 - Other,Greenbelt
12063,RICHMOND RD btwn JOHN SUTHERLAND DR & HOLLY ACRES RD,359017.3958,5022657.314,-75.80818,45.34177,2017-02-14,12:11:00 PM,03 - Snow,02 - Wet,10 - No control,01 - Non intersection,01 - Daylight,02 - Non-fatal injury,04 - Sideswipe,Greenbelt
12064,RICHMOND RD btwn LOCKHART AVE & CLEARY AVE,361934.5285,5027150.417,-75.77044,45.38196,2017-01-19,4:30:00 PM,01 - Clear,01 - Dry,10 - No control,01 - Non intersection,01 - Daylight,03 - P.D. only,03 - Rear end,Woodroffe - Lincoln Heights
12065,RICHMOND RD btwn MCEWEN AVE & HARTLEIGH AVE,361134.6615,5025969.932,-75.78078,45.37141,2017-03-07,3:48:00 AM,04 - Freezing Rain,06 - Ice,10 - No control,01 - Non intersection,07 - Dark,03 - P.D. only,07 - SMV other,Carlingwood West - Glabar Park - McKellar Heights
12066,RICHMOND RD btwn MCRAE AVE & CLIFTON RD,363652.4074,5028564.158,-75.74833,45.39454,2017-07-05,3:50:00 PM,01 - Clear,01 - Dry,10 - No control,01 - Non intersection,01 - Daylight,02 - Non-fatal injury,04 - Sideswipe,Westboro
12067,RICHMOND RD btwn MCRAE AVE & CLIFTON RD,363692.8633,5028588.473,-75.74781,45.39476,2017-11-12,12:08:00 PM,01 - Clear,01 - Dry,10 - No control,01 - Non intersection,01 - Daylight,03 - P.D. only,05 - Turning movement,Westboro
12068,RICHMOND RD btwn MOODIE DR & BLACK FOREST LANE,357412.7752,5019699.307,-75.82896,45.31527,2017-10-06,8:11:00 PM,01 - Clear,01 - Dry,10 - No control,01 - Non intersection,07 - Dark,03 - P.D. only,07 - SMV other,Bells Corners East
12069,RICHMOND RD btwn NE/OT BOUNDARY & DUMAURIER AVE,359550.9962,5023612.674,-75.80126,45.35032,2017-10-12,8:47:00 AM,01 - Clear,01 - Dry,10 - No control,01 - Non intersection,01 - Daylight,03 - P.D. only,03 - Rear end,Bayshore
12070,RICHMOND RD btwn NEW ORCHARD AVE & WOODROFFE AVE,361441.2081,5026452.517,-75.77682,45.37573,2017-05-30,9:10:00 AM,01 - Clear,01 - Dry,10 - No control,04 - At/near private drive,01 - Daylight,03 - P.D. only,02 - Angle,Carlingwood West - Glabar Park - McKellar Heights
12071,RICHMOND RD btwn NEW ORCHARD AVE & WOODROFFE AVE,361514.5391,5026560.547,-75.77587,45.37669,2017-08-13,11:46:00 PM,01 - Clear,01 - Dry,10 - No control,01 - Non intersection,07 - Dark,02 - Non-fatal injury,04 - Sideswipe,Carlingwood West - Glabar Park - McKellar Heights
12072,RICHMOND RD btwn NEW ORCHARD AVE & WOODROFFE AVE,361408.3727,5026405.662,-75.77724,45.37531,2017-10-11,4:57:00 PM,01 - Clear,01 - Dry,10 - No control,04 - At/near private drive,01 - Daylight,03 - P.D. only,99 - Other,Carlingwood West - Glabar Park - McKellar Heights
12073,RICHMOND RD btwn NEW ORCHARD AVE & WOODROFFE AVE,361526.158,5026576.262,-75.77572,45.37683,2017-10-18,11:12:00 AM,01 - Clear,01 - Dry,10 - No control,01 - Non intersection,01 - Daylight,03 - P.D. only,05 - Turning movement,Carlingwood West - Glabar Park - McKellar Heights
12074,RICHMOND RD btwn NEW ORCHARD AVE & WOODROFFE AVE,361545.3965,5026601.269,-75.77547,45.37706,2017-12-05,4:12:00 AM,01 - Clear,01 - Dry,10 - No control,01 - Non intersection,07 - Dark,03 - P.D. only,07 - SMV other,Carlingwood West - Glabar Park - McKellar Heights
12075,RICHMOND RD btwn NEW ORCHARD AVE & WOODROFFE AVE,361443.2547,5026456.323,-75.77679,45.37576,2017-02-09,10:23:00 AM,01 - Clear,01 - Dry,10 - No control,04 - At/near private drive,01 - Daylight,02 - Non-fatal injury,07 - SMV other,Carlingwood West - Glabar Park - McKellar Heights
12076,RICHMOND RD btwn NEW ORCHARD AVE & WOODROFFE AVE,361414.0857,5026419.575,-75.77717,45.37543,2017-03-23,4:49:00 PM,01 - Clear,01 - Dry,10 - No control,04 - At/near private drive,01 - Daylight,03 - P.D. only,02 - Angle,Carlingwood West - Glabar Park - McKellar Heights
12077,RICHMOND RD btwn NORTHSIDE RD & NORTHSIDE RD (2),358307.7843,5021204.326,-75.81739,45.32875,2017-06-22,6:58:00 PM,01 - Clear,01 - Dry,10 - No control,01 - Non intersection,01 - Daylight,03 - P.D. only,04 - Sideswipe,Bells Corners East
12078,RICHMOND RD btwn PERTH ST & CAMBRIAN RD,359022.2492,5008494.641,-75.80966,45.21433,2017-10-14,7:45:00 AM,01 - Clear,02 - Wet,10 - No control,01 - Non intersection,01 - Daylight,03 - P.D. only,07 - SMV other,Munster Hamlet - Richmond
12079,RICHMOND RD btwn PERTH ST & CAMBRIAN RD,359057.2098,5008940.878,-75.80917,45.21834,2017-11-03,8:09:00 AM,02 - Rain,02 - Wet,10 - No control,01 - Non intersection,01 - Daylight,03 - P.D. only,07 - SMV other,Munster Hamlet - Richmond
12080,RICHMOND RD btwn PERTH ST & CAMBRIAN RD,358281.0772,5007575.977,-75.8192,45.20612,2017-11-28,9:29:00 AM,01 - Clear,01 - Dry,10 - No control,01 - Non intersection,01 - Daylight,02 - Non-fatal injury,07 - SMV other,Munster Hamlet - Richmond
12081,RICHMOND RD btwn PERTH ST & CAMBRIAN RD,358812.225,5008001.204,-75.81239,45.20991,2017-12-15,3:31:00 PM,01 - Clear,02 - Wet,10 - No control,01 - Non intersection,01 - Daylight,02 - Non-fatal injury,01 - Approaching,Munster Hamlet - Richmond
12082,RICHMOND RD btwn POULIN AVE & 140 E OF POULIN AVE,360391.0563,5025006.062,-75.79039,45.36279,2017-02-09,4:20:00 PM,01 - Clear,02 - Wet,10 - No control,04 - At/near private drive,01 - Daylight,03 - P.D. only,04 - Sideswipe,Woodroffe - Lincoln Heights
12083,RICHMOND RD btwn POULIN AVE & 140 E OF POULIN AVE,360384.4094,5024992.423,-75.79047,45.36267,2017-02-16,7:36:00 AM,03 - Snow,06 - Ice,10 - No control,01 - Non intersection,01 - Daylight,03 - P.D. only,99 - Other,Woodroffe - Lincoln Heights
12084,RICHMOND RD btwn ROBERTSON RD & STINSON AVE,357862.1925,5020923.532,-75.8231,45.32626,2017-06-02,9:28:00 PM,01 - Clear,01 - Dry,10 - No control,01 - Non intersection,07 - Dark,03 - P.D. only,03 - Rear end,Bells Corners East
12085,RICHMOND RD btwn ROBERTSON RD & STINSON AVE,357772.6927,5020868.539,-75.82425,45.32577,2017-11-08,6:03:00 PM,01 - Clear,01 - Dry,10 - No control,04 - At/near private drive,07 - Dark,02 - Non-fatal injury,02 - Angle,Bells Corners East
12086,RICHMOND RD btwn ROBERTSON RD & STINSON AVE,357659.4564,5020798.835,-75.8257,45.32515,2017-12-18,7:45:00 PM,03 - Snow,05 - Packed snow,10 - No control,04 - At/near private drive,07 - Dark,03 - P.D. only,05 - Turning movement,Bells Corners East
12087,RICHMOND RD btwn ROOSEVELT AVE & WINSTON AVE,362997.0477,5028130.527,-75.75675,45.3907,2017-03-29,12:00:00 AM,01 - Clear,01 - Dry,10 - No control,01 - Non intersection,00 - Unknown,03 - P.D. only,06 - SMV unattended vehicle,Westboro
12088,RICHMOND RD btwn STEEPLE HILL CRES & CAMBRIAN RD,359073.0262,5010404.884,-75.80881,45.23151,2017-05-06,12:26:00 AM,02 - Rain,02 - Wet,10 - No control,01 - Non intersection,07 - Dark,03 - P.D. only,07 - SMV other,Munster Hamlet - Richmond
12089,RICHMOND RD btwn STEEPLE HILL CRES & CAMBRIAN RD,359099.1298,5009979.338,-75.80852,45.22768,2017-07-28,6:03:00 PM,01 - Clear,01 - Dry,10 - No control,01 - Non intersection,01 - Daylight,03 - P.D. only,07 - SMV other,Munster Hamlet - Richmond
12090,RICHMOND RD btwn STEEPLE HILL CRES & PIETY HILL WAY,357436.8283,5014260.176,-75.82924,45.26633,2017-04-30,12:54:00 PM,01 - Clear,02 - Wet,10 - No control,01 - Non intersection,01 - Daylight,02 - Non-fatal injury,07 - SMV other,Greenbelt
12091,RICHMOND RD btwn STINSON AVE & STAFFORD RD,358120.2665,5021076.023,-75.81979,45.32761,2017-01-28,5:21:00 PM,01 - Clear,01 - Dry,10 - No control,01 - Non intersection,05 - Dusk,03 - P.D. only,04 - Sideswipe,Bells Corners East
12092,RICHMOND RD btwn STINSON AVE & STAFFORD RD,358098.8296,5021063.827,-75.82007,45.3275,2017-02-14,7:10:00 AM,01 - Clear,01 - Dry,10 - No control,04 - At/near private drive,03 - Dawn,03 - P.D. only,02 - Angle,Bells Corners East
12093,RICHMOND RD btwn STINSON AVE & STAFFORD RD,357886.6943,5020936.897,-75.82279,45.32637,2017-03-12,10:15:00 AM,01 - Clear,01 - Dry,10 - No control,04 - At/near private drive,01 - Daylight,03 - P.D. only,07 - SMV other,Bells Corners East
12094,RICHMOND RD btwn STONEHAVEN DR & HOPE SIDE RD,356808.7314,5015827.892,-75.83707,45.28048,2017-04-10,12:39:00 PM,01 - Clear,01 - Dry,10 - No control,01 - Non intersection,01 - Daylight,03 - P.D. only,07 - SMV other,Bridlewood - Emerald Meadows
12095,RICHMOND RD btwn TURN LANE & HWY416 IC75A RAMP53,358574.7403,5021686.83,-75.81393,45.33307,2017-05-02,7:00:00 PM,02 - Rain,02 - Wet,10 - No control,01 - Non intersection,01 - Daylight,03 - P.D. only,03 - Rear end,Greenbelt
12096,RICHMOND RD btwn TURN LANE & JOHN SUTHERLAND DR,358757.8387,5022086.474,-75.81155,45.33665,2017-05-30,8:20:00 PM,01 - Clear,02 - Wet,10 - No control,01 - Non intersection,05 - Dusk,02 - Non-fatal injury,01 - Approaching,Greenbelt
12097,RICHMOND RD btwn TWEEDSMUIR AVE & MCRAE AVE,363577.5499,5028519.638,-75.7493,45.39415,2017-01-16,12:00:00 AM,01 - Clear,01 - Dry,10 - No control,01 - Non intersection,00 - Unknown,03 - P.D. only,06 - SMV unattended vehicle,Westboro
12098,RICHMOND RD btwn WAVELL AVE & WINDERMERE AVE,362232.1646,5027455.231,-75.7666,45.38468,2017-12-14,4:10:00 PM,01 - Clear,01 - Dry,10 - No control,01 - Non intersection,05 - Dusk,03 - P.D. only,02 - Angle,Carlingwood - McKellar Park - Laurentien View
12099,RICHMOND RD btwn WEST HUNT CLUB RD & SEYTON DR,357153.3396,5018189.252,-75.83243,45.30171,2017-07-14,2:48:00 PM,02 - Rain,02 - Wet,10 - No control,01 - Non intersection,01 - Daylight,03 - P.D. only,01 - Approaching,Greenbelt
12100,RICHMOND RD btwn WEST HUNT CLUB RD & SEYTON DR,357383.8938,5019239.611,-75.82938,45.31114,2017-01-31,11:32:00 PM,01 - Clear,01 - Dry,10 - No control,04 - At/near private drive,07 - Dark,03 - P.D. only,03 - Rear end,Bells Corners West
12101,RICHMOND RD btwn WEST HUNT CLUB RD & SEYTON DR,357302.073,5018913.001,-75.83046,45.30821,2017-01-04,5:28:00 AM,01 - Clear,01 - Dry,10 - No control,01 - Non intersection,07 - Dark,03 - P.D. only,07 - SMV other,Greenbelt
12102,RICHMOND RD btwn WEST HUNT CLUB RD & SEYTON DR,357331.7299,5019013.079,-75.83007,45.3091,2017-02-27,3:00:00 PM,01 - Clear,01 - Dry,10 - No control,01 - Non intersection,01 - Daylight,03 - P.D. only,04 - Sideswipe,Greenbelt
12103,RICHMOND RD btwn WEST HUNT CLUB RD & STONEHAVEN DR,357121.9015,5018036.743,-75.83285,45.30034,2017-05-03,9:23:00 AM,01 - Clear,01 - Dry,10 - No control,01 - Non intersection,01 - Daylight,02 - Non-fatal injury,03 - Rear end,Greenbelt
12104,RICHMOND RD btwn WEST HUNT CLUB RD & STONEHAVEN DR,356760.8761,5015940.071,-75.83767,45.2815,2017-09-28,8:59:00 AM,01 - Clear,01 - Dry,10 - No control,01 - Non intersection,01 - Daylight,02 - Non-fatal injury,03 - Rear end,Bridlewood - Emerald Meadows
12105,RICHMOND RD btwn WEST HUNT CLUB RD & STONEHAVEN DR,356988.5334,5017426.49,-75.83461,45.29485,2017-10-24,6:50:00 AM,02 - Rain,02 - Wet,10 - No control,01 - Non intersection,07 - Dark,02 - Non-fatal injury,03 - Rear end,Greenbelt
12106,RICHMOND RD btwn WEST HUNT CLUB RD & STONEHAVEN DR,356931.156,5017176.304,-75.83537,45.29261,2017-10-17,9:39:00 PM,01 - Clear,01 - Dry,10 - No control,01 - Non intersection,07 - Dark,03 - P.D. only,07 - SMV other,Greenbelt
12107,RICHMOND RD btwn WEST HUNT CLUB RD & STONEHAVEN DR,357115.2125,5018009.987,-75.83294,45.30009,2017-11-15,9:00:00 PM,01 - Clear,01 - Dry,10 - No control,01 - Non intersection,07 - Dark,03 - P.D. only,07 - SMV other,Greenbelt
12108,RICHMOND RD btwn WEST HUNT CLUB RD & STONEHAVEN DR,357040.508,5017660.492,-75.83393,45.29696,2017-12-14,9:21:00 PM,01 - Clear,02 - Wet,10 - No control,01 - Non intersection,07 - Dark,02 - Non-fatal injury,03 - Rear end,Greenbelt
12109,RICHMOND RD btwn WEST HUNT CLUB RD & STONEHAVEN DR,356928.2203,5017147.415,-75.83541,45.29235,2017-11-04,1:08:00 AM,01 - Clear,01 - Dry,10 - No control,01 - Non intersection,07 - Dark,03 - P.D. only,07 - SMV other,Greenbelt
12110,RICHMOND RD btwn WEST HUNT CLUB RD & STONEHAVEN DR,356935.0386,5017170.327,-75.83532,45.29255,2017-04-06,7:53:00 PM,02 - Rain,02 - Wet,10 - No control,01 - Non intersection,07 - Dark,03 - P.D. only,07 - SMV other,Greenbelt
12111,RICHMOND RD btwn WESTMINSTER AVE & WESTMINSTER AVE,362363.6636,5027575.098,-75.76491,45.38575,2017-02-08,3:40:00 PM,01 - Clear,02 - Wet,10 - No control,01 - Non intersection,01 - Daylight,03 - P.D. only,03 - Rear end,Carlingwood - McKellar Park - Laurentien View
12112,RICHMOND RD btwn WINSTON AVE & CHURCHILL AVE N,363128.9346,5028224.559,-75.75506,45.39153,2017-04-27,8:51:00 AM,01 - Clear,01 - Dry,10 - No control,04 - At/near private drive,01 - Daylight,03 - P.D. only,02 - Angle,Westboro
12113,RICHMOND RD btwn WINSTON AVE & CHURCHILL AVE N,363121.23,5028220.756,-75.75516,45.3915,2017-08-23,12:30:00 PM,01 - Clear,01 - Dry,10 - No control,04 - At/near private drive,01 - Daylight,03 - P.D. only,06 - SMV unattended vehicle,Westboro
12114,RICHMOND RD btwn WINSTON AVE & CHURCHILL AVE N,363203.9613,5028275.939,-75.7541,45.39199,2017-08-21,3:23:00 PM,01 - Clear,01 - Dry,10 - No control,01 - Non intersection,01 - Daylight,03 - P.D. only,06 - SMV unattended vehicle,Carlingwood - McKellar Park - Laurentien View
12115,RICHMOND RD btwn WINSTON AVE & CHURCHILL AVE N,363100.3455,5028202.986,-75.75543,45.39134,2017-10-06,4:39:00 PM,01 - Clear,01 - Dry,10 - No control,01 - Non intersection,01 - Daylight,03 - P.D. only,04 - Sideswipe,Carlingwood - McKellar Park - Laurentien View
12116,RICHMOND RD btwn WINSTON AVE & CHURCHILL AVE N,363128.2855,5028223.676,-75.75507,45.39152,2017-10-19,11:35:00 AM,01 - Clear,01 - Dry,10 - No control,04 - At/near private drive,01 - Daylight,03 - P.D. only,06 - SMV unattended vehicle,Westboro
12117,RICHMOND RD btwn WINSTON AVE & CHURCHILL AVE N,363053.4689,5028171.918,-75.75603,45.39106,2017-01-04,7:38:00 PM,01 - Clear,02 - Wet,10 - No control,04 - At/near private drive,07 - Dark,03 - P.D. only,05 - Turning movement,Westboro
12118,RICHMOND RD btwn WINSTON AVE & CHURCHILL AVE N,363220.4884,5028287.444,-75.75388,45.39209,2017-02-25,12:35:00 PM,03 - Snow,02 - Wet,10 - No control,01 - Non intersection,01 - Daylight,03 - P.D. only,06 - SMV unattended vehicle,Carlingwood - McKellar Park - Laurentien View
12119,RICHMOND RD btwn WOODROFFE AVE & LOCKHART AVE,361640.92,5026737.384,-75.77423,45.37827,2017-12-14,5:26:00 PM,01 - Clear,05 - Packed snow,10 - No control,04 - At/near private drive,07 - Dark,03 - P.D. only,05 - Turning movement,Carlingwood - McKellar Park - Laurentien View
12120,RICHMOND RD btwn WOODROFFE AVE & LOCKHART AVE,361640.7903,5026738.318,-75.77423,45.37828,2017-02-16,4:17:00 PM,01 - Clear,01 - Dry,10 - No control,04 - At/near private drive,01 - Daylight,03 - P.D. only,02 - Angle,Woodroffe - Lincoln Heights
12121,RICHMOND RD btwn WOODROFFE AVE & LOCKHART AVE,361640.0458,5026738.586,-75.77424,45.37828,2017-02-08,2:59:00 PM,01 - Clear,02 - Wet,10 - No control,04 - At/near private drive,01 - Daylight,03 - P.D. only,02 - Angle,Woodroffe - Lincoln Heights
12122,RICHMOND RD btwn WOODROFFE AVE & LOCKHART AVE,361639.8704,5026736.797,-75.77425,45.37827,2017-03-05,6:52:00 AM,01 - Clear,01 - Dry,10 - No control,01 - Non intersection,01 - Daylight,03 - P.D. only,05 - Turning movement,Woodroffe - Lincoln Heights
12123,RICHMOND RD btwn WOODROFFE AVE & LOCKHART AVE,361697.3491,5026819.257,-75.7735,45.379,2017-12-21,10:00:00 AM,01 - Clear,01 - Dry,10 - No control,04 - At/near private drive,01 - Daylight,03 - P.D. only,05 - Turning movement,Woodroffe - Lincoln Heights
12124,RIDDELL AVE   N btwn LENESTER AVE & END,362998.7485,5026076.443,-75.75698,45.37221,2017-02-05,10:46:00 AM,01 - Clear,03 - Loose snow,10 - No control,04 - At/near private drive,01 - Daylight,03 - P.D. only,07 - SMV other,Glabar Park
12125,RIDDELL DR btwn MARCH VALLEY RD & SIXTH LINE RD,349230.3599,5028216.522,-75.93255,45.39248,2017-06-05,9:05:00 AM,02 - Rain,02 - Wet,10 - No control,01 - Non intersection,01 - Daylight,03 - P.D. only,07 - SMV other,Carp - Hardwood Plains