Record,Location,X,Y,Longitude,Latitude,Date,Time,Environment,Road_Surface,Traffic_Control,Collision_Location,Light,Collision_Classification,Impact_type,Neighborhood
12126,RIDDELL DR btwn MARCH VALLEY RD & SIXTH LINE RD,350083.7195,5029001.576,-75.92158,45.39949,2017-02-03,8:23:00 PM,01 - Clear,01 - Dry,10 - No control,01 - Non intersection,07 - Dark,03 - P.D. only,07 - SMV other,Carp - Hardwood Plains
12127,RIDDELL DR btwn MARCH VALLEY RD & SIXTH LINE RD,349803.6699,5028748.617,-75.92518,45.39723,2017-02-06,3:33:00 PM,03 - Snow,03 - Loose snow,10 - No control,01 - Non intersection,01 - Daylight,03 - P.D. only,07 - SMV other,Carp - Hardwood Plains
12128,RIDDELL DR btwn MORAN ST & MARCH VALLEY RD,347589.5646,5026694.102,-75.95364,45.37888,2017-09-10,10:23:00 AM,01 - Clear,01 - Dry,10 - No control,01 - Non intersection,01 - Daylight,03 - P.D. only,07 - SMV other,Carp - Hardwood Plains
12129,RIDDELL DR btwn MORAN ST & MARCH VALLEY RD,348117.3026,5027187.509,-75.94686,45.38329,2017-04-05,8:35:00 AM,01 - Clear,01 - Dry,10 - No control,01 - Non intersection,01 - Daylight,03 - P.D. only,07 - SMV other,Carp - Hardwood Plains
12130,RIDEAU PL @ RIDEAU ST,369527.6092,5032964.385,-75.67273,45.43362,2017-11-28,1:56:00 AM,01 - Clear,06 - Ice,02 - Stop sign,03 - At intersection,07 - Dark,03 - P.D. only,07 - SMV other,Lowe
12131,RIDEAU RD btwn BANK ST & DONCASTER RD,377030.0033,5017890.626,-75.57905,45.29726,2017-06-13,3:15:00 PM,01 - Clear,01 - Dry,10 - No control,01 - Non intersection,01 - Daylight,03 - P.D. only,99 - Other,Greenbelt
12132,RIDEAU RD btwn BANK ST & DONCASTER RD,377830.1662,5018354.085,-75.56878,45.30134,2017-01-23,7:11:00 AM,02 - Rain,06 - Ice,10 - No control,01 - Non intersection,03 - Dawn,03 - P.D. only,07 - SMV other,Greenbelt
12133,RIDEAU RD btwn BOWESVILLE RD & ALBION RD,374696.2307,5016364.229,-75.60902,45.28376,2017-11-14,3:00:00 PM,01 - Clear,01 - Dry,10 - No control,01 - Non intersection,01 - Daylight,03 - P.D. only,07 - SMV other,Greenbelt
12134,RIDEAU RD btwn BOWESVILLE RD & ALBION RD,374291.5348,5016112.827,-75.61421,45.28154,2017-03-07,2:25:00 AM,04 - Freezing Rain,06 - Ice,10 - No control,01 - Non intersection,07 - Dark,03 - P.D. only,07 - SMV other,Greenbelt
12135,RIDEAU RD btwn LIMEBANK RD & DOWNEY RD,371693.9555,5014482.7,-75.64754,45.26712,2017-03-15,12:00:00 PM,03 - Snow,03 - Loose snow,10 - No control,01 - Non intersection,01 - Daylight,03 - P.D. only,07 - SMV other,Greenbelt
12136,RIDEAU RD btwn POWER RD & HAWTHORNE RD,378495.4989,5018789.67,-75.56024,45.30519,2017-10-31,7:05:00 AM,01 - Clear,01 - Dry,10 - No control,04 - At/near private drive,01 - Daylight,03 - P.D. only,02 - Angle,Greenbelt
12137,RIDEAU RD btwn POWER RD & HAWTHORNE RD,378474.184,5018746.475,-75.56052,45.30481,2017-10-29,10:16:00 PM,02 - Rain,02 - Wet,10 - No control,01 - Non intersection,07 - Dark,03 - P.D. only,07 - SMV other,Greenbelt
12138,RIDEAU RD btwn SOMME ST & RAMSAYVILLE RD,380179.8698,5019856.473,-75.5386,45.31461,2017-12-01,7:07:00 AM,04 - Freezing Rain,02 - Wet,10 - No control,01 - Non intersection,03 - Dawn,03 - P.D. only,07 - SMV other,Greenbelt
12139,RIDEAU ST @ WALLER ST,368283.0824,5032275.922,-75.68872,45.42754,2017-06-12,1:10:00 PM,01 - Clear,01 - Dry,01 - Traffic signal,03 - At intersection,01 - Daylight,03 - P.D. only,05 - Turning movement,Byward Market - Parliament Hill
12140,RIDEAU ST @ WALLER ST,368282.4135,5032275.253,-75.68873,45.42753,2017-08-08,10:52:00 AM,01 - Clear,01 - Dry,01 - Traffic signal,02 - Intersection related,01 - Daylight,03 - P.D. only,99 - Other,Byward Market - Parliament Hill
12141,RIDEAU ST @ WALLER ST,368283.0824,5032275.922,-75.68872,45.42754,2017-11-14,3:10:00 PM,01 - Clear,01 - Dry,01 - Traffic signal,02 - Intersection related,01 - Daylight,03 - P.D. only,04 - Sideswipe,Byward Market - Parliament Hill
12142,RIDEAU ST @ WALLER ST,368283.6947,5032274.347,-75.68871,45.42752,2017-12-14,9:27:00 AM,01 - Clear,06 - Ice,01 - Traffic signal,03 - At intersection,01 - Daylight,03 - P.D. only,05 - Turning movement,Byward Market - Parliament Hill
12143,RIDEAU ST @ WALLER ST,368284.0857,5032275.253,-75.68871,45.42753,2017-01-12,5:07:00 PM,02 - Rain,02 - Wet,01 - Traffic signal,03 - At intersection,05 - Dusk,02 - Non-fatal injury,07 - SMV other,Byward Market - Parliament Hill
12144,RIDEAU ST @ WURTEMBURG ST,369356.2505,5032924.824,-75.67492,45.43328,2017-06-12,3:20:00 PM,01 - Clear,01 - Dry,01 - Traffic signal,02 - Intersection related,01 - Daylight,02 - Non-fatal injury,04 - Sideswipe,Sandy Hill
12145,RIDEAU ST @ WURTEMBURG ST,369357.7095,5032925.589,-75.6749,45.43328,2017-05-19,2:30:00 PM,01 - Clear,01 - Dry,01 - Traffic signal,02 - Intersection related,01 - Daylight,03 - P.D. only,04 - Sideswipe,Sandy Hill
12146,RIDEAU ST @ WURTEMBURG ST,369356.6838,5032925.167,-75.67491,45.43328,2017-01-30,9:05:00 AM,01 - Clear,01 - Dry,01 - Traffic signal,02 - Intersection related,01 - Daylight,03 - P.D. only,03 - Rear end,Sandy Hill
12147,RIDEAU ST @ WURTEMBURG ST,369358.1263,5032926.299,-75.6749,45.43329,2017-12-29,11:38:00 AM,01 - Clear,04 - Slush,01 - Traffic signal,02 - Intersection related,01 - Daylight,03 - P.D. only,04 - Sideswipe,Sandy Hill
12148,RIDEAU ST btwn AUGUSTA ST & COBOURG ST,369023.8458,5032723.279,-75.67919,45.43149,2017-06-04,2:32:00 PM,01 - Clear,01 - Dry,10 - No control,01 - Non intersection,01 - Daylight,02 - Non-fatal injury,03 - Rear end,Lower Town
12149,RIDEAU ST btwn AUGUSTA ST & COBOURG ST,369055.6831,5032742.882,-75.67879,45.43167,2017-07-03,8:50:00 PM,01 - Clear,01 - Dry,10 - No control,04 - At/near private drive,05 - Dusk,03 - P.D. only,05 - Turning movement,Lower Town
12150,RIDEAU ST btwn AUGUSTA ST & COBOURG ST,369126.7491,5032786.061,-75.67787,45.43205,2017-08-26,3:03:00 AM,01 - Clear,01 - Dry,10 - No control,01 - Non intersection,07 - Dark,03 - P.D. only,05 - Turning movement,Lowe
12151,RIDEAU ST btwn CUMBERLAND ST & KING EDWARD AVE,368441.0754,5032369.972,-75.68669,45.42837,2017-06-20,10:41:00 PM,01 - Clear,01 - Dry,10 - No control,01 - Non intersection,07 - Dark,02 - Non-fatal injury,07 - SMV other,Lowe
12152,RIDEAU ST btwn CUMBERLAND ST & KING EDWARD AVE,368467.4764,5032387.307,-75.68635,45.42852,2017-08-10,10:22:00 AM,01 - Clear,01 - Dry,10 - No control,01 - Non intersection,01 - Daylight,02 - Non-fatal injury,07 - SMV other,Lowe
12153,RIDEAU ST btwn CUMBERLAND ST & KING EDWARD AVE,368448.7559,5032374.49,-75.68659,45.42841,2017-11-13,12:33:00 PM,01 - Clear,01 - Dry,10 - No control,04 - At/near private drive,01 - Daylight,03 - P.D. only,05 - Turning movement,Lowe
12154,RIDEAU ST btwn CUMBERLAND ST & KING EDWARD AVE,368398.9257,5032344.021,-75.68723,45.42814,2017-12-02,6:27:00 PM,01 - Clear,01 - Dry,10 - No control,01 - Non intersection,07 - Dark,03 - P.D. only,04 - Sideswipe,Lowe
12155,RIDEAU ST btwn CUMBERLAND ST & KING EDWARD AVE,368472.3959,5032391.223,-75.68628,45.42856,2017-11-23,4:03:00 PM,01 - Clear,01 - Dry,10 - No control,04 - At/near private drive,01 - Daylight,03 - P.D. only,05 - Turning movement,Lowe
12156,RIDEAU ST btwn CUMBERLAND ST & KING EDWARD AVE,368393.8193,5032341.802,-75.6873,45.42812,2017-02-08,6:30:00 AM,04 - Freezing Rain,03 - Loose snow,10 - No control,04 - At/near private drive,03 - Dawn,03 - P.D. only,05 - Turning movement,Lowe
12157,RIDEAU ST btwn CUMBERLAND ST & KING EDWARD AVE,368484.4628,5032396.409,-75.68613,45.4286,2017-03-10,8:16:00 PM,01 - Clear,01 - Dry,10 - No control,01 - Non intersection,07 - Dark,03 - P.D. only,04 - Sideswipe,Lowe
12158,RIDEAU ST btwn FRIEL ST & CHAPEL ST,368788.0904,5032579.28,-75.68223,45.43022,2017-12-12,7:23:00 AM,03 - Snow,03 - Loose snow,10 - No control,01 - Non intersection,03 - Dawn,02 - Non-fatal injury,07 - SMV other,Lowe
12159,RIDEAU ST btwn KING EDWARD AVE & NELSON ST,368562.194,5032444.182,-75.68513,45.42902,2017-06-03,2:30:00 PM,01 - Clear,01 - Dry,10 - No control,04 - At/near private drive,01 - Daylight,03 - P.D. only,02 - Angle,Lowe
12160,RIDEAU ST btwn KING EDWARD AVE & NELSON ST,368543.7585,5032432.179,-75.68537,45.42892,2017-07-18,9:30:00 PM,01 - Clear,01 - Dry,10 - No control,01 - Non intersection,07 - Dark,02 - Non-fatal injury,07 - SMV other,Lowe
12161,RIDEAU ST btwn NELSON ST & FRIEL ST,368738.2496,5032550.991,-75.68287,45.42997,2017-09-14,2:45:00 PM,01 - Clear,01 - Dry,10 - No control,04 - At/near private drive,01 - Daylight,02 - Non-fatal injury,07 - SMV other,Lower Town
12162,RIDEAU ST btwn NELSON ST & FRIEL ST,368665.1823,5032506.288,-75.68381,45.42957,2017-01-09,2:29:00 PM,01 - Clear,01 - Dry,10 - No control,01 - Non intersection,01 - Daylight,03 - P.D. only,06 - SMV unattended vehicle,Lowe
12163,RIDEAU ST btwn SUSSEX DR & 88 W OF WILLIAM ST/FREIMAN MALL,367948.5215,5032061.408,-75.69302,45.42564,2017-01-03,5:33:00 PM,03 - Snow,04 - Slush,10 - No control,01 - Non intersection,05 - Dusk,03 - P.D. only,01 - Approaching,Byward Market - Parliament Hill
12164,RIDEAU ST btwn WALLER ST & CUMBERLAND ST,368310.0301,5032291.176,-75.68837,45.42767,2017-10-06,3:50:00 PM,01 - Clear,01 - Dry,10 - No control,04 - At/near private drive,01 - Daylight,03 - P.D. only,02 - Angle,Byward Market - Parliament Hill
12165,RIDEAU ST btwn WELLINGTON ST & MACKENZIE AVE,367817.0449,5031975.402,-75.69471,45.42487,2017-05-20,1:05:00 PM,01 - Clear,01 - Dry,10 - No control,01 - Non intersection,01 - Daylight,03 - P.D. only,04 - Sideswipe,Byward Market - Parliament Hill
12166,RIDEAU ST btwn WELLINGTON ST & MACKENZIE AVE,367835.1882,5031986.63,-75.69448,45.42497,2017-02-10,4:15:00 PM,01 - Clear,01 - Dry,10 - No control,01 - Non intersection,01 - Daylight,03 - P.D. only,03 - Rear end,Byward Market - Parliament Hill
12167,RIDEAU ST btwn WILLIAM ST & NICHOLAS ST,368136.8682,5032180.09,-75.6906,45.42669,2017-07-11,9:29:00 PM,01 - Clear,01 - Dry,10 - No control,04 - At/near private drive,07 - Dark,02 - Non-fatal injury,07 - SMV other,Byward Market - Parliament Hill
12168,RIDEAU ST btwn WURTEMBURG ST & RIDEAU PL,369438.4552,5032967.785,-75.67386,45.43366,2017-10-02,2:07:00 PM,01 - Clear,01 - Dry,10 - No control,07 - Overpass or bridge,01 - Daylight,03 - P.D. only,07 - SMV other,Lower Town
12169,RIDEAU ST btwn WURTEMBURG ST & RIDEAU PL,369444.9653,5032969.868,-75.67378,45.43367,2017-12-28,11:20:00 PM,03 - Snow,06 - Ice,10 - No control,01 - Non intersection,07 - Dark,02 - Non-fatal injury,01 - Approaching,Lower Town
12170,RIDEAU VALLEY DR    N btwn KELLY MARIE DR & BOUCHER CRES,370635.8812,5008143.46,-75.66186,45.21018,2017-09-02,9:30:00 PM,01 - Clear,01 - Dry,10 - No control,01 - Non intersection,07 - Dark,03 - P.D. only,07 - SMV other,Manotick
12171,RIDEAU VALLEY DR btwn BARNSDALE RD & BANKFIELD RD,368019.0612,5010532.609,-75.69487,45.23192,2017-01-03,7:01:00 PM,04 - Freezing Rain,06 - Ice,10 - No control,01 - Non intersection,07 - Dark,03 - P.D. only,01 - Approaching,New Barrhaven
12172,RIDEAU VALLEY DR E @ ROGER STEVENS DR E,372213.1004,5002827.039,-75.6425,45.16219,2017-12-18,6:24:00 PM,03 - Snow,03 - Loose snow,02 - Stop sign,02 - Intersection related,07 - Dark,03 - P.D. only,03 - Rear end,Manotick
12173,RIDGE RD btwn ANDERSON RD & END,379461.5723,5028530.231,-75.54645,45.39273,2017-11-13,10:21:00 PM,01 - Clear,01 - Dry,10 - No control,01 - Non intersection,07 - Dark,02 - Non-fatal injury,03 - Rear end,Greenbelt
12174,RIDGEBROOK DR btwn ERIC CRES & ERIC CRES,374716.7056,5031965.199,-75.60655,45.42413,2017-01-31,1:11:00 PM,01 - Clear,03 - Loose snow,10 - No control,01 - Non intersection,01 - Daylight,03 - P.D. only,06 - SMV unattended vehicle,Pineview
12175,RIDGEWOOD AVE @ RIVERSIDE DR,368281.708,5025611.539,-75.68959,45.36757,2017-06-27,7:31:00 PM,01 - Clear,01 - Dry,01 - Traffic signal,02 - Intersection related,01 - Daylight,03 - P.D. only,03 - Rear end,Riverside Park
12176,RIDGEWOOD AVE @ RIVERSIDE DR,368281.3135,5025609.228,-75.6896,45.36755,2017-07-15,2:55:00 PM,01 - Clear,01 - Dry,01 - Traffic signal,02 - Intersection related,01 - Daylight,03 - P.D. only,03 - Rear end,Riverside Park
12177,RIDGEWOOD AVE @ RIVERSIDE DR,368281.0392,5025608.195,-75.6896,45.36754,2017-02-16,2:52:00 PM,01 - Clear,03 - Loose snow,01 - Traffic signal,02 - Intersection related,01 - Daylight,03 - P.D. only,03 - Rear end,Riverside Park
12178,RIOCAN AVE @ STRANDHERD DR,364173.881,5014945.242,-75.74331,45.27196,2017-05-06,2:25:00 PM,02 - Rain,02 - Wet,01 - Traffic signal,02 - Intersection related,01 - Daylight,02 - Non-fatal injury,03 - Rear end,New Barrhaven
12179,RIOCAN AVE @ STRANDHERD DR,364172.5433,5014944.573,-75.74333,45.27195,2017-05-08,4:27:00 PM,03 - Snow,02 - Wet,01 - Traffic signal,02 - Intersection related,01 - Daylight,03 - P.D. only,03 - Rear end,New Barrhaven
12180,RIOCAN AVE @ STRANDHERD DR,364171.8744,5014945.242,-75.74333,45.27196,2017-06-03,5:00:00 PM,01 - Clear,01 - Dry,01 - Traffic signal,02 - Intersection related,01 - Daylight,03 - P.D. only,03 - Rear end,New Barrhaven
12181,RIOCAN AVE @ STRANDHERD DR,364172.2088,5014944.892,-75.74333,45.27195,2017-08-01,9:00:00 AM,01 - Clear,01 - Dry,01 - Traffic signal,03 - At intersection,01 - Daylight,03 - P.D. only,02 - Angle,New Barrhaven
12182,RIOCAN AVE @ STRANDHERD DR,364171.8744,5014945.242,-75.74333,45.27196,2017-10-29,8:30:00 PM,02 - Rain,02 - Wet,01 - Traffic signal,03 - At intersection,07 - Dark,03 - P.D. only,05 - Turning movement,New Barrhaven
12183,RIOCAN AVE @ STRANDHERD DR,364173.2121,5014943.904,-75.74332,45.27195,2017-11-23,5:22:00 PM,03 - Snow,03 - Loose snow,01 - Traffic signal,03 - At intersection,07 - Dark,03 - P.D. only,05 - Turning movement,New Barrhaven
12184,RIOCAN AVE @ STRANDHERD DR,364172.5433,5014945.242,-75.74333,45.27196,2017-11-06,1:30:00 PM,01 - Clear,01 - Dry,01 - Traffic signal,03 - At intersection,01 - Daylight,03 - P.D. only,05 - Turning movement,New Barrhaven
12185,RIOCAN AVE @ STRANDHERD DR,364173.2121,5014945.242,-75.74332,45.27196,2017-11-06,7:43:00 PM,01 - Clear,01 - Dry,01 - Traffic signal,03 - At intersection,07 - Dark,02 - Non-fatal injury,05 - Turning movement,New Barrhaven
12186,RIOCAN AVE @ STRANDHERD DR,364172.6822,5014945.283,-75.74332,45.27196,2017-11-06,9:14:00 PM,01 - Clear,01 - Dry,01 - Traffic signal,02 - Intersection related,07 - Dark,03 - P.D. only,03 - Rear end,New Barrhaven
12187,RIOCAN AVE @ STRANDHERD DR,364173.2121,5014945.91,-75.74332,45.27196,2017-02-19,2:20:00 PM,01 - Clear,01 - Dry,01 - Traffic signal,02 - Intersection related,01 - Daylight,03 - P.D. only,03 - Rear end,New Barrhaven
12188,RIOCAN AVE @ STRANDHERD DR,364173.2121,5014944.573,-75.74332,45.27195,2017-04-06,5:28:00 PM,02 - Rain,02 - Wet,01 - Traffic signal,02 - Intersection related,01 - Daylight,03 - P.D. only,03 - Rear end,New Barrhaven
12189,RIOCAN AVE @ STRANDHERD DR,364173.2121,5014944.573,-75.74332,45.27195,2017-03-12,1:14:00 PM,01 - Clear,01 - Dry,01 - Traffic signal,02 - Intersection related,01 - Daylight,03 - P.D. only,04 - Sideswipe,New Barrhaven
12190,RIOCAN AVE btwn MARKETPLACE AVE & END,364332.0042,5014677.058,-75.74133,45.26953,2017-11-26,11:28:00 AM,01 - Clear,01 - Dry,10 - No control,04 - At/near private drive,01 - Daylight,03 - P.D. only,02 - Angle,New Barrhaven
12191,RIOCAN AVE btwn MARKETPLACE AVE & END,364375.4789,5014606.324,-75.74078,45.26889,2017-03-01,1:27:00 PM,01 - Clear,01 - Dry,10 - No control,04 - At/near private drive,01 - Daylight,03 - P.D. only,01 - Approaching,New Barrhaven
12192,RIOCAN AVE btwn STRANDHERD DR & MARKETPLACE AVE,364244.8802,5014831.205,-75.74242,45.27093,2017-09-21,2:36:00 PM,01 - Clear,01 - Dry,10 - No control,01 - Non intersection,01 - Daylight,03 - P.D. only,03 - Rear end,New Barrhaven
12193,RITA AVE @ MERIVALE RD,364614.6698,5024295.996,-75.73656,45.35606,2017-11-20,12:50:00 PM,01 - Clear,02 - Wet,02 - Stop sign,02 - Intersection related,01 - Daylight,03 - P.D. only,03 - Rear end,Cityview - Skyline - Fisher Heights
12194,RIVER MIST RD btwn BRAMBLING WAY & RIVER ROCK AVE,364432.214,5012488.316,-75.74031,45.24983,2017-07-14,7:51:00 PM,01 - Clear,02 - Wet,10 - No control,01 - Non intersection,01 - Daylight,03 - P.D. only,06 - SMV unattended vehicle,New Barrhaven
12195,RIVER MIST RD btwn DAMSELFLY WAY & DES SOLDATS-RIENDEAU ST,364911.71,5011575.095,-75.73431,45.24157,2017-12-20,8:41:00 PM,03 - Snow,04 - Slush,10 - No control,04 - At/near private drive,07 - Dark,03 - P.D. only,02 - Angle,New Barrhaven
12196,RIVER RD @ RIDEAU RD,368048.2934,5012366.457,-75.69426,45.24842,2017-09-18,7:00:00 PM,01 - Clear,01 - Dry,02 - Stop sign,02 - Intersection related,05 - Dusk,02 - Non-fatal injury,05 - Turning movement,Manotick
12197,RIVER RD @ RIVERSEDGE CRES,368003.709,5015872.075,-75.69439,45.27996,2017-11-26,6:41:00 PM,05 - Drifting Snow,03 - Loose snow,02 - Stop sign,02 - Intersection related,07 - Dark,03 - P.D. only,07 - SMV other,Gloucester
12198,RIVER RD @ ROYAL PALM CRES S,370334.3667,5009452.187,-75.66553,45.22198,2017-11-09,3:00:00 PM,01 - Clear,01 - Dry,10 - No control,02 - Intersection related,01 - Daylight,03 - P.D. only,05 - Turning movement,Manotick
12199,RIVER RD @ RYEBURN DR,368049.7023,5016306.627,-75.69374,45.28387,2017-12-13,10:02:00 AM,03 - Snow,06 - Ice,02 - Stop sign,02 - Intersection related,01 - Daylight,03 - P.D. only,01 - Approaching,Gloucester
12200,RIVER RD @ SOUTH GOWER BOUNDARY RD,374599.5675,4996515.729,-75.61303,45.10517,2017-11-27,6:57:00 AM,01 - Clear,01 - Dry,02 - Stop sign,03 - At intersection,03 - Dawn,03 - P.D. only,02 - Angle,Osgoode
12201,RIVER RD @ TEWSLEY,367969.1411,5015644.813,-75.69486,45.27792,2017-10-31,8:46:00 AM,01 - Clear,01 - Dry,01 - Traffic signal,02 - Intersection related,01 - Daylight,02 - Non-fatal injury,03 - Rear end,Gloucester
12202,RIVER RD @ TEWSLEY,367968.5947,5015645.952,-75.69486,45.27793,2017-02-02,9:15:00 AM,01 - Clear,01 - Dry,01 - Traffic signal,02 - Intersection related,01 - Daylight,03 - P.D. only,03 - Rear end,Gloucester
12203,RIVER RD btwn 175 N OF EARL ARMSTRONG/LOBLAWS SC & 700 N OF EARL ARMST,367652.5614,5014870.804,-75.69899,45.27099,2017-08-24,5:47:00 PM,01 - Clear,01 - Dry,10 - No control,01 - Non intersection,01 - Daylight,02 - Non-fatal injury,03 - Rear end,Gloucester
12204,RIVER RD btwn CABIN RD & LORNE BRIDGE RD,372886.6981,5001645.865,-75.6341,45.1515,2017-07-24,10:14:00 PM,02 - Rain,02 - Wet,10 - No control,04 - At/near private drive,07 - Dark,02 - Non-fatal injury,05 - Turning movement,Kars - Osgoode
12205,RIVER RD btwn CABIN RD & OSGOODE MAIN ST,372994.5501,4999977.317,-75.63295,45.13648,2017-11-06,7:29:00 AM,01 - Clear,01 - Dry,10 - No control,01 - Non intersection,01 - Daylight,03 - P.D. only,07 - SMV other,Kars - Osgoode
12206,RIVER RD btwn EARL ARMSTRONG RD & 175 N OF EARL ARMSTRONG/LOBLAWS SC,367611.6888,5014778.617,-75.69952,45.27016,2017-11-08,5:59:00 PM,01 - Clear,01 - Dry,10 - No control,01 - Non intersection,07 - Dark,03 - P.D. only,03 - Rear end,Gloucester
12207,RIVER RD btwn EARL ARMSTRONG RD & NICOLLS ISLAND RD,367570.23,5014676.837,-75.70006,45.26925,2017-12-29,11:58:00 PM,01 - Clear,06 - Ice,10 - No control,01 - Non intersection,07 - Dark,03 - P.D. only,07 - SMV other,Gloucester
12208,RIVER RD btwn EDGEWATER DR & WOODEDEN DR,373373.7513,5005189.647,-75.62742,45.18334,2017-05-17,3:21:00 PM,01 - Clear,01 - Dry,10 - No control,01 - Non intersection,01 - Daylight,02 - Non-fatal injury,01 - Approaching,Manotick
12209,RIVER RD btwn HONEY GABLES DR & RYEBURN DR,368031.4251,5016182.25,-75.69399,45.28275,2017-11-29,4:51:00 PM,01 - Clear,01 - Dry,10 - No control,01 - Non intersection,05 - Dusk,03 - P.D. only,03 - Rear end,Gloucester
12210,RIVER RD btwn JARVIS DR & LEWER ST,368245.3678,5020288.198,-75.69074,45.31968,2017-05-08,4:35:00 PM,01 - Clear,01 - Dry,10 - No control,01 - Non intersection,01 - Daylight,03 - P.D. only,01 - Approaching,Greenbelt
12211,RIVER RD btwn KILBY LANE & WATERFRONT CRT,371876.5798,5007913.686,-75.6461,45.208,2017-03-14,4:45:00 PM,05 - Drifting Snow,03 - Loose snow,10 - No control,01 - Non intersection,01 - Daylight,03 - P.D. only,07 - SMV other,Manotick
12212,RIVER RD btwn LOWEN DR & BALMORAL DR,367924.0438,5017676.635,-75.69517,45.29621,2017-12-12,9:07:00 PM,03 - Snow,03 - Loose snow,10 - No control,01 - Non intersection,07 - Dark,03 - P.D. only,07 - SMV other,Nepean
12213,RIVER RD btwn LOWEN DR & MULLIGAN ST,367931.3077,5017567.202,-75.69509,45.29522,2017-01-18,10:30:00 AM,02 - Rain,04 - Slush,10 - No control,04 - At/near private drive,01 - Daylight,03 - P.D. only,07 - SMV other,Gloucester
12214,RIVER RD btwn MULLIGAN ST & LEITRIM RD,368011.7884,5017257.215,-75.69411,45.29243,2017-08-04,9:02:00 AM,01 - Clear,01 - Dry,10 - No control,01 - Non intersection,01 - Daylight,03 - P.D. only,03 - Rear end,Gloucester
12215,RIVER RD btwn NICOLLS ISLAND RD & RIDEAU RD,368017.6816,5012404.233,-75.69465,45.24876,2017-05-21,3:19:00 AM,01 - Clear,01 - Dry,10 - No control,01 - Non intersection,07 - Dark,03 - P.D. only,07 - SMV other,Greenbelt
12216,RIVER RD btwn OLD MILL WAY & BRIDGE ST,369466.147,5010786.589,-75.67641,45.23407,2017-02-15,5:19:00 PM,03 - Snow,03 - Loose snow,10 - No control,04 - At/near private drive,07 - Dark,03 - P.D. only,02 - Angle,Manotick
12217,RIVER RD btwn OLD MILL WAY & BRIDGE ST,369426.3779,5010806.719,-75.67691,45.23426,2017-02-22,3:34:00 PM,01 - Clear,01 - Dry,10 - No control,04 - At/near private drive,01 - Daylight,03 - P.D. only,02 - Angle,Manotick
12218,RIVER RD btwn OSGOODE MAIN ST & DALMENY RD,373150.5865,4999212.198,-75.63107,45.12958,2017-08-22,6:16:00 AM,01 - Clear,01 - Dry,10 - No control,01 - Non intersection,03 - Dawn,02 - Non-fatal injury,01 - Approaching,Kars - Osgoode
12219,RIVER RD btwn OSGOODE MAIN ST & DALMENY RD,373221.0363,4999145.508,-75.63019,45.12897,2017-06-27,8:03:00 PM,02 - Rain,02 - Wet,10 - No control,01 - Non intersection,01 - Daylight,03 - P.D. only,07 - SMV other,Kars - Osgoode
12220,RIVER RD btwn OSGOODE MAIN ST & DALMENY RD,374083.0679,4998066.218,-75.61938,45.11918,2017-02-14,3:15:00 PM,01 - Clear,01 - Dry,10 - No control,01 - Non intersection,01 - Daylight,03 - P.D. only,07 - SMV other,Kars - Osgoode
12221,RIVER RD btwn OSGOODE MAIN ST & DALMENY RD,373040.7629,4999545.443,-75.63242,45.13259,2017-02-01,11:07:00 AM,05 - Drifting Snow,03 - Loose snow,10 - No control,01 - Non intersection,01 - Daylight,02 - Non-fatal injury,07 - SMV other,Kars - Osgoode
12222,RIVER RD btwn OSGOODE MAIN ST & DALMENY RD,373923.8803,4998531.334,-75.62134,45.12338,2017-02-16,2:26:00 PM,01 - Clear,02 - Wet,10 - No control,01 - Non intersection,01 - Daylight,03 - P.D. only,07 - SMV other,Kars - Osgoode
12223,RIVER RD btwn RIDEAU FOREST DR & KILBY LANE,370772.0143,5008845.253,-75.66004,45.21648,2017-01-21,6:14:00 AM,"07 - Fog, mist, smoke, dust",06 - Ice,10 - No control,01 - Non intersection,07 - Dark,02 - Non-fatal injury,07 - SMV other,Manotick
12224,RIVER RD btwn ROGER STEVENS DR & DOYLE RD,373374.298,5003058.395,-75.6277,45.16416,2017-06-06,9:45:00 AM,02 - Rain,02 - Wet,10 - No control,01 - Non intersection,01 - Daylight,03 - P.D. only,07 - SMV other,Kars - Osgoode
12225,RIVER RD btwn ROGER STEVENS DR & DOYLE RD,373413.9262,5003125.879,-75.62719,45.16477,2017-12-22,11:39:00 PM,01 - Clear,03 - Loose snow,10 - No control,04 - At/near private drive,07 - Dark,03 - P.D. only,06 - SMV unattended vehicle,Manotick
12226,RIVERBANK CRT btwn WINTERGREEN DR & END,350029.6672,5013682.804,-75.92367,45.26165,2017-05-01,12:00:00 AM,01 - Clear,02 - Wet,10 - No control,01 - Non intersection,00 - Unknown,03 - P.D. only,06 - SMV unattended vehicle,Stittsville
12227,RIVERDALE AVE @ BELMONT AVE S,369080.163,5028562.511,-75.67902,45.39405,2017-09-23,3:30:00 PM,01 - Clear,01 - Dry,02 - Stop sign,03 - At intersection,01 - Daylight,03 - P.D. only,03 - Rear end,Old Ottawa South
12228,RIVERDALE AVE @ SUNNYSIDE AVE,369074.4612,5028787.776,-75.67906,45.39608,2017-12-18,1:48:00 PM,01 - Clear,04 - Slush,01 - Traffic signal,02 - Intersection related,01 - Daylight,03 - P.D. only,03 - Rear end,Old Ottawa South
12229,RIVERDALE AVE btwn ECHO DR & GLENVIEW AVE,369173.458,5029172.132,-75.67775,45.39953,2017-06-24,4:26:00 PM,01 - Clear,01 - Dry,10 - No control,04 - At/near private drive,01 - Daylight,03 - P.D. only,05 - Turning movement,Old Ottawa East