Record,Location,X,Y,Longitude,Latitude,Date,Time,Environment,Road_Surface,Traffic_Control,Collision_Location,Light,Collision_Classification,Impact_type,Neighborhood
12230,RIVERGATE WAY @ RIVERSIDE DR,368117.2582,5023240.874,-75.692,45.34626,2017-10-13,5:28:00 PM,01 - Clear,01 - Dry,01 - Traffic signal,02 - Intersection related,01 - Daylight,03 - P.D. only,03 - Rear end,Hunt Club Woods - Quintarra - Revelstoke - Riverside South P
12231,RIVERGATE WAY @ RIVERSIDE DR,368116.7117,5023242.139,-75.692,45.34627,2017-02-09,6:03:00 AM,01 - Clear,01 - Dry,01 - Traffic signal,03 - At intersection,07 - Dark,03 - P.D. only,07 - SMV other,Hunt Club Woods - Quintarra - Revelstoke - Riverside South P
12232,RIVERGATE WAY @ RIVERSIDE DR,368115.9612,5023241.388,-75.69201,45.34626,2017-01-04,3:46:00 PM,03 - Snow,04 - Slush,01 - Traffic signal,03 - At intersection,01 - Daylight,03 - P.D. only,05 - Turning movement,Hunt Club Woods - Quintarra - Revelstoke - Riverside South P
12233,RIVERSHORE CRES btwn Continuation of RIVERSHORE CRES & Continuation of,374747.7038,5036264.26,-75.60555,45.4628,2017-10-11,10:17:00 AM,01 - Clear,01 - Dry,10 - No control,04 - At/near private drive,01 - Daylight,02 - Non-fatal injury,07 - SMV other,Beacon Hill North
12234,RIVERSIDE DR @ 175 S OF HUNT CLUB  RD/RUNWAY C,368028.3139,5021766.903,-75.69332,45.333,2017-08-17,6:37:00 PM,01 - Clear,01 - Dry,01 - Traffic signal,02 - Intersection related,01 - Daylight,03 - P.D. only,02 - Angle,Hunt Club Woods - Quintarra - Revelstoke - Riverside South P
12235,RIVERSIDE DR @ 175 S OF HUNT CLUB  RD/RUNWAY C,368027.9867,5021765.265,-75.69332,45.33299,2017-01-06,4:03:00 PM,01 - Clear,02 - Wet,01 - Traffic signal,02 - Intersection related,01 - Daylight,03 - P.D. only,02 - Angle,Hunt Club Woods - Quintarra - Revelstoke - Riverside South P
12236,RIVERSIDE DR @ 175 S OF HUNT CLUB  RD/RUNWAY C,368028.1656,5021766.3,-75.69332,45.333,2017-02-06,7:42:00 AM,01 - Clear,01 - Dry,01 - Traffic signal,02 - Intersection related,01 - Daylight,03 - P.D. only,03 - Rear end,Hunt Club Woods - Quintarra - Revelstoke - Riverside South P
12237,RIVERSIDE DR @ 175 S OF HUNT CLUB  RD/RUNWAY C,368026.9715,5021766.3,-75.69334,45.333,2017-04-04,9:36:00 PM,02 - Rain,02 - Wet,01 - Traffic signal,03 - At intersection,07 - Dark,02 - Non-fatal injury,02 - Angle,Hunt Club Woods - Quintarra - Revelstoke - Riverside South P
12238,RIVERSIDE DR @ BROOKFIELD RD/HOG'S BACK RD,368168.3125,5026223.424,-75.69096,45.37309,2017-06-23,9:50:00 AM,02 - Rain,02 - Wet,01 - Traffic signal,02 - Intersection related,01 - Daylight,03 - P.D. only,03 - Rear end,Riverside Park
12239,RIVERSIDE DR @ BROOKFIELD RD/HOG'S BACK RD,368169.3832,5026223.19,-75.69095,45.37309,2017-06-13,12:16:00 PM,01 - Clear,01 - Dry,01 - Traffic signal,02 - Intersection related,01 - Daylight,03 - P.D. only,03 - Rear end,Riverside Park
12240,RIVERSIDE DR @ BROOKFIELD RD/HOG'S BACK RD,368168.2687,5026222.71,-75.69096,45.37308,2017-07-14,12:31:00 PM,01 - Clear,01 - Dry,01 - Traffic signal,02 - Intersection related,01 - Daylight,03 - P.D. only,99 - Other,Riverside Park
12241,RIVERSIDE DR @ BROOKFIELD RD/HOG'S BACK RD,368168.352,5026221.88,-75.69096,45.37307,2017-08-14,9:20:00 AM,01 - Clear,01 - Dry,01 - Traffic signal,03 - At intersection,01 - Daylight,03 - P.D. only,02 - Angle,Riverside Park
12242,RIVERSIDE DR @ BROOKFIELD RD/HOG'S BACK RD,368166.7643,5026223.232,-75.69098,45.37309,2017-07-13,8:55:00 AM,01 - Clear,01 - Dry,01 - Traffic signal,02 - Intersection related,01 - Daylight,03 - P.D. only,05 - Turning movement,Riverside Park
12243,RIVERSIDE DR @ BROOKFIELD RD/HOG'S BACK RD,368166.2909,5026222.758,-75.69099,45.37308,2017-09-27,2:34:00 PM,02 - Rain,02 - Wet,01 - Traffic signal,02 - Intersection related,01 - Daylight,03 - P.D. only,03 - Rear end,Riverside Park
12244,RIVERSIDE DR @ BROOKFIELD RD/HOG'S BACK RD,368167.711,5026221.404,-75.69097,45.37307,2017-09-18,8:21:00 PM,01 - Clear,01 - Dry,01 - Traffic signal,02 - Intersection related,07 - Dark,02 - Non-fatal injury,03 - Rear end,Riverside Park
12245,RIVERSIDE DR @ BROOKFIELD RD/HOG'S BACK RD,368168.0884,5026222.455,-75.69097,45.37308,2017-10-25,8:45:00 AM,01 - Clear,01 - Dry,01 - Traffic signal,02 - Intersection related,01 - Daylight,03 - P.D. only,03 - Rear end,Riverside Park
12246,RIVERSIDE DR @ BROOKFIELD RD/HOG'S BACK RD,368166.6181,5026220.882,-75.69098,45.37307,2017-09-23,8:00:00 PM,01 - Clear,01 - Dry,01 - Traffic signal,02 - Intersection related,07 - Dark,03 - P.D. only,04 - Sideswipe,Riverside Park
12247,RIVERSIDE DR @ BROOKFIELD RD/HOG'S BACK RD,368165.9943,5026220.805,-75.69099,45.37306,2017-01-16,9:00:00 AM,01 - Clear,01 - Dry,01 - Traffic signal,02 - Intersection related,01 - Daylight,03 - P.D. only,03 - Rear end,Riverside Park
12248,RIVERSIDE DR @ BROOKFIELD RD/HOG'S BACK RD,368169.7892,5026223.834,-75.69094,45.37309,2017-02-09,9:52:00 AM,01 - Clear,01 - Dry,01 - Traffic signal,02 - Intersection related,01 - Daylight,03 - P.D. only,03 - Rear end,Riverside Park
12249,RIVERSIDE DR @ BROOKFIELD RD/HOG'S BACK RD,368169.9624,5026222.897,-75.69094,45.37308,2017-02-08,1:19:00 PM,04 - Freezing Rain,06 - Ice,01 - Traffic signal,02 - Intersection related,01 - Daylight,03 - P.D. only,03 - Rear end,Riverside Park
12250,RIVERSIDE DR @ BROOKFIELD RD/HOG'S BACK RD,368168.4615,5026223.647,-75.69096,45.37309,2017-02-12,8:50:00 PM,03 - Snow,05 - Packed snow,01 - Traffic signal,02 - Intersection related,07 - Dark,03 - P.D. only,03 - Rear end,Riverside Park
12251,RIVERSIDE DR @ BROOKFIELD RD/HOG'S BACK RD,368168.9488,5026223.16,-75.69095,45.37309,2017-03-14,5:23:00 PM,03 - Snow,03 - Loose snow,01 - Traffic signal,02 - Intersection related,01 - Daylight,03 - P.D. only,03 - Rear end,Riverside Park
12252,RIVERSIDE DR @ BROOKFIELD RD/HOG'S BACK RD,368168.7143,5026221.184,-75.69096,45.37307,2017-03-08,7:01:00 PM,01 - Clear,01 - Dry,01 - Traffic signal,02 - Intersection related,07 - Dark,03 - P.D. only,03 - Rear end,Riverside Park
12253,RIVERSIDE DR @ BROOKFIELD RD/HOG'S BACK RD,368169.2395,5026224.56,-75.69095,45.3731,2017-04-10,5:00:00 PM,01 - Clear,01 - Dry,01 - Traffic signal,02 - Intersection related,01 - Daylight,02 - Non-fatal injury,03 - Rear end,Riverside Park
12254,RIVERSIDE DR @ BROOKFIELD RD/HOG'S BACK RD,368167.3766,5026221.184,-75.69098,45.37307,2017-12-16,3:32:00 PM,01 - Clear,01 - Dry,01 - Traffic signal,02 - Intersection related,01 - Daylight,03 - P.D. only,04 - Sideswipe,Riverside Park
12255,RIVERSIDE DR @ HERON RD,368120.7711,5026647.876,-75.69152,45.37691,2017-04-25,2:17:00 PM,01 - Clear,01 - Dry,01 - Traffic signal,02 - Intersection related,01 - Daylight,03 - P.D. only,04 - Sideswipe,Riverside Park
12256,RIVERSIDE DR @ HERON RD,368120.7705,5026647.221,-75.69152,45.37691,2017-06-08,4:58:00 PM,01 - Clear,01 - Dry,01 - Traffic signal,02 - Intersection related,01 - Daylight,03 - P.D. only,03 - Rear end,Riverside Park
12257,RIVERSIDE DR @ HERON RD,368121.4394,5026649.228,-75.69151,45.37692,2017-06-08,6:00:00 PM,01 - Clear,01 - Dry,01 - Traffic signal,03 - At intersection,01 - Daylight,03 - P.D. only,03 - Rear end,Riverside Park
12258,RIVERSIDE DR @ HERON RD,368120.1016,5026647.221,-75.69152,45.37691,2017-07-06,8:30:00 AM,01 - Clear,01 - Dry,01 - Traffic signal,02 - Intersection related,01 - Daylight,02 - Non-fatal injury,03 - Rear end,Riverside Park
12259,RIVERSIDE DR @ HERON RD,368120.8829,5026647.443,-75.69151,45.37691,2017-08-25,4:52:00 PM,01 - Clear,01 - Dry,01 - Traffic signal,02 - Intersection related,01 - Daylight,03 - P.D. only,03 - Rear end,Riverside Park
12260,RIVERSIDE DR @ HERON RD,368120.5585,5026647.768,-75.69152,45.37691,2017-10-06,12:07:00 PM,01 - Clear,01 - Dry,01 - Traffic signal,02 - Intersection related,01 - Daylight,03 - P.D. only,03 - Rear end,Riverside Park
12261,RIVERSIDE DR @ HERON RD,368121.1049,5026646.984,-75.69151,45.3769,2017-11-06,11:25:00 AM,01 - Clear,01 - Dry,01 - Traffic signal,02 - Intersection related,01 - Daylight,03 - P.D. only,03 - Rear end,Riverside Park
12262,RIVERSIDE DR @ HERON RD,368121.0551,5026647.365,-75.69151,45.37691,2017-11-03,7:13:00 PM,01 - Clear,01 - Dry,01 - Traffic signal,02 - Intersection related,07 - Dark,03 - P.D. only,03 - Rear end,Riverside Park
12263,RIVERSIDE DR @ HERON RD,368121.8384,5026645.718,-75.6915,45.37689,2017-04-07,1:48:00 PM,01 - Clear,02 - Wet,01 - Traffic signal,03 - At intersection,01 - Daylight,02 - Non-fatal injury,05 - Turning movement,Riverside Park
12264,RIVERSIDE DR @ HERON RD,368121.8554,5026646.846,-75.6915,45.3769,2017-03-24,8:07:00 AM,03 - Snow,03 - Loose snow,01 - Traffic signal,02 - Intersection related,01 - Daylight,03 - P.D. only,03 - Rear end,Riverside Park
12265,RIVERSIDE DR @ HERON RD,368119.4327,5026647.221,-75.69153,45.37691,2017-02-24,8:13:00 PM,01 - Clear,02 - Wet,01 - Traffic signal,03 - At intersection,07 - Dark,03 - P.D. only,05 - Turning movement,Riverside Park
12266,RIVERSIDE DR @ PLEASANT PARK RD,369560.1668,5028414.301,-75.67291,45.39267,2017-11-02,3:21:00 PM,02 - Rain,02 - Wet,01 - Traffic signal,02 - Intersection related,01 - Daylight,02 - Non-fatal injury,07 - SMV other,Alta Vista
12267,RIVERSIDE DR @ PLEASANT PARK RD,369561.6842,5028415.389,-75.67289,45.39268,2017-12-11,5:08:00 PM,03 - Snow,03 - Loose snow,01 - Traffic signal,02 - Intersection related,07 - Dark,03 - P.D. only,03 - Rear end,Alta Vista
12268,RIVERSIDE DR @ QUESNEL DR,368062.1119,5024098.669,-75.69259,45.35398,2017-12-22,1:26:00 PM,03 - Snow,03 - Loose snow,02 - Stop sign,02 - Intersection related,01 - Daylight,03 - P.D. only,07 - SMV other,Hunt Club Woods - Quintarra - Revelstoke - Riverside South P
12269,RIVERSIDE DR @ SAN REMO PRIV,370385.8638,5030402.16,-75.6621,45.41048,2017-07-28,12:04:00 PM,01 - Clear,01 - Dry,01 - Traffic signal,03 - At intersection,01 - Daylight,02 - Non-fatal injury,04 - Sideswipe,Industrial Park
12270,RIVERSIDE DR @ SAN REMO PRIV,370386.2742,5030402.195,-75.66209,45.41048,2017-09-05,3:57:00 PM,01 - Clear,01 - Dry,01 - Traffic signal,03 - At intersection,01 - Daylight,02 - Non-fatal injury,05 - Turning movement,Industrial Park
12271,RIVERSIDE DR @ SAN REMO PRIV,370385.8638,5030402.209,-75.6621,45.41048,2017-03-24,9:15:00 PM,03 - Snow,03 - Loose snow,01 - Traffic signal,03 - At intersection,07 - Dark,03 - P.D. only,07 - SMV other,Industrial Park
12272,RIVERSIDE DR @ SAN REMO PRIV,370385.9206,5030402.181,-75.6621,45.41048,2017-12-23,6:31:00 PM,03 - Snow,03 - Loose snow,01 - Traffic signal,02 - Intersection related,07 - Dark,03 - P.D. only,03 - Rear end,Industrial Park
12273,RIVERSIDE DR @ SMYTH RD NORTH SIDE RAMP,369937.9005,5029316.076,-75.66796,45.40075,2017-05-23,2:02:00 PM,01 - Clear,01 - Dry,01 - Traffic signal,02 - Intersection related,01 - Daylight,02 - Non-fatal injury,03 - Rear end,Industrial Park
12274,RIVERSIDE DR @ SMYTH RD NORTH SIDE RAMP,369937.5453,5029316.392,-75.66797,45.40076,2017-08-02,9:21:00 PM,01 - Clear,01 - Dry,01 - Traffic signal,02 - Intersection related,07 - Dark,03 - P.D. only,04 - Sideswipe,Industrial Park
12275,RIVERSIDE DR @ SMYTH RD NORTH SIDE RAMP,369939.2382,5029316.745,-75.66795,45.40076,2017-03-24,7:53:00 AM,03 - Snow,04 - Slush,01 - Traffic signal,03 - At intersection,01 - Daylight,03 - P.D. only,05 - Turning movement,Industrial Park
12276,RIVERSIDE DR @ SMYTH RD NORTH SIDE RAMP,369938.5693,5029318.083,-75.66796,45.40077,2017-03-06,8:52:00 AM,01 - Clear,02 - Wet,01 - Traffic signal,02 - Intersection related,01 - Daylight,03 - P.D. only,04 - Sideswipe,Industrial Park
12277,RIVERSIDE DR @ SMYTH RD NORTH SIDE RAMP,369937.4808,5029315.98,-75.66797,45.40075,2017-12-24,2:00:00 PM,01 - Clear,01 - Dry,01 - Traffic signal,02 - Intersection related,01 - Daylight,03 - P.D. only,04 - Sideswipe,Industrial Park
12278,RIVERSIDE DR @ SMYTH RD SOUTH SIDE RAMP,369787.4416,5028997.976,-75.66993,45.3979,2017-05-17,11:01:00 AM,01 - Clear,01 - Dry,01 - Traffic signal,02 - Intersection related,01 - Daylight,03 - P.D. only,03 - Rear end,Alta Vista
12279,RIVERSIDE DR @ SMYTH RD SOUTH SIDE RAMP,369788.1105,5028997.976,-75.66992,45.3979,2017-05-30,2:01:00 PM,01 - Clear,01 - Dry,01 - Traffic signal,03 - At intersection,01 - Daylight,03 - P.D. only,05 - Turning movement,Alta Vista
12280,RIVERSIDE DR @ SMYTH RD SOUTH SIDE RAMP,369789.9734,5028998.995,-75.6699,45.39791,2017-06-28,8:50:00 AM,01 - Clear,01 - Dry,01 - Traffic signal,02 - Intersection related,01 - Daylight,03 - P.D. only,03 - Rear end,Alta Vista
12281,RIVERSIDE DR @ SMYTH RD SOUTH SIDE RAMP,369789.4482,5028997.307,-75.6699,45.3979,2017-08-31,7:51:00 PM,01 - Clear,01 - Dry,01 - Traffic signal,03 - At intersection,05 - Dusk,02 - Non-fatal injury,05 - Turning movement,Alta Vista
12282,RIVERSIDE DR @ SMYTH RD SOUTH SIDE RAMP,369788.2145,5028998.401,-75.66992,45.39791,2017-10-29,12:55:00 AM,02 - Rain,02 - Wet,01 - Traffic signal,03 - At intersection,07 - Dark,03 - P.D. only,02 - Angle,Alta Vista
12283,RIVERSIDE DR @ SMYTH RD SOUTH SIDE RAMP,369788.9321,5028998.712,-75.66991,45.39791,2017-10-05,4:00:00 PM,01 - Clear,01 - Dry,01 - Traffic signal,02 - Intersection related,01 - Daylight,03 - P.D. only,03 - Rear end,Alta Vista
12284,RIVERSIDE DR @ SMYTH RD SOUTH SIDE RAMP,369789.0634,5028998.247,-75.66991,45.39791,2017-11-26,6:49:00 PM,03 - Snow,06 - Ice,01 - Traffic signal,03 - At intersection,07 - Dark,03 - P.D. only,02 - Angle,Alta Vista
12285,RIVERSIDE DR @ SMYTH RD SOUTH SIDE RAMP,369789.0539,5028997.327,-75.66991,45.3979,2017-12-09,9:54:00 PM,03 - Snow,06 - Ice,01 - Traffic signal,02 - Intersection related,07 - Dark,03 - P.D. only,03 - Rear end,Alta Vista
12286,RIVERSIDE DR @ SMYTH RD SOUTH SIDE RAMP,369790.1616,5028999.693,-75.66989,45.39792,2017-01-11,10:28:00 AM,01 - Clear,04 - Slush,01 - Traffic signal,02 - Intersection related,01 - Daylight,03 - P.D. only,03 - Rear end,Alta Vista
12287,RIVERSIDE DR @ SMYTH RD SOUTH SIDE RAMP,369788.1105,5028998.645,-75.66992,45.39791,2017-02-01,6:38:00 AM,03 - Snow,03 - Loose snow,01 - Traffic signal,02 - Intersection related,03 - Dawn,03 - P.D. only,07 - SMV other,Alta Vista
12288,RIVERSIDE DR @ SMYTH RD SOUTH SIDE RAMP,369787.352,5028997.976,-75.66993,45.3979,2017-01-30,1:02:00 PM,01 - Clear,01 - Dry,01 - Traffic signal,02 - Intersection related,01 - Daylight,02 - Non-fatal injury,03 - Rear end,Alta Vista
12289,RIVERSIDE DR @ SMYTH RD SOUTH SIDE RAMP,369787.8985,5028999.069,-75.66992,45.39791,2017-01-31,8:12:00 AM,01 - Clear,01 - Dry,01 - Traffic signal,02 - Intersection related,01 - Daylight,03 - P.D. only,03 - Rear end,Alta Vista
12290,RIVERSIDE DR @ SMYTH RD SOUTH SIDE RAMP,369787.4416,5028999.314,-75.66993,45.39792,2017-03-24,8:40:00 AM,03 - Snow,03 - Loose snow,01 - Traffic signal,03 - At intersection,01 - Daylight,03 - P.D. only,05 - Turning movement,Alta Vista
12291,RIVERSIDE DR @ SMYTH RD SOUTH SIDE RAMP,369789.5368,5028998.72,-75.6699,45.39791,2017-12-28,9:13:00 AM,01 - Clear,01 - Dry,01 - Traffic signal,03 - At intersection,01 - Daylight,02 - Non-fatal injury,03 - Rear end,Alta Vista
12292,RIVERSIDE DR @ SMYTH RD SOUTH SIDE RAMP,369789.0747,5028998.993,-75.66991,45.39791,2017-12-21,11:48:00 AM,01 - Clear,01 - Dry,01 - Traffic signal,03 - At intersection,01 - Daylight,03 - P.D. only,05 - Turning movement,Alta Vista
12293,RIVERSIDE DR @ TREMBLAY RD/HWY417 IC117 RAMP52,370801.6029,5031015.521,-75.65671,45.41596,2017-07-18,2:30:00 PM,01 - Clear,01 - Dry,01 - Traffic signal,02 - Intersection related,01 - Daylight,03 - P.D. only,03 - Rear end,Industrial Park
12294,RIVERSIDE DR @ TREMBLAY RD/HWY417 IC117 RAMP52,370801.6271,5031016.133,-75.65671,45.41597,2017-05-14,12:20:00 PM,01 - Clear,01 - Dry,01 - Traffic signal,02 - Intersection related,01 - Daylight,02 - Non-fatal injury,03 - Rear end,Industrial Park
12295,RIVERSIDE DR @ TREMBLAY RD/HWY417 IC117 RAMP52,370801.7437,5031015.908,-75.6567,45.41597,2017-05-29,2:45:00 PM,02 - Rain,02 - Wet,01 - Traffic signal,02 - Intersection related,01 - Daylight,03 - P.D. only,03 - Rear end,Industrial Park
12296,RIVERSIDE DR @ TREMBLAY RD/HWY417 IC117 RAMP52,370803.0814,5031015.908,-75.65669,45.41597,2017-05-05,12:22:00 PM,02 - Rain,02 - Wet,01 - Traffic signal,03 - At intersection,01 - Daylight,03 - P.D. only,02 - Angle,Industrial Park
12297,RIVERSIDE DR @ TREMBLAY RD/HWY417 IC117 RAMP52,370801.7437,5031015.239,-75.6567,45.41596,2017-06-26,8:09:00 AM,01 - Clear,01 - Dry,01 - Traffic signal,02 - Intersection related,01 - Daylight,03 - P.D. only,03 - Rear end,Industrial Park
12298,RIVERSIDE DR @ TREMBLAY RD/HWY417 IC117 RAMP52,370802.9214,5031015.443,-75.65669,45.41596,2017-06-10,1:40:00 PM,01 - Clear,01 - Dry,01 - Traffic signal,03 - At intersection,01 - Daylight,03 - P.D. only,03 - Rear end,Industrial Park
12299,RIVERSIDE DR @ TREMBLAY RD/HWY417 IC117 RAMP52,370802.744,5031016.13,-75.65669,45.41597,2017-09-01,9:30:00 AM,01 - Clear,01 - Dry,01 - Traffic signal,02 - Intersection related,01 - Daylight,03 - P.D. only,03 - Rear end,Industrial Park
12300,RIVERSIDE DR @ TREMBLAY RD/HWY417 IC117 RAMP52,370802.5096,5031015.692,-75.65669,45.41596,2017-08-18,2:49:00 PM,02 - Rain,02 - Wet,01 - Traffic signal,03 - At intersection,01 - Daylight,03 - P.D. only,03 - Rear end,Industrial Park
12301,RIVERSIDE DR @ TREMBLAY RD/HWY417 IC117 RAMP52,370801.5317,5031014.815,-75.65671,45.41596,2017-09-29,8:32:00 PM,01 - Clear,01 - Dry,01 - Traffic signal,03 - At intersection,07 - Dark,03 - P.D. only,02 - Angle,Industrial Park
12302,RIVERSIDE DR @ TREMBLAY RD/HWY417 IC117 RAMP52,370802.0781,5031015.671,-75.6567,45.41596,2017-09-28,2:40:00 PM,01 - Clear,08 - Loose sand or gravel,01 - Traffic signal,02 - Intersection related,01 - Daylight,03 - P.D. only,03 - Rear end,Industrial Park
12303,RIVERSIDE DR @ TREMBLAY RD/HWY417 IC117 RAMP52,370801.6047,5031015.671,-75.65671,45.41596,2017-10-25,12:58:00 PM,01 - Clear,01 - Dry,01 - Traffic signal,02 - Intersection related,01 - Daylight,03 - P.D. only,03 - Rear end,Industrial Park
12304,RIVERSIDE DR @ TREMBLAY RD/HWY417 IC117 RAMP52,370802.0781,5031016.618,-75.6567,45.41597,2017-09-23,2:36:00 PM,01 - Clear,01 - Dry,01 - Traffic signal,02 - Intersection related,01 - Daylight,03 - P.D. only,03 - Rear end,Industrial Park
12305,RIVERSIDE DR @ TREMBLAY RD/HWY417 IC117 RAMP52,370801.7437,5031017.246,-75.6567,45.41598,2017-11-20,5:18:00 PM,01 - Clear,01 - Dry,01 - Traffic signal,02 - Intersection related,07 - Dark,03 - P.D. only,03 - Rear end,Industrial Park
12306,RIVERSIDE DR @ TREMBLAY RD/HWY417 IC117 RAMP52,370802.0781,5031015.908,-75.6567,45.41597,2017-12-07,3:10:00 PM,01 - Clear,01 - Dry,01 - Traffic signal,03 - At intersection,01 - Daylight,03 - P.D. only,02 - Angle,Industrial Park
12307,RIVERSIDE DR @ TREMBLAY RD/HWY417 IC117 RAMP52,370801.0748,5031016.577,-75.65671,45.41597,2017-11-15,11:31:00 AM,01 - Clear,01 - Dry,01 - Traffic signal,02 - Intersection related,01 - Daylight,02 - Non-fatal injury,03 - Rear end,Industrial Park
12308,RIVERSIDE DR @ TREMBLAY RD/HWY417 IC117 RAMP52,370801.7437,5031014.57,-75.6567,45.41595,2017-11-17,3:53:00 PM,01 - Clear,01 - Dry,01 - Traffic signal,02 - Intersection related,01 - Daylight,02 - Non-fatal injury,03 - Rear end,Industrial Park
12309,RIVERSIDE DR @ TREMBLAY RD/HWY417 IC117 RAMP52,370801.6271,5031014.781,-75.65671,45.41596,2017-12-12,9:11:00 AM,05 - Drifting Snow,03 - Loose snow,01 - Traffic signal,03 - At intersection,01 - Daylight,03 - P.D. only,02 - Angle,Industrial Park
12310,RIVERSIDE DR @ TREMBLAY RD/HWY417 IC117 RAMP52,370801.531,5031016.173,-75.65671,45.41597,2017-01-17,12:05:00 PM,01 - Clear,01 - Dry,01 - Traffic signal,02 - Intersection related,01 - Daylight,03 - P.D. only,03 - Rear end,Industrial Park
12311,RIVERSIDE DR @ TREMBLAY RD/HWY417 IC117 RAMP52,370803.2339,5031014.885,-75.65668,45.41596,2017-02-08,12:36:00 PM,01 - Clear,02 - Wet,01 - Traffic signal,02 - Intersection related,01 - Daylight,03 - P.D. only,04 - Sideswipe,Industrial Park
12312,RIVERSIDE DR @ TREMBLAY RD/HWY417 IC117 RAMP52,370801.0748,5031016.577,-75.65671,45.41597,2017-04-09,10:42:00 AM,01 - Clear,01 - Dry,01 - Traffic signal,02 - Intersection related,01 - Daylight,03 - P.D. only,03 - Rear end,Industrial Park
12313,RIVERSIDE DR @ TREMBLAY RD/HWY417 IC117 RAMP52,370801.7437,5031015.908,-75.6567,45.41597,2017-03-10,2:03:00 PM,01 - Clear,01 - Dry,01 - Traffic signal,02 - Intersection related,01 - Daylight,03 - P.D. only,03 - Rear end,Industrial Park
12314,RIVERSIDE DR @ TREMBLAY RD/HWY417 IC117 RAMP52,370800.4059,5031017.246,-75.65672,45.41598,2017-03-24,9:41:00 AM,03 - Snow,03 - Loose snow,01 - Traffic signal,02 - Intersection related,01 - Daylight,03 - P.D. only,03 - Rear end,Industrial Park
12315,RIVERSIDE DR @ TREMBLAY RD/HWY417 IC117 RAMP52,370803.0814,5031016.577,-75.65669,45.41597,2017-04-11,3:18:00 PM,01 - Clear,01 - Dry,01 - Traffic signal,02 - Intersection related,01 - Daylight,03 - P.D. only,04 - Sideswipe,Industrial Park
12316,RIVERSIDE DR @ TREMBLAY RD/HWY417 IC117 RAMP52,370803.0294,5031017.257,-75.65669,45.41598,2017-04-18,7:45:00 AM,01 - Clear,01 - Dry,01 - Traffic signal,02 - Intersection related,01 - Daylight,02 - Non-fatal injury,03 - Rear end,Industrial Park
12317,RIVERSIDE DR @ TREMBLAY RD/HWY417 IC117 RAMP52,370802.8286,5031015.533,-75.65669,45.41596,2017-03-28,4:30:00 PM,01 - Clear,01 - Dry,01 - Traffic signal,02 - Intersection related,01 - Daylight,02 - Non-fatal injury,03 - Rear end,Industrial Park
12318,RIVERSIDE DR @ TREMBLAY RD/HWY417 IC117 RAMP52,370802.0788,5031014.299,-75.6567,45.41595,2017-12-27,7:14:00 PM,01 - Clear,02 - Wet,01 - Traffic signal,02 - Intersection related,07 - Dark,03 - P.D. only,04 - Sideswipe,Industrial Park
12319,RIVERSIDE DR @ TREMBLAY RD/HWY417 IC117 RAMP52,370802.0782,5031015.908,-75.6567,45.41597,2017-12-29,1:20:00 PM,01 - Clear,02 - Wet,01 - Traffic signal,02 - Intersection related,01 - Daylight,03 - P.D. only,03 - Rear end,Industrial Park
12320,RIVERSIDE DR @ TREMBLAY RD/HWY417 IC117 RAMP52,370801.2338,5031014.928,-75.65671,45.41596,2017-12-26,10:41:00 PM,01 - Clear,01 - Dry,01 - Traffic signal,02 - Intersection related,07 - Dark,03 - P.D. only,03 - Rear end,Industrial Park
12321,RIVERSIDE DR @ TREMBLAY RD/HWY417 IC117 RAMP52,370801.6047,5031015.671,-75.65671,45.41596,2017-12-21,3:10:00 PM,01 - Clear,01 - Dry,01 - Traffic signal,02 - Intersection related,01 - Daylight,03 - P.D. only,03 - Rear end,Industrial Park
12322,RIVERSIDE DR @ UPLANDS DR/KIMBERWICK CRES N,368195.7193,5022794.838,-75.69105,45.34224,2017-06-13,12:13:00 PM,01 - Clear,01 - Dry,01 - Traffic signal,03 - At intersection,01 - Daylight,02 - Non-fatal injury,02 - Angle,Hunt Club Woods - Quintarra - Revelstoke - Riverside South P
12323,RIVERSIDE DR @ UPLANDS DR/KIMBERWICK CRES N,368194.5917,5022793.279,-75.69107,45.34222,2017-08-21,2:00:00 PM,01 - Clear,01 - Dry,01 - Traffic signal,02 - Intersection related,01 - Daylight,03 - P.D. only,03 - Rear end,Hunt Club Woods - Quintarra - Revelstoke - Riverside South P
12324,RIVERSIDE DR @ UPLANDS DR/KIMBERWICK CRES N,368194.1696,5022792.408,-75.69107,45.34221,2017-01-25,10:53:00 AM,01 - Clear,02 - Wet,01 - Traffic signal,02 - Intersection related,01 - Daylight,03 - P.D. only,03 - Rear end,Hunt Club Woods - Quintarra - Revelstoke - Riverside South P
12325,RIVERSIDE DR @ UPLANDS DR/KIMBERWICK CRES N,368195.0505,5022793.5,-75.69106,45.34222,2017-04-06,7:36:00 AM,02 - Rain,02 - Wet,01 - Traffic signal,03 - At intersection,01 - Daylight,03 - P.D. only,05 - Turning movement,Hunt Club Woods - Quintarra - Revelstoke - Riverside South P
12326,RIVERSIDE DR @ UPLANDS DR/KIMBERWICK CRES N,368194.716,5022793.275,-75.69107,45.34222,2017-12-25,9:03:00 PM,03 - Snow,04 - Slush,01 - Traffic signal,03 - At intersection,07 - Dark,03 - P.D. only,03 - Rear end,Hunt Club Woods - Quintarra - Revelstoke - Riverside South P
12327,RIVERSIDE DR @ WALKLEY RD,368418.3895,5024853.529,-75.68795,45.36074,2017-05-22,9:50:00 AM,01 - Clear,02 - Wet,01 - Traffic signal,03 - At intersection,01 - Daylight,02 - Non-fatal injury,05 - Turning movement,Riverside Park