Record,Location,X,Y,Longitude,Latitude,Date,Time,Environment,Road_Surface,Traffic_Control,Collision_Location,Light,Collision_Classification,Impact_type,Neighborhood
12328,RIVERSIDE DR @ WALKLEY RD,368417.7206,5024852.86,-75.68796,45.36073,2017-04-28,11:21:00 PM,01 - Clear,01 - Dry,01 - Traffic signal,02 - Intersection related,07 - Dark,03 - P.D. only,07 - SMV other,Riverside Park
12329,RIVERSIDE DR @ WALKLEY RD,368419.7272,5024853.529,-75.68793,45.36074,2017-05-03,10:12:00 AM,01 - Clear,01 - Dry,01 - Traffic signal,02 - Intersection related,01 - Daylight,03 - P.D. only,03 - Rear end,Riverside Park
12330,RIVERSIDE DR @ WALKLEY RD,368417.6384,5024852.715,-75.68796,45.36073,2017-10-16,8:55:00 PM,01 - Clear,01 - Dry,01 - Traffic signal,02 - Intersection related,07 - Dark,02 - Non-fatal injury,03 - Rear end,Riverside Park
12331,RIVERSIDE DR @ WALKLEY RD,368419.1973,5024853.766,-75.68794,45.36074,2017-09-25,8:20:00 AM,01 - Clear,01 - Dry,01 - Traffic signal,02 - Intersection related,01 - Daylight,03 - P.D. only,03 - Rear end,Riverside Park
12332,RIVERSIDE DR @ WALKLEY RD,368418.246,5024852.812,-75.68795,45.36073,2017-11-11,4:07:00 AM,01 - Clear,01 - Dry,01 - Traffic signal,03 - At intersection,07 - Dark,03 - P.D. only,07 - SMV other,Riverside Park
12333,RIVERSIDE DR @ WALKLEY RD,368417.7772,5024854.239,-75.68795,45.36075,2017-12-10,5:40:00 AM,03 - Snow,03 - Loose snow,01 - Traffic signal,03 - At intersection,07 - Dark,03 - P.D. only,07 - SMV other,Riverside Park
12334,RIVERSIDE DR @ WALKLEY RD,368417.8655,5024853.529,-75.68795,45.36074,2017-01-04,7:38:00 AM,04 - Freezing Rain,06 - Ice,01 - Traffic signal,02 - Intersection related,03 - Dawn,03 - P.D. only,03 - Rear end,Riverside Park
12335,RIVERSIDE DR @ WALKLEY RD,368419.4744,5024853.154,-75.68793,45.36074,2017-02-15,4:32:00 AM,03 - Snow,05 - Packed snow,01 - Traffic signal,02 - Intersection related,07 - Dark,03 - P.D. only,07 - SMV other,Riverside Park
12336,RIVERSIDE DR @ WALKLEY RD,368419.0584,5024852.192,-75.68794,45.36073,2017-03-24,6:50:00 AM,03 - Snow,04 - Slush,01 - Traffic signal,02 - Intersection related,01 - Daylight,03 - P.D. only,07 - SMV other,Riverside Park
12337,RIVERSIDE DR @ WALKLEY RD,368419.0584,5024855.536,-75.68794,45.36076,2017-03-21,3:06:00 AM,01 - Clear,02 - Wet,01 - Traffic signal,02 - Intersection related,07 - Dark,03 - P.D. only,07 - SMV other,Riverside Park
12338,RIVERSIDE DR @ WALKLEY RD,368418.3895,5024853.529,-75.68795,45.36074,2017-04-20,10:35:00 PM,01 - Clear,01 - Dry,01 - Traffic signal,02 - Intersection related,07 - Dark,02 - Non-fatal injury,07 - SMV other,Riverside Park
12339,RIVERSIDE DR @ WALKLEY RD,368419.2018,5024852.812,-75.68794,45.36073,2017-12-18,9:44:00 AM,03 - Snow,03 - Loose snow,01 - Traffic signal,02 - Intersection related,01 - Daylight,03 - P.D. only,03 - Rear end,Riverside Park
12340,RIVERSIDE DR btwn 175 S OF HUNT CLUB  RD & GL/OT BOUNDARY,368247.5164,5020952.5,-75.69063,45.32565,2017-06-03,4:28:00 PM,01 - Clear,01 - Dry,10 - No control,01 - Non intersection,01 - Daylight,03 - P.D. only,04 - Sideswipe,Hunt Club - Ottawa Airport
12341,RIVERSIDE DR btwn 175 S OF HUNT CLUB  RD & GL/OT BOUNDARY,367973.9833,5021444.295,-75.69405,45.3301,2017-03-27,4:27:00 AM,02 - Rain,02 - Wet,10 - No control,01 - Non intersection,07 - Dark,03 - P.D. only,07 - SMV other,Hunt Club Woods - Quintarra - Revelstoke - Riverside South P
12342,RIVERSIDE DR btwn 175 S OF HUNT CLUB  RD & HUNT CLUB RD,368033.0241,5021799.01,-75.69326,45.33329,2017-05-04,4:47:00 PM,02 - Rain,02 - Wet,10 - No control,01 - Non intersection,01 - Daylight,03 - P.D. only,99 - Other,Hunt Club Woods - Quintarra - Revelstoke - Riverside South P
12343,RIVERSIDE DR btwn FROBISHER LANE & END,370091.6088,5029407.172,-75.66599,45.40156,2017-05-27,12:00:00 AM,01 - Clear,01 - Dry,10 - No control,01 - Non intersection,00 - Unknown,03 - P.D. only,06 - SMV unattended vehicle,Industrial Park
12344,RIVERSIDE DR btwn FROBISHER LANE & END,370080.3028,5029396.261,-75.66614,45.40146,2017-02-09,12:00:00 AM,01 - Clear,01 - Dry,10 - No control,01 - Non intersection,00 - Unknown,03 - P.D. only,06 - SMV unattended vehicle,Industrial Park
12345,RIVERSIDE DR btwn FROBISHER LANE & HINCKS LANE,370183.773,5029609.608,-75.66479,45.40337,2017-02-06,6:04:00 PM,03 - Snow,05 - Packed snow,10 - No control,01 - Non intersection,07 - Dark,03 - P.D. only,99 - Other,Industrial Park
12346,RIVERSIDE DR btwn HERON RD & RIVERSIDE DR RAMP 34,368236.4635,5027072.672,-75.68998,45.38072,2017-05-01,4:01:00 PM,02 - Rain,02 - Wet,10 - No control,01 - Non intersection,01 - Daylight,03 - P.D. only,03 - Rear end,Riverside Park
12347,RIVERSIDE DR btwn HERON RD & RIVERSIDE DR RAMP 34,368112.057,5026747.98,-75.69161,45.37781,2017-07-21,7:25:00 PM,01 - Clear,01 - Dry,10 - No control,01 - Non intersection,01 - Daylight,02 - Non-fatal injury,07 - SMV other,Riverside Park
12348,RIVERSIDE DR btwn HOG'S BACK RD & RIDGEWOOD AVE,368205.683,5025979.156,-75.69052,45.37089,2017-08-22,12:13:00 PM,01 - Clear,02 - Wet,10 - No control,01 - Non intersection,01 - Daylight,03 - P.D. only,04 - Sideswipe,Riverside Park
12349,RIVERSIDE DR btwn HOG'S BACK RD & RIDGEWOOD AVE,368271.4797,5025657.772,-75.68972,45.36799,2017-02-14,10:17:00 AM,01 - Clear,01 - Dry,10 - No control,01 - Non intersection,01 - Daylight,03 - P.D. only,04 - Sideswipe,Riverside Park
12350,RIVERSIDE DR btwn HUNT CLUB RD & KIMBERWICK CRES,368121.1374,5022411.561,-75.69205,45.33879,2017-01-24,10:14:00 PM,01 - Clear,02 - Wet,10 - No control,01 - Non intersection,07 - Dark,02 - Non-fatal injury,07 - SMV other,Hunt Club Woods - Quintarra - Revelstoke - Riverside South P
12351,RIVERSIDE DR btwn HUNT CLUB RD & KIMBERWICK CRES,368145.3276,5022489.609,-75.69173,45.33949,2017-04-05,8:53:00 AM,01 - Clear,01 - Dry,10 - No control,01 - Non intersection,01 - Daylight,03 - P.D. only,03 - Rear end,Hunt Club - Ottawa Airport
12352,RIVERSIDE DR btwn KIMBERWICK CRES & KIMBERWICK CRES,368168.4558,5022632.167,-75.69142,45.34077,2017-05-17,9:35:00 AM,01 - Clear,01 - Dry,10 - No control,01 - Non intersection,01 - Daylight,03 - P.D. only,04 - Sideswipe,Hunt Club Woods - Quintarra - Revelstoke - Riverside South P
12353,RIVERSIDE DR btwn KIMBERWICK CRES & MALHOTRA CRT,368198.3046,5022928.902,-75.691,45.34344,2017-05-26,5:46:00 PM,02 - Rain,02 - Wet,10 - No control,01 - Non intersection,01 - Daylight,03 - P.D. only,03 - Rear end,Hunt Club Woods - Quintarra - Revelstoke - Riverside South P
12354,RIVERSIDE DR btwn KIMBERWICK CRES & MALHOTRA CRT,368196.9018,5022809.894,-75.69104,45.34237,2017-01-25,5:13:00 PM,01 - Clear,02 - Wet,10 - No control,04 - At/near private drive,05 - Dusk,03 - P.D. only,04 - Sideswipe,Hunt Club Woods - Quintarra - Revelstoke - Riverside South P
12355,RIVERSIDE DR btwn KIMBERWICK CRES & MALHOTRA CRT,368193.0438,5022969.42,-75.69106,45.34381,2017-03-01,7:46:00 AM,02 - Rain,02 - Wet,10 - No control,01 - Non intersection,01 - Daylight,02 - Non-fatal injury,03 - Rear end,Hunt Club Woods - Quintarra - Revelstoke - Riverside South P
12356,RIVERSIDE DR btwn OLD RIVERSIDE DR & RIVERGATE WAY,368104.7714,5023343.192,-75.69214,45.34718,2017-10-21,10:05:00 AM,01 - Clear,01 - Dry,10 - No control,01 - Non intersection,01 - Daylight,03 - P.D. only,03 - Rear end,Hunt Club Woods - Quintarra - Revelstoke - Riverside South P
12357,RIVERSIDE DR btwn OLD RIVERSIDE DR & RIVERGATE WAY,368038.1453,5023821.843,-75.69293,45.35149,2017-03-09,3:00:00 AM,01 - Clear,02 - Wet,10 - No control,01 - Non intersection,07 - Dark,03 - P.D. only,07 - SMV other,Hunt Club Woods - Quintarra - Revelstoke - Riverside South P
12358,RIVERSIDE DR btwn RAMP & TURN LANE (1),368362.9485,5027202.719,-75.68835,45.38188,2017-07-12,7:00:00 AM,01 - Clear,01 - Dry,10 - No control,01 - Non intersection,01 - Daylight,03 - P.D. only,07 - SMV other,Riverside Park
12359,RIVERSIDE DR btwn REVELSTOKE DR & GARDENVIEW PRIV,368242.4778,5024473.799,-75.69024,45.35734,2017-01-08,2:35:00 PM,01 - Clear,01 - Dry,10 - No control,01 - Non intersection,01 - Daylight,03 - P.D. only,02 - Angle,Hunt Club Woods - Quintarra - Revelstoke - Riverside South P
12360,RIVERSIDE DR btwn RIVERSIDE DR & RIVER RD,368400.7034,5020494.826,-75.68873,45.32152,2017-08-31,9:21:00 PM,01 - Clear,01 - Dry,10 - No control,01 - Non intersection,07 - Dark,03 - P.D. only,07 - SMV other,Greenbelt
12361,RIVERSIDE DR btwn RIVERSIDE DR & RIVER RD,368370.398,5020639.169,-75.6891,45.32282,2017-02-07,7:36:00 PM,03 - Snow,04 - Slush,10 - No control,04 - At/near private drive,07 - Dark,03 - P.D. only,02 - Angle,Hunt Club - Ottawa Airport
12362,RIVERSIDE DR NB btwn 82 E OF BILLINGS AVE/RIVERSIDE HOSPITAL ENT & TRA,369762.6525,5028775.502,-75.67027,45.3959,2017-12-28,6:30:00 AM,01 - Clear,01 - Dry,10 - No control,01 - Non intersection,07 - Dark,02 - Non-fatal injury,07 - SMV other,Alta Vista
12363,RIVERSIDE DR NB btwn BILLINGS BRIDGE SC RAMP SB & BANK ST,369270.6968,5027858.533,-75.67668,45.3877,2017-06-22,10:30:00 PM,01 - Clear,01 - Dry,10 - No control,01 - Non intersection,07 - Dark,03 - P.D. only,03 - Rear end,Alta Vista
12364,RIVERSIDE DR NB btwn FROBISHER LANE & HINCKS LANE,370171.3176,5029916.613,-75.6649,45.40613,2017-10-13,9:13:00 AM,01 - Clear,01 - Dry,10 - No control,01 - Non intersection,01 - Daylight,02 - Non-fatal injury,04 - Sideswipe,Industrial Park
12365,RIVERSIDE DR NB btwn HWY417 IC117 RAMP25 & VANIER PKWY,370821.8105,5031124.269,-75.65643,45.41694,2017-06-24,5:25:00 PM,01 - Clear,01 - Dry,10 - No control,01 - Non intersection,01 - Daylight,03 - P.D. only,03 - Rear end,Industrial Park
12366,RIVERSIDE DR NB btwn HWY417 IC117 RAMP25 & VANIER PKWY,370820.6507,5031055.225,-75.65646,45.41632,2017-01-26,1:20:00 PM,03 - Snow,02 - Wet,10 - No control,01 - Non intersection,01 - Daylight,03 - P.D. only,03 - Rear end,Industrial Park
12367,RIVERSIDE DR NB btwn INDUSTRIAL AVE & TREMBLAY RD,370691.742,5030607.269,-75.65816,45.4123,2017-05-20,2:50:00 PM,01 - Clear,01 - Dry,10 - No control,01 - Non intersection,01 - Daylight,02 - Non-fatal injury,03 - Rear end,Industrial Park
12368,RIVERSIDE DR NB btwn INDUSTRIAL AVE & TREMBLAY RD,370717.3085,5030694.375,-75.65783,45.41308,2017-06-28,1:28:00 PM,01 - Clear,01 - Dry,10 - No control,01 - Non intersection,01 - Daylight,03 - P.D. only,04 - Sideswipe,Industrial Park
12369,RIVERSIDE DR NB btwn INDUSTRIAL AVE & TREMBLAY RD,370715.8347,5030690.186,-75.65784,45.41304,2017-11-05,1:42:00 PM,02 - Rain,02 - Wet,10 - No control,01 - Non intersection,01 - Daylight,03 - P.D. only,03 - Rear end,Industrial Park
12370,RIVERSIDE DR NB btwn INDUSTRIAL AVE & TREMBLAY RD,370775.6567,5030875.44,-75.65706,45.4147,2017-11-17,7:00:00 PM,01 - Clear,01 - Dry,10 - No control,01 - Non intersection,07 - Dark,02 - Non-fatal injury,03 - Rear end,Industrial Park
12371,RIVERSIDE DR NB btwn INDUSTRIAL AVE & TREMBLAY RD,370700.9671,5030642.016,-75.65804,45.41261,2017-12-08,4:49:00 PM,01 - Clear,01 - Dry,10 - No control,01 - Non intersection,05 - Dusk,03 - P.D. only,03 - Rear end,Industrial Park
12372,RIVERSIDE DR NB btwn INDUSTRIAL AVE & TREMBLAY RD,370789.6306,5030924.014,-75.65687,45.41514,2017-01-15,1:05:00 PM,01 - Clear,01 - Dry,10 - No control,01 - Non intersection,01 - Daylight,02 - Non-fatal injury,04 - Sideswipe,Industrial Park
12373,RIVERSIDE DR NB btwn INDUSTRIAL AVE & TREMBLAY RD,370761.5955,5030826.891,-75.65724,45.41427,2017-04-21,9:31:00 AM,02 - Rain,02 - Wet,10 - No control,01 - Non intersection,01 - Daylight,03 - P.D. only,03 - Rear end,Industrial Park
12374,RIVERSIDE DR NB btwn INDUSTRIAL AVE & TREMBLAY RD,370772.9811,5030873.433,-75.65709,45.41469,2017-03-04,12:48:00 PM,01 - Clear,01 - Dry,10 - No control,01 - Non intersection,01 - Daylight,02 - Non-fatal injury,03 - Rear end,Industrial Park
12375,RIVERSIDE DR NB btwn RIVERSIDE DR NB RAMP FROM EB TO WB & NEIL WAY,369369.2656,5028041.041,-75.67539,45.38933,2017-12-09,4:57:00 PM,03 - Snow,02 - Wet,10 - No control,01 - Non intersection,05 - Dusk,03 - P.D. only,03 - Rear end,Alta Vista
12376,RIVERSIDE DR NB btwn RIVERSIDE DR SPLIT & DATA CENTRE RD,368754.2796,5027538.027,-75.68331,45.38486,2017-10-05,12:13:00 PM,01 - Clear,01 - Dry,10 - No control,04 - At/near private drive,01 - Daylight,03 - P.D. only,03 - Rear end,Alta Vista
12377,RIVERSIDE DR NB btwn RIVERSIDE DR SPLIT & DATA CENTRE RD,368717.2817,5027502.493,-75.68379,45.38455,2017-12-07,4:50:00 PM,01 - Clear,01 - Dry,10 - No control,04 - At/near private drive,07 - Dark,03 - P.D. only,02 - Angle,Alta Vista
12378,RIVERSIDE DR NB btwn RIVERSIDE DR SPLIT & DATA CENTRE RD,368716.1736,5027500.672,-75.6838,45.38453,2017-01-19,3:28:00 PM,01 - Clear,01 - Dry,10 - No control,04 - At/near private drive,01 - Daylight,03 - P.D. only,02 - Angle,Alta Vista
12379,RIVERSIDE DR NB btwn RIVERSIDE DR SPLIT & DATA CENTRE RD,368552.401,5027356.295,-75.68591,45.38325,2017-04-08,12:31:00 PM,01 - Clear,01 - Dry,10 - No control,01 - Non intersection,01 - Daylight,03 - P.D. only,03 - Rear end,Alta Vista
12380,RIVERSIDE DR NB btwn SAN REMO PRIV & INDUSTRIAL AVE,370470.4597,5030400.109,-75.66102,45.41046,2017-07-05,8:58:00 AM,01 - Clear,01 - Dry,10 - No control,01 - Non intersection,01 - Daylight,03 - P.D. only,04 - Sideswipe,Industrial Park
12381,RIVERSIDE DR NB btwn SAN REMO PRIV & INDUSTRIAL AVE,370656.2905,5030532.353,-75.65863,45.41163,2017-11-24,4:07:00 PM,01 - Clear,01 - Dry,10 - No control,01 - Non intersection,01 - Daylight,03 - P.D. only,03 - Rear end,Industrial Park
12382,RIVERSIDE DR NB btwn SAN REMO PRIV & INDUSTRIAL AVE,370638.2303,5030496.901,-75.65886,45.41131,2017-03-09,2:40:00 PM,01 - Clear,01 - Dry,10 - No control,01 - Non intersection,01 - Daylight,03 - P.D. only,04 - Sideswipe,Industrial Park
12383,RIVERSIDE DR RAMP 24 @ RIVERSIDE DR RAMP 42A,368544.8267,5027130.162,-75.68604,45.38121,2017-04-07,5:00:00 PM,02 - Rain,02 - Wet,10 - No control,02 - Intersection related,01 - Daylight,03 - P.D. only,03 - Rear end,Alta Vista
12384,RIVERSIDE DR RAMP 34 @ RIVERSIDE DR,368339.7662,5027182.205,-75.68865,45.3817,2017-06-06,6:25:00 PM,01 - Clear,01 - Dry,03 - Yield sign,02 - Intersection related,01 - Daylight,03 - P.D. only,05 - Turning movement,Riverside Park
12385,RIVERSIDE DR RAMP 34 @ RIVERSIDE DR,368338.6588,5027182.607,-75.68866,45.3817,2017-11-26,9:37:00 PM,03 - Snow,04 - Slush,03 - Yield sign,02 - Intersection related,07 - Dark,03 - P.D. only,02 - Angle,Riverside Park
12386,RIVERSIDE DR RAMP 34 @ RIVERSIDE DR,368338.3063,5027180.42,-75.68867,45.38168,2017-12-14,4:52:00 PM,01 - Clear,01 - Dry,03 - Yield sign,02 - Intersection related,05 - Dusk,03 - P.D. only,05 - Turning movement,Riverside Park
12387,RIVERSIDE DR RAMP 34 @ RIVERSIDE DR,368340.9654,5027183.705,-75.68864,45.38171,2017-12-20,9:32:00 AM,01 - Clear,05 - Packed snow,03 - Yield sign,02 - Intersection related,01 - Daylight,03 - P.D. only,07 - SMV other,Riverside Park
12388,RIVERSIDE DR RAMP 42A @ RIVERSIDE DR,368441.5335,5027267.114,-75.68734,45.38245,2017-10-24,7:56:00 AM,02 - Rain,02 - Wet,03 - Yield sign,02 - Intersection related,01 - Daylight,03 - P.D. only,03 - Rear end,Alta Vista
12389,RIVERSIDE DR RAMP 42A @ RIVERSIDE DR,368443.1331,5027269.051,-75.68732,45.38247,2017-02-09,9:01:00 AM,01 - Clear,01 - Dry,03 - Yield sign,02 - Intersection related,01 - Daylight,03 - P.D. only,03 - Rear end,Alta Vista
12390,RIVERSIDE DR RAMP 42A @ RIVERSIDE DR,368441.3191,5027267.569,-75.68734,45.38246,2017-01-04,9:33:00 AM,03 - Snow,04 - Slush,03 - Yield sign,02 - Intersection related,01 - Daylight,03 - P.D. only,07 - SMV other,Alta Vista
12391,RIVERSIDE DR RAMP 42A @ RIVERSIDE DR,368441.8983,5027267.532,-75.68734,45.38246,2017-03-25,8:38:00 AM,01 - Clear,01 - Dry,03 - Yield sign,02 - Intersection related,01 - Daylight,03 - P.D. only,03 - Rear end,Alta Vista
12392,RIVERSIDE DR RAMP 42A @ RIVERSIDE DR RAMP 42B,368481.4849,5027089.591,-75.68685,45.38085,2017-05-28,8:28:00 AM,01 - Clear,01 - Dry,03 - Yield sign,02 - Intersection related,01 - Daylight,03 - P.D. only,03 - Rear end,Riverside Park
12393,RIVERSIDE DR RAMP 42A @ RIVERSIDE DR RAMP 42B,368480.7096,5027090.545,-75.68686,45.38086,2017-02-12,3:35:00 PM,02 - Rain,03 - Loose snow,03 - Yield sign,02 - Intersection related,01 - Daylight,03 - P.D. only,04 - Sideswipe,Riverside Park
12394,RIVERSIDE DR RAMP 42A @ RIVERSIDE DR RAMP 42B,368479.9566,5027091.457,-75.68687,45.38087,2017-02-21,4:23:00 PM,01 - Clear,01 - Dry,03 - Yield sign,02 - Intersection related,01 - Daylight,02 - Non-fatal injury,03 - Rear end,Riverside Park
12395,RIVERSIDE DR SB btwn BILLINGS BRIDGE SC RAMP SB & BANK ST,369218.1419,5027978.576,-75.67733,45.38878,2017-10-12,7:11:00 AM,01 - Clear,01 - Dry,10 - No control,01 - Non intersection,01 - Daylight,03 - P.D. only,04 - Sideswipe,Alta Vista
12396,RIVERSIDE DR SB btwn Continuation of RIVERSIDE DR & HWY417 IC117 RAMP5,370742.2119,5030827.948,-75.65749,45.41428,2017-11-17,6:16:00 PM,01 - Clear,01 - Dry,10 - No control,01 - Non intersection,07 - Dark,03 - P.D. only,03 - Rear end,Industrial Park
12397,RIVERSIDE DR SB btwn Continuation of RIVERSIDE DR & HWY417 IC117 RAMP5,370749.5994,5030858.981,-75.65739,45.41456,2017-10-31,4:50:00 PM,01 - Clear,01 - Dry,10 - No control,01 - Non intersection,01 - Daylight,03 - P.D. only,04 - Sideswipe,Industrial Park
12398,RIVERSIDE DR SB btwn Continuation of RIVERSIDE DR & HWY417 IC117 RAMP5,370768.7448,5030907.165,-75.65714,45.41499,2017-01-21,1:45:00 PM,01 - Clear,02 - Wet,10 - No control,01 - Non intersection,01 - Daylight,03 - P.D. only,04 - Sideswipe,Industrial Park
12399,RIVERSIDE DR SB btwn FROBISHER LANE & HINCKS LANE,370146.3146,5030109.245,-75.6652,45.40787,2017-03-30,7:24:00 AM,01 - Clear,06 - Ice,10 - No control,01 - Non intersection,01 - Daylight,03 - P.D. only,07 - SMV other,Industrial Park
12400,RIVERSIDE DR SB btwn HWY417 IC117 RAMP52 & HWY417 IC117 RAMP35,370805.6446,5031072.972,-75.65665,45.41648,2017-03-23,11:00:00 AM,01 - Clear,01 - Dry,10 - No control,01 - Non intersection,01 - Daylight,03 - P.D. only,03 - Rear end,Industrial Park
12401,RIVERSIDE DR SB btwn HWY417 IC117 RAMP53 & HWY417 IC117 RAMP52,370798.3992,5030997.848,-75.65675,45.4158,2017-11-21,9:24:00 AM,01 - Clear,01 - Dry,10 - No control,01 - Non intersection,01 - Daylight,03 - P.D. only,03 - Rear end,Industrial Park
12402,ROBERGE CRES btwn HEARST WAY & HEARST WAY,352421.8256,5019557.115,-75.89263,45.31435,2017-02-21,6:00:00 PM,01 - Clear,01 - Dry,10 - No control,01 - Non intersection,07 - Dark,03 - P.D. only,06 - SMV unattended vehicle,Katimavik - Hazeldean
12403,ROBERTA CRES btwn ST. REMY DR & ST. REMY DR,362203.7198,5016118.86,-75.76828,45.28268,2017-05-08,12:00:00 AM,01 - Clear,01 - Dry,10 - No control,01 - Non intersection,00 - Unknown,03 - P.D. only,06 - SMV unattended vehicle,Barrhaven West - Old Barrhaven
12404,ROBERTSON RD @ HAANEL DR,354989.6356,5019203.184,-75.85992,45.31099,2017-10-26,8:47:00 AM,01 - Clear,01 - Dry,02 - Stop sign,02 - Intersection related,01 - Daylight,03 - P.D. only,03 - Rear end,Greenbelt
12405,ROBERTSON RD @ VANIER RD,357395.9883,5020644.814,-75.82908,45.32378,2017-06-28,1:35:00 PM,01 - Clear,01 - Dry,01 - Traffic signal,02 - Intersection related,01 - Daylight,02 - Non-fatal injury,03 - Rear end,Bells Corners East
12406,ROBERTSON RD @ WESTCLIFFE RD,356395.5376,5020053.401,-75.8419,45.31854,2017-10-15,12:35:00 PM,01 - Clear,01 - Dry,01 - Traffic signal,03 - At intersection,01 - Daylight,02 - Non-fatal injury,05 - Turning movement,Bells Corners West
12407,ROBERTSON RD @ WESTCLIFFE RD,356395.2625,5020053.889,-75.8419,45.31854,2017-11-29,10:21:00 PM,01 - Clear,01 - Dry,01 - Traffic signal,02 - Intersection related,07 - Dark,03 - P.D. only,07 - SMV other,Bells Corners West
12408,ROBERTSON RD btwn FITZGERALD RD & MOODIE DR,357037.5551,5020438.087,-75.83367,45.32195,2017-04-29,1:06:00 PM,01 - Clear,01 - Dry,10 - No control,04 - At/near private drive,01 - Daylight,03 - P.D. only,02 - Angle,Bells Corners West
12409,ROBERTSON RD btwn FITZGERALD RD & MOODIE DR,356943.9096,5020382.568,-75.83487,45.32146,2017-05-20,12:44:00 PM,01 - Clear,01 - Dry,10 - No control,04 - At/near private drive,01 - Daylight,02 - Non-fatal injury,07 - SMV other,Bells Corners West
12410,ROBERTSON RD btwn FITZGERALD RD & MOODIE DR,357002.1036,5020420.027,-75.83413,45.32179,2017-06-15,11:58:00 AM,01 - Clear,01 - Dry,10 - No control,04 - At/near private drive,01 - Daylight,02 - Non-fatal injury,05 - Turning movement,Bells Corners West
12411,ROBERTSON RD btwn FITZGERALD RD & MOODIE DR,357019.6576,5020428.156,-75.8339,45.32186,2017-09-26,8:11:00 AM,01 - Clear,01 - Dry,10 - No control,04 - At/near private drive,01 - Daylight,03 - P.D. only,05 - Turning movement,Bells Corners West
12412,ROBERTSON RD btwn FITZGERALD RD & MOODIE DR,356918.6757,5020369.147,-75.8352,45.32134,2017-10-10,8:36:00 AM,01 - Clear,01 - Dry,10 - No control,04 - At/near private drive,01 - Daylight,02 - Non-fatal injury,05 - Turning movement,Bells Corners West
12413,ROBERTSON RD btwn FITZGERALD RD & MOODIE DR,357048.2575,5020443.438,-75.83354,45.322,2017-10-26,7:25:00 AM,01 - Clear,01 - Dry,10 - No control,04 - At/near private drive,01 - Daylight,03 - P.D. only,02 - Angle,Bells Corners West
12414,ROBERTSON RD btwn FITZGERALD RD & MOODIE DR,356925.7156,5020372.226,-75.83511,45.32136,2017-12-12,10:04:00 AM,03 - Snow,03 - Loose snow,10 - No control,04 - At/near private drive,01 - Daylight,03 - P.D. only,05 - Turning movement,Bells Corners West
12415,ROBERTSON RD btwn FITZGERALD RD & MOODIE DR,356989.3946,5020409.324,-75.83429,45.32169,2017-11-23,2:35:00 PM,01 - Clear,01 - Dry,10 - No control,04 - At/near private drive,01 - Daylight,03 - P.D. only,02 - Angle,Bells Corners West
12416,ROBERTSON RD btwn FITZGERALD RD & MOODIE DR,356877.5355,5020341.473,-75.83572,45.32109,2017-11-27,5:23:00 PM,01 - Clear,02 - Wet,10 - No control,04 - At/near private drive,07 - Dark,03 - P.D. only,02 - Angle,Bells Corners West
12417,ROBERTSON RD btwn FITZGERALD RD & MOODIE DR,356928.0946,5020372.923,-75.83508,45.32137,2017-02-09,2:00:00 PM,01 - Clear,01 - Dry,10 - No control,04 - At/near private drive,01 - Daylight,03 - P.D. only,99 - Other,Bells Corners West
12418,ROBERTSON RD btwn FITZGERALD RD & MOODIE DR,357029.1287,5020432.964,-75.83378,45.3219,2017-01-04,12:34:00 PM,01 - Clear,02 - Wet,10 - No control,04 - At/near private drive,01 - Daylight,03 - P.D. only,02 - Angle,Bells Corners West
12419,ROBERTSON RD btwn FITZGERALD RD & MOODIE DR,356976.7113,5020404.591,-75.83445,45.32165,2017-12-22,2:00:00 PM,04 - Freezing Rain,03 - Loose snow,10 - No control,01 - Non intersection,01 - Daylight,03 - P.D. only,05 - Turning movement,Bells Corners West
12420,ROBERTSON RD btwn HAANEL DR & MILL HILL RD,356204.5676,5019936.602,-75.84435,45.3175,2017-06-12,2:25:00 AM,01 - Clear,01 - Dry,10 - No control,01 - Non intersection,07 - Dark,03 - P.D. only,04 - Sideswipe,Bells Corners West
12421,ROBERTSON RD btwn HAANEL DR & MILL HILL RD,355986.0171,5019802.775,-75.84715,45.31631,2017-07-28,7:45:00 PM,01 - Clear,01 - Dry,10 - No control,01 - Non intersection,01 - Daylight,02 - Non-fatal injury,03 - Rear end,Greenbelt
12422,ROBERTSON RD btwn HAANEL DR & MILL HILL RD,355077.0908,5019256.237,-75.8588,45.31146,2017-09-14,7:13:00 PM,01 - Clear,01 - Dry,10 - No control,01 - Non intersection,05 - Dusk,03 - P.D. only,04 - Sideswipe,Greenbelt
12423,ROBERTSON RD btwn HAANEL DR & MILL HILL RD,355034.8035,5019228.926,-75.85934,45.31122,2017-02-03,3:47:00 AM,01 - Clear,01 - Dry,10 - No control,01 - Non intersection,07 - Dark,03 - P.D. only,07 - SMV other,Greenbelt
12424,ROBERTSON RD btwn HAANEL DR & MILL HILL RD,355177.7947,5019304.616,-75.85751,45.31189,2017-04-04,8:41:00 AM,02 - Rain,02 - Wet,10 - No control,01 - Non intersection,01 - Daylight,02 - Non-fatal injury,07 - SMV other,Greenbelt
12425,ROBERTSON RD btwn HAANEL DR & MILL HILL RD,355248.7619,5019359.454,-75.8566,45.31237,2017-03-24,9:09:00 AM,03 - Snow,03 - Loose snow,10 - No control,01 - Non intersection,01 - Daylight,03 - P.D. only,07 - SMV other,Greenbelt
12426,ROBERTSON RD btwn HAZELDEAN RD & HAANEL DR,354919.732,5019156.23,-75.86081,45.31057,2017-05-23,7:48:00 AM,01 - Clear,01 - Dry,10 - No control,01 - Non intersection,01 - Daylight,03 - P.D. only,07 - SMV other,Greenbelt