Record,Location,X,Y,Longitude,Latitude,Date,Time,Environment,Road_Surface,Traffic_Control,Collision_Location,Light,Collision_Classification,Impact_type,Neighborhood
12427,ROBERTSON RD btwn HAZELDEAN RD & HAANEL DR,353935.9391,5018572.343,-75.87342,45.30538,2017-05-11,10:36:00 PM,01 - Clear,01 - Dry,10 - No control,01 - Non intersection,07 - Dark,03 - P.D. only,07 - SMV other,Greenbelt
12428,ROBERTSON RD btwn HAZELDEAN RD & HAANEL DR,353928.8855,5018570.178,-75.87351,45.30537,2017-10-20,10:05:00 PM,01 - Clear,01 - Dry,10 - No control,01 - Non intersection,07 - Dark,03 - P.D. only,07 - SMV other,Greenbelt
12429,ROBERTSON RD btwn HAZELDEAN RD & HAANEL DR,354542.3154,5018936.877,-75.86565,45.30862,2017-12-15,5:33:00 AM,01 - Clear,06 - Ice,10 - No control,01 - Non intersection,07 - Dark,03 - P.D. only,07 - SMV other,Greenbelt
12430,ROBERTSON RD btwn HAZELDEAN RD & HAANEL DR,354110.2682,5018675.135,-75.87118,45.3063,2017-11-28,5:51:00 PM,01 - Clear,01 - Dry,10 - No control,01 - Non intersection,07 - Dark,03 - P.D. only,07 - SMV other,Greenbelt
12431,ROBERTSON RD btwn HAZELDEAN RD & HAANEL DR,354530.477,5018927.85,-75.8658,45.30854,2017-02-07,6:27:00 PM,04 - Freezing Rain,06 - Ice,10 - No control,01 - Non intersection,07 - Dark,03 - P.D. only,07 - SMV other,Greenbelt
12432,ROBERTSON RD btwn MOODIE DR & VANIER RD,357313.5228,5020598.732,-75.83014,45.32337,2017-06-09,12:17:00 PM,01 - Clear,01 - Dry,10 - No control,01 - Non intersection,01 - Daylight,03 - P.D. only,04 - Sideswipe,Bells Corners East
12433,ROBERTSON RD btwn MOODIE DR & VANIER RD,357111.8026,5020481.565,-75.83272,45.32233,2017-05-13,9:10:00 PM,02 - Rain,02 - Wet,10 - No control,01 - Non intersection,07 - Dark,03 - P.D. only,04 - Sideswipe,Bells Corners East
12434,ROBERTSON RD btwn MOODIE DR & VANIER RD,357332.3232,5020609.377,-75.82989,45.32347,2017-05-19,12:51:00 PM,01 - Clear,01 - Dry,10 - No control,04 - At/near private drive,01 - Daylight,03 - P.D. only,02 - Angle,Bells Corners East
12435,ROBERTSON RD btwn MOODIE DR & VANIER RD,357088.3912,5020468.187,-75.83302,45.32222,2017-05-09,8:46:00 AM,01 - Clear,01 - Dry,10 - No control,01 - Non intersection,01 - Daylight,02 - Non-fatal injury,03 - Rear end,Bells Corners East
12436,ROBERTSON RD btwn MOODIE DR & VANIER RD,357199.428,5020529.057,-75.8316,45.32276,2017-11-23,3:02:00 PM,01 - Clear,01 - Dry,10 - No control,04 - At/near private drive,01 - Daylight,03 - P.D. only,05 - Turning movement,Bells Corners East
12437,ROBERTSON RD btwn MOODIE DR & VANIER RD,357159.5926,5020503.604,-75.83211,45.32253,2017-01-06,3:43:00 PM,01 - Clear,01 - Dry,10 - No control,01 - Non intersection,01 - Daylight,03 - P.D. only,03 - Rear end,Bells Corners East
12438,ROBERTSON RD btwn VANIER RD & RICHMOND RD,357416.0537,5020656.861,-75.82882,45.32389,2017-11-23,7:10:00 PM,01 - Clear,01 - Dry,10 - No control,04 - At/near private drive,07 - Dark,03 - P.D. only,03 - Rear end,Bells Corners East
12439,ROBERTSON RD btwn WESTCLIFFE RD & FITZGERALD RD,356475.5772,5020098.951,-75.84088,45.31894,2017-05-16,6:37:00 PM,01 - Clear,01 - Dry,10 - No control,01 - Non intersection,01 - Daylight,03 - P.D. only,04 - Sideswipe,Bells Corners West
12440,ROBERTSON RD btwn WESTCLIFFE RD & FITZGERALD RD,356706.0145,5020240.369,-75.83792,45.32019,2017-08-22,1:26:00 PM,01 - Clear,01 - Dry,10 - No control,01 - Non intersection,01 - Daylight,03 - P.D. only,04 - Sideswipe,Bells Corners West
12441,ROBERTSON RD btwn WESTCLIFFE RD & FITZGERALD RD,356470.036,5020097.474,-75.84095,45.31893,2017-10-30,3:00:00 PM,01 - Clear,01 - Dry,10 - No control,04 - At/near private drive,01 - Daylight,03 - P.D. only,03 - Rear end,Bells Corners West
12442,ROBERTSON RD btwn WESTCLIFFE RD & FITZGERALD RD,356734.0182,5020258.825,-75.83756,45.32036,2017-11-03,2:59:00 PM,01 - Clear,01 - Dry,10 - No control,04 - At/near private drive,01 - Daylight,03 - P.D. only,03 - Rear end,Bells Corners West
12443,ROBERTSON RD btwn WESTCLIFFE RD & FITZGERALD RD,356726.3487,5020251.745,-75.83766,45.3203,2017-12-17,2:36:00 PM,01 - Clear,01 - Dry,10 - No control,04 - At/near private drive,01 - Daylight,03 - P.D. only,02 - Angle,Bells Corners West
12444,ROBINWOOD PL btwn Continuation of ROBINWOOD PL & Continuation of ROBIN,381067.4779,5034854.309,-75.52496,45.44946,2017-06-11,4:36:00 PM,01 - Clear,01 - Dry,10 - No control,04 - At/near private drive,01 - Daylight,03 - P.D. only,06 - SMV unattended vehicle,Orleans Village - Chateauneuf
12445,ROBLYN WAY btwn MARKLAND CRES & MARKLAND CRES,365909.6571,5016280.324,-75.72102,45.28382,2017-12-17,10:55:00 AM,03 - Snow,05 - Packed snow,10 - No control,01 - Non intersection,01 - Daylight,03 - P.D. only,01 - Approaching,Chapman Mills - Rideau Crest - Davidson Heights
12446,ROCHELLE DR btwn MIRA CRT & TARRYN TER,356221.7368,5005960.42,-75.84558,45.19174,2017-12-24,6:00:00 PM,03 - Snow,03 - Loose snow,10 - No control,04 - At/near private drive,07 - Dark,03 - P.D. only,06 - SMV unattended vehicle,Richmond
12447,ROCHESTER ST @ SOMERSET ST,366482.0396,5030203.235,-75.71199,45.40905,2017-05-07,6:13:00 PM,02 - Rain,02 - Wet,01 - Traffic signal,03 - At intersection,01 - Daylight,03 - P.D. only,02 - Angle,Centretown West
12448,ROCHESTER ST @ SOMERSET ST,366483.3773,5030203.903,-75.71198,45.40905,2017-11-14,2:39:00 PM,01 - Clear,01 - Dry,01 - Traffic signal,02 - Intersection related,01 - Daylight,03 - P.D. only,99 - Other,Centretown West
12449,ROCHESTER ST @ SOMERSET ST,366481.7051,5030202.19,-75.712,45.40904,2017-02-14,11:43:00 PM,03 - Snow,05 - Packed snow,01 - Traffic signal,02 - Intersection related,07 - Dark,03 - P.D. only,03 - Rear end,Centretown West
12450,ROCHESTER ST @ SOMERSET ST,366483.3773,5030203.235,-75.71198,45.40905,2017-02-20,6:40:00 PM,01 - Clear,01 - Dry,01 - Traffic signal,03 - At intersection,07 - Dark,03 - P.D. only,05 - Turning movement,Centretown West
12451,ROCHESTER ST btwn Continuation of ROCHESTER ST & PRIMROSE AVE,366359.4074,5030482.716,-75.71352,45.41157,2017-02-14,6:00:00 PM,03 - Snow,05 - Packed snow,10 - No control,01 - Non intersection,05 - Dusk,03 - P.D. only,06 - SMV unattended vehicle,Centretown West
12452,ROCHESTER ST btwn GLADSTONE AVE & HWY417 IC121B RAMP16,366677.2168,5029757.74,-75.70956,45.40502,2017-06-09,12:00:00 AM,01 - Clear,01 - Dry,10 - No control,01 - Non intersection,07 - Dark,03 - P.D. only,06 - SMV unattended vehicle,Centretown West
12453,ROCHESTER ST btwn SOMERSET ST W & ECCLES ST,366492.5695,5030178.92,-75.71186,45.40883,2017-04-12,9:35:00 AM,01 - Clear,01 - Dry,10 - No control,01 - Non intersection,01 - Daylight,03 - P.D. only,06 - SMV unattended vehicle,Chinatown
12454,ROCKCLIFFE PKWY btwn BIRCH AVE EXT./ROCKCLIFFE PKWY & ROCKCLIFFE PRKY,371170.6408,5035811.704,-75.65134,45.45908,2017-06-24,6:15:00 PM,01 - Clear,01 - Dry,10 - No control,01 - Non intersection,01 - Daylight,03 - P.D. only,03 - Rear end,Gloucester
12455,ROCKCLIFFE PKWY btwn Continuation of ROCKCLIFFE PKWY & GL/OT BOUNDARY,372977.7761,5035867.476,-75.62823,45.45941,2017-04-24,7:43:00 PM,01 - Clear,01 - Dry,10 - No control,01 - Non intersection,07 - Dark,03 - P.D. only,07 - SMV other,Gloucester
12456,ROCKCLIFFE PKWY btwn Continuation of ROCKCLIFFE PKWY & GL/OT BOUNDARY,373052.4713,5035929.18,-75.62727,45.45996,2017-04-18,12:45:00 PM,01 - Clear,01 - Dry,10 - No control,01 - Non intersection,01 - Daylight,03 - P.D. only,07 - SMV other,Gloucester
12457,ROCKCLIFFE PKWY btwn Continuation of ROCKCLIFFE PKWY & GL/OT BOUNDARY,373024.606,5035899.899,-75.62763,45.4597,2017-02-18,1:35:00 PM,01 - Clear,01 - Dry,10 - No control,01 - Non intersection,01 - Daylight,03 - P.D. only,03 - Rear end,Gloucester
12458,ROCKCLIFFE PKWY btwn GL/OT BOUNDARY & ST. JOSEPH BLVD,377553.9778,5036522.126,-75.56963,45.46484,2017-02-20,11:00:00 AM,01 - Clear,06 - Ice,10 - No control,01 - Non intersection,01 - Daylight,03 - P.D. only,99 - Other,Greenbelt
12459,ROCKCLIFFE PKWY btwn GL/OT BOUNDARY & ST. JOSEPH BLVD,377363.5137,5037144.195,-75.57197,45.47045,2017-04-18,8:00:00 AM,01 - Clear,01 - Dry,10 - No control,01 - Non intersection,01 - Daylight,03 - P.D. only,03 - Rear end,Greenbelt
12460,ROCKCLIFFE PKWY btwn GL/OT BOUNDARY & ST. JOSEPH BLVD,376744.3513,5036915.59,-75.57992,45.46846,2017-03-23,7:06:00 PM,01 - Clear,06 - Ice,10 - No control,01 - Non intersection,07 - Dark,03 - P.D. only,01 - Approaching,Greenbelt
12461,ROCKCLIFFE PKWY btwn LISGAR RD & ACACIA AVE,368526.1206,5035412.464,-75.68521,45.45574,2017-09-18,11:10:00 AM,01 - Clear,01 - Dry,10 - No control,01 - Non intersection,01 - Daylight,03 - P.D. only,07 - SMV other,Rockcliffe - Manor Park
12462,ROCKCLIFFE PKWY btwn LISGAR RD & BUENA VISTA RD,368436.4415,5034839.254,-75.68643,45.45059,2017-08-16,4:08:00 PM,01 - Clear,01 - Dry,10 - No control,04 - At/near private drive,01 - Daylight,03 - P.D. only,03 - Rear end,Rockcliffe - Manor Park
12463,ROCKDALE RD @ RUSSELL RD,393759.8612,5026973.02,-75.36415,45.37705,2017-09-29,4:02:00 PM,01 - Clear,01 - Dry,02 - Stop sign,03 - At intersection,01 - Daylight,03 - P.D. only,05 - Turning movement,Navan - Vars
12464,ROCKDALE RD btwn COLONIAL RD & END,391395.6377,5032722.767,-75.39332,45.42908,2017-12-16,9:45:00 PM,01 - Clear,05 - Packed snow,10 - No control,01 - Non intersection,07 - Dark,03 - P.D. only,07 - SMV other,Navan - Vars
12465,ROCKDALE RD btwn COLONIAL RD & HUISMANS RD,392144.1927,5030878.498,-75.38408,45.41239,2017-05-28,4:33:00 AM,01 - Clear,01 - Dry,10 - No control,01 - Non intersection,07 - Dark,03 - P.D. only,07 - SMV other,Navan - Vars
12466,ROCKDALE RD btwn GOLF COURSE RD & RUSSELL RD,393716.7174,5027084.18,-75.36468,45.37806,2017-05-10,8:30:00 PM,01 - Clear,01 - Dry,10 - No control,01 - Non intersection,05 - Dusk,03 - P.D. only,07 - SMV other,Navan - Vars
12467,ROCKDALE RD btwn HWY417 IC88 RAMP15 & HWY417 IC88 RAMP16,395323.0372,5022518.697,-75.34501,45.33678,2017-07-02,7:29:00 PM,02 - Rain,02 - Wet,10 - No control,07 - Overpass or bridge,01 - Daylight,03 - P.D. only,03 - Rear end,Navan - Vars
12468,ROCKDALE RD btwn HWY417 IC88 RAMP15 & HWY417 IC88 RAMP16,395337.7949,5022629.667,-75.3448,45.33777,2017-01-05,6:45:00 AM,05 - Drifting Snow,06 - Ice,10 - No control,01 - Non intersection,07 - Dark,03 - P.D. only,03 - Rear end,Navan - Vars
12469,ROCKDALE RD btwn HWY417 IC88 RAMP61 & HIGHWAY LANE,395358.8359,5022729.604,-75.34452,45.33867,2017-08-10,10:05:00 AM,01 - Clear,01 - Dry,10 - No control,01 - Non intersection,01 - Daylight,03 - P.D. only,07 - SMV other,Navan - Vars
12470,ROCKDALE RD btwn HWY417 IC88 RAMP61 & HIGHWAY LANE,395369.4148,5022782.639,-75.34437,45.33914,2017-02-05,9:50:00 PM,05 - Drifting Snow,05 - Packed snow,10 - No control,01 - Non intersection,07 - Dark,03 - P.D. only,07 - SMV other,Navan - Vars
12471,ROCKDALE RD btwn RUSSELL RD & FORCED RD,394122.7891,5026035.946,-75.35969,45.36857,2017-11-01,6:16:00 PM,02 - Rain,02 - Wet,10 - No control,01 - Non intersection,07 - Dark,03 - P.D. only,07 - SMV other,Navan - Vars
12472,ROCKDALE RD S @ HIGHWAY 417,395262.1285,5022266.208,-75.34583,45.33451,2017-11-20,4:25:00 PM,01 - Clear,01 - Dry,02 - Stop sign,02 - Intersection related,05 - Dusk,03 - P.D. only,04 - Sideswipe,Navan - Vars
12473,ROCKDALE RD S @ HIGHWAY 417,395261.9194,5022265.103,-75.34584,45.3345,2017-04-15,11:45:00 AM,01 - Clear,01 - Dry,02 - Stop sign,03 - At intersection,01 - Daylight,03 - P.D. only,03 - Rear end,Navan - Vars
12474,ROCKINGHAM AVE btwn BRULE AVE & CLEMENTINE BLVD,369445.0184,5027280.407,-75.67453,45.38248,2017-03-05,5:32:00 PM,01 - Clear,05 - Packed snow,10 - No control,04 - At/near private drive,01 - Daylight,03 - P.D. only,06 - SMV unattended vehicle,Alta Vista
12475,ROCKWAY CRES btwn ROCKWAY CRES & END,361287.0786,5022693.759,-75.77921,45.34192,2017-07-15,12:00:00 AM,01 - Clear,01 - Dry,10 - No control,01 - Non intersection,00 - Unknown,03 - P.D. only,06 - SMV unattended vehicle,Briar Green - Leslie Park
12476,ROCKY HILL DR @ PRINCE OF WALES DR,366968.434,5014404.758,-75.70776,45.26685,2017-05-21,1:20:00 PM,01 - Clear,01 - Dry,01 - Traffic signal,02 - Intersection related,01 - Daylight,02 - Non-fatal injury,05 - Turning movement,Chapman Mills - Rideau Crest - Davidson Heights
12477,ROCKY HILL DR @ PRINCE OF WALES DR,366969.4343,5014402.311,-75.70775,45.26683,2017-08-25,3:56:00 PM,02 - Rain,02 - Wet,01 - Traffic signal,02 - Intersection related,01 - Daylight,03 - P.D. only,04 - Sideswipe,Chapman Mills - Rideau Crest - Davidson Heights
12478,ROCKY HILL DR @ PRINCE OF WALES DR,366968.7684,5014403.42,-75.70776,45.26684,2017-09-03,11:50:00 AM,02 - Rain,02 - Wet,01 - Traffic signal,02 - Intersection related,01 - Daylight,03 - P.D. only,03 - Rear end,Chapman Mills - Rideau Crest - Davidson Heights
12479,ROCKY HILL DR @ PRINCE OF WALES DR,366969.7717,5014403.42,-75.70775,45.26684,2017-06-28,12:00:00 PM,01 - Clear,01 - Dry,01 - Traffic signal,02 - Intersection related,01 - Daylight,03 - P.D. only,03 - Rear end,Chapman Mills - Rideau Crest - Davidson Heights
12480,ROCKY HILL DR @ PRINCE OF WALES DR,366970.4406,5014403.42,-75.70774,45.26684,2017-04-01,3:42:00 PM,01 - Clear,01 - Dry,01 - Traffic signal,02 - Intersection related,01 - Daylight,03 - P.D. only,03 - Rear end,Chapman Mills - Rideau Crest - Davidson Heights
12481,RODNEY CRES btwn BILLINGS AVE & NORWOOD AVE,369967.9309,5028642.21,-75.66767,45.39469,2017-11-28,8:00:00 AM,01 - Clear,06 - Ice,10 - No control,01 - Non intersection,01 - Daylight,03 - P.D. only,06 - SMV unattended vehicle,Alta Vista
12482,RODNEY CRES btwn NORWOOD AVE & WESTLANE RD,370151.0632,5028678.06,-75.66533,45.39499,2017-12-21,9:57:00 PM,01 - Clear,01 - Dry,10 - No control,04 - At/near private drive,07 - Dark,03 - P.D. only,06 - SMV unattended vehicle,Alta Vista
12483,ROGER GUINDON AVE @ SMYTH RD,371933.4366,5029226.398,-75.64249,45.39976,2017-10-27,7:26:00 AM,01 - Clear,01 - Dry,01 - Traffic signal,02 - Intersection related,01 - Daylight,03 - P.D. only,05 - Turning movement,Elmvale - Eastway - Riverview - Riverview Park West
12484,ROGER GUINDON AVE @ SMYTH RD,371935.3301,5029226.398,-75.64247,45.39976,2017-10-27,7:10:00 PM,01 - Clear,01 - Dry,01 - Traffic signal,02 - Intersection related,05 - Dusk,03 - P.D. only,03 - Rear end,Elmvale - Eastway - Riverview - Riverview Park West
12485,ROGER GUINDON AVE btwn PETER MORAND CRES & PETER MORAND CRES,371905.364,5029628.362,-75.64279,45.40338,2017-02-01,12:00:00 AM,01 - Clear,01 - Dry,10 - No control,01 - Non intersection,00 - Unknown,03 - P.D. only,06 - SMV unattended vehicle,Elmvale - Eastway - Riverview - Riverview Park West
12486,ROGER GUINDON AVE btwn PETER MORAND CRES & PETER MORAND CRES,371919.4883,5029574.861,-75.64262,45.40289,2017-03-26,9:55:00 PM,04 - Freezing Rain,06 - Ice,10 - No control,04 - At/near private drive,07 - Dark,03 - P.D. only,06 - SMV unattended vehicle,Elmvale - Eastway - Riverview - Riverview Park West
12487,ROGER RD btwn ALTA VISTA DR & FAIRBANKS AVE,370470.4559,5028882.625,-75.66122,45.3968,2017-07-27,4:24:00 PM,01 - Clear,01 - Dry,10 - No control,04 - At/near private drive,01 - Daylight,03 - P.D. only,06 - SMV unattended vehicle,Alta Vista
12488,ROGER STEVENS DR @ MALAKOFF RD,362226.8849,4996127.349,-75.77029,45.10279,2017-11-17,3:42:00 PM,01 - Clear,01 - Dry,02 - Stop sign,03 - At intersection,01 - Daylight,02 - Non-fatal injury,02 - Angle,Munster Hamlet - Richmond
12489,ROGER STEVENS DR @ MALAKOFF RD,362230.6773,4996125.172,-75.77024,45.10277,2017-11-21,11:53:00 AM,01 - Clear,01 - Dry,02 - Stop sign,02 - Intersection related,01 - Daylight,03 - P.D. only,07 - SMV other,Munster Hamlet - Richmond
12490,ROGER STEVENS DR @ SECOND LINE RD,369960.3897,5001498.846,-75.67133,45.15046,2017-02-12,12:13:00 PM,03 - Snow,05 - Packed snow,02 - Stop sign,02 - Intersection related,01 - Daylight,03 - P.D. only,07 - SMV other,Kars - Osgoode
12491,ROGER STEVENS DR @ THIRD LINE RD,368211.6746,5000397.288,-75.6937,45.1407,2017-01-05,10:48:00 AM,03 - Snow,04 - Slush,02 - Stop sign,03 - At intersection,01 - Daylight,03 - P.D. only,03 - Rear end,Manotick - North Gower
12492,ROGER STEVENS DR btwn DORACK DR & FIRST LINE RD,371238.0239,5002260.607,-75.65498,45.15719,2017-03-06,9:05:00 AM,01 - Clear,01 - Dry,10 - No control,01 - Non intersection,01 - Daylight,03 - P.D. only,07 - SMV other,Manotick - North Gower
12493,ROGER STEVENS DR btwn DWYER HILL RD & MALAKOFF RD,356704.0933,4991318.057,-75.84096,45.05994,2017-05-11,7:53:00 PM,01 - Clear,01 - Dry,10 - No control,01 - Non intersection,05 - Dusk,03 - P.D. only,07 - SMV other,Munster Hamlet - Richmond
12494,ROGER STEVENS DR btwn DWYER HILL RD & MALAKOFF RD,361849.3551,4995804.728,-75.77512,45.09992,2017-07-22,10:51:00 PM,01 - Clear,01 - Dry,10 - No control,01 - Non intersection,07 - Dark,03 - P.D. only,07 - SMV other,Munster Hamlet - Richmond
12495,ROGER STEVENS DR btwn DWYER HILL RD & MALAKOFF RD,355600.1111,4990434.722,-75.85506,45.05207,2017-10-15,9:15:00 PM,01 - Clear,02 - Wet,10 - No control,04 - At/near private drive,07 - Dark,03 - P.D. only,07 - SMV other,Munster Hamlet - Richmond
12496,ROGER STEVENS DR btwn DWYER HILL RD & MALAKOFF RD,354413.3647,4989421.193,-75.87023,45.04304,2017-09-21,12:00:00 AM,99 - Other,01 - Dry,10 - No control,01 - Non intersection,00 - Unknown,03 - P.D. only,07 - SMV other,Munster Hamlet - Richmond
12497,ROGER STEVENS DR btwn DWYER HILL RD & MALAKOFF RD,361591.0817,4995572.554,-75.77843,45.09785,2017-09-22,5:33:00 PM,01 - Clear,01 - Dry,10 - No control,01 - Non intersection,01 - Daylight,03 - P.D. only,07 - SMV other,Munster Hamlet - Richmond
12498,ROGER STEVENS DR btwn DWYER HILL RD & MALAKOFF RD,355510.5412,4990291.614,-75.85621,45.05079,2017-10-30,8:32:00 AM,02 - Rain,02 - Wet,10 - No control,01 - Non intersection,01 - Daylight,03 - P.D. only,07 - SMV other,Munster Hamlet - Richmond
12499,ROGER STEVENS DR btwn DWYER HILL RD & MALAKOFF RD,357006.0218,4991481.201,-75.83711,45.06139,2017-12-13,4:07:00 PM,01 - Clear,01 - Dry,10 - No control,01 - Non intersection,05 - Dusk,03 - P.D. only,07 - SMV other,Munster Hamlet - Richmond
12500,ROGER STEVENS DR btwn DWYER HILL RD & MALAKOFF RD,355153.6652,4990088.514,-75.86076,45.04899,2017-02-09,7:47:00 AM,01 - Clear,01 - Dry,10 - No control,01 - Non intersection,01 - Daylight,03 - P.D. only,07 - SMV other,Munster Hamlet - Richmond
12501,ROGER STEVENS DR btwn DWYER HILL RD & MALAKOFF RD,355609.4035,4990433.433,-75.85494,45.05206,2017-03-03,7:34:00 AM,01 - Clear,01 - Dry,10 - No control,01 - Non intersection,01 - Daylight,03 - P.D. only,07 - SMV other,Munster Hamlet - Richmond
12502,ROGER STEVENS DR btwn HWY416 IC49 RAMP24 & SECOND LINE RD S,369940.298,5001481.248,-75.67159,45.1503,2017-03-14,6:11:00 PM,03 - Snow,03 - Loose snow,10 - No control,01 - Non intersection,05 - Dusk,03 - P.D. only,07 - SMV other,Kars - Osgoode
12503,ROGER STEVENS DR btwn HWY416 IC49 RAMP24 & SECOND LINE RD S,369464.4934,5001124.866,-75.67768,45.14714,2017-03-02,9:10:00 AM,03 - Snow,06 - Ice,10 - No control,01 - Non intersection,01 - Daylight,03 - P.D. only,07 - SMV other,Kars - Osgoode
12504,ROGER STEVENS DR btwn MALAKOFF RD & MCCORDICK RD,362311.5646,4996202.835,-75.7692,45.10346,2017-06-26,9:30:00 PM,02 - Rain,02 - Wet,10 - No control,01 - Non intersection,07 - Dark,03 - P.D. only,07 - SMV other,Munster Hamlet - Richmond
12505,ROGER STEVENS DR btwn MALAKOFF RD & MCCORDICK RD,363438.6037,4997191.569,-75.75477,45.11227,2017-11-11,12:23:00 PM,01 - Clear,01 - Dry,10 - No control,01 - Non intersection,01 - Daylight,03 - P.D. only,01 - Approaching,Munster Hamlet - Richmond
12506,ROGER STEVENS DR btwn MALAKOFF RD & MCCORDICK RD,363413.7575,4997184.851,-75.75508,45.11221,2017-11-19,1:24:00 PM,03 - Snow,03 - Loose snow,10 - No control,01 - Non intersection,01 - Daylight,03 - P.D. only,07 - SMV other,Munster Hamlet - Richmond
12507,ROGER STEVENS DR btwn MALAKOFF RD & MCCORDICK RD,363540.1469,4997287.367,-75.75346,45.11312,2017-01-10,3:01:00 PM,03 - Snow,06 - Ice,10 - No control,01 - Non intersection,01 - Daylight,03 - P.D. only,04 - Sideswipe,Munster Hamlet - Richmond
12508,ROGER STEVENS DR btwn MALAKOFF RD & MCCORDICK RD,362676.8746,4996525.821,-75.76452,45.10634,2017-04-09,11:23:00 AM,01 - Clear,01 - Dry,10 - No control,01 - Non intersection,01 - Daylight,03 - P.D. only,07 - SMV other,Munster Hamlet - Richmond
12509,ROGER STEVENS DR btwn MALAKOFF RD & MCCORDICK RD,362380.0923,4996265.38,-75.76832,45.10402,2017-12-18,1:44:00 PM,03 - Snow,03 - Loose snow,10 - No control,01 - Non intersection,01 - Daylight,03 - P.D. only,07 - SMV other,Munster Hamlet - Richmond
12510,ROGER STEVENS DR btwn MCCORDICK RD & CRAIGHURST DR,364788.5615,4998400.176,-75.73747,45.12303,2017-01-23,6:09:00 AM,04 - Freezing Rain,06 - Ice,10 - No control,01 - Non intersection,07 - Dark,03 - P.D. only,07 - SMV other,Manotick - North Gower
12511,ROGER STEVENS DR btwn MCCORDICK RD & CRAIGHURST DR,365098.6546,4998603.816,-75.7335,45.12484,2017-01-10,8:10:00 PM,03 - Snow,03 - Loose snow,10 - No control,01 - Non intersection,07 - Dark,03 - P.D. only,03 - Rear end,Manotick - North Gower
12512,ROGER STEVENS DR btwn MCCORDICK RD & CRAIGHURST DR,364795.1007,4998412.274,-75.73738,45.12314,2017-03-25,6:09:00 PM,01 - Clear,01 - Dry,10 - No control,01 - Non intersection,05 - Dusk,03 - P.D. only,07 - SMV other,Manotick - North Gower
12513,ROGER STEVENS DR btwn MCKENNA RD & DWYER HILL RD,353812.1671,4988877.687,-75.87791,45.03819,2017-01-23,6:06:00 AM,04 - Freezing Rain,06 - Ice,10 - No control,01 - Non intersection,07 - Dark,02 - Non-fatal injury,01 - Approaching,Munster Hamlet - Richmond
12514,ROGER STEVENS DR btwn MONTAGUE BOUNDARY RD & MCKENNA RD,352328.9893,4987516.071,-75.89687,45.02604,2017-05-01,12:00:00 AM,01 - Clear,01 - Dry,10 - No control,01 - Non intersection,00 - Unknown,03 - P.D. only,07 - SMV other,Munster Hamlet - Richmond
12515,ROGER STEVENS DR btwn MONTAGUE BOUNDARY RD & MCKENNA RD,352961.9426,4988130.237,-75.88877,45.03152,2017-07-02,6:00:00 PM,01 - Clear,01 - Dry,10 - No control,01 - Non intersection,01 - Daylight,03 - P.D. only,07 - SMV other,Munster Hamlet - Richmond
12516,ROGER STEVENS DR btwn MONTAGUE BOUNDARY RD & MCKENNA RD,352348.6865,4987564.152,-75.89661,45.02647,2017-02-03,3:38:00 AM,03 - Snow,05 - Packed snow,10 - No control,01 - Non intersection,07 - Dark,03 - P.D. only,07 - SMV other,Munster Hamlet - Richmond
12517,ROGER STEVENS DR btwn RIDEAU VALLEY DR N & ROGER STEVENS DR,372300.6631,5002862.791,-75.64139,45.16251,2017-03-15,6:45:00 AM,03 - Snow,03 - Loose snow,10 - No control,01 - Non intersection,03 - Dawn,03 - P.D. only,01 - Approaching,Manotick
12518,ROGER STEVENS DR btwn SECOND LINE RD S & DORACK DR,370203.5715,5001668.856,-75.66821,45.15196,2017-10-24,10:40:00 AM,02 - Rain,02 - Wet,10 - No control,01 - Non intersection,01 - Daylight,03 - P.D. only,04 - Sideswipe,Kars - Osgoode
12519,ROGER STEVENS DR btwn THIRD LINE RD S & HWY416 IC49 RAMP34,368674.1672,5000668.222,-75.68779,45.1431,2017-06-12,7:19:00 AM,01 - Clear,01 - Dry,10 - No control,01 - Non intersection,01 - Daylight,03 - P.D. only,05 - Turning movement,Kars - Osgoode
12520,ROGER'S CREEK WAY btwn LAKEWOOD DR & CONE TER,348585.7094,4999789.809,-75.94329,45.13672,2017-11-07,8:18:00 AM,01 - Clear,01 - Dry,10 - No control,01 - Non intersection,01 - Daylight,02 - Non-fatal injury,07 - SMV other,Munster Hamlet - Richmond
12521,ROLAND MICHENER DR btwn EARL GREY DR & END,350847.3232,5018916.65,-75.91277,45.30869,2017-03-29,12:52:00 PM,01 - Clear,01 - Dry,10 - No control,04 - At/near private drive,01 - Daylight,03 - P.D. only,04 - Sideswipe,Kanata
12522,ROLLING MEADOW CRES @ SADDLERIDGE DR,381634.7702,5032463.793,-75.51808,45.42789,2017-11-02,8:30:00 AM,02 - Rain,02 - Wet,10 - No control,03 - At intersection,01 - Daylight,03 - P.D. only,02 - Angle,Chapel Hill South
12523,ROLLING MEADOW CRES btwn ESTERBROOK DR & KNOTRIDGE ST,381884.8595,5032538.105,-75.51488,45.42853,2017-09-21,12:00:00 AM,01 - Clear,01 - Dry,10 - No control,01 - Non intersection,00 - Unknown,03 - P.D. only,06 - SMV unattended vehicle,Chapel Hill South
12524,ROLLING MEADOW CRES btwn ESTERBROOK DR & KNOTRIDGE ST,381842.4387,5032492.699,-75.51543,45.42812,2017-03-18,8:18:00 AM,01 - Clear,01 - Dry,10 - No control,01 - Non intersection,01 - Daylight,03 - P.D. only,06 - SMV unattended vehicle,Chapel Hill South