Record,Location,X,Y,Longitude,Latitude,Date,Time,Environment,Road_Surface,Traffic_Control,Collision_Location,Light,Collision_Classification,Impact_type,Neighborhood
12525,ROMINA ST @ OPUS ST,354554.0355,5015182.004,-75.86588,45.27483,2017-09-28,8:43:00 AM,01 - Clear,01 - Dry,10 - No control,02 - Intersection related,01 - Daylight,03 - P.D. only,06 - SMV unattended vehicle,Stittsville - Basswood
12526,RONDEL ST btwn INNES RD & ORIENT PARK DR,378879.3916,5033132.614,-75.55319,45.4342,2017-08-12,12:00:00 AM,01 - Clear,01 - Dry,10 - No control,04 - At/near private drive,00 - Unknown,03 - P.D. only,06 - SMV unattended vehicle,Blackburn Hamlet
12527,ROONEY'S LANE btwn KILBORN AVE & END,369714.7134,5027527.343,-75.67105,45.38468,2017-10-03,1:38:00 PM,01 - Clear,01 - Dry,10 - No control,01 - Non intersection,01 - Daylight,03 - P.D. only,07 - SMV other,Alta Vista
12528,ROOSEVELT AVE btwn GREENWOOD AVE & COLE AVE,363438.5273,5027146.465,-75.75123,45.3818,2017-11-02,9:18:00 PM,02 - Rain,02 - Wet,10 - No control,01 - Non intersection,07 - Dark,03 - P.D. only,04 - Sideswipe,Carlingwood - McKellar Park - Laurentien View
12529,ROOSEVELT AVE btwn PRINCETON AVE & AVONDALE AVE,363231.7363,5027621.545,-75.75382,45.3861,2017-01-29,5:00:00 PM,01 - Clear,05 - Packed snow,10 - No control,01 - Non intersection,05 - Dusk,03 - P.D. only,06 - SMV unattended vehicle,Carlingwood - McKellar Park - Laurentien View
12530,ROSEBELLA AVE btwn EIGHTH ST & CONROY RD,374247.6089,5024165.374,-75.61365,45.35399,2017-11-22,12:00:00 AM,01 - Clear,01 - Dry,10 - No control,01 - Non intersection,00 - Unknown,03 - P.D. only,06 - SMV unattended vehicle,Blossom Park - Blossom Park West - Sawmill Creek/ Timbermill
12531,ROSEBELLA AVE btwn MAVIS ST & BANK ST,372984.3117,5023420.301,-75.62987,45.34741,2017-07-20,4:21:00 PM,01 - Clear,01 - Dry,10 - No control,04 - At/near private drive,01 - Daylight,03 - P.D. only,07 - SMV other,Blossom Park - Blossom Park West - Sawmill Creek/ Timbermill
12532,ROSEBERY AVE btwn BANK ST & END,367977.6878,5029983.724,-75.69292,45.40694,2017-02-01,4:53:00 AM,03 - Snow,03 - Loose snow,10 - No control,01 - Non intersection,07 - Dark,03 - P.D. only,07 - SMV other,The Glebe
12533,ROSEHILL AVE btwn SHACKLEFORD WAY & WARMSTONE DR,350196.066,5016180.167,-75.92133,45.28411,2017-04-16,9:00:00 PM,01 - Clear,01 - Dry,10 - No control,01 - Non intersection,07 - Dark,03 - P.D. only,06 - SMV unattended vehicle,Stittsville
12534,ROSEMEADE PL btwn DALECROFT CRES & GLENARDEN CRT,362280.9246,5022371.174,-75.76657,45.33893,2017-06-28,5:04:00 PM,01 - Clear,01 - Dry,10 - No control,04 - At/near private drive,01 - Daylight,03 - P.D. only,06 - SMV unattended vehicle,Centrepointe
12535,ROSEMOUNT AVE btwn WELLINGTON ST W & GLADSTONE AVE,365389.2309,5029370.341,-75.72605,45.40165,2017-01-14,5:15:00 PM,01 - Clear,01 - Dry,10 - No control,01 - Non intersection,05 - Dusk,03 - P.D. only,06 - SMV unattended vehicle,Civi
12536,ROSETTA AVE btwn CORONET AVE & AMBIANCE DR,366914.7795,5016701.629,-75.70816,45.28752,2017-02-05,11:00:00 AM,01 - Clear,05 - Packed snow,10 - No control,01 - Non intersection,01 - Daylight,03 - P.D. only,06 - SMV unattended vehicle,Chapman Mills - Rideau Crest - Davidson Heights
12537,ROSETTA AVE btwn CORONET AVE & AMBIANCE DR,366978.5012,5016729.349,-75.70734,45.28777,2017-03-23,8:51:00 PM,01 - Clear,01 - Dry,10 - No control,04 - At/near private drive,07 - Dark,03 - P.D. only,02 - Angle,Chapman Mills - Rideau Crest - Davidson Heights
12538,ROSINGDALE ST btwn FOXLIGHT CIR & SUMMERGAZE ST,356774.109,5015619.905,-75.83754,45.27861,2017-09-08,4:55:00 AM,01 - Clear,01 - Dry,10 - No control,01 - Non intersection,07 - Dark,03 - P.D. only,06 - SMV unattended vehicle,Bridlewood - Emerald Meadows
12539,ROSLYN AVE btwn AYLMER AVE & WOODBINE PL,368231.5223,5028389.981,-75.68988,45.39258,2017-09-13,12:00:00 AM,01 - Clear,01 - Dry,10 - No control,04 - At/near private drive,00 - Unknown,03 - P.D. only,06 - SMV unattended vehicle,Old Ottawa South
12540,ROSLYN AVE btwn AYLMER AVE & WOODBINE PL,368247.0454,5028366.849,-75.68968,45.39237,2017-02-17,12:00:00 AM,01 - Clear,05 - Packed snow,10 - No control,01 - Non intersection,00 - Unknown,03 - P.D. only,06 - SMV unattended vehicle,Old Ottawa South
12541,ROSS AVE @ SCOTT ST,364357.2372,5029362.565,-75.73924,45.40167,2017-10-05,6:15:00 PM,01 - Clear,01 - Dry,02 - Stop sign,03 - At intersection,05 - Dusk,03 - P.D. only,05 - Turning movement,Tunney's Pasture
12542,ROSS AVE btwn SIR FREDERICK BANTING DRWY & SPENCER ST,364399.4781,5029262.303,-75.73871,45.40076,2017-11-06,9:10:00 AM,01 - Clear,01 - Dry,10 - No control,04 - At/near private drive,01 - Daylight,03 - P.D. only,06 - SMV unattended vehicle,Island Park
12543,ROSS AVE btwn SPENCER ST & WELLINGTON ST W,364472.1341,5029099.772,-75.7378,45.39929,2017-03-22,12:00:00 AM,01 - Clear,01 - Dry,10 - No control,01 - Non intersection,00 - Unknown,03 - P.D. only,06 - SMV unattended vehicle,Island Park
12544,ROSSAN ST btwn BAYPOINTE CRES & DAYBREAK ST,367101.4204,5016076.379,-75.70586,45.28188,2017-12-18,12:11:00 PM,01 - Clear,05 - Packed snow,10 - No control,04 - At/near private drive,01 - Daylight,03 - P.D. only,06 - SMV unattended vehicle,Chapman Mills - Rideau Crest - Davidson Heights
12545,ROTHBOURNE RD @ MOONSTONE RD,347246.5574,5013967.104,-75.95911,45.26438,2017-02-15,11:23:00 AM,01 - Clear,03 - Loose snow,02 - Stop sign,03 - At intersection,01 - Daylight,02 - Non-fatal injury,99 - Other,Stittsville - Basswood
12546,ROTHBOURNE RD btwn MOONSTONE RD & CARP RD,347472.32,5014151.574,-75.95622,45.26603,2017-11-30,9:25:00 PM,01 - Clear,02 - Wet,10 - No control,01 - Non intersection,07 - Dark,02 - Non-fatal injury,07 - SMV other,Stittsville - Basswood
12547,ROTHBURY CRES btwn PROVENDER AVE & DRAYTON PRIV,372947.137,5034736.764,-75.62878,45.44924,2017-12-14,12:00:00 AM,03 - Snow,03 - Loose snow,10 - No control,01 - Non intersection,00 - Unknown,03 - P.D. only,06 - SMV unattended vehicle,Gloucester
12548,ROTHWELL DR btwn WICK CRES & NASKAPI DR,374620.4591,5034896.21,-75.60737,45.45051,2017-11-02,12:29:00 PM,02 - Rain,02 - Wet,10 - No control,01 - Non intersection,01 - Daylight,03 - P.D. only,07 - SMV other,Beacon Hill North
12549,ROWANWOOD AVE btwn BYRON AVE & KEENAN AVE,362132.287,5027087.345,-75.76792,45.38138,2017-04-19,12:00:00 AM,01 - Clear,01 - Dry,10 - No control,01 - Non intersection,00 - Unknown,03 - P.D. only,06 - SMV unattended vehicle,Carlingwood - McKellar Park - Laurentien View
12550,ROYDON PL btwn WOODFIELD DR & WEST HUNT CLUB RD,365826.8127,5022393.159,-75.72133,45.33883,2017-06-09,2:43:00 PM,01 - Clear,01 - Dry,10 - No control,04 - At/near private drive,01 - Daylight,03 - P.D. only,05 - Turning movement,Industrial Park
12551,ROYDON PL btwn WOODFIELD DR & WEST HUNT CLUB RD,365912.5632,5022272.567,-75.72025,45.33774,2017-05-05,12:15:00 PM,02 - Rain,02 - Wet,10 - No control,04 - At/near private drive,01 - Daylight,03 - P.D. only,02 - Angle,Industrial Park
12552,ROYDON PL btwn WOODFIELD DR & WEST HUNT CLUB RD,365552.0072,5022347.852,-75.72484,45.33845,2017-08-07,3:16:00 PM,01 - Clear,01 - Dry,10 - No control,04 - At/near private drive,01 - Daylight,03 - P.D. only,05 - Turning movement,Industrial Park
12553,ROYDON PL btwn WOODFIELD DR & WEST HUNT CLUB RD,365557.4409,5022355.051,-75.72477,45.33851,2017-09-12,6:30:00 PM,01 - Clear,01 - Dry,10 - No control,04 - At/near private drive,01 - Daylight,02 - Non-fatal injury,02 - Angle,Industrial Park
12554,ROYDON PL btwn WOODFIELD DR & WEST HUNT CLUB RD,365814.4486,5022397.033,-75.72148,45.33887,2017-12-12,5:02:00 PM,03 - Snow,03 - Loose snow,10 - No control,01 - Non intersection,07 - Dark,03 - P.D. only,05 - Turning movement,Industrial Park
12555,ROYDON PL btwn WOODFIELD DR & WEST HUNT CLUB RD,365754.9948,5022393.04,-75.72224,45.33884,2017-02-15,12:30:00 PM,01 - Clear,02 - Wet,10 - No control,04 - At/near private drive,01 - Daylight,03 - P.D. only,02 - Angle,Industrial Park
12556,ROYDON PL btwn WOODFIELD DR & WEST HUNT CLUB RD,365830.9296,5022389.956,-75.72128,45.3388,2017-01-25,8:43:00 AM,01 - Clear,02 - Wet,10 - No control,01 - Non intersection,01 - Daylight,02 - Non-fatal injury,01 - Approaching,Industrial Park
12557,ROYDON PL btwn WOODFIELD DR & WEST HUNT CLUB RD,365924.3182,5022247.916,-75.7201,45.33752,2017-01-16,2:44:00 PM,01 - Clear,01 - Dry,10 - No control,04 - At/near private drive,01 - Daylight,03 - P.D. only,02 - Angle,Industrial Park
12558,ROYDON PL btwn WOODFIELD DR & WEST HUNT CLUB RD,365931.0738,5022232.18,-75.72002,45.33737,2017-03-25,5:05:00 PM,01 - Clear,01 - Dry,10 - No control,04 - At/near private drive,01 - Daylight,03 - P.D. only,02 - Angle,Industrial Park
12559,RUISSELLET RD @ RUSSELL RD,398927.5524,5028952.796,-75.29781,45.39419,2017-11-19,9:32:00 AM,02 - Rain,06 - Ice,02 - Stop sign,02 - Intersection related,01 - Daylight,03 - P.D. only,07 - SMV other,Navan - Vars
12560,RUSHMORE RD btwn EAGLESON RD & RICHMOND RD,356794.2833,5010573.984,-75.83781,45.23321,2017-08-25,3:09:00 AM,01 - Clear,01 - Dry,10 - No control,01 - Non intersection,07 - Dark,03 - P.D. only,07 - SMV other,Munster Hamlet - Richmond
12561,RUSSELL AVE @ LAURIER AVE,369038.1952,5032215.814,-75.67908,45.42693,2017-12-22,3:00:00 PM,01 - Clear,04 - Slush,02 - Stop sign,03 - At intersection,01 - Daylight,03 - P.D. only,02 - Angle,Sandy Hill
12562,RUSSELL AVE @ TEMPLETON ST,369362.3788,5031686.579,-75.675,45.42213,2017-06-20,10:10:00 AM,01 - Clear,01 - Dry,02 - Stop sign,03 - At intersection,01 - Daylight,03 - P.D. only,02 - Angle,Sandy Hill
12563,RUSSELL AVE btwn LAURIER AVE E & OSGOODE ST,369066.9726,5032174.344,-75.67872,45.42655,2017-11-20,12:00:00 AM,01 - Clear,06 - Ice,10 - No control,01 - Non intersection,00 - Unknown,03 - P.D. only,06 - SMV unattended vehicle,Sandy Hill
12564,RUSSELL AVE btwn LAURIER AVE E & OSGOODE ST,369064.801,5032172.771,-75.67874,45.42654,2017-03-23,12:00:00 AM,01 - Clear,02 - Wet,10 - No control,01 - Non intersection,00 - Unknown,03 - P.D. only,06 - SMV unattended vehicle,Sandy Hill
12565,RUSSELL AVE btwn OSGOODE ST & SOMERSET ST E,369175.2382,5031992.467,-75.67736,45.4249,2017-11-26,6:20:00 PM,03 - Snow,05 - Packed snow,10 - No control,01 - Non intersection,07 - Dark,03 - P.D. only,06 - SMV unattended vehicle,Sandy Hill
12566,RUSSELL RD @ SAUMURE RD/LANGLADE RD,399949.1808,5029463.843,-75.28466,45.39865,2017-07-28,10:08:00 AM,01 - Clear,01 - Dry,02 - Stop sign,03 - At intersection,01 - Daylight,03 - P.D. only,05 - Turning movement,Navan - Vars
12567,RUSSELL RD @ SAUMURE RD/LANGLADE RD,399932.6025,5029464.476,-75.28487,45.39865,2017-09-29,4:29:00 PM,01 - Clear,01 - Dry,02 - Stop sign,03 - At intersection,01 - Daylight,02 - Non-fatal injury,05 - Turning movement,Navan - Vars
12568,RUSSELL RD @ SAUMURE RD/LANGLADE RD,399946.8954,5029465.822,-75.28469,45.39866,2017-03-06,6:16:00 PM,04 - Freezing Rain,04 - Slush,02 - Stop sign,02 - Intersection related,05 - Dusk,03 - P.D. only,07 - SMV other,Navan - Vars
12569,RUSSELL RD @ SOUTHVALE CRES S,374458.0734,5028632.875,-75.61033,45.39417,2017-07-03,7:06:00 PM,01 - Clear,01 - Dry,01 - Traffic signal,02 - Intersection related,01 - Daylight,03 - P.D. only,03 - Rear end,Sheffield Glen
12570,RUSSELL RD @ SOUTHVALE CRES S,374456.0667,5028632.206,-75.61036,45.39416,2017-01-30,8:23:00 AM,01 - Clear,01 - Dry,01 - Traffic signal,02 - Intersection related,01 - Daylight,03 - P.D. only,03 - Rear end,Hawthorne Meadows
12571,RUSSELL RD @ SOUTHVALE CRES S,374457.9761,5028632.405,-75.61033,45.39417,2017-03-20,11:11:00 PM,01 - Clear,01 - Dry,01 - Traffic signal,03 - At intersection,07 - Dark,02 - Non-fatal injury,02 - Angle,Sheffield Glen
12572,RUSSELL RD @ ST. LAURENT SERVICE RD,373432.0905,5029357.959,-75.62333,45.4008,2017-07-24,3:21:00 PM,01 - Clear,01 - Dry,02 - Stop sign,03 - At intersection,01 - Daylight,02 - Non-fatal injury,05 - Turning movement,Hawthorne Meadows - Sheffield Glen
12573,RUSSELL RD @ TUPPER AVE,374257.7389,5028749.214,-75.61287,45.39524,2017-03-21,7:03:00 AM,01 - Clear,02 - Wet,01 - Traffic signal,02 - Intersection related,01 - Daylight,03 - P.D. only,02 - Angle,Hawthorne Meadows
12574,RUSSELL RD btwn ANDERSON RD & FARMERS WAY,380756.9361,5026442.74,-75.53023,45.37381,2017-08-16,9:07:00 PM,01 - Clear,01 - Dry,10 - No control,01 - Non intersection,07 - Dark,03 - P.D. only,07 - SMV other,Greenbelt
12575,RUSSELL RD btwn ANDERSON RD & FARMERS WAY,379926.2612,5026662.001,-75.5408,45.37587,2017-03-24,11:48:00 AM,03 - Snow,03 - Loose snow,10 - No control,01 - Non intersection,01 - Daylight,03 - P.D. only,07 - SMV other,Greenbelt
12576,RUSSELL RD btwn BELGREEN DR & BLAKE RD,376082.3874,5027391.927,-75.58977,45.38284,2017-06-01,5:31:00 AM,01 - Clear,01 - Dry,10 - No control,01 - Non intersection,03 - Dawn,03 - P.D. only,06 - SMV unattended vehicle,Greenbelt
12577,RUSSELL RD btwn BELGREEN DR & BLAKE RD,376465.9766,5027182.993,-75.5849,45.38092,2017-01-27,4:30:00 PM,03 - Snow,02 - Wet,10 - No control,01 - Non intersection,05 - Dusk,02 - Non-fatal injury,07 - SMV other,Greenbelt
12578,RUSSELL RD btwn BLAKE RD & RAMSAYVILLE RD,377391.4975,5026511.15,-75.57318,45.37478,2017-09-03,12:24:00 AM,01 - Clear,01 - Dry,10 - No control,01 - Non intersection,07 - Dark,02 - Non-fatal injury,03 - Rear end,Greenbelt
12579,RUSSELL RD btwn CARLSBAD LANE & MILTON RD,389638.794,5025326.488,-75.41704,45.36275,2017-12-15,7:00:00 PM,03 - Snow,06 - Ice,10 - No control,01 - Non intersection,07 - Dark,03 - P.D. only,07 - SMV other,Navan - Vars
12580,RUSSELL RD btwn CLAYTON RD & RUISSELLET RD,397789.3601,5028645.617,-75.3124,45.39158,2017-01-27,8:23:00 PM,03 - Snow,03 - Loose snow,10 - No control,01 - Non intersection,07 - Dark,03 - P.D. only,07 - SMV other,Navan - Vars
12581,RUSSELL RD btwn CLAYTON RD & RUISSELLET RD,397591.0363,5028588.282,-75.31494,45.39109,2017-12-19,4:41:00 PM,03 - Snow,02 - Wet,10 - No control,01 - Non intersection,05 - Dusk,03 - P.D. only,03 - Rear end,Navan - Vars
12582,RUSSELL RD btwn CUBA AVE & SMYTH RD,373184.2742,5029451.758,-75.62648,45.40166,2017-10-31,9:58:00 AM,01 - Clear,01 - Dry,10 - No control,01 - Non intersection,01 - Daylight,03 - P.D. only,05 - Turning movement,Elmvale - Eastway - Riverview - Riverview Park West
12583,RUSSELL RD btwn CUBA AVE & SMYTH RD,373013.4348,5029500.528,-75.62866,45.40212,2017-04-20,11:07:00 AM,01 - Clear,01 - Dry,10 - No control,01 - Non intersection,01 - Daylight,03 - P.D. only,06 - SMV unattended vehicle,Elmvale - Eastway - Riverview - Riverview Park West
12584,RUSSELL RD btwn DUNNING RD & CLAYTON RD,396344.635,5028007.006,-75.33096,45.38602,2017-10-13,6:50:00 AM,01 - Clear,01 - Dry,10 - No control,01 - Non intersection,03 - Dawn,03 - P.D. only,07 - SMV other,Navan - Vars
12585,RUSSELL RD btwn FARMERS WAY & TO BE DETERMINED,382234.1261,5026226.147,-75.51141,45.3717,2017-03-24,10:35:00 AM,03 - Snow,05 - Packed snow,10 - No control,01 - Non intersection,01 - Daylight,03 - P.D. only,07 - SMV other,Greenbelt
12586,RUSSELL RD btwn FORCED RD & DUNNING RD,395845.7557,5027781.317,-75.33737,45.38405,2017-09-27,6:57:00 AM,01 - Clear,01 - Dry,10 - No control,04 - At/near private drive,01 - Daylight,03 - P.D. only,03 - Rear end,Navan - Vars
12587,RUSSELL RD btwn FRANK KENNY RD & ROCKDALE RD,392646.019,5026397.545,-75.37847,45.37201,2017-08-02,5:50:00 AM,01 - Clear,02 - Wet,10 - No control,01 - Non intersection,03 - Dawn,03 - P.D. only,07 - SMV other,Navan - Vars
12588,RUSSELL RD btwn FRANK KENNY RD & ROCKDALE RD,392658.8353,5026402.265,-75.37831,45.37205,2017-12-01,4:58:00 PM,02 - Rain,02 - Wet,10 - No control,01 - Non intersection,07 - Dark,03 - P.D. only,07 - SMV other,Navan - Vars
12589,RUSSELL RD btwn HAIG DR & CUBA AVE,372905.1611,5029536.134,-75.63004,45.40245,2017-12-22,10:13:00 AM,01 - Clear,02 - Wet,10 - No control,04 - At/near private drive,01 - Daylight,03 - P.D. only,03 - Rear end,Industrial Park
12590,RUSSELL RD btwn HERBERT DR & FORCED RD,395296.366,5027573.077,-75.34443,45.38225,2017-11-26,6:49:00 PM,03 - Snow,03 - Loose snow,10 - No control,01 - Non intersection,07 - Dark,03 - P.D. only,07 - SMV other,Navan - Vars
12591,RUSSELL RD btwn HERBERT DR & FORCED RD,395707.6289,5027735.348,-75.33915,45.38366,2017-02-05,6:45:00 AM,03 - Snow,03 - Loose snow,10 - No control,01 - Non intersection,03 - Dawn,03 - P.D. only,07 - SMV other,Navan - Vars
12592,RUSSELL RD btwn MILTON RD & SAND RD,389798.2168,5025333.058,-75.41501,45.36279,2017-10-08,8:42:00 PM,01 - Clear,01 - Dry,10 - No control,01 - Non intersection,07 - Dark,03 - P.D. only,07 - SMV other,Navan - Vars
12593,RUSSELL RD btwn MILTON RD & SAND RD,390824.9513,5025794.507,-75.40182,45.36681,2017-10-04,6:38:00 AM,01 - Clear,01 - Dry,10 - No control,01 - Non intersection,03 - Dawn,03 - P.D. only,07 - SMV other,Navan - Vars
12594,RUSSELL RD btwn MILTON RD & SAND RD,390665.2998,5025725.768,-75.40387,45.36622,2017-10-04,6:29:00 AM,01 - Clear,01 - Dry,10 - No control,01 - Non intersection,07 - Dark,03 - P.D. only,07 - SMV other,Navan - Vars
12595,RUSSELL RD btwn MILTON RD & SAND RD,390877.4883,5025819.799,-75.40115,45.36704,2017-12-23,1:34:00 PM,03 - Snow,03 - Loose snow,10 - No control,01 - Non intersection,01 - Daylight,02 - Non-fatal injury,07 - SMV other,Navan - Vars
12596,RUSSELL RD btwn RUSSELL RD & BELGREEN DR,375853.4962,5027529.71,-75.59267,45.3841,2017-12-12,5:23:00 AM,03 - Snow,03 - Loose snow,10 - No control,01 - Non intersection,07 - Dark,02 - Non-fatal injury,07 - SMV other,Greenbelt
12597,RUSSELL RD btwn SAND RD & FRANK KENNY RD,391129.7652,5025931.234,-75.39791,45.36801,2017-12-11,5:11:00 PM,01 - Clear,06 - Ice,10 - No control,01 - Non intersection,07 - Dark,02 - Non-fatal injury,03 - Rear end,Navan - Vars
12598,RUSSELL RD btwn SHELLEY AVE & THIRSK ST,372515.4894,5030007.464,-75.63495,45.40673,2017-07-13,6:38:00 PM,01 - Clear,01 - Dry,10 - No control,04 - At/near private drive,01 - Daylight,02 - Non-fatal injury,02 - Angle,Elmvale - Eastway - Riverview - Riverview Park West
12599,RUSSELL RD btwn SOUTHVALE CRES & TUPPER AVE,373840.5372,5029070.793,-75.61815,45.39817,2017-10-12,8:51:00 AM,01 - Clear,01 - Dry,10 - No control,01 - Non intersection,01 - Daylight,03 - P.D. only,03 - Rear end,Sheffield Glen
12600,RUSSELL RD btwn SOUTHVALE CRES & TUPPER AVE,373959.4283,5028978.97,-75.61665,45.39733,2017-12-10,12:00:00 AM,01 - Clear,03 - Loose snow,10 - No control,01 - Non intersection,00 - Unknown,03 - P.D. only,06 - SMV unattended vehicle,Hawthorne Meadows
12601,RUSSELL RD btwn SOUTHVALE CRES & TUPPER AVE,374135.9998,5028840.853,-75.61441,45.39607,2017-11-09,11:03:00 PM,03 - Snow,02 - Wet,10 - No control,01 - Non intersection,07 - Dark,02 - Non-fatal injury,07 - SMV other,Hawthorne Meadows
12602,RUSSELL RD btwn SOUTHVALE CRES & TUPPER AVE,374197.2126,5028794.748,-75.61364,45.39565,2017-04-23,4:23:00 AM,01 - Clear,01 - Dry,10 - No control,01 - Non intersection,07 - Dark,02 - Non-fatal injury,07 - SMV other,Sheffield Glen
12603,RUSSELL RD btwn ST. LAURENT BLVD & SOUTHVALE CRES,373777.54,5029113.554,-75.61895,45.39856,2017-10-27,3:02:00 PM,01 - Clear,01 - Dry,10 - No control,01 - Non intersection,01 - Daylight,03 - P.D. only,04 - Sideswipe,Sheffield Glen
12604,RUSSELL RD btwn THIRSK ST & HAIG DR,372670.8644,5029741.838,-75.633,45.40432,2017-11-27,4:06:00 PM,01 - Clear,01 - Dry,10 - No control,01 - Non intersection,01 - Daylight,03 - P.D. only,03 - Rear end,Elmvale - Eastway - Riverview - Riverview Park West
12605,RUSSELL RD btwn TUPPER AVE & SOUTHVALE CRES,374302.555,5028720.452,-75.6123,45.39497,2017-07-02,5:02:00 PM,02 - Rain,02 - Wet,10 - No control,01 - Non intersection,01 - Daylight,03 - P.D. only,07 - SMV other,Hawthorne Meadows
12606,RUSSELL RD btwn WAY ST & BOUNDARY RD,385527.5194,5026385.827,-75.46934,45.37276,2017-11-01,7:30:00 AM,01 - Clear,01 - Dry,10 - No control,01 - Non intersection,03 - Dawn,03 - P.D. only,07 - SMV other,Greenbelt
12607,RUSSELL RD S @ ST. LAURENT BLVD,373570.1867,5029261.895,-75.62158,45.39992,2017-04-27,4:16:00 PM,01 - Clear,01 - Dry,01 - Traffic signal,02 - Intersection related,01 - Daylight,03 - P.D. only,03 - Rear end,Sheffield Glen
12608,RUSSELL RD S @ ST. LAURENT BLVD,373569.5332,5029260.383,-75.62159,45.3999,2017-09-13,5:00:00 PM,01 - Clear,01 - Dry,01 - Traffic signal,02 - Intersection related,01 - Daylight,02 - Non-fatal injury,03 - Rear end,Hawthorne Meadows - Sheffield Glen
12609,RUSSELL RD S @ ST. LAURENT BLVD,373569.4071,5029259.913,-75.62159,45.3999,2017-09-21,9:51:00 AM,01 - Clear,01 - Dry,01 - Traffic signal,02 - Intersection related,01 - Daylight,03 - P.D. only,02 - Angle,Hawthorne Meadows - Sheffield Glen
12610,RUSSELL RD S @ ST. LAURENT BLVD,373569.9573,5029263.511,-75.62158,45.39993,2017-04-06,2:00:00 PM,02 - Rain,02 - Wet,01 - Traffic signal,02 - Intersection related,01 - Daylight,03 - P.D. only,04 - Sideswipe,Sheffield Glen
12611,RUSSLAND RD btwn Continuation of RUSSLAND RD & GARLANDSIDE RD,400001.3333,5024200.619,-75.28501,45.35129,2017-01-11,5:55:00 PM,01 - Clear,02 - Wet,10 - No control,04 - At/near private drive,07 - Dark,03 - P.D. only,05 - Turning movement,Navan - Vars
12612,RUSSLAND RD btwn ROCKDALE RD & DUNNING RD,397155.9573,5022979.22,-75.32154,45.34068,2017-06-15,8:29:00 PM,01 - Clear,01 - Dry,10 - No control,01 - Non intersection,05 - Dusk,03 - P.D. only,01 - Approaching,Cumberland
12613,RUSSLAND RD btwn ROCKDALE RD & DUNNING RD,396826.0592,5022822.468,-75.32578,45.33931,2017-01-16,10:00:00 PM,01 - Clear,01 - Dry,10 - No control,01 - Non intersection,07 - Dark,03 - P.D. only,07 - SMV other,Cumberland
12614,RUSSLAND RD btwn ROCKDALE RD & DUNNING RD,396193.0128,5022575.352,-75.3339,45.33717,2017-01-09,7:00:00 AM,01 - Clear,06 - Ice,10 - No control,01 - Non intersection,03 - Dawn,03 - P.D. only,03 - Rear end,Navan - Vars
12615,SABLE RUN DR @ WEST RIDGE DR,349083.3773,5013219.203,-75.93577,45.25754,2017-12-03,6:17:00 AM,01 - Clear,01 - Dry,02 - Stop sign,02 - Intersection related,07 - Dark,03 - P.D. only,07 - SMV other,Crossing Bridge
12616,SABLEWOOD PL btwn RANCHWOOD WAY E & SABLEWOOD PL,380604.0277,5034676.253,-75.53091,45.44791,2017-12-28,6:22:00 PM,01 - Clear,05 - Packed snow,10 - No control,04 - At/near private drive,07 - Dark,02 - Non-fatal injury,07 - SMV other,Orleans Village - Chateauneuf
12617,SACKVILLE ST btwn NORTON AVE & TAVISTOCK RD,360734.6737,5024887.225,-75.78601,45.3617,2017-06-10,12:46:00 PM,01 - Clear,01 - Dry,10 - No control,04 - At/near private drive,01 - Daylight,03 - P.D. only,06 - SMV unattended vehicle,Whitehaven - Queensway Terrace North
12618,SADDLESMITH CIRC btwn TO BE DETERMINED & CEDAR VALLEY DR (2),355809.8088,5015833.166,-75.84981,45.2806,2017-02-26,6:06:00 PM,01 - Clear,01 - Dry,10 - No control,01 - Non intersection,07 - Dark,03 - P.D. only,03 - Rear end,Bridlewood - Emerald Meadows
12619,SAI CRES btwn BLOHM DR & BLOHM DR,374554.3273,5026649.515,-75.60938,45.37631,2017-09-22,11:59:00 AM,01 - Clear,01 - Dry,10 - No control,01 - Non intersection,01 - Daylight,03 - P.D. only,06 - SMV unattended vehicle,Industrial Park
12620,SALTER CRES @ TERON RD,352520.2405,5020552.827,-75.89128,45.3233,2017-10-02,4:47:00 PM,01 - Clear,01 - Dry,02 - Stop sign,03 - At intersection,01 - Daylight,03 - P.D. only,02 - Angle,Beaverbrook
12621,SANDALWOOD DR btwn BAYCREST DR & HERON RD,371464.5988,5026937.017,-75.64879,45.3792,2017-07-21,12:52:00 PM,01 - Clear,01 - Dry,10 - No control,01 - Non intersection,01 - Daylight,03 - P.D. only,99 - Other,Ledbury - Heron Gate - Ridgemont - Elmwood
12622,SANDALWOOD DR btwn BAYCREST DR & HERON RD,371472.0226,5026868.276,-75.6487,45.37858,2017-04-03,12:00:00 AM,02 - Rain,02 - Wet,10 - No control,01 - Non intersection,07 - Dark,03 - P.D. only,06 - SMV unattended vehicle,Ledbury - Heron Gate - Ridgemont - Elmwood
12623,SANFORD AVE btwn LEXINGTON ST & MORLEY BLVD,366661.3343,5026131.649,-75.71021,45.3724,2017-03-07,11:16:00 AM,04 - Freezing Rain,06 - Ice,10 - No control,04 - At/near private drive,01 - Daylight,03 - P.D. only,06 - SMV unattended vehicle,Civic Hospital - Experimental Farm - Central Park