Record,Location,X,Y,Longitude,Latitude,Date,Time,Environment,Road_Surface,Traffic_Control,Collision_Location,Light,Collision_Classification,Impact_type,Neighborhood
12624,SANFORD FLEMING AVE @ TERMINAL AVE,370857.7008,5030831.898,-75.65601,45.4143,2017-01-25,9:14:00 AM,01 - Clear,02 - Wet,02 - Stop sign,03 - At intersection,01 - Daylight,02 - Non-fatal injury,02 - Angle,Industrial Park
12625,SANFORD FLEMING AVE @ TERMINAL AVE,370857.0131,5030832.099,-75.65602,45.41431,2017-01-04,4:50:00 PM,01 - Clear,06 - Ice,02 - Stop sign,03 - At intersection,05 - Dusk,02 - Non-fatal injury,07 - SMV other,Industrial Park
12626,SANSONNET ST btwn WILLOWBARK DR & WINDFLOWER WAY,379795.2173,5034637.986,-75.54126,45.44765,2017-05-06,12:00:00 AM,01 - Clear,01 - Dry,10 - No control,01 - Non intersection,00 - Unknown,03 - P.D. only,06 - SMV unattended vehicle,Chapel Hill
12627,SANSONNET ST btwn WINDFLOWER WAY & WINDFLOWER WAY,379828.7856,5034518.754,-75.54085,45.44657,2017-02-17,3:02:00 PM,01 - Clear,04 - Slush,10 - No control,04 - At/near private drive,01 - Daylight,03 - P.D. only,02 - Angle,Chapel Hill
12628,SARSFIELD RD btwn DUNNING RD & MAGLADRY RD,396897.8969,5029669.078,-75.32359,45.4009,2017-01-05,8:24:00 AM,01 - Clear,05 - Packed snow,10 - No control,01 - Non intersection,01 - Daylight,03 - P.D. only,01 - Approaching,Navan - Vars
12629,SAUNDERSON DR @ HAMLET RD,372845.8839,5029242.838,-75.63083,45.39982,2017-07-28,4:00:00 PM,01 - Clear,01 - Dry,02 - Stop sign,03 - At intersection,01 - Daylight,03 - P.D. only,02 - Angle,Elmvale - Eastway - Riverview - Riverview Park West
12630,SAUNDERSON DR @ PLEASANT PARK RD,373145.551,5028668.495,-75.62709,45.39462,2017-04-14,4:25:00 PM,01 - Clear,01 - Dry,02 - Stop sign,03 - At intersection,01 - Daylight,02 - Non-fatal injury,02 - Angle,Elmvale - Eastway - Riverview - Riverview Park West
12631,SAUNDERSON DR @ SMYTH RD,372793.1886,5029324.908,-75.6315,45.40056,2017-02-07,12:01:00 PM,01 - Clear,02 - Wet,01 - Traffic signal,03 - At intersection,01 - Daylight,03 - P.D. only,05 - Turning movement,Elmvale - Eastway - Riverview - Riverview Park West
12632,SAUNDERSON DR @ SMYTH RD,372793.7313,5029324.365,-75.63149,45.40056,2017-02-03,8:55:00 AM,01 - Clear,01 - Dry,01 - Traffic signal,03 - At intersection,01 - Daylight,03 - P.D. only,05 - Turning movement,Elmvale - Eastway - Riverview - Riverview Park West
12633,SAUNDERSON DR @ SMYTH RD,372794.7346,5029324.22,-75.63148,45.40055,2017-03-15,6:20:00 PM,01 - Clear,05 - Packed snow,01 - Traffic signal,02 - Intersection related,07 - Dark,02 - Non-fatal injury,07 - SMV other,Elmvale - Eastway - Riverview - Riverview Park West
12634,SAUNDERSON DR @ SMYTH RD,372794.4414,5029324.734,-75.63148,45.40056,2017-12-31,6:47:00 AM,01 - Clear,02 - Wet,01 - Traffic signal,02 - Intersection related,07 - Dark,02 - Non-fatal injury,05 - Turning movement,Elmvale - Eastway - Riverview - Riverview Park West
12635,SAUNDERSON DR btwn RAGLAN AVE & SMYTH RD,372771.3233,5029375.725,-75.63177,45.40102,2017-04-21,12:51:00 PM,02 - Rain,02 - Wet,10 - No control,01 - Non intersection,01 - Daylight,03 - P.D. only,04 - Sideswipe,Elmvale - Eastway - Riverview - Riverview Park West
12636,SAUNDERSON DR btwn WESTON DR & PLEASANT PARK RD,373130.107,5028819.327,-75.62726,45.39598,2017-10-22,9:59:00 AM,01 - Clear,01 - Dry,10 - No control,01 - Non intersection,01 - Daylight,02 - Non-fatal injury,01 - Approaching,Elmvale - Eastway - Riverview - Riverview Park West
12637,SAVAGE DR btwn HAZELDEAN RD & IVA ST,350457.129,5015347.296,-75.91807,45.2766,2017-03-23,8:50:00 AM,01 - Clear,01 - Dry,10 - No control,01 - Non intersection,01 - Daylight,03 - P.D. only,01 - Approaching,Stittsville
12638,SAXONY CRES btwn NORDIC WAY & NORDIC WAY,374906.687,5031297.721,-75.60422,45.4181,2017-01-27,10:49:00 PM,01 - Clear,05 - Packed snow,10 - No control,01 - Non intersection,07 - Dark,03 - P.D. only,06 - SMV unattended vehicle,Pineview
12639,SCALA AVE btwn ESPRIT DR & MARSHFIELD ST,384893.5037,5036397.462,-75.47581,45.46291,2017-02-19,12:55:00 PM,01 - Clear,03 - Loose snow,10 - No control,01 - Non intersection,01 - Daylight,03 - P.D. only,06 - SMV unattended vehicle,Avalon
12640,SCHNEIDER RD btwn LEGGET DR & CARLING AVE,351615.8982,5022303.902,-75.90265,45.33912,2017-02-10,6:00:00 PM,01 - Clear,01 - Dry,10 - No control,04 - At/near private drive,05 - Dusk,03 - P.D. only,06 - SMV unattended vehicle,South March
12641,SCOTT ST @ STIRLING AVE,365212.5879,5029884.249,-75.72825,45.40629,2017-12-19,7:32:00 AM,03 - Snow,03 - Loose snow,02 - Stop sign,02 - Intersection related,03 - Dawn,03 - P.D. only,02 - Angle,Mechanicsville
12642,SCOTT ST btwn CARLETON AVE & WESTERN AVE,364151.8171,5029235.296,-75.74188,45.40054,2017-06-21,4:35:00 PM,01 - Clear,01 - Dry,10 - No control,01 - Non intersection,01 - Daylight,02 - Non-fatal injury,03 - Rear end,Island Park
12643,SCOTT ST btwn CAROLINE AVE & HURON AVE N,364654.8425,5029545.881,-75.73541,45.40329,2017-09-15,8:08:00 AM,01 - Clear,01 - Dry,10 - No control,01 - Non intersection,01 - Daylight,02 - Non-fatal injury,04 - Sideswipe,Tunney's Pasture
12644,SCOTT ST btwn ISLAND PARK DR & OAKDALE AVE,363892.2179,5029077.343,-75.74521,45.39914,2017-06-06,4:10:00 PM,02 - Rain,02 - Wet,10 - No control,01 - Non intersection,01 - Daylight,03 - P.D. only,03 - Rear end,Island Park
12645,SCOTT ST btwn PARKDALE AVE & PINEHURST AVE,364974.7872,5029740.607,-75.7313,45.40502,2017-05-24,12:30:00 PM,01 - Clear,01 - Dry,10 - No control,01 - Non intersection,01 - Daylight,03 - P.D. only,03 - Rear end,Mechanicsville
12646,SCOTT ST btwn PINHEY ST & MERTON ST,365309.3117,5029944.456,-75.727,45.40682,2017-11-02,3:47:00 PM,01 - Clear,02 - Wet,10 - No control,01 - Non intersection,01 - Daylight,02 - Non-fatal injury,03 - Rear end,Mechanicsville
12647,SCOTT ST btwn STIRLING AVE & PINHEY ST,365264.0947,5029915.142,-75.72759,45.40656,2017-11-17,5:04:00 PM,01 - Clear,01 - Dry,10 - No control,01 - Non intersection,07 - Dark,03 - P.D. only,04 - Sideswipe,Mechanicsville
12648,SCOUT ST @ STATEN WAY W,364229.4491,5025408.758,-75.74134,45.3661,2017-12-11,8:58:00 AM,01 - Clear,05 - Packed snow,10 - No control,03 - At intersection,01 - Daylight,03 - P.D. only,02 - Angle,Civic Hospital - Experimental Farm - Central Park
12649,SCOUT ST btwn WHITESTONE DR & CENTRAL PARK DR,364662.7342,5025397.196,-75.73582,45.36596,2017-01-08,12:35:00 AM,01 - Clear,06 - Ice,10 - No control,01 - Non intersection,07 - Dark,03 - P.D. only,01 - Approaching,Civic Hospital - Experimental Farm - Central Park
12650,SCRIVENS DR btwn BANK ST & MITCHELL ST,382743.713,5010447.307,-75.50738,45.22967,2017-03-24,11:09:00 AM,03 - Snow,03 - Loose snow,10 - No control,04 - At/near private drive,01 - Daylight,03 - P.D. only,02 - Angle,Osgoode
12651,SECOND AVE @ BRONSON AVE,367519.9686,5029162.682,-75.69887,45.39959,2017-06-23,6:32:00 PM,02 - Rain,02 - Wet,02 - Stop sign,03 - At intersection,01 - Daylight,03 - P.D. only,05 - Turning movement,The Glebe
12652,SECOND AVE @ BRONSON AVE,367519.1602,5029162.555,-75.69888,45.39959,2017-10-06,2:57:00 PM,01 - Clear,01 - Dry,02 - Stop sign,02 - Intersection related,01 - Daylight,03 - P.D. only,04 - Sideswipe,The Glebe
12653,SECOND AVE @ BRONSON AVE,367518.7033,5029162.555,-75.69888,45.39959,2017-11-24,4:03:00 PM,01 - Clear,01 - Dry,02 - Stop sign,03 - At intersection,01 - Daylight,03 - P.D. only,05 - Turning movement,The Glebe
12654,SECOND AVE @ BRONSON AVE,367519.5923,5029161.93,-75.69887,45.39959,2017-04-01,9:13:00 PM,01 - Clear,01 - Dry,02 - Stop sign,03 - At intersection,07 - Dark,03 - P.D. only,05 - Turning movement,The Glebe
12655,SECOND AVE btwn BANK ST & O'CONNOR ST,368476.3824,5029730.24,-75.68658,45.40461,2017-10-21,12:00:00 AM,01 - Clear,01 - Dry,10 - No control,01 - Non intersection,00 - Unknown,03 - P.D. only,06 - SMV unattended vehicle,The Glebe
12656,SECOND AVE btwn BANK ST & O'CONNOR ST,368382.2319,5029673.879,-75.68779,45.40411,2017-01-24,8:54:00 PM,01 - Clear,03 - Loose snow,10 - No control,04 - At/near private drive,07 - Dark,03 - P.D. only,99 - Other,The Glebe
12657,SECOND AVE btwn LYON ST S & BANK ST,368288.2191,5029617.631,-75.689,45.40362,2017-10-11,8:50:00 AM,01 - Clear,01 - Dry,10 - No control,01 - Non intersection,01 - Daylight,02 - Non-fatal injury,07 - SMV other,The Glebe
12658,SECOND AVE btwn O'CONNOR ST & QUEEN ELIZABETH DRWY,368638.8572,5029828.115,-75.68449,45.40548,2017-02-15,9:50:00 AM,03 - Snow,03 - Loose snow,10 - No control,01 - Non intersection,01 - Daylight,03 - P.D. only,01 - Approaching,The Glebe
12659,SECOND LINE RD    S btwn CENTURY RD E & CARSONBY RD E,366365.5156,5005493.434,-75.71655,45.18672,2017-03-16,8:23:00 AM,01 - Clear,05 - Packed snow,10 - No control,04 - At/near private drive,01 - Daylight,03 - P.D. only,02 - Angle,Manotick - North Gower
12660,SECOND LINE RD btwn GOWARD DR & KLONDIKE RD,347899.9325,5023391.989,-75.94997,45.34915,2017-08-02,5:17:00 PM,01 - Clear,01 - Dry,10 - No control,01 - Non intersection,01 - Daylight,03 - P.D. only,07 - SMV other,Morgan's Grant
12661,SECOND LINE RD btwn MURPHY SIDE RD & ROYCROFT WAY,344049.1884,5027452.28,-75.99878,45.38591,2017-11-16,7:46:00 AM,01 - Clear,01 - Dry,10 - No control,01 - Non intersection,01 - Daylight,03 - P.D. only,07 - SMV other,Carp - Hardwood Plains
12662,SECOND LINE RD btwn THOMAS A. DOLAN PKWY & MURPHY SIDE RD,341212.6476,5030363.408,-76.03479,45.41226,2017-01-14,12:33:00 PM,01 - Clear,01 - Dry,10 - No control,01 - Non intersection,01 - Daylight,03 - P.D. only,07 - SMV other,Carp - Hardwood Plains
12663,SECOND LINE RD btwn WILD ACRE LANE & SHARNE LANE,346789.2025,5024600.256,-75.96404,45.36009,2017-03-08,7:20:00 AM,01 - Clear,06 - Ice,10 - No control,01 - Non intersection,01 - Daylight,02 - Non-fatal injury,01 - Approaching,Carp - Hardwood Plains
12664,SEDONA ST btwn WOODGATE WAY & ROYAL FIELD CRES,365087.7657,5017720.379,-75.73133,45.29685,2017-12-20,3:32:00 PM,03 - Snow,04 - Slush,10 - No control,04 - At/near private drive,01 - Daylight,03 - P.D. only,06 - SMV unattended vehicle,New Barrhaven
12665,SELKIRK ST btwn NORTH RIVER RD & DUNDAS ST,369860.3794,5032768.007,-75.6685,45.43182,2017-02-02,6:22:00 PM,01 - Clear,01 - Dry,10 - No control,04 - At/near private drive,07 - Dark,03 - P.D. only,02 - Angle,Vanier South
12666,SENECA ST @ SUNNYSIDE AVE,368224.1543,5028274.216,-75.68999,45.39154,2017-10-12,5:08:00 PM,01 - Clear,01 - Dry,02 - Stop sign,03 - At intersection,01 - Daylight,02 - Non-fatal injury,07 - SMV other,Old Ottawa South
12667,SENECA ST @ SUNNYSIDE AVE,368222.6258,5028274.689,-75.69001,45.39154,2017-11-03,1:47:00 PM,01 - Clear,01 - Dry,02 - Stop sign,03 - At intersection,01 - Daylight,03 - P.D. only,07 - SMV other,Old Ottawa South
12668,SENECA ST btwn SUNNYSIDE AVE & HOPEWELL AVE,368233.8348,5028260.422,-75.68986,45.39141,2017-11-06,11:56:00 AM,01 - Clear,01 - Dry,10 - No control,04 - At/near private drive,01 - Daylight,03 - P.D. only,06 - SMV unattended vehicle,Old Ottawa South
12669,SENECA ST btwn WOODBINE PL & SUNNYSIDE AVE,368217.7998,5028281.696,-75.69007,45.3916,2017-05-11,5:15:00 PM,01 - Clear,01 - Dry,10 - No control,01 - Non intersection,01 - Daylight,03 - P.D. only,06 - SMV unattended vehicle,Old Ottawa South
12670,SERENITY AVE btwn BALLANTYNE DR & VENUS AVE,385766.8935,5037090.431,-75.46452,45.46905,2017-12-17,12:52:00 PM,01 - Clear,05 - Packed snow,10 - No control,04 - At/near private drive,01 - Daylight,03 - P.D. only,02 - Angle,Cardinal Creek
12671,SEYTON DR btwn FLORIZEL AVE & FORESTVIEW CRES,356887.3101,5019639.41,-75.83567,45.31477,2017-01-15,11:13:00 AM,01 - Clear,01 - Dry,10 - No control,01 - Non intersection,01 - Daylight,03 - P.D. only,06 - SMV unattended vehicle,Bells Corners West
12672,SEYTON DR btwn LOVELL LANE & TYRRELL PL,357121.2506,5019770.265,-75.83268,45.31593,2017-03-08,7:22:00 PM,01 - Clear,01 - Dry,10 - No control,01 - Non intersection,07 - Dark,03 - P.D. only,03 - Rear end,Bells Corners West
12673,SEYTON DR btwn SONNET CRES & SONNET CRES,357248.3696,5019452.013,-75.83109,45.31306,2017-12-09,12:00:00 AM,03 - Snow,03 - Loose snow,10 - No control,01 - Non intersection,00 - Unknown,03 - P.D. only,06 - SMV unattended vehicle,Bells Corners West
12674,SHADY BRANCH TR btwn TRAILWAY CIRC & TRAILWAY CIRC,350699.271,5014313.08,-75.91508,45.26728,2017-03-22,12:05:00 PM,01 - Clear,01 - Dry,10 - No control,04 - At/near private drive,01 - Daylight,03 - P.D. only,05 - Turning movement,Stittsville
12675,SHAKESPEARE ST btwn STE. ANNE ST & GRANVILLE ST,370612.3002,5033651.266,-75.65877,45.4397,2017-08-24,5:53:00 PM,01 - Clear,01 - Dry,10 - No control,01 - Non intersection,01 - Daylight,03 - P.D. only,06 - SMV unattended vehicle,Vanier North
12676,SHANDON AVE btwn GRANDFIELD LANE & EARL MULLIGAN DR,364860.2599,5017572.616,-75.73424,45.29554,2017-03-07,10:21:00 AM,04 - Freezing Rain,06 - Ice,10 - No control,01 - Non intersection,01 - Daylight,03 - P.D. only,07 - SMV other,New Barrhaven
12677,SHAUGHNESSY CRES btwn KNUDSON DR & WINDEYER CRES (2),350638.1708,5020397.685,-75.9153,45.32203,2017-02-20,12:00:00 AM,01 - Clear,01 - Dry,10 - No control,01 - Non intersection,00 - Unknown,03 - P.D. only,06 - SMV unattended vehicle,Kanata Lakes - Marchwood Lakeside - Morgan's Grant - Kanata
12678,SHAWONDASEE ST btwn TEMPEST DR & TEMPEST DR,350406.2006,5016187.011,-75.91865,45.28416,2017-08-31,4:31:00 PM,01 - Clear,01 - Dry,10 - No control,04 - At/near private drive,01 - Daylight,03 - P.D. only,06 - SMV unattended vehicle,Stittsville
12679,SHEA RD btwn ABBOTT ST E & FERNBANK RD,351525.9862,5013716.94,-75.90461,45.26186,2017-03-31,9:16:00 PM,03 - Snow,04 - Slush,10 - No control,01 - Non intersection,07 - Dark,03 - P.D. only,07 - SMV other,Stittsville
12680,SHEA RD btwn FERNBANK RD & FLEWELLYN RD,352984.6787,5012185.067,-75.88617,45.24798,2017-11-23,8:20:00 PM,01 - Clear,01 - Dry,10 - No control,01 - Non intersection,07 - Dark,03 - P.D. only,07 - SMV other,Stittsville - Basswood
12681,SHEFFIELD RD @ WALKLEY RD,375257.4007,5028785.208,-75.6001,45.39546,2017-04-28,8:08:00 AM,01 - Clear,01 - Dry,01 - Traffic signal,02 - Intersection related,01 - Daylight,02 - Non-fatal injury,03 - Rear end,Industrial Park
12682,SHEFFIELD RD @ WALKLEY RD,375257.2882,5028785.656,-75.6001,45.39546,2017-07-27,5:33:00 PM,01 - Clear,01 - Dry,01 - Traffic signal,02 - Intersection related,01 - Daylight,03 - P.D. only,04 - Sideswipe,Industrial Park
12683,SHEFFIELD RD @ WALKLEY RD,375259.0296,5028783.46,-75.60008,45.39544,2017-08-21,5:00:00 PM,01 - Clear,01 - Dry,01 - Traffic signal,03 - At intersection,01 - Daylight,02 - Non-fatal injury,05 - Turning movement,Industrial Park
12684,SHEFFIELD RD @ WALKLEY RD,375257.4007,5028783.201,-75.6001,45.39544,2017-12-04,5:11:00 PM,01 - Clear,01 - Dry,01 - Traffic signal,02 - Intersection related,07 - Dark,03 - P.D. only,03 - Rear end,Industrial Park
12685,SHEFFIELD RD @ WALKLEY RD,375258.7384,5028784.539,-75.60008,45.39545,2017-11-17,4:19:00 PM,01 - Clear,01 - Dry,01 - Traffic signal,03 - At intersection,01 - Daylight,02 - Non-fatal injury,05 - Turning movement,Industrial Park
12686,SHEFFIELD RD @ WALKLEY RD,375258.5935,5028784.539,-75.60008,45.39545,2017-01-09,11:00:00 AM,01 - Clear,02 - Wet,01 - Traffic signal,02 - Intersection related,01 - Daylight,03 - P.D. only,03 - Rear end,Industrial Park
12687,SHEFFIELD RD @ WALKLEY RD,375257.7351,5028782.899,-75.6001,45.39544,2017-02-07,6:55:00 AM,01 - Clear,03 - Loose snow,01 - Traffic signal,02 - Intersection related,03 - Dawn,03 - P.D. only,03 - Rear end,Industrial Park
12688,SHEFFIELD RD @ WALKLEY RD,375258.4856,5028784.914,-75.60009,45.39546,2017-02-01,3:14:00 PM,01 - Clear,01 - Dry,01 - Traffic signal,02 - Intersection related,01 - Daylight,03 - P.D. only,03 - Rear end,Industrial Park
12689,SHEFFIELD RD @ WALKLEY RD,375257.4007,5028785.877,-75.6001,45.39547,2017-03-03,4:44:00 PM,01 - Clear,01 - Dry,01 - Traffic signal,02 - Intersection related,01 - Daylight,03 - P.D. only,03 - Rear end,Industrial Park
12690,SHEFFIELD RD @ WALKLEY RD,375256.7793,5028784.778,-75.60011,45.39546,2017-12-19,9:54:00 PM,01 - Clear,02 - Wet,01 - Traffic signal,03 - At intersection,07 - Dark,03 - P.D. only,05 - Turning movement,Industrial Park
12691,SHEFFIELD RD btwn BANTREE ST & LEEDS AVE,374823.3213,5029643.364,-75.60552,45.40323,2017-01-10,12:17:00 AM,03 - Snow,06 - Ice,10 - No control,01 - Non intersection,07 - Dark,03 - P.D. only,07 - SMV other,Industrial Park
12692,SHEFFIELD RD btwn BANTREE ST & LEEDS AVE,374707.1295,5029907.367,-75.60697,45.40561,2017-02-07,4:08:00 PM,04 - Freezing Rain,06 - Ice,10 - No control,01 - Non intersection,01 - Daylight,03 - P.D. only,99 - Other,Industrial Park
12693,SHEFFIELD RD btwn INNES PARK WAY & BANTREE ST,374617.1914,5030114.772,-75.60809,45.40749,2017-06-08,12:00:00 AM,02 - Rain,02 - Wet,10 - No control,01 - Non intersection,00 - Unknown,03 - P.D. only,06 - SMV unattended vehicle,Industrial Park
12694,SHEFFIELD RD btwn INNES PARK WAY & BANTREE ST,374197.4685,5030479.934,-75.6134,45.41081,2017-02-06,10:43:00 AM,01 - Clear,01 - Dry,10 - No control,04 - At/near private drive,01 - Daylight,03 - P.D. only,05 - Turning movement,Industrial Park
12695,SHEFFIELD RD btwn TO BE DETERMINED & WALKLEY RD,375159.7452,5028967.792,-75.60132,45.39711,2017-09-25,1:52:00 AM,01 - Clear,01 - Dry,10 - No control,01 - Non intersection,07 - Dark,03 - P.D. only,03 - Rear end,Industrial Park
12696,SHELDRAKE DR btwn LAURIE CRT & CASTLEFRANK RD,353224.0779,5016500.301,-75.8827,45.28679,2017-12-27,11:30:00 AM,01 - Clear,04 - Slush,10 - No control,01 - Non intersection,01 - Daylight,03 - P.D. only,06 - SMV unattended vehicle,Glen Cairn - Kanata South Business Park
12697,SHEPPARD'S GLEN AVE btwn CROWNRIDGE DR & GRASSY PLAINS DR,355976.0661,5015445.046,-75.84773,45.2771,2017-02-24,12:00:00 AM,01 - Clear,01 - Dry,10 - No control,01 - Non intersection,07 - Dark,03 - P.D. only,06 - SMV unattended vehicle,Bridlewood - Emerald Meadows
12698,SHERMAN DR btwn NAVAHO DR & CLINE CRES,363027.597,5024898.619,-75.75675,45.36161,2017-01-04,6:15:00 PM,03 - Snow,03 - Loose snow,10 - No control,01 - Non intersection,07 - Dark,03 - P.D. only,06 - SMV unattended vehicle,Braemar Park - Bel Air Heights - Copeland Park
12699,SHERRING CRES @ SHERRING CRT,350442.2264,5020222.964,-75.91782,45.32047,2017-07-31,12:00:00 AM,01 - Clear,01 - Dry,10 - No control,02 - Intersection related,00 - Unknown,03 - P.D. only,06 - SMV unattended vehicle,Kanata Lakes - Marchwood Lakeside - Morgan's Grant - Kanata
12700,SHERWAY DR btwn TEDWYN DR & BURNETT'S GROVE CIRC,363108.8983,5015678.195,-75.75679,45.27864,2017-01-24,12:00:00 AM,03 - Snow,05 - Packed snow,10 - No control,01 - Non intersection,00 - Unknown,03 - P.D. only,06 - SMV unattended vehicle,Barrhaven West - Old Barrhaven
12701,SHERWOOD DR btwn HOLLAND AVE & HINTON AVE S,365214.2517,5028674.723,-75.72837,45.3954,2017-09-10,4:15:00 PM,01 - Clear,01 - Dry,10 - No control,01 - Non intersection,01 - Daylight,02 - Non-fatal injury,04 - Sideswipe,Civic Hospital - Experimental Farm - Central Park
12702,SHERWOOD DR btwn WARWICK PL & MACFARLANE AVE,365458.0534,5028775.05,-75.72525,45.39629,2017-05-16,9:34:00 PM,01 - Clear,01 - Dry,10 - No control,04 - At/near private drive,07 - Dark,03 - P.D. only,06 - SMV unattended vehicle,Civic Hospital - Experimental Farm - Central Park
12703,SHILLINGTON AVE btwn MERIVALE RD & PANET ST,364858.2832,5026813.163,-75.73315,45.37869,2017-05-13,7:20:00 PM,01 - Clear,01 - Dry,10 - No control,04 - At/near private drive,01 - Daylight,03 - P.D. only,02 - Angle,Carlington
12704,SHORELINE DR @ TOTEM DR/COVEHEAD CRES E,368237.4506,5015640.755,-75.69144,45.27786,2017-02-10,9:57:00 PM,03 - Snow,03 - Loose snow,02 - Stop sign,02 - Intersection related,07 - Dark,03 - P.D. only,07 - SMV other,Gloucester
12705,SIDNEY ST btwn PRESTON ST & END,366747.9211,5028960.341,-75.70875,45.39784,2017-09-28,6:10:00 PM,01 - Clear,01 - Dry,10 - No control,04 - At/near private drive,01 - Daylight,03 - P.D. only,02 - Angle,Little Italy
12706,SILVER BARK AVE btwn TO BE DETERMINED & END,382221.3442,5036522.517,-75.50995,45.46434,2017-06-09,5:31:00 PM,01 - Clear,01 - Dry,10 - No control,04 - At/near private drive,01 - Daylight,03 - P.D. only,06 - SMV unattended vehicle,Queenswood Heights
12707,SILVER SEVEN RD btwn 280 N OF PALLADIUM DR/COSTCO SC & PALLADIUM DR,350980.5552,5017967.035,-75.91116,45.30014,2017-06-09,8:43:00 AM,01 - Clear,01 - Dry,10 - No control,01 - Non intersection,01 - Daylight,03 - P.D. only,04 - Sideswipe,Katimavik - Hazeldean
12708,SILVER SEVEN RD btwn 280 N OF PALLADIUM DR/COSTCO SC & PALLADIUM DR,350970.1364,5017977.303,-75.91129,45.30023,2017-08-23,6:24:00 PM,01 - Clear,01 - Dry,10 - No control,04 - At/near private drive,01 - Daylight,03 - P.D. only,02 - Angle,Katimavik - Hazeldean
12709,SILVER SEVEN RD btwn 280 N OF PALLADIUM DR/COSTCO SC & PALLADIUM DR,350982.5619,5017961.747,-75.91113,45.30009,2017-10-19,7:14:00 PM,01 - Clear,01 - Dry,10 - No control,01 - Non intersection,07 - Dark,03 - P.D. only,05 - Turning movement,Katimavik - Hazeldean
12710,SILVER ST @ SUMMERVILLE AVE,365210.2084,5026648.486,-75.72867,45.37717,2017-06-12,2:39:00 PM,01 - Clear,01 - Dry,02 - Stop sign,03 - At intersection,01 - Daylight,02 - Non-fatal injury,02 - Angle,Carlington
12711,SIROCCO CRES btwn BLACKBIRD LANE & WYTENBURG GT,348091.4429,5014546.804,-75.94829,45.26955,2017-12-21,12:00:00 AM,01 - Clear,01 - Dry,10 - No control,01 - Non intersection,00 - Unknown,03 - P.D. only,06 - SMV unattended vehicle,Stittsville
12712,SIROIS AVE btwn TELFORD AVE & END (2),371725.9058,5032685.141,-75.64467,45.4309,2017-05-31,1:42:00 PM,01 - Clear,01 - Dry,10 - No control,01 - Non intersection,01 - Daylight,02 - Non-fatal injury,07 - SMV other,Castle Heights
12713,SIXTH LINE RD btwn BERRY SIDE RD & RIDDELL DR,349033.1265,5030348.017,-75.93488,45.41167,2017-05-10,8:16:00 AM,01 - Clear,01 - Dry,10 - No control,01 - Non intersection,01 - Daylight,03 - P.D. only,07 - SMV other,Carp - Hardwood Plains
12714,SIXTH LINE RD btwn BERRY SIDE RD & RIDDELL DR,350017.3471,5029272.945,-75.92241,45.40193,2017-10-23,4:15:00 PM,01 - Clear,01 - Dry,10 - No control,01 - Non intersection,01 - Daylight,03 - P.D. only,07 - SMV other,Carp - Hardwood Plains
12715,SIXTH LINE RD btwn BERRY SIDE RD & RIDDELL DR,349806.1486,5029502.844,-75.92508,45.40402,2017-11-03,8:18:00 AM,01 - Clear,01 - Dry,10 - No control,01 - Non intersection,01 - Daylight,03 - P.D. only,07 - SMV other,Carp - Hardwood Plains
12716,SIXTH LINE RD btwn BERRY SIDE RD & RIDDELL DR,349045.16,5030392.608,-75.93472,45.41207,2017-11-21,12:15:00 AM,02 - Rain,02 - Wet,10 - No control,01 - Non intersection,07 - Dark,03 - P.D. only,07 - SMV other,Carp - Hardwood Plains
12717,SIXTH LINE RD btwn PINHEY POINT RD & BERRY SIDE RD,348047.3154,5031392.547,-75.94738,45.42113,2017-11-23,6:40:00 AM,01 - Clear,01 - Dry,10 - No control,01 - Non intersection,03 - Dawn,03 - P.D. only,07 - SMV other,Carp - Hardwood Plains
12718,SIXTH LINE RD btwn TORWOOD DR & BESSBOROUGH LANE,345569.3464,5034057.195,-75.97883,45.44526,2017-05-04,12:53:00 PM,01 - Clear,01 - Dry,10 - No control,01 - Non intersection,01 - Daylight,03 - P.D. only,07 - SMV other,Carp - Hardwood Plains
12719,SIXTH ST btwn ST. BERNARD ST & BELLMANOR CRT,373505.5809,5023815.287,-75.62316,45.35092,2017-12-08,5:00:00 PM,01 - Clear,01 - Dry,10 - No control,01 - Non intersection,07 - Dark,03 - P.D. only,05 - Turning movement,Blossom Park - Blossom Park West - Sawmill Creek/ Timbermill
12720,SKYWAY ST btwn GARDENVALE RD & SHANE ST,372507.3702,5033044.835,-75.63463,45.43406,2017-04-25,12:00:00 AM,01 - Clear,01 - Dry,10 - No control,01 - Non intersection,00 - Unknown,03 - P.D. only,06 - SMV unattended vehicle,Cummings
12721,SLACK RD @ VAAN DR,364943.2254,5020368.713,-75.73285,45.32069,2017-09-07,8:45:00 AM,01 - Clear,01 - Dry,02 - Stop sign,02 - Intersection related,01 - Daylight,03 - P.D. only,03 - Rear end,Merivale Gardens - Grenfell Glen - Pineglen - Country Place
12722,SLACK RD @ VAAN DR,364945.5461,5020367.982,-75.73282,45.32069,2017-02-15,10:45:00 AM,03 - Snow,03 - Loose snow,02 - Stop sign,02 - Intersection related,01 - Daylight,03 - P.D. only,04 - Sideswipe,Merivale Gardens - Grenfell Glen - Pineglen - Country Place