Record,Location,X,Y,Longitude,Latitude,Date,Time,Environment,Road_Surface,Traffic_Control,Collision_Location,Light,Collision_Classification,Impact_type,Neighborhood
12723,SLACK RD @ WOODROFFE AVE,364232.7368,5019974.715,-75.74196,45.31721,2017-10-19,7:24:00 AM,01 - Clear,01 - Dry,01 - Traffic signal,02 - Intersection related,01 - Daylight,03 - P.D. only,03 - Rear end,Greenbelt
12724,SLACK RD @ WOODROFFE AVE,364234.6393,5019973.283,-75.74193,45.31719,2017-11-21,11:04:00 AM,01 - Clear,01 - Dry,01 - Traffic signal,02 - Intersection related,01 - Daylight,03 - P.D. only,04 - Sideswipe,Greenbelt
12725,SLACK RD @ WOODROFFE AVE,364234.018,5019973.14,-75.74194,45.31719,2017-11-05,12:37:00 PM,02 - Rain,02 - Wet,01 - Traffic signal,03 - At intersection,01 - Daylight,03 - P.D. only,02 - Angle,Greenbelt
12726,SLACK RD @ WOODROFFE AVE,364232.598,5019974.207,-75.74196,45.3172,2017-01-23,6:47:00 AM,01 - Clear,06 - Ice,01 - Traffic signal,03 - At intersection,07 - Dark,03 - P.D. only,05 - Turning movement,Greenbelt
12727,SLACK RD @ WOODROFFE AVE,364233.3491,5019974.478,-75.74195,45.31721,2017-02-18,1:47:00 PM,01 - Clear,01 - Dry,01 - Traffic signal,02 - Intersection related,01 - Daylight,03 - P.D. only,03 - Rear end,Greenbelt
12728,SLACK RD @ WOODROFFE AVE,364233.174,5019974.478,-75.74195,45.31721,2017-03-14,8:20:00 PM,03 - Snow,03 - Loose snow,01 - Traffic signal,03 - At intersection,07 - Dark,03 - P.D. only,07 - SMV other,Greenbelt
12729,SLACK RD btwn GRENFELL CRES & MERIVALE RD,365994.5912,5020944.745,-75.71937,45.32578,2017-10-08,11:27:00 AM,01 - Clear,01 - Dry,10 - No control,04 - At/near private drive,01 - Daylight,03 - P.D. only,03 - Rear end,Merivale Gardens - Grenfell Glen - Pineglen - Country Place
12730,SLACK RD btwn GRENFELL CRES & MERIVALE RD,365841.8865,5020861.045,-75.72132,45.32504,2017-12-12,10:47:00 PM,03 - Snow,05 - Packed snow,10 - No control,01 - Non intersection,07 - Dark,03 - P.D. only,07 - SMV other,Merivale Gardens - Grenfell Glen - Pineglen - Country Place
12731,SLACK RD btwn TURN LANE & VAAN DR,364383.8507,5020054.746,-75.74002,45.31791,2017-06-29,4:30:00 PM,02 - Rain,02 - Wet,10 - No control,01 - Non intersection,01 - Daylight,03 - P.D. only,03 - Rear end,Merivale Gardens - Grenfell Glen - Pineglen - Country Place
12732,SLACK RD btwn TURN LANE & VAAN DR,364558.8088,5020153.722,-75.73778,45.31879,2017-12-11,6:03:00 PM,01 - Clear,01 - Dry,10 - No control,01 - Non intersection,07 - Dark,03 - P.D. only,03 - Rear end,Merivale Gardens - Grenfell Glen - Pineglen - Country Place
12733,SLACK RD btwn VAAN DR & GRENFELL CRES,365210.254,5020515.633,-75.72942,45.32199,2017-12-08,9:54:00 PM,01 - Clear,01 - Dry,10 - No control,01 - Non intersection,07 - Dark,03 - P.D. only,04 - Sideswipe,Merivale Gardens - Grenfell Glen - Pineglen - Country Place
12734,SLACK RD btwn VAAN DR & GRENFELL CRES,365261.3319,5020542.914,-75.72877,45.32223,2017-11-02,3:56:00 PM,02 - Rain,02 - Wet,10 - No control,04 - At/near private drive,01 - Daylight,02 - Non-fatal injury,03 - Rear end,Merivale Gardens - Grenfell Glen - Pineglen - Country Place
12735,SLADE CRES btwn WALDEN DR & WALDEN DR,350572.5231,5021105.977,-75.91607,45.32841,2017-08-18,9:43:00 PM,01 - Clear,01 - Dry,10 - No control,01 - Non intersection,07 - Dark,03 - P.D. only,06 - SMV unattended vehicle,Kanata Lakes - Marchwood Lakeside - Morgan's Grant - Kanata
12736,SLATER ST btwn ALBERT ST & COMMISSIONER ST,366664.1353,5030773.849,-75.70959,45.41417,2017-07-12,6:02:00 PM,01 - Clear,01 - Dry,10 - No control,04 - At/near private drive,01 - Daylight,03 - P.D. only,02 - Angle,Centretown West
12737,SLATER ST btwn BANK ST & O'CONNOR ST,367507.0532,5031403.598,-75.69875,45.41976,2017-06-18,10:30:00 PM,01 - Clear,01 - Dry,10 - No control,01 - Non intersection,07 - Dark,03 - P.D. only,06 - SMV unattended vehicle,Downtown
12738,SLATER ST btwn BANK ST & O'CONNOR ST,367440.1616,5031364.023,-75.69961,45.41941,2017-02-07,3:21:00 PM,01 - Clear,02 - Wet,10 - No control,01 - Non intersection,01 - Daylight,03 - P.D. only,04 - Sideswipe,Downtown
12739,SLATER ST btwn BAY ST & LYON ST N,367092.4055,5031145.503,-75.70408,45.41747,2017-03-16,12:00:00 AM,01 - Clear,01 - Dry,10 - No control,01 - Non intersection,00 - Unknown,03 - P.D. only,06 - SMV unattended vehicle,Downtown
12740,SLATER ST btwn COMMISSIONER ST & BAY ST,366792.4512,5030961.277,-75.70793,45.41584,2017-10-20,5:19:00 PM,01 - Clear,01 - Dry,10 - No control,01 - Non intersection,01 - Daylight,02 - Non-fatal injury,03 - Rear end,Downtown
12741,SLATER ST btwn COMMISSIONER ST & BAY ST,366968.1573,5031069.333,-75.70567,45.4168,2017-03-22,9:09:00 AM,01 - Clear,01 - Dry,10 - No control,01 - Non intersection,01 - Daylight,02 - Non-fatal injury,07 - SMV other,Downtown
12742,SLATER ST btwn COMMISSIONER ST & BAY ST,366960.6209,5031064.523,-75.70577,45.41675,2017-03-14,5:15:00 PM,03 - Snow,03 - Loose snow,10 - No control,01 - Non intersection,01 - Daylight,03 - P.D. only,03 - Rear end,Downtown
12743,SLATER ST btwn KENT ST & BANK ST,367304.539,5031279.538,-75.70135,45.41866,2017-06-16,12:18:00 PM,02 - Rain,02 - Wet,10 - No control,01 - Non intersection,01 - Daylight,02 - Non-fatal injury,04 - Sideswipe,Downtown
12744,SLATER ST btwn KENT ST & BANK ST,367361.8819,5031318.038,-75.70061,45.419,2017-08-15,2:45:00 PM,01 - Clear,01 - Dry,10 - No control,01 - Non intersection,01 - Daylight,03 - P.D. only,04 - Sideswipe,Downtown
12745,SLATER ST btwn KENT ST & BANK ST,367359.1109,5031315.476,-75.70065,45.41898,2017-08-22,7:02:00 PM,01 - Clear,01 - Dry,10 - No control,01 - Non intersection,01 - Daylight,03 - P.D. only,06 - SMV unattended vehicle,Downtown
12746,SLATER ST btwn KENT ST & BANK ST,367350.9784,5031309.007,-75.70075,45.41892,2017-08-17,12:00:00 AM,01 - Clear,01 - Dry,10 - No control,01 - Non intersection,00 - Unknown,03 - P.D. only,06 - SMV unattended vehicle,Downtown
12747,SLATER ST btwn KENT ST & BANK ST,367408.1355,5031343.443,-75.70002,45.41922,2017-12-13,3:15:00 PM,01 - Clear,01 - Dry,10 - No control,01 - Non intersection,01 - Daylight,03 - P.D. only,06 - SMV unattended vehicle,Downtown
12748,SLATER ST btwn LYON ST N & KENT ST,367184.8346,5031204.531,-75.70289,45.41799,2017-04-26,7:55:00 AM,01 - Clear,01 - Dry,10 - No control,01 - Non intersection,01 - Daylight,03 - P.D. only,04 - Sideswipe,Downtown
12749,SLATER ST btwn LYON ST N & KENT ST,367240.0609,5031241.322,-75.70218,45.41832,2017-11-14,4:30:00 PM,01 - Clear,01 - Dry,10 - No control,01 - Non intersection,05 - Dusk,02 - Non-fatal injury,07 - SMV other,Downtown
12750,SLATER ST btwn LYON ST N & KENT ST,367192.4766,5031209.638,-75.70279,45.41804,2017-01-20,10:07:00 AM,02 - Rain,02 - Wet,10 - No control,01 - Non intersection,01 - Daylight,03 - P.D. only,06 - SMV unattended vehicle,Downtown
12751,SLATER ST btwn LYON ST N & KENT ST,367137.8794,5031173.557,-75.70349,45.41772,2017-06-26,6:07:00 PM,01 - Clear,01 - Dry,10 - No control,01 - Non intersection,01 - Daylight,03 - P.D. only,04 - Sideswipe,Downtown
12752,SLATER ST btwn O'CONNOR ST & METCALFE ST,367606.9006,5031468.042,-75.69746,45.42033,2017-06-01,5:07:00 PM,01 - Clear,02 - Wet,10 - No control,01 - Non intersection,01 - Daylight,02 - Non-fatal injury,07 - SMV other,Downtown
12753,SLOAN AVE btwn HOPEWELL AVE & END,368092.5078,5027895.317,-75.69172,45.38814,2017-10-28,12:00:00 AM,01 - Clear,01 - Dry,10 - No control,01 - Non intersection,00 - Unknown,03 - P.D. only,06 - SMV unattended vehicle,Old Ottawa South
12754,SMOKETREE CRES btwn KITTIWAKE DR & DEW GT,348150.2804,5014060.739,-75.94759,45.26517,2017-12-23,12:00:00 AM,01 - Clear,05 - Packed snow,10 - No control,01 - Non intersection,00 - Unknown,03 - P.D. only,06 - SMV unattended vehicle,Stittsville
12755,SMYTH RD @ BOTSFORD ST/DAUPHIN RD,372243.3562,5029262.524,-75.63853,45.40005,2017-02-16,8:55:00 AM,01 - Clear,03 - Loose snow,01 - Traffic signal,03 - At intersection,01 - Daylight,03 - P.D. only,02 - Angle,Elmvale - Eastway - Riverview - Riverview Park West
12756,SMYTH RD @ BOTSFORD ST/DAUPHIN RD,372243.8073,5029261.102,-75.63852,45.40004,2017-01-20,3:18:00 AM,01 - Clear,01 - Dry,01 - Traffic signal,02 - Intersection related,07 - Dark,03 - P.D. only,07 - SMV other,Elmvale - Eastway - Riverview - Riverview Park West
12757,SMYTH RD @ BOTSFORD ST/DAUPHIN RD,372245.2343,5029262.671,-75.6385,45.40005,2017-02-09,4:00:00 PM,01 - Clear,01 - Dry,01 - Traffic signal,02 - Intersection related,01 - Daylight,03 - P.D. only,03 - Rear end,Elmvale - Eastway - Riverview - Riverview Park West
12758,SMYTH RD @ GENERAL HOSPITAL E,371516.5745,5029182.554,-75.64782,45.3994,2017-12-08,6:52:00 AM,01 - Clear,01 - Dry,01 - Traffic signal,02 - Intersection related,03 - Dawn,03 - P.D. only,03 - Rear end,Elmvale - Eastway - Riverview - Riverview Park West
12759,SMYTH RD @ RIVERSIDE HOSPITAL,369988.2145,5029119.471,-75.66735,45.39898,2017-12-04,6:52:00 AM,01 - Clear,01 - Dry,01 - Traffic signal,02 - Intersection related,03 - Dawn,03 - P.D. only,05 - Turning movement,Alta Vista
12760,SMYTH RD @ RIVERSIDE HOSPITAL,369987.5456,5029119.471,-75.66736,45.39898,2017-11-27,6:14:00 PM,01 - Clear,01 - Dry,01 - Traffic signal,02 - Intersection related,07 - Dark,03 - P.D. only,03 - Rear end,Alta Vista
12761,SMYTH RD @ SMYTH RD NORTH SIDE RAMP/SMYTH RD S,369917.1808,5029121.185,-75.66825,45.399,2017-05-30,4:54:00 PM,01 - Clear,01 - Dry,03 - Yield sign,02 - Intersection related,01 - Daylight,03 - P.D. only,03 - Rear end,Alta Vista
12762,SMYTH RD @ SMYTH RD NORTH SIDE RAMP/SMYTH RD S,369917.8336,5029121.427,-75.66825,45.399,2017-06-29,4:37:00 PM,02 - Rain,02 - Wet,03 - Yield sign,02 - Intersection related,01 - Daylight,03 - P.D. only,03 - Rear end,Alta Vista
12763,SMYTH RD @ SMYTH RD NORTH SIDE RAMP/SMYTH RD S,369916.6425,5029122.147,-75.66826,45.39901,2017-10-28,11:56:00 PM,02 - Rain,02 - Wet,03 - Yield sign,02 - Intersection related,07 - Dark,03 - P.D. only,07 - SMV other,Alta Vista
12764,SMYTH RD @ SOUTH HAVEN PL/GENERAL HOSPITAL ENTRANCE W,371120.9821,5029136.285,-75.65288,45.39902,2017-06-27,12:44:00 PM,01 - Clear,01 - Dry,01 - Traffic signal,03 - At intersection,01 - Daylight,03 - P.D. only,05 - Turning movement,Alta Vista
12765,SMYTH RD @ SOUTH HAVEN PL/GENERAL HOSPITAL ENTRANCE W,371120.3794,5029136.964,-75.65289,45.39903,2017-08-06,7:50:00 PM,01 - Clear,01 - Dry,01 - Traffic signal,02 - Intersection related,01 - Daylight,03 - P.D. only,03 - Rear end,Alta Vista
12766,SMYTH RD @ SOUTH HAVEN PL/GENERAL HOSPITAL ENTRANCE W,371121.7625,5029137.846,-75.65287,45.39904,2017-06-27,1:43:00 PM,02 - Rain,02 - Wet,01 - Traffic signal,03 - At intersection,01 - Daylight,03 - P.D. only,05 - Turning movement,Alta Vista
12767,SMYTH RD @ SOUTH HAVEN PL/GENERAL HOSPITAL ENTRANCE W,371120.6094,5029136.446,-75.65288,45.39902,2017-11-03,7:44:00 PM,01 - Clear,01 - Dry,01 - Traffic signal,03 - At intersection,07 - Dark,03 - P.D. only,05 - Turning movement,Alta Vista
12768,SMYTH RD @ SOUTH HAVEN PL/GENERAL HOSPITAL ENTRANCE W,371120.2164,5029136.027,-75.65289,45.39902,2017-01-27,9:43:00 AM,01 - Clear,01 - Dry,01 - Traffic signal,02 - Intersection related,01 - Daylight,03 - P.D. only,03 - Rear end,Alta Vista
12769,SMYTH RD btwn CUBA AVE & RUSSELL RD,373192.0164,5029367.166,-75.6264,45.4009,2017-02-16,9:57:00 AM,01 - Clear,02 - Wet,10 - No control,04 - At/near private drive,01 - Daylight,02 - Non-fatal injury,02 - Angle,Elmvale - Eastway - Riverview - Riverview Park West
12770,SMYTH RD btwn GENERAL HOSPITAL & HIGHLAND TER,371440.1289,5029172.856,-75.6488,45.39932,2017-11-15,5:00:00 PM,02 - Rain,02 - Wet,10 - No control,01 - Non intersection,05 - Dusk,03 - P.D. only,04 - Sideswipe,Elmvale - Eastway - Riverview - Riverview Park West
12771,SMYTH RD btwn HAIG DR & SAUNDERSON DR,372600.7905,5029302.92,-75.63396,45.40038,2017-09-30,12:41:00 PM,01 - Clear,01 - Dry,10 - No control,01 - Non intersection,01 - Daylight,03 - P.D. only,06 - SMV unattended vehicle,Elmvale - Eastway - Riverview - Riverview Park West
12772,SMYTH RD btwn HAIG DR & SAUNDERSON DR,372636.6207,5029305.019,-75.6335,45.4004,2017-03-16,4:13:00 PM,01 - Clear,01 - Dry,10 - No control,01 - Non intersection,01 - Daylight,03 - P.D. only,04 - Sideswipe,Elmvale - Eastway - Riverview - Riverview Park West
12773,SMYTH RD btwn LYNDA LANE & ROGER GUINDON AVE,371640.2402,5029195.676,-75.64624,45.39951,2017-02-09,6:15:00 PM,01 - Clear,01 - Dry,10 - No control,01 - Non intersection,07 - Dark,03 - P.D. only,03 - Rear end,Elmvale - Eastway - Riverview - Riverview Park West
12774,SMYTH RD btwn LYNDA LANE & ROGER GUINDON AVE,371778.6498,5029209.915,-75.64447,45.39962,2017-03-06,12:00:00 AM,02 - Rain,04 - Slush,10 - No control,01 - Non intersection,07 - Dark,03 - P.D. only,06 - SMV unattended vehicle,Elmvale - Eastway - Riverview - Riverview Park West
12775,SMYTH RD btwn MAIN ST & RAMP,369895.2484,5029124.351,-75.66853,45.39903,2017-08-07,7:14:00 PM,01 - Clear,01 - Dry,10 - No control,07 - Overpass or bridge,01 - Daylight,03 - P.D. only,03 - Rear end,Alta Vista
12776,SMYTH RD btwn RIVERSIDE HOSPITAL & ALTA VISTA DR,370247.0972,5029121.691,-75.66404,45.39897,2017-04-20,7:42:00 AM,01 - Clear,01 - Dry,10 - No control,01 - Non intersection,01 - Daylight,03 - P.D. only,99 - Other,Industrial Park
12777,SMYTH RD btwn RIVERSIDE HOSPITAL & ALTA VISTA DR,370037.017,5029121.462,-75.66672,45.39899,2017-12-29,6:49:00 PM,01 - Clear,01 - Dry,10 - No control,01 - Non intersection,07 - Dark,03 - P.D. only,07 - SMV other,Alta Vista
12778,SMYTH RD btwn ROGER GUINDON AVE & BOTSFORD ST,372065.8594,5029241.813,-75.6408,45.39988,2017-05-08,9:00:00 AM,01 - Clear,01 - Dry,10 - No control,04 - At/near private drive,01 - Daylight,02 - Non-fatal injury,02 - Angle,Elmvale - Eastway - Riverview - Riverview Park West
12779,SMYTH RD btwn ROGER GUINDON AVE & BOTSFORD ST,372208.796,5029256.694,-75.63897,45.4,2017-12-05,3:38:00 PM,01 - Clear,01 - Dry,10 - No control,04 - At/near private drive,01 - Daylight,02 - Non-fatal injury,02 - Angle,Elmvale - Eastway - Riverview - Riverview Park West
12780,SMYTH RD btwn ROGER GUINDON AVE & BOTSFORD ST,372043.4136,5029236.712,-75.64108,45.39984,2017-11-30,2:02:00 PM,01 - Clear,02 - Wet,10 - No control,01 - Non intersection,01 - Daylight,03 - P.D. only,03 - Rear end,Elmvale - Eastway - Riverview - Riverview Park West
12781,SMYTH RD btwn ROGER GUINDON AVE & BOTSFORD ST,372013.6929,5029234.031,-75.64146,45.39982,2017-01-16,2:30:00 PM,01 - Clear,01 - Dry,10 - No control,04 - At/near private drive,01 - Daylight,03 - P.D. only,02 - Angle,Elmvale - Eastway - Riverview - Riverview Park West
12782,SMYTH RD E/LANCASTER RD @ ST. LAURENT BLVD N/R,373363.4826,5029422.753,-75.6242,45.40138,2017-05-26,3:40:00 PM,02 - Rain,02 - Wet,01 - Traffic signal,02 - Intersection related,01 - Daylight,03 - P.D. only,04 - Sideswipe,Sheffield Glen
12783,SMYTH RD E/LANCASTER RD @ ST. LAURENT BLVD N/R,373364.2096,5029424.086,-75.62419,45.4014,2017-04-26,8:26:00 AM,01 - Clear,02 - Wet,01 - Traffic signal,02 - Intersection related,01 - Daylight,03 - P.D. only,03 - Rear end,Sheffield Glen
12784,SMYTH RD E/LANCASTER RD @ ST. LAURENT BLVD N/R,373364.2096,5029424.399,-75.62419,45.4014,2017-06-01,5:20:00 PM,02 - Rain,02 - Wet,01 - Traffic signal,03 - At intersection,01 - Daylight,03 - P.D. only,04 - Sideswipe,Sheffield Glen
12785,SMYTH RD E/LANCASTER RD @ ST. LAURENT BLVD N/R,373364.6676,5029424.081,-75.62418,45.4014,2017-10-22,2:43:00 PM,01 - Clear,01 - Dry,01 - Traffic signal,02 - Intersection related,01 - Daylight,03 - P.D. only,03 - Rear end,Sheffield Glen
12786,SMYTH RD E/LANCASTER RD @ ST. LAURENT BLVD N/R,373364.4298,5029424.975,-75.62419,45.4014,2017-09-23,11:11:00 AM,01 - Clear,01 - Dry,01 - Traffic signal,02 - Intersection related,01 - Daylight,03 - P.D. only,03 - Rear end,Sheffield Glen
12787,SMYTH RD E/LANCASTER RD @ ST. LAURENT BLVD N/R,373364.5452,5029426.736,-75.62418,45.40142,2017-09-21,2:11:00 PM,01 - Clear,01 - Dry,01 - Traffic signal,02 - Intersection related,01 - Daylight,02 - Non-fatal injury,03 - Rear end,Industrial Park
12788,SMYTH RD E/LANCASTER RD @ ST. LAURENT BLVD N/R,373366.3612,5029423.411,-75.62416,45.40139,2017-11-17,1:03:00 PM,01 - Clear,01 - Dry,01 - Traffic signal,02 - Intersection related,01 - Daylight,03 - P.D. only,03 - Rear end,Sheffield Glen
12789,SMYTH RD E/LANCASTER RD @ ST. LAURENT BLVD N/R,373365.0639,5029425.22,-75.62418,45.40141,2017-11-12,12:59:00 PM,01 - Clear,01 - Dry,01 - Traffic signal,02 - Intersection related,01 - Daylight,03 - P.D. only,03 - Rear end,Sheffield Glen
12790,SMYTH RD E/LANCASTER RD @ ST. LAURENT BLVD N/R,373364.8353,5029425.025,-75.62418,45.40141,2017-11-24,2:41:00 PM,01 - Clear,01 - Dry,01 - Traffic signal,02 - Intersection related,01 - Daylight,03 - P.D. only,04 - Sideswipe,Sheffield Glen
12791,SMYTH RD E/LANCASTER RD @ ST. LAURENT BLVD N/R,373363.8968,5029425.338,-75.62419,45.40141,2017-02-18,11:57:00 AM,01 - Clear,02 - Wet,01 - Traffic signal,02 - Intersection related,01 - Daylight,03 - P.D. only,04 - Sideswipe,Sheffield Glen
12792,SMYTH RD E/LANCASTER RD @ ST. LAURENT BLVD N/R,373364.0739,5029424.565,-75.62419,45.4014,2017-01-12,12:23:00 PM,02 - Rain,02 - Wet,01 - Traffic signal,03 - At intersection,01 - Daylight,03 - P.D. only,04 - Sideswipe,Sheffield Glen
12793,SMYTH RD E/LANCASTER RD @ ST. LAURENT BLVD N/R,373365.1618,5029424.578,-75.62418,45.4014,2017-01-16,7:33:00 PM,01 - Clear,01 - Dry,01 - Traffic signal,02 - Intersection related,07 - Dark,03 - P.D. only,04 - Sideswipe,Sheffield Glen
12794,SMYTH RD E/LANCASTER RD @ ST. LAURENT BLVD N/R,373362.9873,5029424.861,-75.6242,45.4014,2017-01-07,8:07:00 PM,03 - Snow,05 - Packed snow,01 - Traffic signal,02 - Intersection related,07 - Dark,03 - P.D. only,07 - SMV other,Sheffield Glen
12795,SMYTH RD E/LANCASTER RD @ ST. LAURENT BLVD N/R,373365.1481,5029424.399,-75.62418,45.4014,2017-03-09,6:42:00 PM,01 - Clear,01 - Dry,01 - Traffic signal,02 - Intersection related,07 - Dark,03 - P.D. only,03 - Rear end,Sheffield Glen
12796,SMYTH RD E/LANCASTER RD @ ST. LAURENT BLVD N/R,373365.1541,5029424.648,-75.62418,45.4014,2017-02-22,2:50:00 PM,01 - Clear,01 - Dry,01 - Traffic signal,02 - Intersection related,01 - Daylight,03 - P.D. only,03 - Rear end,Sheffield Glen
12797,SMYTH RD E/LANCASTER RD @ ST. LAURENT BLVD N/R,373364.5933,5029424.615,-75.62418,45.4014,2017-03-17,7:50:00 AM,01 - Clear,01 - Dry,01 - Traffic signal,03 - At intersection,01 - Daylight,03 - P.D. only,02 - Angle,Sheffield Glen
12798,SMYTH RD E/LANCASTER RD @ ST. LAURENT BLVD N/R,373365.0639,5029423.882,-75.62418,45.40139,2017-03-16,5:03:00 PM,01 - Clear,01 - Dry,01 - Traffic signal,02 - Intersection related,01 - Daylight,03 - P.D. only,04 - Sideswipe,Sheffield Glen
12799,SMYTH RD E/LANCASTER RD @ ST. LAURENT BLVD N/R,373365.6762,5029425.261,-75.62417,45.40141,2017-12-18,1:03:00 PM,03 - Snow,04 - Slush,01 - Traffic signal,02 - Intersection related,01 - Daylight,03 - P.D. only,03 - Rear end,Sheffield Glen
12800,SMYTH RD/OTHELLO AVE @ RUSSELL RD W,373256.2575,5029374.667,-75.62557,45.40096,2017-10-15,10:45:00 PM,01 - Clear,01 - Dry,01 - Traffic signal,02 - Intersection related,07 - Dark,03 - P.D. only,01 - Approaching,Elmvale - Eastway - Riverview - Riverview Park West
12801,SMYTH RD/OTHELLO AVE @ RUSSELL RD W,373256.5643,5029373.567,-75.62557,45.40095,2017-11-29,4:11:00 PM,01 - Clear,01 - Dry,01 - Traffic signal,02 - Intersection related,01 - Daylight,03 - P.D. only,04 - Sideswipe,Elmvale - Eastway - Riverview - Riverview Park West
12802,SMYTH RD/OTHELLO AVE @ RUSSELL RD W,373256.7394,5029373.546,-75.62557,45.40095,2017-04-22,7:05:00 PM,01 - Clear,01 - Dry,01 - Traffic signal,02 - Intersection related,01 - Daylight,03 - P.D. only,03 - Rear end,Elmvale - Eastway - Riverview - Riverview Park West
12803,SNAKE ISLAND RD @ STAGECOACH RD,378063.7608,5006580.716,-75.56754,45.19539,2017-11-27,5:15:00 PM,01 - Clear,04 - Slush,02 - Stop sign,03 - At intersection,07 - Dark,03 - P.D. only,02 - Angle,Kars - Osgoode
12804,SNAKE ISLAND RD @ STAGECOACH RD,378063.092,5006581.385,-75.56755,45.19539,2017-02-09,3:14:00 PM,01 - Clear,01 - Dry,02 - Stop sign,03 - At intersection,01 - Daylight,02 - Non-fatal injury,02 - Angle,Kars - Osgoode
12805,SNAKE ISLAND RD @ STAGECOACH RD,378063.8504,5006580.839,-75.56754,45.19539,2017-01-25,6:30:00 AM,01 - Clear,02 - Wet,02 - Stop sign,03 - At intersection,07 - Dark,03 - P.D. only,02 - Angle,Kars - Osgoode
12806,SNAKE ISLAND RD btwn 5TH LINE RD & GREY'S CREEK RD,381539.8089,5008792.056,-75.52297,45.21491,2017-06-04,7:39:00 PM,01 - Clear,01 - Dry,10 - No control,01 - Non intersection,01 - Daylight,01 - Fatal injury,01 - Approaching,Metcalfe
12807,SNAKE ISLAND RD btwn 5TH LINE RD & GREY'S CREEK RD,381703.3346,5008900.976,-75.52087,45.21588,2017-08-15,12:42:00 PM,01 - Clear,01 - Dry,10 - No control,04 - At/near private drive,01 - Daylight,02 - Non-fatal injury,99 - Other,Osgoode
12808,SNAKE ISLAND RD btwn GREY'S CREEK RD & SCRIVENS DR,382944.5326,5009662.691,-75.50495,45.22259,2017-12-08,3:37:00 PM,01 - Clear,01 - Dry,10 - No control,04 - At/near private drive,01 - Daylight,02 - Non-fatal injury,07 - SMV other,Metcalfe
12809,SNAKE ISLAND RD btwn MANOTICK STATION RD & STAGECOACH RD,377891.4805,5006480.33,-75.56975,45.1945,2017-11-21,7:57:00 AM,01 - Clear,01 - Dry,10 - No control,01 - Non intersection,01 - Daylight,03 - P.D. only,07 - SMV other,Kars - Osgoode
12810,SNAKE ISLAND RD btwn MCGUIRE RD & BLANCHFIELD RD,376773.0422,5005482.383,-75.58413,45.18564,2017-03-08,7:38:00 AM,01 - Clear,06 - Ice,10 - No control,01 - Non intersection,01 - Daylight,03 - P.D. only,07 - SMV other,Kars - Osgoode
12811,SNAKE ISLAND RD btwn SCRIVENS DR & BANK ST,383360.6487,5009911.306,-75.49961,45.22478,2017-11-27,7:44:00 AM,01 - Clear,01 - Dry,10 - No control,01 - Non intersection,01 - Daylight,03 - P.D. only,07 - SMV other,Metcalfe
12812,SODERLIND ST btwn DEMPSEY AVE & IRIS ST,361093.396,5023716.544,-75.78157,45.35114,2017-12-10,12:00:00 AM,01 - Clear,03 - Loose snow,10 - No control,01 - Non intersection,00 - Unknown,03 - P.D. only,06 - SMV unattended vehicle,Iris
12813,SOLANDT RD btwn HINES RD & MARCH RD,350463.4321,5022687.856,-75.91732,45.34265,2017-06-07,5:12:00 PM,01 - Clear,01 - Dry,10 - No control,04 - At/near private drive,01 - Daylight,03 - P.D. only,02 - Angle,South March
12814,SOLANDT RD btwn HINES RD & MARCH RD,350436.2605,5022661.399,-75.91767,45.34242,2017-04-18,5:26:00 PM,01 - Clear,01 - Dry,10 - No control,04 - At/near private drive,01 - Daylight,03 - P.D. only,02 - Angle,South March
12815,SOLARIS DR btwn SOLARIS DR & SOLARIS DR,356784.1545,5015804.148,-75.83739,45.28027,2017-02-14,12:00:00 AM,03 - Snow,03 - Loose snow,10 - No control,01 - Non intersection,00 - Unknown,03 - P.D. only,06 - SMV unattended vehicle,Bridlewood - Emerald Meadows
12816,SOMERSET ST    E btwn KING EDWARD AVE & HENDERSON AVE,369002.1547,5031702.013,-75.67961,45.42231,2017-09-15,10:00:00 AM,01 - Clear,01 - Dry,10 - No control,01 - Non intersection,01 - Daylight,03 - P.D. only,06 - SMV unattended vehicle,Sandy Hill
12817,SOMERSET ST    E btwn NELSON ST & SWEETLAND AVE,369106.1404,5031767.796,-75.67827,45.42289,2017-02-27,8:02:00 PM,01 - Clear,01 - Dry,10 - No control,04 - At/near private drive,07 - Dark,02 - Non-fatal injury,05 - Turning movement,Sandy Hill
12818,SOMERSET ST    W btwn BAY ST & LYON ST N,367267.4628,5030658.217,-75.7019,45.41307,2017-12-13,11:36:00 AM,03 - Snow,05 - Packed snow,10 - No control,01 - Non intersection,01 - Daylight,03 - P.D. only,06 - SMV unattended vehicle,Centretown
12819,SOMERSET ST    W btwn BAY ST & LYON ST N,367296.2679,5030674.545,-75.70153,45.41322,2017-02-20,12:00:00 PM,01 - Clear,01 - Dry,10 - No control,04 - At/near private drive,01 - Daylight,03 - P.D. only,02 - Angle,Centretown
12820,SOMERSET ST    W btwn BAYSWATER AVE & BREEZEHILL AVE N,365872.7951,5029936.651,-75.71981,45.4067,2017-05-09,2:42:00 PM,01 - Clear,01 - Dry,10 - No control,04 - At/near private drive,01 - Daylight,03 - P.D. only,02 - Angle,Littl