Record,Location,X,Y,Longitude,Latitude,Date,Time,Environment,Road_Surface,Traffic_Control,Collision_Location,Light,Collision_Classification,Impact_type,Neighborhood
12821,SOMERSET ST    W btwn BAYSWATER AVE & BREEZEHILL AVE N,365849.4422,5029927.191,-75.72011,45.40662,2017-12-07,3:38:00 PM,01 - Clear,01 - Dry,10 - No control,04 - At/near private drive,01 - Daylight,03 - P.D. only,02 - Angle,Centretow
12822,SOMERSET ST    W btwn BAYSWATER AVE & BREEZEHILL AVE N,365858.7257,5029930.739,-75.71999,45.40665,2017-01-03,12:46:00 AM,01 - Clear,02 - Wet,10 - No control,04 - At/near private drive,07 - Dark,02 - Non-fatal injury,05 - Turning movement,Centretow
12823,SOMERSET ST    W btwn BECKINGTON PRIV & BANK ST,367594.1384,5030855.353,-75.6977,45.41482,2017-01-15,5:55:00 PM,01 - Clear,01 - Dry,10 - No control,01 - Non intersection,07 - Dark,03 - P.D. only,06 - SMV unattended vehicle,Centretown
12824,SOMERSET ST    W btwn BOOTH ST & UPPER LORNE PL,366599.327,5030260.632,-75.71049,45.40955,2017-10-19,12:03:00 AM,01 - Clear,01 - Dry,10 - No control,01 - Non intersection,07 - Dark,03 - P.D. only,04 - Sideswipe,Chinatown
12825,SOMERSET ST    W btwn BOOTH ST & UPPER LORNE PL,366614.4124,5030274.652,-75.71029,45.40968,2017-09-28,8:42:00 PM,01 - Clear,01 - Dry,10 - No control,01 - Non intersection,07 - Dark,03 - P.D. only,06 - SMV unattended vehicle,Centretown West
12826,SOMERSET ST    W btwn BREEZEHILL AVE N & PRESTON ST,366170.2404,5030069.375,-75.71599,45.40787,2017-06-08,4:42:00 PM,01 - Clear,01 - Dry,10 - No control,01 - Non intersection,01 - Daylight,02 - Non-fatal injury,05 - Turning movement,Little Italy
12827,SOMERSET ST    W btwn BREEZEHILL AVE N & PRESTON ST,366232.9347,5030095.836,-75.71519,45.4081,2017-11-30,11:17:00 AM,01 - Clear,01 - Dry,10 - No control,01 - Non intersection,01 - Daylight,03 - P.D. only,06 - SMV unattended vehicle,Little Italy
12828,SOMERSET ST    W btwn BREEZEHILL AVE N & PRESTON ST,366208.9198,5030084.963,-75.7155,45.40801,2017-01-20,1:01:00 PM,01 - Clear,02 - Wet,10 - No control,04 - At/near private drive,01 - Daylight,03 - P.D. only,02 - Angle,Little Italy
12829,SOMERSET ST    W btwn BRONSON AVE & PERCY ST,366988.0974,5030489.281,-75.70549,45.41158,2017-07-06,10:16:00 AM,01 - Clear,01 - Dry,10 - No control,01 - Non intersection,01 - Daylight,03 - P.D. only,04 - Sideswipe,Chinatown
12830,SOMERSET ST    W btwn BRONSON AVE & PERCY ST,367036.631,5030519.229,-75.70487,45.41184,2017-12-15,12:55:00 PM,03 - Snow,05 - Packed snow,10 - No control,04 - At/near private drive,01 - Daylight,03 - P.D. only,02 - Angle,Chinatown
12831,SOMERSET ST    W btwn CARTIER ST & MACDONALD ST,368406.4128,5031343.679,-75.68726,45.41914,2017-10-13,12:00:00 AM,01 - Clear,01 - Dry,10 - No control,01 - Non intersection,00 - Unknown,03 - P.D. only,06 - SMV unattended vehicle,Golden Triangle
12832,SOMERSET ST    W btwn ELGIN ST & CARTIER ST,368233.4942,5031238.107,-75.68949,45.4182,2017-03-10,12:00:00 AM,03 - Snow,02 - Wet,10 - No control,01 - Non intersection,00 - Unknown,03 - P.D. only,06 - SMV unattended vehicle,Golden Triangle
12833,SOMERSET ST    W btwn ELGIN ST & CARTIER ST,368233.5258,5031239.432,-75.68949,45.41821,2017-12-10,12:00:00 AM,01 - Clear,01 - Dry,10 - No control,04 - At/near private drive,00 - Unknown,03 - P.D. only,06 - SMV unattended vehicle,Golden Triangle
12834,SOMERSET ST    W btwn KENT ST & BECKINGTON PRIV,367536.3584,5030820.901,-75.69845,45.41451,2017-01-25,2:09:00 PM,01 - Clear,01 - Dry,10 - No control,04 - At/near private drive,01 - Daylight,03 - P.D. only,05 - Turning movement,Centretown
12835,SOMERSET ST    W btwn LEBRETON ST N & EMPRESS AVE,366700.1454,5030329.583,-75.70919,45.41017,2017-06-09,10:28:00 PM,01 - Clear,01 - Dry,10 - No control,01 - Non intersection,07 - Dark,03 - P.D. only,04 - Sideswipe,Centretown West
12836,SOMERSET ST    W btwn LEBRETON ST N & EMPRESS AVE,366691.655,5030325.781,-75.7093,45.41013,2017-11-30,12:00:00 AM,01 - Clear,01 - Dry,10 - No control,01 - Non intersection,00 - Unknown,03 - P.D. only,06 - SMV unattended vehicle,Centretown West
12837,SOMERSET ST    W btwn LEBRETON ST N & EMPRESS AVE,366691.3082,5030324.671,-75.7093,45.41012,2017-12-19,12:00:00 AM,03 - Snow,06 - Ice,10 - No control,04 - At/near private drive,00 - Unknown,03 - P.D. only,06 - SMV unattended vehicle,Chinatown
12838,SOMERSET ST    W btwn METCALFE ST & ELGIN ST,368130.6446,5031177.911,-75.69081,45.41767,2017-11-03,5:30:00 PM,01 - Clear,01 - Dry,10 - No control,01 - Non intersection,07 - Dark,03 - P.D. only,06 - SMV unattended vehicle,Centretown
12839,SOMERSET ST    W btwn PERCY ST & BAY ST,367145.799,5030586.179,-75.70347,45.41243,2017-02-17,12:00:00 AM,01 - Clear,01 - Dry,10 - No control,01 - Non intersection,00 - Unknown,03 - P.D. only,06 - SMV unattended vehicle,Chinatown
12840,SOMERSET ST    W btwn PERCY ST & BAY ST,367179.5226,5030605.955,-75.70303,45.41261,2017-03-25,12:00:00 AM,01 - Clear,01 - Dry,10 - No control,01 - Non intersection,00 - Unknown,03 - P.D. only,06 - SMV unattended vehicle,Chinatown
12841,SOMERSET ST    W btwn PRESTON ST & ROCHESTER ST,366331.4444,5030137.602,-75.71392,45.40847,2017-04-28,5:27:00 PM,01 - Clear,01 - Dry,10 - No control,04 - At/near private drive,01 - Daylight,02 - Non-fatal injury,05 - Turning movement,Little Italy
12842,SOMERSET ST    W btwn PRESTON ST & ROCHESTER ST,366328.0999,5030135.595,-75.71397,45.40845,2017-11-16,6:33:00 PM,01 - Clear,02 - Wet,10 - No control,01 - Non intersection,07 - Dark,02 - Non-fatal injury,04 - Sideswipe,Little Italy
12843,SOMERSET ST    W btwn PRESTON ST & ROCHESTER ST,366351.5113,5030145.629,-75.71367,45.40854,2017-03-27,10:11:00 AM,02 - Rain,02 - Wet,10 - No control,01 - Non intersection,01 - Daylight,03 - P.D. only,04 - Sideswipe,Little Italy
12844,SOMERSET ST    W btwn RADSTOCK PRIV & KENT ST,367509.4404,5030803.182,-75.69879,45.41435,2017-02-08,4:10:00 PM,01 - Clear,03 - Loose snow,10 - No control,01 - Non intersection,01 - Daylight,03 - P.D. only,06 - SMV unattended vehicle,Centretown
12845,SOMERSET ST @ BELL ST,366772.9227,5030366.754,-75.70826,45.41049,2017-06-09,3:06:00 PM,01 - Clear,01 - Dry,10 - No control,02 - Intersection related,01 - Daylight,03 - P.D. only,03 - Rear end,Centretown West
12846,SOMERSET ST @ EMPRESS AVE,366738.4627,5030346.779,-75.7087,45.41032,2017-11-11,10:40:00 AM,01 - Clear,01 - Dry,01 - Traffic signal,03 - At intersection,01 - Daylight,03 - P.D. only,03 - Rear end,Chinatown
12847,SOMERSET ST @ EMPRESS AVE,366741.421,5030350.287,-75.70866,45.41035,2017-01-13,7:26:00 PM,01 - Clear,01 - Dry,01 - Traffic signal,02 - Intersection related,07 - Dark,03 - P.D. only,03 - Rear end,Chinatown
12848,SOMERSET ST @ EMPRESS AVE,366739.1133,5030348.142,-75.70869,45.41033,2017-12-26,3:50:00 PM,01 - Clear,04 - Slush,01 - Traffic signal,02 - Intersection related,05 - Dusk,02 - Non-fatal injury,03 - Rear end,Chinatown
12849,SOMERSET ST @ MARLBOROUGH AVE,369539.7539,5032030.821,-75.67269,45.42522,2017-08-24,10:20:00 AM,01 - Clear,01 - Dry,02 - Stop sign,03 - At intersection,01 - Daylight,03 - P.D. only,02 - Angle,Sandy Hill
12850,SOMERSET ST @ PERCY ST,367116.7072,5030569.909,-75.70384,45.41229,2017-02-19,7:47:00 PM,01 - Clear,01 - Dry,01 - Traffic signal,03 - At intersection,07 - Dark,02 - Non-fatal injury,02 - Angle,Chinatown
12851,SOMERSET ST @ PERCY ST,367116.7072,5030568.571,-75.70384,45.41228,2017-03-08,7:20:00 AM,01 - Clear,06 - Ice,01 - Traffic signal,02 - Intersection related,01 - Daylight,03 - P.D. only,04 - Sideswipe,Chinatown
12852,SOMERSET ST @ SPADINA AVE,365712.7168,5029866.649,-75.72186,45.40609,2017-02-11,3:50:00 PM,01 - Clear,03 - Loose snow,02 - Stop sign,02 - Intersection related,01 - Daylight,03 - P.D. only,99 - Other,Centretow
12853,SOUTH GOWER BOUNDARY RD btwn RIVER RD & GABERT RD,374907.3879,4996043.69,-75.60919,45.1009,2017-05-24,4:07:00 PM,01 - Clear,01 - Dry,10 - No control,04 - At/near private drive,01 - Daylight,03 - P.D. only,07 - SMV other,Osgoode
12854,SOUTH ISLAND PARK DR btwn SOUTH RIVER DR & HEENAN TER,369504.7689,5010331.603,-75.67598,45.22997,2017-09-21,6:10:00 PM,01 - Clear,01 - Dry,10 - No control,01 - Non intersection,01 - Daylight,03 - P.D. only,06 - SMV unattended vehicle,Manotick
12855,SOUTHFIELD WAY btwn BRANTHAVEN ST & ST. ALEXI WALK,384657.6737,5034784.998,-75.47908,45.44843,2017-02-10,8:50:00 AM,01 - Clear,01 - Dry,10 - No control,04 - At/near private drive,01 - Daylight,03 - P.D. only,03 - Rear end,Avalon
12856,SOUTHLAND CRES btwn KARSH DR & KARSH DR,373762.8363,5026163.744,-75.61955,45.37202,2017-09-01,1:51:00 PM,01 - Clear,01 - Dry,10 - No control,04 - At/near private drive,01 - Daylight,03 - P.D. only,06 - SMV unattended vehicle,Hunt Club
12857,SOUTHMORE DR @ WALKLEY RD,369711.6709,5025574.292,-75.67135,45.36711,2017-09-07,4:55:00 PM,01 - Clear,01 - Dry,02 - Stop sign,02 - Intersection related,01 - Daylight,03 - P.D. only,03 - Rear end,Riverside Park
12858,SOUTHMORE DR @ WALKLEY RD,369711.0586,5025575.867,-75.67135,45.36712,2017-11-22,4:19:00 PM,01 - Clear,02 - Wet,02 - Stop sign,02 - Intersection related,01 - Daylight,02 - Non-fatal injury,03 - Rear end,Riverside Park
12859,SOUTHMORE DR @ WALKLEY RD,369710.3897,5025575.198,-75.67136,45.36711,2017-02-16,3:40:00 PM,01 - Clear,02 - Wet,02 - Stop sign,03 - At intersection,01 - Daylight,02 - Non-fatal injury,02 - Angle,Riverside Park
12860,SOUTHMORE DR @ WALKLEY RD,369710.7241,5025573.819,-75.67136,45.3671,2017-12-16,5:12:00 PM,01 - Clear,03 - Loose snow,02 - Stop sign,02 - Intersection related,07 - Dark,02 - Non-fatal injury,03 - Rear end,Riverside Park
12861,SOUTHPORT DR btwn HAVENHURST CRES & HAVENHURST CRES,372449.7208,5024763.725,-75.63651,45.35955,2017-06-09,3:30:00 PM,01 - Clear,01 - Dry,10 - No control,04 - At/near private drive,01 - Daylight,03 - P.D. only,02 - Angle,Greenboro East
12862,SPARKLING LAKE WAY btwn OLD PRESCOTT RD & Continuation of SPARKLING LA,377427.0466,5014659.735,-75.57446,45.26814,2017-03-02,9:37:00 AM,05 - Drifting Snow,05 - Packed snow,10 - No control,01 - Non intersection,01 - Daylight,03 - P.D. only,02 - Angle,Greely
12863,SPARKMAN AVE btwn MONTMORENCY WAY & HARVEST VALLEY AVE,384841.6527,5034524.876,-75.47677,45.44607,2017-12-20,3:30:00 PM,01 - Clear,05 - Packed snow,10 - No control,04 - At/near private drive,01 - Daylight,03 - P.D. only,99 - Other,Avalon
12864,SPARKS ST btwn BAY ST & LYON ST N,366905.8624,5031307.683,-75.70644,45.41895,2017-04-20,5:15:00 PM,01 - Clear,01 - Dry,10 - No control,01 - Non intersection,01 - Daylight,03 - P.D. only,99 - Other,Downtown
12865,SPARTAN AVE btwn EVE ST & LOLA ST,371026.5039,5032523.575,-75.65363,45.42951,2017-02-18,12:00:00 AM,01 - Clear,02 - Wet,10 - No control,01 - Non intersection,00 - Unknown,03 - P.D. only,06 - SMV unattended vehicle,Vanier South
12866,SPEEDWAY RD btwn SPRUCE RIDGE RD & END,345594.8805,5011269.763,-75.98038,45.24021,2017-10-07,1:59:00 AM,"07 - Fog, mist, smoke, dust",01 - Dry,10 - No control,01 - Non intersection,07 - Dark,03 - P.D. only,07 - SMV other,Munster Hamlet - Richmond
12867,SPENCER ST btwn HAMILTON AVE N & PARKDALE AVE,365057.809,5029464.802,-75.73028,45.40253,2017-05-02,5:16:00 PM,01 - Clear,01 - Dry,10 - No control,01 - Non intersection,01 - Daylight,03 - P.D. only,04 - Sideswipe,Islan
12868,SPRATT RD @ CANYON WALK DR/GOLDENEYE WAY,368671.0437,5016145.109,-75.68585,45.28236,2017-06-26,10:40:00 AM,01 - Clear,01 - Dry,02 - Stop sign,03 - At intersection,01 - Daylight,03 - P.D. only,02 - Angle,Gloucester
12869,SPRATT RD @ CANYON WALK DR/GOLDENEYE WAY,368670.4314,5016145.345,-75.68585,45.28236,2017-09-07,8:13:00 AM,01 - Clear,02 - Wet,02 - Stop sign,02 - Intersection related,01 - Daylight,03 - P.D. only,03 - Rear end,Gloucester
12870,SPRATT RD btwn CANYON WALK DR & HOLLOW TRAIL GT,368720.5052,5016225.279,-75.6852,45.28308,2017-09-18,5:03:00 PM,01 - Clear,01 - Dry,10 - No control,01 - Non intersection,01 - Daylight,03 - P.D. only,06 - SMV unattended vehicle,Gloucester
12871,SPRATT RD btwn CANYON WALK DR & HOLLOW TRAIL GT,368702.4951,5016198.957,-75.68544,45.28284,2017-02-15,9:09:00 AM,03 - Snow,05 - Packed snow,10 - No control,04 - At/near private drive,01 - Daylight,03 - P.D. only,02 - Angle,Gloucester
12872,SPRATT RD btwn SHORELINE DR & CANYON WALK DR,368627.6498,5016072.763,-75.68641,45.28171,2017-05-18,9:13:00 AM,01 - Clear,01 - Dry,10 - No control,04 - At/near private drive,01 - Daylight,03 - P.D. only,02 - Angle,Gloucester
12873,SPRATT RD btwn SHORELINE DR & CANYON WALK DR,368638.3156,5016086.193,-75.68627,45.28183,2017-03-08,9:03:00 AM,01 - Clear,02 - Wet,10 - No control,01 - Non intersection,01 - Daylight,03 - P.D. only,03 - Rear end,Gloucester
12874,SPRING VALLEY DR btwn KNOTRIDGE ST & NAVAN RD,382003.038,5032549.936,-75.51337,45.42862,2017-09-21,5:00:00 PM,01 - Clear,01 - Dry,10 - No control,01 - Non intersection,01 - Daylight,03 - P.D. only,06 - SMV unattended vehicle,Chapel Hill South
12875,SPRINGBEAUTY AVE @ TWAYBLADE AVE,365208.3069,5016773.18,-75.7299,45.28832,2017-10-23,12:00:00 AM,00 - Unknown,99 - Other,02 - Stop sign,02 - Intersection related,00 - Unknown,03 - P.D. only,06 - SMV unattended vehicle,Greenbelt
12876,SPRINGCREEK CRES btwn STONEMEADOW DR & REDSTONE LANE,356161.9554,5016868.792,-75.84521,45.2899,2017-12-10,12:00:00 AM,01 - Clear,01 - Dry,10 - No control,01 - Non intersection,00 - Unknown,03 - P.D. only,06 - SMV unattended vehicle,Bridlewood - Emerald Meadows
12877,SPRINGFIELD RD btwn BERTRAND ST & SCHOOLHOUSE PRIV,369214.4983,5033768.953,-75.67662,45.44088,2017-03-29,6:23:00 PM,01 - Clear,01 - Dry,10 - No control,04 - At/near private drive,07 - Dark,03 - P.D. only,02 - Angle,Lindenlea
12878,SPRINGHILL RD @ YORKS CORNERS RD,390383.4921,5009504.725,-75.41027,45.22031,2017-11-27,8:16:00 AM,01 - Clear,05 - Packed snow,02 - Stop sign,03 - At intersection,01 - Daylight,03 - P.D. only,02 - Angle,Metcalfe
12879,SPRINGHILL RD btwn BLANCHFIELD RD & 4TH LINE RD,379314.8856,5002498.846,-75.55223,45.15853,2017-05-19,1:12:00 PM,01 - Clear,08 - Loose sand or gravel,10 - No control,01 - Non intersection,01 - Daylight,02 - Non-fatal injury,07 - SMV other,Kars - Osgoode
12880,SPRINGLAND DR btwn RIDGEWOOD AVE & HOBSON RD,368575.8736,5025760.824,-75.68582,45.36889,2017-12-27,12:00:00 AM,01 - Clear,01 - Dry,10 - No control,01 - Non intersection,00 - Unknown,03 - P.D. only,06 - SMV unattended vehicle,Riverside Park
12881,SPROULE ST btwn SHILLINGTON AVE & END,365300.4723,5027181.772,-75.72746,45.38196,2017-10-13,7:35:00 PM,01 - Clear,01 - Dry,10 - No control,04 - At/near private drive,07 - Dark,03 - P.D. only,07 - SMV other,Carlington
12882,SPROULE ST btwn SHILLINGTON AVE & END,365307.5929,5027170.565,-75.72737,45.38186,2017-10-11,12:00:00 AM,01 - Clear,01 - Dry,10 - No control,01 - Non intersection,00 - Unknown,03 - P.D. only,06 - SMV unattended vehicle,Carlington
12883,SPRUCE MEADOWS DR btwn BRIDLEWOOD DR & TAMARA WAY,354972.8038,5017221.866,-75.86033,45.29316,2017-03-17,12:00:00 AM,01 - Clear,01 - Dry,10 - No control,01 - Non intersection,00 - Unknown,03 - P.D. only,06 - SMV unattended vehicle,Bridlewood - Emerald Meadows
12884,SPRUCE MEADOWS DR btwn TAMARA WAY & STEEPLE CHASE DR,355091.6024,5017161.723,-75.85883,45.29261,2017-01-27,8:57:00 AM,03 - Snow,02 - Wet,10 - No control,04 - At/near private drive,01 - Daylight,03 - P.D. only,06 - SMV unattended vehicle,Bridlewood - Emerald Meadows
12885,SPRUCE RIDGE RD btwn RICHARDSON SIDE RD & HAZELDEAN RD,343535.8192,5014009.42,-76.00639,45.26498,2017-01-29,1:15:00 AM,03 - Snow,03 - Loose snow,10 - No control,01 - Non intersection,07 - Dark,03 - P.D. only,07 - SMV other,Stittsville - Basswood
12886,SPRUCE RIDGE RD btwn RICHARDSON SIDE RD & HAZELDEAN RD,344730.4246,5012675.473,-75.99128,45.25291,2017-03-27,4:21:00 PM,02 - Rain,02 - Wet,10 - No control,01 - Non intersection,01 - Daylight,03 - P.D. only,07 - SMV other,Stittsville - Basswood
12887,SPRUCE ST @ BOOTH ST,366561.2235,5030325.036,-75.71097,45.41014,2017-12-05,7:14:00 AM,02 - Rain,02 - Wet,02 - Stop sign,02 - Intersection related,03 - Dawn,03 - P.D. only,03 - Rear end,Centretown West
12888,SPUR AVE btwn BRIDGESTONE DR & EQUESTRIAN DR,355307.4611,5015892.374,-75.8562,45.28117,2017-01-02,3:54:00 PM,01 - Clear,04 - Slush,10 - No control,04 - At/near private drive,01 - Daylight,03 - P.D. only,05 - Turning movement,Bridlewood - Emerald Meadows
12889,ST. ANDREW ST btwn CUMBERLAND ST & KING EDWARD AVE,368102.5746,5032933.942,-75.69094,45.43347,2017-10-24,12:00:00 AM,01 - Clear,01 - Dry,10 - No control,01 - Non intersection,00 - Unknown,03 - P.D. only,06 - SMV unattended vehicle,Lower Town
12890,ST. ANDREW ST btwn KING EDWARD AVE & ROSE ST,368196.6053,5032978.3,-75.68973,45.43386,2017-02-14,12:00:00 AM,01 - Clear,02 - Wet,10 - No control,01 - Non intersection,00 - Unknown,03 - P.D. only,06 - SMV unattended vehicle,Lower Town
12891,ST. CHARLES ST btwn GENEST ST & ALICE ST,369629.8199,5033575.079,-75.67134,45.4391,2017-04-23,12:00:00 AM,01 - Clear,01 - Dry,10 - No control,01 - Non intersection,00 - Unknown,03 - P.D. only,06 - SMV unattended vehicle,Vanier North
12892,ST. EMMANUEL TER btwn TO BE DETERMINED & BERNICE CRT (1),379714.8184,5037777.856,-75.54181,45.47591,2017-11-27,11:11:00 AM,01 - Clear,06 - Ice,10 - No control,01 - Non intersection,01 - Daylight,03 - P.D. only,01 - Approaching,Orleans South West
12893,ST. GERMAIN CRES btwn VORLAGE DR & VORLAGE DR,379629.2259,5037747.723,-75.54291,45.47565,2017-09-06,12:57:00 PM,01 - Clear,01 - Dry,10 - No control,01 - Non intersection,01 - Daylight,03 - P.D. only,06 - SMV unattended vehicle,Orleans South West
12894,ST. JEAN ST @ ST. JOSEPH BLVD,380970.0718,5037201.591,-75.52584,45.47059,2017-06-01,10:37:00 AM,01 - Clear,01 - Dry,01 - Traffic signal,02 - Intersection related,01 - Daylight,02 - Non-fatal injury,04 - Sideswipe,Orleans Village - Chateauneuf
12895,ST. JEAN ST @ ST. JOSEPH BLVD,380969.4029,5037202.26,-75.52585,45.47059,2017-06-06,12:35:00 PM,02 - Rain,02 - Wet,01 - Traffic signal,02 - Intersection related,01 - Daylight,03 - P.D. only,03 - Rear end,Orleans Village - Chateauneuf
12896,ST. JEAN ST @ ST. JOSEPH BLVD,380970.0718,5037200.923,-75.52584,45.47058,2017-03-09,10:13:00 AM,01 - Clear,01 - Dry,01 - Traffic signal,02 - Intersection related,01 - Daylight,03 - P.D. only,03 - Rear end,Orleans Village - Chateauneuf
12897,ST. JEAN ST btwn COUSINEAU ST & ST. JOSEPH BLVD,380954.6871,5037222.996,-75.52604,45.47078,2017-06-12,8:57:00 AM,01 - Clear,01 - Dry,10 - No control,04 - At/near private drive,01 - Daylight,02 - Non-fatal injury,02 - Angle,Industrial Park
12898,ST. JEAN ST btwn COUSINEAU ST & ST. JOSEPH BLVD,380902.4987,5037302.374,-75.52669,45.4715,2017-11-27,12:01:00 PM,01 - Clear,02 - Wet,10 - No control,04 - At/near private drive,01 - Daylight,03 - P.D. only,02 - Angle,Industrial Park
12899,ST. JOSEPH BLVD @ 500 E OF HART RD,378027.9478,5035851.24,-75.56367,45.45875,2017-11-19,8:30:00 AM,03 - Snow,03 - Loose snow,01 - Traffic signal,03 - At intersection,01 - Daylight,03 - P.D. only,07 - SMV other,Greenbelt
12900,ST. JOSEPH BLVD @ DUFORD DR/PLACE D'ORLEANS DR,381996.1891,5037994.949,-75.5126,45.47761,2017-10-02,12:10:00 PM,01 - Clear,01 - Dry,01 - Traffic signal,03 - At intersection,01 - Daylight,03 - P.D. only,05 - Turning movement,Queenswood Heights
12901,ST. JOSEPH BLVD @ DUFORD DR/PLACE D'ORLEANS DR,381994.8993,5037997.798,-75.51261,45.47764,2017-11-15,8:20:00 AM,01 - Clear,01 - Dry,01 - Traffic signal,02 - Intersection related,01 - Daylight,02 - Non-fatal injury,03 - Rear end,Queenswood Heights
12902,ST. JOSEPH BLVD @ DUFORD DR/PLACE D'ORLEANS DR,381999.2512,5037996.248,-75.51256,45.47762,2017-03-15,8:20:00 AM,03 - Snow,03 - Loose snow,01 - Traffic signal,02 - Intersection related,01 - Daylight,03 - P.D. only,03 - Rear end,Queenswood Heights
12903,ST. JOSEPH BLVD @ FOREST VALLEY DR/YOUVILLE DR,379164.4067,5036157.259,-75.54909,45.46139,2017-06-06,7:03:00 PM,01 - Clear,01 - Dry,01 - Traffic signal,02 - Intersection related,01 - Daylight,03 - P.D. only,03 - Rear end,Chapel Hill
12904,ST. JOSEPH BLVD @ FOREST VALLEY DR/YOUVILLE DR,379164.4067,5036155.922,-75.54909,45.46137,2017-05-12,8:00:00 AM,01 - Clear,01 - Dry,01 - Traffic signal,03 - At intersection,01 - Daylight,02 - Non-fatal injury,05 - Turning movement,Chapel Hill
12905,ST. JOSEPH BLVD @ FOREST VALLEY DR/YOUVILLE DR,379165.2145,5036157.301,-75.54908,45.46139,2017-08-26,1:55:00 PM,01 - Clear,01 - Dry,01 - Traffic signal,03 - At intersection,01 - Daylight,03 - P.D. only,02 - Angle,Chapel Hill
12906,ST. JOSEPH BLVD @ FOREST VALLEY DR/YOUVILLE DR,379167.2547,5036156.589,-75.54906,45.46138,2017-10-30,7:24:00 AM,02 - Rain,02 - Wet,01 - Traffic signal,02 - Intersection related,01 - Daylight,02 - Non-fatal injury,03 - Rear end,Chapel Hill
12907,ST. JOSEPH BLVD @ FOREST VALLEY DR/YOUVILLE DR,379167.2547,5036162.438,-75.54906,45.46143,2017-12-14,3:30:00 PM,01 - Clear,01 - Dry,01 - Traffic signal,03 - At intersection,01 - Daylight,03 - P.D. only,05 - Turning movement,Greenbelt
12908,ST. JOSEPH BLVD @ FOREST VALLEY DR/YOUVILLE DR,379169.3363,5036151.485,-75.54903,45.46133,2017-01-10,6:06:00 PM,03 - Snow,03 - Loose snow,01 - Traffic signal,03 - At intersection,07 - Dark,02 - Non-fatal injury,05 - Turning movement,Chapel Hill
12909,ST. JOSEPH BLVD @ FOREST VALLEY DR/YOUVILLE DR,379164.2677,5036157.301,-75.54909,45.46139,2017-04-21,3:10:00 PM,01 - Clear,01 - Dry,01 - Traffic signal,02 - Intersection related,01 - Daylight,03 - P.D. only,03 - Rear end,Chapel Hill
12910,ST. JOSEPH BLVD @ JEANNE D'ARC BLVD,379861.7458,5036472.919,-75.54013,45.46415,2017-05-17,3:53:00 PM,01 - Clear,01 - Dry,11 - Roundabout,03 - At intersection,01 - Daylight,03 - P.D. only,02 - Angle,Chapel Hill
12911,ST. JOSEPH BLVD @ JEANNE D'ARC BLVD,379861.7458,5036471.581,-75.54013,45.46414,2017-06-11,10:40:00 AM,01 - Clear,01 - Dry,11 - Roundabout,03 - At intersection,01 - Daylight,03 - P.D. only,02 - Angle,Chapel Hill
12912,ST. JOSEPH BLVD @ JEANNE D'ARC BLVD,379859.7392,5036473.588,-75.54015,45.46416,2017-06-23,7:46:00 AM,02 - Rain,02 - Wet,11 - Roundabout,02 - Intersection related,01 - Daylight,03 - P.D. only,03 - Rear end,Greenbelt
12913,ST. JOSEPH BLVD @ JEANNE D'ARC BLVD,379862.4147,5036470.912,-75.54012,45.46413,2017-05-04,9:50:00 PM,02 - Rain,02 - Wet,11 - Roundabout,02 - Intersection related,07 - Dark,03 - P.D. only,03 - Rear end,Chapel Hill
12914,ST. JOSEPH BLVD @ JEANNE D'ARC BLVD,379861.7458,5036470.912,-75.54013,45.46413,2017-05-20,9:52:00 AM,01 - Clear,01 - Dry,11 - Roundabout,03 - At intersection,01 - Daylight,03 - P.D. only,04 - Sideswipe,Chapel Hill
12915,ST. JOSEPH BLVD @ JEANNE D'ARC BLVD,379860.4081,5036471.581,-75.54015,45.46414,2017-06-09,9:20:00 AM,01 - Clear,01 - Dry,11 - Roundabout,03 - At intersection,01 - Daylight,03 - P.D. only,02 - Angle,Chapel Hill
12916,ST. JOSEPH BLVD @ JEANNE D'ARC BLVD,379861.7458,5036472.919,-75.54013,45.46415,2017-05-06,10:42:00 AM,01 - Clear,01 - Dry,11 - Roundabout,02 - Intersection related,01 - Daylight,03 - P.D. only,04 - Sideswipe,Chapel Hill
12917,ST. JOSEPH BLVD @ JEANNE D'ARC BLVD,379861.077,5036470.912,-75.54014,45.46413,2017-06-02,2:19:00 PM,01 - Clear,01 - Dry,11 - Roundabout,03 - At intersection,01 - Daylight,03 - P.D. only,03 - Rear end,Chapel Hill
12918,ST. JOSEPH BLVD @ JEANNE D'ARC BLVD,379861.077,5036472.25,-75.54014,45.46414,2017-05-26,3:50:00 PM,01 - Clear,01 - Dry,11 - Roundabout,03 - At intersection,01 - Daylight,03 - P.D. only,07 - SMV other,Chapel Hill
12919,ST. JOSEPH BLVD @ JEANNE D'ARC BLVD,379862.4147,5036471.581,-75.54012,45.46414,2017-06-24,1:40:00 PM,01 - Clear,01 - Dry,11 - Roundabout,03 - At intersection,01 - Daylight,03 - P.D. only,04 - Sideswipe,Chapel Hill
12920,ST. JOSEPH BLVD @ JEANNE D'ARC BLVD,379859.7392,5036471.581,-75.54015,45.46414,2017-04-26,12:30:00 PM,01 - Clear,01 - Dry,11 - Roundabout,03 - At intersection,01 - Daylight,03 - P.D. only,02 - Angle,Chapel Hill
12921,ST. JOSEPH BLVD @ JEANNE D'ARC BLVD,379860.4081,5036470.912,-75.54015,45.46413,2017-06-14,3:34:00 PM,01 - Clear,01 - Dry,11 - Roundabout,03 - At intersection,01 - Daylight,02 - Non-fatal injury,04 - Sideswipe,Chapel Hill