Record,Location,X,Y,Longitude,Latitude,Date,Time,Environment,Road_Surface,Traffic_Control,Collision_Location,Light,Collision_Classification,Impact_type,Neighborhood
12922,ST. JOSEPH BLVD @ JEANNE D'ARC BLVD,379860.2691,5036471.818,-75.54015,45.46414,2017-08-31,5:24:00 PM,01 - Clear,01 - Dry,11 - Roundabout,03 - At intersection,01 - Daylight,03 - P.D. only,04 - Sideswipe,Chapel Hill
12923,ST. JOSEPH BLVD @ JEANNE D'ARC BLVD,379860.4081,5036471.581,-75.54015,45.46414,2017-07-11,11:36:00 PM,01 - Clear,01 - Dry,11 - Roundabout,03 - At intersection,07 - Dark,03 - P.D. only,02 - Angle,Chapel Hill
12924,ST. JOSEPH BLVD @ JEANNE D'ARC BLVD,379860.7425,5036471.344,-75.54014,45.46414,2017-08-28,3:40:00 PM,01 - Clear,01 - Dry,11 - Roundabout,03 - At intersection,01 - Daylight,03 - P.D. only,02 - Angle,Chapel Hill
12925,ST. JOSEPH BLVD @ JEANNE D'ARC BLVD,379860.4081,5036470.243,-75.54015,45.46413,2017-06-30,6:01:00 PM,01 - Clear,02 - Wet,11 - Roundabout,02 - Intersection related,01 - Daylight,03 - P.D. only,03 - Rear end,Chapel Hill
12926,ST. JOSEPH BLVD @ JEANNE D'ARC BLVD,379861.8524,5036470.915,-75.54013,45.46413,2017-08-26,12:07:00 PM,01 - Clear,01 - Dry,11 - Roundabout,03 - At intersection,01 - Daylight,03 - P.D. only,04 - Sideswipe,Chapel Hill
12927,ST. JOSEPH BLVD @ JEANNE D'ARC BLVD,379861.252,5036472.6,-75.54013,45.46415,2017-07-05,3:26:00 PM,01 - Clear,01 - Dry,11 - Roundabout,03 - At intersection,01 - Daylight,03 - P.D. only,02 - Angle,Chapel Hill
12928,ST. JOSEPH BLVD @ JEANNE D'ARC BLVD,379860.7425,5036471.262,-75.54014,45.46414,2017-07-15,12:08:00 PM,01 - Clear,01 - Dry,11 - Roundabout,03 - At intersection,01 - Daylight,02 - Non-fatal injury,02 - Angle,Chapel Hill
12929,ST. JOSEPH BLVD @ JEANNE D'ARC BLVD,379861.4084,5036471.803,-75.54013,45.46414,2017-08-10,7:47:00 AM,01 - Clear,01 - Dry,11 - Roundabout,03 - At intersection,01 - Daylight,03 - P.D. only,04 - Sideswipe,Chapel Hill
12930,ST. JOSEPH BLVD @ JEANNE D'ARC BLVD,379860.7425,5036470.94,-75.54014,45.46413,2017-08-09,11:46:00 AM,01 - Clear,01 - Dry,11 - Roundabout,02 - Intersection related,01 - Daylight,03 - P.D. only,04 - Sideswipe,Chapel Hill
12931,ST. JOSEPH BLVD @ JEANNE D'ARC BLVD,379860.2956,5036471.357,-75.54015,45.46414,2017-09-09,5:21:00 PM,01 - Clear,01 - Dry,11 - Roundabout,02 - Intersection related,01 - Daylight,03 - P.D. only,04 - Sideswipe,Chapel Hill
12932,ST. JOSEPH BLVD @ JEANNE D'ARC BLVD,379860.7425,5036472.251,-75.54014,45.46414,2017-09-13,8:01:00 AM,01 - Clear,01 - Dry,11 - Roundabout,03 - At intersection,01 - Daylight,02 - Non-fatal injury,02 - Angle,Chapel Hill
12933,ST. JOSEPH BLVD @ JEANNE D'ARC BLVD,379861.2852,5036471.31,-75.54013,45.46414,2017-10-19,11:30:00 AM,01 - Clear,01 - Dry,11 - Roundabout,02 - Intersection related,01 - Daylight,03 - P.D. only,03 - Rear end,Chapel Hill
12934,ST. JOSEPH BLVD @ JEANNE D'ARC BLVD,379860.0424,5036472.044,-75.54015,45.46414,2017-10-25,8:45:00 AM,01 - Clear,01 - Dry,11 - Roundabout,03 - At intersection,01 - Daylight,03 - P.D. only,04 - Sideswipe,Chapel Hill
12935,ST. JOSEPH BLVD @ JEANNE D'ARC BLVD,379860.2691,5036470.871,-75.54015,45.46413,2017-09-30,12:45:00 PM,01 - Clear,01 - Dry,11 - Roundabout,03 - At intersection,01 - Daylight,03 - P.D. only,04 - Sideswipe,Chapel Hill
12936,ST. JOSEPH BLVD @ JEANNE D'ARC BLVD,379861.289,5036471.581,-75.54013,45.46414,2017-10-02,3:20:00 PM,01 - Clear,01 - Dry,11 - Roundabout,03 - At intersection,01 - Daylight,03 - P.D. only,04 - Sideswipe,Chapel Hill
12937,ST. JOSEPH BLVD @ JEANNE D'ARC BLVD,379861.1894,5036470.911,-75.54014,45.46413,2017-09-13,12:26:00 PM,01 - Clear,01 - Dry,11 - Roundabout,03 - At intersection,01 - Daylight,03 - P.D. only,04 - Sideswipe,Chapel Hill
12938,ST. JOSEPH BLVD @ JEANNE D'ARC BLVD,379861.8354,5036471.034,-75.54013,45.46413,2017-09-26,7:46:00 AM,01 - Clear,01 - Dry,11 - Roundabout,03 - At intersection,01 - Daylight,03 - P.D. only,02 - Angle,Chapel Hill
12939,ST. JOSEPH BLVD @ JEANNE D'ARC BLVD,379861.2159,5036471.818,-75.54014,45.46414,2017-10-17,11:25:00 AM,01 - Clear,01 - Dry,11 - Roundabout,03 - At intersection,01 - Daylight,03 - P.D. only,02 - Angle,Chapel Hill
12940,ST. JOSEPH BLVD @ JEANNE D'ARC BLVD,379860.7425,5036471.342,-75.54014,45.46414,2017-09-06,3:05:00 PM,01 - Clear,01 - Dry,11 - Roundabout,03 - At intersection,01 - Daylight,03 - P.D. only,04 - Sideswipe,Chapel Hill
12941,ST. JOSEPH BLVD @ JEANNE D'ARC BLVD,379860.7425,5036470.464,-75.54014,45.46413,2017-09-13,6:06:00 PM,01 - Clear,01 - Dry,11 - Roundabout,03 - At intersection,01 - Daylight,03 - P.D. only,02 - Angle,Chapel Hill
12942,ST. JOSEPH BLVD @ JEANNE D'ARC BLVD,379860.7425,5036471.357,-75.54014,45.46414,2017-09-12,11:51:00 AM,01 - Clear,01 - Dry,11 - Roundabout,03 - At intersection,01 - Daylight,03 - P.D. only,02 - Angle,Chapel Hill
12943,ST. JOSEPH BLVD @ JEANNE D'ARC BLVD,379860.7425,5036471.581,-75.54014,45.46414,2017-09-14,3:27:00 PM,01 - Clear,01 - Dry,11 - Roundabout,02 - Intersection related,01 - Daylight,03 - P.D. only,03 - Rear end,Chapel Hill
12944,ST. JOSEPH BLVD @ JEANNE D'ARC BLVD,379859.7392,5036472.919,-75.54015,45.46415,2017-10-10,9:00:00 AM,01 - Clear,01 - Dry,11 - Roundabout,03 - At intersection,01 - Daylight,03 - P.D. only,04 - Sideswipe,Greenbelt
12945,ST. JOSEPH BLVD @ JEANNE D'ARC BLVD,379861.6893,5036471.818,-75.54013,45.46414,2017-09-17,4:16:00 PM,01 - Clear,01 - Dry,11 - Roundabout,03 - At intersection,01 - Daylight,03 - P.D. only,04 - Sideswipe,Chapel Hill
12946,ST. JOSEPH BLVD @ JEANNE D'ARC BLVD,379859.7392,5036472.919,-75.54015,45.46415,2017-10-28,2:30:00 PM,01 - Clear,01 - Dry,11 - Roundabout,03 - At intersection,01 - Daylight,03 - P.D. only,04 - Sideswipe,Greenbelt
12947,ST. JOSEPH BLVD @ JEANNE D'ARC BLVD,379861.077,5036470.243,-75.54014,45.46413,2017-12-06,8:48:00 AM,01 - Clear,01 - Dry,11 - Roundabout,03 - At intersection,01 - Daylight,03 - P.D. only,04 - Sideswipe,Chapel Hill
12948,ST. JOSEPH BLVD @ JEANNE D'ARC BLVD,379859.0703,5036472.919,-75.54016,45.46415,2017-11-24,9:45:00 AM,01 - Clear,01 - Dry,11 - Roundabout,03 - At intersection,01 - Daylight,03 - P.D. only,02 - Angle,Greenbelt
12949,ST. JOSEPH BLVD @ JEANNE D'ARC BLVD,379861.7458,5036472.25,-75.54013,45.46414,2017-11-25,9:20:00 AM,02 - Rain,02 - Wet,11 - Roundabout,03 - At intersection,01 - Daylight,03 - P.D. only,02 - Angle,Chapel Hill
12950,ST. JOSEPH BLVD @ JEANNE D'ARC BLVD,379860.4081,5036471.581,-75.54015,45.46414,2017-11-06,6:10:00 PM,01 - Clear,01 - Dry,11 - Roundabout,03 - At intersection,07 - Dark,03 - P.D. only,02 - Angle,Chapel Hill
12951,ST. JOSEPH BLVD @ JEANNE D'ARC BLVD,379861.077,5036471.581,-75.54014,45.46414,2017-11-23,2:09:00 AM,01 - Clear,01 - Dry,11 - Roundabout,03 - At intersection,07 - Dark,02 - Non-fatal injury,07 - SMV other,Chapel Hill
12952,ST. JOSEPH BLVD @ JEANNE D'ARC BLVD,379860.7425,5036471.034,-75.54014,45.46413,2017-02-06,2:25:00 PM,01 - Clear,02 - Wet,11 - Roundabout,03 - At intersection,01 - Daylight,03 - P.D. only,04 - Sideswipe,Chapel Hill
12953,ST. JOSEPH BLVD @ JEANNE D'ARC BLVD,379861.0926,5036473.5,-75.54014,45.46416,2017-01-25,11:10:00 AM,01 - Clear,02 - Wet,11 - Roundabout,03 - At intersection,01 - Daylight,03 - P.D. only,02 - Angle,Greenbelt
12954,ST. JOSEPH BLVD @ JEANNE D'ARC BLVD,379860.7425,5036472.707,-75.54014,45.46415,2017-02-09,7:08:00 PM,01 - Clear,01 - Dry,11 - Roundabout,03 - At intersection,07 - Dark,03 - P.D. only,02 - Angle,Greenbelt
12955,ST. JOSEPH BLVD @ JEANNE D'ARC BLVD,379860.1961,5036472.127,-75.54015,45.46414,2017-01-13,3:36:00 PM,01 - Clear,01 - Dry,11 - Roundabout,03 - At intersection,01 - Daylight,03 - P.D. only,02 - Angle,Chapel Hill
12956,ST. JOSEPH BLVD @ JEANNE D'ARC BLVD,379861.077,5036470.243,-75.54014,45.46413,2017-04-12,5:30:00 PM,01 - Clear,01 - Dry,11 - Roundabout,02 - Intersection related,01 - Daylight,03 - P.D. only,03 - Rear end,Chapel Hill
12957,ST. JOSEPH BLVD @ JEANNE D'ARC BLVD,379859.7392,5036470.243,-75.54015,45.46413,2017-03-25,5:37:00 PM,01 - Clear,01 - Dry,11 - Roundabout,03 - At intersection,01 - Daylight,03 - P.D. only,04 - Sideswipe,Chapel Hill
12958,ST. JOSEPH BLVD @ JEANNE D'ARC BLVD,379861.077,5036472.919,-75.54014,45.46415,2017-03-02,3:55:00 PM,01 - Clear,01 - Dry,11 - Roundabout,03 - At intersection,01 - Daylight,03 - P.D. only,04 - Sideswipe,Greenbelt
12959,ST. JOSEPH BLVD @ JEANNE D'ARC BLVD,379861.7458,5036471.581,-75.54013,45.46414,2017-03-26,6:43:00 PM,02 - Rain,02 - Wet,11 - Roundabout,03 - At intersection,05 - Dusk,03 - P.D. only,04 - Sideswipe,Chapel Hill
12960,ST. JOSEPH BLVD @ JEANNE D'ARC BLVD,379861.077,5036471.581,-75.54014,45.46414,2017-03-08,10:59:00 AM,01 - Clear,01 - Dry,11 - Roundabout,03 - At intersection,01 - Daylight,03 - P.D. only,02 - Angle,Chapel Hill
12961,ST. JOSEPH BLVD @ JEANNE D'ARC BLVD,379861.7458,5036471.581,-75.54013,45.46414,2017-02-25,12:15:00 PM,02 - Rain,02 - Wet,11 - Roundabout,03 - At intersection,01 - Daylight,03 - P.D. only,02 - Angle,Chapel Hill
12962,ST. JOSEPH BLVD @ JEANNE D'ARC BLVD,379859.7392,5036470.243,-75.54015,45.46413,2017-04-16,11:30:00 PM,02 - Rain,02 - Wet,11 - Roundabout,03 - At intersection,07 - Dark,03 - P.D. only,04 - Sideswipe,Chapel Hill
12963,ST. JOSEPH BLVD @ JEANNE D'ARC BLVD,379863.2686,5036473.036,-75.54011,45.46415,2017-12-18,7:33:00 AM,03 - Snow,03 - Loose snow,11 - Roundabout,03 - At intersection,03 - Dawn,03 - P.D. only,04 - Sideswipe,Chapel Hill
12964,ST. JOSEPH BLVD @ OR174 IC101 RAMP25,383340.9812,5038948.661,-75.49525,45.48604,2017-10-12,3:22:00 PM,01 - Clear,01 - Dry,,02 - Intersection related,01 - Daylight,03 - P.D. only,03 - Rear end,Industrial Park
12965,ST. JOSEPH BLVD @ REGIONAL RD 174/TRANSITWAY,376556.2464,5035056.985,-75.5826,45.45176,2017-08-03,4:40:00 PM,01 - Clear,01 - Dry,01 - Traffic signal,02 - Intersection related,01 - Daylight,03 - P.D. only,03 - Rear end,Greenbelt
12966,ST. JOSEPH BLVD @ REGIONAL RD 174/TRANSITWAY,376556.4995,5035056.537,-75.5826,45.45175,2017-08-22,6:25:00 PM,02 - Rain,02 - Wet,01 - Traffic signal,02 - Intersection related,01 - Daylight,02 - Non-fatal injury,03 - Rear end,Greenbelt
12967,ST. JOSEPH BLVD @ REGIONAL RD 174/TRANSITWAY,376556.355,5035056.241,-75.5826,45.45175,2017-09-28,7:15:00 AM,01 - Clear,01 - Dry,01 - Traffic signal,02 - Intersection related,01 - Daylight,03 - P.D. only,03 - Rear end,Greenbelt
12968,ST. JOSEPH BLVD @ REGIONAL RD 174/TRANSITWAY,376556.1877,5035056.728,-75.5826,45.45176,2017-10-06,5:16:00 PM,01 - Clear,01 - Dry,01 - Traffic signal,02 - Intersection related,01 - Daylight,02 - Non-fatal injury,03 - Rear end,Greenbelt
12969,ST. JOSEPH BLVD @ REGIONAL RD 174/TRANSITWAY,376555.8371,5035057.079,-75.5826,45.45176,2017-09-19,3:50:00 PM,01 - Clear,01 - Dry,01 - Traffic signal,02 - Intersection related,01 - Daylight,03 - P.D. only,03 - Rear end,Greenbelt
12970,ST. JOSEPH BLVD @ REGIONAL RD 174/TRANSITWAY,376554.8275,5035055.581,-75.58262,45.45175,2017-11-22,5:00:00 PM,01 - Clear,01 - Dry,01 - Traffic signal,02 - Intersection related,07 - Dark,03 - P.D. only,03 - Rear end,Greenbelt
12971,ST. JOSEPH BLVD @ REGIONAL RD 174/TRANSITWAY,376557.6544,5035057.35,-75.58258,45.45176,2017-01-07,12:03:00 PM,01 - Clear,01 - Dry,01 - Traffic signal,02 - Intersection related,01 - Daylight,03 - P.D. only,07 - SMV other,Greenbelt
12972,ST. JOSEPH BLVD @ REGIONAL RD 174/TRANSITWAY,376556.3242,5035055.985,-75.5826,45.45175,2017-01-31,4:29:00 PM,01 - Clear,03 - Loose snow,01 - Traffic signal,03 - At intersection,01 - Daylight,03 - P.D. only,02 - Angle,Greenbelt
12973,ST. JOSEPH BLVD @ REGIONAL RD 174/TRANSITWAY,376556.3271,5035055.537,-75.5826,45.45175,2017-02-27,3:31:00 PM,01 - Clear,01 - Dry,01 - Traffic signal,02 - Intersection related,01 - Daylight,02 - Non-fatal injury,03 - Rear end,Greenbelt
12974,ST. JOSEPH BLVD @ ST. PIERRE ST,381375.6575,5037512.516,-75.52061,45.47334,2017-07-05,10:30:00 AM,01 - Clear,01 - Dry,02 - Stop sign,02 - Intersection related,01 - Daylight,03 - P.D. only,04 - Sideswipe,Industrial Park
12975,ST. JOSEPH BLVD @ TENTH LINE RD,382886.4173,5038663.602,-75.50111,45.48353,2017-06-25,1:20:00 PM,02 - Rain,02 - Wet,01 - Traffic signal,02 - Intersection related,01 - Daylight,03 - P.D. only,03 - Rear end,Industrial Park
12976,ST. JOSEPH BLVD @ TENTH LINE RD,382891.8071,5038667.122,-75.50104,45.48356,2017-05-27,5:48:00 PM,01 - Clear,01 - Dry,01 - Traffic signal,02 - Intersection related,01 - Daylight,03 - P.D. only,03 - Rear end,Industrial Park
12977,ST. JOSEPH BLVD @ TENTH LINE RD,382890.4694,5038666.453,-75.50105,45.48355,2017-04-26,6:19:00 AM,02 - Rain,02 - Wet,01 - Traffic signal,02 - Intersection related,03 - Dawn,03 - P.D. only,03 - Rear end,Industrial Park
12978,ST. JOSEPH BLVD @ TENTH LINE RD,382890.4694,5038667.122,-75.50105,45.48356,2017-06-23,5:40:00 PM,02 - Rain,02 - Wet,01 - Traffic signal,02 - Intersection related,01 - Daylight,03 - P.D. only,03 - Rear end,Industrial Park
12979,ST. JOSEPH BLVD @ TENTH LINE RD,382891.1383,5038667.122,-75.50105,45.48356,2017-05-29,3:33:00 PM,02 - Rain,02 - Wet,01 - Traffic signal,02 - Intersection related,01 - Daylight,03 - P.D. only,03 - Rear end,Industrial Park
12980,ST. JOSEPH BLVD @ TENTH LINE RD,382891.1383,5038668.459,-75.50105,45.48357,2017-07-07,8:25:00 AM,01 - Clear,01 - Dry,01 - Traffic signal,02 - Intersection related,01 - Daylight,03 - P.D. only,03 - Rear end,Industrial Park
12981,ST. JOSEPH BLVD @ TENTH LINE RD,382890.8039,5038666.453,-75.50105,45.48355,2017-08-03,11:25:00 AM,01 - Clear,01 - Dry,01 - Traffic signal,03 - At intersection,01 - Daylight,03 - P.D. only,02 - Angle,Industrial Park
12982,ST. JOSEPH BLVD @ TENTH LINE RD,382890.7579,5038666.484,-75.50105,45.48355,2017-07-19,9:00:00 PM,01 - Clear,01 - Dry,01 - Traffic signal,02 - Intersection related,05 - Dusk,03 - P.D. only,04 - Sideswipe,Industrial Park
12983,ST. JOSEPH BLVD @ TENTH LINE RD,382891.3503,5038665.906,-75.50104,45.48355,2017-10-12,7:35:00 PM,01 - Clear,01 - Dry,01 - Traffic signal,02 - Intersection related,07 - Dark,03 - P.D. only,04 - Sideswipe,Industrial Park
12984,ST. JOSEPH BLVD @ TENTH LINE RD,382890.0577,5038665.425,-75.50106,45.48354,2017-12-02,6:13:00 PM,01 - Clear,01 - Dry,01 - Traffic signal,02 - Intersection related,07 - Dark,03 - P.D. only,03 - Rear end,Industrial Park
12985,ST. JOSEPH BLVD @ TENTH LINE RD,382888.3931,5038665.806,-75.50108,45.48355,2017-12-14,9:44:00 PM,01 - Clear,03 - Loose snow,01 - Traffic signal,02 - Intersection related,07 - Dark,02 - Non-fatal injury,03 - Rear end,Industrial Park
12986,ST. JOSEPH BLVD @ TENTH LINE RD,382893.1427,5038666.967,-75.50102,45.48356,2017-12-06,11:15:00 AM,01 - Clear,01 - Dry,01 - Traffic signal,02 - Intersection related,01 - Daylight,03 - P.D. only,03 - Rear end,Industrial Park
12987,ST. JOSEPH BLVD @ TENTH LINE RD,382892.6405,5038666.954,-75.50103,45.48356,2017-02-10,10:33:00 AM,01 - Clear,01 - Dry,01 - Traffic signal,02 - Intersection related,01 - Daylight,03 - P.D. only,04 - Sideswipe,Industrial Park
12988,ST. JOSEPH BLVD @ TENTH LINE RD,382891.6622,5038666.453,-75.50104,45.48355,2017-01-04,3:15:00 PM,03 - Snow,04 - Slush,01 - Traffic signal,02 - Intersection related,01 - Daylight,03 - P.D. only,04 - Sideswipe,Industrial Park
12989,ST. JOSEPH BLVD @ TENTH LINE RD,382891.3503,5038666.453,-75.50104,45.48355,2017-01-16,11:41:00 AM,01 - Clear,01 - Dry,01 - Traffic signal,03 - At intersection,01 - Daylight,02 - Non-fatal injury,02 - Angle,Industrial Park
12990,ST. JOSEPH BLVD @ TENTH LINE RD,382890.4694,5038667.122,-75.50105,45.48356,2017-03-17,2:18:00 PM,01 - Clear,01 - Dry,01 - Traffic signal,02 - Intersection related,01 - Daylight,03 - P.D. only,03 - Rear end,Industrial Park
12991,ST. JOSEPH BLVD @ TENTH LINE RD,382891.1383,5038666.453,-75.50105,45.48355,2017-03-15,5:17:00 PM,01 - Clear,02 - Wet,01 - Traffic signal,03 - At intersection,01 - Daylight,02 - Non-fatal injury,02 - Angle,Industrial Park
12992,ST. JOSEPH BLVD @ TENTH LINE RD,382892.2739,5038665.806,-75.50103,45.48355,2017-12-23,3:55:00 PM,03 - Snow,03 - Loose snow,01 - Traffic signal,03 - At intersection,01 - Daylight,03 - P.D. only,03 - Rear end,Industrial Park
12993,ST. JOSEPH BLVD @ TENTH LINE RD,382890.3304,5038666.689,-75.50106,45.48356,2017-12-28,11:27:00 AM,01 - Clear,06 - Ice,01 - Traffic signal,02 - Intersection related,01 - Daylight,03 - P.D. only,03 - Rear end,Industrial Park
12994,ST. JOSEPH BLVD @ TENTH LINE RD,382893.2733,5038664.997,-75.50102,45.48354,2017-12-23,4:09:00 PM,03 - Snow,03 - Loose snow,01 - Traffic signal,03 - At intersection,05 - Dusk,03 - P.D. only,03 - Rear end,Queenswood Heights
12995,ST. JOSEPH BLVD @ TENTH LINE RD,382893.244,5038668.717,-75.50102,45.48357,2017-12-26,6:45:00 PM,01 - Clear,01 - Dry,01 - Traffic signal,03 - At intersection,07 - Dark,02 - Non-fatal injury,05 - Turning movement,Industrial Park
12996,ST. JOSEPH BLVD @ TENTH LINE RD,382892.9044,5038666.453,-75.50102,45.48355,2017-12-28,10:30:00 AM,01 - Clear,06 - Ice,01 - Traffic signal,02 - Intersection related,01 - Daylight,03 - P.D. only,03 - Rear end,Industrial Park
12997,ST. JOSEPH BLVD @ TENTH LINE RD,382891.7596,5038667.17,-75.50104,45.48356,2017-12-18,5:38:00 PM,03 - Snow,03 - Loose snow,01 - Traffic signal,03 - At intersection,07 - Dark,02 - Non-fatal injury,03 - Rear end,Industrial Park
12998,ST. JOSEPH BLVD @ TENTH LINE RD,382891.2772,5038667.163,-75.50104,45.48356,2017-12-16,3:57:00 AM,03 - Snow,03 - Loose snow,01 - Traffic signal,02 - Intersection related,07 - Dark,03 - P.D. only,07 - SMV other,Industrial Park
12999,ST. JOSEPH BLVD btwn BOYER RD & ORLEANS BLVD,380547.0188,5036926.118,-75.5313,45.46815,2017-11-23,5:15:00 PM,01 - Clear,02 - Wet,10 - No control,04 - At/near private drive,07 - Dark,03 - P.D. only,02 - Angle,Industrial Park
13000,ST. JOSEPH BLVD btwn COUSINEAU ST & DUSSERE ST,380712.0244,5037033.398,-75.52917,45.4691,2017-05-04,10:52:00 AM,01 - Clear,01 - Dry,10 - No control,04 - At/near private drive,01 - Daylight,03 - P.D. only,02 - Angle,Industrial Park
13001,ST. JOSEPH BLVD btwn COUSINEAU ST & DUSSERE ST,380759.1096,5037064.465,-75.52856,45.46938,2017-06-21,5:49:00 PM,01 - Clear,01 - Dry,10 - No control,04 - At/near private drive,01 - Daylight,03 - P.D. only,05 - Turning movement,Industrial Park
13002,ST. JOSEPH BLVD btwn COUSINEAU ST & DUSSERE ST,380793.8226,5037087.295,-75.52812,45.46958,2017-08-17,4:50:00 PM,01 - Clear,01 - Dry,10 - No control,04 - At/near private drive,01 - Daylight,03 - P.D. only,05 - Turning movement,Industrial Park
13003,ST. JOSEPH BLVD btwn COUSINEAU ST & DUSSERE ST,380740.2632,5037048.472,-75.52881,45.46923,2017-01-11,4:06:00 PM,01 - Clear,04 - Slush,10 - No control,04 - At/near private drive,01 - Daylight,03 - P.D. only,05 - Turning movement,Orleans Village - Chateauneuf
13004,ST. JOSEPH BLVD btwn DUSSERE ST & ST. JEAN ST,380913.6825,5037164.839,-75.52657,45.47026,2017-05-10,11:45:00 AM,01 - Clear,01 - Dry,10 - No control,04 - At/near private drive,01 - Daylight,02 - Non-fatal injury,05 - Turning movement,Orleans Village - Chateauneuf
13005,ST. JOSEPH BLVD btwn DUSSERE ST & ST. JEAN ST,380885.7908,5037148.749,-75.52693,45.47012,2017-12-05,12:35:00 PM,02 - Rain,02 - Wet,10 - No control,04 - At/near private drive,01 - Daylight,02 - Non-fatal injury,02 - Angle,Industrial Park
13006,ST. JOSEPH BLVD btwn EDGAR BRAULT ST & MAISONNEUVE ST,381449.3777,5037567.289,-75.51966,45.47382,2017-10-18,3:21:00 PM,01 - Clear,01 - Dry,10 - No control,04 - At/near private drive,01 - Daylight,03 - P.D. only,02 - Angle,Industrial Park
13007,ST. JOSEPH BLVD btwn JEANNE D'ARC BLVD S & NOTRE DAME ST,379982.1472,5036549.842,-75.53858,45.46483,2017-07-06,12:15:00 PM,01 - Clear,01 - Dry,10 - No control,04 - At/near private drive,01 - Daylight,03 - P.D. only,02 - Angle,Chapel Hill
13008,ST. JOSEPH BLVD btwn JEANNE D'ARC BLVD S & NOTRE DAME ST,379937.9137,5036521.989,-75.53915,45.46458,2017-08-18,2:21:00 PM,01 - Clear,01 - Dry,10 - No control,04 - At/near private drive,01 - Daylight,03 - P.D. only,02 - Angle,Chapel Hill
13009,ST. JOSEPH BLVD btwn JEANNE D'ARC BLVD S & NOTRE DAME ST,379902.4364,5036499.392,-75.5396,45.46438,2017-02-02,1:30:00 PM,01 - Clear,02 - Wet,10 - No control,04 - At/near private drive,01 - Daylight,02 - Non-fatal injury,03 - Rear end,Chapel Hill
13010,ST. JOSEPH BLVD btwn MAISONNEUVE ST & GABRIEL ST,381510.09,5037614.195,-75.51887,45.47424,2017-03-21,2:43:00 PM,01 - Clear,01 - Dry,10 - No control,04 - At/near private drive,01 - Daylight,02 - Non-fatal injury,02 - Angle,Industrial Park
13011,ST. JOSEPH BLVD btwn MARENGER ST & JEANNE D'ARC BLVD S,379844.8955,5036459.559,-75.54035,45.46403,2017-10-01,10:46:00 PM,01 - Clear,01 - Dry,10 - No control,04 - At/near private drive,07 - Dark,02 - Non-fatal injury,07 - SMV other,Chapel Hill
13012,ST. JOSEPH BLVD btwn MARENGER ST & JEANNE D'ARC BLVD S,379783.485,5036420.076,-75.54114,45.46368,2017-12-09,6:15:00 AM,01 - Clear,01 - Dry,10 - No control,01 - Non intersection,07 - Dark,03 - P.D. only,04 - Sideswipe,Chapel Hill
13013,ST. JOSEPH BLVD btwn MARENGER ST & JEANNE D'ARC BLVD S,379729.3732,5036386.99,-75.54183,45.46339,2017-12-05,3:00:00 PM,01 - Clear,02 - Wet,10 - No control,01 - Non intersection,01 - Daylight,03 - P.D. only,01 - Approaching,Chapel Hill
13014,ST. JOSEPH BLVD btwn OR174 IC109 RAMP54 & ROCKCLIFFE PKWY,376677.9044,5035109.093,-75.58104,45.45221,2017-05-06,9:52:00 PM,02 - Rain,02 - Wet,10 - No control,01 - Non intersection,07 - Dark,03 - P.D. only,05 - Turning movement,Greenbelt
13015,ST. JOSEPH BLVD btwn ORLEANS BLVD & COUSINEAU ST,380667.8882,5037003.855,-75.52974,45.46884,2017-06-03,12:12:00 PM,01 - Clear,01 - Dry,10 - No control,04 - At/near private drive,01 - Daylight,03 - P.D. only,02 - Angle,Orleans Village - Chateauneuf
13016,ST. JOSEPH BLVD btwn ORLEANS BLVD & COUSINEAU ST,380657.897,5036997.275,-75.52987,45.46878,2017-11-28,1:17:00 PM,01 - Clear,01 - Dry,10 - No control,01 - Non intersection,01 - Daylight,02 - Non-fatal injury,03 - Rear end,Orleans Village - Chateauneuf
13017,ST. JOSEPH BLVD btwn ORLEANS BLVD & COUSINEAU ST,380663.9794,5037001.498,-75.52979,45.46882,2017-11-16,7:48:00 PM,01 - Clear,02 - Wet,10 - No control,04 - At/near private drive,07 - Dark,03 - P.D. only,02 - Angle,Industrial Park
13018,ST. JOSEPH BLVD btwn PRESTONE DR & TENTH LINE RD,382879.5238,5038662.984,-75.5012,45.48352,2017-10-17,2:20:00 PM,01 - Clear,01 - Dry,10 - No control,01 - Non intersection,01 - Daylight,03 - P.D. only,04 - Sideswipe,Industrial Park
13019,ST. JOSEPH BLVD btwn R.C.M.P. COMPLEX & YOUVILLE DR,378984.1425,5036091.407,-75.55141,45.46081,2017-06-30,7:47:00 AM,01 - Clear,01 - Dry,10 - No control,01 - Non intersection,01 - Daylight,03 - P.D. only,03 - Rear end,Chapel Hill
13020,ST. JOSEPH BLVD btwn R.C.M.P. COMPLEX & YOUVILLE DR,378913.3802,5036082.034,-75.55231,45.46074,2017-09-28,7:19:00 AM,01 - Clear,01 - Dry,10 - No control,01 - Non intersection,01 - Daylight,03 - P.D. only,03 - Rear end,Greenbelt
13021,ST. JOSEPH BLVD btwn R.C.M.P. COMPLEX & YOUVILLE DR,379065.2876,5036113.968,-75.55037,45.46101,2017-09-26,8:10:00 AM,01 - Clear,01 - Dry,10 - No control,01 - Non intersection,01 - Daylight,03 - P.D. only,03 - Rear end,Chapel Hill
13022,ST. JOSEPH BLVD btwn ROCKCLIFFE PKWY & HART RD,377325.3004,5035395.136,-75.57272,45.45472,2017-09-23,9:12:00 PM,01 - Clear,01 - Dry,10 - No control,01 - Non intersection,07 - Dark,02 - Non-fatal injury,07 - SMV other,Greenbelt
13023,ST. JOSEPH BLVD btwn ROCKCLIFFE PKWY & HART RD,377441.1818,5035485.741,-75.57122,45.45552,2017-12-28,2:49:00 PM,01 - Clear,01 - Dry,10 - No control,01 - Non intersection,01 - Daylight,03 - P.D. only,04 - Sideswipe,Greenbelt
13024,ST. JOSEPH BLVD btwn ST. JEAN ST & BELCOURT BLVD,381046.1443,5037251.823,-75.52486,45.47103,2017-10-10,5:24:00 PM,01 - Clear,01 - Dry,10 - No control,04 - At/near private drive,01 - Daylight,03 - P.D. only,05 - Turning movement,Orleans Village - Chateauneuf
13025,ST. JOSEPH BLVD btwn ST. JEAN ST & BELCOURT BLVD,381067.158,5037261.971,-75.52459,45.47112,2017-03-09,2:00:00 PM,01 - Clear,01 - Dry,10 - No control,04 - At/near private drive,01 - Daylight,03 - P.D. only,03 - Rear end,Orleans Village - Chateauneuf