Record,Location,X,Y,Longitude,Latitude,Date,Time,Environment,Road_Surface,Traffic_Control,Collision_Location,Light,Collision_Classification,Impact_type,Neighborhood
13026,ST. JOSEPH BLVD btwn ST. JOSEPH BLVD & PLACE D'ORLEANS DR,381900.4151,5037917.332,-75.51384,45.47692,2017-12-21,4:55:00 PM,01 - Clear,02 - Wet,10 - No control,01 - Non intersection,05 - Dusk,03 - P.D. only,05 - Turning movement,Queenswood Heights
13027,ST. JOSEPH BLVD btwn TENTH LINE RD & OR174 IC101 RAMP63,382940.5079,5038682.311,-75.50041,45.48369,2017-08-28,5:16:00 PM,01 - Clear,01 - Dry,10 - No control,01 - Non intersection,01 - Daylight,03 - P.D. only,07 - SMV other,Queenswood Heights
13028,ST. JOSEPH BLVD/OLD MONTREAL RD @ TRIM RD,384681.2049,5039284.354,-75.47805,45.48891,2017-05-02,9:29:00 PM,02 - Rain,02 - Wet,11 - Roundabout,03 - At intersection,07 - Dark,03 - P.D. only,04 - Sideswipe,Cardinal Creek
13029,ST. JOSEPH BLVD/OLD MONTREAL RD @ TRIM RD,384679.8019,5039286.532,-75.47807,45.48893,2017-06-02,9:49:00 AM,01 - Clear,01 - Dry,11 - Roundabout,03 - At intersection,01 - Daylight,03 - P.D. only,02 - Angle,Cardinal Creek
13030,ST. JOSEPH BLVD/OLD MONTREAL RD @ TRIM RD,384682.6514,5039289.381,-75.47803,45.48896,2017-06-17,4:00:00 PM,01 - Clear,01 - Dry,11 - Roundabout,03 - At intersection,01 - Daylight,03 - P.D. only,02 - Angle,Cardinal Creek
13031,ST. JOSEPH BLVD/OLD MONTREAL RD @ TRIM RD,384682.6514,5039292.231,-75.47803,45.48898,2017-05-13,2:25:00 PM,01 - Clear,01 - Dry,11 - Roundabout,03 - At intersection,01 - Daylight,03 - P.D. only,04 - Sideswipe,Cardinal Creek
13032,ST. JOSEPH BLVD/OLD MONTREAL RD @ TRIM RD,384683.0885,5039285.582,-75.47803,45.48892,2017-04-28,11:28:00 AM,01 - Clear,01 - Dry,11 - Roundabout,03 - At intersection,01 - Daylight,03 - P.D. only,04 - Sideswipe,Cardinal Creek
13033,ST. JOSEPH BLVD/OLD MONTREAL RD @ TRIM RD,384676.9523,5039286.532,-75.4781,45.48893,2017-06-21,1:59:00 PM,01 - Clear,01 - Dry,11 - Roundabout,02 - Intersection related,01 - Daylight,02 - Non-fatal injury,03 - Rear end,Cardinal Creek
13034,ST. JOSEPH BLVD/OLD MONTREAL RD @ TRIM RD,384682.4196,5039286.251,-75.47803,45.48893,2017-06-10,1:15:00 PM,01 - Clear,01 - Dry,11 - Roundabout,03 - At intersection,01 - Daylight,03 - P.D. only,02 - Angle,Cardinal Creek
13035,ST. JOSEPH BLVD/OLD MONTREAL RD @ TRIM RD,384682.6514,5039283.682,-75.47803,45.4889,2017-05-01,7:05:00 AM,02 - Rain,02 - Wet,11 - Roundabout,03 - At intersection,01 - Daylight,03 - P.D. only,04 - Sideswipe,Cardinal Creek
13036,ST. JOSEPH BLVD/OLD MONTREAL RD @ TRIM RD,384681.7507,5039284.913,-75.47804,45.48892,2017-06-09,4:35:00 PM,01 - Clear,01 - Dry,11 - Roundabout,02 - Intersection related,01 - Daylight,02 - Non-fatal injury,03 - Rear end,Cardinal Creek
13037,ST. JOSEPH BLVD/OLD MONTREAL RD @ TRIM RD,384680.1104,5039284.921,-75.47806,45.48892,2017-08-21,3:33:00 PM,01 - Clear,01 - Dry,11 - Roundabout,02 - Intersection related,01 - Daylight,03 - P.D. only,03 - Rear end,Cardinal Creek
13038,ST. JOSEPH BLVD/OLD MONTREAL RD @ TRIM RD,384683.7573,5039284.244,-75.47802,45.48891,2017-07-18,4:15:00 PM,01 - Clear,01 - Dry,11 - Roundabout,03 - At intersection,01 - Daylight,03 - P.D. only,02 - Angle,Cardinal Creek
13039,ST. JOSEPH BLVD/OLD MONTREAL RD @ TRIM RD,384681.7507,5039286.251,-75.47804,45.48893,2017-06-29,2:55:00 PM,02 - Rain,02 - Wet,11 - Roundabout,03 - At intersection,01 - Daylight,03 - P.D. only,02 - Angle,Cardinal Creek
13040,ST. JOSEPH BLVD/OLD MONTREAL RD @ TRIM RD,384683.9667,5039284.545,-75.47802,45.48891,2017-08-04,1:01:00 PM,01 - Clear,01 - Dry,11 - Roundabout,03 - At intersection,01 - Daylight,03 - P.D. only,05 - Turning movement,Cardinal Creek
13041,ST. JOSEPH BLVD/OLD MONTREAL RD @ TRIM RD,384682.754,5039286.73,-75.47803,45.48893,2017-08-04,4:37:00 PM,01 - Clear,01 - Dry,11 - Roundabout,03 - At intersection,01 - Daylight,03 - P.D. only,02 - Angle,Cardinal Creek
13042,ST. JOSEPH BLVD/OLD MONTREAL RD @ TRIM RD,384682.2299,5039288.931,-75.47804,45.48895,2017-08-04,3:00:00 PM,01 - Clear,01 - Dry,11 - Roundabout,03 - At intersection,01 - Daylight,03 - P.D. only,01 - Approaching,Cardinal Creek
13043,ST. JOSEPH BLVD/OLD MONTREAL RD @ TRIM RD,384682.754,5039285.798,-75.47803,45.48892,2017-08-22,1:30:00 PM,02 - Rain,02 - Wet,11 - Roundabout,03 - At intersection,01 - Daylight,03 - P.D. only,04 - Sideswipe,Cardinal Creek
13044,ST. JOSEPH BLVD/OLD MONTREAL RD @ TRIM RD,384681.7016,5039280.12,-75.47804,45.48887,2017-08-12,1:10:00 PM,01 - Clear,01 - Dry,11 - Roundabout,03 - At intersection,01 - Daylight,03 - P.D. only,04 - Sideswipe,Cardinal Creek
13045,ST. JOSEPH BLVD/OLD MONTREAL RD @ TRIM RD,384682.754,5039285.178,-75.47803,45.48892,2017-10-28,12:25:00 PM,01 - Clear,01 - Dry,11 - Roundabout,02 - Intersection related,01 - Daylight,03 - P.D. only,04 - Sideswipe,Cardinal Creek
13046,ST. JOSEPH BLVD/OLD MONTREAL RD @ TRIM RD,384683.2393,5039286.684,-75.47802,45.48893,2017-10-06,7:58:00 AM,01 - Clear,01 - Dry,11 - Roundabout,03 - At intersection,01 - Daylight,03 - P.D. only,04 - Sideswipe,Cardinal Creek
13047,ST. JOSEPH BLVD/OLD MONTREAL RD @ TRIM RD,384682.4593,5039285.273,-75.47803,45.48892,2017-10-20,10:00:00 AM,01 - Clear,01 - Dry,11 - Roundabout,02 - Intersection related,01 - Daylight,03 - P.D. only,03 - Rear end,Cardinal Creek
13048,ST. JOSEPH BLVD/OLD MONTREAL RD @ TRIM RD,384683.1513,5039284.648,-75.47803,45.48891,2017-10-22,3:33:00 PM,01 - Clear,01 - Dry,11 - Roundabout,03 - At intersection,01 - Daylight,03 - P.D. only,02 - Angle,Cardinal Creek
13049,ST. JOSEPH BLVD/OLD MONTREAL RD @ TRIM RD,384681.2434,5039286.054,-75.47805,45.48893,2017-09-16,4:25:00 PM,01 - Clear,01 - Dry,11 - Roundabout,02 - Intersection related,01 - Daylight,02 - Non-fatal injury,03 - Rear end,Cardinal Creek
13050,ST. JOSEPH BLVD/OLD MONTREAL RD @ TRIM RD,384685.3185,5039287.672,-75.478,45.48894,2017-09-29,5:13:00 PM,01 - Clear,01 - Dry,11 - Roundabout,03 - At intersection,01 - Daylight,02 - Non-fatal injury,02 - Angle,Cardinal Creek
13051,ST. JOSEPH BLVD/OLD MONTREAL RD @ TRIM RD,384679.1567,5039281.51,-75.47808,45.48889,2017-12-14,10:43:00 AM,01 - Clear,02 - Wet,11 - Roundabout,03 - At intersection,01 - Daylight,03 - P.D. only,03 - Rear end,Cardinal Creek
13052,ST. JOSEPH BLVD/OLD MONTREAL RD @ TRIM RD,384683.2285,5039291.689,-75.47802,45.48898,2017-12-08,12:00:00 PM,01 - Clear,01 - Dry,11 - Roundabout,02 - Intersection related,01 - Daylight,03 - P.D. only,03 - Rear end,Cardinal Creek
13053,ST. JOSEPH BLVD/OLD MONTREAL RD @ TRIM RD,384676.9523,5039292.231,-75.4781,45.48898,2017-11-25,11:20:00 AM,02 - Rain,02 - Wet,11 - Roundabout,03 - At intersection,01 - Daylight,03 - P.D. only,02 - Angle,Cardinal Creek
13054,ST. JOSEPH BLVD/OLD MONTREAL RD @ TRIM RD,384683.2115,5039285.692,-75.47802,45.48892,2017-11-20,9:25:00 AM,01 - Clear,01 - Dry,11 - Roundabout,03 - At intersection,01 - Daylight,03 - P.D. only,04 - Sideswipe,Cardinal Creek
13055,ST. JOSEPH BLVD/OLD MONTREAL RD @ TRIM RD,384682.9654,5039287.768,-75.47803,45.48894,2017-11-21,8:30:00 AM,01 - Clear,01 - Dry,11 - Roundabout,03 - At intersection,01 - Daylight,03 - P.D. only,04 - Sideswipe,Cardinal Creek
13056,ST. JOSEPH BLVD/OLD MONTREAL RD @ TRIM RD,384676.9523,5039283.682,-75.47811,45.48891,2017-11-25,2:13:00 PM,02 - Rain,02 - Wet,11 - Roundabout,03 - At intersection,01 - Daylight,03 - P.D. only,03 - Rear end,Cardinal Creek
13057,ST. JOSEPH BLVD/OLD MONTREAL RD @ TRIM RD,384683.0235,5039286.86,-75.47803,45.48893,2017-11-08,6:38:00 AM,01 - Clear,01 - Dry,11 - Roundabout,03 - At intersection,03 - Dawn,03 - P.D. only,02 - Angle,Cardinal Creek
13058,ST. JOSEPH BLVD/OLD MONTREAL RD @ TRIM RD,384683.1902,5039284.753,-75.47803,45.48891,2017-02-12,5:19:00 PM,03 - Snow,05 - Packed snow,11 - Roundabout,03 - At intersection,05 - Dusk,03 - P.D. only,07 - SMV other,Cardinal Creek
13059,ST. JOSEPH BLVD/OLD MONTREAL RD @ TRIM RD,384683.0337,5039290.91,-75.47803,45.48897,2017-02-13,2:36:00 PM,01 - Clear,03 - Loose snow,11 - Roundabout,03 - At intersection,01 - Daylight,03 - P.D. only,04 - Sideswipe,Cardinal Creek
13060,ST. JOSEPH BLVD/OLD MONTREAL RD @ TRIM RD,384681.4718,5039283.826,-75.47805,45.48891,2017-01-23,2:27:00 PM,01 - Clear,01 - Dry,11 - Roundabout,03 - At intersection,01 - Daylight,03 - P.D. only,02 - Angle,Cardinal Creek
13061,ST. JOSEPH BLVD/OLD MONTREAL RD @ TRIM RD,384681.4104,5039285.461,-75.47805,45.48892,2017-01-30,7:30:00 PM,01 - Clear,01 - Dry,11 - Roundabout,02 - Intersection related,07 - Dark,03 - P.D. only,04 - Sideswipe,Cardinal Creek
13062,ST. JOSEPH BLVD/OLD MONTREAL RD @ TRIM RD,384681.8737,5039284.354,-75.47804,45.48891,2017-04-23,12:23:00 PM,01 - Clear,01 - Dry,11 - Roundabout,03 - At intersection,01 - Daylight,03 - P.D. only,05 - Turning movement,Cardinal Creek
13063,ST. JOSEPH BLVD/OLD MONTREAL RD @ TRIM RD,384684.4262,5039284.913,-75.47801,45.48892,2017-04-16,2:27:00 PM,02 - Rain,02 - Wet,11 - Roundabout,03 - At intersection,01 - Daylight,03 - P.D. only,02 - Angle,Cardinal Creek
13064,ST. JOSEPH BLVD/OLD MONTREAL RD @ TRIM RD,384683.0885,5039285.582,-75.47803,45.48892,2017-03-17,1:01:00 PM,01 - Clear,01 - Dry,11 - Roundabout,03 - At intersection,01 - Daylight,03 - P.D. only,04 - Sideswipe,Cardinal Creek
13065,ST. JOSEPH BLVD/OLD MONTREAL RD @ TRIM RD,384683.7573,5039286.251,-75.47802,45.48893,2017-02-24,9:30:00 PM,02 - Rain,02 - Wet,11 - Roundabout,03 - At intersection,07 - Dark,03 - P.D. only,04 - Sideswipe,Cardinal Creek
13066,ST. JOSEPH BLVD/OLD MONTREAL RD @ TRIM RD,384683.7573,5039287.589,-75.47802,45.48894,2017-03-12,9:43:00 AM,01 - Clear,01 - Dry,11 - Roundabout,03 - At intersection,01 - Daylight,03 - P.D. only,04 - Sideswipe,Cardinal Creek
13067,ST. JOSEPH BLVD/OLD MONTREAL RD @ TRIM RD,384682.754,5039285.582,-75.47803,45.48892,2017-12-20,3:48:00 AM,01 - Clear,02 - Wet,11 - Roundabout,03 - At intersection,07 - Dark,03 - P.D. only,07 - SMV other,Cardinal Creek
13068,ST. LAURENT BLVD @ CONNERY AVE,373627.2961,5028723.348,-75.62093,45.39507,2017-06-15,6:36:00 AM,01 - Clear,01 - Dry,02 - Stop sign,02 - Intersection related,01 - Daylight,03 - P.D. only,01 - Approaching,Urbandale
13069,ST. LAURENT BLVD @ CONNERY AVE,373626.973,5028724.445,-75.62093,45.39508,2017-01-27,4:29:00 PM,03 - Snow,04 - Slush,02 - Stop sign,02 - Intersection related,01 - Daylight,03 - P.D. only,03 - Rear end,Urbandale
13070,ST. LAURENT BLVD @ COTE ST,371784.9168,5033224.909,-75.64384,45.43575,2017-05-01,2:17:00 PM,02 - Rain,02 - Wet,01 - Traffic signal,02 - Intersection related,01 - Daylight,03 - P.D. only,03 - Rear end,Cummings
13071,ST. LAURENT BLVD @ COTE ST,371785.6017,5033225.936,-75.64383,45.43576,2017-11-11,10:37:00 AM,01 - Clear,01 - Dry,01 - Traffic signal,03 - At intersection,01 - Daylight,03 - P.D. only,02 - Angle,Cummings
13072,ST. LAURENT BLVD @ COTE ST,371786.0186,5033225.534,-75.64383,45.43575,2017-11-06,8:05:00 AM,02 - Rain,02 - Wet,01 - Traffic signal,02 - Intersection related,01 - Daylight,03 - P.D. only,03 - Rear end,Cummings
13073,ST. LAURENT BLVD @ COVENTRY RD/OGILVIE RD,372304.7162,5031952.912,-75.63737,45.42425,2017-05-05,10:55:00 PM,02 - Rain,02 - Wet,01 - Traffic signal,03 - At intersection,07 - Dark,03 - P.D. only,05 - Turning movement,Overbrook
13074,ST. LAURENT BLVD @ COVENTRY RD/OGILVIE RD,372304.7162,5031953.581,-75.63737,45.42426,2017-05-25,1:02:00 PM,01 - Clear,01 - Dry,01 - Traffic signal,02 - Intersection related,01 - Daylight,03 - P.D. only,02 - Angle,Overbrook
13075,ST. LAURENT BLVD @ COVENTRY RD/OGILVIE RD,372304.7162,5031952.244,-75.63737,45.42425,2017-05-01,7:51:00 AM,02 - Rain,02 - Wet,01 - Traffic signal,02 - Intersection related,01 - Daylight,03 - P.D. only,04 - Sideswipe,Overbrook
13076,ST. LAURENT BLVD @ COVENTRY RD/OGILVIE RD,372305.2479,5031951.872,-75.63737,45.42424,2017-09-01,8:15:00 AM,01 - Clear,01 - Dry,01 - Traffic signal,02 - Intersection related,01 - Daylight,03 - P.D. only,04 - Sideswipe,Overbrook
13077,ST. LAURENT BLVD @ COVENTRY RD/OGILVIE RD,372306.3394,5031951.799,-75.63735,45.42424,2017-08-16,12:24:00 PM,01 - Clear,01 - Dry,01 - Traffic signal,02 - Intersection related,01 - Daylight,03 - P.D. only,05 - Turning movement,Overbrook
13078,ST. LAURENT BLVD @ COVENTRY RD/OGILVIE RD,372305.5813,5031952.233,-75.63736,45.42425,2017-10-27,6:09:00 PM,01 - Clear,02 - Wet,01 - Traffic signal,02 - Intersection related,05 - Dusk,03 - P.D. only,04 - Sideswipe,Overbrook
13079,ST. LAURENT BLVD @ COVENTRY RD/OGILVIE RD,372304.8257,5031950.904,-75.63737,45.42423,2017-09-08,3:58:00 PM,01 - Clear,01 - Dry,01 - Traffic signal,02 - Intersection related,01 - Daylight,02 - Non-fatal injury,03 - Rear end,Overbrook
13080,ST. LAURENT BLVD @ COVENTRY RD/OGILVIE RD,372304.612,5031951.241,-75.63738,45.42424,2017-10-28,9:20:00 AM,01 - Clear,01 - Dry,01 - Traffic signal,02 - Intersection related,01 - Daylight,03 - P.D. only,03 - Rear end,Overbrook
13081,ST. LAURENT BLVD @ COVENTRY RD/OGILVIE RD,372305.7198,5031951.574,-75.63736,45.42424,2017-09-12,9:46:00 AM,01 - Clear,01 - Dry,01 - Traffic signal,02 - Intersection related,01 - Daylight,03 - P.D. only,04 - Sideswipe,Overbrook
13082,ST. LAURENT BLVD @ COVENTRY RD/OGILVIE RD,372305.3851,5031950.906,-75.63737,45.42423,2017-10-31,2:32:00 PM,01 - Clear,01 - Dry,01 - Traffic signal,02 - Intersection related,01 - Daylight,03 - P.D. only,04 - Sideswipe,Overbrook
13083,ST. LAURENT BLVD @ COVENTRY RD/OGILVIE RD,372304.7728,5031950.865,-75.63737,45.42423,2017-11-26,7:45:00 PM,03 - Snow,03 - Loose snow,01 - Traffic signal,02 - Intersection related,07 - Dark,03 - P.D. only,03 - Rear end,Overbrook
13084,ST. LAURENT BLVD @ COVENTRY RD/OGILVIE RD,372306.4423,5031954.326,-75.63735,45.42427,2017-11-12,2:45:00 PM,01 - Clear,01 - Dry,01 - Traffic signal,02 - Intersection related,01 - Daylight,03 - P.D. only,04 - Sideswipe,Overbrook
13085,ST. LAURENT BLVD @ COVENTRY RD/OGILVIE RD,372304.0473,5031951.575,-75.63738,45.42424,2017-12-05,8:50:00 AM,02 - Rain,02 - Wet,01 - Traffic signal,03 - At intersection,01 - Daylight,03 - P.D. only,05 - Turning movement,Overbrook
13086,ST. LAURENT BLVD @ COVENTRY RD/OGILVIE RD,372306.47,5031950.449,-75.63735,45.42423,2017-02-09,8:54:00 AM,01 - Clear,01 - Dry,01 - Traffic signal,02 - Intersection related,01 - Daylight,03 - P.D. only,03 - Rear end,Overbrook
13087,ST. LAURENT BLVD @ COVENTRY RD/OGILVIE RD,372305.3851,5031950.906,-75.63737,45.42423,2017-02-01,6:16:00 PM,01 - Clear,02 - Wet,01 - Traffic signal,03 - At intersection,07 - Dark,03 - P.D. only,02 - Angle,Overbrook
13088,ST. LAURENT BLVD @ COVENTRY RD/OGILVIE RD,372304.8316,5031952.693,-75.63737,45.42425,2017-01-11,12:20:00 AM,02 - Rain,03 - Loose snow,01 - Traffic signal,02 - Intersection related,07 - Dark,03 - P.D. only,07 - SMV other,Overbrook
13089,ST. LAURENT BLVD @ COVENTRY RD/OGILVIE RD,372306.47,5031951.199,-75.63735,45.42424,2017-02-08,3:48:00 PM,01 - Clear,01 - Dry,01 - Traffic signal,02 - Intersection related,01 - Daylight,03 - P.D. only,03 - Rear end,Overbrook
13090,ST. LAURENT BLVD @ COVENTRY RD/OGILVIE RD,372303.9092,5031951.887,-75.63738,45.42424,2017-02-10,2:18:00 PM,01 - Clear,01 - Dry,01 - Traffic signal,02 - Intersection related,01 - Daylight,03 - P.D. only,04 - Sideswipe,Overbrook
13091,ST. LAURENT BLVD @ COVENTRY RD/OGILVIE RD,372304.602,5031951.737,-75.63738,45.42424,2017-01-16,9:15:00 PM,01 - Clear,01 - Dry,01 - Traffic signal,02 - Intersection related,07 - Dark,03 - P.D. only,03 - Rear end,Overbrook
13092,ST. LAURENT BLVD @ COVENTRY RD/OGILVIE RD,372304.7162,5031950.906,-75.63737,45.42423,2017-04-13,1:30:00 PM,01 - Clear,01 - Dry,01 - Traffic signal,02 - Intersection related,01 - Daylight,03 - P.D. only,04 - Sideswipe,Overbrook
13093,ST. LAURENT BLVD @ COVENTRY RD/OGILVIE RD,372306.054,5031952.244,-75.63736,45.42425,2017-02-28,12:47:00 PM,01 - Clear,01 - Dry,01 - Traffic signal,02 - Intersection related,01 - Daylight,02 - Non-fatal injury,03 - Rear end,Overbrook
13094,ST. LAURENT BLVD @ COVENTRY RD/OGILVIE RD,372304.4323,5031951.75,-75.63738,45.42424,2017-02-19,6:10:00 PM,01 - Clear,02 - Wet,01 - Traffic signal,02 - Intersection related,07 - Dark,02 - Non-fatal injury,03 - Rear end,Overbrook
13095,ST. LAURENT BLVD @ COVENTRY RD/OGILVIE RD,372306.7228,5031952.244,-75.63735,45.42425,2017-03-10,1:12:00 PM,01 - Clear,01 - Dry,01 - Traffic signal,02 - Intersection related,01 - Daylight,02 - Non-fatal injury,03 - Rear end,Overbrook
13096,ST. LAURENT BLVD @ COVENTRY RD/OGILVIE RD,372305.8374,5031952.583,-75.63736,45.42425,2017-12-17,10:25:00 AM,01 - Clear,05 - Packed snow,01 - Traffic signal,03 - At intersection,01 - Daylight,03 - P.D. only,04 - Sideswipe,Overbrook
13097,ST. LAURENT BLVD @ JOLIFFE ST,373750.9818,5028418.669,-75.61939,45.39231,2017-02-17,12:03:00 PM,01 - Clear,01 - Dry,01 - Traffic signal,02 - Intersection related,01 - Daylight,03 - P.D. only,03 - Rear end,Urbandale
13098,ST. LAURENT BLVD @ MCARTHUR AVE,371920.8492,5032887.074,-75.64215,45.4327,2017-06-28,9:56:00 PM,01 - Clear,01 - Dry,01 - Traffic signal,03 - At intersection,07 - Dark,02 - Non-fatal injury,05 - Turning movement,Cummings
13099,ST. LAURENT BLVD @ MCARTHUR AVE,371921.4622,5032888.938,-75.64214,45.43271,2017-07-11,2:32:00 PM,02 - Rain,02 - Wet,01 - Traffic signal,02 - Intersection related,01 - Daylight,02 - Non-fatal injury,03 - Rear end,Cummings
13100,ST. LAURENT BLVD @ MCARTHUR AVE,371921.719,5032887.814,-75.64214,45.4327,2017-09-07,3:07:00 PM,02 - Rain,02 - Wet,01 - Traffic signal,03 - At intersection,01 - Daylight,02 - Non-fatal injury,02 - Angle,Cummings
13101,ST. LAURENT BLVD @ MCARTHUR AVE,371922.1969,5032887.336,-75.64213,45.4327,2017-11-11,11:44:00 AM,01 - Clear,01 - Dry,01 - Traffic signal,02 - Intersection related,01 - Daylight,02 - Non-fatal injury,03 - Rear end,Cummings
13102,ST. LAURENT BLVD @ MCARTHUR AVE,371922.0535,5032887.575,-75.64214,45.4327,2017-11-05,3:23:00 PM,02 - Rain,02 - Wet,01 - Traffic signal,03 - At intersection,01 - Daylight,03 - P.D. only,05 - Turning movement,Cummings
13103,ST. LAURENT BLVD @ MCARTHUR AVE,371922.0535,5032888.913,-75.64214,45.43271,2017-11-02,3:18:00 PM,02 - Rain,02 - Wet,01 - Traffic signal,02 - Intersection related,01 - Daylight,02 - Non-fatal injury,07 - SMV other,Cummings
13104,ST. LAURENT BLVD @ MCARTHUR AVE,371922.9136,5032888.673,-75.64213,45.43271,2017-02-16,9:30:00 AM,03 - Snow,04 - Slush,01 - Traffic signal,02 - Intersection related,01 - Daylight,03 - P.D. only,03 - Rear end,Cummings
13105,ST. LAURENT BLVD @ MCARTHUR AVE,371922.6345,5032887.718,-75.64213,45.4327,2017-01-17,5:31:00 PM,01 - Clear,01 - Dry,01 - Traffic signal,02 - Intersection related,05 - Dusk,03 - P.D. only,04 - Sideswipe,Cummings
13106,ST. LAURENT BLVD @ MCARTHUR AVE,371920.9685,5032887.95,-75.64215,45.4327,2017-03-20,10:30:00 AM,01 - Clear,01 - Dry,01 - Traffic signal,02 - Intersection related,01 - Daylight,03 - P.D. only,03 - Rear end,Cummings
13107,ST. LAURENT BLVD @ MCARTHUR AVE,371921.2095,5032888.594,-75.64215,45.43271,2017-04-12,8:30:00 AM,02 - Rain,02 - Wet,01 - Traffic signal,02 - Intersection related,01 - Daylight,03 - P.D. only,03 - Rear end,Cummings
13108,ST. LAURENT BLVD @ QUEEN MARY ST,372214.9264,5032177.458,-75.63849,45.42628,2017-03-19,3:15:00 PM,01 - Clear,01 - Dry,02 - Stop sign,02 - Intersection related,01 - Daylight,03 - P.D. only,99 - Other,Overbrook
13109,ST. LAURENT BLVD @ ST. LAURENT BLVD SERVICE,373495.5107,5029150.079,-75.62255,45.39892,2017-02-03,1:08:00 PM,01 - Clear,01 - Dry,01 - Traffic signal,02 - Intersection related,01 - Daylight,03 - P.D. only,02 - Angle,Hawthorn
13110,ST. LAURENT BLVD @ SUSAN ST,373826.7351,5028231.852,-75.61845,45.39062,2017-03-30,6:35:00 PM,01 - Clear,01 - Dry,02 - Stop sign,03 - At intersection,07 - Dark,03 - P.D. only,03 - Rear end,Urbandale
13111,ST. LAURENT BLVD @ TAWNEY RD,373574.7264,5028849.214,-75.62158,45.3962,2017-12-14,1:52:00 PM,01 - Clear,02 - Wet,02 - Stop sign,02 - Intersection related,01 - Daylight,02 - Non-fatal injury,02 - Angle,Elmvale - Eastway - Riverview - Riverview Park West
13112,ST. LAURENT BLVD @ THURSTON DR,373686.9595,5027495.531,-75.62034,45.38401,2017-12-20,4:58:00 PM,01 - Clear,03 - Loose snow,02 - Stop sign,02 - Intersection related,07 - Dark,02 - Non-fatal injury,03 - Rear end,Industrial Park
13113,ST. LAURENT BLVD @ TRANSITWAY,372444.3475,5031616.363,-75.63564,45.42121,2017-02-15,9:48:00 AM,03 - Snow,03 - Loose snow,01 - Traffic signal,02 - Intersection related,01 - Daylight,02 - Non-fatal injury,03 - Rear end,Overbrook
13114,ST. LAURENT BLVD @ TREMBLAY RD,372596.4617,5031240.521,-75.63374,45.41782,2017-06-07,8:34:00 AM,01 - Clear,01 - Dry,01 - Traffic signal,03 - At intersection,01 - Daylight,03 - P.D. only,04 - Sideswipe,Industrial Park
13115,ST. LAURENT BLVD @ TREMBLAY RD,372595.7139,5031241.03,-75.63375,45.41782,2017-10-05,2:16:00 PM,01 - Clear,01 - Dry,01 - Traffic signal,02 - Intersection related,01 - Daylight,03 - P.D. only,03 - Rear end,Industrial Park
13116,ST. LAURENT BLVD @ TREMBLAY RD,372595.7639,5031241.421,-75.63375,45.41782,2017-12-05,8:45:00 PM,02 - Rain,02 - Wet,01 - Traffic signal,03 - At intersection,07 - Dark,03 - P.D. only,04 - Sideswipe,Industrial Park
13117,ST. LAURENT BLVD @ TREMBLAY RD,372595.7139,5031244.045,-75.63375,45.41785,2017-02-13,3:47:00 PM,01 - Clear,02 - Wet,01 - Traffic signal,03 - At intersection,01 - Daylight,03 - P.D. only,05 - Turning movement,Industrial Park
13118,ST. LAURENT BLVD @ TREMBLAY RD,372597.134,5031240.866,-75.63374,45.41782,2017-01-07,9:16:00 PM,01 - Clear,06 - Ice,01 - Traffic signal,02 - Intersection related,07 - Dark,03 - P.D. only,03 - Rear end,Industrial Park
13119,ST. LAURENT BLVD @ TREMBLAY RD,372596.2604,5031241.576,-75.63375,45.41782,2017-02-03,9:57:00 AM,01 - Clear,01 - Dry,01 - Traffic signal,02 - Intersection related,01 - Daylight,03 - P.D. only,03 - Rear end,Industrial Park
13120,ST. LAURENT BLVD @ TREMBLAY RD,372595.8117,5031241.339,-75.63375,45.41782,2017-12-31,8:58:00 PM,01 - Clear,04 - Slush,01 - Traffic signal,02 - Intersection related,07 - Dark,03 - P.D. only,03 - Rear end,Industrial Park
13121,ST. LAURENT BLVD @ WALKLEY RD,373903.7534,5028048.193,-75.61749,45.38896,2017-06-26,11:20:00 AM,01 - Clear,01 - Dry,01 - Traffic signal,02 - Intersection related,01 - Daylight,03 - P.D. only,03 - Rear end,Hawthorne Meadows
13122,ST. LAURENT BLVD @ WALKLEY RD,373901.7468,5028046.186,-75.61752,45.38895,2017-06-05,4:08:00 PM,01 - Clear,01 - Dry,01 - Traffic signal,02 - Intersection related,01 - Daylight,03 - P.D. only,03 - Rear end,Hawthorne Meadows
13123,ST. LAURENT BLVD @ WALKLEY RD,373902.7501,5028046.214,-75.6175,45.38895,2017-07-13,8:00:00 AM,01 - Clear,02 - Wet,01 - Traffic signal,02 - Intersection related,01 - Daylight,03 - P.D. only,07 - SMV other,Hawthorne Meadows
13124,ST. LAURENT BLVD @ WALKLEY RD,373902.7501,5028046.536,-75.6175,45.38895,2017-08-11,9:00:00 AM,01 - Clear,01 - Dry,01 - Traffic signal,03 - At intersection,01 - Daylight,03 - P.D. only,05 - Turning movement,Hawthorne Meadows
13125,ST. LAURENT BLVD @ WALKLEY RD,373902.7501,5028046.214,-75.6175,45.38895,2017-07-17,9:15:00 PM,01 - Clear,01 - Dry,01 - Traffic signal,03 - At intersection,07 - Dark,03 - P.D. only,05 - Turning movement,Hawthorne Meadows
13126,ST. LAURENT BLVD @ WALKLEY RD,373901.7468,5028046.855,-75.61752,45.38895,2017-07-20,5:02:00 PM,01 - Clear,01 - Dry,01 - Traffic signal,02 - Intersection related,01 - Daylight,03 - P.D. only,99 - Other,Hawthorne Meadows
13127,ST. LAURENT BLVD @ WALKLEY RD,373904.1702,5028046.145,-75.61749,45.38895,2017-10-20,3:00:00 PM,01 - Clear,01 - Dry,01 - Traffic signal,02 - Intersection related,01 - Daylight,03 - P.D. only,04 - Sideswipe,Hawthorne Meadows
13128,ST. LAURENT BLVD @ WALKLEY RD,373903.0846,5028047.524,-75.6175,45.38896,2017-11-13,5:35:00 PM,01 - Clear,01 - Dry,01 - Traffic signal,03 - At intersection,07 - Dark,03 - P.D. only,05 - Turning movement,Hawthorne Meadows
13129,ST. LAURENT BLVD @ WALKLEY RD,373902.4157,5028048.193,-75.61751,45.38896,2017-11-18,8:21:00 PM,02 - Rain,02 - Wet,01 - Traffic signal,03 - At intersection,07 - Dark,03 - P.D. only,05 - Turning movement,Hawthorne Meadows