Record,Location,X,Y,Longitude,Latitude,Date,Time,Environment,Road_Surface,Traffic_Control,Collision_Location,Light,Collision_Classification,Impact_type,Neighborhood
13130,ST. LAURENT BLVD @ WALKLEY RD,373902.2722,5028047.572,-75.61751,45.38896,2017-11-08,5:21:00 PM,01 - Clear,01 - Dry,01 - Traffic signal,03 - At intersection,07 - Dark,02 - Non-fatal injury,05 - Turning movement,Hawthorne Meadows
13131,ST. LAURENT BLVD @ WALKLEY RD,373903.6085,5028048.572,-75.61749,45.38897,2017-01-11,9:17:00 PM,02 - Rain,06 - Ice,01 - Traffic signal,02 - Intersection related,07 - Dark,03 - P.D. only,03 - Rear end,Hawthorne Meadows
13132,ST. LAURENT BLVD @ WALKLEY RD,373901.2492,5028046.48,-75.61752,45.38895,2017-02-12,2:18:00 PM,03 - Snow,03 - Loose snow,01 - Traffic signal,02 - Intersection related,01 - Daylight,03 - P.D. only,03 - Rear end,Hawthorne Meadows
13133,ST. LAURENT BLVD @ WALKLEY RD,373903.843,5028046.855,-75.61749,45.38895,2017-02-01,3:04:00 PM,01 - Clear,01 - Dry,01 - Traffic signal,02 - Intersection related,01 - Daylight,03 - P.D. only,03 - Rear end,Hawthorne Meadows
13134,ST. LAURENT BLVD @ WALKLEY RD,373901.6572,5028047.402,-75.61752,45.38896,2017-02-02,3:18:00 PM,01 - Clear,01 - Dry,01 - Traffic signal,02 - Intersection related,01 - Daylight,02 - Non-fatal injury,03 - Rear end,Hawthorne Meadows
13135,ST. LAURENT BLVD @ WALKLEY RD,373903.5006,5028047.981,-75.61749,45.38896,2017-01-18,10:15:00 PM,01 - Clear,03 - Loose snow,01 - Traffic signal,02 - Intersection related,07 - Dark,03 - P.D. only,07 - SMV other,Hawthorne Meadows
13136,ST. LAURENT BLVD @ WALKLEY RD,373903.2928,5028045.227,-75.6175,45.38894,2017-01-13,4:27:00 PM,01 - Clear,01 - Dry,01 - Traffic signal,03 - At intersection,01 - Daylight,02 - Non-fatal injury,07 - SMV other,Hawthorne Meadows
13137,ST. LAURENT BLVD @ WALKLEY RD,373902.2074,5028047.669,-75.61751,45.38896,2017-01-27,12:27:00 PM,03 - Snow,02 - Wet,01 - Traffic signal,03 - At intersection,01 - Daylight,03 - P.D. only,05 - Turning movement,Hawthorne Meadows
13138,ST. LAURENT BLVD @ WALKLEY RD,373904.251,5028047.23,-75.61748,45.38896,2017-02-03,7:06:00 PM,01 - Clear,01 - Dry,01 - Traffic signal,02 - Intersection related,07 - Dark,03 - P.D. only,03 - Rear end,Hawthorne Meadows
13139,ST. LAURENT BLVD @ WALKLEY RD,373903.7534,5028044.848,-75.61749,45.38893,2017-02-15,6:06:00 PM,03 - Snow,03 - Loose snow,01 - Traffic signal,03 - At intersection,07 - Dark,03 - P.D. only,05 - Turning movement,Industrial Park
13140,ST. LAURENT BLVD @ WALKLEY RD,373903.5006,5028046.48,-75.61749,45.38895,2017-03-29,5:00:00 PM,01 - Clear,01 - Dry,01 - Traffic signal,02 - Intersection related,01 - Daylight,03 - P.D. only,03 - Rear end,Hawthorne Meadows
13141,ST. LAURENT BLVD @ WALKLEY RD,373902.4157,5028046.855,-75.61751,45.38895,2017-04-01,10:03:00 PM,01 - Clear,01 - Dry,01 - Traffic signal,03 - At intersection,07 - Dark,03 - P.D. only,05 - Turning movement,Hawthorne Meadows
13142,ST. LAURENT BLVD @ WALKLEY RD,373903.7534,5028047.524,-75.61749,45.38896,2017-03-18,9:05:00 PM,01 - Clear,01 - Dry,01 - Traffic signal,02 - Intersection related,07 - Dark,03 - P.D. only,04 - Sideswipe,Hawthorne Meadows
13143,ST. LAURENT BLVD @ WALKLEY RD,373903.2235,5028046.618,-75.6175,45.38895,2017-12-21,7:21:00 PM,01 - Clear,01 - Dry,01 - Traffic signal,03 - At intersection,07 - Dark,03 - P.D. only,05 - Turning movement,Hawthorne Meadows
13144,ST. LAURENT BLVD @ WALKLEY RD,373902.2767,5028047.092,-75.61751,45.38895,2017-12-23,10:28:00 PM,01 - Clear,04 - Slush,01 - Traffic signal,03 - At intersection,07 - Dark,02 - Non-fatal injury,02 - Angle,Hawthorne Meadows
13145,ST. LAURENT BLVD btwn BELFAST RD & INDUSTRIAL AVE,373021.502,5030194.693,-75.62846,45.40836,2017-05-26,6:13:00 PM,01 - Clear,01 - Dry,10 - No control,01 - Non intersection,01 - Daylight,03 - P.D. only,03 - Rear end,Industrial Park
13146,ST. LAURENT BLVD btwn BELFAST RD & INDUSTRIAL AVE,372882.6997,5030529.061,-75.63019,45.41139,2017-09-01,1:08:00 PM,01 - Clear,01 - Dry,10 - No control,01 - Non intersection,01 - Daylight,03 - P.D. only,03 - Rear end,Industrial Park
13147,ST. LAURENT BLVD btwn BELFAST RD & INDUSTRIAL AVE,372894.8577,5030499.176,-75.63003,45.41112,2017-09-29,7:48:00 AM,01 - Clear,01 - Dry,10 - No control,01 - Non intersection,01 - Daylight,03 - P.D. only,04 - Sideswipe,Industrial Park
13148,ST. LAURENT BLVD btwn BELFAST RD & INDUSTRIAL AVE,373078.1003,5030055.467,-75.62776,45.40711,2017-12-07,8:34:00 AM,01 - Clear,01 - Dry,10 - No control,01 - Non intersection,01 - Daylight,03 - P.D. only,04 - Sideswipe,Industrial Park
13149,ST. LAURENT BLVD btwn BELFAST RD & INDUSTRIAL AVE,372879.0846,5030535.859,-75.63023,45.41145,2017-11-21,7:09:00 AM,01 - Clear,01 - Dry,10 - No control,01 - Non intersection,03 - Dawn,03 - P.D. only,03 - Rear end,Industrial Park
13150,ST. LAURENT BLVD btwn BELFAST RD & INDUSTRIAL AVE,372980.9156,5030292.943,-75.62896,45.40925,2017-12-12,10:56:00 AM,03 - Snow,05 - Packed snow,10 - No control,01 - Non intersection,01 - Daylight,03 - P.D. only,04 - Sideswipe,Industrial Park
13151,ST. LAURENT BLVD btwn BELFAST RD & INDUSTRIAL AVE,372864.7891,5030569.107,-75.63041,45.41175,2017-01-06,12:45:00 PM,01 - Clear,01 - Dry,10 - No control,01 - Non intersection,01 - Daylight,03 - P.D. only,03 - Rear end,Industrial Park
13152,ST. LAURENT BLVD btwn BELFAST RD & INDUSTRIAL AVE,373069.6845,5030075.095,-75.62786,45.40728,2017-01-14,11:28:00 AM,01 - Clear,01 - Dry,10 - No control,01 - Non intersection,01 - Daylight,02 - Non-fatal injury,99 - Other,Industrial Park
13153,ST. LAURENT BLVD btwn BELFAST RD & INDUSTRIAL AVE,372903.9036,5030464.225,-75.62992,45.4108,2017-01-13,5:27:00 PM,01 - Clear,01 - Dry,10 - No control,01 - Non intersection,05 - Dusk,02 - Non-fatal injury,03 - Rear end,Industrial Park
13154,ST. LAURENT BLVD btwn BOURASSA ST & SMYTH RD,373238.1748,5029688.61,-75.62576,45.40379,2017-08-17,8:25:00 AM,01 - Clear,01 - Dry,10 - No control,01 - Non intersection,01 - Daylight,03 - P.D. only,04 - Sideswipe,Industrial Park
13155,ST. LAURENT BLVD btwn BOURASSA ST & SMYTH RD,373308.3017,5029516.707,-75.62489,45.40224,2017-01-13,5:40:00 PM,01 - Clear,01 - Dry,10 - No control,01 - Non intersection,07 - Dark,02 - Non-fatal injury,03 - Rear end,Industrial Park
13156,ST. LAURENT BLVD btwn CLARKE AVE & COTE ST,371741.0758,5033342.888,-75.64439,45.43681,2017-03-27,5:42:00 AM,02 - Rain,02 - Wet,10 - No control,01 - Non intersection,03 - Dawn,03 - P.D. only,07 - SMV other,Cummings
13157,ST. LAURENT BLVD btwn CONNERY AVE & NERTA ST,373653.3133,5028658.793,-75.6206,45.39448,2017-12-12,9:52:00 AM,03 - Snow,03 - Loose snow,10 - No control,01 - Non intersection,01 - Daylight,03 - P.D. only,06 - SMV unattended vehicle,Urbandale
13158,ST. LAURENT BLVD btwn CONNERY AVE & NERTA ST,373661.469,5028641.813,-75.6205,45.39433,2017-03-14,5:21:00 PM,03 - Snow,03 - Loose snow,10 - No control,01 - Non intersection,01 - Daylight,02 - Non-fatal injury,03 - Rear end,Hawthorne Meadows
13159,ST. LAURENT BLVD btwn CONNERY AVE & NERTA ST,373655.9019,5028651.652,-75.62057,45.39442,2017-12-23,12:45:00 PM,01 - Clear,05 - Packed snow,10 - No control,04 - At/near private drive,01 - Daylight,03 - P.D. only,02 - Angle,Urbandale
13160,ST. LAURENT BLVD btwn CONROY RD & THURSTON DR,373253.0595,5027263.019,-75.62591,45.38196,2017-06-13,2:13:00 PM,01 - Clear,01 - Dry,10 - No control,04 - At/near private drive,01 - Daylight,03 - P.D. only,02 - Angle,Industrial Park
13161,ST. LAURENT BLVD btwn CONROY RD & THURSTON DR,373202.0385,5027234.568,-75.62656,45.38171,2017-12-14,9:00:00 AM,01 - Clear,01 - Dry,10 - No control,01 - Non intersection,01 - Daylight,03 - P.D. only,02 - Angle,Industrial Park
13162,ST. LAURENT BLVD btwn CONROY RD & THURSTON DR,373117.7307,5027185.618,-75.62765,45.38128,2017-01-20,12:00:00 AM,01 - Clear,02 - Wet,10 - No control,01 - Non intersection,00 - Unknown,03 - P.D. only,06 - SMV unattended vehicle,Industrial Park
13163,ST. LAURENT BLVD btwn CONROY RD & THURSTON DR,373321.4653,5027292.916,-75.62503,45.38223,2017-04-06,1:22:00 PM,02 - Rain,02 - Wet,10 - No control,04 - At/near private drive,01 - Daylight,02 - Non-fatal injury,02 - Angle,Industrial Park
13164,ST. LAURENT BLVD btwn CONROY RD & THURSTON DR,373621.4682,5027465.292,-75.62118,45.38375,2017-03-18,2:40:00 PM,01 - Clear,01 - Dry,10 - No control,04 - At/near private drive,01 - Daylight,02 - Non-fatal injury,03 - Rear end,Industrial Park
13165,ST. LAURENT BLVD btwn CONROY RD & THURSTON DR,373417.177,5027347.798,-75.6238,45.38271,2017-02-21,1:30:00 PM,01 - Clear,01 - Dry,10 - No control,04 - At/near private drive,01 - Daylight,03 - P.D. only,02 - Angle,Industrial Park
13166,ST. LAURENT BLVD btwn COVENTRY RD & LEMIEUX ST,372343.1261,5031860.815,-75.6369,45.42342,2017-10-24,8:18:00 PM,01 - Clear,01 - Dry,10 - No control,01 - Non intersection,07 - Dark,03 - P.D. only,03 - Rear end,Overbrook
13167,ST. LAURENT BLVD btwn COVENTRY RD & LEMIEUX ST,372342.3632,5031858.247,-75.63691,45.4234,2017-10-28,8:09:00 PM,02 - Rain,02 - Wet,10 - No control,01 - Non intersection,07 - Dark,03 - P.D. only,04 - Sideswipe,Overbrook
13168,ST. LAURENT BLVD btwn CYRVILLE RD & COVENTRY RD,372254.1742,5032079.928,-75.638,45.4254,2017-07-21,2:18:00 PM,01 - Clear,01 - Dry,10 - No control,01 - Non intersection,01 - Daylight,03 - P.D. only,07 - SMV other,Overbrook
13169,ST. LAURENT BLVD btwn DONALD ST & 125 N OF QUEEN MARY ST,372125.758,5032396.61,-75.6396,45.42826,2017-03-16,7:42:00 PM,01 - Clear,02 - Wet,10 - No control,01 - Non intersection,07 - Dark,03 - P.D. only,04 - Sideswipe,Overbrook
13170,ST. LAURENT BLVD btwn DUNBARTON CRT & MONTREAL RD,371504.9973,5033909.047,-75.64733,45.44193,2017-09-16,11:24:00 AM,01 - Clear,01 - Dry,10 - No control,01 - Non intersection,01 - Daylight,03 - P.D. only,04 - Sideswipe,Rockcliffe - Manor Park
13171,ST. LAURENT BLVD btwn DWELLINGHAM PRIV & TAWNEY RD,373560.2788,5028889.715,-75.62176,45.39657,2017-10-10,7:29:00 PM,01 - Clear,01 - Dry,10 - No control,01 - Non intersection,07 - Dark,03 - P.D. only,03 - Rear end,Hawthorne Meadows
13172,ST. LAURENT BLVD btwn FOLEY AVE & WALKLEY RD,373889.7066,5028075.618,-75.61767,45.38921,2017-10-19,8:11:00 PM,01 - Clear,01 - Dry,10 - No control,01 - Non intersection,07 - Dark,03 - P.D. only,04 - Sideswipe,Urbandale
13173,ST. LAURENT BLVD btwn HEMLOCK RD & MEADOW PARK PL,371176.2405,5034710.978,-75.65142,45.44918,2017-02-23,4:23:00 PM,01 - Clear,02 - Wet,10 - No control,04 - At/near private drive,01 - Daylight,03 - P.D. only,05 - Turning movement,Cemetery
13174,ST. LAURENT BLVD btwn HWY417 IC115 RAMP25 & TREMBLAY RD,372581.0974,5031278.24,-75.63394,45.41816,2017-04-12,1:06:00 PM,01 - Clear,01 - Dry,10 - No control,01 - Non intersection,01 - Daylight,03 - P.D. only,03 - Rear end,Industrial Park
13175,ST. LAURENT BLVD btwn HWY417 IC115 RAMP26 & HWY417 IC115 RAMP51,372522.5369,5031430.302,-75.63466,45.41953,2017-06-30,2:01:00 PM,01 - Clear,01 - Dry,10 - No control,01 - Non intersection,01 - Daylight,03 - P.D. only,04 - Sideswipe,Industrial Park
13176,ST. LAURENT BLVD btwn HWY417 IC115 RAMP35 & HWY417 IC115 RAMP26,372490.5641,5031510.653,-75.63506,45.42026,2017-11-19,3:48:00 PM,03 - Snow,06 - Ice,10 - No control,06 - Underpass or tunnel,01 - Daylight,03 - P.D. only,03 - Rear end,Overbrook
13177,ST. LAURENT BLVD btwn HWY417 IC115 RAMP35 & HWY417 IC115 RAMP26,372497.7058,5031492.246,-75.63497,45.42009,2017-08-30,6:34:00 PM,01 - Clear,01 - Dry,10 - No control,01 - Non intersection,01 - Daylight,03 - P.D. only,04 - Sideswipe,Industrial Park
13178,ST. LAURENT BLVD btwn HWY417 IC115 RAMP36 & TRANSIT,372412.0252,5031695.848,-75.63604,45.42193,2017-07-02,5:15:00 PM,01 - Clear,01 - Dry,10 - No control,01 - Non intersection,01 - Daylight,03 - P.D. only,04 - Sideswipe,Overbrook
13179,ST. LAURENT BLVD btwn HWY417 IC115 RAMP36 & TRANSIT,372410.5763,5031698.747,-75.63606,45.42196,2017-03-02,5:05:00 PM,01 - Clear,01 - Dry,10 - No control,01 - Non intersection,01 - Daylight,03 - P.D. only,03 - Rear end,Overbrook
13180,ST. LAURENT BLVD btwn HWY417 IC115 RAMP51 & HWY417 IC115 RAMP25,372558.5554,5031333.926,-75.63422,45.41866,2017-10-06,8:57:00 PM,01 - Clear,01 - Dry,10 - No control,01 - Non intersection,07 - Dark,03 - P.D. only,04 - Sideswipe,Industrial Park
13181,ST. LAURENT BLVD btwn HWY417 IC115 RAMP51 & HWY417 IC115 RAMP25,372539.599,5031377.368,-75.63445,45.41905,2017-02-17,7:19:00 AM,01 - Clear,01 - Dry,10 - No control,01 - Non intersection,01 - Daylight,03 - P.D. only,04 - Sideswipe,Industrial Park
13182,ST. LAURENT BLVD btwn INDUSTRIAL AVE & BOURASSA ST,373120.1287,5029957.406,-75.62723,45.40622,2017-06-20,12:58:00 PM,01 - Clear,01 - Dry,10 - No control,01 - Non intersection,01 - Daylight,02 - Non-fatal injury,07 - SMV other,Industrial Park
13183,ST. LAURENT BLVD btwn INDUSTRIAL AVE & BOURASSA ST,373140.0941,5029913.715,-75.62698,45.40582,2017-06-16,2:03:00 PM,01 - Clear,01 - Dry,10 - No control,01 - Non intersection,01 - Daylight,03 - P.D. only,04 - Sideswipe,Industrial Park
13184,ST. LAURENT BLVD btwn INDUSTRIAL AVE & BOURASSA ST,373196.6026,5029787.839,-75.62628,45.40469,2017-08-22,9:58:00 AM,01 - Clear,01 - Dry,10 - No control,01 - Non intersection,01 - Daylight,03 - P.D. only,07 - SMV other,Industrial Park
13185,ST. LAURENT BLVD btwn INDUSTRIAL AVE & BOURASSA ST,373185.2761,5029814.911,-75.62642,45.40493,2017-06-30,7:48:00 PM,01 - Clear,01 - Dry,10 - No control,01 - Non intersection,01 - Daylight,03 - P.D. only,04 - Sideswipe,Industrial Park
13186,ST. LAURENT BLVD btwn INDUSTRIAL AVE & BOURASSA ST,373120.277,5029958.016,-75.62723,45.40622,2017-12-14,11:24:00 AM,01 - Clear,01 - Dry,10 - No control,01 - Non intersection,01 - Daylight,02 - Non-fatal injury,05 - Turning movement,Industrial Park
13187,ST. LAURENT BLVD btwn INDUSTRIAL AVE & BOURASSA ST,373171.6397,5029842.304,-75.62659,45.40518,2017-01-24,11:17:00 AM,04 - Freezing Rain,06 - Ice,10 - No control,01 - Non intersection,01 - Daylight,03 - P.D. only,05 - Turning movement,Industrial Park
13188,ST. LAURENT BLVD btwn INDUSTRIAL AVE & BOURASSA ST,373159.6201,5029863.643,-75.62674,45.40537,2017-02-23,8:31:00 AM,01 - Clear,01 - Dry,10 - No control,04 - At/near private drive,01 - Daylight,03 - P.D. only,02 - Angle,Industrial Park
13189,ST. LAURENT BLVD btwn INDUSTRIAL AVE & BOURASSA ST,373140.9108,5029915.389,-75.62697,45.40584,2017-12-31,12:39:00 AM,99 - Other,06 - Ice,10 - No control,07 - Overpass or bridge,07 - Dark,03 - P.D. only,03 - Rear end,Industrial Park
13190,ST. LAURENT BLVD btwn MCARTHUR AVE & DONALD ST,372012.9226,5032688.409,-75.641,45.4309,2017-05-05,11:17:00 AM,02 - Rain,02 - Wet,10 - No control,01 - Non intersection,01 - Daylight,02 - Non-fatal injury,03 - Rear end,Castl
13191,ST. LAURENT BLVD btwn MCARTHUR AVE & DONALD ST,371925.2844,5032874.413,-75.6421,45.43258,2017-05-19,4:05:00 PM,01 - Clear,01 - Dry,10 - No control,01 - Non intersection,01 - Daylight,03 - P.D. only,04 - Sideswipe,Cummings
13192,ST. LAURENT BLVD btwn MCARTHUR AVE & DONALD ST,372000.4309,5032709.229,-75.64116,45.43109,2017-04-29,11:51:00 AM,01 - Clear,01 - Dry,10 - No control,01 - Non intersection,01 - Daylight,03 - P.D. only,03 - Rear end,Castl
13193,ST. LAURENT BLVD btwn MCARTHUR AVE & DONALD ST,372017.7932,5032655.862,-75.64094,45.43061,2017-07-07,12:26:00 PM,01 - Clear,01 - Dry,10 - No control,01 - Non intersection,01 - Daylight,03 - P.D. only,03 - Rear end,Castl
13194,ST. LAURENT BLVD btwn MCARTHUR AVE & DONALD ST,372010.0809,5032675.93,-75.64104,45.43079,2017-09-21,9:46:00 AM,01 - Clear,01 - Dry,10 - No control,01 - Non intersection,01 - Daylight,03 - P.D. only,03 - Rear end,Castl
13195,ST. LAURENT BLVD btwn MCARTHUR AVE & DONALD ST,372006.6768,5032678,-75.64108,45.43081,2017-02-24,7:30:00 AM,01 - Clear,01 - Dry,10 - No control,04 - At/near private drive,01 - Daylight,03 - P.D. only,02 - Angle,Castl
13196,ST. LAURENT BLVD btwn MCARTHUR AVE & DONALD ST,372087.3584,5032493.99,-75.64008,45.42914,2017-04-11,3:57:00 PM,01 - Clear,01 - Dry,10 - No control,01 - Non intersection,01 - Daylight,02 - Non-fatal injury,03 - Rear end,Castl
13197,ST. LAURENT BLVD btwn MCARTHUR AVE & DONALD ST,372008.7587,5032690.491,-75.64106,45.43092,2017-04-06,3:00:00 PM,02 - Rain,02 - Wet,10 - No control,01 - Non intersection,01 - Daylight,03 - P.D. only,04 - Sideswipe,Castl
13198,ST. LAURENT BLVD btwn MUTUAL ST & MCARTHUR AVE,371910.76,5032919.515,-75.64228,45.43299,2017-01-31,3:19:00 AM,01 - Clear,01 - Dry,10 - No control,04 - At/near private drive,07 - Dark,03 - P.D. only,04 - Sideswipe,Cummings
13199,ST. LAURENT BLVD btwn QUEEN MARY ST & CYRVILLE RD,372228.0084,5032144.356,-75.63833,45.42598,2017-05-23,8:31:00 PM,01 - Clear,01 - Dry,10 - No control,01 - Non intersection,05 - Dusk,03 - P.D. only,04 - Sideswipe,Overbrook
13200,ST. LAURENT BLVD btwn QUEEN MARY ST & CYRVILLE RD,372233.2375,5032132.313,-75.63826,45.42587,2017-08-21,3:08:00 PM,01 - Clear,01 - Dry,10 - No control,01 - Non intersection,01 - Daylight,03 - P.D. only,03 - Rear end,Overbrook
13201,ST. LAURENT BLVD btwn QUEEN MARY ST & CYRVILLE RD,372238.0419,5032124.289,-75.6382,45.4258,2017-12-06,3:02:00 PM,01 - Clear,01 - Dry,10 - No control,04 - At/near private drive,01 - Daylight,03 - P.D. only,02 - Angle,Overbrook
13202,ST. LAURENT BLVD btwn SHORE ST & BELFAST RD,372856.3763,5030591.271,-75.63051,45.41195,2017-05-25,9:46:00 PM,01 - Clear,01 - Dry,10 - No control,01 - Non intersection,07 - Dark,03 - P.D. only,03 - Rear end,Industrial Park
13203,ST. LAURENT BLVD btwn SHORE ST & BELFAST RD,372830.9582,5030658.161,-75.63083,45.41255,2017-06-23,3:32:00 PM,01 - Clear,01 - Dry,10 - No control,01 - Non intersection,01 - Daylight,03 - P.D. only,03 - Rear end,Industrial Park
13204,ST. LAURENT BLVD btwn SHORE ST & BELFAST RD,372827.6137,5030660.836,-75.63087,45.41258,2017-07-05,4:15:00 PM,01 - Clear,01 - Dry,10 - No control,01 - Non intersection,01 - Daylight,02 - Non-fatal injury,03 - Rear end,Industrial Park
13205,ST. LAURENT BLVD btwn SHORE ST & BELFAST RD,372831.9828,5030650.163,-75.63082,45.41248,2017-11-11,5:36:00 PM,01 - Clear,01 - Dry,10 - No control,01 - Non intersection,07 - Dark,03 - P.D. only,03 - Rear end,Industrial Park
13206,ST. LAURENT BLVD btwn SHORE ST & BELFAST RD,372852.5271,5030596.674,-75.63056,45.412,2017-11-11,11:52:00 AM,01 - Clear,01 - Dry,10 - No control,01 - Non intersection,01 - Daylight,03 - P.D. only,03 - Rear end,Industrial Park
13207,ST. LAURENT BLVD btwn SHORE ST & BELFAST RD,372828.2826,5030660.836,-75.63086,45.41258,2017-02-08,11:31:00 AM,01 - Clear,01 - Dry,10 - No control,01 - Non intersection,01 - Daylight,03 - P.D. only,04 - Sideswipe,Industrial Park
13208,ST. LAURENT BLVD btwn THURSTON DR & WALKLEY RD,373998.2032,5027672.355,-75.61634,45.38557,2017-11-03,12:51:00 PM,01 - Clear,01 - Dry,10 - No control,04 - At/near private drive,01 - Daylight,03 - P.D. only,02 - Angle,Industrial Park
13209,ST. LAURENT BLVD btwn THURSTON DR & WALKLEY RD,373923.0128,5028006.719,-75.61725,45.38859,2017-03-15,10:05:00 AM,03 - Snow,03 - Loose snow,10 - No control,01 - Non intersection,01 - Daylight,03 - P.D. only,03 - Rear end,Industrial Park
13210,ST. LAURENT BLVD btwn TRANSIT & HWY417 IC115 RAMP35,372457.6458,5031591.529,-75.63547,45.42099,2017-05-11,1:34:00 PM,01 - Clear,01 - Dry,10 - No control,01 - Non intersection,01 - Daylight,02 - Non-fatal injury,04 - Sideswipe,Overbrook
13211,ST. LAURENT BLVD btwn TREMBLAY RD & SHORE ST,372789.0823,5030761.194,-75.63135,45.41348,2017-01-07,11:06:00 PM,01 - Clear,03 - Loose snow,10 - No control,01 - Non intersection,07 - Dark,03 - P.D. only,07 - SMV other,Industrial Park
13212,ST. LAURENT BLVD SERVICE RD btwn RUSSELL RD & ST. LAURENT BLVD,373434.622,5029209.258,-75.62332,45.39946,2017-11-10,4:25:00 PM,01 - Clear,01 - Dry,10 - No control,04 - At/near private drive,05 - Dusk,03 - P.D. only,03 - Rear end,Elmvale - Eastway - Riverview - Riverview Park West
13213,ST. LAURENT BLVD/DUNBARTON CRT @ BRITTANY DR,371331.3519,5034337.309,-75.64949,45.4458,2017-01-02,1:01:00 AM,01 - Clear,01 - Dry,01 - Traffic signal,02 - Intersection related,07 - Dark,03 - P.D. only,07 - SMV other,Cemetery
13214,ST. LAURENT BLVD/GUY ST @ RIDEAU SS,371860.0445,5033043.139,-75.64291,45.43411,2017-06-05,1:15:00 PM,01 - Clear,01 - Dry,01 - Traffic signal,03 - At intersection,01 - Daylight,03 - P.D. only,02 - Angle,Cummings
13215,ST. LAURENT BLVD/GUY ST @ RIDEAU SS,371860.708,5033045.076,-75.6429,45.43412,2017-07-31,8:22:00 PM,01 - Clear,01 - Dry,01 - Traffic signal,02 - Intersection related,01 - Daylight,02 - Non-fatal injury,03 - Rear end,Cummings
13216,ST. PATRICK ST @ SUSSEX DR,367668.132,5032462.059,-75.69655,45.42927,2017-08-06,2:16:00 PM,01 - Clear,01 - Dry,01 - Traffic signal,02 - Intersection related,01 - Daylight,03 - P.D. only,04 - Sideswipe,Byward Market
13217,ST. PATRICK ST @ SUSSEX DR,367667.2488,5032462.364,-75.69656,45.42927,2017-06-29,5:24:00 PM,02 - Rain,02 - Wet,01 - Traffic signal,03 - At intersection,01 - Daylight,02 - Non-fatal injury,05 - Turning movement,Byward Market
13218,ST. PATRICK ST @ SUSSEX DR,367666.9143,5032461.462,-75.69657,45.42926,2017-07-29,11:05:00 AM,01 - Clear,01 - Dry,01 - Traffic signal,02 - Intersection related,01 - Daylight,02 - Non-fatal injury,03 - Rear end,Byward Market
13219,ST. PATRICK ST @ SUSSEX DR,367667.9176,5032460.357,-75.69656,45.42925,2017-11-23,12:07:00 PM,01 - Clear,01 - Dry,01 - Traffic signal,02 - Intersection related,01 - Daylight,03 - P.D. only,04 - Sideswipe,Byward Market
13220,ST. PATRICK ST @ SUSSEX DR,367668.4428,5032461.345,-75.69655,45.42926,2017-03-24,5:54:00 PM,03 - Snow,04 - Slush,01 - Traffic signal,03 - At intersection,01 - Daylight,03 - P.D. only,02 - Angle,Byward Market
13221,ST. PATRICK ST btwn CUMBERLAND ST & KING EDWARD AVE,368154.9162,5032763.564,-75.69029,45.43194,2017-04-07,1:44:00 PM,01 - Clear,01 - Dry,10 - No control,01 - Non intersection,01 - Daylight,03 - P.D. only,04 - Sideswipe,Byward Market
13222,ST. PATRICK ST btwn DALHOUSIE ST & CUMBERLAND ST,368015.3287,5032674.879,-75.69209,45.43115,2017-05-18,3:20:00 PM,01 - Clear,01 - Dry,10 - No control,01 - Non intersection,01 - Daylight,03 - P.D. only,04 - Sideswipe,Byward Market
13223,ST. PATRICK ST btwn PARENT AVE & DALHOUSIE ST,367907.6692,5032608.505,-75.69347,45.43056,2017-03-06,9:04:00 PM,04 - Freezing Rain,06 - Ice,10 - No control,04 - At/near private drive,07 - Dark,03 - P.D. only,05 - Turning movement,Byward Market
13224,ST. PATRICK ST EB btwn COBOURG ST & VANIER PKWY,368870.5385,5033239.144,-75.68109,45.43615,2017-05-10,4:59:00 PM,01 - Clear,01 - Dry,10 - No control,01 - Non intersection,01 - Daylight,02 - Non-fatal injury,03 - Rear end,Lower Town
13225,ST. PATRICK ST WB btwn FORSEY ST & ISLAND LODGE RD,368708.4552,5033244.827,-75.68316,45.43622,2017-02-03,8:47:00 AM,01 - Clear,01 - Dry,10 - No control,04 - At/near private drive,01 - Daylight,03 - P.D. only,03 - Rear end,Lower Town
13226,ST. PATRICK ST WB btwn ISLAND LODGE RD & CRICHTON ST,368900.7793,5033259.294,-75.6807,45.43633,2017-02-18,1:35:00 PM,01 - Clear,02 - Wet,10 - No control,01 - Non intersection,01 - Daylight,03 - P.D. only,03 - Rear end,Lower Town
13227,ST. PATRICK ST WB btwn MURRAY ST & ST. ANDREW ST,368403.0221,5033064.112,-75.68708,45.43462,2017-10-12,5:50:00 PM,01 - Clear,01 - Dry,10 - No control,04 - At/near private drive,01 - Daylight,03 - P.D. only,02 - Angle,Lower Town
13228,STAFFORD RD btwn BEXLEY PL & RICHMOND RD,358111.3664,5021152.016,-75.8199,45.32829,2017-06-06,5:35:00 PM,01 - Clear,01 - Dry,10 - No control,04 - At/near private drive,01 - Daylight,03 - P.D. only,02 - Angle,Bells Corners East
13229,STAFFORD RD btwn BEXLEY PL & RICHMOND RD,358110.353,5021153.03,-75.81991,45.3283,2017-11-03,4:34:00 PM,01 - Clear,01 - Dry,10 - No control,04 - At/near private drive,05 - Dusk,03 - P.D. only,02 - Angle,Bells Corners East
13230,STAGECOACH RD @ EMPIRE GROVE ST/STANMORE ST,376437.1374,5012153.005,-75.58744,45.24569,2017-07-18,11:26:00 PM,01 - Clear,01 - Dry,02 - Stop sign,02 - Intersection related,07 - Dark,02 - Non-fatal injury,07 - SMV other,Kars - Osgoode
13231,STAGECOACH RD @ WOODSTREAM DR/JACK PINE CRES,375874.3037,5013426.213,-75.59443,45.2572,2017-09-13,3:45:00 PM,01 - Clear,01 - Dry,02 - Stop sign,03 - At intersection,01 - Daylight,03 - P.D. only,05 - Turning movement,Greely