Record,Location,X,Y,Longitude,Latitude,Date,Time,Environment,Road_Surface,Traffic_Control,Collision_Location,Light,Collision_Classification,Impact_type,Neighborhood
13232,STAGECOACH RD btwn CABIN RD & SNAKE ISLAND RD,378099.1455,5005984.128,-75.56718,45.19001,2017-10-26,2:39:00 PM,01 - Clear,01 - Dry,10 - No control,01 - Non intersection,01 - Daylight,03 - P.D. only,07 - SMV other,Kars - Osgoode
13233,STAGECOACH RD btwn CABIN RD & SNAKE ISLAND RD,378125.3182,5005542.567,-75.56691,45.18604,2017-03-21,6:40:00 AM,03 - Snow,02 - Wet,10 - No control,04 - At/near private drive,03 - Dawn,03 - P.D. only,02 - Angle,Kars - Osgoode
13234,STAGECOACH RD btwn DALMENY RD & FAWN LANE,378807.0727,4997407.215,-75.55944,45.11277,2017-10-17,6:34:00 PM,01 - Clear,01 - Dry,10 - No control,01 - Non intersection,07 - Dark,03 - P.D. only,07 - SMV other,Kars - Osgoode
13235,STAGECOACH RD btwn DALMENY RD & FAWN LANE,378618.0075,4997755.18,-75.56179,45.11592,2017-01-31,10:44:00 PM,01 - Clear,01 - Dry,10 - No control,01 - Non intersection,07 - Dark,03 - P.D. only,07 - SMV other,Kars - Osgoode
13236,STAGECOACH RD btwn DALMENY RD & FAWN LANE,378110.7639,4998678.665,-75.5681,45.12428,2017-03-20,7:33:00 PM,01 - Clear,01 - Dry,10 - No control,01 - Non intersection,07 - Dark,03 - P.D. only,07 - SMV other,Kars - Osgoode
13237,STAGECOACH RD btwn LAKESHORE DR & OLD PRESCOTT RD,377190.2473,5010365.322,-75.57811,45.22953,2017-06-19,7:02:00 AM,01 - Clear,01 - Dry,10 - No control,01 - Non intersection,01 - Daylight,02 - Non-fatal injury,07 - SMV other,Kars - Osgoode
13238,STAGECOACH RD btwn LAKESHORE DR & OLD PRESCOTT RD,377635.4647,5009443.086,-75.57257,45.22119,2017-06-23,5:30:00 PM,01 - Clear,01 - Dry,10 - No control,01 - Non intersection,01 - Daylight,03 - P.D. only,07 - SMV other,Osgoode
13239,STAGECOACH RD btwn MITCH OWENS RD & VISTA PATRICK PRIV,375474.6243,5014304.691,-75.59939,45.26515,2017-06-11,9:32:00 AM,01 - Clear,01 - Dry,10 - No control,01 - Non intersection,01 - Daylight,03 - P.D. only,07 - SMV other,Greely
13240,STAGECOACH RD btwn OSGOODE MAIN ST & FOREST RD,378060.1536,5003185.703,-75.56809,45.16484,2017-10-17,11:10:00 PM,01 - Clear,01 - Dry,10 - No control,01 - Non intersection,07 - Dark,03 - P.D. only,07 - SMV other,Kars - Osgoode
13241,STAGECOACH RD btwn SNAKE ISLAND RD & HERBERTS CORNERS RD,377942.449,5008128.948,-75.56886,45.20933,2017-11-10,4:27:00 AM,01 - Clear,01 - Dry,10 - No control,01 - Non intersection,07 - Dark,02 - Non-fatal injury,07 - SMV other,Osgoode
13242,STALWART CRES btwn WHITE ALDER AVE & WHITE ALDER AVE,375441.1986,5020836.723,-75.59889,45.32393,2017-01-28,4:30:00 PM,03 - Snow,03 - Loose snow,10 - No control,01 - Non intersection,05 - Dusk,03 - P.D. only,06 - SMV unattended vehicle,Greenbelt
13243,STANLEY AVE @ SUSSEX DR,367831.6225,5033871.689,-75.69428,45.44193,2017-10-22,3:39:00 PM,01 - Clear,01 - Dry,01 - Traffic signal,02 - Intersection related,01 - Daylight,02 - Non-fatal injury,03 - Rear end,New Edinburgh
13244,STANLEY AVE @ SUSSEX DR,367832.002,5033872.536,-75.69428,45.44194,2017-03-24,4:08:00 PM,02 - Rain,02 - Wet,01 - Traffic signal,03 - At intersection,01 - Daylight,02 - Non-fatal injury,02 - Angle,Lindenlea - New Edinburgh
13245,STANLEY AVE @ SUSSEX DR,367831.0926,5033873.264,-75.69429,45.44195,2017-03-08,7:06:00 AM,01 - Clear,01 - Dry,01 - Traffic signal,02 - Intersection related,01 - Daylight,03 - P.D. only,02 - Angle,New Edinburgh
13246,STANLEYFIELD CRES btwn BUSH DR & DONWEL DR (1),378412.3837,5012893.652,-75.56217,45.25215,2017-10-02,8:49:00 AM,01 - Clear,01 - Dry,10 - No control,01 - Non intersection,01 - Daylight,03 - P.D. only,06 - SMV unattended vehicle,Greely
13247,STANWOOD DR btwn OAKVIEW AVE & ALDERCREST DR,364243.6833,5022697.506,-75.74149,45.34171,2017-07-19,1:00:00 PM,01 - Clear,01 - Dry,10 - No control,01 - Non intersection,01 - Daylight,02 - Non-fatal injury,06 - SMV unattended vehicle,Crestview - Meadowlands
13248,STAR TOP RD btwn ALGOMA RD & Continuation of STAR TOP RD,373978.5801,5031099.099,-75.61611,45.41641,2017-03-24,12:00:00 AM,03 - Snow,03 - Loose snow,10 - No control,01 - Non intersection,00 - Unknown,03 - P.D. only,06 - SMV unattended vehicle,Industrial Park
13249,STAR TOP RD btwn CYRVILLE RD & ALGOMA RD,373873.4355,5031352.478,-75.61741,45.4187,2017-09-29,12:00:00 PM,01 - Clear,01 - Dry,10 - No control,01 - Non intersection,01 - Daylight,03 - P.D. only,07 - SMV other,Industrial Park
13250,STAR TOP RD btwn CYRVILLE RD & ALGOMA RD,373852.9237,5031405.663,-75.61767,45.41918,2017-12-13,1:35:00 PM,01 - Clear,02 - Wet,10 - No control,04 - At/near private drive,01 - Daylight,02 - Non-fatal injury,05 - Turning movement,Industrial Park
13251,STATEWOOD DR @ TERRY FOX DR,348941.8129,5022544.504,-75.93675,45.34146,2017-08-26,5:58:00 PM,01 - Clear,01 - Dry,02 - Stop sign,02 - Intersection related,01 - Daylight,03 - P.D. only,04 - Sideswipe,Morgan's Grant
13252,STATION BLVD btwn BLAIR ST & ACTON ST,371138.8336,5030285.797,-75.6525,45.40936,2017-07-11,9:52:00 PM,01 - Clear,01 - Dry,10 - No control,01 - Non intersection,07 - Dark,03 - P.D. only,06 - SMV unattended vehicle,Elmvale - Eastway - Riverview - Riverview Park West
13253,STE. CECILE ST @ STE. MONIQUE ST,369960.0125,5033811.82,-75.66709,45.4412,2017-08-13,4:22:00 PM,01 - Clear,01 - Dry,02 - Stop sign,02 - Intersection related,01 - Daylight,02 - Non-fatal injury,07 - SMV other,Vanier North
13254,STE. MONIQUE ST btwn MARIER AVE & STE. CECILE ST,369949.8136,5033793.808,-75.66722,45.44104,2017-09-20,12:00:00 AM,01 - Clear,01 - Dry,10 - No control,01 - Non intersection,00 - Unknown,03 - P.D. only,06 - SMV unattended vehicle,Vanier North
13255,STEDMAN ST btwn HIDDEN MEADOW AVE & MEANDERING BROOK DR,373140.2681,5022801.26,-75.62797,45.34183,2017-01-09,3:11:00 PM,01 - Clear,02 - Wet,10 - No control,04 - At/near private drive,01 - Daylight,03 - P.D. only,06 - SMV unattended vehicle,Blossom Park - Blossom Park West - Sawmill Creek/ Timbermill
13256,STEEPLE HILL CRES btwn RICHMOND RD & PIETY HILL WAY,357469.4569,5014412.472,-75.8288,45.2677,2017-10-10,7:14:00 AM,"07 - Fog, mist, smoke, dust",02 - Wet,10 - No control,01 - Non intersection,03 - Dawn,03 - P.D. only,07 - SMV other,Greenbelt
13257,STEVENAGE DR @ SWANSEA CRES,374415.3066,5026770.714,-75.61114,45.37742,2017-05-26,1:32:00 AM,02 - Rain,02 - Wet,10 - No control,02 - Intersection related,07 - Dark,03 - P.D. only,07 - SMV other,Industrial Park
13258,STEVENAGE DR btwn SWANSEA CRES & HAWTHORNE RD,375126.9746,5027310.047,-75.60198,45.3822,2017-09-07,3:33:00 PM,02 - Rain,02 - Wet,10 - No control,04 - At/near private drive,01 - Daylight,03 - P.D. only,05 - Turning movement,Industrial Park
13259,STEVENAGE DR btwn SWANSEA CRES & HAWTHORNE RD,375046.3364,5027277.925,-75.60301,45.38192,2017-11-29,3:20:00 PM,01 - Clear,01 - Dry,10 - No control,04 - At/near private drive,01 - Daylight,03 - P.D. only,05 - Turning movement,Industrial Park
13260,STEVENS AVE @ BEAUDRY ST,370815.5732,5032556.314,-75.65632,45.42982,2017-02-15,5:12:00 PM,03 - Snow,04 - Slush,02 - Stop sign,03 - At intersection,01 - Daylight,03 - P.D. only,02 - Angle,Vanier South
13261,STEVENSON AVE btwn CARLING AVE & CRERAR AVE,365270.9113,5027918.776,-75.72774,45.3886,2017-12-30,12:00:00 AM,01 - Clear,05 - Packed snow,10 - No control,01 - Non intersection,00 - Unknown,03 - P.D. only,06 - SMV unattended vehicle,Carlington
13262,STEWART ST @ WALLER ST,368371.7291,5032042.6,-75.68762,45.42543,2017-11-05,12:18:00 PM,02 - Rain,02 - Wet,02 - Stop sign,02 - Intersection related,01 - Daylight,03 - P.D. only,03 - Rear end,Sandy Hill
13263,STEWART ST @ WALLER ST,368372.6293,5032041.086,-75.6876,45.42541,2017-03-08,5:21:00 PM,01 - Clear,01 - Dry,02 - Stop sign,02 - Intersection related,05 - Dusk,03 - P.D. only,05 - Turning movement,Sandy Hill
13264,STEWART ST btwn AUGUSTA ST & COBOURG ST,369195.328,5032548.339,-75.67703,45.4299,2017-11-21,4:50:00 PM,01 - Clear,01 - Dry,10 - No control,01 - Non intersection,05 - Dusk,03 - P.D. only,04 - Sideswipe,Sandy Hill
13265,STEWART ST btwn CUMBERLAND ST & KING EDWARD AVE,368516.2624,5032133.21,-75.68576,45.42623,2017-02-16,8:51:00 AM,03 - Snow,05 - Packed snow,10 - No control,01 - Non intersection,01 - Daylight,03 - P.D. only,06 - SMV unattended vehicle,Sandy Hill
13266,STILL WATER DR btwn HARROGATE PL & ERSKINE PL,357373.0791,5023095.843,-75.82911,45.34584,2017-06-20,3:00:00 PM,01 - Clear,01 - Dry,10 - No control,04 - At/near private drive,01 - Daylight,03 - P.D. only,06 - SMV unattended vehicle,Crystal Bay - Lakeview Park - Britannia Village
13267,STIRLING AVE @ WELLINGTON ST,365394.3521,5029471.308,-75.72598,45.40256,2017-02-16,12:00:00 AM,01 - Clear,02 - Wet,10 - No control,02 - Intersection related,00 - Unknown,03 - P.D. only,06 - SMV unattended vehicle,Civi
13268,STIRLING AVE btwn ARMSTRONG ST & WELLINGTON ST W,365368.5936,5029528.476,-75.7263,45.40307,2017-12-20,2:19:00 PM,01 - Clear,04 - Slush,10 - No control,01 - Non intersection,01 - Daylight,03 - P.D. only,06 - SMV unattended vehicle,Hintonburg
13269,STIRLING AVE btwn LADOUCEUR ST & ARMSTRONG ST,365312.1875,5029658.905,-75.727,45.40425,2017-02-06,4:10:00 PM,03 - Snow,05 - Packed snow,10 - No control,01 - Non intersection,01 - Daylight,03 - P.D. only,06 - SMV unattended vehicle,Hintonburg
13270,STITTSVILLE MAIN ST @ HAZELDEAN RD,349557.4514,5014878.954,-75.92958,45.27244,2017-10-18,5:10:00 PM,01 - Clear,01 - Dry,01 - Traffic signal,02 - Intersection related,01 - Daylight,02 - Non-fatal injury,03 - Rear end,Stittsville
13271,STITTSVILLE MAIN ST @ HAZELDEAN RD,349558.8715,5014878.954,-75.92956,45.27244,2017-10-20,9:48:00 PM,01 - Clear,01 - Dry,01 - Traffic signal,02 - Intersection related,07 - Dark,03 - P.D. only,03 - Rear end,Stittsville
13272,STITTSVILLE MAIN ST @ HAZELDEAN RD,349558.876,5014878.478,-75.92956,45.27244,2017-10-25,5:39:00 PM,01 - Clear,01 - Dry,01 - Traffic signal,02 - Intersection related,01 - Daylight,03 - P.D. only,03 - Rear end,Stittsville
13273,STITTSVILLE MAIN ST @ HAZELDEAN RD,349557.4514,5014879.427,-75.92958,45.27245,2017-11-03,6:28:00 PM,02 - Rain,02 - Wet,01 - Traffic signal,03 - At intersection,07 - Dark,03 - P.D. only,03 - Rear end,Stittsville
13274,STITTSVILLE MAIN ST @ HAZELDEAN RD,349559.8318,5014877.522,-75.92955,45.27243,2017-11-08,2:41:00 PM,01 - Clear,01 - Dry,01 - Traffic signal,03 - At intersection,01 - Daylight,03 - P.D. only,05 - Turning movement,Stittsville
13275,STITTSVILLE MAIN ST @ HAZELDEAN RD,349558.7326,5014878.717,-75.92957,45.27244,2017-12-04,1:33:00 PM,01 - Clear,01 - Dry,01 - Traffic signal,03 - At intersection,01 - Daylight,03 - P.D. only,02 - Angle,Stittsville
13276,STITTSVILLE MAIN ST @ HAZELDEAN RD,349558.7326,5014879.386,-75.92957,45.27245,2017-11-24,4:27:00 PM,01 - Clear,01 - Dry,01 - Traffic signal,03 - At intersection,05 - Dusk,03 - P.D. only,05 - Turning movement,Stittsville
13277,STITTSVILLE MAIN ST @ HAZELDEAN RD,349559.5364,5014878.591,-75.92956,45.27244,2017-01-04,2:48:00 PM,03 - Snow,06 - Ice,01 - Traffic signal,02 - Intersection related,01 - Daylight,03 - P.D. only,03 - Rear end,Stittsville
13278,STITTSVILLE MAIN ST @ HAZELDEAN RD,349559.8182,5014878.954,-75.92955,45.27244,2017-04-20,10:45:00 AM,01 - Clear,01 - Dry,01 - Traffic signal,02 - Intersection related,01 - Daylight,03 - P.D. only,03 - Rear end,Stittsville
13279,STITTSVILLE MAIN ST @ HOBIN ST/WILDPINE CRT,349664.6081,5014032.985,-75.92829,45.26482,2017-08-10,10:26:00 AM,01 - Clear,01 - Dry,01 - Traffic signal,02 - Intersection related,01 - Daylight,03 - P.D. only,03 - Rear end,Stittsville
13280,STITTSVILLE MAIN ST @ HOBIN ST/WILDPINE CRT,349664.1566,5014034.671,-75.9283,45.26484,2017-01-13,6:02:00 PM,01 - Clear,05 - Packed snow,01 - Traffic signal,02 - Intersection related,07 - Dark,02 - Non-fatal injury,03 - Rear end,Stittsville
13281,STITTSVILLE MAIN ST @ MULKINS ST S/WINTERGREEN,350005.1072,5013640.707,-75.92399,45.26127,2017-07-05,9:18:00 AM,01 - Clear,01 - Dry,01 - Traffic signal,03 - At intersection,01 - Daylight,03 - P.D. only,02 - Angle,Stittsville
13282,STITTSVILLE MAIN ST @ MULKINS ST S/WINTERGREEN,350005.4517,5013641.53,-75.92399,45.26128,2017-07-21,7:57:00 PM,01 - Clear,01 - Dry,01 - Traffic signal,02 - Intersection related,01 - Daylight,03 - P.D. only,03 - Rear end,Stittsville
13283,STITTSVILLE MAIN ST @ ORVILLE ST,350312.395,5013247.563,-75.92011,45.25771,2017-08-30,8:30:00 PM,01 - Clear,01 - Dry,02 - Stop sign,03 - At intersection,07 - Dark,02 - Non-fatal injury,03 - Rear end,Stittsville
13284,STITTSVILLE MAIN ST btwn CARP RD & NEIL AVE,349513.0804,5014429.869,-75.93019,45.2684,2017-07-11,8:24:00 AM,01 - Clear,01 - Dry,10 - No control,01 - Non intersection,01 - Daylight,02 - Non-fatal injury,03 - Rear end,Stittsville
13285,STITTSVILLE MAIN ST btwn DAPHNE CRES & CARLETON CATHCART ST,350573.0454,5012955.989,-75.91682,45.25507,2017-05-29,1:35:00 PM,02 - Rain,02 - Wet,10 - No control,04 - At/near private drive,01 - Daylight,03 - P.D. only,02 - Angle,Stittsville
13286,STITTSVILLE MAIN ST btwn DAPHNE CRES & CARLETON CATHCART ST,350502.8113,5013031.574,-75.91771,45.25576,2017-04-18,8:11:00 AM,01 - Clear,01 - Dry,10 - No control,04 - At/near private drive,01 - Daylight,03 - P.D. only,05 - Turning movement,Stittsville
13287,STITTSVILLE MAIN ST btwn HOBIN ST & BEVERLY ST,349715.3106,5013973.542,-75.92765,45.26429,2017-07-10,3:36:00 PM,01 - Clear,01 - Dry,10 - No control,01 - Non intersection,01 - Daylight,03 - P.D. only,03 - Rear end,Stittsville
13288,STITTSVILLE MAIN ST btwn HOBIN ST & BEVERLY ST,349794.2918,5013882.033,-75.92665,45.26346,2017-09-13,3:55:00 PM,01 - Clear,01 - Dry,10 - No control,01 - Non intersection,01 - Daylight,02 - Non-fatal injury,03 - Rear end,Stittsville
13289,STITTSVILLE MAIN ST btwn HOBIN ST & BEVERLY ST,349698.9126,5013993.952,-75.92786,45.26447,2017-09-22,3:49:00 PM,01 - Clear,01 - Dry,10 - No control,01 - Non intersection,01 - Daylight,03 - P.D. only,03 - Rear end,Stittsville
13290,STITTSVILLE MAIN ST btwn MANCHESTER ST & ABBOTT ST W,350246.9121,5013343.457,-75.92094,45.25858,2017-06-04,1:33:00 PM,02 - Rain,02 - Wet,10 - No control,01 - Non intersection,01 - Daylight,03 - P.D. only,03 - Rear end,Crossing Bridge
13291,STITTSVILLE MAIN ST btwn NEIL AVE & HAZELDEAN RD,349581.8512,5014809.513,-75.92928,45.27182,2017-10-28,1:00:00 AM,01 - Clear,01 - Dry,10 - No control,01 - Non intersection,07 - Dark,03 - P.D. only,07 - SMV other,Stittsville
13292,STITTSVILLE MAIN ST btwn ORVILLE ST & ELM CRES,350382.0006,5013170.108,-75.91923,45.25701,2017-05-31,1:26:00 PM,01 - Clear,01 - Dry,10 - No control,01 - Non intersection,01 - Daylight,03 - P.D. only,07 - SMV other,Stittsville
13293,STITTSVILLE MAIN ST/HUNTLEY RD @ FLEWELLYN RD,351417.3044,5010739.746,-75.90627,45.23508,2017-09-21,10:30:00 AM,01 - Clear,01 - Dry,02 - Stop sign,03 - At intersection,01 - Daylight,03 - P.D. only,02 - Angle,Healey's Heath
13294,STITTSVILLE MAIN ST/HUNTLEY RD @ FLEWELLYN RD,351422.4922,5010734.528,-75.9062,45.23503,2017-11-16,6:06:00 PM,02 - Rain,02 - Wet,02 - Stop sign,02 - Intersection related,07 - Dark,03 - P.D. only,02 - Angle,Stittsville - Basswood
13295,STONEBOAT CRES btwn LUMBERMAN WAY & LUMBERMAN WAY,380436.4704,5037441.405,-75.53263,45.4728,2017-01-24,4:00:00 PM,03 - Snow,03 - Loose snow,10 - No control,01 - Non intersection,05 - Dusk,03 - P.D. only,06 - SMV unattended vehicle,Industrial Park
13296,STONECREST RD btwn DUNHAVEN DR & THOMAS A. DOLAN PKWY,339101.7868,5028702.042,-76.06187,45.39742,2017-12-15,7:27:00 AM,01 - Clear,06 - Ice,10 - No control,01 - Non intersection,03 - Dawn,03 - P.D. only,07 - SMV other,Car
13297,STONEHAM PLACE btwn BEVINGTON WALK & FAIRLAKES WAY,384945.4629,5034310.416,-75.47548,45.44413,2017-05-04,12:00:00 AM,01 - Clear,01 - Dry,10 - No control,01 - Non intersection,00 - Unknown,03 - P.D. only,06 - SMV unattended vehicle,Avalon
13298,STONEHAVEN DR @ HARNESS LANE/BLUEMEADOW WAY,354572.4443,5016743.017,-75.86549,45.28888,2017-05-23,3:08:00 PM,01 - Clear,01 - Dry,01 - Traffic signal,02 - Intersection related,01 - Daylight,03 - P.D. only,03 - Rear end,Bridlewood - Emerald Meadows
13299,STONEHAVEN DR @ HARNESS LANE/BLUEMEADOW WAY,354573.4341,5016744.979,-75.86547,45.2889,2017-03-08,3:41:00 PM,01 - Clear,02 - Wet,01 - Traffic signal,02 - Intersection related,01 - Daylight,02 - Non-fatal injury,04 - Sideswipe,Bridlewood - Emerald Meadows
13300,STONEHAVEN DR @ SAWYER WAY/SUMMITVIEW DR,356561.7586,5015861.746,-75.84022,45.28081,2017-06-06,3:49:00 PM,02 - Rain,02 - Wet,02 - Stop sign,02 - Intersection related,01 - Daylight,03 - P.D. only,07 - SMV other,Bridlewood - Emerald Meadows
13301,STONEHAVEN DR @ SAWYER WAY/SUMMITVIEW DR,356561.1884,5015861.29,-75.84023,45.2808,2017-12-07,4:52:00 PM,01 - Clear,01 - Dry,02 - Stop sign,03 - At intersection,07 - Dark,02 - Non-fatal injury,07 - SMV other,Bridlewood - Emerald Meadows
13302,STONEHAVEN DR @ STONEMEADOW DR,355949.918,5016618.912,-75.84794,45.28766,2017-09-14,4:07:00 PM,01 - Clear,01 - Dry,02 - Stop sign,02 - Intersection related,01 - Daylight,02 - Non-fatal injury,03 - Rear end,Bridlewood - Emerald Meadows
13303,STONEHAVEN DR @ STONEMEADOW DR,355950.3959,5016619.151,-75.84793,45.28767,2017-01-25,3:25:00 PM,01 - Clear,02 - Wet,02 - Stop sign,02 - Intersection related,01 - Daylight,02 - Non-fatal injury,03 - Rear end,Bridlewood - Emerald Meadows
13304,STONEHAVEN DR btwn BRIDGESTONE DR & FURLONG CRES,355125.9015,5016984.013,-75.85841,45.29101,2017-10-12,10:16:00 AM,01 - Clear,01 - Dry,10 - No control,01 - Non intersection,01 - Daylight,03 - P.D. only,07 - SMV other,Bridlewood - Emerald Meadows
13305,STONEHAVEN DR btwn EAGLESON RD & BLUEMEADOW WAY,354402.958,5016632.598,-75.86766,45.2879,2017-12-28,1:43:00 PM,01 - Clear,06 - Ice,10 - No control,04 - At/near private drive,01 - Daylight,03 - P.D. only,03 - Rear end,Bridlewood - Emerald Meadows
13306,STONEHAVEN DR btwn GRASSY PLAINS DR & SUMMITVIEW DR,356210.6345,5015958.005,-75.84468,45.2817,2017-10-12,7:28:00 AM,01 - Clear,01 - Dry,10 - No control,04 - At/near private drive,01 - Daylight,03 - P.D. only,03 - Rear end,Bridlewood - Emerald Meadows
13307,STONEHAVEN DR btwn RICHMOND RD & SAWYER WAY/SUMMITVIEW DR,356732.4556,5015865.796,-75.83804,45.28083,2017-07-21,7:15:00 AM,01 - Clear,01 - Dry,10 - No control,04 - At/near private drive,01 - Daylight,03 - P.D. only,02 - Angle,Bridlewood - Emerald Meadows
13308,STONEHAVEN DR btwn RICHMOND RD & SAWYER WAY/SUMMITVIEW DR,356765.7101,5015881.41,-75.83762,45.28097,2017-09-13,10:49:00 AM,01 - Clear,01 - Dry,10 - No control,04 - At/near private drive,01 - Daylight,03 - P.D. only,02 - Angle,Bridlewood - Emerald Meadows
13309,STONEHAVEN DR btwn RICHMOND RD & SAWYER WAY/SUMMITVIEW DR,356744.3783,5015871.688,-75.83789,45.28088,2017-01-16,6:45:00 AM,01 - Clear,01 - Dry,10 - No control,04 - At/near private drive,07 - Dark,03 - P.D. only,02 - Angle,Bridlewood - Emerald Meadows
13310,STONEHAVEN DR btwn RICHMOND RD & SAWYER WAY/SUMMITVIEW DR,356661.8658,5015863.504,-75.83894,45.28081,2017-01-13,6:40:00 PM,01 - Clear,01 - Dry,10 - No control,01 - Non intersection,07 - Dark,03 - P.D. only,04 - Sideswipe,Bridlewood - Emerald Meadows
13311,STONEHAVEN DR btwn RICHMOND RD & SAWYER WAY/SUMMITVIEW DR,356752.5441,5015873.377,-75.83779,45.2809,2017-04-04,12:29:00 PM,02 - Rain,02 - Wet,10 - No control,04 - At/near private drive,01 - Daylight,03 - P.D. only,02 - Angle,Bridlewood - Emerald Meadows
13312,STONEHAVEN DR btwn RICHMOND RD & SAWYER WAY/SUMMITVIEW DR,356736.4871,5015868.28,-75.83799,45.28085,2017-03-28,12:11:00 PM,01 - Clear,02 - Wet,10 - No control,04 - At/near private drive,01 - Daylight,03 - P.D. only,02 - Angle,Bridlewood - Emerald Meadows
13313,STONEHENGE CRES btwn SAXONY CRES & SAXONY CRES,375059.7288,5031361.311,-75.60226,45.41866,2017-11-25,5:00:00 PM,01 - Clear,01 - Dry,10 - No control,01 - Non intersection,07 - Dark,03 - P.D. only,06 - SMV unattended vehicle,Pineview
13314,STONEHENGE CRES btwn SAXONY CRES & SAXONY CRES,375060.1509,5031362.403,-75.60225,45.41867,2017-02-05,9:19:00 AM,03 - Snow,03 - Loose snow,10 - No control,01 - Non intersection,01 - Daylight,03 - P.D. only,01 - Approaching,Pineview
13315,STONEHENGE CRES btwn WHITTAKER CRES & WHITTAKER CRES,375404.1589,5031530.09,-75.59783,45.42014,2017-02-25,2:20:00 PM,02 - Rain,02 - Wet,10 - No control,01 - Non intersection,01 - Daylight,02 - Non-fatal injury,01 - Approaching,Pineview
13316,STONEHENGE CRES btwn WHITTAKER CRES & WHITTAKER CRES,375386.8306,5031483.339,-75.59806,45.41972,2017-12-19,9:45:00 AM,03 - Snow,04 - Slush,10 - No control,01 - Non intersection,01 - Daylight,03 - P.D. only,06 - SMV unattended vehicle,Pineview
13317,STONEPATH CRES btwn WEST RIDGE DR & WEST RIDGE DR,348792.1483,5013527.991,-75.93946,45.26033,2017-09-21,4:12:00 PM,01 - Clear,01 - Dry,10 - No control,01 - Non intersection,01 - Daylight,03 - P.D. only,06 - SMV unattended vehicle,Crossing Bridge
13318,STONEWAY DR btwn FOREST GATE WAY & MOUNTAIN ASH DR,366176.186,5016856.05,-75.71756,45.28898,2017-05-15,2:54:00 PM,01 - Clear,01 - Dry,10 - No control,01 - Non intersection,01 - Daylight,03 - P.D. only,05 - Turning movement,Greenbelt
13319,STRANDHERD @ KENNEVALE DR,361491.5256,5014098.88,-75.77759,45.26456,2017-05-01,10:33:00 PM,01 - Clear,01 - Dry,01 - Traffic signal,02 - Intersection related,07 - Dark,03 - P.D. only,99 - Other,Munster Hamlet - Richmond
13320,STRANDHERD @ KENNEVALE DR,361490.8567,5014098.88,-75.7776,45.26456,2017-05-27,5:52:00 PM,01 - Clear,01 - Dry,01 - Traffic signal,02 - Intersection related,01 - Daylight,03 - P.D. only,03 - Rear end,Munster Hamlet - Richmond
13321,STRANDHERD @ KENNEVALE DR,361492.1945,5014100.218,-75.77758,45.26458,2017-04-27,8:50:00 AM,01 - Clear,01 - Dry,01 - Traffic signal,02 - Intersection related,01 - Daylight,03 - P.D. only,03 - Rear end,Munster Hamlet - Richmond
13322,STRANDHERD @ KENNEVALE DR,361490.1878,5014100.887,-75.7776,45.26458,2017-06-08,5:15:00 PM,01 - Clear,01 - Dry,01 - Traffic signal,03 - At intersection,01 - Daylight,03 - P.D. only,05 - Turning movement,Munster Hamlet - Richmond
13323,STRANDHERD @ KENNEVALE DR,361492.1945,5014098.211,-75.77758,45.26456,2017-05-02,4:00:00 PM,01 - Clear,01 - Dry,01 - Traffic signal,02 - Intersection related,01 - Daylight,03 - P.D. only,03 - Rear end,Munster Hamlet - Richmond
13324,STRANDHERD @ KENNEVALE DR,361491.6649,5014102.466,-75.77759,45.2646,2017-06-19,6:53:00 AM,01 - Clear,01 - Dry,01 - Traffic signal,03 - At intersection,01 - Daylight,03 - P.D. only,05 - Turning movement,Munster Hamlet - Richmond
13325,STRANDHERD @ KENNEVALE DR,361491.9682,5014099.38,-75.77758,45.26457,2017-10-07,4:48:00 PM,01 - Clear,01 - Dry,01 - Traffic signal,03 - At intersection,01 - Daylight,03 - P.D. only,05 - Turning movement,Munster Hamlet - Richmond
13326,STRANDHERD @ KENNEVALE DR,361493.5322,5014098.88,-75.77756,45.26456,2017-10-28,6:35:00 PM,02 - Rain,02 - Wet,01 - Traffic signal,03 - At intersection,07 - Dark,03 - P.D. only,02 - Angle,Munster Hamlet - Richmond
13327,STRANDHERD @ KENNEVALE DR,361490.3591,5014099.174,-75.7776,45.26457,2017-01-28,3:55:00 PM,01 - Clear,02 - Wet,01 - Traffic signal,02 - Intersection related,01 - Daylight,03 - P.D. only,03 - Rear end,Munster Hamlet - Richmond
13328,STRANDHERD @ KENNEVALE DR,361491.3136,5014101.188,-75.77759,45.26458,2017-01-30,8:30:00 AM,01 - Clear,06 - Ice,01 - Traffic signal,02 - Intersection related,01 - Daylight,03 - P.D. only,03 - Rear end,Munster Hamlet - Richmond
13329,STRANDHERD BRIDGE (VIMY MEMORIAL BRIDGE) btwn PRINCE OF WALES DR & RIVER RD,367237.7,5014802.235,-75.70428,45.27041,2017-07-04,6:20:00 AM,01 - Clear,01 - Dry,10 - No control,07 - Overpass or bridge,01 - Daylight,03 - P.D. only,04 - Sideswipe,Nepean
13330,STRANDHERD BRIDGE (VIMY MEMORIAL BRIDGE) btwn PRINCE OF WALES DR & RIVER RD,367272.058,5014790.149,-75.70385,45.27029,2017-08-31,7:14:00 PM,01 - Clear,01 - Dry,10 - No control,01 - Non intersection,01 - Daylight,02 - Non-fatal injury,03 - Rear end,Nepean