Record,Location,X,Y,Longitude,Latitude,Date,Time,Environment,Road_Surface,Traffic_Control,Collision_Location,Light,Collision_Classification,Impact_type,Neighborhood
13331,STRANDHERD BRIDGE (VIMY MEMORIAL BRIDGE) btwn PRINCE OF WALES DR & RIVER RD,367373.868,5014754.34,-75.70255,45.26996,2017-11-19,10:15:00 AM,03 - Snow,05 - Packed snow,10 - No control,07 - Overpass or bridge,01 - Daylight,02 - Non-fatal injury,07 - SMV other,Nepean
13332,STRANDHERD DR @ 210 W OF WOODROFFE AVE,365926.0153,5015320.806,-75.72093,45.27519,2017-05-18,12:14:00 PM,01 - Clear,01 - Dry,01 - Traffic signal,02 - Intersection related,01 - Daylight,03 - P.D. only,03 - Rear end,New Barrhaven
13333,STRANDHERD DR @ 210 W OF WOODROFFE AVE,365924.6776,5015321.475,-75.72095,45.27519,2017-11-14,11:29:00 AM,01 - Clear,01 - Dry,01 - Traffic signal,02 - Intersection related,01 - Daylight,03 - P.D. only,03 - Rear end,New Barrhaven
13334,STRANDHERD DR @ 215 W OF GREENBANK RD/BARRHAVE,363743.4468,5014680.279,-75.74882,45.26961,2017-09-30,12:21:00 PM,01 - Clear,01 - Dry,01 - Traffic signal,02 - Intersection related,01 - Daylight,03 - P.D. only,05 - Turning movement,New Barrhaven
13335,STRANDHERD DR @ 215 W OF GREENBANK RD/BARRHAVE,363745.5279,5014681.361,-75.7488,45.26962,2017-03-14,4:45:00 PM,03 - Snow,03 - Loose snow,01 - Traffic signal,02 - Intersection related,01 - Daylight,03 - P.D. only,07 - SMV other,New Barrhaven
13336,STRANDHERD DR @ CEDARVIEW RD/TARTAN DR,362289.4118,5013546.898,-75.76748,45.25953,2017-06-12,1:03:00 PM,01 - Clear,01 - Dry,01 - Traffic signal,02 - Intersection related,01 - Daylight,03 - P.D. only,03 - Rear end,New Barrhaven
13337,STRANDHERD DR @ CEDARVIEW RD/TARTAN DR,362290.7009,5013545.764,-75.76747,45.25952,2017-12-08,1:22:00 AM,01 - Clear,01 - Dry,01 - Traffic signal,03 - At intersection,07 - Dark,03 - P.D. only,02 - Angle,New Barrhaven
13338,STRANDHERD DR @ CEDARVIEW RD/TARTAN DR,362292.0248,5013545.089,-75.76745,45.25952,2017-11-25,2:07:00 PM,02 - Rain,02 - Wet,01 - Traffic signal,02 - Intersection related,01 - Daylight,03 - P.D. only,03 - Rear end,New Barrhaven
13339,STRANDHERD DR @ CLARIDGE DR,364949.019,5015381.805,-75.73338,45.27582,2017-12-11,5:50:00 PM,01 - Clear,01 - Dry,01 - Traffic signal,03 - At intersection,07 - Dark,03 - P.D. only,05 - Turning movement,New Barrhaven
13340,STRANDHERD DR @ CLARIDGE DR,364949.0128,5015381.697,-75.73338,45.27582,2017-11-30,2:48:00 PM,02 - Rain,02 - Wet,01 - Traffic signal,02 - Intersection related,01 - Daylight,02 - Non-fatal injury,02 - Angle,New Barrhaven
13341,STRANDHERD DR @ CLARIDGE DR,364949.019,5015380.823,-75.73338,45.27581,2017-01-31,6:12:00 PM,01 - Clear,01 - Dry,01 - Traffic signal,03 - At intersection,07 - Dark,03 - P.D. only,05 - Turning movement,New Barrhaven
13342,STRANDHERD DR @ CLARIDGE DR,364949.019,5015382.812,-75.73338,45.27583,2017-01-02,4:50:00 PM,01 - Clear,02 - Wet,01 - Traffic signal,02 - Intersection related,05 - Dusk,03 - P.D. only,03 - Rear end,New Barrhaven
13343,STRANDHERD DR @ CLARIDGE DR,364949.019,5015379.911,-75.73338,45.2758,2017-12-18,12:51:00 PM,03 - Snow,04 - Slush,01 - Traffic signal,03 - At intersection,01 - Daylight,02 - Non-fatal injury,05 - Turning movement,New Barrhaven
13344,STRANDHERD DR @ LONGFIELDS DR,364548.4761,5015172.656,-75.73851,45.27397,2017-06-01,4:45:00 PM,01 - Clear,01 - Dry,01 - Traffic signal,03 - At intersection,01 - Daylight,03 - P.D. only,03 - Rear end,New Barrhaven
13345,STRANDHERD DR @ LONGFIELDS DR,364547.8975,5015174.509,-75.73851,45.27399,2017-06-26,8:10:00 PM,01 - Clear,01 - Dry,01 - Traffic signal,03 - At intersection,01 - Daylight,02 - Non-fatal injury,02 - Angle,New Barrhaven
13346,STRANDHERD DR @ LONGFIELDS DR,364548.3371,5015172.615,-75.73851,45.27397,2017-08-31,12:39:00 AM,01 - Clear,01 - Dry,01 - Traffic signal,02 - Intersection related,07 - Dark,03 - P.D. only,07 - SMV other,New Barrhaven
13347,STRANDHERD DR @ LONGFIELDS DR,364549.0325,5015173.547,-75.7385,45.27398,2017-08-24,9:21:00 PM,01 - Clear,01 - Dry,01 - Traffic signal,02 - Intersection related,07 - Dark,03 - P.D. only,03 - Rear end,New Barrhaven
13348,STRANDHERD DR @ LONGFIELDS DR,364549.2839,5015173.561,-75.7385,45.27398,2017-08-11,11:55:00 AM,01 - Clear,01 - Dry,01 - Traffic signal,02 - Intersection related,01 - Daylight,02 - Non-fatal injury,03 - Rear end,New Barrhaven
13349,STRANDHERD DR @ LONGFIELDS DR,364549.357,5015172.778,-75.7385,45.27397,2017-10-14,7:56:00 PM,01 - Clear,01 - Dry,01 - Traffic signal,02 - Intersection related,07 - Dark,03 - P.D. only,03 - Rear end,New Barrhaven
13350,STRANDHERD DR @ LONGFIELDS DR,364548.4761,5015173.325,-75.73851,45.27398,2017-11-20,6:06:00 PM,01 - Clear,01 - Dry,01 - Traffic signal,02 - Intersection related,07 - Dark,03 - P.D. only,03 - Rear end,New Barrhaven
13351,STRANDHERD DR @ LONGFIELDS DR,364549.7573,5015173.561,-75.73849,45.27398,2017-12-15,12:57:00 PM,03 - Snow,06 - Ice,01 - Traffic signal,03 - At intersection,01 - Daylight,03 - P.D. only,03 - Rear end,New Barrhaven
13352,STRANDHERD DR @ LONGFIELDS DR,364549.145,5015173.325,-75.7385,45.27398,2017-11-17,4:17:00 PM,01 - Clear,01 - Dry,01 - Traffic signal,02 - Intersection related,01 - Daylight,03 - P.D. only,03 - Rear end,New Barrhaven
13353,STRANDHERD DR @ LONGFIELDS DR,364550.3114,5015173.7,-75.73848,45.27398,2017-02-10,9:10:00 AM,01 - Clear,01 - Dry,01 - Traffic signal,02 - Intersection related,01 - Daylight,02 - Non-fatal injury,03 - Rear end,New Barrhaven
13354,STRANDHERD DR @ LONGFIELDS DR,364548.8105,5015172.232,-75.7385,45.27397,2017-01-30,4:37:00 PM,01 - Clear,01 - Dry,01 - Traffic signal,02 - Intersection related,05 - Dusk,03 - P.D. only,03 - Rear end,New Barrhaven
13355,STRANDHERD DR @ LONGFIELDS DR,364547.8975,5015174.509,-75.73851,45.27399,2017-02-21,9:27:00 PM,02 - Rain,02 - Wet,01 - Traffic signal,02 - Intersection related,07 - Dark,03 - P.D. only,04 - Sideswipe,New Barrhaven
13356,STRANDHERD DR @ MADRID AVE,363045.3611,5014097.609,-75.75779,45.26442,2017-02-05,4:00:00 PM,03 - Snow,03 - Loose snow,,02 - Intersection related,01 - Daylight,03 - P.D. only,03 - Rear end,New Barrhaven
13357,STRANDHERD DR @ TARTAN DR,362490.3247,5013842.134,-75.76489,45.26217,2017-08-12,7:16:00 PM,02 - Rain,02 - Wet,02 - Stop sign,02 - Intersection related,05 - Dusk,03 - P.D. only,03 - Rear end,New Barrhaven
13358,STRANDHERD DR @ TARTAN DR,362490.9596,5013843.097,-75.76488,45.26218,2017-07-21,9:22:00 AM,01 - Clear,01 - Dry,02 - Stop sign,03 - At intersection,01 - Daylight,02 - Non-fatal injury,05 - Turning movement,New Barrhaven
13359,STRANDHERD DR @ TARTAN DR,362488.5908,5013843.416,-75.76491,45.26218,2017-01-21,3:01:00 PM,01 - Clear,02 - Wet,02 - Stop sign,02 - Intersection related,01 - Daylight,03 - P.D. only,03 - Rear end,New Barrhaven
13360,STRANDHERD DR @ WOODROFFE AVE,366107.1573,5015396.487,-75.71862,45.27585,2017-04-29,8:00:00 PM,01 - Clear,01 - Dry,01 - Traffic signal,02 - Intersection related,07 - Dark,03 - P.D. only,03 - Rear end,Chapman Mills - Rideau Crest - Davidson Heights
13361,STRANDHERD DR @ WOODROFFE AVE,366105.8196,5015395.149,-75.71863,45.27584,2017-06-09,5:10:00 PM,01 - Clear,01 - Dry,01 - Traffic signal,03 - At intersection,01 - Daylight,03 - P.D. only,05 - Turning movement,New Barrhaven
13362,STRANDHERD DR @ WOODROFFE AVE,366106.154,5015394.508,-75.71863,45.27583,2017-08-15,1:30:00 PM,01 - Clear,01 - Dry,01 - Traffic signal,02 - Intersection related,01 - Daylight,03 - P.D. only,03 - Rear end,New Barrhaven
13363,STRANDHERD DR @ WOODROFFE AVE,366105.2073,5015395.386,-75.71864,45.27584,2017-09-29,5:20:00 PM,01 - Clear,01 - Dry,01 - Traffic signal,02 - Intersection related,01 - Daylight,03 - P.D. only,04 - Sideswipe,New Barrhaven
13364,STRANDHERD DR @ WOODROFFE AVE,366105.6113,5015394.335,-75.71864,45.27583,2017-10-19,1:49:00 PM,01 - Clear,01 - Dry,01 - Traffic signal,02 - Intersection related,01 - Daylight,03 - P.D. only,03 - Rear end,New Barrhaven
13365,STRANDHERD DR @ WOODROFFE AVE,366106.154,5015393.521,-75.71863,45.27583,2017-09-22,1:25:00 PM,01 - Clear,01 - Dry,01 - Traffic signal,02 - Intersection related,01 - Daylight,02 - Non-fatal injury,03 - Rear end,New Barrhaven
13366,STRANDHERD DR @ WOODROFFE AVE,366106.6319,5015394.91,-75.71862,45.27584,2017-12-15,8:32:00 AM,01 - Clear,03 - Loose snow,01 - Traffic signal,03 - At intersection,01 - Daylight,03 - P.D. only,05 - Turning movement,Chapman Mills - Rideau Crest - Davidson Heights
13367,STRANDHERD DR @ WOODROFFE AVE,366107.1098,5015395.866,-75.71862,45.27585,2017-11-04,11:01:00 AM,01 - Clear,01 - Dry,01 - Traffic signal,03 - At intersection,01 - Daylight,03 - P.D. only,03 - Rear end,Chapman Mills - Rideau Crest - Davidson Heights
13368,STRANDHERD DR @ WOODROFFE AVE,366106.154,5015394.291,-75.71863,45.27583,2017-01-03,8:43:00 PM,04 - Freezing Rain,04 - Slush,01 - Traffic signal,02 - Intersection related,07 - Dark,03 - P.D. only,07 - SMV other,New Barrhaven
13369,STRANDHERD DR @ WOODROFFE AVE,366106.9045,5015393.273,-75.71862,45.27582,2017-02-24,2:35:00 PM,01 - Clear,01 - Dry,01 - Traffic signal,02 - Intersection related,01 - Daylight,03 - P.D. only,03 - Rear end,Chapman Mills - Rideau Crest - Davidson Heights
13370,STRANDHERD DR btwn 215 W OF GREENBANK RD/BARRHAVEN MALL SC & GREENBANK,363833.78,5014727.018,-75.74767,45.27002,2017-05-25,5:45:00 PM,02 - Rain,02 - Wet,10 - No control,01 - Non intersection,01 - Daylight,03 - P.D. only,99 - Other,New Barrhaven
13371,STRANDHERD DR btwn ANDORA AVE & JOCKVALE RD,363533.3902,5014561.115,-75.75152,45.26855,2017-06-29,2:11:00 PM,02 - Rain,02 - Wet,10 - No control,01 - Non intersection,01 - Daylight,02 - Non-fatal injury,07 - SMV other,Barrhaven West - Old Barrhaven
13372,STRANDHERD DR btwn ANDORA AVE & JOCKVALE RD,363461.0454,5014518.095,-75.75244,45.26817,2017-03-24,9:07:00 AM,03 - Snow,04 - Slush,10 - No control,01 - Non intersection,01 - Daylight,03 - P.D. only,07 - SMV other,Barrhaven West - Old Barrhaven
13373,STRANDHERD DR btwn ANDORA AVE & JOCKVALE RD,363429.0588,5014499.223,-75.75285,45.26801,2017-12-19,7:54:00 AM,03 - Snow,05 - Packed snow,10 - No control,01 - Non intersection,01 - Daylight,03 - P.D. only,04 - Sideswipe,New Barrhaven
13374,STRANDHERD DR btwn CEDARVIEW RD & MADRID AVE,363029.5164,5014079.506,-75.75799,45.26426,2017-12-31,1:23:00 PM,01 - Clear,02 - Wet,10 - No control,01 - Non intersection,01 - Daylight,02 - Non-fatal injury,03 - Rear end,New Barrhaven
13375,STRANDHERD DR btwn CEDARVIEW RD & MCKENNA CASEY DR,362171.882,5013550.704,-75.76898,45.25958,2017-12-22,4:50:00 PM,01 - Clear,01 - Dry,10 - No control,04 - At/near private drive,05 - Dusk,03 - P.D. only,04 - Sideswipe,Munster Hamlet - Richmond
13376,STRANDHERD DR btwn CLARIDGE DR & BEATRICE DR,365154.1472,5015408.018,-75.73076,45.27604,2017-06-30,1:36:00 AM,02 - Rain,02 - Wet,10 - No control,01 - Non intersection,07 - Dark,02 - Non-fatal injury,07 - SMV other,New Barrhaven
13377,STRANDHERD DR btwn CLARIDGE DR & BEATRICE DR,365159.1656,5015409.28,-75.7307,45.27605,2017-11-14,5:00:00 PM,01 - Clear,01 - Dry,10 - No control,01 - Non intersection,05 - Dusk,02 - Non-fatal injury,03 - Rear end,New Barrhaven
13378,STRANDHERD DR btwn Continuation of STRANDHERD DR & MCKENNA CASEY DR,361798.9773,5013678.248,-75.77372,45.26075,2017-05-21,12:34:00 PM,01 - Clear,01 - Dry,10 - No control,01 - Non intersection,01 - Daylight,03 - P.D. only,03 - Rear end,Munster Hamlet - Richmond
13379,STRANDHERD DR btwn FALLOWFIELD RD & MARAVISTA DR,361164.8317,5014772.589,-75.78167,45.27065,2017-06-11,1:45:00 PM,01 - Clear,01 - Dry,10 - No control,04 - At/near private drive,01 - Daylight,02 - Non-fatal injury,03 - Rear end,Munster Hamlet - Richmond
13380,STRANDHERD DR btwn FALLOWFIELD RD & MARAVISTA DR,361223.8519,5014698.662,-75.78093,45.26998,2017-01-24,8:58:00 AM,01 - Clear,01 - Dry,10 - No control,04 - At/near private drive,01 - Daylight,03 - P.D. only,05 - Turning movement,Munster Hamlet - Richmond
13381,STRANDHERD DR btwn GREENBANK RD & Continuation of STRANDHERD DR,363999.6442,5014824.934,-75.74554,45.27089,2017-05-31,7:11:00 PM,01 - Clear,02 - Wet,10 - No control,01 - Non intersection,01 - Daylight,03 - P.D. only,04 - Sideswipe,New Barrhaven
13382,STRANDHERD DR btwn GREENBANK RD & Continuation of STRANDHERD DR,363977.8311,5014810.504,-75.74582,45.27076,2017-03-25,5:00:00 PM,01 - Clear,02 - Wet,10 - No control,01 - Non intersection,01 - Daylight,02 - Non-fatal injury,03 - Rear end,New Barrhaven
13383,STRANDHERD DR btwn JOCKVALE RD & 215 W OF GREENBANK RD/BARRHAVEN MALL,363586.9019,5014592.553,-75.75083,45.26883,2017-06-01,9:25:00 AM,01 - Clear,01 - Dry,10 - No control,01 - Non intersection,01 - Daylight,03 - P.D. only,99 - Other,Barrhaven West - Old Barrhaven
13384,STRANDHERD DR btwn JOCKVALE RD & 215 W OF GREENBANK RD/BARRHAVEN MALL,363582.0555,5014590.351,-75.75089,45.26881,2017-08-12,8:30:00 AM,02 - Rain,02 - Wet,10 - No control,01 - Non intersection,01 - Daylight,02 - Non-fatal injury,07 - SMV other,Barrhaven West - Old Barrhaven
13385,STRANDHERD DR btwn KENNEVALE DR & Continuation of STRANDHERD DR,361581.8266,5013918.278,-75.77646,45.26293,2017-11-17,5:20:00 PM,01 - Clear,01 - Dry,10 - No control,01 - Non intersection,07 - Dark,03 - P.D. only,03 - Rear end,Munster Hamlet - Richmond
13386,STRANDHERD DR btwn KENNEVALE DR & Continuation of STRANDHERD DR,361523.0831,5014036.92,-75.77719,45.264,2017-03-02,8:33:00 AM,03 - Snow,03 - Loose snow,10 - No control,01 - Non intersection,01 - Daylight,02 - Non-fatal injury,03 - Rear end,Munster Hamlet - Richmond
13387,STRANDHERD DR btwn LONGFIELDS DR & CLARIDGE DR,364635.1493,5015225.237,-75.7374,45.27444,2017-10-13,5:37:00 PM,01 - Clear,01 - Dry,10 - No control,01 - Non intersection,01 - Daylight,03 - P.D. only,04 - Sideswipe,New Barrhaven
13388,STRANDHERD DR btwn LONGFIELDS DR & CLARIDGE DR,364855.829,5015348.598,-75.73457,45.27553,2017-12-08,5:27:00 PM,01 - Clear,01 - Dry,10 - No control,01 - Non intersection,07 - Dark,03 - P.D. only,03 - Rear end,New Barrhaven
13389,STRANDHERD DR btwn LONGFIELDS DR & CLARIDGE DR,364577.9075,5015192.723,-75.73813,45.27415,2017-04-15,7:11:00 PM,02 - Rain,02 - Wet,10 - No control,01 - Non intersection,05 - Dusk,03 - P.D. only,07 - SMV other,New Barrhaven
13390,STRANDHERD DR btwn MARAVISTA DR & KENNEVALE DR,361468.7204,5014145.323,-75.77787,45.26498,2017-08-18,9:50:00 AM,02 - Rain,02 - Wet,10 - No control,01 - Non intersection,01 - Daylight,03 - P.D. only,07 - SMV other,Munster Hamlet - Richmond
13391,STRANDHERD DR btwn MARAVISTA DR & KENNEVALE DR,361293.4548,5014574.256,-75.78006,45.26886,2017-09-28,6:07:00 PM,01 - Clear,01 - Dry,10 - No control,01 - Non intersection,01 - Daylight,03 - P.D. only,03 - Rear end,Munster Hamlet - Richmond
13392,STRANDHERD DR btwn WOODROFFE AVE & 210 W OF WOODROFFE AVE,366023.4778,5015358.351,-75.71969,45.27552,2017-10-31,4:37:00 PM,01 - Clear,01 - Dry,10 - No control,01 - Non intersection,01 - Daylight,03 - P.D. only,03 - Rear end,New Barrhaven
13393,STRATHCONA AVE btwn BANK ST & O'CONNOR ST,368223.1847,5030079.101,-75.68977,45.40778,2017-11-12,11:40:00 AM,01 - Clear,01 - Dry,10 - No control,04 - At/near private drive,01 - Daylight,03 - P.D. only,02 - Angle,The Glebe
13394,SUE HOLLOWAY DR btwn BAYROSE DR & GLENROY GILBERT DR,364608.291,5014701.111,-75.7378,45.26972,2017-05-19,12:00:00 AM,01 - Clear,01 - Dry,10 - No control,01 - Non intersection,00 - Unknown,03 - P.D. only,06 - SMV unattended vehicle,New Barrhaven
13395,SULLIVAN AVE @ VIEWMOUNT DR,364026.1254,5022604.286,-75.74428,45.34089,2017-08-20,1:14:00 PM,01 - Clear,01 - Dry,02 - Stop sign,03 - At intersection,01 - Daylight,02 - Non-fatal injury,07 - SMV other,Crestview - Meadowlands
13396,SULLIVAN AVE @ VIEWMOUNT DR,364026.6407,5022604.266,-75.74427,45.34089,2017-09-23,2:45:00 PM,01 - Clear,01 - Dry,02 - Stop sign,02 - Intersection related,01 - Daylight,03 - P.D. only,99 - Other,Crestview - Meadowlands
13397,SULLIVAN AVE btwn WHITEHILL AVE & PARKER AVE,363671.7471,5022455.066,-75.74882,45.33957,2017-12-26,7:10:00 PM,01 - Clear,02 - Wet,10 - No control,01 - Non intersection,07 - Dark,03 - P.D. only,06 - SMV unattended vehicle,Tanglewood
13398,SUMMERGAZE ST @ SUMMITVIEW DR,356660.0884,5015504.158,-75.839,45.27758,2017-11-13,2:21:00 AM,01 - Clear,01 - Dry,02 - Stop sign,02 - Intersection related,07 - Dark,03 - P.D. only,06 - SMV unattended vehicle,Bridlewood - Emerald Meadows
13399,SUMMERGAZE ST btwn FOXLIGHT CIR & SOLARIS DR/CONIFER CREEK CIR,356744.56,5015553.628,-75.83792,45.27802,2017-12-30,8:25:00 PM,01 - Clear,03 - Loose snow,10 - No control,01 - Non intersection,07 - Dark,03 - P.D. only,06 - SMV unattended vehicle,Bridlewood - Emerald Meadows
13400,SUMMERGAZE ST btwn SHIMMERTON CIR & SUMMITVIEW DR,356625.2557,5015483.907,-75.83945,45.2774,2017-01-27,7:00:00 PM,01 - Clear,03 - Loose snow,10 - No control,01 - Non intersection,07 - Dark,03 - P.D. only,06 - SMV unattended vehicle,Bridlewood - Emerald Meadows
13401,SUMMERHILL ST btwn DAVE SMITH CRES & SOUTHBRIDGE ST,367732.8916,5014290.89,-75.69804,45.26576,2017-04-24,1:53:00 PM,01 - Clear,01 - Dry,10 - No control,01 - Non intersection,01 - Daylight,03 - P.D. only,99 - Other,Greenbelt
13402,SUMMIT AVE btwn TEDDER AVE & PALMER PL,370676.2941,5028276.674,-75.65867,45.39133,2017-10-05,2:30:00 PM,01 - Clear,01 - Dry,10 - No control,04 - At/near private drive,01 - Daylight,03 - P.D. only,06 - SMV unattended vehicle,Alta Vista
13403,SUNBURST ST btwn FAIRWEATHER ST & KINGSWELL ST,375864.225,5021244.296,-75.59343,45.32755,2017-05-26,12:00:00 AM,02 - Rain,02 - Wet,10 - No control,01 - Non intersection,00 - Unknown,03 - P.D. only,06 - SMV unattended vehicle,Greenbelt
13404,SUNNYCREST DR @ TWIN TER,365629.4585,5025582.53,-75.72345,45.36755,2017-03-31,11:57:00 PM,03 - Snow,04 - Slush,03 - Yield sign,02 - Intersection related,07 - Dark,03 - P.D. only,03 - Rear end,Cityview - Skyline - Fisher Heights
13405,SUNNYSIDE AVE @ LEONARD AVE,368358.8949,5028354.302,-75.68826,45.39224,2017-10-15,4:30:00 PM,01 - Clear,01 - Dry,02 - Stop sign,03 - At intersection,01 - Daylight,02 - Non-fatal injury,02 - Angle,Old Ottawa South
13406,SUNNYSIDE AVE btwn BANK ST & WILLARD ST,368776.1854,5028604.076,-75.68289,45.39445,2017-12-06,3:50:00 PM,01 - Clear,01 - Dry,10 - No control,04 - At/near private drive,01 - Daylight,03 - P.D. only,02 - Angle,Old Ottawa South
13407,SUNNYSIDE AVE btwn CARRAWAY PRIV & SENECA ST,368074.2789,5028184.56,-75.69191,45.39074,2017-04-28,11:30:00 AM,01 - Clear,01 - Dry,10 - No control,04 - At/near private drive,01 - Daylight,03 - P.D. only,06 - SMV unattended vehicle,Old Ottawa South
13408,SUNNYSIDE AVE btwn CARRAWAY PRIV & SENECA ST,368216.107,5028268.699,-75.69009,45.39149,2017-02-05,7:37:00 PM,03 - Snow,02 - Wet,10 - No control,01 - Non intersection,07 - Dark,03 - P.D. only,06 - SMV unattended vehicle,Old Ottawa South
13409,SUNSHINE CRES btwn SOLSTICE WAY N & SOLSTICE WAY S,386157.35,5034864.393,-75.4599,45.44897,2017-07-30,10:37:00 PM,01 - Clear,01 - Dry,10 - No control,04 - At/near private drive,07 - Dark,03 - P.D. only,06 - SMV unattended vehicle,Summerside
13410,SUSSEX DR @ 262 N OF KING EDWARD AVE,367769.7133,5033733.93,-75.69509,45.4407,2017-06-01,4:38:00 PM,01 - Clear,01 - Dry,01 - Traffic signal,02 - Intersection related,01 - Daylight,03 - P.D. only,03 - Rear end,Lindenle
13411,SUSSEX DR @ 262 N OF KING EDWARD AVE,367767.5182,5033733.401,-75.69512,45.4407,2017-05-19,4:42:00 PM,01 - Clear,01 - Dry,01 - Traffic signal,02 - Intersection related,01 - Daylight,02 - Non-fatal injury,03 - Rear end,Lindenle
13412,SUSSEX DR @ 262 N OF KING EDWARD AVE,367769.5285,5033733.846,-75.69509,45.4407,2017-08-23,8:07:00 AM,01 - Clear,01 - Dry,01 - Traffic signal,02 - Intersection related,01 - Daylight,02 - Non-fatal injury,07 - SMV other,Lindenle
13413,SUSSEX DR @ JOHN ST,367860.3621,5033945.644,-75.69391,45.4426,2017-09-19,6:21:00 PM,01 - Clear,01 - Dry,02 - Stop sign,02 - Intersection related,01 - Daylight,03 - P.D. only,99 - Other,New Edinburgh
13414,SUSSEX DR @ JOHN ST,367859.7471,5033944.381,-75.69391,45.44259,2017-01-25,9:36:00 AM,01 - Clear,04 - Slush,02 - Stop sign,02 - Intersection related,01 - Daylight,03 - P.D. only,03 - Rear end,New Edinburgh
13415,SUSSEX DR @ YORK ST,367804.8383,5032236.262,-75.69483,45.42722,2017-06-13,9:51:00 PM,01 - Clear,01 - Dry,01 - Traffic signal,03 - At intersection,07 - Dark,02 - Non-fatal injury,05 - Turning movement,Byward Market
13416,SUSSEX DR @ YORK ST,367806.9992,5032236.567,-75.69481,45.42722,2017-07-07,12:17:00 PM,01 - Clear,01 - Dry,01 - Traffic signal,02 - Intersection related,01 - Daylight,03 - P.D. only,03 - Rear end,Byward Market
13417,SUSSEX DR btwn 151 W OF KING EDWARD AVE/L.B. PEARSON BUILDING & RAMP,367625.6441,5033415.622,-75.69697,45.43785,2017-03-26,12:30:00 AM,01 - Clear,01 - Dry,10 - No control,01 - Non intersection,07 - Dark,03 - P.D. only,04 - Sideswipe,Byward Market - Parliament Hill
13418,SUSSEX DR btwn 151 W OF KING EDWARD AVE/L.B. PEARSON BUILDING & RAMP,367627.5887,5033422.752,-75.69695,45.43791,2017-03-24,8:41:00 AM,03 - Snow,06 - Ice,10 - No control,07 - Overpass or bridge,01 - Daylight,03 - P.D. only,07 - SMV other,Byward Market - Parliament Hill
13419,SUSSEX DR btwn ALEXANDER ST & MACKAY ST,367906.6431,5034052.231,-75.6933,45.44355,2017-06-01,10:10:00 AM,01 - Clear,01 - Dry,10 - No control,01 - Non intersection,01 - Daylight,03 - P.D. only,03 - Rear end,New Edinburgh
13420,SUSSEX DR btwn CATHCART ST & BRUYERE ST,367488.3749,5032750.198,-75.69881,45.43187,2017-03-24,9:37:00 AM,03 - Snow,03 - Loose snow,10 - No control,01 - Non intersection,01 - Daylight,02 - Non-fatal injury,03 - Rear end,Byward Market - Parliament Hill
13421,SUSSEX DR btwn GEORGE ST & RIDEAU ST,367904.3159,5032073.814,-75.69358,45.42575,2017-02-27,5:25:00 PM,01 - Clear,01 - Dry,10 - No control,01 - Non intersection,07 - Dark,03 - P.D. only,04 - Sideswipe,Byward Market
13422,SUSSEX DR btwn KING EDWARD AVE & 262 N OF KING EDWARD AVE,367712.3243,5033611.685,-75.69584,45.43961,2017-01-30,4:13:00 PM,01 - Clear,01 - Dry,10 - No control,01 - Non intersection,01 - Daylight,03 - P.D. only,04 - Sideswipe,Bywar
13423,SUSSEX DR btwn LADY GREY DR & 151 W OF KING EDWARD AVE/L.B. PEARSON BU,367554.5996,5033251.811,-75.6979,45.43638,2017-05-30,1:43:00 PM,01 - Clear,01 - Dry,10 - No control,04 - At/near private drive,01 - Daylight,03 - P.D. only,99 - Other,Byward Market - Parliament Hill
13424,SUSSEX DR btwn LADY GREY DR & 151 W OF KING EDWARD AVE/L.B. PEARSON BU,367485.3326,5033087.574,-75.69881,45.43491,2017-11-21,10:07:00 AM,01 - Clear,02 - Wet,10 - No control,04 - At/near private drive,01 - Daylight,03 - P.D. only,05 - Turning movement,Lower Town
13425,SUSSEX DR btwn MACKAY ST & PRINCESS AVE,367935.3146,5034118.804,-75.69293,45.44415,2017-04-17,6:10:00 PM,01 - Clear,01 - Dry,10 - No control,04 - At/near private drive,01 - Daylight,03 - P.D. only,07 - SMV other,New Edinburgh
13426,SUSSEX DR btwn ST. ANDREW ST & GUIGUES AVE,367597.6327,5032566.048,-75.69744,45.43021,2017-03-20,4:28:00 PM,01 - Clear,01 - Dry,10 - No control,01 - Non intersection,01 - Daylight,03 - P.D. only,04 - Sideswipe,Byward Market - Parliament Hill
13427,SUSSEX DR btwn ST. PATRICK ST & MURRAY ST,367686.0068,5032429.457,-75.69633,45.42897,2017-07-17,8:39:00 AM,01 - Clear,01 - Dry,10 - No control,01 - Non intersection,01 - Daylight,03 - P.D. only,03 - Rear end,Byward Market
13428,SUSSEX DR/PRINCESS AVE @ RIDEAU GATE,367957.0334,5034164.272,-75.69264,45.44456,2017-09-30,1:51:00 PM,01 - Clear,01 - Dry,11 - Roundabout,02 - Intersection related,01 - Daylight,03 - P.D. only,04 - Sideswipe,New Edinburgh
13429,SUSSEX DR/PRINCESS AVE @ RIDEAU GATE,367956.0003,5034163.609,-75.69266,45.44455,2017-01-19,5:12:00 AM,01 - Clear,02 - Wet,11 - Roundabout,03 - At intersection,07 - Dark,03 - P.D. only,07 - SMV other,New Edinburgh
13430,SUSSEX DR/PRINCESS AVE @ RIDEAU GATE,367956.6989,5034163.603,-75.69265,45.44455,2017-03-19,4:20:00 PM,01 - Clear,01 - Dry,11 - Roundabout,03 - At intersection,01 - Daylight,03 - P.D. only,03 - Rear end,New Edinburgh
13431,SUSSEX DR/PRINCESS AVE @ RIDEAU GATE,367956.405,5034163.384,-75.69265,45.44455,2017-09-30,1:07:00 AM,01 - Clear,02 - Wet,11 - Roundabout,02 - Intersection related,07 - Dark,03 - P.D. only,07 - SMV other,New Edinburgh