Record,Location,X,Y,Longitude,Latitude,Date,Time,Environment,Road_Surface,Traffic_Control,Collision_Location,Light,Collision_Classification,Impact_type,Neighborhood
13432,SWALE RD btwn DEVEREAUX RD & SPRINGHILL RD,381632.7821,5004580.788,-75.52243,45.17701,2017-06-21,12:35:00 PM,01 - Clear,01 - Dry,10 - No control,01 - Non intersection,01 - Daylight,03 - P.D. only,07 - SMV other,Kars - Osgoode
13433,SWALE RD btwn DEVEREAUX RD & SPRINGHILL RD,381246.0883,5005601.187,-75.52719,45.18624,2017-06-05,8:40:00 PM,01 - Clear,01 - Dry,10 - No control,01 - Non intersection,05 - Dusk,03 - P.D. only,07 - SMV other,Metcalfe
13434,SWALE RD btwn DEVEREAUX RD & SPRINGHILL RD,381239.2566,5005629,-75.52728,45.18649,2017-06-05,8:40:00 PM,01 - Clear,01 - Dry,10 - No control,01 - Non intersection,05 - Dusk,03 - P.D. only,07 - SMV other,Metcalfe
13435,SWANSEA CRES btwn LEGACY RD & STEVENAGE DR,374740.3955,5027350.592,-75.60691,45.3826,2017-09-27,9:47:00 AM,01 - Clear,01 - Dry,10 - No control,01 - Non intersection,01 - Daylight,03 - P.D. only,06 - SMV unattended vehicle,Industrial Park
13436,SWEETLAND AVE btwn LAURIER AVE E & OSGOODE ST,368982.2887,5032131.165,-75.6798,45.42617,2017-11-30,12:00:00 AM,01 - Clear,02 - Wet,10 - No control,01 - Non intersection,00 - Unknown,03 - P.D. only,06 - SMV unattended vehicle,Sandy Hill
13437,SWEETLAND AVE btwn SOMERSET ST E & TEMPLETON ST,369202.8737,5031764.926,-75.67703,45.42285,2017-01-10,9:32:00 AM,01 - Clear,02 - Wet,10 - No control,01 - Non intersection,01 - Daylight,03 - P.D. only,06 - SMV unattended vehicle,Sandy Hill
13438,SWEETNAM DR btwn HAZELDEAN RD & ORCHARD DR,350525.619,5015593.623,-75.91718,45.27881,2017-03-24,6:26:00 PM,03 - Snow,04 - Slush,10 - No control,01 - Non intersection,07 - Dark,03 - P.D. only,07 - SMV other,Stittsville
13439,SWEETNAM DR btwn ORCHARD DR & HARRY DOUGLAS DR,350576.0601,5015491.671,-75.91655,45.27789,2017-09-03,2:39:00 PM,02 - Rain,02 - Wet,10 - No control,01 - Non intersection,01 - Daylight,03 - P.D. only,07 - SMV other,Stittsville
13440,SWITZER AVE btwn KIRKWOOD AVE & END,364198.4014,5027570.435,-75.74148,45.38556,2017-09-11,4:59:00 PM,01 - Clear,01 - Dry,10 - No control,01 - Non intersection,01 - Daylight,03 - P.D. only,06 - SMV unattended vehicle,Westboro
13441,TALLTREE CRES btwn ABBOTT ST E & ABBOTT ST E,351672.1204,5014771.117,-75.90264,45.27133,2017-07-09,12:00:00 AM,02 - Rain,02 - Wet,10 - No control,01 - Non intersection,00 - Unknown,03 - P.D. only,06 - SMV unattended vehicle,Stittsville
13442,TALLTREE CRES btwn ABBOTT ST E & ABBOTT ST E,351704.2292,5014731.599,-75.90224,45.27098,2017-04-19,12:00:00 AM,02 - Rain,02 - Wet,10 - No control,01 - Non intersection,00 - Unknown,03 - P.D. only,06 - SMV unattended vehicle,Stittsville
13443,TALLWOOD DR @ AVENSHIRE GT/MERIDIAN PL,362814.9835,5022617.246,-75.75973,45.3411,2017-12-22,2:49:00 PM,01 - Clear,01 - Dry,02 - Stop sign,02 - Intersection related,01 - Daylight,03 - P.D. only,02 - Angle,Centrepointe
13444,TAMBLYN CRES btwn DRESSLER DR & DRESSLER DR,352456.8986,5018257.631,-75.89231,45.30265,2017-03-04,10:41:00 PM,01 - Clear,01 - Dry,10 - No control,01 - Non intersection,07 - Dark,03 - P.D. only,07 - SMV other,Katimavik - Hazeldean
13445,TANDALEE CRES @ STONEHAVEN DR,356137.557,5016110.029,-75.8456,45.28307,2017-11-09,11:32:00 PM,01 - Clear,06 - Ice,02 - Stop sign,03 - At intersection,07 - Dark,02 - Non-fatal injury,05 - Turning movement,Bridlewood - Emerald Meadows
13446,TANDALEE CRES btwn Continuation of TANDALEE CRES & Continuation of TAN,355948.5062,5016015.59,-75.84802,45.28223,2017-02-20,6:30:00 PM,01 - Clear,05 - Packed snow,10 - No control,04 - At/near private drive,07 - Dark,03 - P.D. only,06 - SMV unattended vehicle,Bridlewood - Emerald Meadows
13447,TARA DR @ MAITLAND AVE,363496.7828,5025388.624,-75.7507,45.36598,2017-10-12,3:26:00 PM,01 - Clear,01 - Dry,02 - Stop sign,02 - Intersection related,01 - Daylight,03 - P.D. only,02 - Angle,Braemar Park - Bel Air Heights - Copeland Park
13448,TARA DR @ MAITLAND AVE,363496.1678,5025386.814,-75.75071,45.36597,2017-12-28,2:28:00 PM,01 - Clear,01 - Dry,02 - Stop sign,02 - Intersection related,01 - Daylight,03 - P.D. only,03 - Rear end,Braemar Park - Bel Air Heights - Copeland Park
13449,TARTAN DR btwn ATOLL ST & ALFA ST,362609.3559,5014089.815,-75.76335,45.26439,2017-11-29,12:00:00 AM,01 - Clear,01 - Dry,10 - No control,01 - Non intersection,00 - Unknown,03 - P.D. only,06 - SMV unattended vehicle,Barrhaven West - Old Barrhaven
13450,TARTAN DR btwn HOULAHAN ST & HARTHILL WAY,362424.1117,5013809.283,-75.76574,45.26188,2017-10-29,11:45:00 AM,02 - Rain,02 - Wet,10 - No control,01 - Non intersection,01 - Daylight,03 - P.D. only,04 - Sideswipe,New Barrhaven
13451,TARTAN DR btwn RUETER ST & HALLEY ST,362789.3613,5014350.543,-75.76102,45.26672,2017-06-18,11:30:00 PM,01 - Clear,01 - Dry,10 - No control,01 - Non intersection,07 - Dark,03 - P.D. only,01 - Approaching,Barrhaven West - Old Barrhaven
13452,TARTAN DR btwn RUETER ST & HALLEY ST,362955.3387,5014370.78,-75.7589,45.26689,2017-01-04,12:00:00 AM,04 - Freezing Rain,06 - Ice,10 - No control,01 - Non intersection,00 - Unknown,03 - P.D. only,06 - SMV unattended vehicle,Barrhaven West - Old Barrhaven
13453,TAUVETTE ST btwn SOUTHPARK DR & END,377069.5403,5033162.472,-75.57632,45.43466,2017-10-13,9:30:00 PM,01 - Clear,01 - Dry,10 - No control,04 - At/near private drive,07 - Dark,03 - P.D. only,07 - SMV other,Blackburn Hamlet
13454,TED GRANT PRIV btwn HORSDAL PRIV & HORSDAL PRIV,374024.5023,5025860.731,-75.61626,45.36927,2017-10-27,12:00:00 AM,02 - Rain,02 - Wet,10 - No control,01 - Non intersection,07 - Dark,03 - P.D. only,06 - SMV unattended vehicle,Hunt Club
13455,TEENA COLLEEN PRIV btwn VISTA BARRETT PRIV & SUN VISTA PRIV,375705.953,5014422.475,-75.59643,45.26619,2017-10-31,3:08:00 AM,01 - Clear,01 - Dry,10 - No control,01 - Non intersection,07 - Dark,03 - P.D. only,06 - SMV unattended vehicle,Greely
13456,TEMAGAMI DR @ HAILEYBURY ST,365588.038,5014457.63,-75.72535,45.26745,2017-04-27,7:45:00 AM,01 - Clear,01 - Dry,02 - Stop sign,03 - At intersection,01 - Daylight,03 - P.D. only,02 - Angle,New Barrhaven
13457,TEMPLETON ST btwn BLACKBURN AVE & GOULBURN AVE,369570.1377,5031814.138,-75.67233,45.42326,2017-01-25,8:30:00 AM,01 - Clear,04 - Slush,10 - No control,01 - Non intersection,01 - Daylight,03 - P.D. only,06 - SMV unattended vehicle,Sandy Hill
13458,TEMPLETON ST btwn GOULBURN AVE & MARLBOROUGH AVE,369613.6144,5031840.922,-75.67177,45.4235,2017-06-24,12:00:00 AM,01 - Clear,01 - Dry,10 - No control,01 - Non intersection,00 - Unknown,03 - P.D. only,06 - SMV unattended vehicle,Sandy Hill
13459,TEMPLETON ST btwn NELSON ST & SWEETLAND AVE,369270.7141,5031630.71,-75.67618,45.42164,2017-09-19,9:15:00 AM,01 - Clear,01 - Dry,10 - No control,04 - At/near private drive,01 - Daylight,03 - P.D. only,04 - Sideswipe,Sandy Hill
13460,TENTH LINE RD @ CHARLEMAGNE BLVD N/TOMPKINS AV,383184.4033,5037978.592,-75.49741,45.47733,2017-08-25,2:49:00 PM,01 - Clear,01 - Dry,01 - Traffic signal,02 - Intersection related,01 - Daylight,02 - Non-fatal injury,03 - Rear end,Queenswood Heights
13461,TENTH LINE RD @ CHARLEMAGNE BLVD N/TOMPKINS AV,383183.483,5037977.658,-75.49742,45.47732,2017-08-31,11:26:00 AM,01 - Clear,01 - Dry,01 - Traffic signal,02 - Intersection related,01 - Daylight,03 - P.D. only,04 - Sideswipe,Queenswood Heights
13462,TENTH LINE RD @ CHARLEMAGNE BLVD N/TOMPKINS AV,383184.5704,5037977.827,-75.4974,45.47733,2017-07-24,5:40:00 PM,02 - Rain,02 - Wet,01 - Traffic signal,02 - Intersection related,01 - Daylight,03 - P.D. only,03 - Rear end,Queenswood Heights
13463,TENTH LINE RD @ CHARLEMAGNE BLVD N/TOMPKINS AV,383184.2644,5037978.551,-75.49741,45.47733,2017-10-27,5:58:00 PM,01 - Clear,01 - Dry,01 - Traffic signal,03 - At intersection,07 - Dark,03 - P.D. only,05 - Turning movement,Queenswood Heights
13464,TENTH LINE RD @ CHARLEMAGNE BLVD N/TOMPKINS AV,383183.5955,5037977.213,-75.49742,45.47732,2017-10-16,7:44:00 AM,01 - Clear,01 - Dry,01 - Traffic signal,02 - Intersection related,01 - Daylight,03 - P.D. only,03 - Rear end,Queenswood Heights
13465,TENTH LINE RD @ CHARLEMAGNE BLVD N/TOMPKINS AV,383183.9299,5037976.243,-75.49741,45.47731,2017-10-02,2:39:00 PM,01 - Clear,01 - Dry,01 - Traffic signal,03 - At intersection,01 - Daylight,03 - P.D. only,05 - Turning movement,Queenswood Heights
13466,TENTH LINE RD @ CHARLEMAGNE BLVD N/TOMPKINS AV,383182.577,5037977.656,-75.49743,45.47732,2017-12-06,7:24:00 PM,01 - Clear,01 - Dry,01 - Traffic signal,03 - At intersection,07 - Dark,03 - P.D. only,05 - Turning movement,Queenswood Heights
13467,TENTH LINE RD @ CHARLEMAGNE BLVD N/TOMPKINS AV,383184.4078,5037978.121,-75.49741,45.47733,2017-12-08,5:35:00 PM,01 - Clear,01 - Dry,01 - Traffic signal,02 - Intersection related,07 - Dark,03 - P.D. only,03 - Rear end,Queenswood Heights
13468,TENTH LINE RD @ CHARLEMAGNE BLVD N/TOMPKINS AV,383184.2644,5037979.22,-75.49741,45.47734,2017-11-02,10:54:00 AM,02 - Rain,02 - Wet,01 - Traffic signal,03 - At intersection,01 - Daylight,02 - Non-fatal injury,05 - Turning movement,Queenswood Heights
13469,TENTH LINE RD @ CHARLEMAGNE BLVD N/TOMPKINS AV,383183.5955,5037977.882,-75.49742,45.47733,2017-11-07,12:30:00 PM,01 - Clear,01 - Dry,01 - Traffic signal,02 - Intersection related,01 - Daylight,03 - P.D. only,03 - Rear end,Queenswood Heights
13470,TENTH LINE RD @ CHARLEMAGNE BLVD N/TOMPKINS AV,383183.3891,5037979.115,-75.49742,45.47734,2017-02-12,1:49:00 PM,03 - Snow,05 - Packed snow,01 - Traffic signal,02 - Intersection related,01 - Daylight,03 - P.D. only,03 - Rear end,Queenswood Heights
13471,TENTH LINE RD @ CHARLEMAGNE BLVD N/TOMPKINS AV,383184.9332,5037979.889,-75.4974,45.47734,2017-03-03,12:18:00 PM,01 - Clear,01 - Dry,01 - Traffic signal,02 - Intersection related,01 - Daylight,03 - P.D. only,04 - Sideswipe,Queenswood Heights
13472,TENTH LINE RD @ CHARLEMAGNE BLVD N/TOMPKINS AV,383182.9266,5037978.551,-75.49742,45.47733,2017-03-01,7:15:00 PM,02 - Rain,02 - Wet,01 - Traffic signal,03 - At intersection,07 - Dark,02 - Non-fatal injury,07 - SMV other,Queenswood Heights
13473,TENTH LINE RD @ CHARLEMAGNE BLVD N/TOMPKINS AV,383184.3809,5037978.107,-75.49741,45.47733,2017-12-28,5:16:00 PM,05 - Drifting Snow,03 - Loose snow,01 - Traffic signal,02 - Intersection related,07 - Dark,03 - P.D. only,03 - Rear end,Queenswood Heights
13474,TENTH LINE RD @ CHARLEMAGNE BLVD N/TOMPKINS AV,383183.9299,5037978.599,-75.49741,45.47733,2017-12-22,8:00:00 AM,01 - Clear,01 - Dry,01 - Traffic signal,02 - Intersection related,01 - Daylight,03 - P.D. only,03 - Rear end,Queenswood Heights
13475,TENTH LINE RD @ CHARLEMAGNE BLVD S/DES EPINETT,383640.9751,5036900.456,-75.49174,45.46758,2017-04-25,7:55:00 PM,01 - Clear,02 - Wet,01 - Traffic signal,03 - At intersection,05 - Dusk,02 - Non-fatal injury,04 - Sideswipe,Orl¨¦ans
13476,TENTH LINE RD @ CHARLEMAGNE BLVD S/DES EPINETT,383640.9751,5036900.456,-75.49174,45.46758,2017-05-21,2:28:00 PM,01 - Clear,01 - Dry,01 - Traffic signal,02 - Intersection related,01 - Daylight,03 - P.D. only,03 - Rear end,Orl¨¦ans
13477,TENTH LINE RD @ CHARLEMAGNE BLVD S/DES EPINETT,383640.9751,5036900.456,-75.49174,45.46758,2017-05-16,4:30:00 PM,01 - Clear,01 - Dry,01 - Traffic signal,02 - Intersection related,01 - Daylight,03 - P.D. only,03 - Rear end,Orl¨¦ans
13478,TENTH LINE RD @ CHARLEMAGNE BLVD S/DES EPINETT,383640.9751,5036900.456,-75.49174,45.46758,2017-05-05,8:18:00 PM,02 - Rain,02 - Wet,01 - Traffic signal,03 - At intersection,05 - Dusk,02 - Non-fatal injury,05 - Turning movement,Orl¨¦ans
13479,TENTH LINE RD @ CHARLEMAGNE BLVD S/DES EPINETT,383640.9751,5036900.456,-75.49174,45.46758,2017-05-01,8:30:00 AM,02 - Rain,02 - Wet,01 - Traffic signal,02 - Intersection related,01 - Daylight,02 - Non-fatal injury,03 - Rear end,Orl¨¦ans
13480,TENTH LINE RD @ CHARLEMAGNE BLVD S/DES EPINETT,383640.9751,5036900.456,-75.49174,45.46758,2017-08-27,1:13:00 AM,01 - Clear,01 - Dry,01 - Traffic signal,03 - At intersection,07 - Dark,03 - P.D. only,05 - Turning movement,Orl¨¦ans
13481,TENTH LINE RD @ CHARLEMAGNE BLVD S/DES EPINETT,383640.9751,5036900.456,-75.49174,45.46758,2017-08-01,10:56:00 PM,01 - Clear,01 - Dry,01 - Traffic signal,02 - Intersection related,07 - Dark,03 - P.D. only,03 - Rear end,Orl¨¦ans
13482,TENTH LINE RD @ CHARLEMAGNE BLVD S/DES EPINETT,383640.9751,5036900.456,-75.49174,45.46758,2017-07-13,8:12:00 AM,01 - Clear,01 - Dry,01 - Traffic signal,02 - Intersection related,01 - Daylight,02 - Non-fatal injury,03 - Rear end,Orl¨¦ans
13483,TENTH LINE RD @ CHARLEMAGNE BLVD S/DES EPINETT,383640.9751,5036900.456,-75.49174,45.46758,2017-07-17,3:48:00 PM,01 - Clear,01 - Dry,01 - Traffic signal,02 - Intersection related,01 - Daylight,03 - P.D. only,03 - Rear end,Orl¨¦ans
13484,TENTH LINE RD @ CHARLEMAGNE BLVD S/DES EPINETT,383640.9751,5036900.456,-75.49174,45.46758,2017-07-02,9:39:00 PM,02 - Rain,02 - Wet,01 - Traffic signal,03 - At intersection,07 - Dark,02 - Non-fatal injury,05 - Turning movement,Orl¨¦ans
13485,TENTH LINE RD @ CHARLEMAGNE BLVD S/DES EPINETT,383640.9751,5036900.456,-75.49174,45.46758,2017-09-29,1:05:00 PM,01 - Clear,01 - Dry,01 - Traffic signal,03 - At intersection,01 - Daylight,02 - Non-fatal injury,05 - Turning movement,Orl¨¦ans
13486,TENTH LINE RD @ CHARLEMAGNE BLVD S/DES EPINETT,383640.9751,5036900.456,-75.49174,45.46758,2017-10-19,4:11:00 PM,01 - Clear,01 - Dry,01 - Traffic signal,03 - At intersection,01 - Daylight,03 - P.D. only,02 - Angle,Orl¨¦ans
13487,TENTH LINE RD @ CHARLEMAGNE BLVD S/DES EPINETT,383640.9751,5036900.456,-75.49174,45.46758,2017-09-22,5:47:00 PM,01 - Clear,01 - Dry,01 - Traffic signal,02 - Intersection related,01 - Daylight,03 - P.D. only,03 - Rear end,Orl¨¦ans
13488,TENTH LINE RD @ CHARLEMAGNE BLVD S/DES EPINETT,383640.9751,5036900.456,-75.49174,45.46758,2017-09-27,6:30:00 PM,01 - Clear,01 - Dry,01 - Traffic signal,03 - At intersection,05 - Dusk,03 - P.D. only,05 - Turning movement,Orl¨¦ans
13489,TENTH LINE RD @ CHARLEMAGNE BLVD S/DES EPINETT,383640.9751,5036900.456,-75.49174,45.46758,2017-11-15,8:25:00 AM,01 - Clear,01 - Dry,01 - Traffic signal,03 - At intersection,01 - Daylight,02 - Non-fatal injury,05 - Turning movement,Orl¨¦ans
13490,TENTH LINE RD @ CHARLEMAGNE BLVD S/DES EPINETT,383640.9751,5036900.456,-75.49174,45.46758,2017-02-15,7:31:00 PM,03 - Snow,03 - Loose snow,01 - Traffic signal,03 - At intersection,07 - Dark,02 - Non-fatal injury,05 - Turning movement,Orl¨¦ans
13491,TENTH LINE RD @ CHARLEMAGNE BLVD S/DES EPINETT,383640.9751,5036900.456,-75.49174,45.46758,2017-02-19,12:05:00 PM,01 - Clear,03 - Loose snow,01 - Traffic signal,02 - Intersection related,01 - Daylight,03 - P.D. only,04 - Sideswipe,Orl¨¦ans
13492,TENTH LINE RD @ CHARLEMAGNE BLVD S/DES EPINETT,383640.9751,5036900.456,-75.49174,45.46758,2017-12-26,12:25:00 PM,01 - Clear,03 - Loose snow,01 - Traffic signal,02 - Intersection related,01 - Daylight,02 - Non-fatal injury,03 - Rear end,Orl¨¦ans
13493,TENTH LINE RD @ LAKEPOINTE DR,384260.7504,5035420.001,-75.48405,45.45419,2017-08-07,9:45:00 AM,01 - Clear,01 - Dry,01 - Traffic signal,03 - At intersection,01 - Daylight,03 - P.D. only,02 - Angle,Avalon
13494,TENTH LINE RD @ LAKEPOINTE DR,384261.9697,5035421.417,-75.48404,45.4542,2017-10-14,9:18:00 AM,02 - Rain,02 - Wet,01 - Traffic signal,02 - Intersection related,01 - Daylight,03 - P.D. only,04 - Sideswipe,Avalon
13495,TENTH LINE RD @ LAKEPOINTE DR,384264.6756,5035420.69,-75.484,45.4542,2017-09-24,3:24:00 PM,01 - Clear,01 - Dry,01 - Traffic signal,03 - At intersection,01 - Daylight,02 - Non-fatal injury,02 - Angle,Avalon
13496,TENTH LINE RD @ LAKEPOINTE DR,384262.4943,5035421.51,-75.48403,45.4542,2017-12-15,10:33:00 AM,01 - Clear,01 - Dry,01 - Traffic signal,03 - At intersection,01 - Daylight,03 - P.D. only,03 - Rear end,Avalon
13497,TENTH LINE RD @ LAKEPOINTE DR,384261.7937,5035420.69,-75.48404,45.4542,2017-11-28,2:11:00 PM,01 - Clear,01 - Dry,01 - Traffic signal,02 - Intersection related,01 - Daylight,03 - P.D. only,03 - Rear end,Avalon
13498,TENTH LINE RD @ OR174 IC101 RAMP26,382762.7962,5038939.723,-75.50264,45.48603,2017-11-14,8:16:00 PM,01 - Clear,01 - Dry,10 - No control,02 - Intersection related,07 - Dark,03 - P.D. only,03 - Rear end,Chatelaine Village
13499,TENTH LINE RD @ OR174 IC101 RAMP61,382703.2199,5039063.183,-75.50339,45.48714,2017-10-09,6:15:00 PM,01 - Clear,01 - Dry,02 - Stop sign,03 - At intersection,05 - Dusk,03 - P.D. only,02 - Angle,Chatelaine Village
13500,TENTH LINE RD @ OR174 IC101 RAMP61,382703.4926,5039061.455,-75.50338,45.48713,2017-02-25,3:28:00 PM,02 - Rain,02 - Wet,02 - Stop sign,02 - Intersection related,01 - Daylight,03 - P.D. only,03 - Rear end,Chatelaine Village
13501,TENTH LINE RD @ TENTH LINE RD,383531.6106,5037155.305,-75.4931,45.46989,2017-05-06,5:37:00 PM,02 - Rain,02 - Wet,01 - Traffic signal,02 - Intersection related,01 - Daylight,02 - Non-fatal injury,03 - Rear end,Orl¨¦ans
13502,TENTH LINE RD @ TENTH LINE RD,383531.7032,5037152.962,-75.4931,45.46987,2017-10-29,4:12:00 PM,02 - Rain,02 - Wet,01 - Traffic signal,02 - Intersection related,01 - Daylight,03 - P.D. only,03 - Rear end,Orl¨¦ans
13503,TENTH LINE RD @ TENTH LINE RD,383530.5477,5037154.664,-75.49311,45.46988,2017-10-01,12:08:00 PM,01 - Clear,01 - Dry,01 - Traffic signal,03 - At intersection,01 - Daylight,03 - P.D. only,05 - Turning movement,Orl¨¦ans
13504,TENTH LINE RD @ VANGUARD DR,384073.0977,5035873.226,-75.48638,45.45829,2017-05-24,11:26:00 AM,01 - Clear,01 - Dry,01 - Traffic signal,03 - At intersection,01 - Daylight,03 - P.D. only,05 - Turning movement,Avalon
13505,TENTH LINE RD @ VANGUARD DR,384073.7665,5035875.901,-75.48637,45.45831,2017-06-15,6:27:00 PM,01 - Clear,01 - Dry,01 - Traffic signal,03 - At intersection,01 - Daylight,03 - P.D. only,02 - Angle,Avalon
13506,TENTH LINE RD @ VANGUARD DR,384071.9448,5035874.131,-75.48639,45.4583,2017-08-15,6:18:00 AM,01 - Clear,01 - Dry,01 - Traffic signal,03 - At intersection,01 - Daylight,03 - P.D. only,05 - Turning movement,Avalon
13507,TENTH LINE RD @ VANGUARD DR,384073.7665,5035873.894,-75.48637,45.4583,2017-07-02,1:50:00 AM,01 - Clear,02 - Wet,01 - Traffic signal,03 - At intersection,07 - Dark,03 - P.D. only,07 - SMV other,Avalon
13508,TENTH LINE RD @ VANGUARD DR,384073.3682,5035874.213,-75.48638,45.4583,2017-11-06,4:00:00 PM,01 - Clear,01 - Dry,01 - Traffic signal,02 - Intersection related,01 - Daylight,02 - Non-fatal injury,03 - Rear end,Avalon
13509,TENTH LINE RD @ VANGUARD DR,384073.1306,5035874.926,-75.48638,45.45831,2017-12-13,3:15:00 PM,01 - Clear,01 - Dry,01 - Traffic signal,03 - At intersection,01 - Daylight,03 - P.D. only,04 - Sideswipe,Avalon
13510,TENTH LINE RD @ VANGUARD DR,384073.0977,5035875.901,-75.48638,45.45831,2017-12-14,7:00:00 PM,01 - Clear,01 - Dry,01 - Traffic signal,02 - Intersection related,07 - Dark,02 - Non-fatal injury,99 - Other,Avalon
13511,TENTH LINE RD @ VANGUARD DR,384073.7665,5035872.557,-75.48637,45.45828,2017-04-18,6:38:00 PM,01 - Clear,01 - Dry,01 - Traffic signal,03 - At intersection,01 - Daylight,02 - Non-fatal injury,05 - Turning movement,Avalon
13512,TENTH LINE RD @ VANGUARD DR,384073.4574,5035874.565,-75.48637,45.4583,2017-12-23,6:22:00 PM,03 - Snow,03 - Loose snow,01 - Traffic signal,03 - At intersection,07 - Dark,03 - P.D. only,05 - Turning movement,Avalon
13513,TENTH LINE RD @ WALL RD,385153.2595,5033308.262,-75.47299,45.43509,2017-11-09,3:55:00 PM,01 - Clear,01 - Dry,02 - Stop sign,02 - Intersection related,01 - Daylight,03 - P.D. only,03 - Rear end,Cumberland
13514,TENTH LINE RD @ WALL RD,385154.4538,5033308.214,-75.47297,45.43509,2017-02-26,9:15:00 AM,01 - Clear,01 - Dry,02 - Stop sign,03 - At intersection,01 - Daylight,03 - P.D. only,99 - Other,Cumberland
13515,TENTH LINE RD btwn 275 N OF DES EPINETTES AVE/FALLINGBROOK SC & DES EP,383536.7727,5037139.755,-75.49303,45.46975,2017-04-30,3:42:00 PM,01 - Clear,02 - Wet,10 - No control,01 - Non intersection,01 - Daylight,02 - Non-fatal injury,03 - Rear end,Orl¨¦ans
13516,TENTH LINE RD btwn 275 N OF DES EPINETTES AVE/FALLINGBROOK SC & DES EP,383628.8522,5036927.703,-75.49189,45.46783,2017-09-20,7:48:00 AM,01 - Clear,01 - Dry,10 - No control,04 - At/near private drive,01 - Daylight,03 - P.D. only,05 - Turning movement,Orl¨¦ans
13517,TENTH LINE RD btwn 275 N OF DES EPINETTES AVE/FALLINGBROOK SC & DES EP,383559.3674,5037087.212,-75.49275,45.46927,2017-01-08,8:08:00 PM,01 - Clear,06 - Ice,10 - No control,01 - Non intersection,07 - Dark,03 - P.D. only,04 - Sideswipe,Orl¨¦ans
13518,TENTH LINE RD btwn 275 N OF DES EPINETTES AVE/FALLINGBROOK SC & DES EP,383579.1938,5037041.831,-75.49251,45.46886,2017-12-26,11:52:00 AM,01 - Clear,01 - Dry,10 - No control,04 - At/near private drive,01 - Daylight,03 - P.D. only,02 - Angle,Orl¨¦ans
13519,TENTH LINE RD btwn 275 N OF DES EPINETTES AVE/FALLINGBROOK SC & DES EP,383592.2177,5037011.935,-75.49234,45.46859,2017-12-29,11:52:00 AM,01 - Clear,02 - Wet,10 - No control,01 - Non intersection,01 - Daylight,02 - Non-fatal injury,03 - Rear end,Orl¨¦ans
13520,TENTH LINE RD btwn AMIENS ST & 275 N OF DES EPINETTES AVE/FALLINGBROOK,383416.1159,5037421.777,-75.49453,45.4723,2017-10-13,2:12:00 PM,01 - Clear,01 - Dry,10 - No control,01 - Non intersection,01 - Daylight,03 - P.D. only,03 - Rear end,Orl¨¦ans
13521,TENTH LINE RD btwn AMIENS ST & 275 N OF DES EPINETTES AVE/FALLINGBROOK,383385.864,5037488.462,-75.49491,45.4729,2017-10-24,7:30:00 PM,01 - Clear,01 - Dry,10 - No control,04 - At/near private drive,07 - Dark,03 - P.D. only,03 - Rear end,Orl¨¦ans
13522,TENTH LINE RD btwn AMIENS ST & 275 N OF DES EPINETTES AVE/FALLINGBROOK,383452.1362,5037335.562,-75.49408,45.47152,2017-11-02,7:30:00 PM,02 - Rain,02 - Wet,10 - No control,01 - Non intersection,07 - Dark,03 - P.D. only,03 - Rear end,Orl¨¦ans
13523,TENTH LINE RD btwn AMIENS ST & 275 N OF DES EPINETTES AVE/FALLINGBROOK,383376.4737,5037508.693,-75.49502,45.47308,2017-12-10,4:30:00 PM,01 - Clear,02 - Wet,10 - No control,01 - Non intersection,05 - Dusk,03 - P.D. only,04 - Sideswipe,Orl¨¦ans
13524,TENTH LINE RD btwn BLACKBURN BYPS & SOUTHFIELD WAY,384538.5021,5034768.122,-75.48061,45.44829,2017-04-24,1:42:00 PM,01 - Clear,01 - Dry,10 - No control,01 - Non intersection,01 - Daylight,03 - P.D. only,03 - Rear end,Avalon
13525,TENTH LINE RD btwn BLACKBURN BYPS & SOUTHFIELD WAY,384535.7214,5034763.357,-75.48065,45.44825,2017-02-09,4:16:00 PM,01 - Clear,01 - Dry,10 - No control,01 - Non intersection,01 - Daylight,03 - P.D. only,01 - Approaching,Avalon
13526,TENTH LINE RD btwn CANOTIA PL & AMIENS ST,383345.0356,5037589.63,-75.49541,45.47381,2017-05-31,7:49:00 AM,01 - Clear,01 - Dry,10 - No control,01 - Non intersection,01 - Daylight,02 - Non-fatal injury,02 - Angle,Orl¨¦ans
13527,TENTH LINE RD btwn DES EPINETTES AVE & INNES RD,383756.6884,5036622.992,-75.4903,45.46507,2017-08-18,10:46:00 AM,01 - Clear,02 - Wet,10 - No control,01 - Non intersection,01 - Daylight,02 - Non-fatal injury,03 - Rear end,Orl¨¦ans
13528,TENTH LINE RD btwn DES EPINETTES AVE & INNES RD,383679.7012,5036808.864,-75.49126,45.46675,2017-07-11,4:05:00 PM,01 - Clear,01 - Dry,10 - No control,04 - At/near private drive,01 - Daylight,02 - Non-fatal injury,05 - Turning movement,Orl¨¦ans
13529,TENTH LINE RD btwn DES EPINETTES AVE & INNES RD,383912.1402,5036251.827,-75.48838,45.46171,2017-09-22,9:19:00 AM,01 - Clear,01 - Dry,10 - No control,01 - Non intersection,01 - Daylight,03 - P.D. only,03 - Rear end,Queenswood Heights
13530,TENTH LINE RD btwn DES EPINETTES AVE & INNES RD,383687.4634,5036795.439,-75.49116,45.46663,2017-11-06,2:58:00 PM,01 - Clear,01 - Dry,10 - No control,01 - Non intersection,01 - Daylight,03 - P.D. only,03 - Rear end,Orl¨¦ans
13531,TENTH LINE RD btwn DES EPINETTES AVE & INNES RD,383920.8829,5036254.961,-75.48826,45.46174,2017-04-01,10:00:00 PM,01 - Clear,01 - Dry,10 - No control,04 - At/near private drive,07 - Dark,03 - P.D. only,04 - Sideswipe,Orl¨¦ans
13532,TENTH LINE RD btwn DES EPINETTES AVE & INNES RD,383892.1153,5036297.786,-75.48862,45.46213,2017-12-28,11:56:00 AM,01 - Clear,01 - Dry,10 - No control,01 - Non intersection,01 - Daylight,03 - P.D. only,03 - Rear end,Queenswood Heights