Record,Location,X,Y,Longitude,Latitude,Date,Time,Environment,Road_Surface,Traffic_Control,Collision_Location,Light,Collision_Classification,Impact_type,Neighborhood
13533,TENTH LINE RD btwn DES EPINETTES AVE & INNES RD,383720.9751,5036709.923,-75.49075,45.46586,2017-12-28,9:02:00 AM,01 - Clear,06 - Ice,10 - No control,04 - At/near private drive,01 - Daylight,02 - Non-fatal injury,03 - Rear end,Orl¨¦ans
13534,TENTH LINE RD btwn DES EPINETTES AVE & INNES RD,383712.4544,5036728.385,-75.49085,45.46602,2017-12-28,8:50:00 AM,01 - Clear,06 - Ice,10 - No control,01 - Non intersection,01 - Daylight,03 - P.D. only,07 - SMV other,Orl¨¦ans
13535,TENTH LINE RD btwn DES EPINETTES AVE & INNES RD,383873.6538,5036344.176,-75.48885,45.46255,2017-12-24,4:10:00 PM,01 - Clear,04 - Slush,10 - No control,01 - Non intersection,05 - Dusk,02 - Non-fatal injury,03 - Rear end,Queenswood Heights
13536,TENTH LINE RD btwn INNES RD & VANGUARD DR,384009.513,5036023.063,-75.48717,45.45965,2017-05-29,3:41:00 PM,01 - Clear,01 - Dry,10 - No control,01 - Non intersection,01 - Daylight,03 - P.D. only,05 - Turning movement,Avalon
13537,TENTH LINE RD btwn INNES RD & VANGUARD DR,384040.9906,5035948.142,-75.48678,45.45897,2017-10-28,9:18:00 PM,02 - Rain,02 - Wet,10 - No control,01 - Non intersection,07 - Dark,03 - P.D. only,07 - SMV other,Avalon
13538,TENTH LINE RD btwn LAKEPOINTE DR & BLACKBURN BYPS,384426.6672,5035026.33,-75.482,45.45063,2017-09-03,2:46:00 PM,02 - Rain,02 - Wet,10 - No control,01 - Non intersection,01 - Daylight,03 - P.D. only,07 - SMV other,Avalon
13539,TENTH LINE RD btwn OLD TENTH LINE RD & TOMPKINS AVE,383110.1047,5038197.108,-75.49832,45.47931,2017-06-25,1:40:00 PM,02 - Rain,02 - Wet,10 - No control,01 - Non intersection,01 - Daylight,03 - P.D. only,03 - Rear end,Queenswood Heights
13540,TENTH LINE RD btwn OLD TENTH LINE RD & TOMPKINS AVE,383180.6875,5037988.889,-75.49745,45.47743,2017-01-06,8:53:00 AM,01 - Clear,06 - Ice,10 - No control,01 - Non intersection,01 - Daylight,02 - Non-fatal injury,03 - Rear end,Queenswood Heights
13541,TENTH LINE RD btwn OLD TENTH LINE RD & TOMPKINS AVE,383168.0829,5038027.062,-75.49761,45.47777,2017-01-21,1:31:00 PM,01 - Clear,02 - Wet,10 - No control,01 - Non intersection,01 - Daylight,03 - P.D. only,03 - Rear end,Queenswood Heights
13542,TENTH LINE RD btwn OLD TENTH LINE RD & TOMPKINS AVE,383140.3401,5038116.179,-75.49795,45.47858,2017-01-10,6:40:00 PM,03 - Snow,03 - Loose snow,10 - No control,01 - Non intersection,07 - Dark,03 - P.D. only,03 - Rear end,Queenswood Heights
13543,TENTH LINE RD btwn OLD TENTH LINE RD & TOMPKINS AVE,383156.6898,5038073.7,-75.49774,45.47819,2017-12-16,1:17:00 PM,01 - Clear,02 - Wet,10 - No control,01 - Non intersection,01 - Daylight,02 - Non-fatal injury,03 - Rear end,Queenswood Heights
13544,TENTH LINE RD btwn OR174 IC101 RAMP36 & OR174 IC101 RAMP61,382653.3866,5039165.362,-75.50401,45.48807,2017-12-29,7:44:00 AM,01 - Clear,06 - Ice,10 - No control,07 - Overpass or bridge,03 - Dawn,02 - Non-fatal injury,03 - Rear end,Chatelaine Village
13545,TENTH LINE RD btwn ST. JOSEPH BLVD & OLD TENTH LINE RD,382912.4579,5038623.145,-75.50078,45.48316,2017-07-11,6:25:00 PM,01 - Clear,01 - Dry,10 - No control,01 - Non intersection,01 - Daylight,03 - P.D. only,03 - Rear end,Queenswood Heights
13546,TENTH LINE RD btwn ST. JOSEPH BLVD & OLD TENTH LINE RD,383018.0001,5038405.883,-75.49947,45.4812,2017-02-22,8:48:00 AM,04 - Freezing Rain,06 - Ice,10 - No control,01 - Non intersection,01 - Daylight,03 - P.D. only,03 - Rear end,Queenswood Heights
13547,TENTH LINE RD btwn ST. JOSEPH BLVD & OLD TENTH LINE RD,382934.2213,5038579.087,-75.50051,45.48276,2017-02-24,8:45:00 PM,02 - Rain,02 - Wet,10 - No control,01 - Non intersection,07 - Dark,03 - P.D. only,03 - Rear end,Queenswood Heights
13548,TENTH LINE RD btwn TOMPKINS AVE & CANOTIA PL,383230.7262,5037840.59,-75.49683,45.47609,2017-05-01,7:20:00 PM,02 - Rain,02 - Wet,10 - No control,01 - Non intersection,01 - Daylight,03 - P.D. only,04 - Sideswipe,Queenswood Heights
13549,TENTH LINE RD btwn TOMPKINS AVE & CANOTIA PL,383190.2844,5037958.484,-75.49733,45.47715,2017-03-15,7:00:00 AM,03 - Snow,03 - Loose snow,10 - No control,01 - Non intersection,03 - Dawn,03 - P.D. only,04 - Sideswipe,Queenswood Heights
13550,TENTH LINE RD btwn TOMPKINS AVE & CANOTIA PL,383255.1813,5037791.862,-75.49653,45.47564,2017-12-28,12:23:00 PM,01 - Clear,06 - Ice,10 - No control,04 - At/near private drive,01 - Daylight,03 - P.D. only,03 - Rear end,Queenswood Heights
13551,TENTH LINE RD btwn WALL RD & NAVAN RD,385638.1956,5032109.817,-75.46699,45.42425,2017-10-28,6:00:00 AM,01 - Clear,01 - Dry,10 - No control,01 - Non intersection,07 - Dark,03 - P.D. only,07 - SMV other,Cumberland
13552,TERMINAL AVE @ TRAINYARDS DR,371846.3373,5030815.925,-75.64339,45.41407,2017-05-31,11:58:00 PM,01 - Clear,01 - Dry,01 - Traffic signal,03 - At intersection,07 - Dark,03 - P.D. only,04 - Sideswipe,Industrial Park
13553,TERMINAL AVE @ TRAINYARDS DR,371845.8074,5030815.688,-75.64339,45.41406,2017-12-27,10:53:00 AM,01 - Clear,01 - Dry,01 - Traffic signal,03 - At intersection,01 - Daylight,03 - P.D. only,02 - Angle,Industrial Park
13554,TERMINAL AVE @ TRAINYARDS DR,371844.7893,5030815.575,-75.64341,45.41406,2017-12-23,2:45:00 PM,03 - Snow,03 - Loose snow,01 - Traffic signal,02 - Intersection related,01 - Daylight,03 - P.D. only,04 - Sideswipe,Industrial Park
13555,TERMINAL AVE btwn SANDFORD FLEMING AVE & STEAMLINE ST,371007.3174,5030850.546,-75.6541,45.41446,2017-12-18,11:55:00 AM,03 - Snow,03 - Loose snow,10 - No control,01 - Non intersection,01 - Daylight,03 - P.D. only,01 - Approaching,Industrial Park
13556,TERON RD @ BEAVERBROOK RD/PENFIELD DR N,351884.5315,5021214.007,-75.89933,45.3293,2017-03-28,8:36:00 AM,02 - Rain,02 - Wet,01 - Traffic signal,03 - At intersection,01 - Daylight,02 - Non-fatal injury,07 - SMV other,Beaverbrook
13557,TERON RD btwn BEAVERBROOK LANE & BEAVERBROOK RD,351777.2014,5021325.069,-75.90068,45.3303,2017-02-14,8:05:00 PM,03 - Snow,05 - Packed snow,10 - No control,04 - At/near private drive,07 - Dark,03 - P.D. only,02 - Angle,Beaverbrook
13558,TERREBONNE DR btwn MARYGROVE CIRC & MAITLAND AVE,363980.0686,5024937.408,-75.74458,45.36188,2017-05-02,11:12:00 AM,01 - Clear,01 - Dry,10 - No control,01 - Non intersection,01 - Daylight,03 - P.D. only,06 - SMV unattended vehicle,Civic Hospital - Experimental Farm - Central Park
13559,TERREBONNE DR btwn MARYGROVE CIRC & MAITLAND AVE,364011.5135,5025059.843,-75.74417,45.36298,2017-09-15,12:00:00 AM,01 - Clear,01 - Dry,10 - No control,01 - Non intersection,00 - Unknown,03 - P.D. only,06 - SMV unattended vehicle,Civic Hospital - Experimental Farm - Central Park
13560,TERRY FOX DR @ 135 S OF HAZELDEAN RD/SOBEY'S S,352292.213,5017139.576,-75.89451,45.29261,2017-10-03,2:36:00 PM,01 - Clear,01 - Dry,01 - Traffic signal,03 - At intersection,01 - Daylight,03 - P.D. only,02 - Angle,Glen Cairn - Kanata South Business Park
13561,TERRY FOX DR @ 135 S OF HAZELDEAN RD/SOBEY'S S,352292.2264,5017139.441,-75.89451,45.2926,2017-01-13,6:00:00 PM,01 - Clear,01 - Dry,01 - Traffic signal,02 - Intersection related,07 - Dark,03 - P.D. only,02 - Angle,Glen Cairn - Kanata South Business Park
13562,TERRY FOX DR @ 135 S OF HAZELDEAN RD/SOBEY'S S,352293.2168,5017140.246,-75.8945,45.29261,2017-04-08,11:23:00 PM,01 - Clear,01 - Dry,01 - Traffic signal,03 - At intersection,07 - Dark,03 - P.D. only,05 - Turning movement,Glen Cairn - Kanata South Business Park
13563,TERRY FOX DR @ EDGEWATER ST/WALTER BAKER PL,351777.9427,5017612.781,-75.90103,45.2969,2017-06-21,6:46:00 PM,01 - Clear,01 - Dry,01 - Traffic signal,02 - Intersection related,01 - Daylight,03 - P.D. only,03 - Rear end,Katimavik - Hazeldean
13564,TERRY FOX DR @ EDGEWATER ST/WALTER BAKER PL,351778.0397,5017613.235,-75.90102,45.2969,2017-08-11,12:20:00 PM,01 - Clear,01 - Dry,01 - Traffic signal,03 - At intersection,01 - Daylight,03 - P.D. only,05 - Turning movement,Katimavik - Hazeldean
13565,TERRY FOX DR @ EDGEWATER ST/WALTER BAKER PL,351781.9252,5017612.687,-75.90098,45.2969,2017-09-09,11:58:00 AM,01 - Clear,01 - Dry,01 - Traffic signal,03 - At intersection,01 - Daylight,02 - Non-fatal injury,05 - Turning movement,Katimavik - Hazeldean
13566,TERRY FOX DR @ EDGEWATER ST/WALTER BAKER PL,351777.1465,5017611.455,-75.90104,45.29689,2017-09-24,1:00:00 PM,01 - Clear,01 - Dry,01 - Traffic signal,03 - At intersection,01 - Daylight,02 - Non-fatal injury,05 - Turning movement,Katimavik - Hazeldean
13567,TERRY FOX DR @ EDGEWATER ST/WALTER BAKER PL,351778.6115,5017614.119,-75.90102,45.29691,2017-11-13,11:38:00 AM,01 - Clear,01 - Dry,01 - Traffic signal,02 - Intersection related,01 - Daylight,03 - P.D. only,03 - Rear end,Katimavik - Hazeldean
13568,TERRY FOX DR @ EDGEWATER ST/WALTER BAKER PL,351777.2738,5017613.45,-75.90103,45.2969,2017-11-15,3:02:00 PM,01 - Clear,01 - Dry,01 - Traffic signal,02 - Intersection related,01 - Daylight,02 - Non-fatal injury,03 - Rear end,Katimavik - Hazeldean
13569,TERRY FOX DR @ EDGEWATER ST/WALTER BAKER PL,351777.0695,5017614.306,-75.90104,45.29691,2017-01-22,1:15:00 PM,01 - Clear,02 - Wet,01 - Traffic signal,02 - Intersection related,01 - Daylight,03 - P.D. only,03 - Rear end,Katimavik - Hazeldean
13570,TERRY FOX DR @ EDGEWATER ST/WALTER BAKER PL,351778.6115,5017612.113,-75.90102,45.29689,2017-04-18,4:15:00 PM,01 - Clear,01 - Dry,01 - Traffic signal,02 - Intersection related,01 - Daylight,03 - P.D. only,03 - Rear end,Katimavik - Hazeldean
13571,TERRY FOX DR @ EDGEWATER ST/WALTER BAKER PL,351776.2178,5017609.991,-75.90105,45.29687,2017-03-02,9:15:00 AM,03 - Snow,06 - Ice,01 - Traffic signal,02 - Intersection related,01 - Daylight,03 - P.D. only,03 - Rear end,Katimavik - Hazeldean
13572,TERRY FOX DR @ EDGEWATER ST/WALTER BAKER PL,351780.0064,5017611.047,-75.901,45.29688,2017-04-07,9:22:00 PM,01 - Clear,01 - Dry,01 - Traffic signal,03 - At intersection,07 - Dark,03 - P.D. only,05 - Turning movement,Katimavik - Hazeldean
13573,TERRY FOX DR @ EDGEWATER ST/WALTER BAKER PL,351778.5101,5017613.676,-75.90102,45.29691,2017-12-29,1:58:00 PM,01 - Clear,01 - Dry,01 - Traffic signal,02 - Intersection related,01 - Daylight,03 - P.D. only,02 - Angle,Katimavik - Hazeldean
13574,TERRY FOX DR @ FERNBANK RD,354302.6326,5015130.474,-75.86909,45.27439,2017-06-17,7:59:00 AM,01 - Clear,01 - Dry,01 - Traffic signal,03 - At intersection,01 - Daylight,03 - P.D. only,02 - Angle,Stittsville - Basswood
13575,TERRY FOX DR @ FERNBANK RD,354303.7306,5015130.793,-75.86907,45.27439,2017-06-30,11:34:00 AM,02 - Rain,02 - Wet,01 - Traffic signal,02 - Intersection related,01 - Daylight,03 - P.D. only,04 - Sideswipe,Stittsville - Basswood
13576,TERRY FOX DR @ FERNBANK RD,354303.8316,5015130.586,-75.86907,45.27439,2017-09-08,12:53:00 PM,01 - Clear,01 - Dry,01 - Traffic signal,02 - Intersection related,01 - Daylight,03 - P.D. only,03 - Rear end,Stittsville - Basswood
13577,TERRY FOX DR @ FERNBANK RD,354303.9704,5015131.812,-75.86907,45.2744,2017-11-18,10:15:00 AM,01 - Clear,01 - Dry,01 - Traffic signal,02 - Intersection related,01 - Daylight,03 - P.D. only,99 - Other,Stittsville - Basswood
13578,TERRY FOX DR @ FERNBANK RD,354307.3396,5015130.474,-75.86903,45.27439,2017-01-13,6:16:00 PM,01 - Clear,01 - Dry,01 - Traffic signal,03 - At intersection,07 - Dark,03 - P.D. only,05 - Turning movement,Stittsville - Basswood
13579,TERRY FOX DR @ HALKIRK AVE/WINCHESTER DR,352512.2274,5016869.338,-75.89174,45.29016,2017-06-18,12:35:00 PM,01 - Clear,02 - Wet,01 - Traffic signal,03 - At intersection,01 - Daylight,02 - Non-fatal injury,03 - Rear end,Glen Cairn - Kanata South Business Park
13580,TERRY FOX DR @ HALKIRK AVE/WINCHESTER DR,352511.9412,5016869.9,-75.89174,45.29016,2017-10-01,10:19:00 AM,01 - Clear,01 - Dry,01 - Traffic signal,03 - At intersection,01 - Daylight,02 - Non-fatal injury,05 - Turning movement,Glen Cairn - Kanata South Business Park
13581,TERRY FOX DR @ HALKIRK AVE/WINCHESTER DR,352512.111,5016869.651,-75.89174,45.29016,2017-12-01,5:18:00 PM,03 - Snow,03 - Loose snow,01 - Traffic signal,02 - Intersection related,07 - Dark,03 - P.D. only,04 - Sideswipe,Glen Cairn - Kanata South Business Park
13582,TERRY FOX DR @ HALKIRK AVE/WINCHESTER DR,352511.7546,5016870.364,-75.89174,45.29017,2017-12-13,11:28:00 AM,03 - Snow,03 - Loose snow,01 - Traffic signal,02 - Intersection related,01 - Daylight,03 - P.D. only,04 - Sideswipe,Glen Cairn - Kanata South Business Park
13583,TERRY FOX DR @ HALKIRK AVE/WINCHESTER DR,352512.2274,5016870.676,-75.89174,45.29017,2017-11-30,8:22:00 AM,01 - Clear,01 - Dry,01 - Traffic signal,02 - Intersection related,01 - Daylight,03 - P.D. only,03 - Rear end,Glen Cairn - Kanata South Business Park
13584,TERRY FOX DR @ PALLADIUM DR/KATIMAVIK RD,351271.3902,5018181.775,-75.90743,45.30205,2017-06-10,12:28:00 PM,01 - Clear,01 - Dry,01 - Traffic signal,02 - Intersection related,01 - Daylight,03 - P.D. only,03 - Rear end,Katimavik - Hazeldean
13585,TERRY FOX DR @ PALLADIUM DR/KATIMAVIK RD,351271.2465,5018183.813,-75.90743,45.30207,2017-07-05,11:50:00 AM,01 - Clear,01 - Dry,01 - Traffic signal,02 - Intersection related,01 - Daylight,03 - P.D. only,03 - Rear end,Katimavik - Hazeldean
13586,TERRY FOX DR @ PALLADIUM DR/KATIMAVIK RD,351269.94,5018181.553,-75.90745,45.30205,2017-08-31,1:55:00 PM,01 - Clear,01 - Dry,01 - Traffic signal,02 - Intersection related,01 - Daylight,03 - P.D. only,03 - Rear end,Katimavik - Hazeldean
13587,TERRY FOX DR @ PALLADIUM DR/KATIMAVIK RD,351270.3839,5018181.997,-75.90744,45.30205,2017-09-01,12:00:00 PM,01 - Clear,01 - Dry,01 - Traffic signal,02 - Intersection related,01 - Daylight,03 - P.D. only,03 - Rear end,Katimavik - Hazeldean
13588,TERRY FOX DR @ PALLADIUM DR/KATIMAVIK RD,351270.3839,5018181.109,-75.90744,45.30205,2017-09-01,3:24:00 PM,01 - Clear,01 - Dry,01 - Traffic signal,02 - Intersection related,01 - Daylight,03 - P.D. only,03 - Rear end,Katimavik - Hazeldean
13589,TERRY FOX DR @ PALLADIUM DR/KATIMAVIK RD,351269.2401,5018182.014,-75.90746,45.30205,2017-10-21,1:13:00 PM,01 - Clear,01 - Dry,01 - Traffic signal,02 - Intersection related,01 - Daylight,02 - Non-fatal injury,03 - Rear end,Katimavik - Hazeldean
13590,TERRY FOX DR @ PALLADIUM DR/KATIMAVIK RD,351269.2401,5018181.536,-75.90746,45.30205,2017-11-01,10:25:00 AM,02 - Rain,02 - Wet,01 - Traffic signal,03 - At intersection,01 - Daylight,03 - P.D. only,04 - Sideswipe,Katimavik - Hazeldean
13591,TERRY FOX DR @ PALLADIUM DR/KATIMAVIK RD,351269.718,5018182.492,-75.90745,45.30206,2017-12-02,2:44:00 PM,01 - Clear,01 - Dry,01 - Traffic signal,02 - Intersection related,01 - Daylight,03 - P.D. only,03 - Rear end,Katimavik - Hazeldean
13592,TERRY FOX DR @ PALLADIUM DR/KATIMAVIK RD,351270.0525,5018181.775,-75.90745,45.30205,2017-11-17,8:02:00 PM,01 - Clear,01 - Dry,01 - Traffic signal,02 - Intersection related,07 - Dark,03 - P.D. only,04 - Sideswipe,Katimavik - Hazeldean
13593,TERRY FOX DR @ PALLADIUM DR/KATIMAVIK RD,351269.2446,5018181.065,-75.90746,45.30205,2017-01-07,5:08:00 PM,01 - Clear,01 - Dry,01 - Traffic signal,02 - Intersection related,05 - Dusk,03 - P.D. only,03 - Rear end,Katimavik - Hazeldean
13594,TERRY FOX DR @ PALLADIUM DR/KATIMAVIK RD,351269.3836,5018180.437,-75.90746,45.30204,2017-03-02,7:04:00 PM,01 - Clear,01 - Dry,01 - Traffic signal,02 - Intersection related,07 - Dark,03 - P.D. only,03 - Rear end,Katimavik - Hazeldean
13595,TERRY FOX DR @ PALLADIUM DR/KATIMAVIK RD,351270.7213,5018181.106,-75.90744,45.30205,2017-04-19,10:55:00 AM,02 - Rain,02 - Wet,01 - Traffic signal,02 - Intersection related,01 - Daylight,03 - P.D. only,04 - Sideswipe,Katimavik - Hazeldean
13596,TERRY FOX DR @ TRANS CANADA TRAIL,353252.8433,5015999.81,-75.88238,45.28228,2017-07-09,2:30:00 PM,02 - Rain,02 - Wet,01 - Traffic signal,02 - Intersection related,01 - Daylight,03 - P.D. only,03 - Rear end,Glen Cairn - Kanata South Business Park
13597,TERRY FOX DR @ TRANS CANADA TRAIL,353254.2825,5015999.439,-75.88236,45.28228,2017-07-20,5:46:00 PM,01 - Clear,01 - Dry,01 - Traffic signal,02 - Intersection related,01 - Daylight,03 - P.D. only,03 - Rear end,Glen Cairn - Kanata South Business Park
13598,TERRY FOX DR @ WESTPHALIAN AVE,353455.2261,5015759.789,-75.87982,45.28011,2017-06-04,3:30:00 PM,02 - Rain,02 - Wet,01 - Traffic signal,02 - Intersection related,01 - Daylight,03 - P.D. only,03 - Rear end,Glen Cairn - Kanata South Business Park
13599,TERRY FOX DR @ WESTPHALIAN AVE,353455.2261,5015759.789,-75.87982,45.28011,2017-05-06,5:22:00 PM,02 - Rain,02 - Wet,01 - Traffic signal,02 - Intersection related,01 - Daylight,02 - Non-fatal injury,03 - Rear end,Glen Cairn - Kanata South Business Park
13600,TERRY FOX DR @ WESTPHALIAN AVE,353455.2261,5015759.789,-75.87982,45.28011,2017-07-02,3:39:00 PM,02 - Rain,02 - Wet,01 - Traffic signal,02 - Intersection related,01 - Daylight,03 - P.D. only,03 - Rear end,Glen Cairn - Kanata South Business Park
13601,TERRY FOX DR @ WESTPHALIAN AVE,353455.2261,5015759.789,-75.87982,45.28011,2017-09-10,4:30:00 PM,01 - Clear,01 - Dry,01 - Traffic signal,02 - Intersection related,01 - Daylight,03 - P.D. only,03 - Rear end,Glen Cairn - Kanata South Business Park
13602,TERRY FOX DR @ WESTPHALIAN AVE,353455.2261,5015759.789,-75.87982,45.28011,2017-10-27,6:20:00 PM,01 - Clear,01 - Dry,01 - Traffic signal,02 - Intersection related,05 - Dusk,03 - P.D. only,03 - Rear end,Glen Cairn - Kanata South Business Park
13603,TERRY FOX DR @ WESTPHALIAN AVE,353455.2261,5015759.789,-75.87982,45.28011,2017-02-09,1:18:00 PM,01 - Clear,01 - Dry,01 - Traffic signal,02 - Intersection related,01 - Daylight,02 - Non-fatal injury,03 - Rear end,Glen Cairn - Kanata South Business Park
13604,TERRY FOX DR @ WESTPHALIAN AVE,353455.2261,5015759.789,-75.87982,45.28011,2017-03-14,8:45:00 PM,03 - Snow,05 - Packed snow,01 - Traffic signal,02 - Intersection related,07 - Dark,03 - P.D. only,07 - SMV other,Glen Cairn - Kanata South Business Park
13605,TERRY FOX DR @ WESTPHALIAN AVE,353455.2261,5015759.789,-75.87982,45.28011,2017-04-14,1:18:00 PM,01 - Clear,01 - Dry,01 - Traffic signal,03 - At intersection,01 - Daylight,02 - Non-fatal injury,05 - Turning movement,Glen Cairn - Kanata South Business Park
13606,TERRY FOX DR @ WESTPHALIAN AVE,353455.2261,5015759.789,-75.87982,45.28011,2017-12-31,5:15:00 PM,01 - Clear,02 - Wet,01 - Traffic signal,02 - Intersection related,07 - Dark,03 - P.D. only,03 - Rear end,Glen Cairn - Kanata South Business Park
13607,TERRY FOX DR btwn 135 S OF HAZELDEAN RD/SOBEY'S SC & HALKIRK AVE,352445.3377,5016950.944,-75.89258,45.2909,2017-03-21,6:35:00 PM,01 - Clear,01 - Dry,10 - No control,01 - Non intersection,05 - Dusk,02 - Non-fatal injury,03 - Rear end,Glen Cairn - Kanata South Business Park
13608,TERRY FOX DR btwn CAMPEAU DR & DIDSBURY RD,350556.3011,5018966.056,-75.91648,45.30916,2017-02-18,5:08:00 PM,01 - Clear,01 - Dry,10 - No control,04 - At/near private drive,05 - Dusk,03 - P.D. only,02 - Angle,Kanata
13609,TERRY FOX DR btwn CASTLEFRANK RD & TRANS CANADA TRAIL,353039.8284,5016253.972,-75.88507,45.28459,2017-04-28,5:22:00 PM,01 - Clear,01 - Dry,10 - No control,01 - Non intersection,01 - Daylight,03 - P.D. only,03 - Rear end,Glen Cairn - Kanata South Business Park
13610,TERRY FOX DR btwn CASTLEFRANK RD & TRANS CANADA TRAIL,353058.5575,5016225.878,-75.88483,45.28433,2017-06-23,4:19:00 PM,01 - Clear,01 - Dry,10 - No control,01 - Non intersection,01 - Daylight,03 - P.D. only,03 - Rear end,Glen Cairn - Kanata South Business Park
13611,TERRY FOX DR btwn CASTLEFRANK RD & TRANS CANADA TRAIL,353123.4588,5016153.999,-75.88401,45.28368,2017-08-20,3:23:00 PM,01 - Clear,01 - Dry,10 - No control,01 - Non intersection,01 - Daylight,03 - P.D. only,04 - Sideswipe,Glen Cairn - Kanata South Business Park
13612,TERRY FOX DR btwn CASTLEFRANK RD & TRANS CANADA TRAIL,353115.0507,5016162.352,-75.88412,45.28376,2017-10-28,12:00:00 AM,01 - Clear,01 - Dry,10 - No control,01 - Non intersection,00 - Unknown,03 - P.D. only,06 - SMV unattended vehicle,Glen Cairn - Kanata South Business Park
13613,TERRY FOX DR btwn CASTLEFRANK RD & TRANS CANADA TRAIL,353068.748,5016209.36,-75.88471,45.28418,2017-02-18,2:40:00 PM,01 - Clear,01 - Dry,10 - No control,01 - Non intersection,01 - Daylight,03 - P.D. only,03 - Rear end,Glen Cairn - Kanata South Business Park
13614,TERRY FOX DR btwn Continuation of TERRY FOX DR & CAMPEAU DR,350130.48,5019033.827,-75.9219,45.30979,2017-08-19,1:49:00 PM,01 - Clear,01 - Dry,10 - No control,01 - Non intersection,01 - Daylight,02 - Non-fatal injury,04 - Sideswipe,Kanata Lakes - Marchwood Lakeside - Morgan's Grant - Kanata
13615,TERRY FOX DR btwn Continuation of TERRY FOX DR & CAMPEAU DR,350084.99,5019030.65,-75.92248,45.30977,2017-10-30,1:40:00 PM,02 - Rain,02 - Wet,10 - No control,04 - At/near private drive,01 - Daylight,03 - P.D. only,04 - Sideswipe,Kanata Lakes - Marchwood Lakeside - Morgan's Grant - Kanata
13616,TERRY FOX DR btwn Continuation of TERRY FOX DR & CAMPEAU DR,350118.1431,5019032.41,-75.92206,45.30978,2017-12-12,6:00:00 PM,03 - Snow,03 - Loose snow,10 - No control,04 - At/near private drive,07 - Dark,03 - P.D. only,02 - Angle,Kanata Lakes - Marchwood Lakeside - Morgan's Grant - Kanata
13617,TERRY FOX DR btwn COPE DR & FERNBANK RD,354274.9344,5015163.525,-75.86944,45.27469,2017-11-17,8:50:00 AM,01 - Clear,01 - Dry,10 - No control,01 - Non intersection,01 - Daylight,03 - P.D. only,07 - SMV other,Glen Cairn - Kanata South Business Park
13618,TERRY FOX DR btwn COPE DR & TRANS CANADA TRAIL,353323.1191,5015910.291,-75.88149,45.28147,2017-08-16,6:12:00 PM,01 - Clear,01 - Dry,10 - No control,01 - Non intersection,01 - Daylight,03 - P.D. only,03 - Rear end,Glen Cairn - Kanata South Business Park
13619,TERRY FOX DR btwn COPE DR & TRANS CANADA TRAIL,353388.9539,5015837.659,-75.88066,45.28082,2017-09-28,4:31:00 PM,01 - Clear,01 - Dry,10 - No control,01 - Non intersection,01 - Daylight,02 - Non-fatal injury,03 - Rear end,Glen Cairn - Kanata South Business Park
13620,TERRY FOX DR btwn COPE DR & TRANS CANADA TRAIL,353333.5175,5015895.256,-75.88136,45.28134,2017-09-12,5:23:00 PM,01 - Clear,01 - Dry,10 - No control,01 - Non intersection,01 - Daylight,03 - P.D. only,03 - Rear end,Glen Cairn - Kanata South Business Park
13621,TERRY FOX DR btwn COPE DR & TRANS CANADA TRAIL,353647.1869,5015544.197,-75.8774,45.27816,2017-10-23,5:15:00 PM,01 - Clear,01 - Dry,10 - No control,01 - Non intersection,01 - Daylight,03 - P.D. only,03 - Rear end,Glen Cairn - Kanata South Business Park
13622,TERRY FOX DR btwn COPE DR & TRANS CANADA TRAIL,353476.2354,5015741.841,-75.87956,45.27995,2017-11-18,1:30:00 PM,01 - Clear,01 - Dry,10 - No control,01 - Non intersection,01 - Daylight,03 - P.D. only,03 - Rear end,Glen Cairn - Kanata South Business Park
13623,TERRY FOX DR btwn COPE DR & TRANS CANADA TRAIL,353430.1425,5015787.214,-75.88014,45.28036,2017-12-03,11:52:00 AM,01 - Clear,01 - Dry,10 - No control,01 - Non intersection,01 - Daylight,03 - P.D. only,03 - Rear end,Glen Cairn - Kanata South Business Park
13624,TERRY FOX DR btwn COPE DR & TRANS CANADA TRAIL,353528.8144,5015662.973,-75.8789,45.27923,2017-03-01,9:12:00 AM,02 - Rain,02 - Wet,10 - No control,01 - Non intersection,01 - Daylight,03 - P.D. only,03 - Rear end,Glen Cairn - Kanata South Business Park
13625,TERRY FOX DR btwn DIDSBURY RD & HWY417 IC140 RAMP36,350661.5926,5018882.367,-75.91514,45.3084,2017-11-11,9:04:00 AM,01 - Clear,01 - Dry,10 - No control,01 - Non intersection,01 - Daylight,03 - P.D. only,04 - Sideswipe,Kanata
13626,TERRY FOX DR btwn DIDSBURY RD & HWY417 IC140 RAMP36,350659.0309,5018885.118,-75.91517,45.30842,2017-11-17,6:08:00 PM,01 - Clear,01 - Dry,10 - No control,01 - Non intersection,07 - Dark,03 - P.D. only,03 - Rear end,Kanata
13627,TERRY FOX DR btwn HAZELDEAN RD & 135 S OF HAZELDEAN RD/SOBEY'S SC,352217.1811,5017230.557,-75.89546,45.29343,2017-06-08,10:39:00 AM,01 - Clear,01 - Dry,10 - No control,01 - Non intersection,01 - Daylight,03 - P.D. only,04 - Sideswipe,Glen Cairn - Kanata South Business Park