Record,Location,X,Y,Longitude,Latitude,Date,Time,Environment,Road_Surface,Traffic_Control,Collision_Location,Light,Collision_Classification,Impact_type,Neighborhood
13628,TERRY FOX DR btwn HUNTSVILLE DR & OLD SECOND LINE RD,348377.206,5022065.264,-75.94399,45.33718,2017-05-18,3:07:00 PM,01 - Clear,01 - Dry,10 - No control,01 - Non intersection,01 - Daylight,02 - Non-fatal injury,03 - Rear end,Carp - Hardwood Plains
13629,TERRY FOX DR btwn HUNTSVILLE DR & OLD SECOND LINE RD,347868.3739,5020968.188,-75.95058,45.32734,2017-05-01,2:48:00 PM,02 - Rain,00 - Unknown,10 - No control,01 - Non intersection,01 - Daylight,03 - P.D. only,99 - Other,Kanata Lakes - Marchwood Lakeside - Morgan's Grant - Kanata
13630,TERRY FOX DR btwn HUNTSVILLE DR & OLD SECOND LINE RD,348415.165,5022092.674,-75.94351,45.33743,2017-07-29,9:42:00 AM,01 - Clear,01 - Dry,10 - No control,01 - Non intersection,01 - Daylight,03 - P.D. only,07 - SMV other,Carp - Hardwood Plains
13631,TERRY FOX DR btwn HUNTSVILLE DR & OLD SECOND LINE RD,348077.002,5020190.377,-75.94799,45.32033,2017-10-17,5:45:00 AM,01 - Clear,01 - Dry,10 - No control,01 - Non intersection,07 - Dark,03 - P.D. only,07 - SMV other,Kanata Lakes - Marchwood Lakeside - Morgan's Grant - Kanata
13632,TERRY FOX DR btwn HUNTSVILLE DR & OLD SECOND LINE RD,347941.192,5020431.128,-75.9497,45.3225,2017-12-04,6:15:00 PM,01 - Clear,01 - Dry,10 - No control,01 - Non intersection,07 - Dark,03 - P.D. only,07 - SMV other,Kanata Lakes - Marchwood Lakeside - Morgan's Grant - Kanata
13633,TERRY FOX DR btwn HUNTSVILLE DR & OLD SECOND LINE RD,347868.3739,5020968.188,-75.95058,45.32734,2017-12-08,5:15:00 PM,01 - Clear,02 - Wet,10 - No control,01 - Non intersection,07 - Dark,03 - P.D. only,07 - SMV other,Kanata Lakes - Marchwood Lakeside - Morgan's Grant - Kanata
13634,TERRY FOX DR btwn HUNTSVILLE DR & OLD SECOND LINE RD,347882.937,5020747.441,-75.95041,45.32535,2017-12-04,7:27:00 PM,01 - Clear,01 - Dry,10 - No control,01 - Non intersection,07 - Dark,03 - P.D. only,03 - Rear end,Kanata Lakes - Marchwood Lakeside - Morgan's Grant - Kanata
13635,TERRY FOX DR btwn HUNTSVILLE DR & OLD SECOND LINE RD,348328.973,5022031.168,-75.94461,45.33688,2017-02-12,11:18:00 AM,03 - Snow,03 - Loose snow,10 - No control,01 - Non intersection,01 - Daylight,03 - P.D. only,05 - Turning movement,Carp - Hardwood Plains
13636,TERRY FOX DR btwn HUNTSVILLE DR & OLD SECOND LINE RD,347956.935,5020084.847,-75.94953,45.31939,2017-03-14,4:54:00 PM,03 - Snow,03 - Loose snow,10 - No control,01 - Non intersection,01 - Daylight,02 - Non-fatal injury,07 - SMV other,Kanata Lakes - Marchwood Lakeside - Morgan's Grant - Kanata
13637,TERRY FOX DR btwn HWY417 IC140 RAMP16 & HWY417 IC140 RAMP35,350937.8812,5018561.567,-75.91165,45.30549,2017-06-23,7:17:00 PM,01 - Clear,01 - Dry,10 - No control,01 - Non intersection,01 - Daylight,02 - Non-fatal injury,03 - Rear end,Katimavik - Hazeldean
13638,TERRY FOX DR btwn HWY417 IC140 RAMP16 & HWY417 IC140 RAMP35,350912.2198,5018592.961,-75.91197,45.30578,2017-02-23,1:05:00 PM,01 - Clear,01 - Dry,10 - No control,01 - Non intersection,01 - Daylight,03 - P.D. only,03 - Rear end,Kanata Lakes - Marchwood Lakeside - Morgan's Grant - Kanata
13639,TERRY FOX DR btwn HWY417 IC140 RAMP61 & HWY417 IC140 RAMP16,350844.6922,5018669.26,-75.91283,45.30647,2017-05-29,5:28:00 PM,01 - Clear,01 - Dry,10 - No control,01 - Non intersection,01 - Daylight,03 - P.D. only,03 - Rear end,Kanata Lakes - Marchwood Lakeside - Morgan's Grant - Kanata
13640,TERRY FOX DR btwn KANATA AVE & Continuation of TERRY FOX DR,349654.9732,5019034.275,-75.92796,45.30983,2017-01-03,7:40:00 PM,03 - Snow,06 - Ice,10 - No control,01 - Non intersection,07 - Dark,03 - P.D. only,07 - SMV other,Kanata Lakes - Marchwood Lakeside - Morgan's Grant - Kanata
13641,TERRY FOX DR btwn LEGGET DR & HELMSDALE DR,350335.2488,5023527.942,-75.91888,45.35022,2017-08-22,11:03:00 AM,02 - Rain,02 - Wet,10 - No control,04 - At/near private drive,01 - Daylight,03 - P.D. only,02 - Angle,South March
13642,TERRY FOX DR btwn MAPLE GROVE RD & WALTER BAKER PL,351750.5986,5017640.384,-75.90137,45.29715,2017-05-07,11:16:00 PM,01 - Clear,01 - Dry,10 - No control,01 - Non intersection,07 - Dark,02 - Non-fatal injury,07 - SMV other,Katimavik - Hazeldean
13643,TERRY FOX DR btwn MARCH VALLEY RD & HERZBERG RD,351330.4414,5023460.3,-75.90618,45.34955,2017-02-16,6:17:00 PM,01 - Clear,01 - Dry,10 - No control,04 - At/near private drive,07 - Dark,03 - P.D. only,02 - Angle,South March
13644,TERRY FOX DR btwn MARCH VALLEY RD & HERZBERG RD,351303.4388,5023468.567,-75.90653,45.34962,2017-01-24,11:05:00 AM,04 - Freezing Rain,06 - Ice,10 - No control,01 - Non intersection,01 - Daylight,03 - P.D. only,07 - SMV other,South March
13645,TERRY FOX DR btwn MARCH VALLEY RD & HERZBERG RD,351148.6884,5023563.751,-75.90849,45.35049,2017-02-15,6:35:00 PM,03 - Snow,02 - Wet,10 - No control,04 - At/near private drive,07 - Dark,03 - P.D. only,02 - Angle,South March
13646,TERRY FOX DR btwn PALLADIUM DR & MAPLE GROVE RD,351372.2707,5018072.119,-75.90616,45.30106,2017-08-25,11:30:00 AM,01 - Clear,01 - Dry,10 - No control,01 - Non intersection,01 - Daylight,03 - P.D. only,03 - Rear end,Katimavik - Hazeldean
13647,TERRY FOX DR btwn PALLADIUM DR & MAPLE GROVE RD,351486.8515,5017939.091,-75.90471,45.29985,2017-10-20,7:11:00 PM,01 - Clear,01 - Dry,10 - No control,01 - Non intersection,07 - Dark,03 - P.D. only,03 - Rear end,Katimavik - Hazeldean
13648,TERRY FOX DR btwn TERRY FOX DR & EAGLESON RD,354351.9983,5015077.933,-75.86846,45.27391,2017-06-16,3:44:00 AM,02 - Rain,02 - Wet,10 - No control,04 - At/near private drive,07 - Dark,03 - P.D. only,07 - SMV other,Stittsville - Basswood
13649,TERRY FOX DR btwn TILLSONBURG ST & KANATA AVE,349217.3244,5019259.844,-75.93353,45.31189,2017-01-25,6:56:00 PM,01 - Clear,02 - Wet,10 - No control,01 - Non intersection,07 - Dark,02 - Non-fatal injury,03 - Rear end,Kanata Lakes - Marchwood Lakeside - Morgan's Grant - Kanata
13650,TERRY FOX DR btwn WALTER BAKER PL & 240 S OF EDGEWATER ST,351876.2704,5017534.521,-75.89978,45.29619,2017-07-01,11:57:00 AM,01 - Clear,01 - Dry,10 - No control,01 - Non intersection,01 - Daylight,03 - P.D. only,03 - Rear end,Katimavik - Hazeldean
13651,TERRY FOX DR btwn WALTER BAKER PL & 240 S OF EDGEWATER ST,351806.7599,5017587.405,-75.90066,45.29667,2017-09-02,7:28:00 AM,01 - Clear,01 - Dry,10 - No control,01 - Non intersection,01 - Daylight,02 - Non-fatal injury,07 - SMV other,Katimavik - Hazeldean
13652,TERRY FOX DR btwn WALTER BAKER PL & 240 S OF EDGEWATER ST,351938.5021,5017494.568,-75.89899,45.29582,2017-09-12,3:32:00 PM,01 - Clear,01 - Dry,10 - No control,01 - Non intersection,01 - Daylight,03 - P.D. only,03 - Rear end,Katimavik - Hazeldean
13653,TERRY FOX DR btwn WALTER BAKER PL & 240 S OF EDGEWATER ST,351877.4899,5017533.687,-75.89976,45.29618,2017-12-28,4:46:00 PM,01 - Clear,01 - Dry,10 - No control,04 - At/near private drive,05 - Dusk,03 - P.D. only,05 - Turning movement,Katimavik - Hazeldean
13654,TERRY FOX DR N @ FLAMBOROUGH WAY/INNOVATION DR,349381.084,5022955.117,-75.9311,45.34513,2017-06-17,1:17:00 PM,01 - Clear,01 - Dry,01 - Traffic signal,03 - At intersection,01 - Daylight,03 - P.D. only,02 - Angle,Morgan's Grant
13655,TERRY FOX DR N @ FLAMBOROUGH WAY/INNOVATION DR,349384.8892,5022957.543,-75.93106,45.34515,2017-08-23,4:59:00 PM,01 - Clear,01 - Dry,01 - Traffic signal,02 - Intersection related,01 - Daylight,02 - Non-fatal injury,03 - Rear end,Morgan's Grant
13656,TERRY FOX DR N @ FLAMBOROUGH WAY/INNOVATION DR,349386.003,5022956.728,-75.93104,45.34514,2017-12-12,7:04:00 PM,03 - Snow,04 - Slush,01 - Traffic signal,02 - Intersection related,07 - Dark,03 - P.D. only,03 - Rear end,Morgan's Grant
13657,TERRY FOX DR N @ FLAMBOROUGH WAY/INNOVATION DR,349387.2708,5022956.99,-75.93102,45.34514,2017-04-04,9:11:00 AM,02 - Rain,02 - Wet,01 - Traffic signal,03 - At intersection,01 - Daylight,02 - Non-fatal injury,05 - Turning movement,Morgan's Grant
13658,TERRY FOX DR S @ DIDSBURY RD/CENTRUM KANATA SC,350623.8059,5018915.021,-75.91562,45.30869,2017-05-14,7:08:00 PM,01 - Clear,02 - Wet,01 - Traffic signal,02 - Intersection related,01 - Daylight,02 - Non-fatal injury,03 - Rear end,Kanata
13659,TERRY FOX DR S @ DIDSBURY RD/CENTRUM KANATA SC,350622.9977,5018915.833,-75.91563,45.3087,2017-05-04,8:33:00 PM,02 - Rain,02 - Wet,01 - Traffic signal,03 - At intersection,05 - Dusk,03 - P.D. only,05 - Turning movement,Kanata
13660,TERRY FOX DR S @ DIDSBURY RD/CENTRUM KANATA SC,350623.3888,5018917.214,-75.91563,45.30871,2017-07-13,9:00:00 AM,01 - Clear,01 - Dry,01 - Traffic signal,03 - At intersection,01 - Daylight,02 - Non-fatal injury,02 - Angle,Kanata
13661,TERRY FOX DR S @ DIDSBURY RD/CENTRUM KANATA SC,350625.063,5018916.463,-75.9156,45.30871,2017-09-01,5:52:00 PM,01 - Clear,01 - Dry,01 - Traffic signal,03 - At intersection,01 - Daylight,03 - P.D. only,05 - Turning movement,Kanata
13662,TERRY FOX DR S @ DIDSBURY RD/CENTRUM KANATA SC,350620.1181,5018914.691,-75.91567,45.30869,2017-03-28,9:38:00 PM,01 - Clear,01 - Dry,01 - Traffic signal,03 - At intersection,07 - Dark,03 - P.D. only,05 - Turning movement,Kanata
13663,TERRY FOX DR S @ DIDSBURY RD/CENTRUM KANATA SC,350621.5584,5018915.729,-75.91565,45.3087,2017-12-16,2:40:00 PM,01 - Clear,04 - Slush,01 - Traffic signal,02 - Intersection related,01 - Daylight,03 - P.D. only,03 - Rear end,Kanata
13664,THAMES ST btwn ARCHIBALD ST & MERIVALE RD,364783.0277,5027451.691,-75.73403,45.38444,2017-07-21,6:54:00 PM,01 - Clear,01 - Dry,10 - No control,04 - At/near private drive,01 - Daylight,03 - P.D. only,99 - Other,Carlington
13665,THIRD (3RD) ST @ WEST ST,389950.7098,5042758.345,-75.41004,45.51954,2017-02-22,7:32:00 AM,01 - Clear,06 - Ice,10 - No control,02 - Intersection related,01 - Daylight,02 - Non-fatal injury,07 - SMV other,Cumberland - Estates
13666,THIRD AVE btwn BANK ST & O'CONNOR ST,368567.7055,5029689.862,-75.68542,45.40424,2017-12-30,5:08:00 PM,01 - Clear,05 - Packed snow,10 - No control,04 - At/near private drive,07 - Dark,03 - P.D. only,06 - SMV unattended vehicle,The Glebe
13667,THOMAS A. DOLAN PKWY btwn KERSCOTT HEIGHTS WAY & TORWOOD DR,345429.3927,5034162.266,-75.98061,45.44621,2017-10-12,6:45:00 AM,"07 - Fog, mist, smoke, dust",01 - Dry,10 - No control,01 - Non intersection,03 - Dawn,03 - P.D. only,07 - SMV other,Car
13668,THOMAS A. DOLAN PKWY btwn STONECREST RD & RIDGETOP RD,339461.5836,5028796.166,-76.05727,45.39825,2017-04-05,10:26:00 PM,"07 - Fog, mist, smoke, dust",01 - Dry,10 - No control,01 - Non intersection,07 - Dark,03 - P.D. only,07 - SMV other,Car
13669,THOMAS A. DOLAN PKWY btwn WOODKILTON RD & DUNROBIN RD,341226.3317,5030508.064,-76.03461,45.41356,2017-11-19,10:58:00 AM,03 - Snow,03 - Loose snow,10 - No control,01 - Non intersection,01 - Daylight,03 - P.D. only,07 - SMV other,Kanata
13670,THOMAS A. DOLAN PKWY btwn WOODKILTON RD & DUNROBIN RD,342261.8572,5031411.543,-76.02131,45.42164,2017-12-09,3:00:00 AM,03 - Snow,06 - Ice,10 - No control,01 - Non intersection,07 - Dark,03 - P.D. only,07 - SMV other,Dunrobin
13671,THORNBURY CRES btwn REDDING WAY & REDDING WAY,362023.4054,5023353.663,-75.76974,45.34779,2017-08-20,3:37:00 PM,01 - Clear,01 - Dry,10 - No control,04 - At/near private drive,01 - Daylight,03 - P.D. only,06 - SMV unattended vehicle,Centrepointe
13672,THORNBURY CRES btwn REDDING WAY & REDDING WAY,362041.2295,5023363.43,-75.76951,45.34788,2017-02-01,11:50:00 AM,03 - Snow,03 - Loose snow,10 - No control,04 - At/near private drive,01 - Daylight,03 - P.D. only,06 - SMV unattended vehicle,Centrepointe
13673,THORNCLIFF PL @ NORTHSIDE RD,358364.3727,5021186.303,-75.81667,45.32858,2017-03-01,8:11:00 PM,02 - Rain,02 - Wet,02 - Stop sign,03 - At intersection,07 - Dark,03 - P.D. only,02 - Angle,Bells Corners East
13674,THORNDALE DR @ WALKLEY RD,369465.7242,5025431.762,-75.6745,45.36585,2017-11-08,8:03:00 PM,01 - Clear,01 - Dry,02 - Stop sign,03 - At intersection,07 - Dark,03 - P.D. only,03 - Rear end,Riverside Park
13675,THORNDALE DR btwn PROVOST DR & STANSTEAD RD,369524.8979,5025281.164,-75.67377,45.36449,2017-02-16,12:00:00 AM,03 - Snow,03 - Loose snow,10 - No control,01 - Non intersection,00 - Unknown,03 - P.D. only,06 - SMV unattended vehicle,Hunt Club Woods - Quintarra - Revelstoke - Riverside South P
13676,THORNTON AVE btwn MONK ST & BANK ST,368430.66,5029320.067,-75.68721,45.40093,2017-10-07,6:27:00 PM,01 - Clear,01 - Dry,10 - No control,01 - Non intersection,07 - Dark,03 - P.D. only,06 - SMV unattended vehicle,The Glebe
13677,THURSTON DR btwn CONROY RD & THOMAS SPRATT PL,373582.2018,5026990.747,-75.62174,45.37948,2017-02-23,1:45:00 PM,01 - Clear,01 - Dry,10 - No control,01 - Non intersection,01 - Daylight,03 - P.D. only,06 - SMV unattended vehicle,Industrial Park
13678,TIGHE ST btwn MANOTICK MAIN ST & DICKINSON ST,368939.7366,5009851.068,-75.68323,45.2257,2017-09-19,6:13:00 PM,01 - Clear,01 - Dry,10 - No control,01 - Non intersection,01 - Daylight,03 - P.D. only,06 - SMV unattended vehicle,Manotick
13679,TIMBERMILL ST @ TRESA CRT,372532.2133,5023423.221,-75.63564,45.34748,2017-08-11,12:13:00 AM,01 - Clear,01 - Dry,02 - Stop sign,02 - Intersection related,07 - Dark,02 - Non-fatal injury,07 - SMV other,Blossom Park - Blossom Park West - Sawmill Creek/ Timbermill
13680,TIMM DR btwn HAANEL DR & MOODIE DR,355137.1332,5020010.347,-75.85796,45.31824,2017-01-08,3:33:00 PM,01 - Clear,02 - Wet,10 - No control,01 - Non intersection,01 - Daylight,02 - Non-fatal injury,07 - SMV other,Greenbelt
13681,TIMM DR btwn HAANEL DR & MOODIE DR,355136.6319,5020005.185,-75.85796,45.31819,2017-02-05,10:30:00 PM,05 - Drifting Snow,03 - Loose snow,10 - No control,01 - Non intersection,07 - Dark,03 - P.D. only,07 - SMV other,Greenbelt
13682,TITAN PRIV btwn GRANT CARMAN DR & MERIVALE RD,365125.725,5023349.233,-75.73016,45.34749,2017-11-24,11:15:00 AM,01 - Clear,01 - Dry,10 - No control,04 - At/near private drive,01 - Daylight,02 - Non-fatal injury,05 - Turning movement,Borden Farm - Stewart Farm - Parkwood Hills - Fisher Glen
13683,TIVERTON DR btwn KILMORY CRES & BELIVEAU ST,365598.3405,5024424.359,-75.72399,45.35713,2017-02-12,3:56:00 AM,03 - Snow,03 - Loose snow,10 - No control,04 - At/near private drive,07 - Dark,03 - P.D. only,99 - Other,Borden Farm - Stewart Farm - Parkwood Hills - Fisher Glen
13684,TOMPKINS AVE @ CARAVEL CRES W/MCEACHERN CRES W,382581.1112,5037765.262,-75.50515,45.47548,2017-05-16,6:26:00 PM,01 - Clear,01 - Dry,02 - Stop sign,03 - At intersection,01 - Daylight,03 - P.D. only,02 - Angle,Queenswood Heights
13685,TORBEC AVE btwn KEYROCK DR & FLETCHER CIRC,349396.4121,5020077.991,-75.93117,45.31924,2017-11-07,12:00:00 AM,01 - Clear,01 - Dry,10 - No control,01 - Non intersection,00 - Unknown,03 - P.D. only,06 - SMV unattended vehicle,Kanata Lakes - Marchwood Lakeside - Morgan's Grant - Kanata
13686,TORBEC AVE btwn KEYROCK DR & FLETCHER CIRC,349407.6528,5020066.16,-75.93103,45.31913,2017-04-08,1:07:00 PM,01 - Clear,01 - Dry,10 - No control,01 - Non intersection,01 - Daylight,03 - P.D. only,06 - SMV unattended vehicle,Kanata Lakes - Marchwood Lakeside - Morgan's Grant - Kanata
13687,TORBOLTON RIDGE RD btwn MACLARENS SIDE RD & GALETTA SIDE RD,331895.1257,5038656.635,-76.15337,45.48731,2017-12-11,8:12:00 PM,05 - Drifting Snow,05 - Packed snow,10 - No control,01 - Non intersection,07 - Dark,03 - P.D. only,07 - SMV other,Dirleton
13688,TORCASTLE WAY btwn DALRIADA LANE & DALRIADA LANE,353554.6754,5017171.898,-75.87842,45.29281,2017-05-01,5:40:00 PM,01 - Clear,01 - Dry,10 - No control,04 - At/near private drive,01 - Daylight,03 - P.D. only,06 - SMV unattended vehicle,Glen Cairn - Kanata South Business Park
13689,TORMEY ST btwn COBOURG ST & BRIGADIER PRIV,369125.8597,5032883.338,-75.67787,45.43292,2017-10-29,8:20:00 PM,02 - Rain,02 - Wet,10 - No control,01 - Non intersection,07 - Dark,02 - Non-fatal injury,07 - SMV other,Lower Town
13690,TRACKER PRIV @ SILVER STAR PRIV,369967.55,5020992.447,-75.66868,45.32586,2017-10-01,4:27:00 PM,01 - Clear,01 - Dry,02 - Stop sign,03 - At intersection,01 - Daylight,03 - P.D. only,02 - Angle,Greenbelt
13691,TRAINYARDS DR @ RAILMARKET,371756.1964,5030717.262,-75.64455,45.41319,2017-03-11,12:27:00 PM,01 - Clear,01 - Dry,01 - Traffic signal,02 - Intersection related,01 - Daylight,03 - P.D. only,04 - Sideswipe,Industrial Park
13692,TRAINYARDS DR btwn INDUSTRIAL AVE & Continuation of TRAINYARDS DR,371701.4057,5030636.475,-75.64526,45.41247,2017-01-02,10:35:00 AM,01 - Clear,02 - Wet,10 - No control,04 - At/near private drive,01 - Daylight,03 - P.D. only,04 - Sideswipe,Industrial Park
13693,TREMBLAY RD @ TRAIN STATION,371168.4519,5031284.459,-75.65198,45.41835,2017-12-25,7:17:00 AM,03 - Snow,03 - Loose snow,01 - Traffic signal,02 - Intersection related,03 - Dawn,03 - P.D. only,07 - SMV other,Industrial Park
13694,TREMBLAY RD btwn RIVERSIDE DR & TRAIN STATION,371099.3302,5031270.866,-75.65287,45.41823,2017-09-05,6:00:00 PM,01 - Clear,01 - Dry,10 - No control,04 - At/near private drive,01 - Daylight,03 - P.D. only,02 - Angle,Industrial Park
13695,TRENTON AVE @ MERIVALE RD,364887.4562,5026361.59,-75.73283,45.37462,2017-04-27,7:41:00 AM,01 - Clear,01 - Dry,02 - Stop sign,02 - Intersection related,01 - Daylight,03 - P.D. only,04 - Sideswipe,Carlington
13696,TRENTON AVE @ MERIVALE RD,364886.419,5026361.525,-75.73284,45.37462,2017-08-23,8:00:00 AM,01 - Clear,01 - Dry,02 - Stop sign,03 - At intersection,01 - Daylight,03 - P.D. only,05 - Turning movement,Carlington
13697,TRENTON AVE @ MERIVALE RD,364887.701,5026361.762,-75.73283,45.37462,2017-09-24,6:37:00 PM,01 - Clear,01 - Dry,02 - Stop sign,02 - Intersection related,01 - Daylight,03 - P.D. only,05 - Turning movement,Carlington
13698,TRENTON AVE btwn PRINCE ST & SILVER ST,365209.7671,5026559.523,-75.72869,45.37637,2017-09-03,2:00:00 AM,01 - Clear,01 - Dry,10 - No control,01 - Non intersection,07 - Dark,03 - P.D. only,06 - SMV unattended vehicle,Carlington
13699,TRENTON AVE btwn PRINCE ST & SILVER ST,365214.1288,5026560.981,-75.72863,45.37639,2017-11-20,12:00:00 AM,03 - Snow,03 - Loose snow,10 - No control,01 - Non intersection,00 - Unknown,03 - P.D. only,06 - SMV unattended vehicle,Carlington
13700,TRESTLE ST @ WINDY LANE,369616.751,5008922.404,-75.67473,45.21728,2017-07-21,2:35:00 PM,01 - Clear,01 - Dry,,02 - Intersection related,01 - Daylight,03 - P.D. only,06 - SMV unattended vehicle,Manotick
13701,TRIM RD @ 150 S OF INNES RD,386621.7752,5037140.893,-75.45359,45.4694,2017-03-23,1:41:00 PM,01 - Clear,01 - Dry,01 - Traffic signal,03 - At intersection,01 - Daylight,03 - P.D. only,02 - Angle,Orl¨¦ans
13702,TRIM RD @ DAIRY DR/TAYLOR CREEK DR,384535.5605,5039597.429,-75.47986,45.49174,2017-05-26,6:45:00 PM,01 - Clear,01 - Dry,11 - Roundabout,03 - At intersection,01 - Daylight,03 - P.D. only,02 - Angle,Cumberland - Estates
13703,TRIM RD @ DAIRY DR/TAYLOR CREEK DR,384535.6497,5039595.484,-75.47986,45.49173,2017-08-02,4:10:00 PM,01 - Clear,01 - Dry,11 - Roundabout,03 - At intersection,01 - Daylight,03 - P.D. only,04 - Sideswipe,Industrial Park
13704,TRIM RD @ DAIRY DR/TAYLOR CREEK DR,384536.1439,5039595.391,-75.47986,45.49173,2017-08-22,12:05:00 PM,01 - Clear,01 - Dry,11 - Roundabout,03 - At intersection,01 - Daylight,03 - P.D. only,04 - Sideswipe,Industrial Park
13705,TRIM RD @ DAIRY DR/TAYLOR CREEK DR,384535.6065,5039595.653,-75.47986,45.49173,2017-08-15,4:46:00 PM,01 - Clear,01 - Dry,11 - Roundabout,03 - At intersection,01 - Daylight,03 - P.D. only,04 - Sideswipe,Industrial Park
13706,TRIM RD @ DAIRY DR/TAYLOR CREEK DR,384535.3061,5039594.891,-75.47987,45.49172,2017-07-17,8:31:00 AM,01 - Clear,01 - Dry,11 - Roundabout,03 - At intersection,01 - Daylight,03 - P.D. only,03 - Rear end,Industrial Park
13707,TRIM RD @ DAIRY DR/TAYLOR CREEK DR,384536.5291,5039594.121,-75.47985,45.49171,2017-10-04,11:35:00 AM,01 - Clear,01 - Dry,11 - Roundabout,02 - Intersection related,01 - Daylight,03 - P.D. only,07 - SMV other,Industrial Park
13708,TRIM RD @ DAIRY DR/TAYLOR CREEK DR,384535.5209,5039595.437,-75.47986,45.49173,2017-10-14,10:30:00 AM,01 - Clear,02 - Wet,11 - Roundabout,03 - At intersection,01 - Daylight,03 - P.D. only,04 - Sideswipe,Industrial Park
13709,TRIM RD @ DAIRY DR/TAYLOR CREEK DR,384534.6,5039596.067,-75.47988,45.49173,2017-11-22,8:25:00 AM,01 - Clear,01 - Dry,11 - Roundabout,02 - Intersection related,01 - Daylight,03 - P.D. only,07 - SMV other,Industrial Park
13710,TRIM RD @ DAIRY DR/TAYLOR CREEK DR,384535.53,5039596.109,-75.47986,45.49173,2017-11-06,8:56:00 AM,01 - Clear,01 - Dry,11 - Roundabout,03 - At intersection,01 - Daylight,03 - P.D. only,04 - Sideswipe,Industrial Park
13711,TRIM RD @ DAIRY DR/TAYLOR CREEK DR,384534.5046,5039596.484,-75.47988,45.49174,2017-01-27,3:45:00 PM,01 - Clear,01 - Dry,11 - Roundabout,03 - At intersection,01 - Daylight,03 - P.D. only,02 - Angle,Industrial Park
13712,TRIM RD @ DAIRY DR/TAYLOR CREEK DR,384535.051,5039594.845,-75.47987,45.49172,2017-01-15,2:51:00 PM,01 - Clear,01 - Dry,11 - Roundabout,02 - Intersection related,01 - Daylight,02 - Non-fatal injury,04 - Sideswipe,Industrial Park
13713,TRIM RD @ DAIRY DR/TAYLOR CREEK DR,384536.0543,5039596.06,-75.47986,45.49173,2017-04-21,2:16:00 AM,02 - Rain,02 - Wet,11 - Roundabout,03 - At intersection,07 - Dark,03 - P.D. only,07 - SMV other,Industrial Park
13714,TRIM RD @ MILLENNIUM BLVD,386797.1792,5036713.566,-75.45141,45.46554,2017-02-01,10:43:00 AM,01 - Clear,01 - Dry,11 - Roundabout,02 - Intersection related,01 - Daylight,03 - P.D. only,04 - Sideswipe,Cumberland
13715,TRIM RD @ VALIN ST,386438.3485,5037555.892,-75.45586,45.47316,2017-06-13,8:05:00 PM,01 - Clear,01 - Dry,01 - Traffic signal,03 - At intersection,01 - Daylight,03 - P.D. only,02 - Angle,Cardinal Creek
13716,TRIM RD @ VALIN ST,386437.5045,5037556.561,-75.45587,45.47316,2017-05-22,11:57:00 AM,01 - Clear,01 - Dry,01 - Traffic signal,03 - At intersection,01 - Daylight,03 - P.D. only,02 - Angle,Cardinal Creek
13717,TRIM RD @ WALL RD,387627.7834,5034669.527,-75.44114,45.44705,2017-02-05,10:54:00 PM,05 - Drifting Snow,06 - Ice,02 - Stop sign,02 - Intersection related,07 - Dark,03 - P.D. only,07 - SMV other,Navan - Vars
13718,TRIM RD @ WATTERS RD,384965.6079,5038717.815,-75.47451,45.48378,2017-09-08,3:16:00 PM,01 - Clear,01 - Dry,01 - Traffic signal,03 - At intersection,01 - Daylight,03 - P.D. only,05 - Turning movement,Cardinal Creek
13719,TRIM RD btwn BRIARGATE PRIV & INNES RD,386552.3908,5037304.994,-75.45445,45.47089,2017-05-18,2:20:00 AM,01 - Clear,01 - Dry,10 - No control,01 - Non intersection,07 - Dark,02 - Non-fatal injury,07 - SMV other,Cardinal Creek
13720,TRIM RD btwn INNES RD & 150 S OF INNES RD,386615.9929,5037153.654,-75.45366,45.46952,2017-08-30,7:56:00 AM,01 - Clear,01 - Dry,10 - No control,01 - Non intersection,01 - Daylight,02 - Non-fatal injury,05 - Turning movement,Orl¨¦ans
13721,TRIM RD btwn PORTOBELLO BLVD & FRENETTE ST,385742.9691,5038014.887,-75.46468,45.47737,2017-06-26,5:27:00 PM,01 - Clear,01 - Dry,10 - No control,01 - Non intersection,01 - Daylight,03 - P.D. only,03 - Rear end,Cardinal Creek
13722,TRIM RD btwn SALZBURG DR & MILLENNIUM BLVD,386715.9666,5036924.081,-75.45242,45.46744,2017-06-14,8:04:00 PM,01 - Clear,01 - Dry,10 - No control,01 - Non intersection,01 - Daylight,02 - Non-fatal injury,03 - Rear end,Navan - Vars
13723,TRIM RD btwn SPRINGRIDGE DR & PORTOBELLO BLVD,385526.6445,5038246.964,-75.46741,45.47948,2017-04-20,5:17:00 PM,01 - Clear,01 - Dry,10 - No control,01 - Non intersection,01 - Daylight,03 - P.D. only,04 - Sideswipe,Springridge
13724,TRIM RD btwn ST. JOSEPH BLVD & WATTERS RD,384909.4283,5038803.042,-75.47521,45.48455,2017-10-30,5:03:00 PM,01 - Clear,01 - Dry,10 - No control,01 - Non intersection,01 - Daylight,03 - P.D. only,03 - Rear end,Industrial Park
13725,TRIM RD btwn ST. JOSEPH BLVD & WATTERS RD,384904.117,5038808.546,-75.47528,45.4846,2017-03-14,12:23:00 PM,03 - Snow,02 - Wet,10 - No control,01 - Non intersection,01 - Daylight,03 - P.D. only,07 - SMV other,Industrial Park
13726,TRIM RD btwn WALL RD & NAVAN RD,388541.4046,5032423.686,-75.42984,45.42673,2017-11-16,10:43:00 PM,01 - Clear,02 - Wet,10 - No control,01 - Non intersection,07 - Dark,03 - P.D. only,99 - Other,Navan