Record,Location,X,Y,Longitude,Latitude,Date,Time,Environment,Road_Surface,Traffic_Control,Collision_Location,Light,Collision_Classification,Impact_type,Neighborhood
13727,TRIM RD btwn WALL RD & NAVAN RD,387938.9302,5033994.372,-75.43728,45.44094,2017-03-01,4:10:00 PM,"07 - Fog, mist, smoke, dust",02 - Wet,10 - No control,01 - Non intersection,01 - Daylight,03 - P.D. only,03 - Rear end,Navan - Vars
13728,TRIM RD btwn WATTERS RD & SPRINGRIDGE DR,385308.6274,5038422.648,-75.47017,45.48109,2017-02-24,7:36:00 AM,01 - Clear,02 - Wet,10 - No control,01 - Non intersection,01 - Daylight,03 - P.D. only,04 - Sideswipe,Cardinal Creek
13729,TRIOLE ST btwn BELFAST RD & END,373001.7746,5030573.513,-75.62866,45.41177,2017-03-29,12:00:00 AM,01 - Clear,01 - Dry,10 - No control,01 - Non intersection,00 - Unknown,03 - P.D. only,06 - SMV unattended vehicle,Industrial Park
13730,TRIOLE ST btwn BELFAST RD & END,373012.5221,5030549.154,-75.62852,45.41155,2017-04-13,11:30:00 AM,01 - Clear,01 - Dry,10 - No control,04 - At/near private drive,01 - Daylight,03 - P.D. only,06 - SMV unattended vehicle,Industrial Park
13731,TROJAN AVE btwn PAUL AVE & CLARKE AVE,372020.2574,5033583.074,-75.64079,45.43895,2017-02-13,12:34:00 PM,01 - Clear,03 - Loose snow,10 - No control,04 - At/near private drive,01 - Daylight,03 - P.D. only,06 - SMV unattended vehicle,Cummings
13732,TRUMP AVE btwn WHITESTONE DR & BLOOMINGDALE ST,364605.4512,5025892.097,-75.73649,45.37042,2017-08-28,1:08:00 PM,01 - Clear,01 - Dry,10 - No control,04 - At/near private drive,01 - Daylight,03 - P.D. only,06 - SMV unattended vehicle,Civic Hospital - Experimental Farm - Central Park
13733,TULANE CRES btwn ANTLER AVE & ANTLER AVE,363150.7409,5014979.375,-75.75634,45.27235,2017-07-17,6:40:00 PM,01 - Clear,01 - Dry,10 - No control,04 - At/near private drive,01 - Daylight,03 - P.D. only,06 - SMV unattended vehicle,Barrhaven West - Old Barrhaven
13734,TUNNEY'S PASTURE DRWY btwn SORREL DRWY & TO BE DETERMINED,364709.0646,5029709.045,-75.7347,45.40476,2017-06-13,12:00:00 AM,01 - Clear,01 - Dry,10 - No control,01 - Non intersection,00 - Unknown,03 - P.D. only,06 - SMV unattended vehicle,Tunney's Pasture
13735,TURN LANE btwn Continuation of TURN LANE & WELLINGTON ST (3),366516.9592,5031337.38,-75.7114,45.41925,2017-03-14,7:20:00 PM,03 - Snow,03 - Loose snow,10 - No control,01 - Non intersection,07 - Dark,02 - Non-fatal injury,07 - SMV other,Byward Market - Parliament Hill
13736,TURN LANE btwn ISLAND PARK DR & OTTAWA RIVER PKWY (1),363245.0054,5029435.041,-75.75343,45.40241,2017-01-14,11:10:00 AM,01 - Clear,01 - Dry,10 - No control,01 - Non intersection,01 - Daylight,03 - P.D. only,03 - Rear end,Westboro
13737,TURN LANE btwn OTTAWA RIVER PKWY & WOODROFFE AVE (1),361435.0469,5027008.171,-75.77683,45.38073,2017-01-04,8:30:00 AM,03 - Snow,03 - Loose snow,10 - No control,01 - Non intersection,01 - Daylight,03 - P.D. only,03 - Rear end,Woodroffe - Lincoln Heights
13738,TWEEDSMUIR AVE btwn CLARE ST & AVONDALE AVE,363817.2808,5027761.025,-75.74632,45.3873,2017-11-23,12:00:00 AM,01 - Clear,01 - Dry,10 - No control,01 - Non intersection,00 - Unknown,03 - P.D. only,06 - SMV unattended vehicle,Westboro
13739,TWEEDSMUIR AVE btwn Continuation of TWEEDSMUIR AVE & BYRON AVE,363576.8421,5028349.664,-75.74932,45.39262,2017-04-15,12:32:00 PM,01 - Clear,01 - Dry,10 - No control,01 - Non intersection,01 - Daylight,03 - P.D. only,06 - SMV unattended vehicle,Westboro
13740,TWIN ELM RD btwn BARNSDALE RD & BROPHY DR,360299.3529,5007550.568,-75.79351,45.20574,2017-06-27,5:57:00 AM,01 - Clear,01 - Dry,10 - No control,01 - Non intersection,01 - Daylight,02 - Non-fatal injury,07 - SMV other,Munster Hamlet - Richmond
13741,TWIN ELM RD btwn BARNSDALE RD & BROPHY DR,360877.803,5006099.583,-75.78631,45.19263,2017-07-04,5:54:00 AM,01 - Clear,01 - Dry,10 - No control,01 - Non intersection,01 - Daylight,03 - P.D. only,07 - SMV other,Munster Hamlet - Richmond
13742,TWIN ELM RD btwn CAMBRIAN RD & BARNSDALE RD,359469.2197,5009516.503,-75.80386,45.22349,2017-01-21,5:21:00 PM,01 - Clear,02 - Wet,10 - No control,01 - Non intersection,05 - Dusk,03 - P.D. only,07 - SMV other,Munster Hamlet - Richmond
13743,TWIN ELM RD btwn CAMBRIAN RD & BARNSDALE RD,359926.8645,5008452.347,-75.79815,45.21388,2017-02-04,3:15:00 PM,01 - Clear,05 - Packed snow,10 - No control,01 - Non intersection,01 - Daylight,03 - P.D. only,07 - SMV other,Munster Hamlet - Richmond
13744,TWYFORD ST btwn MCCARTHY RD & CAHILL DR W,370102.1276,5023487.943,-75.66664,45.3483,2017-03-07,10:31:00 AM,04 - Freezing Rain,05 - Packed snow,10 - No control,01 - Non intersection,01 - Daylight,03 - P.D. only,04 - Sideswipe,Hunt Club East - Western Community
13745,TYRRELL PL @ MOODIE DR,357325.9505,5019854.7,-75.83006,45.31668,2017-06-06,2:44:00 PM,02 - Rain,02 - Wet,01 - Traffic signal,02 - Intersection related,01 - Daylight,03 - P.D. only,03 - Rear end,Bells Corners East
13746,TYRRELL PL @ MOODIE DR,357328.1446,5019855.15,-75.83003,45.31668,2017-01-14,12:04:00 PM,01 - Clear,01 - Dry,01 - Traffic signal,03 - At intersection,01 - Daylight,03 - P.D. only,05 - Turning movement,Bells Corners East
13747,TYRRELL PL @ MOODIE DR,357327.3126,5019856.062,-75.83004,45.31669,2017-04-11,3:58:00 PM,01 - Clear,01 - Dry,01 - Traffic signal,03 - At intersection,01 - Daylight,03 - P.D. only,02 - Angle,Bells Corners East
13748,UNIVERSITY RD btwn LIBRARY RD & CAMPUS AVE,367701.1915,5027183.649,-75.6968,45.38177,2017-08-10,4:20:00 AM,01 - Clear,01 - Dry,10 - No control,01 - Non intersection,07 - Dark,03 - P.D. only,07 - SMV other,Carleton University
13749,UPCOUNTRY DR btwn BAYWOOD DR & HARTSMERE DR,351006.5734,5011950.983,-75.91139,45.246,2017-09-20,4:04:00 PM,01 - Clear,01 - Dry,10 - No control,01 - Non intersection,01 - Daylight,02 - Non-fatal injury,07 - SMV other,Stittsville
13750,UPLANDS DR @ AIRPORT PKWY RAMP 35,371124.3946,5021374.51,-75.65388,45.32919,2017-08-31,4:04:00 PM,01 - Clear,01 - Dry,01 - Traffic signal,03 - At intersection,01 - Daylight,02 - Non-fatal injury,05 - Turning movement,Greenbelt
13751,UPLANDS DR @ AIRPORT PKWY RAMP 35,371123.8595,5021373.126,-75.65388,45.32917,2017-06-30,6:37:00 AM,"07 - Fog, mist, smoke, dust",02 - Wet,01 - Traffic signal,02 - Intersection related,01 - Daylight,02 - Non-fatal injury,03 - Rear end,Greenbelt
13752,UPLANDS DR @ AIRPORT PKWY RAMP 35,371123.189,5021374.576,-75.65389,45.32919,2017-10-03,12:21:00 PM,01 - Clear,01 - Dry,01 - Traffic signal,03 - At intersection,01 - Daylight,03 - P.D. only,04 - Sideswipe,Greenbelt
13753,UPLANDS DR @ AIRPORT PKWY RAMP 35,371124.243,5021374.01,-75.65388,45.32918,2017-12-16,5:17:00 PM,01 - Clear,01 - Dry,01 - Traffic signal,02 - Intersection related,07 - Dark,03 - P.D. only,03 - Rear end,Greenbelt
13754,UPLANDS DR @ AIRPORT PKWY RAMP 35,371123.2575,5021372.289,-75.65389,45.32917,2017-12-15,7:05:00 PM,03 - Snow,06 - Ice,01 - Traffic signal,02 - Intersection related,07 - Dark,03 - P.D. only,07 - SMV other,Greenbelt
13755,UPLANDS DR btwn GILLESPIE CRES & COUNTRY CLUB DR,368511.701,5022950.412,-75.687,45.34361,2017-12-24,12:05:00 PM,01 - Clear,01 - Dry,10 - No control,04 - At/near private drive,01 - Daylight,03 - P.D. only,99 - Other,Hunt Club - Ottawa Airport
13756,UPLANDS DR btwn PAUL ANKA DR & SHEARWATER PRIV,369533.463,5023505.693,-75.67389,45.34851,2017-08-22,3:00:00 AM,01 - Clear,01 - Dry,10 - No control,01 - Non intersection,07 - Dark,02 - Non-fatal injury,06 - SMV unattended vehicle,Hunt Club East - Western Community
13757,UPLANDS DR btwn RIVERSIDE DR & NORTH BOWESVILLE RD,368231.8398,5022788.818,-75.69059,45.34218,2017-04-20,5:00:00 PM,01 - Clear,01 - Dry,10 - No control,04 - At/near private drive,01 - Daylight,03 - P.D. only,05 - Turning movement,Hunt Club - Ottawa Airport
13758,UPPER DWYER HILL RD btwn CARROLL SIDE RD & MARCH RD,333917.1754,5014470.895,-76.12893,45.26959,2017-10-18,8:37:00 PM,01 - Clear,01 - Dry,10 - No control,01 - Non intersection,07 - Dark,03 - P.D. only,07 - SMV other,Carp - Hardwood Plains
13759,UPPER DWYER HILL RD btwn CARROLL SIDE RD & MARCH RD,333818.059,5014570.556,-76.13019,45.27049,2017-12-01,7:47:00 PM,01 - Clear,01 - Dry,10 - No control,01 - Non intersection,07 - Dark,03 - P.D. only,07 - SMV other,Carp - Hardwood Plains
13760,UPPER DWYER HILL RD btwn GALETTA SIDE RD & OTTAWA ROAD 29,320654.895,5029055.76,-76.29748,45.40126,2017-08-15,9:30:00 AM,01 - Clear,01 - Dry,10 - No control,01 - Non intersection,01 - Daylight,03 - P.D. only,07 - SMV other,Mississipp
13761,UPPER DWYER HILL RD btwn HAMILTON SIDE RD & MCARTON RD,339954.6113,5007728.729,-76.05247,45.20865,2017-03-30,8:16:00 PM,01 - Clear,01 - Dry,10 - No control,01 - Non intersection,07 - Dark,03 - P.D. only,07 - SMV other,Stittsville - Basswood
13762,UPPER DWYER HILL RD btwn HAMILTON SIDE RD & MCARTON RD,339823.892,5007873.092,-76.05412,45.20995,2017-12-31,7:46:00 PM,01 - Clear,01 - Dry,10 - No control,01 - Non intersection,07 - Dark,03 - P.D. only,07 - SMV other,Stittsville - Basswood
13763,UPPER DWYER HILL RD btwn HAMILTON SIDE RD & MCARTON RD,338276.7437,5009614.462,-76.0737,45.2257,2017-12-24,5:37:00 PM,01 - Clear,06 - Ice,10 - No control,01 - Non intersection,07 - Dark,03 - P.D. only,07 - SMV other,Stittsville - Basswood
13764,UPPER DWYER HILL RD btwn MARCH RD & OLD ALMONTE RD,334256.7466,5014108.235,-76.12463,45.26632,2017-09-14,7:30:00 PM,01 - Clear,01 - Dry,10 - No control,01 - Non intersection,05 - Dusk,03 - P.D. only,07 - SMV other,Carp - Hardwood Plains
13765,UPPER DWYER HILL RD btwn MARCH RD & OLD ALMONTE RD,336925.3552,5011121.329,-76.09081,45.23932,2017-10-01,11:28:00 PM,01 - Clear,01 - Dry,10 - No control,01 - Non intersection,07 - Dark,03 - P.D. only,07 - SMV other,Carp - Hardwood Plains
13766,UPPER DWYER HILL RD btwn MARCH RD & OLD ALMONTE RD,334168.7329,5014203.874,-76.12574,45.26718,2017-11-01,7:33:00 PM,02 - Rain,02 - Wet,10 - No control,01 - Non intersection,07 - Dark,03 - P.D. only,07 - SMV other,Carp - Hardwood Plains
13767,UPPER DWYER HILL RD btwn MARCH RD & OLD ALMONTE RD,335979.8251,5012180.077,-76.10279,45.24889,2017-02-10,7:06:00 PM,03 - Snow,03 - Loose snow,10 - No control,01 - Non intersection,07 - Dark,03 - P.D. only,07 - SMV other,Carp - Hardwood Plains
13768,UPPER DWYER HILL RD btwn MARCH RD & OLD ALMONTE RD,336101.1488,5012053.494,-76.10125,45.24775,2017-02-01,10:21:00 PM,01 - Clear,01 - Dry,10 - No control,01 - Non intersection,07 - Dark,03 - P.D. only,07 - SMV other,Carp - Hardwood Plains
13769,UPPER DWYER HILL RD btwn MARCH RD & OLD ALMONTE RD,335836.8946,5012347.082,-76.1046,45.2504,2017-01-25,5:49:00 PM,04 - Freezing Rain,02 - Wet,10 - No control,01 - Non intersection,07 - Dark,03 - P.D. only,07 - SMV other,Carp - Hardwood Plains
13770,UPPER DWYER HILL RD btwn MARCH RD & OLD ALMONTE RD,336006.7764,5012160.441,-76.10245,45.24871,2017-01-28,5:56:00 PM,01 - Clear,01 - Dry,10 - No control,01 - Non intersection,07 - Dark,03 - P.D. only,07 - SMV other,Carp - Hardwood Plains
13771,UPPER DWYER HILL RD btwn OLD ALMONTE RD & HAMILTON SIDE RD,337743.5152,5010200.299,-76.08045,45.23099,2017-09-21,9:50:00 AM,01 - Clear,01 - Dry,10 - No control,01 - Non intersection,01 - Daylight,03 - P.D. only,99 - Other,Stittsville - Basswood
13772,UPPER DWYER HILL RD btwn VAUGHAN SIDE RD & CARROLL SIDE RD,332731.1462,5015734.914,-76.14397,45.28102,2017-08-13,2:40:00 PM,01 - Clear,01 - Dry,10 - No control,01 - Non intersection,01 - Daylight,02 - Non-fatal injury,07 - SMV other,Carp - Hardwood Plains
13773,UPPER LORNE PL btwn SOMERSET ST W & END,366611.6707,5030397.404,-75.71031,45.41078,2017-06-26,1:00:00 PM,01 - Clear,01 - Dry,10 - No control,04 - At/near private drive,01 - Daylight,03 - P.D. only,06 - SMV unattended vehicle,Centretown West
13774,UPPER LORNE PL btwn SOMERSET ST W & END,366625.7486,5030369.464,-75.71014,45.41053,2017-03-11,12:27:00 PM,01 - Clear,01 - Dry,10 - No control,04 - At/near private drive,01 - Daylight,03 - P.D. only,02 - Angle,Centretown West
13775,VALADE CRES btwn SIDNEY DR & TO BE DETERMINED,383372.9884,5037948.475,-75.495,45.47704,2017-06-11,6:28:00 PM,01 - Clear,01 - Dry,10 - No control,04 - At/near private drive,01 - Daylight,02 - Non-fatal injury,02 - Angle,Fallingbrook
13776,VALIN ST @ INNES RD,387068.7291,5037473.082,-75.44781,45.47234,2017-02-17,8:27:00 PM,01 - Clear,01 - Dry,02 - Stop sign,03 - At intersection,07 - Dark,03 - P.D. only,02 - Angle,Cardinal Creek
13777,VALIN ST btwn CHARLEMAGNE BLVD & NORTHLANDS DR,384745.8392,5037596.117,-75.4775,45.47371,2017-11-14,2:25:00 PM,01 - Clear,01 - Dry,10 - No control,01 - Non intersection,01 - Daylight,03 - P.D. only,02 - Angle,Fallingbrook
13778,VALIN ST btwn NORTHLANDS DR & VARENNES BLVD,385070.7776,5037649.417,-75.47333,45.47416,2017-10-15,2:02:00 AM,02 - Rain,02 - Wet,10 - No control,01 - Non intersection,07 - Dark,03 - P.D. only,06 - SMV unattended vehicle,Fallingbrook
13779,VALLEY STREAM DR btwn SHADOW CRT & SANDCASTLE DR,359413.9297,5021705.756,-75.80322,45.33317,2017-10-16,2:41:00 PM,01 - Clear,01 - Dry,10 - No control,01 - Non intersection,01 - Daylight,03 - P.D. only,06 - SMV unattended vehicle,Briar Green - Leslie Park
13780,VALLEY STREAM DR btwn SHADOW CRT & SANDCASTLE DR,359657.7339,5021691.312,-75.80011,45.33303,2017-02-06,12:00:00 AM,03 - Snow,03 - Loose snow,10 - No control,01 - Non intersection,07 - Dark,03 - P.D. only,06 - SMV unattended vehicle,Briar Green - Leslie Park
13781,VALLIER WAY btwn ASHENVALE WAY & BOISDALE WALK,385687.7491,5034726.324,-75.46593,45.44779,2017-07-04,12:00:00 AM,01 - Clear,01 - Dry,10 - No control,01 - Non intersection,00 - Unknown,03 - P.D. only,06 - SMV unattended vehicle,Avalon
13782,VALOUR DR @ REMEMBRANCE CRES,370674.4316,5029152.272,-75.65858,45.39921,2017-02-21,5:15:00 PM,02 - Rain,02 - Wet,02 - Stop sign,03 - At intersection,01 - Daylight,03 - P.D. only,02 - Angle,Elmvale - Eastway - Riverview - Riverview Park West
13783,VALOUR DR @ SMYTH RD,370667.5894,5029087.171,-75.65868,45.39862,2017-04-09,5:07:00 PM,01 - Clear,01 - Dry,01 - Traffic signal,03 - At intersection,01 - Daylight,02 - Non-fatal injury,02 - Angle,Alta Vista
13784,VALOUR DR btwn ALTA VISTA DR & REMEMBRANCE CRES,370698.692,5029267.881,-75.65825,45.40025,2017-02-15,5:00:00 PM,03 - Snow,03 - Loose snow,10 - No control,04 - At/near private drive,07 - Dark,03 - P.D. only,02 - Angle,Elmvale - Eastway - Riverview - Riverview Park West
13785,VANCES SIDE RD btwn DUNROBIN RD & GREENLAND RD,340720.2211,5034126.766,-76.04081,45.44615,2017-05-10,5:00:00 AM,01 - Clear,01 - Dry,10 - No control,01 - Non intersection,07 - Dark,03 - P.D. only,07 - SMV other,Car
13786,VANCES SIDE RD btwn DUNROBIN RD & GREENLAND RD,340902.2796,5034308.825,-76.03847,45.44778,2017-11-27,4:58:00 PM,01 - Clear,01 - Dry,10 - No control,01 - Non intersection,07 - Dark,03 - P.D. only,07 - SMV other,Car
13787,VANCES SIDE RD btwn DUNROBIN RD & GREENLAND RD,340929.5883,5034325.433,-76.03812,45.44793,2017-11-27,7:33:00 PM,01 - Clear,01 - Dry,10 - No control,01 - Non intersection,07 - Dark,03 - P.D. only,07 - SMV other,Car
13788,VANCES SIDE RD btwn DUNROBIN RD & GREENLAND RD,341996.1678,5035250.233,-76.02441,45.45619,2017-12-28,5:00:00 PM,01 - Clear,02 - Wet,10 - No control,01 - Non intersection,07 - Dark,03 - P.D. only,07 - SMV other,Car
13789,VANESSA TER btwn MAPLE RIDGE CRES & SPRING GROVE LANE,362803.1884,5015421.967,-75.76072,45.27636,2017-03-24,12:08:00 PM,03 - Snow,03 - Loose snow,10 - No control,01 - Non intersection,01 - Daylight,03 - P.D. only,01 - Approaching,Barrhaven West - Old Barrhaven
13790,VANGUARD DR @ VANTAGE DR,383940.3832,5035826.28,-75.48808,45.45788,2017-03-08,8:11:00 AM,01 - Clear,06 - Ice,02 - Stop sign,02 - Intersection related,01 - Daylight,03 - P.D. only,03 - Rear end,Avalon
13791,VANGUARD DR btwn VANTAGE DR & TENTH LINE RD,384000.3438,5035851.024,-75.48731,45.4581,2017-01-27,4:18:00 PM,03 - Snow,03 - Loose snow,10 - No control,04 - At/near private drive,01 - Daylight,03 - P.D. only,02 - Angle,Avalon
13792,VANIER PKWY NB btwn BEECHWOOD AVE/ ST. PATRICK ST/CRICHTON ST & DESCHA,369759.6825,5033315.411,-75.66971,45.43675,2017-07-27,4:00:00 PM,01 - Clear,01 - Dry,10 - No control,01 - Non intersection,01 - Daylight,03 - P.D. only,03 - Rear end,Vanier North
13793,VANIER PKWY NB btwn BEECHWOOD AVE/ ST. PATRICK ST/CRICHTON ST & DESCHA,369836.4908,5033273.719,-75.66874,45.43637,2017-10-27,1:21:00 PM,01 - Clear,01 - Dry,10 - No control,01 - Non intersection,01 - Daylight,03 - P.D. only,03 - Rear end,Vanier North
13794,VANIER PKWY NB btwn BEECHWOOD AVE/ ST. PATRICK ST/CRICHTON ST & DESCHA,369172.375,5033464.306,-75.6772,45.43815,2017-10-27,2:56:00 PM,01 - Clear,01 - Dry,10 - No control,01 - Non intersection,01 - Daylight,03 - P.D. only,03 - Rear end,Lindenlea - New Edinburgh
13795,VANIER PKWY NB btwn BEECHWOOD AVE/ ST. PATRICK ST/CRICHTON ST & DESCHA,369806.3669,5033292.048,-75.66912,45.43654,2017-11-01,12:31:00 AM,01 - Clear,01 - Dry,10 - No control,01 - Non intersection,07 - Dark,03 - P.D. only,07 - SMV other,Vanier North
13796,VANIER PKWY NB btwn BEECHWOOD AVE/ ST. PATRICK ST/CRICHTON ST & DESCHA,369317.5157,5033432.625,-75.67535,45.43785,2017-11-07,2:25:00 PM,01 - Clear,01 - Dry,10 - No control,01 - Non intersection,01 - Daylight,02 - Non-fatal injury,03 - Rear end,Lindenlea - New Edinburgh
13797,VANIER PKWY NB btwn BEECHWOOD AVE/ ST. PATRICK ST/CRICHTON ST & DESCHA,369221.1024,5033453.953,-75.67658,45.43805,2017-12-28,6:18:00 PM,01 - Clear,01 - Dry,10 - No control,01 - Non intersection,07 - Dark,03 - P.D. only,03 - Rear end,Lindenlea - New Edinburgh
13798,VANIER PKWY NB btwn DESCHAMPS AVE & MONTREAL RD,370044.841,5033092.915,-75.6661,45.43472,2017-09-28,2:28:00 PM,01 - Clear,01 - Dry,10 - No control,01 - Non intersection,01 - Daylight,03 - P.D. only,03 - Rear end,Vanier North
13799,VANIER PKWY NB btwn DESCHAMPS AVE & MONTREAL RD,369968.4798,5033173.734,-75.66706,45.43546,2017-01-11,9:12:00 AM,01 - Clear,02 - Wet,10 - No control,01 - Non intersection,01 - Daylight,03 - P.D. only,03 - Rear end,Vanier North
13800,VANIER PKWY NB btwn DESCHAMPS AVE & MONTREAL RD,370002.218,5033139.363,-75.66664,45.43515,2017-02-03,7:07:00 AM,01 - Clear,01 - Dry,10 - No control,01 - Non intersection,03 - Dawn,03 - P.D. only,03 - Rear end,Vanier North
13801,VANIER PKWY NB btwn DONALD ST & QUEEN MARY ST,370328.5267,5032147.286,-75.6626,45.42619,2017-11-24,5:30:00 PM,01 - Clear,01 - Dry,10 - No control,01 - Non intersection,07 - Dark,03 - P.D. only,03 - Rear end,Overbrook
13802,VANIER PKWY NB btwn DONALD ST & QUEEN MARY ST,370360.7005,5031974.976,-75.66221,45.42464,2017-04-18,5:33:00 PM,01 - Clear,01 - Dry,10 - No control,01 - Non intersection,01 - Daylight,03 - P.D. only,03 - Rear end,Overbrook
13803,VANIER PKWY NB btwn MCARTHUR AVE & VANIER PKWY,370250.9752,5032543.869,-75.66354,45.42977,2017-02-17,10:05:00 AM,01 - Clear,01 - Dry,10 - No control,01 - Non intersection,01 - Daylight,03 - P.D. only,03 - Rear end,Vanier South
13804,VANIER PKWY NB btwn MCARTHUR AVE & VANIER PKWY,370233.7144,5032622.668,-75.66375,45.43048,2017-02-10,6:50:00 PM,03 - Snow,03 - Loose snow,10 - No control,01 - Non intersection,07 - Dark,03 - P.D. only,03 - Rear end,Vanier South
13805,VANIER PKWY NB btwn PRESLAND RD & COVENTRY RD,370589.1669,5031661.628,-75.65933,45.4218,2017-07-11,9:36:00 AM,01 - Clear,01 - Dry,10 - No control,01 - Non intersection,01 - Daylight,03 - P.D. only,03 - Rear end,Overbrook
13806,VANIER PKWY NB btwn PRESLAND RD & COVENTRY RD,370588.9297,5031662.121,-75.65934,45.4218,2017-12-14,2:37:00 PM,01 - Clear,02 - Wet,10 - No control,01 - Non intersection,01 - Daylight,03 - P.D. only,03 - Rear end,Overbrook
13807,VANIER PKWY NB btwn PRESLAND RD & COVENTRY RD,370663.4931,5031619.163,-75.65839,45.42141,2017-02-14,6:30:00 PM,03 - Snow,05 - Packed snow,10 - No control,01 - Non intersection,07 - Dark,03 - P.D. only,03 - Rear end,Overbrook
13808,VANIER PKWY NB btwn RIVERSIDE DR & HWY417 IC117 RAMP26,370808.9756,5031301.616,-75.65657,45.41854,2017-05-30,6:50:00 PM,01 - Clear,01 - Dry,10 - No control,01 - Non intersection,01 - Daylight,03 - P.D. only,03 - Rear end,Overbrook
13809,VANIER PKWY NB btwn RIVERSIDE DR & HWY417 IC117 RAMP26,370814.2992,5031204.603,-75.65652,45.41766,2017-07-26,9:23:00 AM,01 - Clear,01 - Dry,10 - No control,07 - Overpass or bridge,01 - Daylight,03 - P.D. only,04 - Sideswipe,Industrial Park
13810,VANIER PKWY NB btwn RIVERSIDE DR & HWY417 IC117 RAMP26,370804.7579,5031327.374,-75.65662,45.41877,2017-09-20,3:51:00 PM,01 - Clear,01 - Dry,10 - No control,01 - Non intersection,01 - Daylight,03 - P.D. only,04 - Sideswipe,Overbrook
13811,VANIER PKWY NB btwn RIVERSIDE DR & HWY417 IC117 RAMP26,370813.9876,5031207.198,-75.65652,45.41769,2017-11-07,6:15:00 PM,01 - Clear,01 - Dry,10 - No control,07 - Overpass or bridge,07 - Dark,03 - P.D. only,03 - Rear end,Industrial Park
13812,VANIER PKWY NB btwn RIVERSIDE DR & HWY417 IC117 RAMP26,370805.0551,5031326.079,-75.65662,45.41876,2017-03-08,6:37:00 PM,01 - Clear,01 - Dry,10 - No control,01 - Non intersection,05 - Dusk,03 - P.D. only,03 - Rear end,Overbrook
13813,VANIER PKWY NB btwn VANIER PKWY & DONALD ST,370270.576,5032462.559,-75.6633,45.42903,2017-11-23,9:42:00 PM,01 - Clear,01 - Dry,10 - No control,01 - Non intersection,07 - Dark,03 - P.D. only,03 - Rear end,Vanier South
13814,VANIER PKWY SB btwn BEECHWOOD AVE/ ST. PATRICK ST/CRICHTON ST & DESCHA,369561.6722,5033371.295,-75.67224,45.43727,2017-04-11,9:54:00 AM,01 - Clear,02 - Wet,10 - No control,01 - Non intersection,01 - Daylight,03 - P.D. only,03 - Rear end,Vanier
13815,VANIER PKWY SB btwn DONALD ST & QUEEN MARY ST,370300.6763,5032257.207,-75.66294,45.42718,2017-04-29,10:13:00 PM,01 - Clear,01 - Dry,10 - No control,01 - Non intersection,07 - Dark,02 - Non-fatal injury,04 - Sideswipe,Overbrook
13816,VANIER PKWY SB btwn MONTREAL RD & MCARTHUR AVE,370082.5459,5033016.412,-75.66563,45.43403,2017-10-13,12:20:00 PM,01 - Clear,01 - Dry,10 - No control,01 - Non intersection,01 - Daylight,03 - P.D. only,04 - Sideswipe,Vanier South
13817,VANIER PKWY SB btwn MONTREAL RD & MCARTHUR AVE,370200.3104,5032732.726,-75.66416,45.43147,2017-03-09,10:40:00 AM,01 - Clear,01 - Dry,10 - No control,01 - Non intersection,01 - Daylight,03 - P.D. only,04 - Sideswipe,Vanier South
13818,VANIER PKWY SB btwn PRESLAND RD & COVENTRY RD,370447.3525,5031734.637,-75.66114,45.42247,2017-09-23,12:32:00 PM,01 - Clear,01 - Dry,10 - No control,01 - Non intersection,01 - Daylight,02 - Non-fatal injury,04 - Sideswipe,Overbrook
13819,VANIER PKWY SB btwn QUEEN MARY ST & PRESLAND RD,370408.5923,5031784.665,-75.66162,45.42292,2017-05-01,10:53:00 AM,02 - Rain,02 - Wet,10 - No control,01 - Non intersection,01 - Daylight,03 - P.D. only,03 - Rear end,Overbrook
13820,VANIER PKWY SB btwn RIVERSIDE DR & TO BE DETERMINED,370798.9167,5031281.417,-75.6567,45.41835,2017-04-05,12:24:00 PM,01 - Clear,01 - Dry,10 - No control,01 - Non intersection,01 - Daylight,03 - P.D. only,03 - Rear end,Overbrook
13821,VANIER PKWY SB btwn VANIER PKWY & DONALD ST,370277.0644,5032383.845,-75.66323,45.42832,2017-01-01,3:16:00 AM,03 - Snow,03 - Loose snow,10 - No control,01 - Non intersection,07 - Dark,03 - P.D. only,04 - Sideswipe,Vanier South
13822,VANIER PKWY/CRICHTON ST @ BEECHWOOD AVE/ST. PA,369127.3795,5033487.005,-75.67777,45.43836,2017-06-01,10:00:00 AM,01 - Clear,01 - Dry,01 - Traffic signal,02 - Intersection related,01 - Daylight,03 - P.D. only,03 - Rear end,Vanier North
13823,VANIER PKWY/CRICHTON ST @ BEECHWOOD AVE/ST. PA,369127.0108,5033487.486,-75.67778,45.43836,2017-06-13,8:00:00 PM,01 - Clear,01 - Dry,01 - Traffic signal,02 - Intersection related,01 - Daylight,03 - P.D. only,03 - Rear end,Vanier North
13824,VANIER PKWY/CRICHTON ST @ BEECHWOOD AVE/ST. PA,369127.7731,5033487.107,-75.67777,45.43836,2017-04-24,2:25:00 PM,01 - Clear,01 - Dry,01 - Traffic signal,02 - Intersection related,01 - Daylight,03 - P.D. only,03 - Rear end,Vanier North
13825,VANIER PKWY/CRICHTON ST @ BEECHWOOD AVE/ST. PA,369127.7538,5033487.107,-75.67777,45.43836,2017-05-27,5:40:00 PM,01 - Clear,01 - Dry,01 - Traffic signal,02 - Intersection related,01 - Daylight,03 - P.D. only,03 - Rear end,Vanier North