Record,Location,X,Y,Longitude,Latitude,Date,Time,Environment,Road_Surface,Traffic_Control,Collision_Location,Light,Collision_Classification,Impact_type,Neighborhood
13826,VANIER PKWY/CRICHTON ST @ BEECHWOOD AVE/ST. PA,369127.5406,5033487.237,-75.67777,45.43836,2017-08-05,1:44:00 PM,01 - Clear,01 - Dry,01 - Traffic signal,02 - Intersection related,01 - Daylight,03 - P.D. only,03 - Rear end,Vanier North
13827,VANIER PKWY/CRICHTON ST @ BEECHWOOD AVE/ST. PA,369127.6262,5033487.324,-75.67777,45.43836,2017-08-31,6:46:00 PM,01 - Clear,01 - Dry,01 - Traffic signal,02 - Intersection related,01 - Daylight,03 - P.D. only,04 - Sideswipe,Vanier North
13828,VANIER PKWY/CRICHTON ST @ BEECHWOOD AVE/ST. PA,369127.1279,5033491.157,-75.67777,45.43839,2017-07-13,7:54:00 AM,01 - Clear,01 - Dry,01 - Traffic signal,03 - At intersection,01 - Daylight,02 - Non-fatal injury,02 - Angle,New Edinburgh
13829,VANIER PKWY/CRICHTON ST @ BEECHWOOD AVE/ST. PA,369127.0843,5033493.339,-75.67777,45.43841,2017-10-02,2:09:00 PM,01 - Clear,01 - Dry,01 - Traffic signal,03 - At intersection,01 - Daylight,02 - Non-fatal injury,07 - SMV other,New Edinburgh
13830,VANIER PKWY/CRICHTON ST @ BEECHWOOD AVE/ST. PA,369127.797,5033488.992,-75.67777,45.43837,2017-09-02,11:28:00 AM,01 - Clear,01 - Dry,01 - Traffic signal,02 - Intersection related,01 - Daylight,03 - P.D. only,03 - Rear end,Vanier North
13831,VANIER PKWY/CRICHTON ST @ BEECHWOOD AVE/ST. PA,369128.1711,5033486.138,-75.67776,45.43835,2017-09-21,9:33:00 AM,01 - Clear,01 - Dry,01 - Traffic signal,02 - Intersection related,01 - Daylight,03 - P.D. only,03 - Rear end,Vanier North
13832,VANIER PKWY/CRICHTON ST @ BEECHWOOD AVE/ST. PA,369127.8277,5033486.908,-75.67777,45.43835,2017-09-03,11:51:00 PM,01 - Clear,01 - Dry,01 - Traffic signal,02 - Intersection related,07 - Dark,02 - Non-fatal injury,07 - SMV other,Vanier North
13833,VANIER PKWY/CRICHTON ST @ BEECHWOOD AVE/ST. PA,369127.797,5033486.895,-75.67777,45.43835,2017-11-04,1:58:00 PM,01 - Clear,01 - Dry,01 - Traffic signal,03 - At intersection,01 - Daylight,03 - P.D. only,03 - Rear end,Vanier North
13834,VANIER PKWY/CRICHTON ST @ BEECHWOOD AVE/ST. PA,369127.8528,5033487.147,-75.67777,45.43836,2017-11-25,12:19:00 PM,01 - Clear,01 - Dry,01 - Traffic signal,02 - Intersection related,01 - Daylight,03 - P.D. only,03 - Rear end,Vanier North
13835,VANIER PKWY/CRICHTON ST @ BEECHWOOD AVE/ST. PA,369128.113,5033487.336,-75.67776,45.43836,2017-11-07,10:20:00 AM,01 - Clear,01 - Dry,01 - Traffic signal,03 - At intersection,01 - Daylight,03 - P.D. only,05 - Turning movement,Vanier North
13836,VANIER PKWY/CRICHTON ST @ BEECHWOOD AVE/ST. PA,369127.8414,5033486.936,-75.67777,45.43835,2017-01-17,8:43:00 AM,01 - Clear,01 - Dry,01 - Traffic signal,02 - Intersection related,01 - Daylight,03 - P.D. only,03 - Rear end,Vanier North
13837,VANIER PKWY/CRICHTON ST @ BEECHWOOD AVE/ST. PA,369128.0101,5033486.971,-75.67776,45.43836,2017-02-15,8:56:00 AM,03 - Snow,03 - Loose snow,01 - Traffic signal,02 - Intersection related,01 - Daylight,02 - Non-fatal injury,03 - Rear end,Vanier North
13838,VANIER PKWY/CRICHTON ST @ BEECHWOOD AVE/ST. PA,369126.9248,5033486.141,-75.67778,45.43835,2017-01-11,7:46:00 AM,01 - Clear,04 - Slush,01 - Traffic signal,02 - Intersection related,03 - Dawn,03 - P.D. only,04 - Sideswipe,Vanier North
13839,VANIER PKWY/CRICHTON ST @ BEECHWOOD AVE/ST. PA,369128.0058,5033487.631,-75.67776,45.43836,2017-03-06,7:49:00 PM,03 - Snow,02 - Wet,01 - Traffic signal,03 - At intersection,07 - Dark,03 - P.D. only,05 - Turning movement,Vanier North
13840,VANIER PKWY/CRICHTON ST @ BEECHWOOD AVE/ST. PA,369127.7709,5033486.702,-75.67777,45.43835,2017-03-25,5:14:00 PM,01 - Clear,02 - Wet,01 - Traffic signal,02 - Intersection related,01 - Daylight,03 - P.D. only,03 - Rear end,Vanier North
13841,VANIER PKWY/CRICHTON ST @ BEECHWOOD AVE/ST. PA,369127.576,5033487.01,-75.67777,45.43836,2017-04-04,5:21:00 PM,02 - Rain,02 - Wet,01 - Traffic signal,02 - Intersection related,01 - Daylight,03 - P.D. only,03 - Rear end,Vanier North
13842,VANIER PKWY/CRICHTON ST @ BEECHWOOD AVE/ST. PA,369127.8699,5033486.862,-75.67777,45.43835,2017-02-20,6:00:00 PM,01 - Clear,01 - Dry,01 - Traffic signal,02 - Intersection related,07 - Dark,02 - Non-fatal injury,07 - SMV other,Vanier North
13843,VANIER PKWY/CRICHTON ST @ BEECHWOOD AVE/ST. PA,369128.4011,5033487.179,-75.67776,45.43836,2017-03-03,10:15:00 AM,01 - Clear,01 - Dry,01 - Traffic signal,02 - Intersection related,01 - Daylight,03 - P.D. only,99 - Other,Vanier North
13844,VARENNES BLVD @ WATTERS RD,384835.3446,5038435.127,-75.47622,45.48125,2017-10-08,11:54:00 AM,01 - Clear,01 - Dry,02 - Stop sign,02 - Intersection related,01 - Daylight,02 - Non-fatal injury,05 - Turning movement,Fallingbrook
13845,VARLEY DR btwn BEAVERBROOK RD & MILNE CRES,351433.9757,5021087.461,-75.90508,45.32819,2017-01-31,8:50:00 PM,01 - Clear,01 - Dry,10 - No control,04 - At/near private drive,07 - Dark,02 - Non-fatal injury,06 - SMV unattended vehicle,Beaverbrook
13846,VAUGHAN SIDE RD btwn PETER ROBINSON RD & MARSHWOOD RD,333539.7551,5018071.338,-76.13353,45.30201,2017-11-04,5:15:00 PM,01 - Clear,01 - Dry,10 - No control,01 - Non intersection,07 - Dark,03 - P.D. only,07 - SMV other,Carp - Hardwood Plains
13847,VENTNOR WAY btwn TRIPP CRES & MALVERN DR,363209.7918,5016237.971,-75.75544,45.28367,2017-01-16,12:00:00 AM,01 - Clear,05 - Packed snow,10 - No control,01 - Non intersection,00 - Unknown,03 - P.D. only,06 - SMV unattended vehicle,Barrhaven West - Old Barrhaven
13848,VERMILLION DR E @ BRITO ST,368815.155,5016515.945,-75.68396,45.28568,2017-12-23,11:15:00 AM,03 - Snow,03 - Loose snow,03 - Yield sign,02 - Intersection related,01 - Daylight,03 - P.D. only,07 - SMV other,Gloucester
13849,VIA SAN MARINO ST btwn CHARING CROSS WAY & HIGHBURY PARK DR,363812.0323,5015741.276,-75.74782,45.27915,2017-09-29,8:00:00 PM,02 - Rain,02 - Wet,10 - No control,01 - Non intersection,07 - Dark,03 - P.D. only,06 - SMV unattended vehicle,New Barrhaven
13850,VICTORIA ST btwn 9TH LINE RD & YORKS CORNERS RD,387232.6548,5012272.78,-75.44992,45.24559,2017-07-21,6:03:00 PM,01 - Clear,01 - Dry,10 - No control,01 - Non intersection,01 - Daylight,03 - P.D. only,03 - Rear end,Metcalfe
13851,VICTORIA ST btwn BOWEN ST & 8TH LINE RD,385379.2799,5011121.857,-75.47371,45.23545,2017-04-28,5:14:00 PM,01 - Clear,01 - Dry,10 - No control,04 - At/near private drive,01 - Daylight,03 - P.D. only,02 - Angle,Metcalfe
13852,VICTORIA ST btwn BOWEN ST & 8TH LINE RD,385433.6001,5011154.276,-75.47302,45.23573,2017-01-24,9:45:00 AM,03 - Snow,03 - Loose snow,10 - No control,01 - Non intersection,01 - Daylight,03 - P.D. only,06 - SMV unattended vehicle,Metcalfe
13853,VICTORIA ST btwn CAROLINE ST & GLENWOOD DR,385656.1786,5011291.439,-75.47016,45.23694,2017-05-05,3:59:00 PM,02 - Rain,02 - Wet,10 - No control,01 - Non intersection,01 - Daylight,03 - P.D. only,03 - Rear end,Metcalfe
13854,VICTORIA ST btwn CARTWRIGHT RD & BOUNDARY RD,390558.4948,5013866.442,-75.40729,45.25953,2017-01-16,4:38:00 PM,01 - Clear,01 - Dry,10 - No control,01 - Non intersection,05 - Dusk,02 - Non-fatal injury,07 - SMV other,Metcalfe
13855,VICTORIA ST btwn YORKS CORNERS RD & CARTWRIGHT RD,389254.9877,5013565.483,-75.42394,45.25698,2017-11-24,4:51:00 PM,01 - Clear,01 - Dry,10 - No control,01 - Non intersection,05 - Dusk,03 - P.D. only,07 - SMV other,Metcalfe
13856,VICTORIA ST btwn YORKS CORNERS RD & CARTWRIGHT RD,390086.4817,5014085.375,-75.41326,45.26156,2017-04-11,7:50:00 AM,01 - Clear,01 - Dry,10 - No control,01 - Non intersection,01 - Daylight,03 - P.D. only,07 - SMV other,Metcalfe
13857,VIENNA TER btwn MONTMORENCY WAY & MONTMORENCY WAY,384731.908,5034577.742,-75.47817,45.44656,2017-08-01,6:00:00 PM,01 - Clear,01 - Dry,10 - No control,01 - Non intersection,99 - Other,03 - P.D. only,06 - SMV unattended vehicle,Avalon
13858,VIEWMOUNT DR @ MERIVALE RD,365194.0316,5022949.164,-75.72933,45.34389,2017-05-07,12:48:00 PM,01 - Clear,01 - Dry,01 - Traffic signal,02 - Intersection related,01 - Daylight,03 - P.D. only,03 - Rear end,Tanglewood
13859,VIEWMOUNT DR @ MERIVALE RD,365194.7004,5022948.495,-75.72932,45.34388,2017-06-13,12:35:00 PM,01 - Clear,01 - Dry,01 - Traffic signal,03 - At intersection,01 - Daylight,03 - P.D. only,05 - Turning movement,Tanglewood
13860,VIEWMOUNT DR @ MERIVALE RD,365193.6971,5022948.256,-75.72934,45.34388,2017-08-23,1:50:00 PM,01 - Clear,01 - Dry,01 - Traffic signal,03 - At intersection,01 - Daylight,03 - P.D. only,05 - Turning movement,Tanglewood
13861,VIEWMOUNT DR @ MERIVALE RD,365194.6439,5022948.259,-75.72933,45.34388,2017-08-29,10:47:00 AM,01 - Clear,01 - Dry,01 - Traffic signal,02 - Intersection related,01 - Daylight,03 - P.D. only,05 - Turning movement,Tanglewood
13862,VIEWMOUNT DR @ MERIVALE RD,365193.3627,5022947.827,-75.72934,45.34388,2017-06-26,6:30:00 PM,01 - Clear,01 - Dry,01 - Traffic signal,02 - Intersection related,01 - Daylight,03 - P.D. only,03 - Rear end,Tanglewood
13863,VIEWMOUNT DR @ MERIVALE RD,365193.0591,5022948.814,-75.72935,45.34389,2017-07-15,7:43:00 PM,01 - Clear,01 - Dry,01 - Traffic signal,03 - At intersection,01 - Daylight,03 - P.D. only,02 - Angle,Tanglewood
13864,VIEWMOUNT DR @ MERIVALE RD,365193.2502,5022948.719,-75.72934,45.34389,2017-09-15,3:30:00 PM,01 - Clear,01 - Dry,01 - Traffic signal,02 - Intersection related,01 - Daylight,02 - Non-fatal injury,03 - Rear end,Tanglewood
13865,VIEWMOUNT DR @ MERIVALE RD,365194.144,5022948.272,-75.72933,45.34388,2017-09-18,1:50:00 PM,01 - Clear,01 - Dry,01 - Traffic signal,02 - Intersection related,01 - Daylight,03 - P.D. only,03 - Rear end,Tanglewood
13866,VIEWMOUNT DR @ MERIVALE RD,365193.6971,5022948.734,-75.72934,45.34389,2017-09-15,7:01:00 PM,01 - Clear,01 - Dry,01 - Traffic signal,03 - At intersection,01 - Daylight,03 - P.D. only,04 - Sideswipe,Tanglewood
13867,VIEWMOUNT DR @ MERIVALE RD,365192.7504,5022947.785,-75.72935,45.34388,2017-10-25,2:45:00 PM,01 - Clear,01 - Dry,01 - Traffic signal,02 - Intersection related,01 - Daylight,03 - P.D. only,03 - Rear end,Tanglewood
13868,VIEWMOUNT DR @ MERIVALE RD,365194.1705,5022947.785,-75.72933,45.34388,2017-09-23,2:28:00 PM,01 - Clear,01 - Dry,01 - Traffic signal,02 - Intersection related,01 - Daylight,03 - P.D. only,03 - Rear end,Tanglewood
13869,VIEWMOUNT DR @ MERIVALE RD,365194.0316,5022948.495,-75.72933,45.34388,2017-11-20,12:41:00 PM,01 - Clear,01 - Dry,01 - Traffic signal,02 - Intersection related,01 - Daylight,03 - P.D. only,04 - Sideswipe,Tanglewood
13870,VIEWMOUNT DR @ MERIVALE RD,365193.3627,5022949.833,-75.72934,45.3439,2017-02-17,9:32:00 AM,01 - Clear,02 - Wet,01 - Traffic signal,03 - At intersection,01 - Daylight,03 - P.D. only,02 - Angle,Tanglewood
13871,VIEWMOUNT DR @ MERIVALE RD,365194.0316,5022949.164,-75.72933,45.34389,2017-02-10,7:33:00 AM,01 - Clear,01 - Dry,01 - Traffic signal,02 - Intersection related,01 - Daylight,03 - P.D. only,03 - Rear end,Tanglewood
13872,VIEWMOUNT DR @ MERIVALE RD,365193.6971,5022949.73,-75.72934,45.34389,2017-02-02,9:29:00 PM,01 - Clear,02 - Wet,01 - Traffic signal,02 - Intersection related,07 - Dark,03 - P.D. only,05 - Turning movement,Tanglewood
13873,VIEWMOUNT DR @ MERIVALE RD,365193.1507,5022948.495,-75.72934,45.34388,2017-01-30,4:14:00 PM,01 - Clear,01 - Dry,01 - Traffic signal,02 - Intersection related,01 - Daylight,03 - P.D. only,03 - Rear end,Tanglewood
13874,VIEWMOUNT DR @ MERIVALE RD,365192.1962,5022947.37,-75.72936,45.34387,2017-02-06,6:07:00 PM,03 - Snow,06 - Ice,01 - Traffic signal,02 - Intersection related,07 - Dark,03 - P.D. only,99 - Other,Tanglewood
13875,VIEWMOUNT DR @ MERIVALE RD,365193.3627,5022949.833,-75.72934,45.3439,2017-04-15,12:07:00 PM,01 - Clear,01 - Dry,01 - Traffic signal,02 - Intersection related,01 - Daylight,03 - P.D. only,03 - Rear end,Tanglewood
13876,VIEWMOUNT DR @ MERIVALE RD,365194.7004,5022947.827,-75.72932,45.34388,2017-02-26,3:45:00 PM,01 - Clear,01 - Dry,01 - Traffic signal,02 - Intersection related,01 - Daylight,03 - P.D. only,04 - Sideswipe,Tanglewood
13877,VIEWMOUNT DR @ MERIVALE RD,365193.3627,5022949.833,-75.72934,45.3439,2017-12-16,3:21:00 AM,03 - Snow,05 - Packed snow,01 - Traffic signal,03 - At intersection,07 - Dark,03 - P.D. only,02 - Angle,Tanglewood
13878,VIEWMOUNT DR @ MERIVALE RD,365193.2192,5022948.256,-75.72934,45.34388,2017-12-17,1:26:00 PM,03 - Snow,06 - Ice,01 - Traffic signal,03 - At intersection,01 - Daylight,03 - P.D. only,03 - Rear end,Tanglewood
13879,VIEWMOUNT DR @ MERIVALE RD,365194.1705,5022949.205,-75.72933,45.34389,2017-12-20,4:04:00 PM,01 - Clear,01 - Dry,01 - Traffic signal,02 - Intersection related,05 - Dusk,03 - P.D. only,05 - Turning movement,Tanglewood
13880,VIEWMOUNT DR btwn 140 W OF CHESTERTON & EUROPA PRIV,366145.7096,5023408.634,-75.71713,45.34794,2017-11-08,9:35:00 PM,01 - Clear,01 - Dry,10 - No control,01 - Non intersection,07 - Dark,03 - P.D. only,06 - SMV unattended vehicle,Borden Farm - Stewart Farm - Parkwood Hills - Fisher Glen
13881,VIEWMOUNT DR btwn CHESTERTON DR & COACH HOUSE GT,366236.48,5023523.923,-75.71596,45.34897,2017-11-09,10:29:00 AM,01 - Clear,01 - Dry,10 - No control,04 - At/near private drive,01 - Daylight,02 - Non-fatal injury,03 - Rear end,Borden Farm - Stewart Farm - Parkwood Hills - Fisher Glen
13882,VIEWMOUNT DR btwn GLENMANOR DR & MERIVALE RD,365173.9647,5022937.124,-75.72959,45.34378,2017-02-22,1:09:00 PM,01 - Clear,01 - Dry,10 - No control,01 - Non intersection,01 - Daylight,03 - P.D. only,04 - Sideswipe,Tanglewood
13883,VIEWMOUNT DR btwn MERIVALE RD & GRANT CARMAN DR,365271.1502,5022993.548,-75.72834,45.34428,2017-10-27,9:10:00 AM,01 - Clear,01 - Dry,10 - No control,04 - At/near private drive,01 - Daylight,03 - P.D. only,05 - Turning movement,Borden Farm - Stewart Farm - Parkwood Hills - Fisher Glen
13884,VIEWMOUNT DR btwn MERIVALE RD & GRANT CARMAN DR,365298.2456,5023010.363,-75.728,45.34443,2017-10-18,9:46:00 PM,01 - Clear,01 - Dry,10 - No control,04 - At/near private drive,07 - Dark,03 - P.D. only,02 - Angle,Borden Farm - Stewart Farm - Parkwood Hills - Fisher Glen
13885,VIEWMOUNT DR btwn MERIVALE RD & GRANT CARMAN DR,365295.0349,5023010.034,-75.72804,45.34443,2017-11-06,3:15:00 PM,01 - Clear,01 - Dry,10 - No control,04 - At/near private drive,01 - Daylight,03 - P.D. only,05 - Turning movement,Borden Farm - Stewart Farm - Parkwood Hills - Fisher Glen
13886,VIEWMOUNT DR btwn MERIVALE RD & GRANT CARMAN DR,365307.075,5023016.054,-75.72788,45.34448,2017-12-05,4:30:00 PM,02 - Rain,02 - Wet,10 - No control,04 - At/near private drive,05 - Dusk,03 - P.D. only,05 - Turning movement,Borden Farm - Stewart Farm - Parkwood Hills - Fisher Glen
13887,VIEWMOUNT DR btwn MERIVALE RD & GRANT CARMAN DR,365287.852,5023006.473,-75.72813,45.3444,2017-01-31,6:46:00 PM,01 - Clear,01 - Dry,10 - No control,04 - At/near private drive,07 - Dark,03 - P.D. only,02 - Angle,Borden Farm - Stewart Farm - Parkwood Hills - Fisher Glen
13888,VIEWMOUNT DR btwn MERIVALE RD & GRANT CARMAN DR,365286.0048,5023002.697,-75.72815,45.34436,2017-12-19,4:20:00 PM,04 - Freezing Rain,04 - Slush,10 - No control,04 - At/near private drive,05 - Dusk,03 - P.D. only,05 - Turning movement,Borden Farm - Stewart Farm - Parkwood Hills - Fisher Glen
13889,VIRGINIA DR btwn KILBORN AVE & MCMASTER AVE,371769.4278,5027864.536,-75.64477,45.38752,2017-05-10,2:03:00 PM,01 - Clear,01 - Dry,10 - No control,04 - At/near private drive,01 - Daylight,03 - P.D. only,06 - SMV unattended vehicle,Playfair Park - Lynda Park - Guildwood Estates
13890,VISTAPARK DR @ BRANTHAVEN ST,385024.939,5034951.356,-75.47436,45.44989,2017-10-17,8:40:00 AM,01 - Clear,01 - Dry,10 - No control,02 - Intersection related,01 - Daylight,03 - P.D. only,02 - Angle,Avalon
13891,WADE CRT btwn CRAIG HENRY DR & END,361255.9895,5021475.223,-75.77975,45.33095,2017-04-24,12:00:00 AM,01 - Clear,01 - Dry,10 - No control,01 - Non intersection,00 - Unknown,03 - P.D. only,06 - SMV unattended vehicle,Woodvale - Craig Henry - Manordale - Estates of Arlington Wo
13892,WALGREEN RD N @ WESTBROOK RD N,347507.9034,5015220.777,-75.95567,45.27565,2017-05-12,6:16:00 AM,01 - Clear,01 - Dry,02 - Stop sign,03 - At intersection,01 - Daylight,03 - P.D. only,02 - Angle,Stittsville - Basswood
13893,WALKLEY EXTENSION RD btwn HWY417 IC110 RAMP65 & HWY417 IC110 RAMP56,375821.5787,5029086.733,-75.59285,45.39812,2017-05-16,2:40:00 PM,01 - Clear,01 - Dry,10 - No control,07 - Overpass or bridge,01 - Daylight,03 - P.D. only,03 - Rear end,Greenbelt
13894,WALKLEY EXTENSION RD btwn HWY417 IC110 RAMP65 & HWY417 IC110 RAMP56,375821.679,5029087.242,-75.59285,45.39812,2017-05-16,2:17:00 PM,01 - Clear,01 - Dry,10 - No control,07 - Overpass or bridge,01 - Daylight,02 - Non-fatal injury,04 - Sideswipe,Greenbelt
13895,WALKLEY EXTENSION RD btwn HWY417 IC110 RAMP66 & RAMSAYVILLE RD,376238.3232,5029314.196,-75.5875,45.40012,2017-12-12,7:32:00 AM,03 - Snow,04 - Slush,10 - No control,01 - Non intersection,03 - Dawn,03 - P.D. only,07 - SMV other,Greenbelt
13896,WALKLEY EXTENSION RD btwn WALKLEY RD & HWY417 IC110 RAMP55,375501.9557,5028915.939,-75.59696,45.39661,2017-01-25,5:17:00 PM,01 - Clear,02 - Wet,10 - No control,01 - Non intersection,05 - Dusk,02 - Non-fatal injury,03 - Rear end,Greenbelt
13897,WALKLEY RD @ 160 W OF CONROY RD,372768.3026,5027385.472,-75.63208,45.38311,2017-05-11,5:42:00 AM,01 - Clear,01 - Dry,01 - Traffic signal,02 - Intersection related,03 - Dawn,02 - Non-fatal injury,07 - SMV other,Elmvale - Eastway - Riverview - Riverview Park West
13898,WALKLEY RD @ AIRPORT PKWY SB RAMP,369837.1905,5025651.29,-75.66973,45.36779,2017-12-20,5:14:00 PM,01 - Clear,04 - Slush,03 - Yield sign,02 - Intersection related,07 - Dark,03 - P.D. only,03 - Rear end,Riverside Park
13899,WALKLEY RD @ DON REID DR/RYDER ST,372602.0614,5027285.213,-75.63422,45.38223,2017-06-04,12:37:00 PM,01 - Clear,01 - Dry,01 - Traffic signal,03 - At intersection,01 - Daylight,03 - P.D. only,02 - Angle,Playfair Park - Lynda Park - Guildwood Estates
13900,WALKLEY RD @ DON REID DR/RYDER ST,372602.3046,5027284.413,-75.63421,45.38222,2017-05-29,10:40:00 AM,02 - Rain,02 - Wet,01 - Traffic signal,03 - At intersection,01 - Daylight,03 - P.D. only,02 - Angle,Playfair Park - Lynda Park - Guildwood Estates
13901,WALKLEY RD @ DON REID DR/RYDER ST,372601.7269,5027284.314,-75.63422,45.38222,2017-06-28,3:34:00 PM,01 - Clear,01 - Dry,01 - Traffic signal,03 - At intersection,01 - Daylight,02 - Non-fatal injury,02 - Angle,Playfair Park - Lynda Park - Guildwood Estates
13902,WALKLEY RD @ DON REID DR/RYDER ST,372602.3367,5027284.537,-75.63421,45.38222,2017-09-02,4:25:00 PM,01 - Clear,01 - Dry,01 - Traffic signal,03 - At intersection,01 - Daylight,02 - Non-fatal injury,02 - Angle,Playfair Park - Lynda Park - Guildwood Estates
13903,WALKLEY RD @ DON REID DR/RYDER ST,372602.6049,5027284.247,-75.63421,45.38222,2017-06-28,3:51:00 PM,01 - Clear,01 - Dry,01 - Traffic signal,02 - Intersection related,01 - Daylight,03 - P.D. only,03 - Rear end,Playfair Park - Lynda Park - Guildwood Estates
13904,WALKLEY RD @ DON REID DR/RYDER ST,372604.0898,5027286.891,-75.63419,45.38224,2017-08-08,7:30:00 AM,01 - Clear,01 - Dry,01 - Traffic signal,02 - Intersection related,01 - Daylight,03 - P.D. only,03 - Rear end,Playfair Park - Lynda Park - Guildwood Estates
13905,WALKLEY RD @ DON REID DR/RYDER ST,372601.8063,5027284.537,-75.63422,45.38222,2017-09-26,11:04:00 PM,01 - Clear,01 - Dry,01 - Traffic signal,02 - Intersection related,07 - Dark,03 - P.D. only,03 - Rear end,Playfair Park - Lynda Park - Guildwood Estates
13906,WALKLEY RD @ DON REID DR/RYDER ST,372602.0614,5027284.544,-75.63422,45.38222,2017-10-20,5:15:00 PM,01 - Clear,01 - Dry,01 - Traffic signal,02 - Intersection related,01 - Daylight,02 - Non-fatal injury,03 - Rear end,Playfair Park - Lynda Park - Guildwood Estates
13907,WALKLEY RD @ DON REID DR/RYDER ST,372602.7302,5027285.213,-75.63421,45.38223,2017-03-24,11:16:00 AM,03 - Snow,02 - Wet,01 - Traffic signal,02 - Intersection related,01 - Daylight,03 - P.D. only,07 - SMV other,Playfair Park - Lynda Park - Guildwood Estates
13908,WALKLEY RD @ DON REID DR/RYDER ST,372602.7302,5027283.875,-75.63421,45.38221,2017-03-14,6:18:00 PM,03 - Snow,03 - Loose snow,01 - Traffic signal,02 - Intersection related,05 - Dusk,03 - P.D. only,07 - SMV other,Playfair Park - Lynda Park - Guildwood Estates
13909,WALKLEY RD @ GLENHAVEN PRIV,370212.9655,5025873.931,-75.66491,45.36976,2017-08-17,11:43:00 AM,01 - Clear,01 - Dry,01 - Traffic signal,02 - Intersection related,01 - Daylight,03 - P.D. only,04 - Sideswipe,Ledbury - Heron Gate - Ridgemont - Elmwood
13910,WALKLEY RD @ GLENHAVEN PRIV,370213.0003,5025872.485,-75.66491,45.36974,2017-08-25,12:19:00 PM,01 - Clear,08 - Loose sand or gravel,01 - Traffic signal,02 - Intersection related,01 - Daylight,02 - Non-fatal injury,03 - Rear end,Ledbury - Heron Gate - Ridgemont - Elmwood
13911,WALKLEY RD @ GLENHAVEN PRIV,370213.3297,5025873.672,-75.6649,45.36975,2017-07-06,5:14:00 PM,01 - Clear,01 - Dry,01 - Traffic signal,02 - Intersection related,01 - Daylight,03 - P.D. only,03 - Rear end,Ledbury - Heron Gate - Ridgemont - Elmwood
13912,WALKLEY RD @ GLENHAVEN PRIV,370212.8793,5025873.464,-75.66491,45.36975,2017-09-14,9:00:00 AM,01 - Clear,01 - Dry,01 - Traffic signal,03 - At intersection,01 - Daylight,03 - P.D. only,05 - Turning movement,Ledbury - Heron Gate - Ridgemont - Elmwood
13913,WALKLEY RD @ GLENHAVEN PRIV,370211.7025,5025874.684,-75.66492,45.36976,2017-02-11,6:14:00 AM,01 - Clear,04 - Slush,01 - Traffic signal,02 - Intersection related,03 - Dawn,03 - P.D. only,07 - SMV other,Ledbury - Heron Gate - Ridgemont - Elmwood
13914,WALKLEY RD @ HEATHERINGTON RD,371767.4753,5026794.902,-75.64494,45.3779,2017-01-07,8:07:00 AM,01 - Clear,06 - Ice,01 - Traffic signal,02 - Intersection related,01 - Daylight,03 - P.D. only,03 - Rear end,Ledbury - Heron Gate - Ridgemont - Elmwood
13915,WALKLEY RD @ SPRINGLAND DR/OTTERSON DR,368723.3898,5024982.512,-75.68404,45.36187,2017-05-17,4:10:00 PM,01 - Clear,01 - Dry,01 - Traffic signal,03 - At intersection,01 - Daylight,02 - Non-fatal injury,07 - SMV other,Riverside Park
13916,WALKLEY RD @ SPRINGLAND DR/OTTERSON DR,368721.1712,5024981.965,-75.68407,45.36187,2017-05-28,5:24:00 PM,02 - Rain,02 - Wet,01 - Traffic signal,02 - Intersection related,01 - Daylight,03 - P.D. only,03 - Rear end,Riverside Park
13917,WALKLEY RD @ SPRINGLAND DR/OTTERSON DR,368721.9383,5024983.458,-75.68406,45.36188,2017-04-15,9:44:00 AM,01 - Clear,01 - Dry,01 - Traffic signal,02 - Intersection related,01 - Daylight,03 - P.D. only,05 - Turning movement,Riverside Park
13918,WALKLEY RD btwn AVONCOURT WAY & SOUTHMORE DR E,369660.795,5025546.068,-75.672,45.36686,2017-06-19,5:50:00 PM,01 - Clear,01 - Dry,10 - No control,01 - Non intersection,01 - Daylight,03 - P.D. only,03 - Rear end,Riverside Park
13919,WALKLEY RD btwn BANK ST & BANFF AVE,370425.8993,5025998.149,-75.66217,45.37085,2017-10-08,2:20:00 PM,01 - Clear,01 - Dry,10 - No control,01 - Non intersection,01 - Daylight,03 - P.D. only,03 - Rear end,Ledbury - Heron Gate - Ridgemont - Elmwood
13920,WALKLEY RD btwn BANTON ST & MELFORT ST,374394.7793,5028336.786,-75.61118,45.39151,2017-09-26,12:32:00 PM,01 - Clear,01 - Dry,10 - No control,01 - Non intersection,01 - Daylight,02 - Non-fatal injury,03 - Rear end,Hawthorne Meadows
13921,WALKLEY RD btwn BAYCREST DR & HEATHERINGTON RD,371536.608,5026657.713,-75.64791,45.37668,2017-07-31,9:52:00 AM,01 - Clear,01 - Dry,10 - No control,04 - At/near private drive,01 - Daylight,03 - P.D. only,03 - Rear end,Ledbury - Heron Gate - Ridgemont - Elmwood
13922,WALKLEY RD btwn BAYCREST DR & HEATHERINGTON RD,371530.2788,5026655.927,-75.64799,45.37667,2017-10-18,5:31:00 PM,01 - Clear,01 - Dry,10 - No control,04 - At/near private drive,01 - Daylight,03 - P.D. only,03 - Rear end,Ledbury - Heron Gate - Ridgemont - Elmwood
13923,WALKLEY RD btwn BAYCREST DR & HEATHERINGTON RD,371514.9695,5026641.477,-75.64818,45.37654,2017-10-02,2:26:00 AM,01 - Clear,01 - Dry,10 - No control,01 - Non intersection,07 - Dark,03 - P.D. only,07 - SMV other,Ledbury - Heron Gate - Ridgemont - Elmwood