Record,Location,X,Y,Longitude,Latitude,Date,Time,Environment,Road_Surface,Traffic_Control,Collision_Location,Light,Collision_Classification,Impact_type,Neighborhood
13924,WALKLEY RD btwn BAYCREST DR & HEATHERINGTON RD,371741.2089,5026779.893,-75.64528,45.37776,2017-01-05,3:17:00 PM,01 - Clear,02 - Wet,10 - No control,04 - At/near private drive,01 - Daylight,03 - P.D. only,02 - Angle,Ledbury - Heron Gate - Ridgemont - Elmwood
13925,WALKLEY RD btwn COLLISTON CRES & CEDARWOOD DR,371080.5592,5026382.764,-75.65376,45.37425,2017-03-20,12:15:00 PM,01 - Clear,01 - Dry,10 - No control,04 - At/near private drive,01 - Daylight,02 - Non-fatal injury,03 - Rear end,Ledbury - Heron Gate - Ridgemont - Elmwood
13926,WALKLEY RD btwn COLLISTON CRES & COLLISTON CRES,370945.3988,5026303.155,-75.6555,45.37355,2017-10-24,7:23:00 PM,01 - Clear,01 - Dry,10 - No control,01 - Non intersection,07 - Dark,03 - P.D. only,03 - Rear end,Ledbury - Heron Gate - Ridgemont - Elmwood
13927,WALKLEY RD btwn CONROY RD & 160 W OF CONROY RD,372779.2256,5027389.922,-75.63194,45.38315,2017-10-26,3:41:00 PM,01 - Clear,01 - Dry,10 - No control,01 - Non intersection,01 - Daylight,03 - P.D. only,03 - Rear end,Elmvale - Eastway - Riverview - Riverview Park West
13928,WALKLEY RD btwn CONROY RD & 160 W OF CONROY RD,372853.2209,5027433.431,-75.63099,45.38354,2017-11-24,4:41:00 PM,01 - Clear,02 - Wet,10 - No control,01 - Non intersection,05 - Dusk,03 - P.D. only,03 - Rear end,Elmvale - Eastway - Riverview - Riverview Park West
13929,WALKLEY RD btwn DON REID DR/RYDER ST & 160 W OF CONROY RD,372647.9184,5027312.229,-75.63363,45.38247,2017-05-13,12:47:00 PM,02 - Rain,02 - Wet,10 - No control,01 - Non intersection,01 - Daylight,03 - P.D. only,03 - Rear end,Playfair Park - Lynda Park - Guildwood Estates
13930,WALKLEY RD btwn GLENHAVEN PRIV & BANK ST,370317.4507,5025935.695,-75.66357,45.3703,2017-12-12,11:20:00 AM,03 - Snow,03 - Loose snow,10 - No control,01 - Non intersection,01 - Daylight,03 - P.D. only,07 - SMV other,Ledbury - Heron Gate - Ridgemont - Elmwood
13931,WALKLEY RD btwn HALIFAX DR & ST. LAURENT BLVD,373880.2272,5028033.934,-75.61779,45.38884,2017-06-16,1:12:00 PM,01 - Clear,01 - Dry,10 - No control,01 - Non intersection,01 - Daylight,03 - P.D. only,04 - Sideswipe,Urbandale
13932,WALKLEY RD btwn HALIFAX DR & ST. LAURENT BLVD,373781.6048,5027977.975,-75.61906,45.38834,2017-11-26,5:30:00 PM,03 - Snow,03 - Loose snow,10 - No control,01 - Non intersection,07 - Dark,03 - P.D. only,03 - Rear end,Urbandale
13933,WALKLEY RD btwn HALIFAX DR & ST. LAURENT BLVD,373781.6053,5027977.975,-75.61906,45.38834,2017-11-10,6:10:00 AM,01 - Clear,01 - Dry,10 - No control,01 - Non intersection,07 - Dark,03 - P.D. only,04 - Sideswipe,Urbandale
13934,WALKLEY RD btwn HALIFAX DR & ST. LAURENT BLVD,373875.8838,5028031.494,-75.61785,45.38882,2017-01-28,6:12:00 PM,01 - Clear,02 - Wet,10 - No control,01 - Non intersection,07 - Dark,03 - P.D. only,03 - Rear end,Urbandale
13935,WALKLEY RD btwn HARDING RD & HALIFAX DR,373319.3606,5027711.836,-75.625,45.386,2017-06-20,8:07:00 AM,01 - Clear,01 - Dry,10 - No control,01 - Non intersection,01 - Daylight,03 - P.D. only,05 - Turning movement,Urbandale
13936,WALKLEY RD btwn HARDING RD & HALIFAX DR,373549.7571,5027847.369,-75.62204,45.38719,2017-05-26,1:21:00 PM,02 - Rain,02 - Wet,10 - No control,01 - Non intersection,01 - Daylight,02 - Non-fatal injury,05 - Turning movement,Urbandale
13937,WALKLEY RD btwn HARDING RD & HALIFAX DR,373215.1772,5027646.604,-75.62634,45.38542,2017-09-03,1:18:00 PM,02 - Rain,02 - Wet,10 - No control,04 - At/near private drive,01 - Daylight,03 - P.D. only,03 - Rear end,Urbandale
13938,WALKLEY RD btwn HARDING RD & HALIFAX DR,373591.6339,5027869.421,-75.6215,45.38739,2017-10-17,11:17:00 AM,01 - Clear,01 - Dry,10 - No control,04 - At/near private drive,01 - Daylight,03 - P.D. only,03 - Rear end,Urbandale
13939,WALKLEY RD btwn HARDING RD & HALIFAX DR,373596.9626,5027872.892,-75.62143,45.38742,2017-02-15,8:37:00 AM,03 - Snow,05 - Packed snow,10 - No control,04 - At/near private drive,01 - Daylight,03 - P.D. only,05 - Turning movement,Urbandale
13940,WALKLEY RD btwn HEATHERINGTON RD & 152 E OF HEATHERINGTON RD,371835.9556,5026836.193,-75.64406,45.37826,2017-07-05,6:37:00 PM,01 - Clear,01 - Dry,10 - No control,04 - At/near private drive,01 - Daylight,03 - P.D. only,02 - Angle,Ledbury - Heron Gate - Ridgemont - Elmwood
13941,WALKLEY RD btwn HOLLY LANE & TURN LANE,372191.7825,5027039.229,-75.63949,45.38005,2017-04-28,3:25:00 PM,01 - Clear,01 - Dry,10 - No control,04 - At/near private drive,01 - Daylight,02 - Non-fatal injury,02 - Angle,Ledbury - Heron Gate - Ridgemont - Elmwood
13942,WALKLEY RD btwn HOLLY LANE & TURN LANE,372191.9243,5027043.99,-75.63949,45.3801,2017-07-14,4:39:00 PM,01 - Clear,01 - Dry,10 - No control,01 - Non intersection,01 - Daylight,03 - P.D. only,03 - Rear end,Ledbury - Heron Gate - Ridgemont - Elmwood
13943,WALKLEY RD btwn HOLLY LANE & TURN LANE,372181.9762,5027035.496,-75.63961,45.38002,2017-10-21,1:53:00 PM,01 - Clear,01 - Dry,10 - No control,01 - Non intersection,01 - Daylight,02 - Non-fatal injury,04 - Sideswipe,Ledbury - Heron Gate - Ridgemont - Elmwood
13944,WALKLEY RD btwn HOLLY LANE & TURN LANE,372196.5371,5027044.7,-75.63943,45.3801,2017-02-28,6:15:00 PM,01 - Clear,01 - Dry,10 - No control,04 - At/near private drive,07 - Dark,03 - P.D. only,03 - Rear end,Ledbury - Heron Gate - Ridgemont - Elmwood
13945,WALKLEY RD btwn HOLLY LANE & TURN LANE,372196.7809,5027044.7,-75.63942,45.3801,2017-02-28,3:30:00 PM,01 - Clear,01 - Dry,10 - No control,04 - At/near private drive,01 - Daylight,03 - P.D. only,05 - Turning movement,Ledbury - Heron Gate - Ridgemont - Elmwood
13946,WALKLEY RD btwn JASPER AVE & COLLISTON CRES,370887.3446,5026269.747,-75.65625,45.37325,2017-04-17,1:07:00 AM,01 - Clear,01 - Dry,10 - No control,01 - Non intersection,07 - Dark,03 - P.D. only,05 - Turning movement,Ledbury - Heron Gate - Ridgemont - Elmwood
13947,WALKLEY RD btwn MELFORT ST & RUSSELL RD,374556.5816,5028431.73,-75.6091,45.39235,2017-10-04,4:13:00 PM,01 - Clear,01 - Dry,10 - No control,01 - Non intersection,01 - Daylight,02 - Non-fatal injury,05 - Turning movement,Hawthorne Meadows
13948,WALKLEY RD btwn ST. LAURENT BLVD & MARTHA AVE,373945.827,5028071.234,-75.61695,45.38917,2017-10-26,9:40:00 PM,01 - Clear,01 - Dry,10 - No control,01 - Non intersection,07 - Dark,03 - P.D. only,06 - SMV unattended vehicle,Hawthorne Meadows
13949,WALKLEY RD btwn ST. LAURENT BLVD & MARTHA AVE,373932.6918,5028064.403,-75.61712,45.38911,2017-02-25,2:20:00 PM,02 - Rain,02 - Wet,10 - No control,01 - Non intersection,01 - Daylight,03 - P.D. only,04 - Sideswipe,Hawthorne Meadows
13950,WALKLEY RD btwn TAWNEY RD & BANTON ST,374144.0822,5028190.965,-75.6144,45.39022,2017-11-07,8:07:00 AM,01 - Clear,01 - Dry,10 - No control,04 - At/near private drive,01 - Daylight,03 - P.D. only,03 - Rear end,Hawthorne Meadows
13951,WALKLEY RD btwn TURN LANE & RYDER ST,372419.4527,5027176.852,-75.63656,45.38127,2017-06-12,6:20:00 PM,01 - Clear,01 - Dry,10 - No control,01 - Non intersection,01 - Daylight,02 - Non-fatal injury,03 - Rear end,South Keys - Heron Gate - Greenboro West
13952,WALKLEY RD btwn TURN LANE & RYDER ST,372368.287,5027145.889,-75.63722,45.381,2017-02-07,7:35:00 PM,03 - Snow,04 - Slush,10 - No control,01 - Non intersection,07 - Dark,03 - P.D. only,01 - Approaching,South Keys - Heron Gate - Greenboro West
13953,WALLER ST btwn BESSERER ST & DALY AVE,368329.9126,5032145.46,-75.68814,45.42636,2017-06-21,9:43:00 AM,01 - Clear,01 - Dry,10 - No control,01 - Non intersection,01 - Daylight,02 - Non-fatal injury,04 - Sideswipe,Byward Market - Parliament Hill
13954,WALLER ST btwn DALY AVE & STEWART ST,368351.5942,5032098.911,-75.68787,45.42594,2017-08-30,8:07:00 PM,01 - Clear,09 - Spilled liquid,10 - No control,01 - Non intersection,05 - Dusk,02 - Non-fatal injury,07 - SMV other,Byward Market - Parliament Hill
13955,WALSH AVE btwn RICHARDSON AVE & WOODLAND AVE,361470.6325,5025679.317,-75.77653,45.36877,2017-03-20,4:32:00 PM,01 - Clear,01 - Dry,10 - No control,04 - At/near private drive,01 - Daylight,03 - P.D. only,06 - SMV unattended vehicle,Carlingwood West - Glabar Park - McKellar Heights
13956,WARBONNET DR @ WALLFORD WAY,365267.262,5024908.665,-75.72816,45.36151,2017-03-22,1:00:00 PM,01 - Clear,01 - Dry,03 - Yield sign,03 - At intersection,01 - Daylight,03 - P.D. only,02 - Angle,Cityview - Skyline - Fisher Heights
13957,WARDEN AVE btwn REYNOLDS DR & PRESTWICK DR,382992.8877,5037416.767,-75.49994,45.4723,2017-12-24,10:57:00 AM,01 - Clear,05 - Packed snow,10 - No control,04 - At/near private drive,01 - Daylight,03 - P.D. only,02 - Angle,Queenswood Heights
13958,WARWICK PL btwn SHERWOOD DR & END,365413.5043,5028868.814,-75.72581,45.39713,2017-02-16,6:00:00 PM,03 - Snow,03 - Loose snow,10 - No control,01 - Non intersection,05 - Dusk,03 - P.D. only,06 - SMV unattended vehicle,Civic Hospital - Experimental Farm - Central Park
13959,WATSON ST btwn FALLIS AVE & ST. STEPHEN'S ST,360102.9065,5024138.686,-75.79416,45.35501,2017-04-29,3:00:00 PM,01 - Clear,01 - Dry,10 - No control,01 - Non intersection,01 - Daylight,03 - P.D. only,06 - SMV unattended vehicle,Whitehaven - Queensway Terrace North
13960,WATSON ST btwn FALLIS AVE & ST. STEPHEN'S ST,360085.0827,5024191.051,-75.79438,45.35548,2017-12-29,11:00:00 PM,01 - Clear,05 - Packed snow,10 - No control,01 - Non intersection,07 - Dark,03 - P.D. only,06 - SMV unattended vehicle,Whitehaven - Queensway Terrace North
13961,WATSON ST btwn ST. STEPHEN'S ST & DUMAURIER AVE,360186.0603,5023933.417,-75.79312,45.35316,2017-05-26,1:00:00 AM,02 - Rain,02 - Wet,10 - No control,01 - Non intersection,07 - Dark,02 - Non-fatal injury,07 - SMV other,Whitehaven - Queensway Terrace North
13962,WATTERS RD btwn TRIM RD & END,385923.351,5038804.954,-75.46224,45.48445,2017-09-10,6:46:00 PM,01 - Clear,01 - Dry,10 - No control,01 - Non intersection,01 - Daylight,03 - P.D. only,07 - SMV other,Cumberland - Estates
13963,WAVERLEY ST @ O'CONNOR ST,368008.8858,5030766.367,-75.69242,45.41398,2017-05-17,3:25:00 PM,01 - Clear,01 - Dry,02 - Stop sign,02 - Intersection related,01 - Daylight,03 - P.D. only,03 - Rear end,Centretown
13964,WAVERLEY ST @ O'CONNOR ST,368008.8858,5030765.002,-75.69242,45.41397,2017-11-22,4:49:00 PM,01 - Clear,01 - Dry,02 - Stop sign,03 - At intersection,05 - Dusk,02 - Non-fatal injury,02 - Angle,Centretown
13965,WAVERLEY ST @ O'CONNOR ST,368009.7115,5030765.57,-75.69241,45.41397,2017-04-05,3:40:00 PM,01 - Clear,01 - Dry,02 - Stop sign,02 - Intersection related,01 - Daylight,03 - P.D. only,04 - Sideswipe,Centretown
13966,WAVERLEY ST btwn ELGIN ST & CARTIER ST,368363.9049,5030980.524,-75.68785,45.41587,2017-07-23,1:45:00 AM,01 - Clear,01 - Dry,10 - No control,01 - Non intersection,07 - Dark,03 - P.D. only,06 - SMV unattended vehicle,Golden Triangle
13967,WAYMARK CRES btwn BRIDGESTONE DR & BRIDGESTONE DR,355343.3015,5016055.236,-75.85573,45.28264,2017-11-20,12:00:00 AM,01 - Clear,02 - Wet,10 - No control,01 - Non intersection,00 - Unknown,03 - P.D. only,06 - SMV unattended vehicle,Bridlewood - Emerald Meadows
13968,WELLINGTON ST    W btwn FAIRMONT AVE & IRVING AVE,365581.9124,5029734.679,-75.72355,45.40491,2017-12-14,3:09:00 PM,01 - Clear,01 - Dry,10 - No control,01 - Non intersection,01 - Daylight,03 - P.D. only,04 - Sideswipe,Mechanicsville
13969,WELLINGTON ST    W btwn FAIRMONT AVE & IRVING AVE,365561.9739,5029706.875,-75.72381,45.40466,2017-12-27,7:03:00 PM,01 - Clear,03 - Loose snow,10 - No control,01 - Non intersection,07 - Dark,03 - P.D. only,06 - SMV unattended vehicle,Mechanicsville
13970,WELLINGTON ST    W btwn GRANVILLE AVE & GILCHRIST AVE,364391.1075,5028984.108,-75.73885,45.39826,2017-09-10,11:30:00 AM,01 - Clear,01 - Dry,10 - No control,01 - Non intersection,01 - Daylight,02 - Non-fatal injury,06 - SMV unattended vehicle,Island Park
13971,WELLINGTON ST    W btwn HAMILTON AVE N & PARKDALE AVE,365105.2036,5029246.65,-75.7297,45.40056,2017-10-11,4:33:00 PM,01 - Clear,01 - Dry,10 - No control,01 - Non intersection,01 - Daylight,03 - P.D. only,04 - Sideswipe,Islan
13972,WELLINGTON ST    W btwn HAMILTON AVE N & PARKDALE AVE,365131.9749,5029259.184,-75.72935,45.40067,2017-11-27,12:23:00 PM,01 - Clear,01 - Dry,10 - No control,01 - Non intersection,01 - Daylight,03 - P.D. only,06 - SMV unattended vehicle,Islan
13973,WELLINGTON ST    W btwn HAMPTON AVE & ROSS AVE,364480.93,5029009.551,-75.7377,45.39848,2017-04-29,9:20:00 AM,01 - Clear,01 - Dry,10 - No control,01 - Non intersection,01 - Daylight,03 - P.D. only,06 - SMV unattended vehicle,Island Park
13974,WELLINGTON ST    W btwn HARMER AVE N & HURON AVE N,364821.3009,5029113.956,-75.73334,45.39939,2017-08-27,12:00:00 AM,01 - Clear,01 - Dry,10 - No control,01 - Non intersection,00 - Unknown,03 - P.D. only,06 - SMV unattended vehicle,Island Park
13975,WELLINGTON ST    W btwn HOLLAND AVE & HINTON AVE N,364962.8118,5029172.952,-75.73152,45.39991,2017-05-31,12:00:00 AM,01 - Clear,01 - Dry,10 - No control,01 - Non intersection,00 - Unknown,03 - P.D. only,06 - SMV unattended vehicle,Islan
13976,WELLINGTON ST    W btwn HOLLAND AVE & HINTON AVE N,364970.5313,5029175.534,-75.73143,45.39993,2017-03-17,12:00:00 AM,01 - Clear,01 - Dry,10 - No control,01 - Non intersection,00 - Unknown,03 - P.D. only,06 - SMV unattended vehicle,Islan
13977,WELLINGTON ST    W btwn IRVING AVE & GARLAND ST,365631.4966,5029812.547,-75.72291,45.40561,2017-03-10,6:26:00 AM,01 - Clear,01 - Dry,10 - No control,01 - Non intersection,01 - Daylight,03 - P.D. only,06 - SMV unattended vehicle,Mechanicsville
13978,WELLINGTON ST    W btwn MERTON ST & FAIRMONT AVE,365499.0807,5029608.765,-75.72462,45.40378,2017-09-27,8:41:00 AM,01 - Clear,01 - Dry,10 - No control,01 - Non intersection,01 - Daylight,03 - P.D. only,06 - SMV unattended vehicle,Hintonburg
13979,WELLINGTON ST    W btwn MERTON ST & FAIRMONT AVE,365505.7551,5029623.988,-75.72453,45.40392,2017-01-02,4:51:00 PM,01 - Clear,01 - Dry,10 - No control,01 - Non intersection,05 - Dusk,03 - P.D. only,04 - Sideswipe,Hintonburg
13980,WELLINGTON ST    W btwn PARKDALE AVE & MCCORMICK ST,365298.5374,5029367.67,-75.72721,45.40163,2017-08-08,8:00:00 AM,01 - Clear,01 - Dry,10 - No control,01 - Non intersection,01 - Daylight,03 - P.D. only,06 - SMV unattended vehicle,Civi
13981,WELLINGTON ST    W btwn ROSEMOUNT AVE & STIRLING AVE,365362.3224,5029430.503,-75.72639,45.40219,2017-06-08,5:51:00 PM,01 - Clear,01 - Dry,10 - No control,01 - Non intersection,01 - Daylight,03 - P.D. only,04 - Sideswipe,Civi
13982,WELLINGTON ST    W btwn ROSS AVE & CLARENDON AVE,364519.9896,5029022.224,-75.7372,45.39859,2017-03-10,9:45:00 AM,01 - Clear,01 - Dry,10 - No control,01 - Non intersection,01 - Daylight,03 - P.D. only,04 - Sideswipe,Island Park
13983,WELLINGTON ST    W btwn SHERBROOKE AVE & PINHEY ST,365438.6784,5029525.299,-75.7254,45.40304,2017-03-18,10:30:00 AM,01 - Clear,01 - Dry,10 - No control,01 - Non intersection,01 - Daylight,03 - P.D. only,06 - SMV unattended vehicle,Civi
13984,WELLINGTON ST    W btwn SPADINA AVE & BAYVIEW RD,365742.4626,5029983.282,-75.72147,45.40713,2017-04-12,1:07:00 PM,01 - Clear,01 - Dry,10 - No control,04 - At/near private drive,01 - Daylight,03 - P.D. only,02 - Angle,Centretow
13985,WELLINGTON ST @ BAYSWATER AVE/BAYVIEW RD,365761.9208,5030011.664,-75.72121,45.40739,2017-07-24,10:18:00 PM,02 - Rain,02 - Wet,02 - Stop sign,02 - Intersection related,07 - Dark,03 - P.D. only,03 - Rear end,Centretow
13986,WELLINGTON ST @ BAYSWATER AVE/BAYVIEW RD,365760.8636,5030012.373,-75.72123,45.40739,2017-11-24,6:35:00 PM,01 - Clear,01 - Dry,02 - Stop sign,03 - At intersection,07 - Dark,03 - P.D. only,02 - Angle,Centretow
13987,WELLINGTON ST @ BAYSWATER AVE/BAYVIEW RD,365760.2252,5030012.816,-75.72124,45.4074,2017-11-01,2:10:00 PM,02 - Rain,02 - Wet,02 - Stop sign,03 - At intersection,01 - Daylight,03 - P.D. only,05 - Turning movement,Centretow
13988,WELLINGTON ST @ HAMILTON AVE,365078.8942,5029229.469,-75.73004,45.40041,2017-05-09,12:47:00 PM,01 - Clear,01 - Dry,02 - Stop sign,02 - Intersection related,01 - Daylight,03 - P.D. only,99 - Other,Islan
13989,WELLINGTON ST @ HAMILTON AVE,365080.1484,5029233.231,-75.73002,45.40044,2017-06-19,1:20:00 PM,01 - Clear,01 - Dry,02 - Stop sign,03 - At intersection,01 - Daylight,03 - P.D. only,05 - Turning movement,Islan
13990,WELLINGTON ST @ HAMILTON AVE,365078.9425,5029230.375,-75.73003,45.40042,2017-08-24,8:10:00 AM,01 - Clear,01 - Dry,02 - Stop sign,03 - At intersection,01 - Daylight,03 - P.D. only,02 - Angle,Islan
13991,WELLINGTON ST @ HAMILTON AVE,365078.5558,5029230.915,-75.73004,45.40042,2017-07-14,1:22:00 PM,01 - Clear,01 - Dry,02 - Stop sign,03 - At intersection,01 - Daylight,03 - P.D. only,02 - Angle,Islan
13992,WELLINGTON ST @ HAMILTON AVE,365077.64,5029234.485,-75.73005,45.40045,2017-12-01,8:01:00 PM,01 - Clear,01 - Dry,02 - Stop sign,03 - At intersection,07 - Dark,02 - Non-fatal injury,05 - Turning movement,Islan
13993,WELLINGTON ST @ HAMILTON AVE,365077.6928,5029232.108,-75.73005,45.40043,2017-01-19,1:33:00 PM,01 - Clear,02 - Wet,02 - Stop sign,03 - At intersection,01 - Daylight,03 - P.D. only,02 - Angle,Islan
13994,WELLINGTON ST @ HAMILTON AVE,365077.1464,5029232.108,-75.73006,45.40043,2017-01-30,2:59:00 PM,01 - Clear,01 - Dry,02 - Stop sign,02 - Intersection related,01 - Daylight,03 - P.D. only,04 - Sideswipe,Islan
13995,WELLINGTON ST @ HAMILTON AVE,365078.6396,5029231.325,-75.73004,45.40042,2017-12-20,4:15:00 PM,01 - Clear,05 - Packed snow,02 - Stop sign,02 - Intersection related,05 - Dusk,03 - P.D. only,99 - Other,Islan
13996,WELLINGTON ST @ LETT ST,366355.2794,5031111.953,-75.7135,45.41724,2017-06-02,3:10:00 PM,01 - Clear,01 - Dry,01 - Traffic signal,02 - Intersection related,01 - Daylight,03 - P.D. only,03 - Rear end,LeBreton Flats
13997,WELLINGTON ST @ LETT ST,366354.115,5031111.389,-75.71351,45.41723,2017-08-26,10:50:00 AM,01 - Clear,01 - Dry,01 - Traffic signal,02 - Intersection related,01 - Daylight,02 - Non-fatal injury,03 - Rear end,LeBreton Flats
13998,WELLINGTON ST @ PINHEY ST,365454.7245,5029546.677,-75.7252,45.40323,2017-01-04,3:23:00 PM,01 - Clear,04 - Slush,02 - Stop sign,02 - Intersection related,01 - Daylight,03 - P.D. only,06 - SMV unattended vehicle,Hintonburg
13999,WELLINGTON ST btwn BANK ST & O'CONNOR ST,367371.9321,5031696.612,-75.70044,45.42241,2017-07-25,2:35:00 PM,01 - Clear,01 - Dry,10 - No control,01 - Non intersection,01 - Daylight,02 - Non-fatal injury,04 - Sideswipe,Downtown
14000,WELLINGTON ST btwn BANK ST & O'CONNOR ST,367387.6951,5031706.232,-75.70023,45.42249,2017-12-06,9:06:00 AM,01 - Clear,01 - Dry,10 - No control,01 - Non intersection,01 - Daylight,03 - P.D. only,01 - Approaching,Downtown
14001,WELLINGTON ST btwn BAY ST & LYON ST N,366912.1941,5031410.781,-75.70635,45.41987,2017-07-05,5:00:00 PM,01 - Clear,01 - Dry,10 - No control,01 - Non intersection,01 - Daylight,03 - P.D. only,03 - Rear end,Downtown
14002,WELLINGTON ST btwn Continuation of WELLINGTON ST & BAY ST,366766.8511,5031332.428,-75.70821,45.41918,2017-07-04,6:20:00 AM,01 - Clear,01 - Dry,10 - No control,04 - At/near private drive,01 - Daylight,02 - Non-fatal injury,05 - Turning movement,Downtown
14003,WELLINGTON ST btwn KENT ST & BANK ST,367111.5568,5031536.131,-75.70378,45.42098,2017-11-02,9:21:00 AM,02 - Rain,02 - Wet,10 - No control,01 - Non intersection,01 - Daylight,03 - P.D. only,04 - Sideswipe,Downtown
14004,WELLINGTON ST btwn KENT ST & BANK ST,367235.2673,5031614.277,-75.70219,45.42168,2017-12-21,8:48:00 AM,01 - Clear,01 - Dry,10 - No control,01 - Non intersection,01 - Daylight,03 - P.D. only,04 - Sideswipe,Downtown
14005,WELLINGTON ST btwn KENT ST & BANK ST,367114.8342,5031537.847,-75.70374,45.421,2017-12-31,6:00:00 AM,01 - Clear,04 - Slush,10 - No control,01 - Non intersection,07 - Dark,02 - Non-fatal injury,03 - Rear end,Downtown
14006,WELLINGTON ST btwn O'CONNOR ST & METCALFE ST,367522.1426,5031791.2,-75.6985,45.42324,2017-05-12,4:23:00 PM,01 - Clear,01 - Dry,10 - No control,04 - At/near private drive,01 - Daylight,03 - P.D. only,05 - Turning movement,Downtown
14007,WELLINGTON ST btwn OTTAWA RIVER PKWY & TO BE DETERMINED,366357.2474,5031113.69,-75.71347,45.41725,2017-03-25,9:43:00 PM,01 - Clear,02 - Wet,10 - No control,01 - Non intersection,07 - Dark,03 - P.D. only,07 - SMV other,LeBreton Flats
14008,WELLINGTON ST btwn TO BE DETERMINED & BAY ST,366693.2138,5031278.924,-75.70916,45.41871,2017-07-13,8:09:00 AM,01 - Clear,01 - Dry,10 - No control,01 - Non intersection,01 - Daylight,03 - P.D. only,04 - Sideswipe,Downtown
14009,WENDELL AVE @ HOBIN ST,349091.4015,5013853.573,-75.93561,45.26325,2017-06-17,11:21:00 AM,02 - Rain,02 - Wet,02 - Stop sign,02 - Intersection related,01 - Daylight,03 - P.D. only,03 - Rear end,Crossing Bridge
14010,WENTWORTH AVE @ CARLING AVE,361330.8843,5025470.421,-75.77834,45.3669,2017-07-20,6:23:00 PM,01 - Clear,01 - Dry,02 - Stop sign,02 - Intersection related,01 - Daylight,03 - P.D. only,03 - Rear end,Carlingwood West - Glabar Park - McKellar Heights
14011,WENTWORTH AVE btwn LAWN AVE & CARLING AVE,361303.7129,5025532.721,-75.77868,45.36746,2017-02-01,8:27:00 AM,01 - Clear,02 - Wet,10 - No control,04 - At/near private drive,01 - Daylight,03 - P.D. only,99 - Other,Carlingwood West - Glabar Park - McKellar Heights
14012,WENTWORTH AVE btwn LAWN AVE & CARLING AVE,361289.1969,5025567.894,-75.77886,45.36778,2017-02-20,9:00:00 AM,01 - Clear,04 - Slush,10 - No control,01 - Non intersection,01 - Daylight,03 - P.D. only,06 - SMV unattended vehicle,Carlingwood West - Glabar Park - McKellar Heights
14013,WESLOCK WAY btwn WALDEN DR & ZOKOL CRES,350719.5556,5021146.543,-75.91419,45.32877,2017-05-25,7:45:00 PM,01 - Clear,01 - Dry,10 - No control,04 - At/near private drive,01 - Daylight,03 - P.D. only,02 - Angle,Kanata Lakes - Marchwood Lakeside - Morgan's Grant - Kanata
14014,WESSEX RD @ GLACIER ST,363464.3756,5015143.646,-75.75233,45.2738,2017-08-17,2:04:00 PM,01 - Clear,01 - Dry,02 - Stop sign,03 - At intersection,01 - Daylight,03 - P.D. only,02 - Angle,Barrhaven West - Old Barrhaven
14015,WEST HUNT CLUB RD @ 545 E OF ROYDON PL/SUNDERLAND ST,366349.5351,5022405.386,-75.71466,45.3389,2017-06-26,6:12:00 PM,01 - Clear,01 - Dry,01 - Traffic signal,02 - Intersection related,01 - Daylight,03 - P.D. only,03 - Rear end,Industrial Park
14016,WEST HUNT CLUB RD @ 545 E OF ROYDON PL/SUNDERLAND ST,366351.3723,5022408.84,-75.71463,45.33893,2017-05-23,12:44:00 PM,01 - Clear,01 - Dry,01 - Traffic signal,02 - Intersection related,01 - Daylight,03 - P.D. only,03 - Rear end,Industrial Park
14017,WEST HUNT CLUB RD @ 545 E OF ROYDON PL/SUNDERLAND ST,366353.7134,5022408.171,-75.7146,45.33892,2017-05-19,11:24:00 AM,01 - Clear,01 - Dry,01 - Traffic signal,03 - At intersection,01 - Daylight,03 - P.D. only,05 - Turning movement,Industrial Park
14018,WEST HUNT CLUB RD @ 545 E OF ROYDON PL/SUNDERLAND ST,366353.7134,5022408.84,-75.7146,45.33893,2017-07-03,1:30:00 PM,01 - Clear,01 - Dry,01 - Traffic signal,03 - At intersection,01 - Daylight,02 - Non-fatal injury,02 - Angle,Industrial Park
14019,WEST HUNT CLUB RD @ ANTARES DR/LASER ST,367107.5921,5022081.297,-75.70503,45.33591,2017-08-08,5:07:00 PM,01 - Clear,01 - Dry,01 - Traffic signal,03 - At intersection,01 - Daylight,02 - Non-fatal injury,02 - Angle,Industrial Park
14020,WEST HUNT CLUB RD @ ANTARES DR/LASER ST,367108.0486,5022081.407,-75.70502,45.33591,2017-08-23,10:04:00 AM,01 - Clear,01 - Dry,01 - Traffic signal,02 - Intersection related,01 - Daylight,03 - P.D. only,03 - Rear end,Industrial Park
14021,WEST HUNT CLUB RD @ ANTARES DR/LASER ST,367107.3769,5022080.164,-75.70503,45.3359,2017-10-18,10:46:00 AM,01 - Clear,01 - Dry,01 - Traffic signal,02 - Intersection related,01 - Daylight,03 - P.D. only,03 - Rear end,Industrial Park
14022,WEST HUNT CLUB RD @ ANTARES DR/LASER ST,367108.0458,5022079.495,-75.70502,45.3359,2017-11-15,9:48:00 AM,01 - Clear,01 - Dry,01 - Traffic signal,02 - Intersection related,01 - Daylight,03 - P.D. only,03 - Rear end,Industrial Park