Record,Location,X,Y,Longitude,Latitude,Date,Time,Environment,Road_Surface,Traffic_Control,Collision_Location,Light,Collision_Classification,Impact_type,Neighborhood
14023,WEST HUNT CLUB RD @ ANTARES DR/LASER ST,367110.2864,5022083.218,-75.70499,45.33593,2017-01-04,11:45:00 AM,01 - Clear,03 - Loose snow,01 - Traffic signal,02 - Intersection related,01 - Daylight,03 - P.D. only,03 - Rear end,Industrial Park
14024,WEST HUNT CLUB RD @ ANTARES DR/LASER ST,367108.0458,5022082.171,-75.70502,45.33592,2017-02-21,3:18:00 PM,03 - Snow,03 - Loose snow,01 - Traffic signal,02 - Intersection related,01 - Daylight,02 - Non-fatal injury,03 - Rear end,Industrial Park
14025,WEST HUNT CLUB RD @ CLEOPATRA DR/LANCELOT DR,365237.3722,5021732.494,-75.72893,45.33294,2017-06-16,5:07:00 PM,01 - Clear,01 - Dry,01 - Traffic signal,02 - Intersection related,01 - Daylight,03 - P.D. only,05 - Turning movement,Tanglewood
14026,WEST HUNT CLUB RD @ CLEOPATRA DR/LANCELOT DR,365235.2837,5021732.864,-75.72895,45.33294,2017-06-25,4:20:00 PM,01 - Clear,01 - Dry,01 - Traffic signal,02 - Intersection related,01 - Daylight,03 - P.D. only,04 - Sideswipe,Tanglewood
14027,WEST HUNT CLUB RD @ CLEOPATRA DR/LANCELOT DR,365237.3722,5021731.825,-75.72893,45.33293,2017-05-05,12:45:00 PM,02 - Rain,02 - Wet,01 - Traffic signal,02 - Intersection related,01 - Daylight,03 - P.D. only,03 - Rear end,Tanglewood
14028,WEST HUNT CLUB RD @ CLEOPATRA DR/LANCELOT DR,365235.3656,5021733.163,-75.72895,45.33294,2017-05-23,11:18:00 AM,01 - Clear,01 - Dry,01 - Traffic signal,03 - At intersection,01 - Daylight,02 - Non-fatal injury,02 - Angle,Tanglewood
14029,WEST HUNT CLUB RD @ CLEOPATRA DR/LANCELOT DR,365235.6651,5021732.567,-75.72895,45.33294,2017-08-25,3:34:00 PM,01 - Clear,01 - Dry,01 - Traffic signal,03 - At intersection,01 - Daylight,03 - P.D. only,05 - Turning movement,Tanglewood
14030,WEST HUNT CLUB RD @ CLEOPATRA DR/LANCELOT DR,365237.3722,5021733.163,-75.72893,45.33294,2017-07-07,6:28:00 PM,01 - Clear,01 - Dry,01 - Traffic signal,02 - Intersection related,01 - Daylight,02 - Non-fatal injury,03 - Rear end,Tanglewood
14031,WEST HUNT CLUB RD @ CLEOPATRA DR/LANCELOT DR,365235.9676,5021732.425,-75.72895,45.33294,2017-09-20,10:13:00 AM,01 - Clear,01 - Dry,01 - Traffic signal,02 - Intersection related,01 - Daylight,03 - P.D. only,04 - Sideswipe,Tanglewood
14032,WEST HUNT CLUB RD @ CLEOPATRA DR/LANCELOT DR,365235.7154,5021732.386,-75.72895,45.33294,2017-10-16,9:54:00 AM,01 - Clear,01 - Dry,01 - Traffic signal,03 - At intersection,01 - Daylight,03 - P.D. only,05 - Turning movement,Tanglewood
14033,WEST HUNT CLUB RD @ CLEOPATRA DR/LANCELOT DR,365235.7154,5021732.386,-75.72895,45.33294,2017-10-29,4:57:00 PM,02 - Rain,02 - Wet,01 - Traffic signal,03 - At intersection,01 - Daylight,02 - Non-fatal injury,03 - Rear end,Tanglewood
14034,WEST HUNT CLUB RD @ CLEOPATRA DR/LANCELOT DR,365235.7615,5021732.432,-75.72895,45.33294,2017-10-19,12:35:00 PM,01 - Clear,01 - Dry,01 - Traffic signal,03 - At intersection,01 - Daylight,02 - Non-fatal injury,05 - Turning movement,Tanglewood
14035,WEST HUNT CLUB RD @ CLEOPATRA DR/LANCELOT DR,365235.6016,5021732.748,-75.72895,45.33294,2017-01-31,5:13:00 PM,01 - Clear,01 - Dry,01 - Traffic signal,02 - Intersection related,05 - Dusk,03 - P.D. only,03 - Rear end,Tanglewood
14036,WEST HUNT CLUB RD @ CLEOPATRA DR/LANCELOT DR,365234.6967,5021731.156,-75.72896,45.33293,2017-03-15,5:44:00 AM,03 - Snow,03 - Loose snow,01 - Traffic signal,03 - At intersection,03 - Dawn,02 - Non-fatal injury,02 - Angle,Tanglewood
14037,WEST HUNT CLUB RD @ CLEOPATRA DR/LANCELOT DR,365236.2095,5021732.494,-75.72894,45.33294,2017-04-09,11:51:00 AM,01 - Clear,01 - Dry,01 - Traffic signal,03 - At intersection,01 - Daylight,03 - P.D. only,05 - Turning movement,Tanglewood
14038,WEST HUNT CLUB RD @ CLEOPATRA DR/LANCELOT DR,365235.6512,5021732.396,-75.72895,45.33294,2017-03-23,11:29:00 AM,01 - Clear,01 - Dry,01 - Traffic signal,03 - At intersection,01 - Daylight,03 - P.D. only,03 - Rear end,Tanglewood
14039,WEST HUNT CLUB RD @ ROYDON PL/SUNDERLAND ST,365973.7803,5022170.713,-75.71948,45.33682,2017-05-18,6:38:00 PM,01 - Clear,01 - Dry,01 - Traffic signal,03 - At intersection,01 - Daylight,02 - Non-fatal injury,05 - Turning movement,Industrial Park
14040,WEST HUNT CLUB RD @ ROYDON PL/SUNDERLAND ST,365974.9253,5022169.186,-75.71947,45.3368,2017-08-08,4:07:00 PM,01 - Clear,01 - Dry,01 - Traffic signal,02 - Intersection related,01 - Daylight,03 - P.D. only,03 - Rear end,Industrial Park
14041,WEST HUNT CLUB RD @ ROYDON PL/SUNDERLAND ST,365973.7076,5022169.49,-75.71948,45.33681,2017-07-12,6:14:00 PM,01 - Clear,01 - Dry,01 - Traffic signal,03 - At intersection,01 - Daylight,02 - Non-fatal injury,05 - Turning movement,Industrial Park
14042,WEST HUNT CLUB RD @ ROYDON PL/SUNDERLAND ST,365973.3732,5022170.159,-75.71949,45.33681,2017-12-04,12:00:00 PM,01 - Clear,01 - Dry,01 - Traffic signal,02 - Intersection related,01 - Daylight,03 - P.D. only,04 - Sideswipe,Industrial Park
14043,WEST HUNT CLUB RD @ ROYDON PL/SUNDERLAND ST,365972.8076,5022171.05,-75.71949,45.33682,2017-11-21,9:20:00 PM,02 - Rain,02 - Wet,01 - Traffic signal,03 - At intersection,07 - Dark,03 - P.D. only,02 - Angle,Industrial Park
14044,WEST HUNT CLUB RD @ ROYDON PL/SUNDERLAND ST,365973.6864,5022169.522,-75.71948,45.33681,2017-11-07,10:06:00 AM,01 - Clear,01 - Dry,01 - Traffic signal,02 - Intersection related,01 - Daylight,03 - P.D. only,03 - Rear end,Industrial Park
14045,WEST HUNT CLUB RD @ ROYDON PL/SUNDERLAND ST,365972.0683,5022170.583,-75.7195,45.33682,2017-02-06,5:00:00 PM,03 - Snow,02 - Wet,01 - Traffic signal,02 - Intersection related,05 - Dusk,03 - P.D. only,03 - Rear end,Industrial Park
14046,WEST HUNT CLUB RD @ ROYDON PL/SUNDERLAND ST,365975.0211,5022166.107,-75.71946,45.33678,2017-01-13,4:24:00 PM,01 - Clear,01 - Dry,01 - Traffic signal,02 - Intersection related,01 - Daylight,03 - P.D. only,02 - Angle,Industrial Park
14047,WEST HUNT CLUB RD @ ROYDON PL/SUNDERLAND ST,365974.7109,5022170.159,-75.71947,45.33681,2017-04-20,12:15:00 PM,01 - Clear,01 - Dry,01 - Traffic signal,02 - Intersection related,01 - Daylight,02 - Non-fatal injury,03 - Rear end,Industrial Park
14048,WEST HUNT CLUB RD @ ROYDON PL/SUNDERLAND ST,365974.0421,5022168.821,-75.71948,45.3368,2017-04-07,2:41:00 PM,02 - Rain,02 - Wet,01 - Traffic signal,03 - At intersection,01 - Daylight,03 - P.D. only,05 - Turning movement,Industrial Park
14049,WEST HUNT CLUB RD @ WOODROFFE AVE,363671.6943,5021246.489,-75.74896,45.3287,2017-04-30,8:35:00 AM,02 - Rain,02 - Wet,01 - Traffic signal,03 - At intersection,01 - Daylight,02 - Non-fatal injury,02 - Angle,Merivale Gardens - Grenfell Glen - Pineglen - Country Place
14050,WEST HUNT CLUB RD @ WOODROFFE AVE,363669.6877,5021247.158,-75.74899,45.3287,2017-05-06,8:21:00 AM,02 - Rain,02 - Wet,01 - Traffic signal,03 - At intersection,01 - Daylight,02 - Non-fatal injury,02 - Angle,Woodvale - Craig Henry - Manordale - Estates of Arlington Wo
14051,WEST HUNT CLUB RD @ WOODROFFE AVE,363671.6943,5021245.82,-75.74896,45.32869,2017-06-01,9:30:00 AM,01 - Clear,01 - Dry,01 - Traffic signal,02 - Intersection related,01 - Daylight,03 - P.D. only,03 - Rear end,Merivale Gardens - Grenfell Glen - Pineglen - Country Place
14052,WEST HUNT CLUB RD @ WOODROFFE AVE,363669.6877,5021245.82,-75.74899,45.32869,2017-05-16,9:39:00 PM,01 - Clear,01 - Dry,01 - Traffic signal,02 - Intersection related,07 - Dark,03 - P.D. only,03 - Rear end,Woodvale - Craig Henry - Manordale - Estates of Arlington Wo
14053,WEST HUNT CLUB RD @ WOODROFFE AVE,363669.7131,5021246.772,-75.74898,45.3287,2017-06-20,6:03:00 PM,01 - Clear,01 - Dry,01 - Traffic signal,02 - Intersection related,01 - Daylight,03 - P.D. only,04 - Sideswipe,Woodvale - Craig Henry - Manordale - Estates of Arlington Wo
14054,WEST HUNT CLUB RD @ WOODROFFE AVE,363672.3632,5021246.489,-75.74895,45.3287,2017-05-19,10:00:00 PM,01 - Clear,01 - Dry,01 - Traffic signal,02 - Intersection related,07 - Dark,03 - P.D. only,02 - Angle,Merivale Gardens - Grenfell Glen - Pineglen - Country Place
14055,WEST HUNT CLUB RD @ WOODROFFE AVE,363671.6943,5021245.82,-75.74896,45.32869,2017-04-26,5:58:00 PM,01 - Clear,01 - Dry,01 - Traffic signal,02 - Intersection related,01 - Daylight,03 - P.D. only,03 - Rear end,Merivale Gardens - Grenfell Glen - Pineglen - Country Place
14056,WEST HUNT CLUB RD @ WOODROFFE AVE,363671.6943,5021245.82,-75.74896,45.32869,2017-05-01,1:54:00 PM,02 - Rain,02 - Wet,01 - Traffic signal,03 - At intersection,01 - Daylight,03 - P.D. only,05 - Turning movement,Merivale Gardens - Grenfell Glen - Pineglen - Country Place
14057,WEST HUNT CLUB RD @ WOODROFFE AVE,363670.3566,5021246.489,-75.74898,45.3287,2017-05-27,7:42:00 PM,01 - Clear,01 - Dry,01 - Traffic signal,02 - Intersection related,01 - Daylight,02 - Non-fatal injury,07 - SMV other,Woodvale - Craig Henry - Manordale - Estates of Arlington Wo
14058,WEST HUNT CLUB RD @ WOODROFFE AVE,363669.409,5021246.489,-75.74899,45.3287,2017-07-24,8:05:00 AM,02 - Rain,02 - Wet,01 - Traffic signal,03 - At intersection,01 - Daylight,03 - P.D. only,05 - Turning movement,Woodvale - Craig Henry - Manordale - Estates of Arlington Wo
14059,WEST HUNT CLUB RD @ WOODROFFE AVE,363670.691,5021246.728,-75.74897,45.3287,2017-10-30,3:14:00 PM,01 - Clear,01 - Dry,01 - Traffic signal,02 - Intersection related,01 - Daylight,03 - P.D. only,03 - Rear end,Merivale Gardens - Grenfell Glen - Pineglen - Country Place
14060,WEST HUNT CLUB RD @ WOODROFFE AVE,363671.7839,5021246.489,-75.74896,45.3287,2017-10-07,3:20:00 PM,01 - Clear,01 - Dry,01 - Traffic signal,02 - Intersection related,01 - Daylight,03 - P.D. only,04 - Sideswipe,Merivale Gardens - Grenfell Glen - Pineglen - Country Place
14061,WEST HUNT CLUB RD @ WOODROFFE AVE,363670.1483,5021246.218,-75.74898,45.3287,2017-10-07,2:35:00 PM,02 - Rain,02 - Wet,01 - Traffic signal,02 - Intersection related,01 - Daylight,03 - P.D. only,03 - Rear end,Woodvale - Craig Henry - Manordale - Estates of Arlington Wo
14062,WEST HUNT CLUB RD @ WOODROFFE AVE,363670.691,5021245.779,-75.74897,45.32869,2017-10-03,2:37:00 PM,01 - Clear,01 - Dry,01 - Traffic signal,02 - Intersection related,01 - Daylight,02 - Non-fatal injury,03 - Rear end,Merivale Gardens - Grenfell Glen - Pineglen - Country Place
14063,WEST HUNT CLUB RD @ WOODROFFE AVE,363671.6468,5021247.206,-75.74896,45.3287,2017-09-20,6:08:00 PM,01 - Clear,01 - Dry,01 - Traffic signal,02 - Intersection related,01 - Daylight,03 - P.D. only,03 - Rear end,Merivale Gardens - Grenfell Glen - Pineglen - Country Place
14064,WEST HUNT CLUB RD @ WOODROFFE AVE,363669.7352,5021246.25,-75.74898,45.3287,2017-09-17,11:51:00 AM,01 - Clear,01 - Dry,01 - Traffic signal,02 - Intersection related,01 - Daylight,03 - P.D. only,03 - Rear end,Woodvale - Craig Henry - Manordale - Estates of Arlington Wo
14065,WEST HUNT CLUB RD @ WOODROFFE AVE,363669.0188,5021246.489,-75.74899,45.3287,2017-11-16,7:10:00 PM,02 - Rain,02 - Wet,01 - Traffic signal,02 - Intersection related,07 - Dark,03 - P.D. only,03 - Rear end,Woodvale - Craig Henry - Manordale - Estates of Arlington Wo
14066,WEST HUNT CLUB RD @ WOODROFFE AVE,363670.691,5021245.772,-75.74897,45.32869,2017-11-09,6:14:00 PM,01 - Clear,01 - Dry,01 - Traffic signal,02 - Intersection related,07 - Dark,03 - P.D. only,04 - Sideswipe,Merivale Gardens - Grenfell Glen - Pineglen - Country Place
14067,WEST HUNT CLUB RD @ WOODROFFE AVE,363671.6943,5021247.158,-75.74896,45.3287,2017-11-12,3:10:00 PM,01 - Clear,01 - Dry,01 - Traffic signal,02 - Intersection related,01 - Daylight,03 - P.D. only,03 - Rear end,Merivale Gardens - Grenfell Glen - Pineglen - Country Place
14068,WEST HUNT CLUB RD @ WOODROFFE AVE,363671.0255,5021247.158,-75.74897,45.3287,2017-12-02,12:14:00 PM,01 - Clear,01 - Dry,01 - Traffic signal,02 - Intersection related,01 - Daylight,03 - P.D. only,03 - Rear end,Merivale Gardens - Grenfell Glen - Pineglen - Country Place
14069,WEST HUNT CLUB RD @ WOODROFFE AVE,363670.3566,5021245.82,-75.74898,45.32869,2017-12-11,10:50:00 AM,01 - Clear,01 - Dry,01 - Traffic signal,02 - Intersection related,01 - Daylight,03 - P.D. only,03 - Rear end,Woodvale - Craig Henry - Manordale - Estates of Arlington Wo
14070,WEST HUNT CLUB RD @ WOODROFFE AVE,363670.5943,5021246.606,-75.74897,45.3287,2017-11-17,12:19:00 PM,01 - Clear,01 - Dry,01 - Traffic signal,02 - Intersection related,01 - Daylight,03 - P.D. only,03 - Rear end,Merivale Gardens - Grenfell Glen - Pineglen - Country Place
14071,WEST HUNT CLUB RD @ WOODROFFE AVE,363670.2176,5021245.779,-75.74898,45.32869,2017-12-12,12:16:00 PM,03 - Snow,03 - Loose snow,01 - Traffic signal,02 - Intersection related,01 - Daylight,03 - P.D. only,03 - Rear end,Woodvale - Craig Henry - Manordale - Estates of Arlington Wo
14072,WEST HUNT CLUB RD @ WOODROFFE AVE,363671.6943,5021246.489,-75.74896,45.3287,2017-12-08,9:15:00 PM,01 - Clear,01 - Dry,01 - Traffic signal,02 - Intersection related,07 - Dark,03 - P.D. only,04 - Sideswipe,Merivale Gardens - Grenfell Glen - Pineglen - Country Place
14073,WEST HUNT CLUB RD @ WOODROFFE AVE,363671.6943,5021245.82,-75.74896,45.32869,2017-12-02,12:00:00 AM,01 - Clear,01 - Dry,01 - Traffic signal,02 - Intersection related,00 - Unknown,03 - P.D. only,04 - Sideswipe,Merivale Gardens - Grenfell Glen - Pineglen - Country Place
14074,WEST HUNT CLUB RD @ WOODROFFE AVE,363671.0255,5021246.489,-75.74897,45.3287,2017-11-26,9:31:00 PM,03 - Snow,03 - Loose snow,01 - Traffic signal,02 - Intersection related,07 - Dark,03 - P.D. only,03 - Rear end,Merivale Gardens - Grenfell Glen - Pineglen - Country Place
14075,WEST HUNT CLUB RD @ WOODROFFE AVE,363669.6877,5021246.489,-75.74899,45.3287,2017-02-16,8:27:00 AM,03 - Snow,06 - Ice,01 - Traffic signal,02 - Intersection related,01 - Daylight,03 - P.D. only,03 - Rear end,Woodvale - Craig Henry - Manordale - Estates of Arlington Wo
14076,WEST HUNT CLUB RD @ WOODROFFE AVE,363670.3566,5021245.82,-75.74898,45.32869,2017-02-18,2:30:00 PM,01 - Clear,02 - Wet,01 - Traffic signal,02 - Intersection related,01 - Daylight,03 - P.D. only,03 - Rear end,Woodvale - Craig Henry - Manordale - Estates of Arlington Wo
14077,WEST HUNT CLUB RD @ WOODROFFE AVE,363670.691,5021245.396,-75.74897,45.32869,2017-01-28,3:15:00 PM,03 - Snow,02 - Wet,01 - Traffic signal,02 - Intersection related,01 - Daylight,03 - P.D. only,03 - Rear end,Merivale Gardens - Grenfell Glen - Pineglen - Country Place
14078,WEST HUNT CLUB RD @ WOODROFFE AVE,363670.1446,5021245.943,-75.74898,45.32869,2017-01-23,11:35:00 AM,01 - Clear,01 - Dry,01 - Traffic signal,02 - Intersection related,01 - Daylight,03 - P.D. only,03 - Rear end,Woodvale - Craig Henry - Manordale - Estates of Arlington Wo
14079,WEST HUNT CLUB RD @ WOODROFFE AVE,363671.0255,5021245.151,-75.74897,45.32869,2017-02-16,8:52:00 AM,04 - Freezing Rain,06 - Ice,01 - Traffic signal,02 - Intersection related,01 - Daylight,03 - P.D. only,03 - Rear end,Merivale Gardens - Grenfell Glen - Pineglen - Country Place
14080,WEST HUNT CLUB RD @ WOODROFFE AVE,363671.6943,5021247.158,-75.74896,45.3287,2017-03-24,12:32:00 PM,03 - Snow,05 - Packed snow,01 - Traffic signal,02 - Intersection related,01 - Daylight,03 - P.D. only,03 - Rear end,Merivale Gardens - Grenfell Glen - Pineglen - Country Place
14081,WEST HUNT CLUB RD @ WOODROFFE AVE,363671.3856,5021246.758,-75.74896,45.3287,2017-03-31,4:45:00 PM,02 - Rain,02 - Wet,01 - Traffic signal,02 - Intersection related,01 - Daylight,03 - P.D. only,03 - Rear end,Merivale Gardens - Grenfell Glen - Pineglen - Country Place
14082,WEST HUNT CLUB RD @ WOODROFFE AVE,363671.6943,5021245.82,-75.74896,45.32869,2017-04-19,6:16:00 PM,02 - Rain,02 - Wet,01 - Traffic signal,02 - Intersection related,01 - Daylight,03 - P.D. only,03 - Rear end,Merivale Gardens - Grenfell Glen - Pineglen - Country Place
14083,WEST HUNT CLUB RD @ WOODROFFE AVE,363671.0255,5021246.489,-75.74897,45.3287,2017-02-21,11:00:00 AM,01 - Clear,01 - Dry,01 - Traffic signal,02 - Intersection related,01 - Daylight,03 - P.D. only,03 - Rear end,Merivale Gardens - Grenfell Glen - Pineglen - Country Place
14084,WEST HUNT CLUB RD @ WOODROFFE AVE,363671.6943,5021247.158,-75.74896,45.3287,2017-03-04,2:45:00 PM,01 - Clear,01 - Dry,01 - Traffic signal,02 - Intersection related,01 - Daylight,02 - Non-fatal injury,03 - Rear end,Merivale Gardens - Grenfell Glen - Pineglen - Country Place
14085,WEST HUNT CLUB RD @ WOODROFFE AVE,363671.0255,5021245.151,-75.74897,45.32869,2017-04-13,6:03:00 PM,01 - Clear,01 - Dry,01 - Traffic signal,02 - Intersection related,01 - Daylight,03 - P.D. only,03 - Rear end,Merivale Gardens - Grenfell Glen - Pineglen - Country Place
14086,WEST HUNT CLUB RD @ WOODROFFE AVE,363671.0255,5021246.489,-75.74897,45.3287,2017-03-16,7:25:00 PM,01 - Clear,01 - Dry,01 - Traffic signal,02 - Intersection related,07 - Dark,02 - Non-fatal injury,03 - Rear end,Merivale Gardens - Grenfell Glen - Pineglen - Country Place
14087,WEST HUNT CLUB RD @ WOODROFFE AVE,363671.0255,5021245.82,-75.74897,45.32869,2017-02-27,5:05:00 PM,01 - Clear,01 - Dry,01 - Traffic signal,02 - Intersection related,01 - Daylight,03 - P.D. only,03 - Rear end,Merivale Gardens - Grenfell Glen - Pineglen - Country Place
14088,WEST HUNT CLUB RD @ WOODROFFE AVE,363670.3566,5021247.158,-75.74898,45.3287,2017-03-17,3:45:00 PM,01 - Clear,02 - Wet,01 - Traffic signal,02 - Intersection related,01 - Daylight,03 - P.D. only,03 - Rear end,Woodvale - Craig Henry - Manordale - Estates of Arlington Wo
14089,WEST HUNT CLUB RD @ WOODROFFE AVE,363671.1644,5021246.252,-75.74897,45.3287,2017-12-27,12:30:00 PM,01 - Clear,01 - Dry,01 - Traffic signal,02 - Intersection related,01 - Daylight,03 - P.D. only,03 - Rear end,Merivale Gardens - Grenfell Glen - Pineglen - Country Place
14090,WEST HUNT CLUB RD btwn MOODIE DR & HWY416 IC72 RAMP53,358081.9534,5018600.579,-75.82055,45.30534,2017-09-07,4:30:00 PM,01 - Clear,01 - Dry,10 - No control,01 - Non intersection,01 - Daylight,03 - P.D. only,03 - Rear end,Greenbelt
14091,WEST HUNT CLUB RD btwn MOODIE DR & HWY416 IC72 RAMP53,358340.1036,5018754.577,-75.81724,45.3067,2017-10-05,7:01:00 PM,01 - Clear,01 - Dry,10 - No control,01 - Non intersection,07 - Dark,03 - P.D. only,03 - Rear end,Greenbelt
14092,WEST HUNT CLUB RD btwn MOODIE DR & HWY416 IC72 RAMP53,358367.8668,5018768.229,-75.81688,45.30682,2017-09-10,8:38:00 PM,01 - Clear,01 - Dry,10 - No control,04 - At/near private drive,07 - Dark,02 - Non-fatal injury,05 - Turning movement,Greenbelt
14093,WEST HUNT CLUB RD btwn MOODIE DR & HWY416 IC72 RAMP53,358622.6867,5018918.691,-75.81362,45.30816,2017-12-13,6:26:00 PM,01 - Clear,02 - Wet,10 - No control,04 - At/near private drive,07 - Dark,03 - P.D. only,02 - Angle,Greenbelt
14094,WEST HUNT CLUB RD btwn MOODIE DR & HWY416 IC72 RAMP53,358045.1099,5018578.054,-75.82102,45.30514,2017-12-12,1:45:00 PM,03 - Snow,03 - Loose snow,10 - No control,01 - Non intersection,01 - Daylight,03 - P.D. only,07 - SMV other,Greenbelt
14095,WEST HUNT CLUB RD btwn MOODIE DR & HWY416 IC72 RAMP53,358087.9193,5018602.804,-75.82047,45.30536,2017-03-29,7:41:00 AM,01 - Clear,01 - Dry,10 - No control,01 - Non intersection,01 - Daylight,03 - P.D. only,07 - SMV other,Greenbelt
14096,WEST HUNT CLUB RD btwn MOODIE DR & RICHMOND RD,357328.5904,5018218.683,-75.8302,45.30196,2017-05-01,4:47:00 AM,02 - Rain,02 - Wet,10 - No control,01 - Non intersection,07 - Dark,03 - P.D. only,07 - SMV other,Greenbelt
14097,WEST HUNT CLUB RD btwn MOODIE DR & RICHMOND RD,357822.9523,5018445.45,-75.82387,45.30396,2017-10-11,7:52:00 AM,01 - Clear,01 - Dry,10 - No control,01 - Non intersection,01 - Daylight,03 - P.D. only,03 - Rear end,Greenbelt
14098,WEST HUNT CLUB RD btwn PRINCE OF WALES DR & HUNT CLUB RD,367671.0849,5021882.139,-75.69786,45.33407,2017-05-18,6:10:00 PM,01 - Clear,01 - Dry,10 - No control,01 - Non intersection,01 - Daylight,03 - P.D. only,04 - Sideswipe,Industrial Park
14099,WEST HUNT CLUB RD btwn PRINCE OF WALES DR & TURN LANE,367490.3489,5021890.104,-75.70017,45.33416,2017-05-01,2:54:00 PM,02 - Rain,02 - Wet,10 - No control,01 - Non intersection,01 - Daylight,02 - Non-fatal injury,03 - Rear end,Industrial Park
14100,WEST HUNT CLUB RD btwn PRINCE OF WALES DR & TURN LANE,367547.6004,5021888.447,-75.69944,45.33414,2017-08-15,12:34:00 PM,01 - Clear,01 - Dry,10 - No control,01 - Non intersection,01 - Daylight,02 - Non-fatal injury,03 - Rear end,Industrial Park
14101,WEST HUNT CLUB RD btwn PRINCE OF WALES DR & TURN LANE,367487.518,5021890.229,-75.7002,45.33416,2017-08-14,6:33:00 PM,01 - Clear,01 - Dry,10 - No control,01 - Non intersection,01 - Daylight,02 - Non-fatal injury,03 - Rear end,Industrial Park
14102,WEST HUNT CLUB RD btwn PRINCE OF WALES DR & TURN LANE,367488.9103,5021890.169,-75.70019,45.33416,2017-03-10,10:15:00 AM,01 - Clear,01 - Dry,10 - No control,01 - Non intersection,01 - Daylight,03 - P.D. only,03 - Rear end,Industrial Park
14103,WEST HUNT CLUB RD btwn PRINCE OF WALES DR & TURN LANE,367560.1759,5021886.768,-75.69928,45.33412,2017-12-31,1:50:00 AM,01 - Clear,02 - Wet,10 - No control,01 - Non intersection,07 - Dark,02 - Non-fatal injury,99 - Other,Industrial Park
14104,WEST HUNT CLUB RD btwn TURN LANE & PRINCE OF WALES DR (1),367414.8976,5021908.226,-75.70113,45.33433,2017-12-13,8:45:00 AM,01 - Clear,03 - Loose snow,10 - No control,01 - Non intersection,01 - Daylight,03 - P.D. only,03 - Rear end,Industrial Park
14105,WEST HUNT CLUB RD btwn TURN LANE & PRINCE OF WALES DR (1),367448.6412,5021904.28,-75.7007,45.33429,2017-02-15,9:37:00 AM,03 - Snow,04 - Slush,10 - No control,01 - Non intersection,01 - Daylight,03 - P.D. only,03 - Rear end,Industrial Park
14106,WEST HUNT CLUB RD btwn TURN LANE & PRINCE OF WALES DR (2),367387.4589,5021895.336,-75.70148,45.33421,2017-06-02,2:52:00 PM,01 - Clear,01 - Dry,10 - No control,04 - At/near private drive,01 - Daylight,03 - P.D. only,02 - Angle,Industrial Park
14107,WEST HUNT CLUB RD EB btwn 210 W OF MERIVALE RD & MERIVALE RD,365517.5937,5021865.318,-75.72534,45.33411,2017-11-03,8:00:00 AM,02 - Rain,02 - Wet,10 - No control,01 - Non intersection,01 - Daylight,03 - P.D. only,03 - Rear end,Merivale Gardens - Grenfell Glen - Pineglen - Country Place
14108,WEST HUNT CLUB RD EB btwn 354 E OF WOODROFFE AVE/REC PATH & CLEOPATRA,364122.5618,5021435.888,-75.74319,45.33036,2017-10-13,2:10:00 PM,01 - Clear,01 - Dry,10 - No control,01 - Non intersection,01 - Daylight,02 - Non-fatal injury,07 - SMV other,Tanglewood
14109,WEST HUNT CLUB RD EB btwn 354 E OF WOODROFFE AVE/REC PATH & CLEOPATRA,365179.5848,5021704.371,-75.72967,45.33269,2017-12-14,10:23:00 AM,01 - Clear,01 - Dry,10 - No control,01 - Non intersection,01 - Daylight,03 - P.D. only,04 - Sideswipe,Merivale Gardens - Grenfell Glen - Pineglen - Country Place
14110,WEST HUNT CLUB RD EB btwn 545 E OF ROYDON PL/SUNDERLAND ST & ANTARES D,367027.1093,5022207.254,-75.70604,45.33705,2017-06-06,2:05:00 PM,02 - Rain,02 - Wet,10 - No control,07 - Overpass or bridge,01 - Daylight,03 - P.D. only,03 - Rear end,Industrial Park
14111,WEST HUNT CLUB RD EB btwn 545 E OF ROYDON PL/SUNDERLAND ST & ANTARES D,367041.1561,5022178.492,-75.70586,45.33679,2017-05-02,5:07:00 PM,01 - Clear,01 - Dry,10 - No control,01 - Non intersection,01 - Daylight,03 - P.D. only,03 - Rear end,Industrial Park
14112,WEST HUNT CLUB RD EB btwn 545 E OF ROYDON PL/SUNDERLAND ST & ANTARES D,366955.824,5022338.674,-75.70693,45.33824,2017-07-20,8:25:00 AM,01 - Clear,01 - Dry,10 - No control,01 - Non intersection,01 - Daylight,03 - P.D. only,03 - Rear end,Industrial Park
14113,WEST HUNT CLUB RD EB btwn CEDARVIEW RD & GREENBANK RD,361394.3927,5020439.603,-75.7781,45.32163,2017-06-06,8:02:00 AM,02 - Rain,02 - Wet,10 - No control,01 - Non intersection,01 - Daylight,03 - P.D. only,03 - Rear end,Greenbelt
14114,WEST HUNT CLUB RD EB btwn CEDARVIEW RD & GREENBANK RD,361046.5881,5020239.248,-75.78256,45.31985,2017-01-01,8:26:00 PM,01 - Clear,02 - Wet,10 - No control,01 - Non intersection,07 - Dark,03 - P.D. only,04 - Sideswipe,Greenbelt
14115,WEST HUNT CLUB RD EB btwn CEDARVIEW RD & GREENBANK RD,359900.2828,5019648.123,-75.79725,45.31462,2017-03-15,4:41:00 PM,03 - Snow,04 - Slush,10 - No control,01 - Non intersection,01 - Daylight,02 - Non-fatal injury,99 - Other,Greenbelt