Record,Location,X,Y,Longitude,Latitude,Date,Time,Environment,Road_Surface,Traffic_Control,Collision_Location,Light,Collision_Classification,Impact_type,Neighborhood
14116,WEST HUNT CLUB RD EB btwn CEDARVIEW RD & GREENBANK RD,360156.2226,5019793.172,-75.79397,45.31591,2017-12-23,7:16:00 PM,01 - Clear,03 - Loose snow,10 - No control,01 - Non intersection,07 - Dark,03 - P.D. only,07 - SMV other,Greenbelt
14117,WEST HUNT CLUB RD EB btwn KNOXDALE RD & WOODROFFE AVE,361922.6739,5020568.422,-75.77135,45.32274,2017-11-28,6:14:00 PM,01 - Clear,01 - Dry,10 - No control,01 - Non intersection,07 - Dark,03 - P.D. only,03 - Rear end,Woodvale - Craig Henry - Manordale - Estates of Arlington Wo
14118,WEST HUNT CLUB RD EB btwn MERIVALE RD & SUNDERLAND ST,365627.7454,5021937.816,-75.72392,45.33475,2017-06-12,8:48:00 AM,01 - Clear,01 - Dry,10 - No control,01 - Non intersection,01 - Daylight,03 - P.D. only,03 - Rear end,Industrial Park
14119,WEST HUNT CLUB RD EB btwn MERIVALE RD & SUNDERLAND ST,365712.0885,5021991.603,-75.72284,45.33523,2017-08-07,12:08:00 PM,01 - Clear,01 - Dry,10 - No control,01 - Non intersection,01 - Daylight,03 - P.D. only,04 - Sideswipe,Industrial Park
14120,WEST HUNT CLUB RD EB btwn ROYDON PL/SUNDERLAND ST & 545 E OF ROYDON PL,366196.0391,5022294.224,-75.71663,45.33791,2017-04-19,3:53:00 PM,02 - Rain,02 - Wet,10 - No control,04 - At/near private drive,01 - Daylight,03 - P.D. only,05 - Turning movement,Industrial Park
14121,WEST HUNT CLUB RD EB btwn WOODROFFE AVE & 354 E OF WOODROFFE AVE/REC P,363832.2203,5021362.857,-75.7469,45.32973,2017-09-03,11:19:00 PM,02 - Rain,02 - Wet,10 - No control,01 - Non intersection,07 - Dark,03 - P.D. only,07 - SMV other,Tanglewood
14122,WEST HUNT CLUB RD EB btwn WOODROFFE AVE & 354 E OF WOODROFFE AVE/REC P,363699.817,5021269.589,-75.7486,45.3289,2017-12-12,2:16:00 PM,03 - Snow,03 - Loose snow,10 - No control,01 - Non intersection,01 - Daylight,03 - P.D. only,03 - Rear end,Tanglewood
14123,WEST HUNT CLUB RD EB btwn WOODROFFE AVE & 354 E OF WOODROFFE AVE/REC P,363748.7975,5021308.027,-75.74797,45.32925,2017-12-12,2:03:00 PM,03 - Snow,03 - Loose snow,10 - No control,01 - Non intersection,01 - Daylight,03 - P.D. only,03 - Rear end,Tanglewood
14124,WEST HUNT CLUB RD EB btwn WOODROFFE AVE & 354 E OF WOODROFFE AVE/REC P,363749.0662,5021309.571,-75.74797,45.32926,2017-11-02,9:00:00 AM,02 - Rain,02 - Wet,10 - No control,01 - Non intersection,01 - Daylight,02 - Non-fatal injury,04 - Sideswipe,Tanglewood
14125,WEST HUNT CLUB RD EB btwn WOODROFFE AVE & 354 E OF WOODROFFE AVE/REC P,363927.7324,5021397.732,-75.74568,45.33004,2017-12-27,10:50:00 AM,01 - Clear,03 - Loose snow,10 - No control,01 - Non intersection,01 - Daylight,03 - P.D. only,07 - SMV other,Tanglewood
14126,WEST HUNT CLUB RD EB btwn WOODROFFE AVE & 354 E OF WOODROFFE AVE/REC P,363926.7857,5021395.838,-75.74569,45.33002,2017-12-27,11:20:00 AM,01 - Clear,06 - Ice,10 - No control,01 - Non intersection,01 - Daylight,03 - P.D. only,03 - Rear end,Tanglewood
14127,WEST HUNT CLUB RD EB btwn WOODROFFE AVE & 354 E OF WOODROFFE AVE/REC P,363928.2058,5021396.311,-75.74567,45.33002,2017-12-27,11:59:00 AM,01 - Clear,03 - Loose snow,10 - No control,01 - Non intersection,01 - Daylight,03 - P.D. only,03 - Rear end,Tanglewood
14128,WEST HUNT CLUB RD WB btwn 354 E OF WOODROFFE AVE/REC PATH & CLEOPATRA,365176.9585,5021713.984,-75.7297,45.33278,2017-08-14,3:22:00 PM,01 - Clear,01 - Dry,10 - No control,01 - Non intersection,01 - Daylight,03 - P.D. only,03 - Rear end,Merivale Gardens - Grenfell Glen - Pineglen - Country Place
14129,WEST HUNT CLUB RD WB btwn 545 E OF ROYDON PL/SUNDERLAND ST & ANTARES D,366523.1495,5022509.055,-75.71243,45.33981,2017-10-24,3:30:00 PM,01 - Clear,01 - Dry,10 - No control,01 - Non intersection,01 - Daylight,03 - P.D. only,07 - SMV other,Industrial Park
14130,WEST HUNT CLUB RD WB btwn 545 E OF ROYDON PL/SUNDERLAND ST & ANTARES D,367060.8474,5022169.312,-75.70561,45.33671,2017-11-04,9:41:00 AM,01 - Clear,01 - Dry,10 - No control,01 - Non intersection,01 - Daylight,03 - P.D. only,04 - Sideswipe,Industrial Park
14131,WEST HUNT CLUB RD WB btwn 545 E OF ROYDON PL/SUNDERLAND ST & ANTARES D,366573.7803,5022528.573,-75.71178,45.33998,2017-11-30,9:08:00 AM,01 - Clear,01 - Dry,10 - No control,01 - Non intersection,01 - Daylight,03 - P.D. only,06 - SMV unattended vehicle,Industrial Park
14132,WEST HUNT CLUB RD WB btwn 545 E OF ROYDON PL/SUNDERLAND ST & ANTARES D,366373.9801,5022424.804,-75.71434,45.33907,2017-12-29,12:19:00 PM,01 - Clear,05 - Packed snow,10 - No control,01 - Non intersection,01 - Daylight,03 - P.D. only,03 - Rear end,Industrial Park
14133,WEST HUNT CLUB RD WB btwn CEDARVIEW RD & GREENBANK RD,359932.7242,5019684.244,-75.79683,45.31494,2017-06-21,4:40:00 PM,01 - Clear,01 - Dry,10 - No control,01 - Non intersection,01 - Daylight,03 - P.D. only,03 - Rear end,Greenbelt
14134,WEST HUNT CLUB RD WB btwn CEDARVIEW RD & GREENBANK RD,359978.5436,5019707.655,-75.79624,45.31515,2017-11-19,8:29:00 AM,03 - Snow,03 - Loose snow,10 - No control,01 - Non intersection,01 - Daylight,02 - Non-fatal injury,04 - Sideswipe,Greenbelt
14135,WEST HUNT CLUB RD WB btwn CEDARVIEW RD & GREENBANK RD,360601.5677,5020013.742,-75.78826,45.31786,2017-01-16,2:45:00 PM,01 - Clear,01 - Dry,10 - No control,01 - Non intersection,01 - Daylight,03 - P.D. only,04 - Sideswipe,Greenbelt
14136,WEST HUNT CLUB RD WB btwn CEDARVIEW RD & GREENBANK RD,361432.6001,5020478.119,-75.77761,45.32197,2017-01-16,2:45:00 PM,01 - Clear,01 - Dry,10 - No control,01 - Non intersection,01 - Daylight,03 - P.D. only,04 - Sideswipe,Greenbelt
14137,WEST HUNT CLUB RD WB btwn CEDARVIEW RD & GREENBANK RD,359756.47,5019581.902,-75.79909,45.31404,2017-04-05,10:09:00 PM,01 - Clear,01 - Dry,10 - No control,01 - Non intersection,07 - Dark,03 - P.D. only,07 - SMV other,Greenbelt
14138,WEST HUNT CLUB RD WB btwn CEDARVIEW RD & GREENBANK RD,361391.266,5020454.451,-75.77814,45.32176,2017-12-22,3:44:00 PM,01 - Clear,05 - Packed snow,10 - No control,01 - Non intersection,01 - Daylight,01 - Fatal injury,01 - Approaching,Greenbelt
14139,WEST HUNT CLUB RD WB btwn GREENBANK RD & KNOXDALE RD,361559.6101,5020543.951,-75.77598,45.32255,2017-02-16,7:57:00 AM,01 - Clear,06 - Ice,10 - No control,01 - Non intersection,01 - Daylight,03 - P.D. only,07 - SMV other,Woodvale - Craig Henry - Manordale - Estates of Arlington Wo
14140,WEST HUNT CLUB RD WB btwn KNOXDALE RD & WOODROFFE AVE,363636.9555,5021236.582,-75.7494,45.32861,2017-07-06,9:18:00 PM,01 - Clear,01 - Dry,10 - No control,01 - Non intersection,07 - Dark,03 - P.D. only,03 - Rear end,Woodvale - Craig Henry - Manordale - Estates of Arlington Wo
14141,WEST HUNT CLUB RD WB btwn KNOXDALE RD & WOODROFFE AVE,363621.9336,5021226.371,-75.7496,45.32852,2017-10-24,10:05:00 AM,02 - Rain,02 - Wet,10 - No control,01 - Non intersection,01 - Daylight,03 - P.D. only,04 - Sideswipe,Woodvale - Craig Henry - Manordale - Estates of Arlington Wo
14142,WEST HUNT CLUB RD WB btwn KNOXDALE RD & WOODROFFE AVE,361961.7758,5020573.833,-75.77085,45.32279,2017-01-26,7:15:00 PM,01 - Clear,01 - Dry,10 - No control,01 - Non intersection,07 - Dark,02 - Non-fatal injury,03 - Rear end,Woodvale - Craig Henry - Manordale - Estates of Arlington Wo
14143,WEST HUNT CLUB RD WB btwn LANCELOT DR & 210 W OF MERIVALE RD,365354.788,5021788.821,-75.72742,45.33343,2017-08-17,6:24:00 PM,01 - Clear,01 - Dry,10 - No control,01 - Non intersection,01 - Daylight,03 - P.D. only,03 - Rear end,Merivale Gardens - Grenfell Glen - Pineglen - Country Place
14144,WEST HUNT CLUB RD WB btwn MERIVALE RD & ROYDON PL,365869.1055,5022102.755,-75.72082,45.33621,2017-07-15,7:15:00 AM,01 - Clear,02 - Wet,10 - No control,01 - Non intersection,01 - Daylight,02 - Non-fatal injury,07 - SMV other,Industrial Park
14145,WEST HUNT CLUB RD WB btwn MERIVALE RD & ROYDON PL,365772.2072,5022042.698,-75.72207,45.33568,2017-01-05,8:47:00 PM,01 - Clear,02 - Wet,10 - No control,04 - At/near private drive,07 - Dark,03 - P.D. only,02 - Angle,Industrial Park
14146,WEST HUNT CLUB RD WB btwn ROYDON PL/SUNDERLAND ST & 545 E OF ROYDON PL,366061.4299,5022223.997,-75.71835,45.33729,2017-07-22,11:59:00 AM,01 - Clear,01 - Dry,10 - No control,01 - Non intersection,01 - Daylight,03 - P.D. only,03 - Rear end,Industrial Park
14147,WEST HUNT CLUB RD WB btwn ROYDON PL/SUNDERLAND ST & 545 E OF ROYDON PL,366314.1671,5022385.659,-75.71511,45.33872,2017-12-08,12:40:00 PM,01 - Clear,01 - Dry,10 - No control,04 - At/near private drive,01 - Daylight,02 - Non-fatal injury,05 - Turning movement,Industrial Park
14148,WEST HUNT CLUB RD WB btwn WOODROFFE AVE & 354 E OF WOODROFFE AVE/REC P,363920.9642,5021412.609,-75.74576,45.33017,2017-09-30,1:14:00 PM,01 - Clear,01 - Dry,10 - No control,01 - Non intersection,01 - Daylight,03 - P.D. only,07 - SMV other,Tanglewood
14149,WEST HUNT CLUB RD WB btwn WOODROFFE AVE & 354 E OF WOODROFFE AVE/REC P,363885.3064,5021400.436,-75.74622,45.33007,2017-01-08,9:57:00 AM,03 - Snow,05 - Packed snow,10 - No control,01 - Non intersection,01 - Daylight,02 - Non-fatal injury,07 - SMV other,Tanglewood
14150,WEST RIDGE DR @ WHALINGS CIRC,348693.3805,5013665.565,-75.9407,45.26158,2017-01-10,1:42:00 PM,03 - Snow,03 - Loose snow,02 - Stop sign,02 - Intersection related,01 - Daylight,03 - P.D. only,03 - Rear end,Crossing Bridge
14151,WEST RIDGE DR btwn PARLOR PL & BERT G. ARGUE DR,349455.382,5012881.625,-75.93106,45.25448,2017-01-01,1:28:00 AM,02 - Rain,03 - Loose snow,10 - No control,01 - Non intersection,07 - Dark,03 - P.D. only,07 - SMV other,Crossing Bridge
14152,WESTFIELD CRES btwn ASHGROVE CRES & ASHGROVE CRES,360990.5413,5021886.293,-75.78309,45.33467,2017-08-02,9:57:00 PM,01 - Clear,01 - Dry,10 - No control,04 - At/near private drive,07 - Dark,03 - P.D. only,06 - SMV unattended vehicle,Briar Green - Leslie Park
14153,WESTON DR btwn SAUNDERSON DR & OTHELLO AVE,373268.0763,5028896.656,-75.62549,45.39666,2017-07-01,12:00:00 AM,02 - Rain,02 - Wet,10 - No control,01 - Non intersection,00 - Unknown,03 - P.D. only,06 - SMV unattended vehicle,Elmvale - Eastway - Riverview - Riverview Park West
14154,WESTOVER CRES btwn PAINE AVE & PAINE AVE,348758.103,5018569.816,-75.93944,45.30571,2017-01-11,12:00:00 AM,04 - Freezing Rain,06 - Ice,10 - No control,01 - Non intersection,00 - Unknown,03 - P.D. only,06 - SMV unattended vehicle,Kanata Lakes - Marchwood Lakeside - Morgan's Grant - Kanata
14155,WESTVALLEY PRIV btwn SOUTHCREST PRIV & GLENHAVEN PRIV (2),370125.8897,5026006.223,-75.666,45.37095,2017-02-05,6:00:00 PM,03 - Snow,02 - Wet,10 - No control,04 - At/near private drive,07 - Dark,03 - P.D. only,06 - SMV unattended vehicle,Alta Vista
14156,WEYBRIDGE DR btwn KENNEVALE DR & HOPKINTON ST,362407.033,5014953.763,-75.76582,45.27218,2017-01-15,3:08:00 AM,01 - Clear,02 - Wet,10 - No control,01 - Non intersection,07 - Dark,03 - P.D. only,07 - SMV other,Barrhaven West - Old Barrhaven
14157,WHETSTONE CRES btwn FRATTON WAY & OLDFIELD ST (1),366477.4966,5015949.845,-75.71383,45.2808,2017-06-27,12:00:00 AM,01 - Clear,01 - Dry,10 - No control,01 - Non intersection,00 - Unknown,03 - P.D. only,06 - SMV unattended vehicle,Chapman Mills - Rideau Crest - Davidson Heights
14158,WHITBURN CRES btwn HEXHAM RD & MARSDEN PL (2),357326.6804,5023458.64,-75.82966,45.34911,2017-03-04,12:00:00 AM,01 - Clear,01 - Dry,10 - No control,01 - Non intersection,00 - Unknown,03 - P.D. only,06 - SMV unattended vehicle,Crystal Bay - Lakeview Park - Britannia Village
14159,WHITE ALDER AVE btwn FLAT SEDGE CRES & STALWART CRES W,375462.844,5020730.631,-75.59863,45.32297,2017-10-16,8:06:00 PM,01 - Clear,01 - Dry,10 - No control,01 - Non intersection,07 - Dark,03 - P.D. only,06 - SMV unattended vehicle,Greenbelt
14160,WHITE ALDER AVE btwn FLAT SEDGE CRES & STALWART CRES W,375442.944,5020718.545,-75.59888,45.32286,2017-12-11,10:30:00 AM,01 - Clear,01 - Dry,10 - No control,01 - Non intersection,01 - Daylight,03 - P.D. only,06 - SMV unattended vehicle,Greenbelt
14161,WHITEROCK ST btwn HUNTINGDALE CRT & MATHESON RD,373208.5228,5032870.841,-75.6257,45.43242,2017-01-07,9:29:00 AM,01 - Clear,05 - Packed snow,10 - No control,01 - Non intersection,01 - Daylight,03 - P.D. only,06 - SMV unattended vehicle,Carson Grove - Carson Meadows
14162,WHITMORE AVE btwn CLINE CRES & CLINE CRES,362884.8847,5024802.312,-75.75858,45.36076,2017-02-08,12:00:00 AM,04 - Freezing Rain,06 - Ice,10 - No control,01 - Non intersection,00 - Unknown,03 - P.D. only,06 - SMV unattended vehicle,Braemar Park - Bel Air Heights - Copeland Park
14163,WHYTE SIDE RD btwn HAWTHORNE RD & RAMSAYVILLE RD,376446.4046,5024713.569,-75.58551,45.35871,2017-06-06,11:55:00 PM,01 - Clear,01 - Dry,10 - No control,01 - Non intersection,07 - Dark,03 - P.D. only,03 - Rear end,Greenbelt
14164,WHYTE SIDE RD btwn HAWTHORNE RD & RAMSAYVILLE RD,377918.1014,5025568.891,-75.5666,45.36625,2017-07-21,7:50:00 AM,01 - Clear,01 - Dry,10 - No control,01 - Non intersection,01 - Daylight,02 - Non-fatal injury,04 - Sideswipe,Greenbelt
14165,WICKLOW DR btwn SCHARFGATE DR & POTTER DR,367570.6487,5009370.773,-75.70073,45.2215,2017-06-17,8:21:00 PM,01 - Clear,01 - Dry,10 - No control,04 - At/near private drive,01 - Daylight,03 - P.D. only,06 - SMV unattended vehicle,Manotick
14166,WIFFEN PRIV @ WHARHOL PRIV,357252.2881,5019607.01,-75.83102,45.31445,2017-08-02,3:48:00 PM,01 - Clear,01 - Dry,02 - Stop sign,02 - Intersection related,01 - Daylight,03 - P.D. only,05 - Turning movement,Bells Corners West
14167,WILHAVEN DR btwn BECKETT'S CREEK RD & CANAAN RD,395085.3264,5041123.939,-75.34463,45.50419,2017-01-12,7:18:00 AM,02 - Rain,06 - Ice,10 - No control,01 - Non intersection,03 - Dawn,03 - P.D. only,99 - Other,Cumberland - Estates
14168,WILHAVEN DR btwn DUNNING RD & SARSFIELD RD,391096.9637,5040848.966,-75.39571,45.50222,2017-11-09,9:20:00 PM,03 - Snow,02 - Wet,10 - No control,01 - Non intersection,07 - Dark,03 - P.D. only,07 - SMV other,Cumberland - Estates
14169,WILHAVEN DR btwn EMMETT RD & BECKETT'S CREEK RD,394678.3529,5041209.734,-75.34983,45.50502,2017-03-14,7:40:00 AM,03 - Snow,03 - Loose snow,10 - No control,01 - Non intersection,01 - Daylight,03 - P.D. only,07 - SMV other,Cumberland - Estates
14170,WILLARD ST btwn SCOTIA PL & BELLWOOD AVE,368975.509,5028343.978,-75.68038,45.39209,2017-02-13,10:00:00 PM,03 - Snow,04 - Slush,10 - No control,01 - Non intersection,07 - Dark,03 - P.D. only,06 - SMV unattended vehicle,Old Ottawa South
14171,WILLIAM HODGINS LANE btwn VAUGHAN SIDE RD & DIAMONDVIEW RD,338285.7305,5019867.41,-76.0729,45.31796,2017-09-29,8:38:00 AM,01 - Clear,01 - Dry,10 - No control,01 - Non intersection,01 - Daylight,02 - Non-fatal injury,99 - Other,Carp - Hardwood Plains
14172,WILLIAM ST btwn CLARENCE ST & YORK ST,367965.5054,5032405.203,-75.69276,45.42873,2017-04-26,5:36:00 PM,01 - Clear,01 - Dry,10 - No control,01 - Non intersection,01 - Daylight,03 - P.D. only,07 - SMV other,Byward Market
14173,WILLOW ASTER CIR btwn GERARDIA LANE & MONARDIA WAY,383585.3052,5033722.905,-75.49296,45.439,2017-10-31,8:59:00 PM,01 - Clear,02 - Wet,10 - No control,04 - At/near private drive,07 - Dark,03 - P.D. only,06 - SMV unattended vehicle,Avalon
14174,WILLOW ST btwn PRESTON ST & ROCHESTER ST,366504.7213,5029894.196,-75.71174,45.40626,2017-02-09,8:00:00 AM,01 - Clear,01 - Dry,10 - No control,04 - At/near private drive,01 - Daylight,03 - P.D. only,06 - SMV unattended vehicle,Little Italy
14175,WILLOW ST btwn PRESTON ST & ROCHESTER ST,366500.1015,5029892.834,-75.7118,45.40625,2017-02-19,12:00:00 AM,01 - Clear,05 - Packed snow,10 - No control,01 - Non intersection,07 - Dark,03 - P.D. only,06 - SMV unattended vehicle,Little Italy
14176,WILLOW ST btwn PRESTON ST & ROCHESTER ST,366477.2793,5029882.309,-75.71209,45.40616,2017-04-20,12:00:00 AM,01 - Clear,01 - Dry,10 - No control,01 - Non intersection,00 - Unknown,03 - P.D. only,06 - SMV unattended vehicle,Little Italy
14177,WILLOW ST btwn ROCHESTER ST & BOOTH ST,366702.3338,5029977.223,-75.70921,45.40699,2017-03-29,9:56:00 AM,01 - Clear,01 - Dry,10 - No control,01 - Non intersection,01 - Daylight,02 - Non-fatal injury,06 - SMV unattended vehicle,Centretown West
14178,WILLOWDALE AVE btwn EVANS BLVD & RENFIELD RD,370175.0888,5027083.534,-75.66523,45.38064,2017-03-07,9:23:00 AM,04 - Freezing Rain,06 - Ice,10 - No control,01 - Non intersection,01 - Daylight,03 - P.D. only,06 - SMV unattended vehicle,Alta Vista
14179,WILLOWMERE WAY btwn FINDLAY CREEK DR & HAZELNUT CRES,374162.694,5019357.731,-75.6154,45.31075,2017-06-05,8:22:00 PM,01 - Clear,01 - Dry,10 - No control,04 - At/near private drive,01 - Daylight,03 - P.D. only,02 - Angle,Greenbelt
14180,WILSON ST btwn CUMMINGS AVE & RAINSFORD AVE,372159.8911,5033834.859,-75.63897,45.4412,2017-02-17,1:33:00 AM,01 - Clear,05 - Packed snow,10 - No control,01 - Non intersection,07 - Dark,03 - P.D. only,06 - SMV unattended vehicle,Cummings
14181,WILTON CRES btwn OAKLAND AVE & MONK ST,368489.6527,5028914.813,-75.68651,45.39727,2017-12-16,10:45:00 PM,01 - Clear,03 - Loose snow,10 - No control,01 - Non intersection,07 - Dark,03 - P.D. only,06 - SMV unattended vehicle,The Glebe
14182,WINDSOR AVE btwn RIVERDALE AVE & END,369145.6561,5028438.794,-75.6782,45.39293,2017-07-13,11:00:00 PM,01 - Clear,01 - Dry,10 - No control,01 - Non intersection,07 - Dark,03 - P.D. only,06 - SMV unattended vehicle,Old Ottawa South
14183,WINDSOR AVE btwn RIVERDALE AVE & END,369119.006,5028422.09,-75.67854,45.39278,2017-07-13,10:58:00 PM,01 - Clear,01 - Dry,10 - No control,01 - Non intersection,07 - Dark,03 - P.D. only,06 - SMV unattended vehicle,Old Ottawa South
14184,WINLOCK CRES btwn ELVASTON AVE & ELVASTON AVE,361603.4719,5021337.495,-75.77533,45.32969,2017-09-16,11:28:00 PM,01 - Clear,01 - Dry,10 - No control,04 - At/near private drive,07 - Dark,03 - P.D. only,06 - SMV unattended vehicle,Woodvale - Craig Henry - Manordale - Estates of Arlington Wo
14185,WINONA AVE btwn WHITBY AVE & PICTON AVE,363241.6243,5028462.428,-75.75359,45.39366,2017-01-06,12:00:00 AM,01 - Clear,05 - Packed snow,10 - No control,01 - Non intersection,00 - Unknown,03 - P.D. only,06 - SMV unattended vehicle,Westboro
14186,WINTERHAVEN DR btwn FOUNTAINHEAD DR & STARCROSS ST,382005.3427,5032025.086,-75.51342,45.4239,2017-06-10,12:00:00 AM,01 - Clear,01 - Dry,10 - No control,04 - At/near private drive,00 - Unknown,03 - P.D. only,06 - SMV unattended vehicle,Chapel Hill South
14187,WITHROW AVE btwn PENDER ST & ST. HELEN'S PL,364378.9415,5024062.267,-75.7396,45.35397,2017-06-03,2:45:00 PM,01 - Clear,01 - Dry,10 - No control,04 - At/near private drive,01 - Daylight,03 - P.D. only,06 - SMV unattended vehicle,Crestview - Meadowlands
14188,WOLFF ST btwn MARGUERITE AVE & ONTARIO ST,370127.7812,5032408.286,-75.66513,45.42856,2017-04-29,4:40:00 PM,01 - Clear,01 - Dry,10 - No control,04 - At/near private drive,01 - Daylight,03 - P.D. only,06 - SMV unattended vehicle,Vanier South
14189,WOODCLIFFE PRIV @ JEANNE D'ARC BLVD,380108.1134,5036225.87,-75.53702,45.4619,2017-07-06,6:34:00 PM,01 - Clear,01 - Dry,02 - Stop sign,03 - At intersection,01 - Daylight,02 - Non-fatal injury,02 - Angle,Chapel Hill
14190,WOODCLIFFE PRIV @ JEANNE D'ARC BLVD,380109.6085,5036227.365,-75.537,45.46191,2017-11-16,5:57:00 PM,02 - Rain,02 - Wet,02 - Stop sign,02 - Intersection related,07 - Dark,03 - P.D. only,03 - Rear end,Chapel Hill
14191,WOODFIELD DR btwn DOWNSVIEW CRES & MERIVALE RD,365329.7296,5022257.522,-75.72769,45.33765,2017-01-16,6:52:00 PM,01 - Clear,06 - Ice,10 - No control,04 - At/near private drive,07 - Dark,03 - P.D. only,02 - Angle,Tanglewood
14192,WOODFORD WAY btwn WOODPARK WAY & ARMAGH WAY,365002.6131,5017037.605,-75.73249,45.29071,2017-10-26,12:00:00 AM,01 - Clear,01 - Dry,10 - No control,01 - Non intersection,00 - Unknown,03 - P.D. only,06 - SMV unattended vehicle,New Barrhaven
14193,WOODFORD WAY btwn WOODPARK WAY & ARMAGH WAY,364960.0981,5017025.398,-75.73304,45.29061,2017-03-07,9:11:00 AM,04 - Freezing Rain,06 - Ice,10 - No control,01 - Non intersection,01 - Daylight,03 - P.D. only,06 - SMV unattended vehicle,New Barrhaven
14194,WOODGATE WAY btwn ROYAL FIELD CRES & BENCHLAND ST,364954.0143,5017582.265,-75.73305,45.29562,2017-07-11,5:33:00 PM,02 - Rain,02 - Wet,10 - No control,04 - At/near private drive,01 - Daylight,02 - Non-fatal injury,04 - Sideswipe,New Barrhaven
14195,WOODKILTON RD @ KINBURN SIDE RD,336952.1312,5034991.721,-76.08892,45.45412,2017-09-28,11:32:00 AM,01 - Clear,01 - Dry,02 - Stop sign,03 - At intersection,01 - Daylight,03 - P.D. only,02 - Angle,Woodlawn
14196,WOODKILTON RD btwn TO BE DETERMINED & KILMAURS SIDE RD,332942.8624,5039282.662,-76.13993,45.4929,2017-08-29,7:41:00 AM,01 - Clear,01 - Dry,10 - No control,01 - Non intersection,01 - Daylight,03 - P.D. only,07 - SMV other,Dirleton
14197,WOODLAWN AVE btwn WILTON LANE & MONK ST,368393.3598,5029049.519,-75.68773,45.3985,2017-06-10,12:00:00 AM,01 - Clear,01 - Dry,10 - No control,01 - Non intersection,00 - Unknown,03 - P.D. only,06 - SMV unattended vehicle,The Glebe
14198,WOODMILL TER btwn BEAM ST & FORESTBROOK ST,348850.3049,5022754.751,-75.93789,45.34336,2017-01-08,12:00:00 AM,01 - Clear,05 - Packed snow,10 - No control,01 - Non intersection,00 - Unknown,03 - P.D. only,06 - SMV unattended vehicle,Morgan's Grant
14199,WOODMOUNT CRES btwn CHESTERTON DR & CHESTERTON DR,365570.7798,5023942.046,-75.7244,45.35279,2017-12-11,4:54:00 PM,01 - Clear,06 - Ice,10 - No control,04 - At/near private drive,07 - Dark,03 - P.D. only,02 - Angle,Borden Farm - Stewart Farm - Parkwood Hills - Fisher Glen
14200,WOODPARK WAY btwn MASONBROOK ST & MULLCRAFT CRES,365232.3908,5017069.068,-75.72956,45.29098,2017-03-10,10:15:00 AM,01 - Clear,06 - Ice,10 - No control,01 - Non intersection,01 - Daylight,03 - P.D. only,07 - SMV other,Greenbelt
14201,WOODPARK WAY btwn MASONBROOK ST & MULLCRAFT CRES,365210.5897,5017189.159,-75.72982,45.29206,2017-12-29,6:00:00 PM,03 - Snow,03 - Loose snow,10 - No control,01 - Non intersection,07 - Dark,03 - P.D. only,06 - SMV unattended vehicle,Greenbelt
14202,WOODRIDGE CRES btwn 220 W OF BAYSHORE DR/BAYSHORE SC & BAYSHORE DR,359102.8998,5023416.529,-75.807,45.34859,2017-04-23,9:53:00 AM,01 - Clear,01 - Dry,10 - No control,04 - At/near private drive,01 - Daylight,02 - Non-fatal injury,02 - Angle,Bayshore
14203,WOODRIDGE CRES btwn BAYSHORE DR & BAYSHORE PS,358839.0755,5023657.294,-75.81034,45.35078,2017-11-22,7:30:00 PM,01 - Clear,01 - Dry,10 - No control,01 - Non intersection,07 - Dark,03 - P.D. only,06 - SMV unattended vehicle,Bayshore
14204,WOODRIDGE CRES btwn BAYSHORE DR & BAYSHORE PS,358988.8426,5023822.762,-75.80841,45.35226,2017-02-11,4:30:00 PM,01 - Clear,03 - Loose snow,10 - No control,04 - At/near private drive,01 - Daylight,03 - P.D. only,05 - Turning movement,Bayshore
14205,WOODRIDGE CRES btwn BAYSHORE PS & TRANSITWAY LINK,358848.1788,5023186.375,-75.81028,45.34654,2017-05-31,5:00:00 PM,01 - Clear,01 - Dry,10 - No control,04 - At/near private drive,01 - Daylight,03 - P.D. only,05 - Turning movement,Bayshore
14206,WOODRIDGE CRES btwn BAYSHORE PS & TRANSITWAY LINK,358838.2664,5023185.599,-75.8104,45.34654,2017-06-18,3:40:00 PM,01 - Clear,01 - Dry,10 - No control,04 - At/near private drive,01 - Daylight,03 - P.D. only,02 - Angle,Bayshore
14207,WOODRIDGE CRES btwn BAYSHORE PS & TRANSITWAY LINK,358657.1782,5023212.239,-75.81271,45.34679,2017-10-29,12:00:00 AM,02 - Rain,02 - Wet,10 - No control,01 - Non intersection,00 - Unknown,03 - P.D. only,06 - SMV unattended vehicle,Bayshore
14208,WOODRIDGE CRES btwn BAYSHORE PS & TRANSITWAY LINK,358842.9358,5023187.21,-75.81034,45.34655,2017-04-10,3:25:00 PM,01 - Clear,01 - Dry,10 - No control,04 - At/near private drive,01 - Daylight,03 - P.D. only,05 - Turning movement,Bayshore
14209,WOODRIDGE CRES btwn BAYSHORE PS & TRANSITWAY LINK,358701.2958,5023174.408,-75.81215,45.34644,2017-04-01,12:10:00 PM,01 - Clear,02 - Wet,10 - No control,01 - Non intersection,01 - Daylight,03 - P.D. only,06 - SMV unattended vehicle,Bayshore