Record,Location,X,Y,Longitude,Latitude,Date,Time,Environment,Road_Surface,Traffic_Control,Collision_Location,Light,Collision_Classification,Impact_type,Neighborhood
14210,WOODROFFE AVE @ ALGONQUIN COLLEGE/TRANSITWAY S,362823.3535,5023271.175,-75.75954,45.34699,2017-09-29,2:45:00 PM,01 - Clear,01 - Dry,01 - Traffic signal,02 - Intersection related,01 - Daylight,03 - P.D. only,03 - Rear end,Crestview - Meadowlands
14211,WOODROFFE AVE @ ALGONQUIN COLLEGE/TRANSITWAY S,362825.3601,5023271.175,-75.75952,45.34699,2017-11-18,5:08:00 PM,01 - Clear,06 - Ice,01 - Traffic signal,02 - Intersection related,07 - Dark,03 - P.D. only,03 - Rear end,Crestview - Meadowlands
14212,WOODROFFE AVE @ ALGONQUIN COLLEGE/TRANSITWAY S,362822.1327,5023270.325,-75.75956,45.34698,2017-11-26,11:57:00 AM,01 - Clear,01 - Dry,01 - Traffic signal,02 - Intersection related,01 - Daylight,02 - Non-fatal injury,03 - Rear end,Crestview - Meadowlands
14213,WOODROFFE AVE @ CLARIDGE DR/STONEWAY DR N,365576.8751,5016707.945,-75.72521,45.2877,2017-07-27,2:29:00 PM,01 - Clear,01 - Dry,01 - Traffic signal,03 - At intersection,01 - Daylight,03 - P.D. only,05 - Turning movement,Chapman Mills - Rideau Crest - Davidson Heights
14214,WOODROFFE AVE @ CLARIDGE DR/STONEWAY DR N,365576.3652,5016707.443,-75.72522,45.28769,2017-11-29,7:59:00 PM,01 - Clear,01 - Dry,01 - Traffic signal,03 - At intersection,07 - Dark,02 - Non-fatal injury,05 - Turning movement,Chapman Mills - Rideau Crest - Davidson Heights
14215,WOODROFFE AVE @ CLARIDGE DR/STONEWAY DR N,365576.6996,5016706.726,-75.72522,45.28769,2017-11-08,11:13:00 AM,01 - Clear,01 - Dry,01 - Traffic signal,03 - At intersection,01 - Daylight,03 - P.D. only,05 - Turning movement,Chapman Mills - Rideau Crest - Davidson Heights
14216,WOODROFFE AVE @ CLARIDGE DR/STONEWAY DR N,365576.3652,5016708.112,-75.72522,45.2877,2017-12-14,2:33:00 PM,01 - Clear,01 - Dry,01 - Traffic signal,03 - At intersection,01 - Daylight,02 - Non-fatal injury,07 - SMV other,Chapman Mills - Rideau Crest - Davidson Heights
14217,WOODROFFE AVE @ CLARIDGE DR/STONEWAY DR N,365577.0535,5016708.143,-75.72521,45.2877,2017-02-13,12:02:00 AM,03 - Snow,05 - Packed snow,01 - Traffic signal,02 - Intersection related,07 - Dark,03 - P.D. only,07 - SMV other,Chapman Mills - Rideau Crest - Davidson Heights
14218,WOODROFFE AVE @ CRESTHAVEN DR/PAUL METIVIER,366326.1118,5014853.404,-75.71589,45.27095,2017-05-31,10:19:00 PM,01 - Clear,01 - Dry,01 - Traffic signal,03 - At intersection,07 - Dark,02 - Non-fatal injury,02 - Angle,New Barrhaven
14219,WOODROFFE AVE @ CRESTHAVEN DR/PAUL METIVIER,366327.2823,5014853.976,-75.71588,45.27095,2017-05-21,12:10:00 AM,02 - Rain,02 - Wet,01 - Traffic signal,02 - Intersection related,07 - Dark,03 - P.D. only,03 - Rear end,New Barrhaven
14220,WOODROFFE AVE @ CRESTHAVEN DR/PAUL METIVIER,366326.7922,5014853.976,-75.71588,45.27095,2017-05-09,6:23:00 PM,01 - Clear,01 - Dry,01 - Traffic signal,03 - At intersection,01 - Daylight,02 - Non-fatal injury,02 - Angle,New Barrhaven
14221,WOODROFFE AVE @ CRESTHAVEN DR/PAUL METIVIER,366327.6288,5014854.068,-75.71587,45.27095,2017-10-29,12:03:00 PM,02 - Rain,02 - Wet,01 - Traffic signal,02 - Intersection related,01 - Daylight,03 - P.D. only,05 - Turning movement,New Barrhaven
14222,WOODROFFE AVE @ CRESTHAVEN DR/PAUL METIVIER,366327.1189,5014853.192,-75.71588,45.27094,2017-11-07,9:35:00 AM,01 - Clear,01 - Dry,01 - Traffic signal,03 - At intersection,01 - Daylight,02 - Non-fatal injury,02 - Angle,New Barrhaven
14223,WOODROFFE AVE @ DEERFOX DR/STONEWAY DR,365885.5408,5015941.02,-75.72137,45.28077,2017-10-16,10:30:00 PM,01 - Clear,01 - Dry,01 - Traffic signal,02 - Intersection related,07 - Dark,03 - P.D. only,99 - Other,Chapman Mills - Rideau Crest - Davidson Heights
14224,WOODROFFE AVE @ DEERFOX DR/STONEWAY DR,365886.0326,5015940.439,-75.72137,45.28077,2017-11-17,4:12:00 PM,01 - Clear,01 - Dry,01 - Traffic signal,03 - At intersection,05 - Dusk,03 - P.D. only,04 - Sideswipe,Chapman Mills - Rideau Crest - Davidson Heights
14225,WOODROFFE AVE @ DEERFOX DR/STONEWAY DR,365886.1715,5015940.439,-75.72137,45.28077,2017-12-14,5:09:00 PM,05 - Drifting Snow,04 - Slush,01 - Traffic signal,03 - At intersection,07 - Dark,03 - P.D. only,05 - Turning movement,Chapman Mills - Rideau Crest - Davidson Heights
14226,WOODROFFE AVE @ DEERFOX DR/STONEWAY DR,365886.1491,5015939.311,-75.72137,45.28076,2017-12-19,5:15:00 AM,01 - Clear,04 - Slush,01 - Traffic signal,03 - At intersection,07 - Dark,03 - P.D. only,05 - Turning movement,Chapman Mills - Rideau Crest - Davidson Heights
14227,WOODROFFE AVE @ DEERFOX DR/STONEWAY DR,365885.4313,5015940.262,-75.72137,45.28076,2017-12-26,11:00:00 AM,01 - Clear,05 - Packed snow,01 - Traffic signal,03 - At intersection,01 - Daylight,03 - P.D. only,02 - Angle,Chapman Mills - Rideau Crest - Davidson Heights
14228,WOODROFFE AVE @ DEERFOX DR/STONEWAY DR,365885.5587,5015940.445,-75.72137,45.28077,2017-12-30,2:35:00 PM,03 - Snow,05 - Packed snow,01 - Traffic signal,02 - Intersection related,01 - Daylight,03 - P.D. only,05 - Turning movement,Chapman Mills - Rideau Crest - Davidson Heights
14229,WOODROFFE AVE @ GEORGINA DR/LENESTER AVE,361910.6899,5025369.85,-75.77095,45.36595,2017-05-29,10:23:00 AM,02 - Rain,02 - Wet,01 - Traffic signal,03 - At intersection,01 - Daylight,03 - P.D. only,02 - Angle,Whitehaven - Queensway Terrace North
14230,WOODROFFE AVE @ GEORGINA DR/LENESTER AVE,361908.6833,5025371.857,-75.77097,45.36596,2017-04-25,12:38:00 PM,01 - Clear,01 - Dry,01 - Traffic signal,02 - Intersection related,01 - Daylight,03 - P.D. only,03 - Rear end,Whitehaven - Queensway Terrace North
14231,WOODROFFE AVE @ GEORGINA DR/LENESTER AVE,361909.9734,5025370.698,-75.77096,45.36595,2017-08-12,1:49:00 PM,01 - Clear,01 - Dry,01 - Traffic signal,03 - At intersection,01 - Daylight,02 - Non-fatal injury,05 - Turning movement,Whitehaven - Queensway Terrace North
14232,WOODROFFE AVE @ GEORGINA DR/LENESTER AVE,361908.0144,5025371.857,-75.77098,45.36596,2017-07-04,4:59:00 PM,01 - Clear,01 - Dry,01 - Traffic signal,02 - Intersection related,01 - Daylight,03 - P.D. only,03 - Rear end,Whitehaven - Queensway Terrace North
14233,WOODROFFE AVE @ GEORGINA DR/LENESTER AVE,361909.9672,5025369.847,-75.77096,45.36595,2017-09-03,4:15:00 PM,02 - Rain,02 - Wet,01 - Traffic signal,02 - Intersection related,01 - Daylight,03 - P.D. only,03 - Rear end,Whitehaven - Queensway Terrace North
14234,WOODROFFE AVE @ GEORGINA DR/LENESTER AVE,361911.1028,5025369.717,-75.77094,45.36594,2017-09-05,8:30:00 AM,01 - Clear,01 - Dry,01 - Traffic signal,02 - Intersection related,01 - Daylight,03 - P.D. only,03 - Rear end,Whitehaven - Queensway Terrace North
14235,WOODROFFE AVE @ GEORGINA DR/LENESTER AVE,361909.5578,5025369.959,-75.77096,45.36595,2017-09-18,3:00:00 PM,01 - Clear,01 - Dry,01 - Traffic signal,02 - Intersection related,01 - Daylight,03 - P.D. only,03 - Rear end,Whitehaven - Queensway Terrace North
14236,WOODROFFE AVE @ GEORGINA DR/LENESTER AVE,361910.0211,5025371.188,-75.77096,45.36596,2017-11-06,6:42:00 PM,01 - Clear,01 - Dry,01 - Traffic signal,03 - At intersection,07 - Dark,03 - P.D. only,03 - Rear end,Whitehaven - Queensway Terrace North
14237,WOODROFFE AVE @ GEORGINA DR/LENESTER AVE,361910.6899,5025370.519,-75.77095,45.36595,2017-11-27,9:38:00 AM,01 - Clear,02 - Wet,01 - Traffic signal,03 - At intersection,01 - Daylight,03 - P.D. only,02 - Angle,Whitehaven - Queensway Terrace North
14238,WOODROFFE AVE @ GEORGINA DR/LENESTER AVE,361909.6841,5025369.963,-75.77096,45.36595,2017-11-07,10:05:00 AM,01 - Clear,01 - Dry,01 - Traffic signal,03 - At intersection,01 - Daylight,03 - P.D. only,05 - Turning movement,Whitehaven - Queensway Terrace North
14239,WOODROFFE AVE @ GEORGINA DR/LENESTER AVE,361909.2231,5025370.597,-75.77097,45.36595,2017-12-01,9:24:00 AM,01 - Clear,01 - Dry,01 - Traffic signal,02 - Intersection related,01 - Daylight,03 - P.D. only,04 - Sideswipe,Whitehaven - Queensway Terrace North
14240,WOODROFFE AVE @ GEORGINA DR/LENESTER AVE,361908.1857,5025370.144,-75.77098,45.36595,2017-02-16,9:22:00 AM,05 - Drifting Snow,04 - Slush,01 - Traffic signal,02 - Intersection related,01 - Daylight,02 - Non-fatal injury,01 - Approaching,Whitehaven - Queensway Terrace North
14241,WOODROFFE AVE @ GEORGINA DR/LENESTER AVE,361909.6866,5025369.426,-75.77096,45.36594,2017-01-23,5:24:00 PM,01 - Clear,01 - Dry,01 - Traffic signal,02 - Intersection related,05 - Dusk,03 - P.D. only,04 - Sideswipe,Whitehaven - Queensway Terrace North
14242,WOODROFFE AVE @ GEORGINA DR/LENESTER AVE,361909.5645,5025370.919,-75.77096,45.36596,2017-03-25,7:00:00 PM,01 - Clear,01 - Dry,01 - Traffic signal,02 - Intersection related,07 - Dark,03 - P.D. only,07 - SMV other,Whitehaven - Queensway Terrace North
14243,WOODROFFE AVE @ GEORGINA DR/LENESTER AVE,361910.0211,5025371.188,-75.77096,45.36596,2017-03-08,11:01:00 AM,01 - Clear,01 - Dry,01 - Traffic signal,02 - Intersection related,01 - Daylight,03 - P.D. only,03 - Rear end,Whitehaven - Queensway Terrace North
14244,WOODROFFE AVE @ HWY 417 WOODROFF IC127R26/HWY4,362082.3525,5024940.855,-75.76881,45.36207,2017-05-01,11:50:00 AM,02 - Rain,02 - Wet,01 - Traffic signal,02 - Intersection related,01 - Daylight,03 - P.D. only,03 - Rear end,Whitehaven - Queensway Terrace North
14245,WOODROFFE AVE @ HWY 417 WOODROFF IC127R26/HWY4,362082.7121,5024939.664,-75.7688,45.36206,2017-09-13,6:37:00 PM,01 - Clear,01 - Dry,01 - Traffic signal,02 - Intersection related,01 - Daylight,03 - P.D. only,03 - Rear end,Carlingwood West - Glabar Park - McKellar Heights
14246,WOODROFFE AVE @ HWY 417 WOODROFF IC127R26/HWY4,362083.1603,5024940.701,-75.7688,45.36207,2017-10-24,9:31:00 PM,02 - Rain,02 - Wet,01 - Traffic signal,03 - At intersection,07 - Dark,02 - Non-fatal injury,05 - Turning movement,Whitehaven - Queensway Terrace North
14247,WOODROFFE AVE @ HWY 417 WOODROFF IC127R26/HWY4,362083.1603,5024938.334,-75.7688,45.36205,2017-11-01,9:41:00 PM,02 - Rain,02 - Wet,01 - Traffic signal,03 - At intersection,07 - Dark,03 - P.D. only,03 - Rear end,Carlingwood West - Glabar Park - McKellar Heights
14248,WOODROFFE AVE @ HWY 417 WOODROFF IC127R26/HWY4,362082.3525,5024939.518,-75.76881,45.36206,2017-03-19,10:37:00 AM,01 - Clear,01 - Dry,01 - Traffic signal,02 - Intersection related,01 - Daylight,03 - P.D. only,03 - Rear end,Whitehaven - Queensway Terrace North
14249,WOODROFFE AVE @ HWY 417 WOODROFF IC127R26/HWY4,362083.5549,5024939.494,-75.76879,45.36206,2017-12-29,2:48:00 PM,01 - Clear,02 - Wet,01 - Traffic signal,02 - Intersection related,01 - Daylight,03 - P.D. only,01 - Approaching,Carlingwood West - Glabar Park - McKellar Heights
14250,WOODROFFE AVE @ KNOXDALE RD/MEDHURST DR,363417.7837,5021826.255,-75.75213,45.33394,2017-05-10,12:04:00 PM,01 - Clear,01 - Dry,01 - Traffic signal,03 - At intersection,01 - Daylight,03 - P.D. only,05 - Turning movement,Woodvale - Craig Henry - Manordale - Estates of Arlington Wo
14251,WOODROFFE AVE @ KNOXDALE RD/MEDHURST DR,363420.0244,5021827.825,-75.7521,45.33395,2017-05-28,5:49:00 PM,01 - Clear,01 - Dry,01 - Traffic signal,02 - Intersection related,01 - Daylight,03 - P.D. only,03 - Rear end,Woodvale - Craig Henry - Manordale - Estates of Arlington Wo
14252,WOODROFFE AVE @ KNOXDALE RD/MEDHURST DR,363417.8854,5021826.186,-75.75213,45.33394,2017-08-08,11:07:00 AM,01 - Clear,01 - Dry,01 - Traffic signal,03 - At intersection,01 - Daylight,03 - P.D. only,03 - Rear end,Woodvale - Craig Henry - Manordale - Estates of Arlington Wo
14253,WOODROFFE AVE @ KNOXDALE RD/MEDHURST DR,363419.5602,5021826.403,-75.75211,45.33394,2017-07-26,8:53:00 PM,01 - Clear,01 - Dry,01 - Traffic signal,02 - Intersection related,05 - Dusk,03 - P.D. only,03 - Rear end,Woodvale - Craig Henry - Manordale - Estates of Arlington Wo
14254,WOODROFFE AVE @ KNOXDALE RD/MEDHURST DR,363419.8209,5021825.952,-75.7521,45.33393,2017-08-04,12:09:00 PM,01 - Clear,01 - Dry,01 - Traffic signal,03 - At intersection,01 - Daylight,02 - Non-fatal injury,05 - Turning movement,Woodvale - Craig Henry - Manordale - Estates of Arlington Wo
14255,WOODROFFE AVE @ KNOXDALE RD/MEDHURST DR,363419.4409,5021825.676,-75.75211,45.33393,2017-07-25,2:48:00 PM,01 - Clear,01 - Dry,01 - Traffic signal,02 - Intersection related,01 - Daylight,03 - P.D. only,03 - Rear end,Woodvale - Craig Henry - Manordale - Estates of Arlington Wo
14256,WOODROFFE AVE @ KNOXDALE RD/MEDHURST DR,363418.3954,5021826.271,-75.75212,45.33394,2017-08-22,8:43:00 AM,02 - Rain,02 - Wet,01 - Traffic signal,02 - Intersection related,01 - Daylight,03 - P.D. only,03 - Rear end,Woodvale - Craig Henry - Manordale - Estates of Arlington Wo
14257,WOODROFFE AVE @ KNOXDALE RD/MEDHURST DR,363420.6932,5021826.487,-75.75209,45.33394,2017-11-19,9:39:00 AM,03 - Snow,06 - Ice,01 - Traffic signal,02 - Intersection related,01 - Daylight,02 - Non-fatal injury,03 - Rear end,Woodvale - Craig Henry - Manordale - Estates of Arlington Wo
14258,WOODROFFE AVE @ KNOXDALE RD/MEDHURST DR,363418.6866,5021827.156,-75.75212,45.33394,2017-11-12,2:41:00 PM,01 - Clear,01 - Dry,01 - Traffic signal,02 - Intersection related,01 - Daylight,03 - P.D. only,99 - Other,Woodvale - Craig Henry - Manordale - Estates of Arlington Wo
14259,WOODROFFE AVE @ KNOXDALE RD/MEDHURST DR,363418.2698,5021826.724,-75.75212,45.33394,2017-12-13,6:34:00 PM,01 - Clear,02 - Wet,01 - Traffic signal,03 - At intersection,07 - Dark,03 - P.D. only,05 - Turning movement,Woodvale - Craig Henry - Manordale - Estates of Arlington Wo
14260,WOODROFFE AVE @ KNOXDALE RD/MEDHURST DR,363420.1599,5021825.997,-75.7521,45.33393,2017-11-02,9:02:00 AM,02 - Rain,02 - Wet,01 - Traffic signal,03 - At intersection,01 - Daylight,03 - P.D. only,05 - Turning movement,Woodvale - Craig Henry - Manordale - Estates of Arlington Wo
14261,WOODROFFE AVE @ KNOXDALE RD/MEDHURST DR,363420.1633,5021826.25,-75.7521,45.33394,2017-12-08,9:30:00 AM,01 - Clear,01 - Dry,01 - Traffic signal,02 - Intersection related,01 - Daylight,03 - P.D. only,03 - Rear end,Woodvale - Craig Henry - Manordale - Estates of Arlington Wo
14262,WOODROFFE AVE @ KNOXDALE RD/MEDHURST DR,363420.6932,5021827.156,-75.75209,45.33394,2017-02-15,5:59:00 PM,03 - Snow,03 - Loose snow,01 - Traffic signal,03 - At intersection,07 - Dark,02 - Non-fatal injury,05 - Turning movement,Woodvale - Craig Henry - Manordale - Estates of Arlington Wo
14263,WOODROFFE AVE @ KNOXDALE RD/MEDHURST DR,363419.6899,5021827.722,-75.75211,45.33395,2017-02-15,12:34:00 PM,03 - Snow,03 - Loose snow,01 - Traffic signal,03 - At intersection,01 - Daylight,03 - P.D. only,02 - Angle,Woodvale - Craig Henry - Manordale - Estates of Arlington Wo
14264,WOODROFFE AVE @ KNOXDALE RD/MEDHURST DR,363418.9394,5021826.112,-75.75212,45.33393,2017-02-15,10:07:00 AM,03 - Snow,03 - Loose snow,01 - Traffic signal,03 - At intersection,01 - Daylight,03 - P.D. only,07 - SMV other,Woodvale - Craig Henry - Manordale - Estates of Arlington Wo
14265,WOODROFFE AVE @ KNOXDALE RD/MEDHURST DR,363419.7386,5021825.98,-75.7521,45.33393,2017-02-08,7:45:00 AM,01 - Clear,02 - Wet,01 - Traffic signal,02 - Intersection related,01 - Daylight,02 - Non-fatal injury,03 - Rear end,Woodvale - Craig Henry - Manordale - Estates of Arlington Wo
14266,WOODROFFE AVE @ KNOXDALE RD/MEDHURST DR,363419.2165,5021827.197,-75.75211,45.33394,2017-01-18,7:57:00 PM,02 - Rain,02 - Wet,01 - Traffic signal,02 - Intersection related,07 - Dark,02 - Non-fatal injury,03 - Rear end,Woodvale - Craig Henry - Manordale - Estates of Arlington Wo
14267,WOODROFFE AVE @ KNOXDALE RD/MEDHURST DR,363420.5465,5021827.777,-75.75209,45.33395,2017-02-12,3:10:00 PM,03 - Snow,03 - Loose snow,01 - Traffic signal,03 - At intersection,01 - Daylight,02 - Non-fatal injury,02 - Angle,Woodvale - Craig Henry - Manordale - Estates of Arlington Wo
14268,WOODROFFE AVE @ KNOXDALE RD/MEDHURST DR,363420.7975,5021826.239,-75.75209,45.33394,2017-03-25,12:48:00 AM,02 - Rain,02 - Wet,01 - Traffic signal,02 - Intersection related,07 - Dark,03 - P.D. only,03 - Rear end,Woodvale - Craig Henry - Manordale - Estates of Arlington Wo
14269,WOODROFFE AVE @ KNOXDALE RD/MEDHURST DR,363419.6901,5021826.494,-75.75211,45.33394,2017-03-31,4:40:00 PM,03 - Snow,03 - Loose snow,01 - Traffic signal,02 - Intersection related,01 - Daylight,03 - P.D. only,03 - Rear end,Woodvale - Craig Henry - Manordale - Estates of Arlington Wo
14270,WOODROFFE AVE @ KNOXDALE RD/MEDHURST DR,363419.5271,5021826.39,-75.75211,45.33394,2017-04-20,5:57:00 PM,01 - Clear,01 - Dry,01 - Traffic signal,02 - Intersection related,01 - Daylight,02 - Non-fatal injury,03 - Rear end,Woodvale - Craig Henry - Manordale - Estates of Arlington Wo
14271,WOODROFFE AVE @ KNOXDALE RD/MEDHURST DR,363419.6899,5021827.204,-75.75211,45.33394,2017-12-29,6:54:00 PM,01 - Clear,06 - Ice,01 - Traffic signal,03 - At intersection,07 - Dark,03 - P.D. only,03 - Rear end,Woodvale - Craig Henry - Manordale - Estates of Arlington Wo
14272,WOODROFFE AVE @ QUEENSBURY DR/RIDEAUCREST DR,365728.036,5016329.784,-75.72333,45.28428,2017-05-19,6:39:00 PM,01 - Clear,01 - Dry,01 - Traffic signal,02 - Intersection related,01 - Daylight,02 - Non-fatal injury,03 - Rear end,Chapman Mills - Rideau Crest - Davidson Heights
14273,WOODROFFE AVE @ QUEENSBURY DR/RIDEAUCREST DR,365727.5922,5016328.814,-75.72334,45.28427,2017-08-11,4:30:00 PM,01 - Clear,01 - Dry,01 - Traffic signal,03 - At intersection,01 - Daylight,03 - P.D. only,03 - Rear end,Chapman Mills - Rideau Crest - Davidson Heights
14274,WOODROFFE AVE @ QUEENSBURY DR/RIDEAUCREST DR,365728.036,5016327.777,-75.72333,45.28426,2017-11-24,5:59:00 PM,01 - Clear,01 - Dry,01 - Traffic signal,03 - At intersection,07 - Dark,02 - Non-fatal injury,05 - Turning movement,Chapman Mills - Rideau Crest - Davidson Heights
14275,WOODROFFE AVE @ QUEENSBURY DR/RIDEAUCREST DR,365727.3671,5016327.108,-75.72334,45.28426,2017-11-03,11:55:00 AM,01 - Clear,02 - Wet,01 - Traffic signal,03 - At intersection,01 - Daylight,02 - Non-fatal injury,07 - SMV other,Chapman Mills - Rideau Crest - Davidson Heights
14276,WOODROFFE AVE @ QUEENSBURY DR/RIDEAUCREST DR,365727.3671,5016327.777,-75.72334,45.28426,2017-11-28,7:50:00 AM,01 - Clear,01 - Dry,01 - Traffic signal,03 - At intersection,01 - Daylight,03 - P.D. only,02 - Angle,Chapman Mills - Rideau Crest - Davidson Heights
14277,WOODROFFE AVE @ QUEENSBURY DR/RIDEAUCREST DR,365728.2442,5016329.26,-75.72333,45.28428,2017-01-12,4:13:00 PM,02 - Rain,02 - Wet,01 - Traffic signal,03 - At intersection,01 - Daylight,02 - Non-fatal injury,07 - SMV other,Chapman Mills - Rideau Crest - Davidson Heights
14278,WOODROFFE AVE @ QUEENSBURY DR/RIDEAUCREST DR,365726.0733,5016328.175,-75.72336,45.28427,2017-01-22,8:24:00 PM,01 - Clear,01 - Dry,01 - Traffic signal,03 - At intersection,07 - Dark,02 - Non-fatal injury,05 - Turning movement,Chapman Mills - Rideau Crest - Davidson Heights
14279,WOODROFFE AVE @ QUEENSBURY DR/RIDEAUCREST DR,365730.8552,5016329.662,-75.7233,45.28428,2017-01-06,12:05:00 PM,01 - Clear,02 - Wet,01 - Traffic signal,03 - At intersection,01 - Daylight,03 - P.D. only,02 - Angle,Chapman Mills - Rideau Crest - Davidson Heights
14280,WOODROFFE AVE @ SPORTSPLEX N,363763.3279,5021065.228,-75.74781,45.32706,2017-10-30,9:54:00 AM,02 - Rain,02 - Wet,01 - Traffic signal,03 - At intersection,01 - Daylight,02 - Non-fatal injury,05 - Turning movement,Merivale Gardens - Grenfell Glen - Pineglen - Country Place
14281,WOODROFFE AVE @ SPORTSPLEX N,363762.6349,5021066.355,-75.74782,45.32707,2017-10-23,7:15:00 AM,01 - Clear,01 - Dry,01 - Traffic signal,03 - At intersection,01 - Daylight,03 - P.D. only,05 - Turning movement,Merivale Gardens - Grenfell Glen - Pineglen - Country Place
14282,WOODROFFE AVE @ SPORTSPLEX N,363763.5872,5021068.347,-75.74781,45.32709,2017-10-13,3:22:00 PM,01 - Clear,01 - Dry,01 - Traffic signal,02 - Intersection related,01 - Daylight,03 - P.D. only,03 - Rear end,Merivale Gardens - Grenfell Glen - Pineglen - Country Place
14283,WOODROFFE AVE @ SPORTSPLEX N,363764.717,5021067.409,-75.74779,45.32708,2017-12-08,8:11:00 AM,01 - Clear,01 - Dry,01 - Traffic signal,03 - At intersection,01 - Daylight,03 - P.D. only,05 - Turning movement,Merivale Gardens - Grenfell Glen - Pineglen - Country Place
14284,WOODROFFE AVE @ SPORTSPLEX N,363763.662,5021067.234,-75.74781,45.32708,2017-12-14,8:40:00 AM,01 - Clear,02 - Wet,01 - Traffic signal,03 - At intersection,01 - Daylight,03 - P.D. only,05 - Turning movement,Merivale Gardens - Grenfell Glen - Pineglen - Country Place
14285,WOODROFFE AVE @ SPORTSPLEX N,363762.659,5021066.565,-75.74782,45.32707,2017-12-10,10:40:00 AM,03 - Snow,03 - Loose snow,01 - Traffic signal,02 - Intersection related,01 - Daylight,03 - P.D. only,03 - Rear end,Merivale Gardens - Grenfell Glen - Pineglen - Country Place
14286,WOODROFFE AVE @ SPORTSPLEX N,363763.9968,5021068.572,-75.7478,45.32709,2017-12-04,8:40:00 PM,01 - Clear,01 - Dry,01 - Traffic signal,02 - Intersection related,07 - Dark,03 - P.D. only,02 - Angle,Merivale Gardens - Grenfell Glen - Pineglen - Country Place
14287,WOODROFFE AVE @ SPORTSPLEX N,363764.6656,5021067.903,-75.74779,45.32708,2017-04-18,8:24:00 AM,01 - Clear,01 - Dry,01 - Traffic signal,03 - At intersection,01 - Daylight,02 - Non-fatal injury,05 - Turning movement,Merivale Gardens - Grenfell Glen - Pineglen - Country Place
14288,WOODROFFE AVE @ SPORTSPLEX S,363833.1361,5020900.118,-75.74694,45.32557,2017-11-17,11:55:00 AM,01 - Clear,01 - Dry,01 - Traffic signal,02 - Intersection related,01 - Daylight,02 - Non-fatal injury,03 - Rear end,Merivale Gardens - Grenfell Glen - Pineglen - Country Place
14289,WOODROFFE AVE @ SPORTSPLEX S,363830.304,5020899.879,-75.74698,45.32557,2017-12-06,5:40:00 PM,01 - Clear,01 - Dry,01 - Traffic signal,02 - Intersection related,07 - Dark,03 - P.D. only,03 - Rear end,Merivale Gardens - Grenfell Glen - Pineglen - Country Place
14290,WOODROFFE AVE @ SPORTSPLEX S,363831.7984,5020898.111,-75.74696,45.32555,2017-03-21,12:42:00 PM,01 - Clear,01 - Dry,01 - Traffic signal,02 - Intersection related,01 - Daylight,03 - P.D. only,03 - Rear end,Merivale Gardens - Grenfell Glen - Pineglen - Country Place
14291,WOODROFFE AVE @ TECUMSEH ST,362368.0713,5024229.513,-75.76524,45.35565,2017-11-13,10:45:00 AM,01 - Clear,01 - Dry,02 - Stop sign,02 - Intersection related,01 - Daylight,02 - Non-fatal injury,03 - Rear end,Iris
14292,WOODROFFE AVE @ TECUMSEH ST,362368.6686,5024229.005,-75.76523,45.35564,2017-12-08,5:25:00 PM,01 - Clear,01 - Dry,02 - Stop sign,02 - Intersection related,07 - Dark,03 - P.D. only,03 - Rear end,Iris
14293,WOODROFFE AVE btwn 260 N OF FALLOWFIELD RD/TRANSITWAY & FALLOWFIELD RD,365085.6178,5017903.659,-75.73133,45.2985,2017-10-25,4:35:00 PM,01 - Clear,01 - Dry,10 - No control,05 - At railway crossing,01 - Daylight,03 - P.D. only,04 - Sideswipe,New Barrhaven
14294,WOODROFFE AVE btwn 260 N OF FALLOWFIELD RD/TRANSITWAY & FALLOWFIELD RD,365081.4711,5017915.23,-75.73138,45.2986,2017-10-30,6:30:00 PM,01 - Clear,01 - Dry,10 - No control,01 - Non intersection,05 - Dusk,03 - P.D. only,04 - Sideswipe,New Barrhaven
14295,WOODROFFE AVE btwn 260 N OF FALLOWFIELD RD/TRANSITWAY & FALLOWFIELD RD,365048.7003,5017995.261,-75.73179,45.29933,2017-12-08,8:20:00 PM,01 - Clear,01 - Dry,10 - No control,05 - At railway crossing,07 - Dark,02 - Non-fatal injury,03 - Rear end,Greenbelt
14296,WOODROFFE AVE btwn 260 N OF FALLOWFIELD RD/TRANSITWAY & FALLOWFIELD RD,365011.3795,5018092.261,-75.73225,45.3002,2017-01-25,6:28:00 PM,01 - Clear,02 - Wet,08 - Traffic gate,05 - At railway crossing,07 - Dark,03 - P.D. only,03 - Rear end,Greenbelt
14297,WOODROFFE AVE btwn 260 N OF FALLOWFIELD RD/TRANSITWAY & FALLOWFIELD RD,365009.8992,5018093.825,-75.73227,45.30022,2017-02-15,9:31:00 PM,03 - Snow,03 - Loose snow,10 - No control,01 - Non intersection,07 - Dark,03 - P.D. only,04 - Sideswipe,Greenbelt
14298,WOODROFFE AVE btwn CARLING AVE & FOX CRES,361780.2552,5025699.616,-75.77257,45.36892,2017-04-25,12:43:00 PM,01 - Clear,01 - Dry,10 - No control,04 - At/near private drive,01 - Daylight,02 - Non-fatal injury,02 - Angle,Carlingwood West - Glabar Park - McKellar Heights