Record,Location,X,Y,Longitude,Latitude,Date,Time,Environment,Road_Surface,Traffic_Control,Collision_Location,Light,Collision_Classification,Impact_type,Neighborhood
14299,WOODROFFE AVE btwn CARLING AVE & FOX CRES,361785.4094,5025678.691,-75.77251,45.36873,2017-12-04,8:54:00 AM,01 - Clear,01 - Dry,10 - No control,01 - Non intersection,01 - Daylight,03 - P.D. only,03 - Rear end,Carlingwood West - Glabar Park - McKellar Heights
14300,WOODROFFE AVE btwn CARLING AVE & FOX CRES,361788.0849,5025667.988,-75.77248,45.36864,2017-11-15,12:30:00 PM,01 - Clear,01 - Dry,10 - No control,01 - Non intersection,01 - Daylight,03 - P.D. only,04 - Sideswipe,Carlingwood West - Glabar Park - McKellar Heights
14301,WOODROFFE AVE btwn CARLINGWOOD SC & CARLING AVE,361916.2895,5025868.655,-75.77082,45.37043,2017-05-01,3:03:00 PM,02 - Rain,02 - Wet,10 - No control,01 - Non intersection,01 - Daylight,03 - P.D. only,04 - Sideswipe,Carlingwood West - Glabar Park - McKellar Heights
14302,WOODROFFE AVE btwn CARLINGWOOD SC & CARLING AVE,361915.6206,5025874.675,-75.77083,45.37049,2017-11-30,7:20:00 PM,02 - Rain,02 - Wet,10 - No control,04 - At/near private drive,07 - Dark,03 - P.D. only,02 - Angle,Carlingwood West - Glabar Park - McKellar Heights
14303,WOODROFFE AVE btwn CARLINGWOOD SC & CARLING AVE,361905.5871,5025892.066,-75.77095,45.37064,2017-11-25,11:42:00 AM,01 - Clear,01 - Dry,10 - No control,04 - At/near private drive,01 - Daylight,03 - P.D. only,05 - Turning movement,Carlingwood West - Glabar Park - McKellar Heights
14304,WOODROFFE AVE btwn CARLINGWOOD SC & CARLING AVE,361910.2643,5025880.032,-75.77089,45.37054,2017-03-24,6:00:00 PM,03 - Snow,02 - Wet,10 - No control,04 - At/near private drive,01 - Daylight,03 - P.D. only,02 - Angle,Carlingwood West - Glabar Park - McKellar Heights
14305,WOODROFFE AVE btwn CLARIDGE DR & QUEENSBURY DR,365722.0159,5016341.155,-75.72341,45.28439,2017-06-08,8:58:00 AM,01 - Clear,01 - Dry,10 - No control,01 - Non intersection,01 - Daylight,03 - P.D. only,03 - Rear end,Chapman Mills - Rideau Crest - Davidson Heights
14306,WOODROFFE AVE btwn CLARIDGE DR & QUEENSBURY DR,365721.8009,5016343.138,-75.72341,45.2844,2017-01-09,3:07:00 AM,01 - Clear,05 - Packed snow,10 - No control,01 - Non intersection,07 - Dark,02 - Non-fatal injury,07 - SMV other,Chapman Mills - Rideau Crest - Davidson Heights
14307,WOODROFFE AVE btwn Continuation of WOODROFFE AVE & PARKGLEN DR,362866.893,5023174.59,-75.759,45.34611,2017-08-16,9:29:00 PM,01 - Clear,01 - Dry,10 - No control,01 - Non intersection,07 - Dark,03 - P.D. only,03 - Rear end,Crestview - Meadowlands
14308,WOODROFFE AVE btwn Continuation of WOODROFFE AVE & PARKGLEN DR,362866.7793,5023170.33,-75.759,45.34608,2017-08-16,10:06:00 PM,01 - Clear,01 - Dry,10 - No control,01 - Non intersection,07 - Dark,03 - P.D. only,03 - Rear end,Crestview - Meadowlands
14309,WOODROFFE AVE btwn DAVID DR & TURN LANE,363000.1654,5022861.718,-75.75734,45.34329,2017-12-15,5:20:00 PM,03 - Snow,03 - Loose snow,10 - No control,01 - Non intersection,07 - Dark,03 - P.D. only,03 - Rear end,Crestview - Meadowlands
14310,WOODROFFE AVE btwn DEERFOX DR & TIERNEY DR,365894.7282,5015916.359,-75.72126,45.28055,2017-04-21,7:19:00 PM,02 - Rain,02 - Wet,10 - No control,01 - Non intersection,07 - Dark,03 - P.D. only,03 - Rear end,Chapman Mills - Rideau Crest - Davidson Heights
14311,WOODROFFE AVE btwn ELDER ST & SAUNDERS AVE,361476.7011,5026896.835,-75.77631,45.37972,2017-11-26,5:51:00 PM,03 - Snow,03 - Loose snow,10 - No control,01 - Non intersection,07 - Dark,02 - Non-fatal injury,01 - Approaching,Woodroffe - Lincoln Heights
14312,WOODROFFE AVE btwn FALLOWFIELD RD & EARL MULLIGAN DR,365163.0432,5017717.268,-75.73037,45.29682,2017-11-24,5:38:00 PM,01 - Clear,01 - Dry,10 - No control,01 - Non intersection,07 - Dark,03 - P.D. only,03 - Rear end,Greenbelt
14313,WOODROFFE AVE btwn FIRESTATION & BASELINE RD,362540.7784,5023793.416,-75.76309,45.35171,2017-05-26,3:14:00 PM,01 - Clear,01 - Dry,10 - No control,01 - Non intersection,01 - Daylight,03 - P.D. only,03 - Rear end,Iris
14314,WOODROFFE AVE btwn FIRESTATION & BASELINE RD,362545.3424,5023781.876,-75.76303,45.3516,2017-05-12,9:21:00 AM,01 - Clear,01 - Dry,10 - No control,04 - At/near private drive,01 - Daylight,02 - Non-fatal injury,05 - Turning movement,Iris
14315,WOODROFFE AVE btwn FIRESTATION & BASELINE RD,362543.8133,5023785.611,-75.76305,45.35164,2017-11-23,11:41:00 AM,02 - Rain,02 - Wet,10 - No control,01 - Non intersection,01 - Daylight,03 - P.D. only,04 - Sideswipe,Iris
14316,WOODROFFE AVE btwn FIRESTATION & BASELINE RD,362530.8061,5023818.573,-75.76321,45.35194,2017-01-06,9:13:00 PM,01 - Clear,03 - Loose snow,10 - No control,01 - Non intersection,07 - Dark,03 - P.D. only,07 - SMV other,Iris
14317,WOODROFFE AVE btwn FIRESTATION & BASELINE RD,362544.6735,5023782.545,-75.76304,45.35161,2017-04-06,2:56:00 PM,02 - Rain,02 - Wet,10 - No control,01 - Non intersection,01 - Daylight,02 - Non-fatal injury,03 - Rear end,Iris
14318,WOODROFFE AVE btwn GEORGINA DR & HWY417 IC127 RAMP36,361926.0746,5025335.068,-75.77075,45.36563,2017-06-23,1:50:00 PM,01 - Clear,01 - Dry,10 - No control,01 - Non intersection,01 - Daylight,03 - P.D. only,03 - Rear end,Whitehaven - Queensway Terrace North
14319,WOODROFFE AVE btwn GEORGINA DR & HWY417 IC127 RAMP36,361940.7903,5025286.907,-75.77057,45.3652,2017-06-07,1:15:00 PM,01 - Clear,01 - Dry,10 - No control,01 - Non intersection,01 - Daylight,03 - P.D. only,03 - Rear end,Whitehaven - Queensway Terrace North
14320,WOODROFFE AVE btwn GEORGINA DR & HWY417 IC127 RAMP36,361969.6577,5025219.198,-75.77021,45.36458,2017-07-15,12:23:00 PM,01 - Clear,01 - Dry,10 - No control,01 - Non intersection,01 - Daylight,03 - P.D. only,04 - Sideswipe,Whitehaven - Queensway Terrace North
14321,WOODROFFE AVE btwn GEORGINA DR & HWY417 IC127 RAMP36,361966.2083,5025228.713,-75.77025,45.36467,2017-11-18,10:00:00 AM,01 - Clear,01 - Dry,10 - No control,01 - Non intersection,01 - Daylight,03 - P.D. only,03 - Rear end,Whitehaven - Queensway Terrace North
14322,WOODROFFE AVE btwn GEORGINA DR & HWY417 IC127 RAMP36,361984.2386,5025183.422,-75.77003,45.36426,2017-12-15,11:48:00 AM,04 - Freezing Rain,06 - Ice,10 - No control,01 - Non intersection,01 - Daylight,03 - P.D. only,03 - Rear end,Whitehaven - Queensway Terrace North
14323,WOODROFFE AVE btwn GEORGINA DR & HWY417 IC127 RAMP36,362019.5408,5025096.247,-75.76959,45.36347,2017-02-16,12:45:00 PM,01 - Clear,02 - Wet,10 - No control,01 - Non intersection,01 - Daylight,02 - Non-fatal injury,03 - Rear end,Whitehaven - Queensway Terrace North
14324,WOODROFFE AVE btwn GEORGINA DR & HWY417 IC127 RAMP36,361995.0666,5025159.412,-75.76989,45.36404,2017-04-12,5:12:00 PM,01 - Clear,01 - Dry,10 - No control,01 - Non intersection,01 - Daylight,03 - P.D. only,03 - Rear end,Whitehaven - Queensway Terrace North
14325,WOODROFFE AVE btwn GEORGINA DR & HWY417 IC127 RAMP36,362001.4429,5025141.845,-75.76982,45.36389,2017-12-20,9:51:00 PM,01 - Clear,01 - Dry,10 - No control,01 - Non intersection,07 - Dark,03 - P.D. only,04 - Sideswipe,Whitehaven - Queensway Terrace North
14326,WOODROFFE AVE btwn GRENFELL CRES & 260 N OF FALLOWFIELD RD/TRANSITWAY,364564.6942,5019194.312,-75.73782,45.31016,2017-02-15,9:20:00 PM,03 - Snow,03 - Loose snow,10 - No control,01 - Non intersection,07 - Dark,03 - P.D. only,07 - SMV other,Merivale Gardens - Grenfell Glen - Pineglen - Country Place
14327,WOODROFFE AVE btwn GRENFELL CRES & 260 N OF FALLOWFIELD RD/TRANSITWAY,364973.4509,5018187.321,-75.73273,45.30106,2017-03-02,9:41:00 PM,01 - Clear,01 - Dry,10 - No control,01 - Non intersection,07 - Dark,03 - P.D. only,03 - Rear end,Greenbelt
14328,WOODROFFE AVE btwn HWY417 IC127 RAMP26 & HWY417 IC127 RAMP63,362100.4127,5024893.364,-75.76858,45.36164,2017-06-07,11:12:00 PM,01 - Clear,01 - Dry,10 - No control,01 - Non intersection,07 - Dark,03 - P.D. only,07 - SMV other,Whitehaven - Queensway Terrace North
14329,WOODROFFE AVE btwn HWY417 IC127 RAMP36 & HWY417 IC127 RAMP62,362044.2254,5025039.183,-75.76928,45.36296,2017-05-29,1:30:00 PM,02 - Rain,02 - Wet,10 - No control,01 - Non intersection,01 - Daylight,03 - P.D. only,03 - Rear end,Whitehaven - Queensway Terrace North
14330,WOODROFFE AVE btwn HWY417 IC127 RAMP52 & HWY417 IC127 RAMP53,362186.0479,5024678.608,-75.76751,45.3597,2017-01-27,12:15:00 PM,01 - Clear,01 - Dry,10 - No control,04 - At/near private drive,01 - Daylight,03 - P.D. only,99 - Other,Iris
14331,WOODROFFE AVE btwn HWY417 IC127 RAMP53 & IRIS ST,362236.3475,5024556.136,-75.76688,45.3586,2017-04-27,9:40:00 AM,01 - Clear,01 - Dry,10 - No control,04 - At/near private drive,01 - Daylight,03 - P.D. only,03 - Rear end,Iris
14332,WOODROFFE AVE btwn HWY417 IC127 RAMP53 & IRIS ST,362237.5364,5024554.902,-75.76687,45.35859,2017-04-29,9:01:00 AM,01 - Clear,01 - Dry,10 - No control,01 - Non intersection,01 - Daylight,03 - P.D. only,07 - SMV other,Iris
14333,WOODROFFE AVE btwn HWY417 IC127 RAMP53 & IRIS ST,362220.8192,5024590.014,-75.76708,45.3589,2017-11-24,5:15:00 PM,01 - Clear,02 - Wet,10 - No control,01 - Non intersection,07 - Dark,03 - P.D. only,03 - Rear end,Iris
14334,WOODROFFE AVE btwn HWY417 IC127 RAMP53 & IRIS ST,362278.3443,5024452.222,-75.76636,45.35766,2017-03-12,5:12:00 PM,01 - Clear,01 - Dry,10 - No control,01 - Non intersection,01 - Daylight,03 - P.D. only,03 - Rear end,Iris
14335,WOODROFFE AVE btwn HWY417 IC127 RAMP62 & HWY417 IC127 RAMP26,362069.3058,5024971.298,-75.76897,45.36235,2017-12-10,3:55:00 PM,01 - Clear,01 - Dry,10 - No control,01 - Non intersection,01 - Daylight,03 - P.D. only,03 - Rear end,Whitehaven - Queensway Terrace North
14336,WOODROFFE AVE btwn HWY417 IC127 RAMP63 & HWY417 IC127 RAMP35,362114.2738,5024862.812,-75.76841,45.36137,2017-06-27,5:49:00 PM,01 - Clear,01 - Dry,10 - No control,01 - Non intersection,01 - Daylight,03 - P.D. only,03 - Rear end,Whitehaven - Queensway Terrace North
14337,WOODROFFE AVE btwn HWY417 IC127 RAMP63 & HWY417 IC127 RAMP35,362140.9118,5024793.955,-75.76808,45.36074,2017-09-07,7:35:00 AM,02 - Rain,02 - Wet,10 - No control,07 - Overpass or bridge,01 - Daylight,03 - P.D. only,03 - Rear end,Iris
14338,WOODROFFE AVE btwn HWY417 IC127 RAMP63 & HWY417 IC127 RAMP35,362132.9103,5024814.14,-75.76818,45.36093,2017-12-30,11:35:00 AM,03 - Snow,03 - Loose snow,10 - No control,07 - Overpass or bridge,01 - Daylight,03 - P.D. only,03 - Rear end,Iris
14339,WOODROFFE AVE btwn KNOXDALE RD/MEDHURST DR & MAJESTIC DR,363462.3129,5021722.662,-75.75157,45.333,2017-10-13,4:12:00 PM,01 - Clear,01 - Dry,10 - No control,01 - Non intersection,01 - Daylight,03 - P.D. only,03 - Rear end,Woodvale - Craig Henry - Manordale - Estates of Arlington Wo
14340,WOODROFFE AVE btwn KNOXDALE RD/MEDHURST DR & MAJESTIC DR,363477.8834,5021687.791,-75.75138,45.33269,2017-10-04,7:32:00 PM,01 - Clear,02 - Wet,10 - No control,01 - Non intersection,07 - Dark,03 - P.D. only,03 - Rear end,Woodvale - Craig Henry - Manordale - Estates of Arlington Wo
14341,WOODROFFE AVE btwn KNOXDALE RD/MEDHURST DR & NORICE ST,363268.0517,5022212.955,-75.75399,45.33743,2017-10-04,5:36:00 PM,02 - Rain,02 - Wet,10 - No control,01 - Non intersection,01 - Daylight,03 - P.D. only,03 - Rear end,Centrepointe
14342,WOODROFFE AVE btwn KNOXDALE RD/MEDHURST DR & NORICE ST,363381.2284,5021925.484,-75.75258,45.33483,2017-11-06,1:02:00 AM,02 - Rain,02 - Wet,10 - No control,01 - Non intersection,07 - Dark,03 - P.D. only,07 - SMV other,Woodvale - Craig Henry - Manordale - Estates of Arlington Wo
14343,WOODROFFE AVE btwn KNOXDALE RD/MEDHURST DR & NORICE ST,363249.1991,5022260.368,-75.75423,45.33786,2017-04-19,7:59:00 AM,01 - Clear,01 - Dry,10 - No control,01 - Non intersection,01 - Daylight,03 - P.D. only,03 - Rear end,Tanglewood
14344,WOODROFFE AVE btwn MAJESTIC DR & TO BE DETERMINED,363550.8887,5021516.344,-75.75047,45.33114,2017-12-13,9:00:00 AM,01 - Clear,01 - Dry,10 - No control,04 - At/near private drive,01 - Daylight,03 - P.D. only,05 - Turning movement,Woodvale - Craig Henry - Manordale - Estates of Arlington Wo
14345,WOODROFFE AVE btwn MEADOWLANDS DR/TALLWOOD DR & NORICE ST,363105.913,5022605.046,-75.75602,45.34097,2017-09-16,12:10:00 PM,01 - Clear,01 - Dry,10 - No control,01 - Non intersection,01 - Daylight,02 - Non-fatal injury,03 - Rear end,Crestview - Meadowlands
14346,WOODROFFE AVE btwn MEADOWLANDS DR/TALLWOOD DR & NORICE ST,363078.4287,5022677.651,-75.75636,45.34163,2017-02-16,8:48:00 AM,03 - Snow,05 - Packed snow,10 - No control,04 - At/near private drive,01 - Daylight,03 - P.D. only,05 - Turning movement,Crestview - Meadowlands
14347,WOODROFFE AVE btwn MIRAMICHI ST & TECUMSEH ST,362350.7507,5024277.036,-75.76546,45.35608,2017-05-27,10:57:00 PM,01 - Clear,01 - Dry,10 - No control,01 - Non intersection,07 - Dark,03 - P.D. only,03 - Rear end,Iris
14348,WOODROFFE AVE btwn NAVAHO DR & Continuation of WOODROFFE AVE,362768.8681,5023392.805,-75.76022,45.34809,2017-05-21,9:26:00 AM,01 - Clear,01 - Dry,10 - No control,01 - Non intersection,01 - Daylight,03 - P.D. only,03 - Rear end,Crestview - Meadowlands
14349,WOODROFFE AVE btwn NAVAHO DR & Continuation of WOODROFFE AVE,362715.7094,5023474.103,-75.76089,45.34882,2017-12-03,1:14:00 AM,01 - Clear,01 - Dry,10 - No control,01 - Non intersection,07 - Dark,03 - P.D. only,03 - Rear end,Crestview - Meadowlands
14350,WOODROFFE AVE btwn NAVAHO DR & Continuation of WOODROFFE AVE,362822.1527,5023273.48,-75.75956,45.34701,2017-12-08,9:30:00 AM,01 - Clear,01 - Dry,10 - No control,04 - At/near private drive,01 - Daylight,03 - P.D. only,05 - Turning movement,Crestview - Meadowlands
14351,WOODROFFE AVE btwn NAVAHO DR & Continuation of WOODROFFE AVE,362783.3656,5023359.35,-75.76004,45.34778,2017-03-28,8:58:00 PM,01 - Clear,01 - Dry,10 - No control,01 - Non intersection,07 - Dark,03 - P.D. only,06 - SMV unattended vehicle,Crestview - Meadowlands
14352,WOODROFFE AVE btwn OTTAWA RIVER PKWY & OTTAWA RIVER PKWY,361409.0924,5027047.187,-75.77716,45.38108,2017-11-28,8:00:00 PM,02 - Rain,03 - Loose snow,10 - No control,01 - Non intersection,07 - Dark,03 - P.D. only,07 - SMV other,Woodroffe - Lincoln Heights
14353,WOODROFFE AVE btwn PARKGLEN DR & DAVID DR,362976.3418,5022918.204,-75.75763,45.3438,2017-06-18,10:59:00 AM,01 - Clear,01 - Dry,10 - No control,01 - Non intersection,01 - Daylight,03 - P.D. only,03 - Rear end,Crestview - Meadowlands
14354,WOODROFFE AVE btwn PINELAND AVE & SLACK RD,364212.7939,5020028.485,-75.7422,45.31769,2017-03-08,6:53:00 AM,01 - Clear,06 - Ice,10 - No control,01 - Non intersection,03 - Dawn,02 - Non-fatal injury,07 - SMV other,Greenbelt
14355,WOODROFFE AVE btwn TECUMSEH ST & DOMALATCHY PL,362391.9892,5024167.604,-75.76494,45.35509,2017-04-21,2:13:00 PM,01 - Clear,01 - Dry,10 - No control,01 - Non intersection,01 - Daylight,03 - P.D. only,04 - Sideswipe,Iris
14356,WOODROFFE AVE btwn TURN LANE & TALLWOOD DR,363048.2397,5022750.162,-75.75674,45.34228,2017-01-10,9:44:00 PM,02 - Rain,03 - Loose snow,10 - No control,04 - At/near private drive,07 - Dark,03 - P.D. only,05 - Turning movement,Crestview - Meadowlands
14357,WOODROFFE AVE btwn WOODROFFE AVE & NAVAHO DR,362695.874,5023502.835,-75.76114,45.34908,2017-05-08,1:03:00 PM,01 - Clear,01 - Dry,10 - No control,01 - Non intersection,01 - Daylight,02 - Non-fatal injury,07 - SMV other,Crestview - Meadowlands
14358,WOODROFFE AVE btwn WOODROFFE AVE & NAVAHO DR,362583.867,5023677.049,-75.76255,45.35066,2017-01-30,7:15:00 PM,01 - Clear,01 - Dry,10 - No control,01 - Non intersection,07 - Dark,03 - P.D. only,04 - Sideswipe,Centrepointe
14359,WOODROFFE AVE NB btwn TO BE DETERMINED & WEST HUNT CLUB RD,363662.0182,5021293.06,-75.74908,45.32912,2017-09-18,10:18:00 AM,01 - Clear,01 - Dry,10 - No control,01 - Non intersection,01 - Daylight,03 - P.D. only,04 - Sideswipe,Tanglewood
14360,WOODROFFE AVE NB btwn WEST HUNT CLUB RD & SPORTSPLEX N,363710.4903,5021183.613,-75.74847,45.32813,2017-05-24,8:22:00 AM,01 - Clear,01 - Dry,10 - No control,01 - Non intersection,01 - Daylight,03 - P.D. only,03 - Rear end,Merivale Gardens - Grenfell Glen - Pineglen - Country Place
14361,WOODROFFE AVE NB btwn WEST HUNT CLUB RD & SPORTSPLEX N,363714.3579,5021174.298,-75.74842,45.32804,2017-02-12,4:56:00 PM,03 - Snow,03 - Loose snow,10 - No control,01 - Non intersection,01 - Daylight,03 - P.D. only,04 - Sideswipe,Merivale Gardens - Grenfell Glen - Pineglen - Country Place
14362,WOODROFFE AVE SB btwn SPORTSPLEX N & TRANSIT,363769.2025,5021022.16,-75.74774,45.32667,2017-08-24,8:10:00 AM,01 - Clear,01 - Dry,10 - No control,01 - Non intersection,01 - Daylight,02 - Non-fatal injury,07 - SMV other,Greenbelt
14363,WOODROFFE AVE SB btwn TO BE DETERMINED & WEST HUNT CLUB RD,363639.6277,5021315.784,-75.74936,45.32932,2017-12-28,6:15:00 PM,01 - Clear,01 - Dry,10 - No control,01 - Non intersection,07 - Dark,03 - P.D. only,03 - Rear end,Woodvale - Craig Henry - Manordale - Estates of Arlington Wo
14364,WOODROFFE AVE/HWY 417 WOODROFF IC127R25 @ HWY,362179.3424,5024694.033,-75.7676,45.35984,2017-05-01,9:00:00 PM,02 - Rain,02 - Wet,01 - Traffic signal,02 - Intersection related,05 - Dusk,03 - P.D. only,03 - Rear end,Iris
14365,WOODROFFE AVE/HWY 417 WOODROFF IC127R25 @ HWY,362180.0113,5024695.37,-75.76759,45.35985,2017-06-13,12:04:00 PM,01 - Clear,01 - Dry,01 - Traffic signal,02 - Intersection related,01 - Daylight,03 - P.D. only,03 - Rear end,Iris
14366,WOODROFFE AVE/HWY 417 WOODROFF IC127R25 @ HWY,362180.0463,5024694.512,-75.76759,45.35985,2017-07-17,6:30:00 PM,01 - Clear,01 - Dry,01 - Traffic signal,02 - Intersection related,01 - Daylight,03 - P.D. only,03 - Rear end,Iris
14367,WOODROFFE AVE/HWY 417 WOODROFF IC127R25 @ HWY,362179.4237,5024694.679,-75.7676,45.35985,2017-09-03,2:44:00 PM,02 - Rain,02 - Wet,01 - Traffic signal,02 - Intersection related,01 - Daylight,03 - P.D. only,07 - SMV other,Iris
14368,WOODROFFE AVE/HWY 417 WOODROFF IC127R25 @ HWY,362179.7283,5024694.074,-75.76759,45.35984,2017-10-28,11:30:00 PM,02 - Rain,02 - Wet,01 - Traffic signal,02 - Intersection related,07 - Dark,03 - P.D. only,03 - Rear end,Iris
14369,WOODROFFE AVE/HWY 417 WOODROFF IC127R25 @ HWY,362180.564,5024693.931,-75.76758,45.35984,2017-09-18,7:27:00 PM,01 - Clear,01 - Dry,01 - Traffic signal,02 - Intersection related,07 - Dark,03 - P.D. only,03 - Rear end,Iris
14370,WOODROFFE AVE/HWY 417 WOODROFF IC127R25 @ HWY,362180.1779,5024693.639,-75.76759,45.35984,2017-11-01,3:17:00 PM,02 - Rain,02 - Wet,01 - Traffic signal,03 - At intersection,01 - Daylight,03 - P.D. only,03 - Rear end,Iris
14371,WOODROFFE AVE/HWY 417 WOODROFF IC127R25 @ HWY,362180.3894,5024694.438,-75.76758,45.35985,2017-12-14,1:32:00 PM,03 - Snow,03 - Loose snow,01 - Traffic signal,02 - Intersection related,01 - Daylight,03 - P.D. only,03 - Rear end,Iris
14372,WOODROFFE AVE/HWY 417 WOODROFF IC127R25 @ HWY,362180.0113,5024695.37,-75.76759,45.35985,2017-11-25,12:42:00 PM,01 - Clear,02 - Wet,01 - Traffic signal,02 - Intersection related,01 - Daylight,03 - P.D. only,03 - Rear end,Iris
14373,WOODROFFE AVE/HWY 417 WOODROFF IC127R25 @ HWY,362180.2017,5024695.021,-75.76759,45.35985,2017-12-04,11:56:00 AM,01 - Clear,01 - Dry,01 - Traffic signal,02 - Intersection related,01 - Daylight,03 - P.D. only,03 - Rear end,Iris
14374,WOODROFFE AVE/HWY 417 WOODROFF IC127R25 @ HWY,362179.3424,5024694.702,-75.7676,45.35985,2017-03-14,4:28:00 PM,03 - Snow,05 - Packed snow,01 - Traffic signal,02 - Intersection related,01 - Daylight,03 - P.D. only,07 - SMV other,Iris
14375,WOODWARD DR btwn COURTWOOD CRES & COURTWOOD CRES,363421.2814,5025963.365,-75.75159,45.37116,2017-02-17,6:50:00 PM,01 - Clear,05 - Packed snow,10 - No control,01 - Non intersection,07 - Dark,03 - P.D. only,07 - SMV other,Carlington
14376,WOODWARD DR btwn COURTWOOD CRES & COURTWOOD CRES,363433.2873,5026011.069,-75.75144,45.37159,2017-03-24,9:35:00 AM,03 - Snow,03 - Loose snow,10 - No control,01 - Non intersection,01 - Daylight,02 - Non-fatal injury,01 - Approaching,Carlington
14377,WURTEMBURG ST btwn HENEY ST & BRIGADIER PRIV,369274.2596,5033062.448,-75.67595,45.43452,2017-02-17,12:00:00 AM,01 - Clear,05 - Packed snow,10 - No control,01 - Non intersection,00 - Unknown,03 - P.D. only,06 - SMV unattended vehicle,Lower Town
14378,WURTEMBURG ST btwn LAFRAMBOISE PL & CLARENCE ST E,369184.8236,5033209.367,-75.67707,45.43585,2017-11-29,5:29:00 PM,03 - Snow,06 - Ice,10 - No control,01 - Non intersection,07 - Dark,03 - P.D. only,06 - SMV unattended vehicle,Lower Town
14379,"YELLOWCRESS WAY btwn AUBEPINES, PROMENADE DES & THIMBLEBERRY ROW",384145.3283,5034731.791,-75.48564,45.44801,2017-09-28,12:00:00 AM,01 - Clear,01 - Dry,10 - No control,01 - Non intersection,00 - Unknown,03 - P.D. only,06 - SMV unattended vehicle,Avalon
14380,YORK ST btwn BY WARD MARKET SQ & WILLIAM ST,367962.3332,5032340.038,-75.69281,45.42814,2017-10-09,6:00:00 PM,01 - Clear,01 - Dry,10 - No control,01 - Non intersection,01 - Daylight,03 - P.D. only,06 - SMV unattended vehicle,Byward Market
14381,YORK ST btwn DALHOUSIE ST & TO BE DETERMINED,368106.7506,5032425.61,-75.69095,45.4289,2017-02-05,1:22:00 AM,01 - Clear,01 - Dry,10 - No control,01 - Non intersection,07 - Dark,03 - P.D. only,04 - Sideswipe,Byward Market
14382,YORK ST btwn WILLIAM ST & DALHOUSIE ST,368047.4332,5032389.512,-75.69172,45.42858,2017-04-01,12:00:00 AM,01 - Clear,01 - Dry,10 - No control,01 - Non intersection,00 - Unknown,03 - P.D. only,06 - SMV unattended vehicle,Byward Market
14383,YORK ST EB btwn BY WARD MARKET SQ & SUSSEX DR,367923.8747,5032312.104,-75.6933,45.42789,2017-09-01,2:00:00 PM,01 - Clear,01 - Dry,10 - No control,01 - Non intersection,01 - Daylight,03 - P.D. only,06 - SMV unattended vehicle,Byward Market
14384,YORK ST EB btwn BY WARD MARKET SQ & SUSSEX DR,367834.9493,5032255.053,-75.69445,45.42739,2017-01-24,12:00:00 AM,01 - Clear,02 - Wet,10 - No control,01 - Non intersection,00 - Unknown,03 - P.D. only,06 - SMV unattended vehicle,Byward Market
14385,YORK ST EB btwn TO BE DETERMINED & CUMBERLAND ST,368216.7985,5032493.067,-75.68954,45.4295,2017-03-15,10:29:00 AM,03 - Snow,03 - Loose snow,10 - No control,04 - At/near private drive,01 - Daylight,03 - P.D. only,06 - SMV unattended vehicle,Byward Market
14386,YORK ST WB btwn BYWARD MARKE SQ & SUSSEX DR,367827.3926,5032277.862,-75.69454,45.42759,2017-06-25,2:04:00 AM,01 - Clear,01 - Dry,10 - No control,01 - Non intersection,07 - Dark,02 - Non-fatal injury,07 - SMV other,Byward Market
14387,YORK ST WB btwn BYWARD MARKE SQ & SUSSEX DR,367808.3778,5032269.595,-75.69479,45.42752,2017-07-17,2:32:00 AM,01 - Clear,01 - Dry,10 - No control,01 - Non intersection,07 - Dark,03 - P.D. only,07 - SMV other,Byward Market
14388,YORK ST WB btwn BYWARD MARKE SQ & SUSSEX DR,367880.9622,5032312.252,-75.69385,45.4279,2017-11-17,2:33:00 AM,01 - Clear,01 - Dry,10 - No control,04 - At/near private drive,07 - Dark,02 - Non-fatal injury,07 - SMV other,Byward Market
14389,YORK ST WB btwn BYWARD MARKE SQ & SUSSEX DR,367882.1108,5032311.689,-75.69384,45.42789,2017-02-03,8:47:00 PM,01 - Clear,01 - Dry,10 - No control,01 - Non intersection,07 - Dark,03 - P.D. only,02 - Angle,Byward Market
14390,YORK ST WB btwn BYWARD MARKE SQ & SUSSEX DR,367837.845,5032287.406,-75.69441,45.42768,2017-03-25,1:11:00 PM,01 - Clear,02 - Wet,10 - No control,04 - At/near private drive,01 - Daylight,03 - P.D. only,05 - Turning movement,Byward Market
14391,YORK ST WB btwn TO BE DETERMINED & CUMBERLAND ST,368216.2104,5032515.58,-75.68954,45.4297,2017-07-25,8:40:00 AM,02 - Rain,02 - Wet,10 - No control,01 - Non intersection,01 - Daylight,03 - P.D. only,02 - Angle,Byward Market
14392,YORK ST WB btwn TO BE DETERMINED & CUMBERLAND ST,368225.8705,5032520.987,-75.68942,45.42975,2017-01-23,8:30:00 PM,01 - Clear,01 - Dry,10 - No control,01 - Non intersection,07 - Dark,03 - P.D. only,06 - SMV unattended vehicle,Byward Market
14393,YORKS CORNERS RD btwn PANA RD & VICTORIA ST,388632.6656,5013777.868,-75.43184,45.25896,2017-07-18,6:03:00 PM,01 - Clear,01 - Dry,10 - No control,01 - Non intersection,01 - Daylight,03 - P.D. only,07 - SMV other,Metcalfe
14394,YORKS CORNERS RD btwn PARKWAY RD & COOPER HILL RD,386869.1055,5018292.557,-75.45356,45.29979,2017-03-23,4:21:00 PM,01 - Clear,01 - Dry,10 - No control,01 - Non intersection,01 - Daylight,02 - Non-fatal injury,07 - SMV other,Metcalfe